row_index,adm_id,year,feature,feature_role,current_value,high_yield_reference,standardized_gap,model_importance,single_feature_yield_potential,stress_score
0,CN011,2022,median_cum_fpar6,crop_state_indicator,387.645,351.284,3.1045935792349595,0.026248574424483553,0.004690000000000083,0.0003821935198686998
0,CN011,2022,prec<0.037p6,water_proxy,5.0,10.0,2.599376224550182,0.006946398603693774,0.013346111111111725,0.00024098143112124895
0,CN011,2022,mean_rad4,radiation_hazard,21090152.366666667,19515624.716666665,1.3638917930613357,0.004179109607436093,0.031101111111111024,0.00017727177067237873
0,CN011,2022,mean_ssm3,water_proxy,3.832064516129032,3.3630967741935485,0.709516837481698,0.00922396371680262,0.02465055555555562,0.00016132697985222054
0,CN011,2022,prec<0.037p4,water_proxy,21.0,19.0,0.6114178405157431,0.025693230727512686,0.005390555555555565,8.468185248757833e-05
0,CN011,2022,mean_tmin2,temperature_hazard,-9.152884615384616,-5.8159629629629634,1.5435518602861336,0.00751611653558336,0.005146111111111296,5.970268864688464e-05
0,CN011,2022,mean_rad3,radiation_hazard,15870369.016129032,17037607.0,1.5097925925224334,0.004245184333362696,0.008351111111111642,5.3525176131993484e-05
0,CN011,2022,median_cum_fpar4,crop_state_indicator,128.039,121.056,0.8581786899348641,0.02480748359547733,0.0015850000000003917,3.3743467229495916e-05
0,CN011,2022,mean_tavg4,temperature_hazard,12.808833333333332,12.038566666666666,0.9156892754769197,0.004550618555119359,0.007078333333333298,2.949507954156724e-05
0,CN011,2022,median_cum_ndvi7,crop_state_indicator,8.2285,7.8605,3.3004484304932653,0.010573265090748483,0.0007344444444452591,2.5629552434451755e-05
0,CN011,2022,mean_cum_cwb7,water_proxy,-326.2236923076923,-426.7584166666666,2.5579900716755093,0.0023356369493571423,0.003937222222222481,2.3523076408640592e-05
0,CN011,2022,mean_ssm2,water_proxy,3.93,3.559740740740741,0.4781810421587893,0.008875581083351567,0.0019850000000003476,8.424607205222225e-06
0,CN011,2022,median_cum_fpar3,crop_state_indicator,60.702,58.686,0.5256844850065183,0.012008354361110548,0.001322777777778228,8.350174378584507e-06
0,CN011,2022,tmax>31.246p5,temperature_hazard,4.0,2.0,1.0,0.001469336899941713,0.003985000000000127,5.855307546267914e-06
0,CN011,2022,mean_tmax4,temperature_hazard,19.701833333333333,19.067066666666665,0.6146680252607684,0.002243219107874039,0.0028300000000003322,3.902103217718025e-06
0,CN011,2022,mean_cum_cwb3,water_proxy,-58.70396774193548,-69.96754838709678,0.4226213170370969,0.0019189010993987078,0.004679444444444236,3.7948820882324742e-06
0,CN011,2022,mean_cum_cwb2,water_proxy,-14.736,-19.33976923076923,0.8668805538858187,0.0041840980289357555,0.0007555555555560645,2.740485541611563e-06
0,CN011,2022,mean_cum_cwb4,water_proxy,-135.19503333333333,-148.667,0.731379773361467,0.0028329431011265608,0.0011411111111110372,2.3643334776615892e-06
0,CN011,2022,tmax>31.246p7,temperature_hazard,4.0,3.0,0.3333333333333333,0.0020777574082735907,0.0021911111111112547,1.5175324478206626e-06
0,CN011,2022,mean_rad5,radiation_hazard,23361762.16129032,22727809.870967746,0.26844135867393126,0.003184281803113454,0.0009233333333336091,7.892588087171724e-07
0,CN011,2022,mean_prec3,water_proxy,0.8765161290322581,0.6126451612903226,0.7062683474356758,0.0017709681352000184,3.2777777778214556e-05,4.0997747530728805e-08
0,CN011,2022,awc,fixed_context,14.819,14.819,0.0,0.05426224280791961,0.0,0.0
0,CN011,2022,bulk_density,fixed_context,1.511,1.511,0.0,0.10370424155286671,0.0,0.0
0,CN011,2022,max_cum_gdd1,temperature_hazard,0.0,0.0,0.0,0.003954838977228606,0.0,0.0
0,CN011,2022,max_cum_gdd2,temperature_hazard,0.0,0.0,0.0,0.006608761679829262,0.0,0.0
0,CN011,2022,max_cum_gdd3,temperature_hazard,32.133,57.318,0.8543080054274086,0.020214929351852203,-0.04661500000000007,0.0
0,CN011,2022,max_cum_gdd4,temperature_hazard,266.398,285.414,0.5190664664937892,0.01760477193860538,-0.005419444444443755,0.0
0,CN011,2022,max_cum_gdd5,temperature_hazard,679.199,700.128,0.2691175146909448,0.00841312819342394,-0.005098888888888098,0.0
0,CN011,2022,max_cum_gdd6,temperature_hazard,1210.757,1264.682,0.791002302964516,0.006982955454215601,-0.0017383333333329531,0.0
0,CN011,2022,max_cum_gdd7,temperature_hazard,1464.276,1506.696,0.3290157449778936,0.0066041715446388755,-0.00443944444444444,0.0
0,CN011,2022,max_cum_prec1,water_proxy,0.0,0.0,0.0,0.0006800477602364822,0.0,0.0
0,CN011,2022,max_cum_prec2,water_proxy,5.802,5.982,0.020338983050847522,0.0017777348797750419,0.0,0.0
0,CN011,2022,max_cum_prec3,water_proxy,32.974,24.954,0.34947056516623803,0.0019965079234693034,-0.0009183333333329102,0.0
0,CN011,2022,max_cum_prec4,water_proxy,41.967,50.242,0.6700169308257207,0.0025774834576984635,0.0,0.0
0,CN011,2022,max_cum_prec5,water_proxy,55.565,81.326,1.18725228131625,0.001952212049775364,0.0,0.0
0,CN011,2022,max_cum_prec6,water_proxy,167.529,120.322,2.903259532595327,0.002025633146550257,0.0,0.0
0,CN011,2022,max_cum_prec7,water_proxy,265.987,202.44,0.9200809999487727,0.004792508298079563,-0.004344999999999821,0.0
0,CN011,2022,mean_cum_cwb1,water_proxy,0.0,0.0,0.0,0.0005611748506648037,0.0,0.0
0,CN011,2022,mean_cum_cwb5,water_proxy,-257.67629032258066,-259.32893548387096,0.0665306904904856,0.004330731671544896,0.0,0.0
0,CN011,2022,mean_cum_cwb6,water_proxy,-363.4060666666667,-383.2162666666666,0.9451649104957223,0.0032918749855547023,-0.003264444444443626,0.0
0,CN011,2022,mean_prec1,water_proxy,0.0,0.0,0.0,0.0006356149152419931,0.0,0.0
0,CN011,2022,mean_prec2,water_proxy,0.2231538461538461,0.2300769230769231,0.020338983050847692,0.0024772599894613777,0.0,0.0
0,CN011,2022,mean_prec4,water_proxy,0.2997666666666667,0.6365999999999999,0.28562948725196435,0.00237466337051435,0.0,0.0
0,CN011,2022,mean_prec5,water_proxy,0.4386451612903226,0.9009032258064515,1.9330139715866541,0.0016144216931508212,0.0,0.0
0,CN011,2022,mean_prec6,water_proxy,3.732133333333333,1.4055,2.9086626124701773,0.003021116335746942,-0.018670555555554635,0.0
0,CN011,2022,mean_prec7,water_proxy,7.5736923076923075,6.363538461538462,0.22299265882839003,0.0033973417928038954,-0.0045488888888884915,0.0
0,CN011,2022,mean_rad1,radiation_hazard,0.0,0.0,0.0,0.0043086705824463035,0.0,0.0
0,CN011,2022,mean_rad2,radiation_hazard,12905914.23076923,12650267.48076923,0.42727033833920086,0.0051929182370553835,0.0,0.0
0,CN011,2022,mean_rad6,radiation_hazard,19454509.716666665,22418193.2,5.239147857251509,0.002816618668235694,-0.004787222222221388,0.0
0,CN011,2022,mean_rad7,radiation_hazard,18585141.230769232,18764295.96153846,0.04479699188819184,0.004447365874306189,0.0,0.0
0,CN011,2022,mean_tavg1,temperature_hazard,0.0,0.0,0.0,0.0014727122435304616,0.0,0.0
0,CN011,2022,mean_tavg2,temperature_hazard,-3.913884615384615,-1.0023333333333333,1.1524050196126192,0.007205119237766788,-0.027266666666665884,0.0
0,CN011,2022,mean_tavg3,temperature_hazard,4.380387096774194,5.603322580645162,3.384004284566633,0.006757762909017114,0.0,0.0
0,CN011,2022,mean_tavg5,temperature_hazard,18.316161290322583,19.31258064516129,0.919706365095064,0.0025966691443671313,-0.004016111111111442,0.0
0,CN011,2022,mean_tavg6,temperature_hazard,22.7186,23.818466666666662,1.3351137007364178,0.004244286154210407,-0.011141111111110824,0.0
0,CN011,2022,mean_tavg7,temperature_hazard,24.501461538461538,23.61646153846154,0.6502350455093261,0.004673401498541836,-0.0055177777777775106,0.0
0,CN011,2022,mean_tmax1,temperature_hazard,0.0,0.0,0.0,0.002413764687523313,0.0,0.0
0,CN011,2022,mean_tmax2,temperature_hazard,2.7275,5.074296296296296,0.860541621940677,0.007233356156290362,-0.005976666666666297,0.0
0,CN011,2022,mean_tmax3,temperature_hazard,10.69841935483871,12.46832258064516,2.181243539794863,0.007683654374873957,-0.0020166666666661115,0.0
0,CN011,2022,mean_tmax5,temperature_hazard,25.503612903225804,25.766838709677423,0.1480916861762981,0.002883646908735911,0.0,0.0
0,CN011,2022,mean_tmax6,temperature_hazard,28.0513,29.644133333333336,2.0922535700885754,0.00305739409224299,-0.011677222222221673,0.0
0,CN011,2022,mean_tmax7,temperature_hazard,29.098230769230767,28.292384615384613,0.5119109026720914,0.00363966370215959,-0.002589444444444311,0.0
0,CN011,2022,mean_tmin1,temperature_hazard,0.0,0.0,0.0,0.0016369422569999911,0.0,0.0
0,CN011,2022,mean_tmin3,temperature_hazard,-1.2588064516129034,-0.7309354838709677,0.8132718047049161,0.014290333581365368,-0.010853333333333381,0.0
0,CN011,2022,mean_tmin4,temperature_hazard,5.660966666666667,5.7612,0.15504107967019126,0.0059823909338138,0.0,0.0
0,CN011,2022,mean_tmin5,temperature_hazard,10.477290322580645,12.470032258064515,1.5612758106502913,0.014616805133365274,-0.006838888888888839,0.0
0,CN011,2022,mean_tmin6,temperature_hazard,17.442166666666665,17.907533333333333,0.44485868145174157,0.010011071101378015,-0.001963333333333317,0.0
0,CN011,2022,mean_tmin7,temperature_hazard,20.11692307692308,19.229230769230767,0.5644802974038347,0.008980821930604123,-0.06547166666666726,0.0
0,CN011,2022,tmin<-4.027p1,temperature_hazard,0.0,0.0,0.0,0.00046533849524221766,0.0,0.0
0,CN011,2022,tmin<-4.027p2,temperature_hazard,23.0,20.0,0.75,0.012962096209179923,-0.011412222222221935,0.0
0,CN011,2022,tmin<-4.027p3,temperature_hazard,4.0,3.0,0.4343722427630693,0.004439368893737348,-0.006166111111110872,0.0
0,CN011,2022,tmin<-4.027p4,temperature_hazard,0.0,0.0,0.0,0.0019039565997986104,0.0,0.0
0,CN011,2022,tmin<-4.027p5,temperature_hazard,0.0,0.0,0.0,0.0,0.0,0.0
0,CN011,2022,tmin<-4.027p6,temperature_hazard,0.0,0.0,0.0,0.0,0.0,0.0
0,CN011,2022,tmin<-4.027p7,temperature_hazard,0.0,0.0,0.0,0.0,0.0,0.0
0,CN011,2022,tmax>31.246p1,temperature_hazard,0.0,0.0,0.0,0.0,0.0,0.0
0,CN011,2022,tmax>31.246p2,temperature_hazard,0.0,0.0,0.0,0.00017665281034320485,0.0,0.0
0,CN011,2022,tmax>31.246p3,temperature_hazard,0.0,0.0,0.0,6.908349009589775e-05,0.0,0.0
0,CN011,2022,tmax>31.246p4,temperature_hazard,0.0,0.0,0.0,0.0006293053260611733,0.0,0.0
0,CN011,2022,tmax>31.246p6,temperature_hazard,7.0,8.0,0.2,0.002320918318590675,0.0,0.0
0,CN011,2022,prec<0.037p1,water_proxy,0.0,0.0,0.0,0.0009295822938097154,0.0,0.0
0,CN011,2022,prec<0.037p2,water_proxy,21.0,21.0,0.0,0.003741738289900092,0.0,0.0
0,CN011,2022,prec<0.037p3,water_proxy,19.0,19.0,0.0,0.006804497505905538,0.0,0.0
0,CN011,2022,prec<0.037p5,water_proxy,14.0,16.0,0.16666666666666666,0.009291164190086876,0.0,0.0
0,CN011,2022,prec<0.037p7,water_proxy,2.0,0.0,0.6666666666666666,0.002173414183177829,-0.010566111111110388,0.0
0,CN011,2022,median_cum_fpar1,crop_state_indicator,0.0,0.0,0.0,0.004754642766068187,0.0,0.0
0,CN011,2022,median_cum_fpar2,crop_state_indicator,22.285,21.6915,0.41973125884016843,0.014614232222732332,-0.004504444444443756,0.0
0,CN011,2022,median_cum_fpar5,crop_state_indicator,241.033,221.87,1.3355868413716172,0.02292879073773341,-0.0064549999999998775,0.0
0,CN011,2022,median_cum_fpar7,crop_state_indicator,534.5755,487.1975,3.16000800373508,0.010151391945036756,-0.00987611111111164,0.0
0,CN011,2022,median_cum_ndvi1,crop_state_indicator,0.0,0.0,0.0,0.0018926787430466052,0.0,0.0
0,CN011,2022,median_cum_ndvi2,crop_state_indicator,0.473,0.4669999999999999,0.18802403936560472,0.04771331548726668,0.0,0.0
0,CN011,2022,median_cum_ndvi3,crop_state_indicator,1.2825,1.2915,0.1722468321942472,0.07775865845935805,-0.009446111111111044,0.0
0,CN011,2022,median_cum_ndvi4,crop_state_indicator,2.297,2.313,0.08768176387671307,0.042772588758079676,0.0,0.0
0,CN011,2022,median_cum_ndvi5,crop_state_indicator,4.038,3.864500000000001,0.872464543097167,0.04374314802002847,0.0,0.0
0,CN011,2022,median_cum_ndvi6,crop_state_indicator,6.28,5.987,3.1657551192570597,0.0960538811272201,-0.0059355555555544726,0.0
0,CN011,2022,mean_ssm1,water_proxy,0.0,0.0,0.0,0.0034913535319388996,0.0,0.0
0,CN011,2022,mean_ssm4,water_proxy,3.205366666666667,2.6996,0.8865757261462385,0.0067618109092575564,0.0,0.0
0,CN011,2022,mean_ssm5,water_proxy,2.986870967741936,3.0155806451612905,0.05276888414561769,0.005201215977148358,0.0,0.0
0,CN011,2022,mean_ssm6,water_proxy,3.917566666666666,3.1639,2.890565072871385,0.010547055728646093,-0.014357777777777692,0.0
0,CN011,2022,mean_ssm7,water_proxy,4.745692307692308,4.07425,1.0847210140425003,0.006821357782928302,-0.010203888888889345,0.0
1,CN012,2022,mean_tmin5,temperature_hazard,13.319225806451614,14.675129032258065,2.0813567714780787,0.014616805133365274,0.021913333333333895,0.0006666646580345871
1,CN012,2022,mean_ssm7,water_proxy,5.524769230769231,4.232833333333333,2.544461054363411,0.006821357782928302,0.013637777777777416,0.00023670653411533775
1,CN012,2022,mean_ssm3,water_proxy,4.198870967741935,3.5712903225806456,1.178376990376485,0.00922396371680262,0.014595000000000802,0.00015863752988462638
1,CN012,2022,mean_ssm6,water_proxy,4.1683666666666666,3.6406666666666663,1.2104147433286063,0.010547055728646093,0.011530555555554933,0.00014720266690359924
1,CN012,2022,tmin<-4.027p2,temperature_hazard,21.0,15.0,1.0,0.012962096209179923,0.006542222222223337,8.480091386629377e-05
1,CN012,2022,mean_rad6,radiation_hazard,20773946.266666666,22530030.066666663,3.630628733306679,0.002816618668235694,0.007092777777778281,7.253143119782332e-05
1,CN012,2022,mean_prec6,water_proxy,3.4498,1.7666333333333335,1.3557888518956072,0.003021116335746942,0.016207222222222484,6.638471493446232e-05
1,CN012,2022,median_cum_fpar2,crop_state_indicator,17.061,19.051,0.6447432366758464,0.014614232222732332,0.006626111111111221,6.243405078817386e-05
1,CN012,2022,mean_tmax3,temperature_hazard,12.687161290322582,14.026903225806452,1.8524531668153434,0.007683654374873957,0.002543333333333564,3.620081446007068e-05
1,CN012,2022,mean_tavg4,temperature_hazard,15.5163,14.261566666666663,1.3473925662141875,0.004550618555119359,0.004224444444444586,2.5902052742260355e-05
1,CN012,2022,mean_tmax6,temperature_hazard,30.28943333333333,31.33103333333333,1.8683408071748946,0.00305739409224299,0.004174444444444703,2.38454875856647e-05
1,CN012,2022,mean_rad4,radiation_hazard,21114486.933333334,19443103.433333334,1.250910646154256,0.004179109607436093,0.004310000000000258,2.2531355534360793e-05
1,CN012,2022,mean_tmax4,temperature_hazard,22.07183333333333,20.8609,1.0449749667386234,0.002243219107874039,0.008178888888889624,1.917219734314527e-05
1,CN012,2022,mean_ssm2,water_proxy,4.314,3.94232,0.38745725961137517,0.008875581083351567,0.0047600000000000975,1.636920362230678e-05
1,CN012,2022,mean_rad3,radiation_hazard,15874172.79032258,16708689.129032258,0.8415748030420259,0.004245184333362696,0.004574999999999996,1.6344828774212616e-05
1,CN012,2022,mean_tavg6,temperature_hazard,24.80956666666667,25.3818,0.8429658728210109,0.004244286154210407,0.004291666666667027,1.5354675141504168e-05
1,CN012,2022,tmax>31.246p6,temperature_hazard,11.0,16.0,1.8505830254940132,0.002320918318590675,0.0023338888888897458,1.0024174242559448e-05
1,CN012,2022,mean_tmin2,temperature_hazard,-6.27696,-3.7132,1.3298062160255608,0.00751611653558336,0.0004983333333337114,4.980830947217089e-06
1,CN012,2022,tmax>31.246p5,temperature_hazard,11.0,5.0,2.6832815729997477,0.001469336899941713,0.0011655555555556418,4.595371349912716e-06
1,CN012,2022,prec<0.037p6,water_proxy,12.0,13.0,0.4343722427630694,0.006946398603693774,0.0014938888888895718,4.507544916395172e-06
1,CN012,2022,max_cum_prec6,water_proxy,159.006,126.467,0.915044994375703,0.002025633146550257,0.0020711111111113567,3.838898620336543e-06
1,CN012,2022,mean_cum_cwb6,water_proxy,-433.42876666666666,-453.9091333333333,0.3512049876617439,0.0032918749855547023,0.0026533333333338405,3.0675794643134235e-06
1,CN012,2022,mean_cum_cwb7,water_proxy,-392.8017692307692,-484.8114166666667,1.2217192124482457,0.0023356369493571423,0.0009738888888888297,2.7789846737147503e-06
1,CN012,2022,max_cum_gdd7,temperature_hazard,1736.229,1782.147,0.4826259696033284,0.0066041715446388755,0.0005000000000006111,1.593672347580972e-06
1,CN012,2022,max_cum_gdd6,temperature_hazard,1461.349,1510.543,0.6407554542494289,0.006982955454215601,0.00032833333333393,1.4690837640554705e-06
1,CN012,2022,mean_cum_cwb4,water_proxy,-170.94696666666667,-163.51186666666666,0.31489850112870676,0.0028329431011265608,0.0009149999999999991,8.162619257398121e-07
1,CN012,2022,awc,fixed_context,14.794,14.794,0.0,0.05426224280791961,0.0,0.0
1,CN012,2022,bulk_density,fixed_context,1.439,1.439,0.0,0.10370424155286671,0.0,0.0
1,CN012,2022,max_cum_gdd1,temperature_hazard,0.0,0.0,0.0,0.003954838977228606,0.0,0.0
1,CN012,2022,max_cum_gdd2,temperature_hazard,2.35,0.1769999999999996,0.44531032250993746,0.006608761679829262,0.0,0.0
1,CN012,2022,max_cum_gdd3,temperature_hazard,71.34700000000001,107.243,2.074711612047312,0.020214929351852203,-0.006091111111111047,0.0
1,CN012,2022,max_cum_gdd4,temperature_hazard,386.836,405.871,0.7940513932921736,0.01760477193860538,-0.0008999999999996788,0.0
1,CN012,2022,max_cum_gdd5,temperature_hazard,867.062,899.089,0.7120117382894993,0.00841312819342394,0.0,0.0
1,CN012,2022,max_cum_prec1,water_proxy,0.0,0.0,0.0,0.0006800477602364822,0.0,0.0
1,CN012,2022,max_cum_prec2,water_proxy,4.549,5.157,0.05523255813953486,0.0017777348797750419,0.0,0.0
1,CN012,2022,max_cum_prec3,water_proxy,22.012,17.161,0.2110415035238841,0.0019965079234693034,0.0,0.0
1,CN012,2022,max_cum_prec4,water_proxy,29.973,46.458,0.9164952465669646,0.0025774834576984635,-0.0006572222222214208,0.0
1,CN012,2022,max_cum_prec5,water_proxy,55.512,70.291,0.32549995595101744,0.001952212049775364,0.0,0.0
1,CN012,2022,max_cum_prec7,water_proxy,300.159,191.059,1.4450498552944664,0.004792508298079563,-0.0029338888888883474,0.0
1,CN012,2022,mean_cum_cwb1,water_proxy,0.0,0.0,0.0,0.0005611748506648037,0.0,0.0
1,CN012,2022,mean_cum_cwb2,water_proxy,-16.81548,-20.5802,0.5903158416693611,0.0041840980289357555,-0.002249999999999197,0.0
1,CN012,2022,mean_cum_cwb3,water_proxy,-70.37377419354839,-78.54416129032259,0.3659837759262959,0.0019189010993987078,-0.0009011111111112413,0.0
1,CN012,2022,mean_cum_cwb5,water_proxy,-303.0245161290323,-307.2870967741935,0.09029533558376811,0.004330731671544896,0.0,0.0
1,CN012,2022,mean_prec1,water_proxy,0.0,0.0,0.0,0.0006356149152419931,0.0,0.0
1,CN012,2022,mean_prec2,water_proxy,0.1819599999999999,0.20628,0.055232558139535086,0.0024772599894613777,0.0,0.0
1,CN012,2022,mean_prec3,water_proxy,0.5633225806451613,0.3872258064516128,0.48649852954282174,0.0017709681352000184,-0.0021733333333324723,0.0
1,CN012,2022,mean_prec4,water_proxy,0.2653666666666667,0.7974333333333334,0.7577138517041677,0.00237466337051435,-0.000417777777776962,0.0
1,CN012,2022,mean_prec5,water_proxy,0.8238387096774195,0.830741935483871,0.011608445392099424,0.0016144216931508212,0.0,0.0
1,CN012,2022,mean_prec7,water_proxy,10.857923076923075,5.277923076923077,1.0115724647135724,0.0033973417928038954,-0.009591666666666221,0.0
1,CN012,2022,mean_rad1,radiation_hazard,0.0,0.0,0.0,0.0043086705824463035,0.0,0.0
1,CN012,2022,mean_rad2,radiation_hazard,12786856.98,12474477.93,0.42559622993450663,0.0051929182370553835,0.0,0.0
1,CN012,2022,mean_rad5,radiation_hazard,22987219.451612905,23159938.096774194,0.07063289160628304,0.003184281803113454,0.0,0.0
1,CN012,2022,mean_rad7,radiation_hazard,17342793.423076924,19271093.307692308,0.6353459463878051,0.004447365874306189,-0.00027333333333334764,0.0
1,CN012,2022,mean_tavg1,temperature_hazard,0.0,0.0,0.0,0.0014727122435304616,0.0,0.0
1,CN012,2022,mean_tavg2,temperature_hazard,-1.47544,0.9563076923076924,0.9927283644032776,0.007205119237766788,-0.00043055555555504554,0.0
1,CN012,2022,mean_tavg3,temperature_hazard,6.48016129032258,7.976870967741935,1.5471157052350784,0.006757762909017114,-0.004035000000000011,0.0
1,CN012,2022,mean_tavg5,temperature_hazard,20.49116129032258,21.405,0.4734361682570992,0.0025966691443671313,-0.001894999999999314,0.0
1,CN012,2022,mean_tavg7,temperature_hazard,26.144615384615385,25.892615384615382,0.17840754193241137,0.004673401498541836,0.0,0.0
1,CN012,2022,mean_tmax1,temperature_hazard,0.0,0.0,0.0,0.002413764687523313,0.0,0.0
1,CN012,2022,mean_tmax2,temperature_hazard,4.7069600000000005,6.79576923076923,0.8076375818805214,0.007233356156290362,0.0,0.0
1,CN012,2022,mean_tmax5,temperature_hazard,27.449548387096776,27.534709677419357,0.03656003323639406,0.002883646908735911,0.0,0.0
1,CN012,2022,mean_tmax7,temperature_hazard,30.38423076923077,30.582692307692305,0.12909180056484582,0.00363966370215959,0.0,0.0
1,CN012,2022,mean_tmin1,temperature_hazard,0.0,0.0,0.0,0.0016369422569999911,0.0,0.0
1,CN012,2022,mean_tmin3,temperature_hazard,0.8216129032258064,1.5608387096774192,1.0753172087202707,0.014290333581365368,-0.0016744444444443118,0.0
1,CN012,2022,mean_tmin4,temperature_hazard,8.812133333333334,8.338433333333333,0.5494934653159076,0.0059823909338138,-0.0002383333333328963,0.0
1,CN012,2022,mean_tmin6,temperature_hazard,19.7172,19.84273333333333,0.16497284037147267,0.010011071101378015,0.0,0.0
1,CN012,2022,mean_tmin7,temperature_hazard,22.226923076923075,21.50530769230769,0.4915979597540532,0.008980821930604123,-0.004467222222221956,0.0
1,CN012,2022,tmin<-4.027p1,temperature_hazard,0.0,0.0,0.0,0.00046533849524221766,0.0,0.0
1,CN012,2022,tmin<-4.027p3,temperature_hazard,1.0,1.0,0.0,0.004439368893737348,0.0,0.0
1,CN012,2022,tmin<-4.027p4,temperature_hazard,0.0,0.0,0.0,0.0019039565997986104,0.0,0.0
1,CN012,2022,tmin<-4.027p5,temperature_hazard,0.0,0.0,0.0,0.0,0.0,0.0
1,CN012,2022,tmin<-4.027p6,temperature_hazard,0.0,0.0,0.0,0.0,0.0,0.0
1,CN012,2022,tmin<-4.027p7,temperature_hazard,0.0,0.0,0.0,0.0,0.0,0.0
1,CN012,2022,tmax>31.246p1,temperature_hazard,0.0,0.0,0.0,0.0,0.0,0.0
1,CN012,2022,tmax>31.246p2,temperature_hazard,0.0,0.0,0.0,0.00017665281034320485,0.0,0.0
1,CN012,2022,tmax>31.246p3,temperature_hazard,0.0,0.0,0.0,6.908349009589775e-05,0.0,0.0
1,CN012,2022,tmax>31.246p4,temperature_hazard,0.0,0.0,0.0,0.0006293053260611733,0.0,0.0
1,CN012,2022,tmax>31.246p7,temperature_hazard,6.0,6.0,0.0,0.0020777574082735907,0.0,0.0
1,CN012,2022,prec<0.037p1,water_proxy,0.0,0.0,0.0,0.0009295822938097154,0.0,0.0
1,CN012,2022,prec<0.037p2,water_proxy,20.0,20.0,0.0,0.003741738289900092,0.0,0.0
1,CN012,2022,prec<0.037p3,water_proxy,17.0,21.0,2.0,0.006804497505905538,0.0,0.0
1,CN012,2022,prec<0.037p4,water_proxy,22.0,19.0,0.75,0.025693230727512686,0.0,0.0
1,CN012,2022,prec<0.037p5,water_proxy,18.0,18.0,0.0,0.009291164190086876,0.0,0.0
1,CN012,2022,prec<0.037p7,water_proxy,4.0,2.0,0.6666666666666666,0.002173414183177829,0.0,0.0
1,CN012,2022,median_cum_fpar1,crop_state_indicator,0.0,0.0,0.0,0.004754642766068187,0.0,0.0
1,CN012,2022,median_cum_fpar3,crop_state_indicator,51.838,55.497,0.34659467651795023,0.012008354361110548,0.0,0.0
1,CN012,2022,median_cum_fpar4,crop_state_indicator,138.46800000000002,141.043,0.09654319136172725,0.02480748359547733,0.0,0.0
1,CN012,2022,median_cum_fpar5,crop_state_indicator,287.757,279.801,0.24899070509811358,0.02292879073773341,-0.007468333333332744,0.0
1,CN012,2022,median_cum_fpar6,crop_state_indicator,445.882,407.174,1.0663067133136839,0.026248574424483553,-0.052932222222219494,0.0
1,CN012,2022,median_cum_fpar7,crop_state_indicator,578.658,521.4215,1.3410770979041466,0.010151391945036756,-0.027534999999998533,0.0
1,CN012,2022,median_cum_ndvi1,crop_state_indicator,0.0,0.0,0.0,0.0018926787430466052,0.0,0.0
1,CN012,2022,median_cum_ndvi2,crop_state_indicator,0.386,0.387,0.033333333333333395,0.04771331548726668,0.0,0.0
1,CN012,2022,median_cum_ndvi3,crop_state_indicator,1.0545,1.085,0.22101449275362242,0.07775865845935805,0.0,0.0
1,CN012,2022,median_cum_ndvi4,crop_state_indicator,2.124,2.207,0.2044334975369451,0.042772588758079676,-0.003666666666666707,0.0
1,CN012,2022,median_cum_ndvi5,crop_state_indicator,3.979,3.8875,0.24596774193548343,0.04374314802002847,0.0,0.0
1,CN012,2022,median_cum_ndvi6,crop_state_indicator,6.0035,5.515,0.9908722109533465,0.0960538811272201,-0.019928888888888885,0.0
1,CN012,2022,median_cum_ndvi7,crop_state_indicator,7.696,6.908,1.1470160116448311,0.010573265090748483,-0.027803333333332958,0.0
1,CN012,2022,mean_ssm1,water_proxy,0.0,0.0,0.0,0.0034913535319388996,0.0,0.0
1,CN012,2022,mean_ssm4,water_proxy,3.3772,3.0092,0.5683982906862999,0.0067618109092575564,0.0,0.0
1,CN012,2022,mean_ssm5,water_proxy,3.3766451612903228,3.219193548387097,0.15843287457803182,0.005201215977148358,0.0,0.0
2,CN013,2022,prec<0.037p4,water_proxy,12.0,15.0,0.42857142857142855,0.025693230727512686,0.043302222222222575,0.0004768174228155393
2,CN013,2022,prec<0.037p5,water_proxy,8.0,14.0,0.6,0.009291164190086876,0.053771111111113434,0.0002997577332100558
2,CN013,2022,mean_tavg3,temperature_hazard,6.035677419354839,7.064903225806452,1.8829077271071464,0.006757762909017114,0.007867222222222026,0.0001001044551526332
2,CN013,2022,mean_prec6,water_proxy,3.6742666666666666,1.5789333333333333,3.940859002722968,0.003021116335746942,0.008196111111112181,9.758120647393273e-05
2,CN013,2022,prec<0.037p3,water_proxy,14.0,17.0,2.0225995873897262,0.006804497505905538,0.006928888888888984,9.536073079458328e-05
2,CN013,2022,mean_ssm3,water_proxy,3.925548387096774,3.454903225806452,0.8263011836665329,0.00922396371680262,0.010231111111111524,7.79791976001998e-05
2,CN013,2022,mean_tmin4,temperature_hazard,7.067233333333333,6.621733333333333,0.40715917745620733,0.0059823909338138,0.020996666666667885,5.114337352392527e-05
2,CN013,2022,median_cum_ndvi2,crop_state_indicator,0.458,0.447,0.15492957746478886,0.04771331548726668,0.005950555555555681,4.398771943681823e-05
2,CN013,2022,mean_tavg4,temperature_hazard,13.849133333333333,12.385166666666668,1.1912821764721857,0.004550618555119359,0.00616111111111195,3.339981939606437e-05
2,CN013,2022,mean_rad4,radiation_hazard,21173283.366666667,19314797.73333333,1.5495271401839406,0.004179109607436093,0.0042533333333345524,2.7543071452937117e-05
2,CN013,2022,prec<0.037p6,water_proxy,4.0,5.0,0.5504818825631803,0.006946398603693774,0.006881111111111338,2.631245081376745e-05
2,CN013,2022,mean_tmax3,temperature_hazard,12.162290322580644,13.71016129032258,1.6883290524612062,0.007683654374873957,0.0019200000000001438,2.4907270867528938e-05
2,CN013,2022,mean_prec3,water_proxy,0.7368064516129033,0.4510322580645162,1.3141967067200713,0.0017709681352000184,0.009678333333333455,2.252535775192694e-05
2,CN013,2022,mean_tmax4,temperature_hazard,20.546066666666665,19.0288,1.011533589635322,0.002243219107874039,0.006018333333333459,1.3656148869561494e-05
2,CN013,2022,median_cum_fpar4,crop_state_indicator,167.769,176.28199999999998,0.35982078701551123,0.02480748359547733,0.0010816666666668695,9.655225213348769e-06
2,CN013,2022,max_cum_prec7,water_proxy,267.887,222.563,1.2620148131647833,0.004792508298079563,0.0014561111111106584,8.806875196202962e-06
2,CN013,2022,mean_ssm2,water_proxy,4.13632,3.637307692307692,0.5623560986435139,0.008875581083351567,0.0015855555555557288,7.913883794225323e-06
2,CN013,2022,max_cum_gdd2,temperature_hazard,2.273,0.4790000000000001,0.3027110168935455,0.006608761679829262,0.0038599999999995305,7.722103578440758e-06
2,CN013,2022,mean_rad6,radiation_hazard,22018506.366666667,22674775.9,1.3374380164755952,0.002816618668235694,0.0018266666666670872,6.881149936260508e-06
2,CN013,2022,max_cum_prec6,water_proxy,173.373,143.038,1.2611732424229818,0.002025633146550257,0.0024583333333341173,6.280241045012879e-06
2,CN013,2022,median_cum_fpar2,crop_state_indicator,25.87,26.4505,0.15427358034319516,0.014614232222732332,0.002437777777777761,5.496189226839263e-06
2,CN013,2022,tmax>31.246p5,temperature_hazard,3.0,1.0,0.6666666666666666,0.001469336899941713,0.004951111111111572,4.849900167511766e-06
2,CN013,2022,mean_tmin2,temperature_hazard,-7.69016,-5.12372,0.9799099734666674,0.00751611653558336,0.0006133333333337987,4.517272100376362e-06
2,CN013,2022,mean_tavg7,temperature_hazard,24.746076923076924,24.94107692307692,0.12621519624075725,0.004673401498541836,0.0028600000000000847,1.6869832615359275e-06
2,CN013,2022,mean_tmax7,temperature_hazard,29.349153846153847,29.80461538461538,0.25068514228698024,0.00363966370215959,0.0018161111111112405,1.6570372361495963e-06
2,CN013,2022,mean_tavg6,temperature_hazard,24.20106666666667,23.979566666666663,0.22521606507372258,0.004244286154210407,0.0015383333333343074,1.4704642614049199e-06
2,CN013,2022,mean_prec4,water_proxy,0.3585666666666666,0.7706,0.37681380319473223,0.00237466337051435,0.0005761111111111106,5.155076419893945e-07
2,CN013,2022,awc,fixed_context,14.781,14.781,0.0,0.05426224280791961,0.0,0.0
2,CN013,2022,bulk_density,fixed_context,1.481,1.481,0.0,0.10370424155286671,0.0,0.0
2,CN013,2022,max_cum_gdd1,temperature_hazard,0.0,0.0,0.0,0.003954838977228606,0.0,0.0
2,CN013,2022,max_cum_gdd3,temperature_hazard,62.38,84.802,0.7278215989872432,0.020214929351852203,-0.02878611111111251,0.0
2,CN013,2022,max_cum_gdd4,temperature_hazard,327.854,322.94,0.16828659672764962,0.01760477193860538,0.0,0.0
2,CN013,2022,max_cum_gdd5,temperature_hazard,748.763,745.222,0.05142392425100652,0.00841312819342394,0.0,0.0
2,CN013,2022,max_cum_gdd6,temperature_hazard,1324.795,1328.296,0.07961595261721532,0.006982955454215601,0.0,0.0
2,CN013,2022,max_cum_gdd7,temperature_hazard,1581.494,1578.459,0.03488385457972549,0.0066041715446388755,0.0,0.0
2,CN013,2022,max_cum_prec1,water_proxy,0.0,0.0,0.0,0.0006800477602364822,0.0,0.0
2,CN013,2022,max_cum_prec2,water_proxy,4.758,6.008000000000001,0.16191709844559599,0.0017777348797750419,0.0,0.0
2,CN013,2022,max_cum_prec3,water_proxy,27.599,19.99,0.5069624891731629,0.0019965079234693034,-0.0030655555555547664,0.0
2,CN013,2022,max_cum_prec4,water_proxy,38.356,56.959,1.3448149253823993,0.0025774834576984635,-0.003758333333333752,0.0
2,CN013,2022,max_cum_prec5,water_proxy,63.145,84.623,0.5956349316398126,0.001952212049775364,0.0,0.0
2,CN013,2022,mean_cum_cwb1,water_proxy,0.0,0.0,0.0,0.0005611748506648037,0.0,0.0
2,CN013,2022,mean_cum_cwb2,water_proxy,-14.826479999999998,-19.23936,0.5613658914637659,0.0041840980289357555,-0.0031544444444442377,0.0
2,CN013,2022,mean_cum_cwb3,water_proxy,-67.29296774193548,-73.12964516129033,0.3928212431802248,0.0019189010993987078,0.0,0.0
2,CN013,2022,mean_cum_cwb4,water_proxy,-157.4173,-160.5334333333333,0.2988764968931581,0.0028329431011265608,-0.0016600000000002169,0.0
2,CN013,2022,mean_cum_cwb5,water_proxy,-282.6710967741936,-271.7009032258064,0.4842814580551935,0.004330731671544896,0.0,0.0
2,CN013,2022,mean_cum_cwb6,water_proxy,-416.1689666666667,-401.52563333333336,0.591396005370161,0.0032918749855547023,0.0,0.0
2,CN013,2022,mean_cum_cwb7,water_proxy,-396.3731538461538,-440.2978461538462,1.2719543271586828,0.0023356369493571423,0.0,0.0
2,CN013,2022,mean_prec1,water_proxy,0.0,0.0,0.0,0.0006356149152419931,0.0,0.0
2,CN013,2022,mean_prec2,water_proxy,0.19032,0.24032,0.173269570131525,0.0024772599894613777,0.0,0.0
2,CN013,2022,mean_prec5,water_proxy,0.7996451612903226,0.9771612903225806,0.26828198127925107,0.0016144216931508212,0.0,0.0
2,CN013,2022,mean_prec7,water_proxy,7.270307692307692,4.875230769230769,1.0407522090788925,0.0033973417928038954,-0.005479999999999485,0.0
2,CN013,2022,mean_rad1,radiation_hazard,0.0,0.0,0.0,0.0043086705824463035,0.0,0.0
2,CN013,2022,mean_rad2,radiation_hazard,13296345.82,12952611.88,0.3927032229308352,0.0051929182370553835,0.0,0.0
2,CN013,2022,mean_rad3,radiation_hazard,16031630.41935484,17030402.20967742,1.078715218584161,0.004245184333362696,-0.001048888888888655,0.0
2,CN013,2022,mean_rad5,radiation_hazard,22959055.612903222,23132499.951612905,0.08935667731649165,0.003184281803113454,-0.001548888888889266,0.0
2,CN013,2022,mean_rad7,radiation_hazard,18219127.384615384,20129655.46153846,0.4974158938299726,0.004447365874306189,-0.007897777777778003,0.0
2,CN013,2022,mean_tavg1,temperature_hazard,0.0,0.0,0.0,0.0014727122435304616,0.0,0.0
2,CN013,2022,mean_tavg2,temperature_hazard,-2.70204,0.2678399999999999,1.1033094906739291,0.007205119237766788,-0.008605555555555533,0.0
2,CN013,2022,mean_tavg5,temperature_hazard,18.577709677419357,19.495806451612903,1.045055086389428,0.0025966691443671313,-0.0012255555555551467,0.0
2,CN013,2022,mean_tmax1,temperature_hazard,0.0,0.0,0.0,0.002413764687523313,0.0,0.0
2,CN013,2022,mean_tmax2,temperature_hazard,3.69888,6.64826923076923,1.24817827032654,0.007233356156290362,-0.0012799999999995038,0.0
2,CN013,2022,mean_tmax5,temperature_hazard,25.464935483870967,25.596967741935483,0.09013830162086002,0.002883646908735911,0.0,0.0
2,CN013,2022,mean_tmax6,temperature_hazard,29.973866666666662,29.9219,0.052006538346059915,0.00305739409224299,0.0,0.0
2,CN013,2022,mean_tmin1,temperature_hazard,0.0,0.0,0.0,0.0016369422569999911,0.0,0.0
2,CN013,2022,mean_tmin3,temperature_hazard,0.4958064516129032,0.7890322580645162,0.5183868887832781,0.014290333581365368,-0.000534999999999286,0.0
2,CN013,2022,mean_tmin5,temperature_hazard,11.395387096774192,12.79741935483871,1.5970823840670247,0.014616805133365274,-0.0013666666666649618,0.0
2,CN013,2022,mean_tmin6,temperature_hazard,18.5363,18.195866666666667,0.5163296258847326,0.010011071101378015,-0.008928333333333427,0.0
2,CN013,2022,mean_tmin7,temperature_hazard,20.54853846153846,20.403923076923075,0.08579871530115134,0.008980821930604123,0.0,0.0
2,CN013,2022,tmin<-4.027p1,temperature_hazard,0.0,0.0,0.0,0.00046533849524221766,0.0,0.0
2,CN013,2022,tmin<-4.027p2,temperature_hazard,22.0,18.0,0.5714285714285714,0.012962096209179923,-0.009970555555555372,0.0
2,CN013,2022,tmin<-4.027p3,temperature_hazard,1.0,2.0,0.674199862463242,0.004439368893737348,-0.0018711111111109346,0.0
2,CN013,2022,tmin<-4.027p4,temperature_hazard,0.0,0.0,0.0,0.0019039565997986104,0.0,0.0
2,CN013,2022,tmin<-4.027p5,temperature_hazard,0.0,0.0,0.0,0.0,0.0,0.0
2,CN013,2022,tmin<-4.027p6,temperature_hazard,0.0,0.0,0.0,0.0,0.0,0.0
2,CN013,2022,tmin<-4.027p7,temperature_hazard,0.0,0.0,0.0,0.0,0.0,0.0
2,CN013,2022,tmax>31.246p1,temperature_hazard,0.0,0.0,0.0,0.0,0.0,0.0
2,CN013,2022,tmax>31.246p2,temperature_hazard,0.0,0.0,0.0,0.00017665281034320485,0.0,0.0
2,CN013,2022,tmax>31.246p3,temperature_hazard,0.0,0.0,0.0,6.908349009589775e-05,0.0,0.0
2,CN013,2022,tmax>31.246p4,temperature_hazard,0.0,0.0,0.0,0.0006293053260611733,0.0,0.0
2,CN013,2022,tmax>31.246p6,temperature_hazard,12.0,13.0,0.2,0.002320918318590675,-0.003066666666666329,0.0
2,CN013,2022,tmax>31.246p7,temperature_hazard,3.0,3.0,0.0,0.0020777574082735907,0.0,0.0
2,CN013,2022,prec<0.037p1,water_proxy,0.0,0.0,0.0,0.0009295822938097154,0.0,0.0
2,CN013,2022,prec<0.037p2,water_proxy,19.0,16.0,1.3416407864998738,0.003741738289900092,-0.00764444444444301,0.0
2,CN013,2022,prec<0.037p7,water_proxy,0.0,0.0,0.0,0.002173414183177829,0.0,0.0
2,CN013,2022,median_cum_fpar1,crop_state_indicator,0.0,0.0,0.0,0.004754642766068187,0.0,0.0
2,CN013,2022,median_cum_fpar3,crop_state_indicator,76.404,80.299,0.34330785616289794,0.012008354361110548,0.0,0.0
2,CN013,2022,median_cum_fpar5,crop_state_indicator,291.051,295.225,0.13422516641476792,0.02292879073773341,0.0,0.0
2,CN013,2022,median_cum_fpar6,crop_state_indicator,423.198,415.554,0.2472986088644456,0.026248574424483553,-0.009678333333332567,0.0
2,CN013,2022,median_cum_fpar7,crop_state_indicator,560.508,539.6935000000001,0.5759965685664074,0.010151391945036756,-0.01616499999999821,0.0
2,CN013,2022,median_cum_ndvi1,crop_state_indicator,0.0,0.0,0.0,0.0018926787430466052,0.0,0.0
2,CN013,2022,median_cum_ndvi3,crop_state_indicator,1.3285,1.4035000000000002,0.3579952267303115,0.07775865845935805,-0.006232222222222639,0.0
2,CN013,2022,median_cum_ndvi4,crop_state_indicator,2.572,2.663,0.29426686504033805,0.042772588758079676,0.0,0.0
2,CN013,2022,median_cum_ndvi5,crop_state_indicator,4.21,4.245,0.0976290097629013,0.04374314802002847,0.0,0.0
2,CN013,2022,median_cum_ndvi6,crop_state_indicator,5.9915,5.952,0.1268057784911729,0.0960538811272201,-0.002243333333333375,0.0
2,CN013,2022,median_cum_ndvi7,crop_state_indicator,7.742000000000001,7.533,0.4860465116279085,0.010573265090748483,-0.006776666666666209,0.0
2,CN013,2022,mean_ssm1,water_proxy,0.0,0.0,0.0,0.0034913535319388996,0.0,0.0
2,CN013,2022,mean_ssm4,water_proxy,3.2825333333333333,3.2002666666666664,0.2304135264319647,0.0067618109092575564,0.0,0.0
2,CN013,2022,mean_ssm5,water_proxy,3.2576129032258065,3.0614838709677423,0.24880304456357122,0.005201215977148358,0.0,0.0
2,CN013,2022,mean_ssm6,water_proxy,3.5904666666666665,3.3391,1.0134546973709093,0.010547055728646093,-0.0015961111111106874,0.0
2,CN013,2022,mean_ssm7,water_proxy,4.892230769230769,4.100923076923077,1.5266575149334023,0.006821357782928302,-0.01147888888888815,0.0
3,CN014,2022,prec<0.037p7,water_proxy,1.0,0.0,999999999.9999999,0.002173414183177829,0.009237777777777012,20077.517243265524
3,CN014,2022,tmax>31.246p7,temperature_hazard,2.0,0.0,1999999999.9999998,0.0020777574082735907,0.0014194444444433074,5898.522420149746
3,CN014,2022,mean_tmin5,temperature_hazard,8.866483870967741,10.556967741935484,1.6583335970380684,0.014616805133365274,0.009341111111111466,0.0002264242273988869
3,CN014,2022,mean_rad6,radiation_hazard,24216609.03333333,21761278.73333333,4.077708336430496,0.002816618668235694,0.019209444444445722,0.00022062718168557545
3,CN014,2022,prec<0.037p5,water_proxy,8.0,11.0,0.9632419486019034,0.009291164190086876,0.01938166666666774,0.00017345892180843666
3,CN014,2022,tmax>31.246p6,temperature_hazard,8.0,0.0,4.0,0.002320918318590675,0.012073888888889606,0.00011209003959540919
3,CN014,2022,median_cum_fpar5,crop_state_indicator,157.586,138.3,0.7741650610147719,0.02292879073773341,0.005495555555556031,9.75497858818041e-05
3,CN014,2022,mean_tmin3,temperature_hazard,0.035516129032258,-0.3085483870967741,0.49410371520652163,0.014290333581365368,0.004252777777777439,3.0028468015210406e-05
3,CN014,2022,mean_ssm7,water_proxy,4.644928571428571,4.714285714285714,0.23349117679701215,0.006821357782928302,0.011972777777778276,1.906936470865767e-05
3,CN014,2022,mean_tmax7,temperature_hazard,28.026357142857144,26.561785714285715,2.241364232619144,0.00363966370215959,0.0022911111111110216,1.869045380899248e-05
3,CN014,2022,mean_tavg6,temperature_hazard,22.6658,20.98183333333333,1.4633432783941183,0.004244286154210407,0.002692777777776989,1.6724432439760278e-05
3,CN014,2022,median_cum_fpar7,crop_state_indicator,397.494,351.0935,1.263344843148089,0.010151391945036756,0.0009866666666669133,1.2653712549013234e-05
3,CN014,2022,mean_cum_cwb2,water_proxy,-13.758919999999998,-17.555346153846155,0.4313353209624024,0.0041840980289357555,0.00598444444444457,1.0800421720020196e-05
3,CN014,2022,mean_tmax6,temperature_hazard,29.1253,26.513033333333333,1.8833028933961369,0.00305739409224299,0.0014327777777785045,8.249933212508295e-06
3,CN014,2022,max_cum_gdd5,temperature_hazard,609.697,618.901,0.21428855868246668,0.00841312819342394,0.0035766666666665614,6.448147413146326e-06
3,CN014,2022,mean_rad7,radiation_hazard,19636183.535714287,18976454.96153846,0.18869232682624648,0.004447365874306189,0.007323333333332904,6.145622805699114e-06
3,CN014,2022,mean_prec3,water_proxy,0.6776774193548387,0.4704516129032258,1.2935080654779563,0.0017709681352000184,0.00255722222222321,5.857986383887753e-06
3,CN014,2022,prec<0.037p2,water_proxy,12.0,16.0,0.7466533929465574,0.003741738289900092,0.0017811111111116773,4.976035431383961e-06
3,CN014,2022,median_cum_ndvi7,crop_state_indicator,6.1015,5.9415,0.32262594089689084,0.010573265090748483,0.0010466666666673063,3.5703993795090606e-06
3,CN014,2022,max_cum_prec6,water_proxy,153.211,179.439,1.0744776730847994,0.002025633146550257,0.0015700000000000713,3.417101216031309e-06
3,CN014,2022,median_cum_fpar6,crop_state_indicator,259.048,227.285,0.8403132357998895,0.026248574424483553,0.0001416666666678168,3.1247451389097345e-06
3,CN014,2022,mean_cum_cwb7,water_proxy,-399.8409285714286,-378.32828571428576,0.7425855334254672,0.0023356369493571423,0.0012733333333336816,2.2084823339738137e-06
3,CN014,2022,mean_cum_cwb5,water_proxy,-241.2944516129032,-252.0893225806452,0.2618499092690401,0.004330731671544896,0.0012194444444455499,1.3828520672798002e-06
3,CN014,2022,max_cum_gdd6,temperature_hazard,1139.671,1096.33,0.7826406613019103,0.006982955454215601,0.00022444444444502665,1.2266214051752641e-06
3,CN014,2022,mean_prec2,water_proxy,0.25632,0.3837692307692307,0.2398714384989575,0.0024772599894613777,0.0018250000000001876,1.084458648904735e-06
3,CN014,2022,mean_prec6,water_proxy,2.0658666666666665,2.577366666666667,0.7761367659703611,0.003021116335746942,0.0003488888888893982,8.180744791215427e-07
3,CN014,2022,max_cum_prec2,water_proxy,6.408,9.978,0.2542010823127314,0.0017777348797750419,0.001077777777776845,4.870500739871249e-07
3,CN014,2022,mean_rad5,radiation_hazard,22919877.25806452,23081112.967741936,0.09897013230016666,0.003184281803113454,0.0006833333333338132,2.153516740791716e-07
3,CN014,2022,awc,fixed_context,14.597,14.597,0.0,0.05426224280791961,0.0,0.0
3,CN014,2022,bulk_density,fixed_context,1.473,1.473,0.0,0.10370424155286671,0.0,0.0
3,CN014,2022,max_cum_gdd1,temperature_hazard,0.0,0.0,0.0,0.003954838977228606,0.0,0.0
3,CN014,2022,max_cum_gdd2,temperature_hazard,0.0,0.0,0.0,0.006608761679829262,0.0,0.0
3,CN014,2022,max_cum_gdd3,temperature_hazard,59.098,63.959,0.1848781044384438,0.020214929351852203,0.0,0.0
3,CN014,2022,max_cum_gdd4,temperature_hazard,270.267,273.954,0.05544694417709353,0.01760477193860538,0.0,0.0
3,CN014,2022,max_cum_gdd7,temperature_hazard,1391.289,1332.992,0.9368048050197546,0.0066041715446388755,-0.0015372222222218568,0.0
3,CN014,2022,max_cum_prec1,water_proxy,0.0,0.0,0.0,0.0006800477602364822,0.0,0.0
3,CN014,2022,max_cum_prec3,water_proxy,27.416,27.523,0.006280079821575264,0.0019965079234693034,0.0,0.0
3,CN014,2022,max_cum_prec4,water_proxy,50.375,57.062,0.33948876246287624,0.0025774834576984635,-0.000560000000000116,0.0
3,CN014,2022,max_cum_prec5,water_proxy,91.235,105.257,0.6740044185596391,0.001952212049775364,-0.003163888888888522,0.0
3,CN014,2022,max_cum_prec7,water_proxy,259.205,257.802,0.047520764229956235,0.004792508298079563,0.0,0.0
3,CN014,2022,mean_cum_cwb1,water_proxy,0.0,0.0,0.0,0.0005611748506648037,0.0,0.0
3,CN014,2022,mean_cum_cwb3,water_proxy,-64.9738064516129,-72.91138709677419,0.5105262211479918,0.0019189010993987078,-0.0067833333333338075,0.0
3,CN014,2022,mean_cum_cwb4,water_proxy,-150.7388,-152.54696666666666,0.0701052447489674,0.0028329431011265608,0.0,0.0
3,CN014,2022,mean_cum_cwb6,water_proxy,-375.31596666666667,-357.58716666666663,0.4940935153152428,0.0032918749855547023,-0.001463888888888043,0.0
3,CN014,2022,mean_prec1,water_proxy,0.0,0.0,0.0,0.0006356149152419931,0.0,0.0
3,CN014,2022,mean_prec4,water_proxy,0.7653,0.8524333333333334,0.10295797392571593,0.00237466337051435,-0.002755555555555844,0.0
3,CN014,2022,mean_prec5,water_proxy,1.3180645161290323,1.5194838709677418,0.5409807658984573,0.0016144216931508212,-0.005144444444444396,0.0
3,CN014,2022,mean_prec7,water_proxy,7.571,5.261538461538462,0.7899638686102336,0.0033973417928038954,-0.007360000000000255,0.0
3,CN014,2022,mean_rad1,radiation_hazard,0.0,0.0,0.0,0.0043086705824463035,0.0,0.0
3,CN014,2022,mean_rad2,radiation_hazard,13486029.52,13440559.62,0.049313772488349124,0.0051929182370553835,-0.00427444444444447,0.0
3,CN014,2022,mean_rad3,radiation_hazard,16358030.225806452,17823850.887096774,2.707248578864657,0.004245184333362696,-0.0022433333333324867,0.0
3,CN014,2022,mean_rad4,radiation_hazard,21008922.9,21354551.866666667,0.20875008086928257,0.004179109607436093,-0.0042088888888880405,0.0
3,CN014,2022,mean_tavg1,temperature_hazard,0.0,0.0,0.0,0.0014727122435304616,0.0,0.0
3,CN014,2022,mean_tavg2,temperature_hazard,-3.3275200000000003,-2.00052,0.6027611499107618,0.007205119237766788,-0.006960555555555636,0.0
3,CN014,2022,mean_tavg3,temperature_hazard,5.957,5.987967741935484,0.03006675156499711,0.006757762909017114,0.0,0.0
3,CN014,2022,mean_tavg4,temperature_hazard,12.038966666666663,11.786033333333334,0.11666487292630622,0.004550618555119359,0.0,0.0
3,CN014,2022,mean_tavg5,temperature_hazard,15.949354838709676,17.386451612903226,1.8852354957471193,0.0025966691443671313,-0.002457777777777004,0.0
3,CN014,2022,mean_tavg7,temperature_hazard,22.97271428571429,21.74384615384616,2.1765110500182137,0.004673401498541836,-0.0014222222222217695,0.0
3,CN014,2022,mean_tmax1,temperature_hazard,0.0,0.0,0.0,0.002413764687523313,0.0,0.0
3,CN014,2022,mean_tmax2,temperature_hazard,2.84268,4.465,0.668031226501095,0.007233356156290362,-0.005907777777777845,0.0
3,CN014,2022,mean_tmax3,temperature_hazard,12.286935483870968,12.837129032258066,0.4006005942564437,0.007683654374873957,0.0,0.0
3,CN014,2022,mean_tmax4,temperature_hazard,18.9816,17.974533333333333,0.6710646142911078,0.002243219107874039,-0.005490555555555332,0.0
3,CN014,2022,mean_tmax5,temperature_hazard,22.68916129032258,23.481709677419357,0.8173320026613435,0.002883646908735911,0.0,0.0
3,CN014,2022,mean_tmin1,temperature_hazard,0.0,0.0,0.0,0.0016369422569999911,0.0,0.0
3,CN014,2022,mean_tmin2,temperature_hazard,-8.40108,-6.9848,0.6114268521661049,0.00751611653558336,-0.002763333333333229,0.0
3,CN014,2022,mean_tmin4,temperature_hazard,4.8978,5.512666666666666,0.2728657860090824,0.0059823909338138,-0.003989444444444601,0.0
3,CN014,2022,mean_tmin6,temperature_hazard,15.872266666666668,15.2585,0.6925825622508118,0.010011071101378015,-0.0014788888888883633,0.0
3,CN014,2022,mean_tmin7,temperature_hazard,18.07542857142857,16.61646153846154,1.1204969258620034,0.008980821930604123,-0.008832777777778134,0.0
3,CN014,2022,tmin<-4.027p1,temperature_hazard,0.0,0.0,0.0,0.00046533849524221766,0.0,0.0
3,CN014,2022,tmin<-4.027p2,temperature_hazard,23.0,20.0,1.081124955234671,0.012962096209179923,-0.038010555555555214,0.0
3,CN014,2022,tmin<-4.027p3,temperature_hazard,2.0,3.0,0.2,0.004439368893737348,-0.005830555555555783,0.0
3,CN014,2022,tmin<-4.027p4,temperature_hazard,0.0,0.0,0.0,0.0019039565997986104,0.0,0.0
3,CN014,2022,tmin<-4.027p5,temperature_hazard,0.0,0.0,0.0,0.0,0.0,0.0
3,CN014,2022,tmin<-4.027p6,temperature_hazard,0.0,0.0,0.0,0.0,0.0,0.0
3,CN014,2022,tmin<-4.027p7,temperature_hazard,0.0,0.0,0.0,0.0,0.0,0.0
3,CN014,2022,tmax>31.246p1,temperature_hazard,0.0,0.0,0.0,0.0,0.0,0.0
3,CN014,2022,tmax>31.246p2,temperature_hazard,0.0,0.0,0.0,0.00017665281034320485,0.0,0.0
3,CN014,2022,tmax>31.246p3,temperature_hazard,0.0,0.0,0.0,6.908349009589775e-05,0.0,0.0
3,CN014,2022,tmax>31.246p4,temperature_hazard,0.0,0.0,0.0,0.0006293053260611733,0.0,0.0
3,CN014,2022,tmax>31.246p5,temperature_hazard,0.0,0.0,0.0,0.001469336899941713,0.0,0.0
3,CN014,2022,prec<0.037p1,water_proxy,0.0,0.0,0.0,0.0009295822938097154,0.0,0.0
3,CN014,2022,prec<0.037p3,water_proxy,15.0,17.0,0.5,0.006804497505905538,-0.00045555555555587546,0.0
3,CN014,2022,prec<0.037p4,water_proxy,14.0,13.0,0.2851329742561005,0.025693230727512686,-0.006047777777778762,0.0
3,CN014,2022,prec<0.037p6,water_proxy,7.0,3.0,1.7374889710522776,0.006946398603693774,-0.017376111111111925,0.0
3,CN014,2022,median_cum_fpar1,crop_state_indicator,0.0,0.0,0.0,0.004754642766068187,0.0,0.0
3,CN014,2022,median_cum_fpar2,crop_state_indicator,17.985,15.18,1.6632740031298898,0.014614232222732332,-0.010786111111110053,0.0
3,CN014,2022,median_cum_fpar3,crop_state_indicator,49.812,42.43,1.4516621143492876,0.012008354361110548,-0.025653333333333528,0.0
3,CN014,2022,median_cum_fpar4,crop_state_indicator,94.991,82.831,1.1598626478443346,0.02480748359547733,-0.010751111111111378,0.0
3,CN014,2022,median_cum_ndvi1,crop_state_indicator,0.0,0.0,0.0,0.0018926787430466052,0.0,0.0
3,CN014,2022,median_cum_ndvi2,crop_state_indicator,0.374,0.349,0.4716981132075477,0.04771331548726668,-0.016949999999999577,0.0
3,CN014,2022,median_cum_ndvi3,crop_state_indicator,1.0055,0.9675,0.34545454545454546,0.07775865845935805,-0.000528888888888801,0.0
3,CN014,2022,median_cum_ndvi4,crop_state_indicator,1.753,1.744,0.0521739130434777,0.042772588758079676,0.0,0.0
3,CN014,2022,median_cum_ndvi5,crop_state_indicator,2.779,2.7715,0.02252252252252203,0.04374314802002847,0.0,0.0
3,CN014,2022,median_cum_ndvi6,crop_state_indicator,4.3225,4.2595,0.1460023174971024,0.0960538811272201,0.0,0.0
3,CN014,2022,mean_ssm1,water_proxy,0.0,0.0,0.0,0.0034913535319388996,0.0,0.0
3,CN014,2022,mean_ssm2,water_proxy,4.222,4.42304,0.2822358584877997,0.008875581083351567,-0.0025649999999997064,0.0
3,CN014,2022,mean_ssm3,water_proxy,4.019032258064517,4.249548387096774,0.34449148129254165,0.00922396371680262,-0.011422777777776894,0.0
3,CN014,2022,mean_ssm4,water_proxy,3.448,4.318333333333333,1.7023544931633279,0.0067618109092575564,-0.005787777777777947,0.0
3,CN014,2022,mean_ssm5,water_proxy,3.9245806451612895,4.122806451612903,0.37295362988667163,0.005201215977148358,-0.004848333333333343,0.0
3,CN014,2022,mean_ssm6,water_proxy,3.4605,4.0989,1.1891220663106894,0.010547055728646093,-0.013197777777777198,0.0
4,CN015,2022,mean_tmin5,temperature_hazard,7.691806451612903,8.843322580645163,1.946422124709049,0.014616805133365274,0.04872555555555458,0.0013862650980726184
4,CN015,2022,median_cum_ndvi4,crop_state_indicator,1.714,1.78,0.673469387755102,0.042772588758079676,0.023202777777777683,0.0006683798933433025
4,CN015,2022,mean_cum_cwb2,water_proxy,-8.634217391304347,-11.74586956521739,2.5572839102826594,0.0041840980289357555,0.007518333333333516,8.044561458374438e-05
4,CN015,2022,median_cum_ndvi5,crop_state_indicator,2.5620000000000003,2.644,0.7674855150104058,0.04374314802002847,0.0022855555555549856,7.673120247151044e-05
4,CN015,2022,median_cum_ndvi7,crop_state_indicator,5.785,5.5455000000000005,0.9917184265010325,0.010573265090748483,0.005631111111110698,5.9046152019499714e-05
4,CN015,2022,mean_ssm3,water_proxy,4.2975161290322585,3.9393870967741935,1.398589065255734,0.00922396371680262,0.0036133333333339124,4.661393238406477e-05
4,CN015,2022,mean_ssm7,water_proxy,4.545571428571429,4.2115,1.0593123369864152,0.006821357782928302,0.006153888888888126,4.446768390554435e-05
4,CN015,2022,median_cum_ndvi2,crop_state_indicator,0.346,0.363,0.5148443076333364,0.04771331548726668,0.001743333333333652,4.282485934212728e-05
4,CN015,2022,mean_ssm2,water_proxy,4.261260869565217,4.010260869565218,1.3654767647581982,0.008875581083351567,0.0032538888888886675,3.9435180163890924e-05
4,CN015,2022,max_cum_gdd3,temperature_hazard,1.4340000000000002,10.944,0.6976139890414123,0.020214929351852203,0.0024966666666657034,3.5208536366648496e-05
4,CN015,2022,mean_rad3,radiation_hazard,16398833.806451611,16828020.70967742,1.9785257321681706,0.004245184333362696,0.004035000000000899,3.3890797990876085e-05
4,CN015,2022,tmin<-4.027p4,temperature_hazard,0.0,2.0,0.6666666666666666,0.0019039565997986104,0.014253888888888788,1.8092523881863924e-05
4,CN015,2022,mean_tavg4,temperature_hazard,8.955833333333334,8.131633333333333,0.4808228768935891,0.004550618555119359,0.007390000000000008,1.616962672429884e-05
4,CN015,2022,prec<0.037p2,water_proxy,9.0,12.0,1.651445647689541,0.003741738289900092,0.002474444444445112,1.5290278666888465e-05
4,CN015,2022,prec<0.037p3,water_proxy,13.0,11.0,0.6421612990679356,0.006804497505905538,0.0033933333333333593,1.4827458290463349e-05
4,CN015,2022,median_cum_fpar2,crop_state_indicator,19.3615,20.1305,0.20275864622099624,0.014614232222732332,0.003826666666666867,1.1339033027715453e-05
4,CN015,2022,median_cum_ndvi6,crop_state_indicator,3.99,3.9685,0.1428571428571437,0.0960538811272201,0.0008216666666669425,1.1274896046603736e-05
4,CN015,2022,max_cum_prec3,water_proxy,20.917,14.334,1.9075955171083894,0.0019965079234693034,0.0020244444444443843,7.710156518721495e-06
4,CN015,2022,max_cum_prec6,water_proxy,180.057,155.106,2.5551459293394805,0.002025633146550257,0.0013583333333340164,7.030445758879461e-06
4,CN015,2022,max_cum_prec5,water_proxy,63.957,79.978,0.9804773561811508,0.001952212049775364,0.002240000000000464,4.287583348762852e-06
4,CN015,2022,mean_tmax4,temperature_hazard,15.7588,14.7648,0.46950690015850916,0.002243219107874039,0.0027505555555551453,2.8969039516303363e-06
4,CN015,2022,tmin<-4.027p3,temperature_hazard,14.0,20.0,0.6666666666666666,0.004439368893737348,0.0006750000000002032,1.997716002182408e-06
4,CN015,2022,mean_tmax3,temperature_hazard,5.899709677419355,7.148193548387097,0.6512896880467928,0.007683654374873957,0.0003105555555551476,1.5541084651240185e-06
4,CN015,2022,mean_tmin4,temperature_hazard,1.9709,1.6126,0.3048466539062591,0.0059823909338138,0.0008500000000006835,1.5501550797536827e-06
4,CN015,2022,mean_cum_cwb3,water_proxy,-46.61835483870968,-51.92651612903226,0.7164818715843458,0.0019189010993987078,0.0007799999999997809,1.0723891238440058e-06
4,CN015,2022,max_cum_gdd7,temperature_hazard,1141.695,1137.196,0.06638897565718613,0.0066041715446388755,0.000986666666666025,4.3259826146045816e-07
4,CN015,2022,mean_prec7,water_proxy,3.543,3.691142857142857,0.11446496434629828,0.0033973417928038954,0.0008650000000001157,3.363782652154912e-07
4,CN015,2022,max_cum_gdd6,temperature_hazard,887.146,894.493,0.11985458715294282,0.006982955454215601,0.00037666666666602566,3.1524711489006797e-07
4,CN015,2022,awc,fixed_context,13.312,13.312,0.0,0.05426224280791961,0.0,0.0
4,CN015,2022,bulk_density,fixed_context,1.479,1.479,0.0,0.10370424155286671,0.0,0.0
4,CN015,2022,max_cum_gdd1,temperature_hazard,0.0,0.0,0.0,0.003954838977228606,0.0,0.0
4,CN015,2022,max_cum_gdd2,temperature_hazard,0.0,0.0,0.0,0.006608761679829262,0.0,0.0
4,CN015,2022,max_cum_gdd4,temperature_hazard,123.85,119.683,0.08517365900401307,0.01760477193860538,0.0,0.0
4,CN015,2022,max_cum_gdd5,temperature_hazard,432.014,433.535,0.031883156827124455,0.00841312819342394,0.0,0.0
4,CN015,2022,max_cum_prec1,water_proxy,0.0,0.0,0.0,0.0006800477602364822,0.0,0.0
4,CN015,2022,max_cum_prec2,water_proxy,4.077999999999999,5.167,0.5198090692124107,0.0017777348797750419,-0.0009249999999996206,0.0
4,CN015,2022,max_cum_prec4,water_proxy,36.07,43.235,0.8694979130021202,0.0025774834576984635,0.0,0.0
4,CN015,2022,max_cum_prec7,water_proxy,229.659,212.364,0.8263258480649777,0.004792508298079563,-0.002946666666667319,0.0
4,CN015,2022,mean_cum_cwb1,water_proxy,0.0,0.0,0.0,0.0005611748506648037,0.0,0.0
4,CN015,2022,mean_cum_cwb4,water_proxy,-133.4389,-135.81483333333333,0.1334190884821522,0.0028329431011265608,0.0,0.0
4,CN015,2022,mean_cum_cwb5,water_proxy,-258.69303225806453,-250.8647741935484,0.33436048762878984,0.004330731671544896,0.0,0.0
4,CN015,2022,mean_cum_cwb6,water_proxy,-339.33253333333334,-350.87106666666665,0.43746556195309794,0.0032918749855547023,-0.0007505555555562538,0.0
4,CN015,2022,mean_cum_cwb7,water_proxy,-364.9626428571429,-410.9667692307693,1.0053066834891153,0.0023356369493571423,-0.002412222222221594,0.0
4,CN015,2022,mean_prec1,water_proxy,0.0,0.0,0.0,0.0006356149152419931,0.0,0.0
4,CN015,2022,mean_prec2,water_proxy,0.1773043478260869,0.2152916666666666,0.4170445505171039,0.0024772599894613777,-0.0016305555555558016,0.0
4,CN015,2022,mean_prec3,water_proxy,0.5431935483870968,0.3392258064516129,2.6174487097235386,0.0017709681352000184,-0.0014516666666661848,0.0
4,CN015,2022,mean_prec4,water_proxy,0.5051,0.7775666666666666,1.301592356687899,0.00237466337051435,-0.0019477777777776595,0.0
4,CN015,2022,mean_prec5,water_proxy,0.8995806451612903,1.175709677419355,0.34220836331654286,0.0016144216931508212,0.0,0.0
4,CN015,2022,mean_prec6,water_proxy,3.87,2.2355666666666667,2.374939455584618,0.003021116335746942,-0.045949444444444154,0.0
4,CN015,2022,mean_rad1,radiation_hazard,0.0,0.0,0.0,0.0043086705824463035,0.0,0.0
4,CN015,2022,mean_rad2,radiation_hazard,12344463.52173913,12317642.304347826,0.06166944196216886,0.0051929182370553835,0.0,0.0
4,CN015,2022,mean_rad4,radiation_hazard,20169225.1,19534754.133333333,0.5998933348091585,0.004179109607436093,-0.010553333333333192,0.0
4,CN015,2022,mean_rad5,radiation_hazard,23221638.93548387,22382701.612903222,1.4878556132744067,0.003184281803113454,-0.00625722222222258,0.0
4,CN015,2022,mean_rad6,radiation_hazard,20534333.066666663,22143383.53333333,1.535388432813465,0.002816618668235694,-0.02562277777777755,0.0
4,CN015,2022,mean_rad7,radiation_hazard,20676534.785714287,20642606.57142857,0.018702370957992372,0.004447365874306189,0.0,0.0
4,CN015,2022,mean_tavg1,temperature_hazard,0.0,0.0,0.0,0.0014727122435304616,0.0,0.0
4,CN015,2022,mean_tavg2,temperature_hazard,-9.932956521739133,-7.729826086956522,0.5223648265553327,0.007205119237766788,-0.019189444444444703,0.0
4,CN015,2022,mean_tavg3,temperature_hazard,0.1173870967741935,0.2295806451612903,0.06057483828946063,0.006757762909017114,0.0,0.0
4,CN015,2022,mean_tavg5,temperature_hazard,14.940774193548387,15.70167741935484,0.7599961336469396,0.0025966691443671313,-0.0005427777777775589,0.0
4,CN015,2022,mean_tavg6,temperature_hazard,20.17106666666667,20.2302,0.12460553490069075,0.004244286154210407,0.0,0.0
4,CN015,2022,mean_tavg7,temperature_hazard,23.182071428571422,22.543076923076924,1.0330786581891809,0.004673401498541836,-0.003754444444445504,0.0
4,CN015,2022,mean_tmax1,temperature_hazard,0.0,0.0,0.0,0.002413764687523313,0.0,0.0
4,CN015,2022,mean_tmax2,temperature_hazard,-3.893739130434783,-1.152304347826087,0.636995504369349,0.007233356156290362,-0.0172616666666654,0.0
4,CN015,2022,mean_tmax5,temperature_hazard,21.632193548387097,22.468,0.6071897262842149,0.002883646908735911,-0.0010977777777778641,0.0
4,CN015,2022,mean_tmax6,temperature_hazard,25.584433333333333,25.96946666666667,0.6471545853514755,0.00305739409224299,-0.0040255555555557265,0.0
4,CN015,2022,mean_tmax7,temperature_hazard,28.226357142857143,27.460285714285718,1.1585826941773663,0.00363966370215959,-0.004214999999999414,0.0
4,CN015,2022,mean_tmin1,temperature_hazard,0.0,0.0,0.0,0.0016369422569999911,0.0,0.0
4,CN015,2022,mean_tmin2,temperature_hazard,-14.91508695652174,-13.203739130434782,0.42521077925871836,0.00751611653558336,-0.013591111111110443,0.0
4,CN015,2022,mean_tmin3,temperature_hazard,-5.377935483870968,-5.672322580645161,0.1635083565349678,0.014290333581365368,0.0,0.0
4,CN015,2022,mean_tmin6,temperature_hazard,14.8031,14.6605,0.33908902813345254,0.010011071101378015,-0.011304444444444783,0.0
4,CN015,2022,mean_tmin7,temperature_hazard,18.25257142857143,17.419214285714286,0.5576775294243096,0.008980821930604123,-0.029643333333332578,0.0
4,CN015,2022,tmin<-4.027p1,temperature_hazard,0.0,0.0,0.0,0.00046533849524221766,0.0,0.0
4,CN015,2022,tmin<-4.027p2,temperature_hazard,23.0,23.0,0.0,0.012962096209179923,0.0,0.0
4,CN015,2022,tmin<-4.027p5,temperature_hazard,0.0,0.0,0.0,0.0,0.0,0.0
4,CN015,2022,tmin<-4.027p6,temperature_hazard,0.0,0.0,0.0,0.0,0.0,0.0
4,CN015,2022,tmin<-4.027p7,temperature_hazard,0.0,0.0,0.0,0.0,0.0,0.0
4,CN015,2022,tmax>31.246p1,temperature_hazard,0.0,0.0,0.0,0.0,0.0,0.0
4,CN015,2022,tmax>31.246p2,temperature_hazard,0.0,0.0,0.0,0.00017665281034320485,0.0,0.0
4,CN015,2022,tmax>31.246p3,temperature_hazard,0.0,0.0,0.0,6.908349009589775e-05,0.0,0.0
4,CN015,2022,tmax>31.246p4,temperature_hazard,0.0,0.0,0.0,0.0006293053260611733,0.0,0.0
4,CN015,2022,tmax>31.246p5,temperature_hazard,0.0,0.0,0.0,0.001469336899941713,0.0,0.0
4,CN015,2022,tmax>31.246p6,temperature_hazard,0.0,1.0,0.8164965809277261,0.002320918318590675,-0.002980000000000871,0.0
4,CN015,2022,tmax>31.246p7,temperature_hazard,0.0,0.0,0.0,0.0020777574082735907,0.0,0.0
4,CN015,2022,prec<0.037p1,water_proxy,0.0,0.0,0.0,0.0009295822938097154,0.0,0.0
4,CN015,2022,prec<0.037p4,water_proxy,8.0,6.0,0.4,0.025693230727512686,-0.0007705555555554966,0.0
4,CN015,2022,prec<0.037p5,water_proxy,3.0,4.0,0.32791291789197646,0.009291164190086876,0.0,0.0
4,CN015,2022,prec<0.037p6,water_proxy,0.0,0.0,0.0,0.006946398603693774,0.0,0.0
4,CN015,2022,prec<0.037p7,water_proxy,0.0,0.0,0.0,0.002173414183177829,0.0,0.0
4,CN015,2022,median_cum_fpar1,crop_state_indicator,0.0,0.0,0.0,0.004754642766068187,0.0,0.0
4,CN015,2022,median_cum_fpar3,crop_state_indicator,53.465,54.004,0.06294239745218072,0.012008354361110548,0.0,0.0
4,CN015,2022,median_cum_fpar4,crop_state_indicator,96.227,96.187,0.0034456966226276437,0.02480748359547733,0.0,0.0
4,CN015,2022,median_cum_fpar5,crop_state_indicator,148.211,148.463,0.01827079934987119,0.02292879073773341,0.0,0.0
4,CN015,2022,median_cum_fpar6,crop_state_indicator,242.525,239.124,0.197552996731783,0.026248574424483553,0.0,0.0
4,CN015,2022,median_cum_fpar7,crop_state_indicator,386.8775,374.6825,0.5401524974544932,0.010151391945036756,-0.00460777777777821,0.0
4,CN015,2022,median_cum_ndvi1,crop_state_indicator,0.0,0.0,0.0,0.0018926787430466052,0.0,0.0
4,CN015,2022,median_cum_ndvi3,crop_state_indicator,1.003,1.0375,0.5695714322212062,0.07775865845935805,-0.000717777777777151,0.0
4,CN015,2022,mean_ssm1,water_proxy,0.0,0.0,0.0,0.0034913535319388996,0.0,0.0
4,CN015,2022,mean_ssm4,water_proxy,4.060066666666667,3.8318,0.417179409077064,0.0067618109092575564,-0.0007183333333333763,0.0
4,CN015,2022,mean_ssm5,water_proxy,3.926741935483871,3.6953870967741937,1.3051865332120105,0.005201215977148358,-0.003003888888888362,0.0
4,CN015,2022,mean_ssm6,water_proxy,4.441633333333333,3.8421,2.1207404787171336,0.010547055728646093,-0.03214333333333297,0.0
5,CN021,2022,median_cum_fpar6,crop_state_indicator,292.798,267.931,0.7941176470588243,0.026248574424483553,0.04048277777777631,0.0008438414866489519
5,CN021,2022,median_cum_ndvi6,crop_state_indicator,5.1005,4.772,1.3128693186828726,0.0960538811272201,0.005195555555555842,0.0006551917340852112
5,CN021,2022,median_cum_ndvi5,crop_state_indicator,3.2075,3.0780000000000003,0.7993827160493793,0.04374314802002847,0.007460000000000022,0.00026085767288709167
5,CN021,2022,median_cum_fpar5,crop_state_indicator,173.098,161.974,0.5563390847711939,0.02292879073773341,0.01283999999999974,0.00016378938270859698
5,CN021,2022,median_cum_ndvi2,crop_state_indicator,0.413,0.432,0.4222222222222227,0.04771331548726668,0.0063433333333335895,0.00012779039615356836
5,CN021,2022,mean_rad4,radiation_hazard,21092825.03333333,19544631.266666666,1.0567178755767148,0.004179109607436093,0.020198888888888433,8.920111766664546e-05
5,CN021,2022,mean_rad2,radiation_hazard,12852401.153846154,12298372.365384616,2.494442308230929,0.0051929182370553835,0.006712222222221342,8.694633395028971e-05
5,CN021,2022,prec<0.037p6,water_proxy,1.0,5.0,1.0690449676496976,0.006946398603693774,0.0057061111111114116,4.237365226955834e-05
5,CN021,2022,mean_prec6,water_proxy,6.831166666666666,3.1367,2.582912201202437,0.003021116335746942,0.0046461111111106845,3.6254897756498755e-05
5,CN021,2022,median_cum_fpar7,crop_state_indicator,450.922,412.9395,1.3422646766583894,0.010151391945036756,0.0020533333333334625,2.7978421910902434e-05
5,CN021,2022,mean_tmin7,temperature_hazard,20.69807692307692,19.979923076923075,0.6286419885576532,0.008980821930604123,0.004022777777778153,2.2711484024934536e-05
5,CN021,2022,mean_ssm4,water_proxy,4.910833333333333,4.5843,0.5543232231779087,0.0067618109092575564,0.003387222222221986,1.2696083945419042e-05
5,CN021,2022,mean_rad3,radiation_hazard,16122655.91935484,17077495.258064516,1.2470388560515686,0.004245184333362696,0.0022166666666665336,1.1734833422816286e-05
5,CN021,2022,mean_tmin3,temperature_hazard,-2.839806451612904,-3.4435806451612905,0.39135616610212,0.014290333581365368,0.0019083333333336228,1.0672564393865684e-05
5,CN021,2022,mean_tavg6,temperature_hazard,20.325100000000003,21.01963333333333,0.844896800616352,0.004244286154210407,0.002280555555555175,8.178035260327993e-06
5,CN021,2022,mean_tmax4,temperature_hazard,17.538966666666667,16.291633333333333,0.4351993769617491,0.002243219107874039,0.007511666666665917,7.333246240860225e-06
5,CN021,2022,median_cum_fpar3,crop_state_indicator,57.448,53.508,0.4432943294329431,0.012008354361110548,0.0012755555555559184,6.790082480478269e-06
5,CN021,2022,mean_cum_cwb3,water_proxy,-48.99796774193548,-60.599,0.935195658623697,0.0019189010993987078,0.00364944444444415,6.549103146724443e-06
5,CN021,2022,prec<0.037p3,water_proxy,12.0,16.0,1.3333333333333333,0.006804497505905538,0.0005766666666655595,5.23190252675288e-06
5,CN021,2022,max_cum_gdd3,temperature_hazard,8.986999999999998,16.304000000000002,0.5855958649878139,0.020214929351852203,0.0004066666666666663,4.8140301427159405e-06
5,CN021,2022,mean_tmax6,temperature_hazard,24.502666666666663,25.96913333333333,0.9488622883640666,0.00305739409224299,0.0010249999999984993,2.9735721036620197e-06
5,CN021,2022,mean_cum_cwb6,water_proxy,-268.88173333333333,-347.8271666666667,0.7644867071360741,0.0032918749855547023,0.0011799999999997368,2.9695817082515222e-06
5,CN021,2022,mean_tmin4,temperature_hazard,4.5364,4.176466666666666,0.22408967343134106,0.0059823909338138,0.0015649999999993724,2.0980265280398857e-06
5,CN021,2022,mean_ssm5,water_proxy,4.569290322580645,4.420580645161291,0.4235964348065776,0.005201215977148358,0.00044666666666692834,9.84103389912554e-07
5,CN021,2022,prec<0.037p2,water_proxy,18.0,17.0,0.3333333333333333,0.003741738289900092,0.0007266666666669863,9.063321635539765e-07
5,CN021,2022,mean_prec5,water_proxy,1.434225806451613,1.2383870967741937,0.2545088692227263,0.0016144216931508212,0.0022050000000000125,9.060006302572679e-07
5,CN021,2022,awc,fixed_context,14.162,14.162,0.0,0.05426224280791961,0.0,0.0
5,CN021,2022,bulk_density,fixed_context,1.52,1.52,0.0,0.10370424155286671,0.0,0.0
5,CN021,2022,max_cum_gdd1,temperature_hazard,0.0,0.0,0.0,0.003954838977228606,0.0,0.0
5,CN021,2022,max_cum_gdd2,temperature_hazard,0.0,0.0,0.0,0.006608761679829262,0.0,0.0
5,CN021,2022,max_cum_gdd4,temperature_hazard,198.539,193.258,0.08264785419975769,0.01760477193860538,0.0,0.0
5,CN021,2022,max_cum_gdd5,temperature_hazard,557.262,557.354,0.0015223665477710573,0.00841312819342394,0.0,0.0
5,CN021,2022,max_cum_gdd6,temperature_hazard,1017.015,1052.97,0.4638995690656214,0.006982955454215601,0.0,0.0
5,CN021,2022,max_cum_gdd7,temperature_hazard,1262.602,1276.239,0.17642285235802047,0.0066041715446388755,0.0,0.0
5,CN021,2022,max_cum_prec1,water_proxy,0.0,0.0,0.0,0.0006800477602364822,0.0,0.0
5,CN021,2022,max_cum_prec2,water_proxy,4.577999999999999,11.359,0.6116723795778459,0.0017777348797750419,-0.0009272222222227455,0.0
5,CN021,2022,max_cum_prec3,water_proxy,40.7,19.905,1.452672022354174,0.0019965079234693034,-0.00849499999999992,0.0
5,CN021,2022,max_cum_prec4,water_proxy,54.944,58.714,0.16367168715025268,0.0025774834576984635,-0.0008244444444445165,0.0
5,CN021,2022,max_cum_prec5,water_proxy,99.405,102.627,0.13760718990788803,0.001952212049775364,-0.0011816666666675246,0.0
5,CN021,2022,max_cum_prec6,water_proxy,304.34,197.013,1.9022057900971037,0.002025633146550257,-0.011680000000000135,0.0
5,CN021,2022,max_cum_prec7,water_proxy,436.807,267.228,2.102523092182753,0.004792508298079563,-0.05746000000000073,0.0
5,CN021,2022,mean_cum_cwb1,water_proxy,0.0,0.0,0.0,0.0005611748506648037,0.0,0.0
5,CN021,2022,mean_cum_cwb2,water_proxy,-13.227615384615383,-13.43826923076923,0.06077654334516471,0.0041840980289357555,-0.0008483333333328957,0.0
5,CN021,2022,mean_cum_cwb4,water_proxy,-119.2162,-140.58093333333332,0.5897918746951379,0.0028329431011265608,-2.0000000000131024e-05,0.0
5,CN021,2022,mean_cum_cwb5,water_proxy,-247.8043225806452,-244.1215806451613,0.07453367518003605,0.004330731671544896,0.0,0.0
5,CN021,2022,mean_cum_cwb7,water_proxy,-155.00292307692308,-352.08,1.2131667795229728,0.0023356369493571423,-0.021024444444443624,0.0
5,CN021,2022,mean_prec1,water_proxy,0.0,0.0,0.0,0.0006356149152419931,0.0,0.0
5,CN021,2022,mean_prec2,water_proxy,0.176076923076923,0.4368846153846153,0.6116723795778458,0.0024772599894613777,-0.0008883333333331578,0.0
5,CN021,2022,mean_prec3,water_proxy,1.165225806451613,0.4726451612903226,3.006102150876657,0.0017709681352000184,-0.015710555555555672,0.0
5,CN021,2022,mean_prec4,water_proxy,0.4748,0.8425999999999999,0.4823184858154476,0.00237466337051435,0.0,0.0
5,CN021,2022,mean_prec7,water_proxy,10.18976923076923,5.376076923076923,2.438305435371416,0.0033973417928038954,-0.010523888888888777,0.0
5,CN021,2022,mean_rad1,radiation_hazard,0.0,0.0,0.0,0.0043086705824463035,0.0,0.0
5,CN021,2022,mean_rad5,radiation_hazard,23466725.48387097,22314734.741935484,0.9666402624035836,0.003184281803113454,-0.01235999999999926,0.0
5,CN021,2022,mean_rad6,radiation_hazard,17348746.65,21454566.9,2.146439864810185,0.002816618668235694,-0.002501111111110177,0.0
5,CN021,2022,mean_rad7,radiation_hazard,16524162.153846154,19444666.916666668,1.3454374339538582,0.004447365874306189,-0.02318333333333289,0.0
5,CN021,2022,mean_tavg1,temperature_hazard,0.0,0.0,0.0,0.0014727122435304616,0.0,0.0
5,CN021,2022,mean_tavg2,temperature_hazard,-7.281807692307693,-4.190269230769231,1.4437618996299892,0.007205119237766788,-0.012505000000000877,0.0
5,CN021,2022,mean_tavg3,temperature_hazard,2.133032258064516,2.226387096774193,0.044482700318172516,0.006757762909017114,0.0,0.0
5,CN021,2022,mean_tavg4,temperature_hazard,11.245933333333332,10.2766,0.40840767091064617,0.004550618555119359,0.0,0.0
5,CN021,2022,mean_tavg5,temperature_hazard,16.571709677419353,17.531225806451612,0.7944287164147225,0.0025966691443671313,-0.0012294444444451713,0.0
5,CN021,2022,mean_tavg7,temperature_hazard,23.89130769230769,23.338153846153848,0.39535520852996414,0.004673401498541836,0.0,0.0
5,CN021,2022,mean_tmax1,temperature_hazard,0.0,0.0,0.0,0.002413764687523313,0.0,0.0
5,CN021,2022,mean_tmax2,temperature_hazard,-1.3452692307692309,1.4773846153846153,1.4664341255162194,0.007233356156290362,-0.0049427777777779625,0.0
5,CN021,2022,mean_tmax3,temperature_hazard,7.551161290322581,8.721354838709678,0.431441110357869,0.007683654374873957,-0.019556111111111996,0.0
5,CN021,2022,mean_tmax5,temperature_hazard,22.940193548387096,23.70319354838709,0.34005204364765357,0.002883646908735911,-0.0060516666666670105,0.0
5,CN021,2022,mean_tmax7,temperature_hazard,27.62069230769231,27.836,0.12171894739450968,0.00363966370215959,0.0,0.0
5,CN021,2022,mean_tmin1,temperature_hazard,0.0,0.0,0.0,0.0016369422569999911,0.0,0.0
5,CN021,2022,mean_tmin2,temperature_hazard,-12.110884615384617,-8.979692307692307,1.560733867566429,0.00751611653558336,-0.009127222222222287,0.0
5,CN021,2022,mean_tmin5,temperature_hazard,10.174806451612902,11.069645161290325,1.76340033844059,0.014616805133365274,-0.000728333333333886,0.0
5,CN021,2022,mean_tmin6,temperature_hazard,16.7093,16.340133333333334,0.7397635428495056,0.010011071101378015,-0.00404500000000052,0.0
5,CN021,2022,tmin<-4.027p1,temperature_hazard,0.0,0.0,0.0,0.00046533849524221766,0.0,0.0
5,CN021,2022,tmin<-4.027p2,temperature_hazard,26.0,24.0,1.6329931618554523,0.012962096209179923,-0.0037938888888895406,0.0
5,CN021,2022,tmin<-4.027p3,temperature_hazard,13.0,12.0,0.16666666666666666,0.004439368893737348,-0.0070833333333339965,0.0
5,CN021,2022,tmin<-4.027p4,temperature_hazard,0.0,0.0,0.0,0.0019039565997986104,0.0,0.0
5,CN021,2022,tmin<-4.027p5,temperature_hazard,0.0,0.0,0.0,0.0,0.0,0.0
5,CN021,2022,tmin<-4.027p6,temperature_hazard,0.0,0.0,0.0,0.0,0.0,0.0
5,CN021,2022,tmin<-4.027p7,temperature_hazard,0.0,0.0,0.0,0.0,0.0,0.0
5,CN021,2022,tmax>31.246p1,temperature_hazard,0.0,0.0,0.0,0.0,0.0,0.0
5,CN021,2022,tmax>31.246p2,temperature_hazard,0.0,0.0,0.0,0.00017665281034320485,0.0,0.0
5,CN021,2022,tmax>31.246p3,temperature_hazard,0.0,0.0,0.0,6.908349009589775e-05,0.0,0.0
5,CN021,2022,tmax>31.246p4,temperature_hazard,0.0,0.0,0.0,0.0006293053260611733,0.0,0.0
5,CN021,2022,tmax>31.246p5,temperature_hazard,0.0,0.0,0.0,0.001469336899941713,0.0,0.0
5,CN021,2022,tmax>31.246p6,temperature_hazard,0.0,0.0,0.0,0.002320918318590675,0.0,0.0
5,CN021,2022,tmax>31.246p7,temperature_hazard,0.0,0.0,0.0,0.0020777574082735907,0.0,0.0
5,CN021,2022,prec<0.037p1,water_proxy,0.0,0.0,0.0,0.0009295822938097154,0.0,0.0
5,CN021,2022,prec<0.037p4,water_proxy,16.0,16.0,0.0,0.025693230727512686,0.0,0.0
5,CN021,2022,prec<0.037p5,water_proxy,6.0,12.0,0.8571428571428571,0.009291164190086876,-0.009610555555556566,0.0
5,CN021,2022,prec<0.037p7,water_proxy,0.0,0.0,0.0,0.002173414183177829,0.0,0.0
5,CN021,2022,median_cum_fpar1,crop_state_indicator,0.0,0.0,0.0,0.004754642766068187,0.0,0.0
5,CN021,2022,median_cum_fpar2,crop_state_indicator,21.307,19.2475,0.5928324697754749,0.014614232222732332,-0.017368888888889877,0.0
5,CN021,2022,median_cum_fpar4,crop_state_indicator,104.905,99.245,0.39492045771699685,0.02480748359547733,-0.0006605555555561082,0.0
5,CN021,2022,median_cum_ndvi1,crop_state_indicator,0.0,0.0,0.0,0.0018926787430466052,0.0,0.0
5,CN021,2022,median_cum_ndvi3,crop_state_indicator,1.1985,1.21,0.1543624161073834,0.07775865845935805,-0.00170333333333339,0.0
5,CN021,2022,median_cum_ndvi4,crop_state_indicator,2.062,2.03,0.27350427350427375,0.042772588758079676,-0.004145000000000287,0.0
5,CN021,2022,median_cum_ndvi7,crop_state_indicator,7.269,6.902,0.9852865593271465,0.010573265090748483,-0.0010816666666668695,0.0
5,CN021,2022,mean_ssm1,water_proxy,0.0,0.0,0.0,0.0034913535319388996,0.0,0.0
5,CN021,2022,mean_ssm2,water_proxy,5.105884615384616,4.896192307692308,0.7071774670210546,0.008875581083351567,-0.00047277777777843255,0.0
5,CN021,2022,mean_ssm3,water_proxy,5.137290322580645,4.758,1.0722232354550418,0.00922396371680262,-0.006731666666667024,0.0
5,CN021,2022,mean_ssm6,water_proxy,5.493366666666666,4.545633333333333,2.307979543794139,0.010547055728646093,-0.04651500000000208,0.0
5,CN021,2022,mean_ssm7,water_proxy,5.916461538461538,5.4511666666666665,0.6778163753174965,0.006821357782928302,-0.001189444444444021,0.0
6,CN022,2022,median_cum_ndvi2,crop_state_indicator,0.4615,0.4935,1.560975609756095,0.04771331548726668,0.011171111111111465,0.0008320167785955444
6,CN022,2022,median_cum_fpar5,crop_state_indicator,160.505,141.662,0.9324948438939722,0.02292879073773341,0.024491111111111685,0.0005236439357737808
6,CN022,2022,mean_ssm6,water_proxy,6.004499999999999,5.365766666666667,3.01093406915792,0.010547055728646093,0.016116111111111664,0.0005117911120348777
6,CN022,2022,median_cum_fpar4,crop_state_indicator,102.921,89.95400000000001,0.7560544940113866,0.02480748359547733,0.020577222222222247,0.0003859424591641081
6,CN022,2022,median_cum_fpar7,crop_state_indicator,423.271,407.368,0.6748468554769292,0.010151391945036756,0.02115277777777802,0.00014490995837066457
6,CN022,2022,mean_rad3,radiation_hazard,15321077.887096774,16380453.677419355,2.056580746626746,0.004245184333362696,0.016573888888890664,0.00014469940373732407
6,CN022,2022,mean_ssm3,water_proxy,5.578322580645161,5.214645161290322,0.7773028130170998,0.00922396371680262,0.019145000000000856,0.00013726606881744917
6,CN022,2022,mean_ssm4,water_proxy,5.378533333333333,4.9734,1.6256966021686927,0.0067618109092575564,0.011993333333332856,0.00013183855188277668
6,CN022,2022,prec<0.037p6,water_proxy,0.0,2.0,2.0,0.006946398603693774,0.009310555555557265,0.00012934966022147258
6,CN022,2022,mean_tmin5,temperature_hazard,8.299870967741935,9.298677419354838,1.588773018983629,0.014616805133365274,0.004673888888889088,0.00010854071967665203
6,CN022,2022,max_cum_gdd3,temperature_hazard,1.0090000000000003,2.349,0.09463276836158191,0.020214929351852203,0.026843333333333774,5.13511551163907e-05
6,CN022,2022,prec<0.037p3,water_proxy,12.0,10.0,0.4,0.006804497505905538,0.016601111111111955,4.51848876603288e-05
6,CN022,2022,tmin<-4.027p4,temperature_hazard,1.0,2.0,0.4343722427630694,0.0019039565997986104,0.05461888888888833,4.517123565174487e-05
6,CN022,2022,mean_tavg4,temperature_hazard,9.0708,7.714766666666667,0.5924515422937061,0.004550618555119359,0.014736111111112393,3.972886473937069e-05
6,CN022,2022,mean_cum_cwb5,water_proxy,-191.05770967741933,-151.13312903225807,0.7605336250122892,0.004330731671544896,0.009472222222223436,3.1198346291015376e-05
6,CN022,2022,median_cum_fpar3,crop_state_indicator,58.269,49.673,0.7019398707672723,0.012008354361110548,0.0031600000000002737,2.663609095843744e-05
6,CN022,2022,mean_ssm7,water_proxy,6.050571428571429,5.359857142857143,1.5442905568192593,0.006821357782928302,0.0018766666666669707,1.9769103947300393e-05
6,CN022,2022,mean_tmin4,temperature_hazard,2.1213333333333333,1.5213333333333334,0.46408046078557696,0.0059823909338138,0.006608333333332439,1.8346786814521407e-05
6,CN022,2022,mean_cum_cwb2,water_proxy,-7.225357142857143,-8.267862068965517,0.19869549939584139,0.0041840980289357555,0.01247722222222336,1.037308152595632e-05
6,CN022,2022,mean_tmin3,temperature_hazard,-5.715806451612903,-6.463806451612903,0.22365616289051554,0.014290333581365368,0.0031277777777773963,9.99675678697961e-06
6,CN022,2022,mean_tmax5,temperature_hazard,20.66058064516129,21.71864516129032,0.8604502261616301,0.002883646908735911,0.003518333333333068,8.729810523409547e-06
6,CN022,2022,mean_tmax4,temperature_hazard,15.4027,13.554066666666667,0.6071248005326275,0.002243219107874039,0.006256111111111018,8.520285016361767e-06
6,CN022,2022,mean_rad2,radiation_hazard,11643051.857142856,11712537.69642857,0.23402192729036614,0.0051929182370553835,0.004378333333333373,5.3207990674547085e-06
6,CN022,2022,mean_prec7,water_proxy,7.503214285714286,5.269846153846154,0.5542838831085597,0.0033973417928038954,0.0012983333333336233,2.444880855176316e-06
6,CN022,2022,mean_cum_cwb4,water_proxy,-90.5865,-99.82266666666666,0.2988700536687614,0.0028329431011265608,0.0012150000000001882,1.028718455859364e-06
6,CN022,2022,mean_rad5,radiation_hazard,22340557.51612903,21691892.66129032,0.358660324854736,0.003184281803113454,0.0007111111111113289,8.121426104419879e-07
6,CN022,2022,mean_tavg6,temperature_hazard,19.45746666666667,19.653,0.2366181275462844,0.004244286154210407,0.0004166666666671759,4.184479344087977e-07
6,CN022,2022,awc,fixed_context,13.895,13.895,0.0,0.05426224280791961,0.0,0.0
6,CN022,2022,bulk_density,fixed_context,1.483,1.483,0.0,0.10370424155286671,0.0,0.0
6,CN022,2022,max_cum_gdd1,temperature_hazard,0.0,0.0,0.0,0.003954838977228606,0.0,0.0
6,CN022,2022,max_cum_gdd2,temperature_hazard,0.0,0.0,0.0,0.006608761679829262,0.0,0.0
6,CN022,2022,max_cum_gdd4,temperature_hazard,132.375,122.121,0.2030320589030487,0.01760477193860538,0.0,0.0
6,CN022,2022,max_cum_gdd5,temperature_hazard,429.427,452.137,0.8638922702373695,0.00841312819342394,0.0,0.0
6,CN022,2022,max_cum_gdd6,temperature_hazard,863.151,890.526,0.903274297104855,0.006982955454215601,-0.0014327777777776163,0.0
6,CN022,2022,max_cum_gdd7,temperature_hazard,1118.085,1113.151,0.08621653735933395,0.0066041715446388755,0.0,0.0
6,CN022,2022,max_cum_prec1,water_proxy,0.0,0.0,0.0,0.0006800477602364822,0.0,0.0
6,CN022,2022,max_cum_prec2,water_proxy,5.635,11.162,0.6437623824242876,0.0017777348797750419,0.0,0.0
6,CN022,2022,max_cum_prec3,water_proxy,35.365,28.66,0.38424068767908315,0.0019965079234693034,0.0,0.0
6,CN022,2022,max_cum_prec4,water_proxy,65.44200000000001,74.452,0.195814226414274,0.0025774834576984635,-0.0041999999999999815,0.0
6,CN022,2022,max_cum_prec5,water_proxy,129.91,140.365,0.278445874156319,0.001952212049775364,-0.00365611111111086,0.0
6,CN022,2022,max_cum_prec6,water_proxy,341.708,262.412,1.2555939518067314,0.002025633146550257,-0.04481166666666603,0.0
6,CN022,2022,max_cum_prec7,water_proxy,446.753,357.68,1.3910266420963862,0.004792508298079563,-0.0032794444444439463,0.0
6,CN022,2022,mean_cum_cwb1,water_proxy,0.0,0.0,0.0,0.0005611748506648037,0.0,0.0
6,CN022,2022,mean_cum_cwb3,water_proxy,-30.04267741935484,-31.831451612903223,0.11540502685749589,0.0019189010993987078,0.0,0.0
6,CN022,2022,mean_cum_cwb6,water_proxy,-165.24836666666667,-188.58396666666667,0.43083052361909996,0.0032918749855547023,0.0,0.0
6,CN022,2022,mean_cum_cwb7,water_proxy,-93.93242857142856,-172.71369230769233,0.9960638185176923,0.0023356369493571423,-0.012554999999998984,0.0
6,CN022,2022,mean_prec1,water_proxy,0.0,0.0,0.0,0.0006356149152419931,0.0,0.0
6,CN022,2022,mean_prec2,water_proxy,0.2012499999999999,0.3848965517241379,0.594117270182351,0.0024772599894613777,-0.0010816666666668695,0.0
6,CN022,2022,mean_prec3,water_proxy,0.9590322580645162,0.708516129032258,0.7521549636803878,0.0017709681352000184,-0.017123333333333157,0.0
6,CN022,2022,mean_prec4,water_proxy,1.0025666666666666,1.3696666666666666,0.3889320525497952,0.00237466337051435,0.0,0.0
6,CN022,2022,mean_prec5,water_proxy,2.0796129032258066,2.1978709677419355,0.060377482789288096,0.0016144216931508212,0.0,0.0
6,CN022,2022,mean_prec6,water_proxy,7.059933333333333,4.068233333333334,2.404114032302723,0.003021116335746942,-0.004202222222222218,0.0
6,CN022,2022,mean_rad1,radiation_hazard,0.0,0.0,0.0,0.0043086705824463035,0.0,0.0
6,CN022,2022,mean_rad4,radiation_hazard,20291977.316666663,19361082.33333333,0.5044673837914412,0.004179109607436093,-0.0026283333333330106,0.0
6,CN022,2022,mean_rad6,radiation_hazard,18628026.23333333,21017877.53333333,1.4652334565616147,0.002816618668235694,-0.014198888888888206,0.0
6,CN022,2022,mean_rad7,radiation_hazard,17174947.75,21167457.285714287,1.3991995881539268,0.004447365874306189,-0.027191666666666947,0.0
6,CN022,2022,mean_tavg1,temperature_hazard,0.0,0.0,0.0,0.0014727122435304616,0.0,0.0
6,CN022,2022,mean_tavg2,temperature_hazard,-11.769785714285714,-11.488071428571429,0.1012519276427958,0.007205119237766788,0.0,0.0
6,CN022,2022,mean_tavg3,temperature_hazard,-0.7326774193548388,-0.7988709677419356,0.017578576752075255,0.006757762909017114,0.0,0.0
6,CN022,2022,mean_tavg5,temperature_hazard,14.582322580645162,15.487483870967743,0.9629652665221626,0.0025966691443671313,0.0,0.0
6,CN022,2022,mean_tavg7,temperature_hazard,23.209571428571422,22.60521428571429,0.5018066187943009,0.004673401498541836,-0.0008561111111111686,0.0
6,CN022,2022,mean_tmax1,temperature_hazard,0.0,0.0,0.0,0.002413764687523313,0.0,0.0
6,CN022,2022,mean_tmax2,temperature_hazard,-6.064285714285715,-5.184785714285715,0.2931666666666667,0.007233356156290362,0.0,0.0
6,CN022,2022,mean_tmax3,temperature_hazard,4.184677419354839,5.199967741935484,0.23442748717032005,0.007683654374873957,0.0,0.0
6,CN022,2022,mean_tmax6,temperature_hazard,23.8035,24.903666666666663,1.621675231755106,0.00305739409224299,-0.014407222222223126,0.0
6,CN022,2022,mean_tmax7,temperature_hazard,27.13471428571429,27.153785714285718,0.008394622217815489,0.00363966370215959,0.0,0.0
6,CN022,2022,mean_tmin1,temperature_hazard,0.0,0.0,0.0,0.0016369422569999911,0.0,0.0
6,CN022,2022,mean_tmin2,temperature_hazard,-16.62035714285714,-17.198464285714287,0.2097998641328648,0.00751611653558336,0.0,0.0
6,CN022,2022,mean_tmin6,temperature_hazard,15.626066666666668,15.678866666666666,0.049765936724368944,0.010011071101378015,0.0,0.0
6,CN022,2022,mean_tmin7,temperature_hazard,19.906214285714288,18.86285714285714,1.326614022917622,0.008980821930604123,-0.0007150000000004653,0.0
6,CN022,2022,tmin<-4.027p1,temperature_hazard,0.0,0.0,0.0,0.00046533849524221766,0.0,0.0
6,CN022,2022,tmin<-4.027p2,temperature_hazard,28.0,28.0,0.0,0.012962096209179923,0.0,0.0
6,CN022,2022,tmin<-4.027p3,temperature_hazard,20.0,22.0,0.2857142857142857,0.004439368893737348,-0.004738333333333067,0.0
6,CN022,2022,tmin<-4.027p5,temperature_hazard,0.0,0.0,0.0,0.0,0.0,0.0
6,CN022,2022,tmin<-4.027p6,temperature_hazard,0.0,0.0,0.0,0.0,0.0,0.0
6,CN022,2022,tmin<-4.027p7,temperature_hazard,0.0,0.0,0.0,0.0,0.0,0.0
6,CN022,2022,tmax>31.246p1,temperature_hazard,0.0,0.0,0.0,0.0,0.0,0.0
6,CN022,2022,tmax>31.246p2,temperature_hazard,0.0,0.0,0.0,0.00017665281034320485,0.0,0.0
6,CN022,2022,tmax>31.246p3,temperature_hazard,0.0,0.0,0.0,6.908349009589775e-05,0.0,0.0
6,CN022,2022,tmax>31.246p4,temperature_hazard,0.0,0.0,0.0,0.0006293053260611733,0.0,0.0
6,CN022,2022,tmax>31.246p5,temperature_hazard,0.0,0.0,0.0,0.001469336899941713,0.0,0.0
6,CN022,2022,tmax>31.246p6,temperature_hazard,0.0,0.0,0.0,0.002320918318590675,0.0,0.0
6,CN022,2022,tmax>31.246p7,temperature_hazard,0.0,0.0,0.0,0.0020777574082735907,0.0,0.0
6,CN022,2022,prec<0.037p1,water_proxy,0.0,0.0,0.0,0.0009295822938097154,0.0,0.0
6,CN022,2022,prec<0.037p2,water_proxy,15.0,12.0,0.5,0.003741738289900092,-0.004922222222222494,0.0
6,CN022,2022,prec<0.037p4,water_proxy,13.0,8.0,1.4030338331657843,0.025693230727512686,-0.016874999999998863,0.0
6,CN022,2022,prec<0.037p5,water_proxy,3.0,7.0,1.0,0.009291164190086876,-0.0023450000000000415,0.0
6,CN022,2022,prec<0.037p7,water_proxy,1.0,1.0,0.0,0.002173414183177829,0.0,0.0
6,CN022,2022,median_cum_fpar1,crop_state_indicator,0.0,0.0,0.0,0.004754642766068187,0.0,0.0
6,CN022,2022,median_cum_fpar2,crop_state_indicator,20.516,16.447,0.7827009952875322,0.014614232222732332,-0.04474722222222116,0.0
6,CN022,2022,median_cum_fpar6,crop_state_indicator,265.223,249.608,0.7082179561437901,0.026248574424483553,0.0,0.0
6,CN022,2022,median_cum_ndvi1,crop_state_indicator,0.0,0.0,0.0,0.0018926787430466052,0.0,0.0
6,CN022,2022,median_cum_ndvi3,crop_state_indicator,1.2625,1.29,0.6312796298341302,0.07775865845935805,-0.00047166666666687007,0.0
6,CN022,2022,median_cum_ndvi4,crop_state_indicator,2.082,2.103,0.26415094339623113,0.042772588758079676,0.0,0.0
6,CN022,2022,median_cum_ndvi5,crop_state_indicator,3.0605,3.159,0.7163636363636348,0.04374314802002847,-0.009333333333332305,0.0
6,CN022,2022,median_cum_ndvi6,crop_state_indicator,4.547000000000001,4.6355,0.5999999999999988,0.0960538811272201,-0.03688555555555695,0.0
6,CN022,2022,median_cum_ndvi7,crop_state_indicator,6.613,6.713,0.7236063347998765,0.010573265090748483,-0.007281666666666631,0.0
6,CN022,2022,mean_ssm1,water_proxy,0.0,0.0,0.0,0.0034913535319388996,0.0,0.0
6,CN022,2022,mean_ssm2,water_proxy,5.516392857142857,5.3490714285714285,0.35800582337518544,0.008875581083351567,-0.002746666666666897,0.0
6,CN022,2022,mean_ssm5,water_proxy,5.195290322580645,5.309677419354839,0.25677045619116595,0.005201215977148358,0.0,0.0
7,CN023,2022,mean_tmin5,temperature_hazard,6.860387096774193,7.940193548387096,7.922944030956749,0.014616805133365274,0.06376944444444632,0.007385020047400159
7,CN023,2022,median_cum_ndvi5,crop_state_indicator,2.9895,3.1855,1.5981811984553003,0.04374314802002847,0.02142388888888913,0.0014977328616765585
7,CN023,2022,median_cum_fpar6,crop_state_indicator,215.476,231.995,1.2138290836946135,0.026248574424483553,0.036762777777779476,0.0011713092681865363
7,CN023,2022,median_cum_ndvi4,crop_state_indicator,2.0,2.167,1.235201694622948,0.042772588758079676,0.01009555555555508,0.000533376206256208
7,CN023,2022,median_cum_fpar5,crop_state_indicator,115.175,131.059,1.1295081657980082,0.02292879073773341,0.020018333333333693,0.0005184399287696677
7,CN023,2022,mean_ssm4,water_proxy,5.6891,5.2488,2.1530562347188305,0.0067618109092575564,0.018862777777777673,0.000274614865750149
7,CN023,2022,median_cum_ndvi3,crop_state_indicator,1.206,1.318,0.705314006250071,0.07775865845935805,0.004501666666666182,0.0002468906262518747
7,CN023,2022,mean_rad3,radiation_hazard,14953499.967741936,15565378.903225806,1.389106342292182,0.004245184333362696,0.03083055555555614,0.00018180817092804374
7,CN023,2022,median_cum_ndvi7,crop_state_indicator,6.832000000000001,7.0965,1.3918329955905615,0.010573265090748483,0.009976111111111408,0.00014681063811838315
7,CN023,2022,mean_tmin2,temperature_hazard,-18.711714285714287,-17.426392857142854,0.5327622155111446,0.00751611653558336,0.02347111111111211,9.398543823064704e-05
7,CN023,2022,mean_cum_cwb2,water_proxy,-3.875857142857143,-4.918785714285714,0.32138657887655253,0.0041840980289357555,0.054827777777778586,7.372762286350217e-05
7,CN023,2022,median_cum_fpar7,crop_state_indicator,377.98,394.2775,1.0134946052672482,0.010151391945036756,0.004019444444444353,4.135357574122982e-05
7,CN023,2022,mean_rad2,radiation_hazard,10508054.25,10681170.285714284,0.25984809539358206,0.0051929182370553835,0.018254444444444573,2.4631998119775702e-05
7,CN023,2022,mean_prec6,water_proxy,3.3911333333333333,3.9012666666666656,0.6578940670792992,0.003021116335746942,0.011507222222221891,2.2871461607126263e-05
7,CN023,2022,max_cum_gdd3,temperature_hazard,0.0,0.6799999999999997,0.13335170955246012,0.020214929351852203,0.00837333333333401,2.2571956045101357e-05
7,CN023,2022,max_cum_prec4,water_proxy,67.956,57.771,0.6348167539267018,0.0025774834576984635,0.009688888888889302,1.5853247584785937e-05
7,CN023,2022,mean_ssm2,water_proxy,5.735071428571429,5.500178571428571,1.0185681633699322,0.008875581083351567,0.0013366666666669857,1.208398037829301e-05
7,CN023,2022,max_cum_gdd6,temperature_hazard,753.403,785.801,0.7903822165870213,0.006982955454215601,0.001903888888888261,1.0507950809809236e-05
7,CN023,2022,mean_prec7,water_proxy,3.4014166666666665,3.9325,0.3681899589808771,0.0033973417928038954,0.005334999999999646,6.673376167019708e-06
7,CN023,2022,mean_cum_cwb5,water_proxy,-139.31606451612902,-145.30780645161292,0.2088585035614646,0.004330731671544896,0.007138888888889916,6.4571973615285e-06
7,CN023,2022,prec<0.037p5,water_proxy,1.0,2.0,0.3296902366978935,0.009291164190086876,0.0020766666666665046,6.361258044669175e-06
7,CN023,2022,mean_prec3,water_proxy,0.6446774193548387,0.3768709677419355,0.917824549353849,0.0017709681352000184,0.0038716666666669397,6.293154241845429e-06
7,CN023,2022,mean_tavg5,temperature_hazard,13.106774193548388,14.115,1.485150867189354,0.0025966691443671313,0.0012655555555554088,4.880545940607898e-06
7,CN023,2022,mean_cum_cwb4,water_proxy,-75.91843333333333,-81.60629999999999,0.23309082067267894,0.0028329431011265608,0.0008494444444444582,5.609162258218694e-07
7,CN023,2022,awc,fixed_context,14.269,14.269,0.0,0.05426224280791961,0.0,0.0
7,CN023,2022,bulk_density,fixed_context,1.486,1.486,0.0,0.10370424155286671,0.0,0.0
7,CN023,2022,max_cum_gdd1,temperature_hazard,0.0,0.0,0.0,0.003954838977228606,0.0,0.0
7,CN023,2022,max_cum_gdd2,temperature_hazard,0.0,0.0,0.0,0.006608761679829262,0.0,0.0
7,CN023,2022,max_cum_gdd4,temperature_hazard,71.574,75.479,0.203292149497656,0.01760477193860538,0.0,0.0
7,CN023,2022,max_cum_gdd5,temperature_hazard,322.884,357.993,1.3056766734021557,0.00841312819342394,0.0,0.0
7,CN023,2022,max_cum_gdd7,temperature_hazard,975.517,988.983,0.16681325487767,0.0066041715446388755,-0.0015566666666666507,0.0
7,CN023,2022,max_cum_prec1,water_proxy,0.0,0.0,0.0,0.0006800477602364822,0.0,0.0
7,CN023,2022,max_cum_prec2,water_proxy,6.28,10.68,0.9256422838386585,0.0017777348797750419,-0.0019333333333335645,0.0
7,CN023,2022,max_cum_prec3,water_proxy,26.265,20.869,0.4767976429821919,0.0019965079234693034,0.0,0.0
7,CN023,2022,max_cum_prec5,water_proxy,134.989,114.905,1.2348745696015735,0.001952212049775364,-0.010308333333332698,0.0
7,CN023,2022,max_cum_prec6,water_proxy,236.723,237.27,0.01607357997120265,0.002025633146550257,0.0,0.0
7,CN023,2022,max_cum_prec7,water_proxy,277.54,301.659,0.7377206786551986,0.004792508298079563,0.0,0.0
7,CN023,2022,mean_cum_cwb1,water_proxy,0.0,0.0,0.0,0.0005611748506648037,0.0,0.0
7,CN023,2022,mean_cum_cwb3,water_proxy,-23.179677419354835,-23.11035483870968,0.004482533097993844,0.0019189010993987078,0.0,0.0
7,CN023,2022,mean_cum_cwb6,water_proxy,-175.93086666666667,-204.22133333333332,0.5522673692608117,0.0032918749855547023,0.0,0.0
7,CN023,2022,mean_cum_cwb7,water_proxy,-187.4416666666667,-184.48316666666668,0.05797153675664756,0.0023356369493571423,0.0,0.0
7,CN023,2022,mean_prec1,water_proxy,0.0,0.0,0.0,0.0006356149152419931,0.0,0.0
7,CN023,2022,mean_prec2,water_proxy,0.2242857142857142,0.3682758620689655,0.8521928002390694,0.0024772599894613777,0.0,0.0
7,CN023,2022,mean_prec4,water_proxy,1.3897000000000002,1.0278333333333334,0.8384306456595616,0.00237466337051435,-0.008003888888888255,0.0
7,CN023,2022,mean_prec5,water_proxy,2.1623548387096774,1.829032258064516,0.37979642911999534,0.0016144216931508212,0.0,0.0
7,CN023,2022,mean_rad1,radiation_hazard,0.0,0.0,0.0,0.0043086705824463035,0.0,0.0
7,CN023,2022,mean_rad4,radiation_hazard,18961269.83333333,19028447.55,0.10998577922792468,0.004179109607436093,-0.005157777777777817,0.0
7,CN023,2022,mean_rad5,radiation_hazard,21307877.774193548,21223994.54838709,0.10369368321807225,0.003184281803113454,0.0,0.0
7,CN023,2022,mean_rad6,radiation_hazard,20302335.03333333,20311389.03333333,0.0075795229372732234,0.002816618668235694,0.0,0.0
7,CN023,2022,mean_rad7,radiation_hazard,19518235.08333333,20452206.25,0.20532511797436304,0.004447365874306189,-0.007403888888887877,0.0
7,CN023,2022,mean_tavg1,temperature_hazard,0.0,0.0,0.0,0.0014727122435304616,0.0,0.0
7,CN023,2022,mean_tavg2,temperature_hazard,-13.766357142857142,-12.00206896551724,0.7276089319594088,0.007205119237766788,-0.0049555555555533815,0.0
7,CN023,2022,mean_tavg3,temperature_hazard,-2.479935483870968,-2.136032258064516,0.24322753043747175,0.006757762909017114,-0.001915555555554782,0.0
7,CN023,2022,mean_tavg4,temperature_hazard,6.729133333333333,6.644666666666667,0.16921481752196985,0.004550618555119359,0.0,0.0
7,CN023,2022,mean_tavg6,temperature_hazard,19.35063333333333,18.832733333333334,0.4240794824903762,0.004244286154210407,0.0,0.0
7,CN023,2022,mean_tavg7,temperature_hazard,23.5095,21.628636363636364,1.2339826973022314,0.004673401498541836,-0.012684999999999391,0.0
7,CN023,2022,mean_tmax1,temperature_hazard,0.0,0.0,0.0,0.002413764687523313,0.0,0.0
7,CN023,2022,mean_tmax2,temperature_hazard,-8.06325,-6.440551724137931,0.6757242881301548,0.007233356156290362,-0.005708888888888097,0.0
7,CN023,2022,mean_tmax3,temperature_hazard,2.544064516129032,3.4720645161290324,0.685265066349284,0.007683654374873957,-0.0030027777777767994,0.0
7,CN023,2022,mean_tmax4,temperature_hazard,12.899466666666664,13.258066666666666,0.6391017643913772,0.002243219107874039,0.0,0.0
7,CN023,2022,mean_tmax5,temperature_hazard,19.028419354838707,20.165451612903222,1.2703813162257638,0.002883646908735911,-0.00256111111111057,0.0
7,CN023,2022,mean_tmax6,temperature_hazard,24.288433333333334,23.898766666666667,0.30088541130443824,0.00305739409224299,0.0,0.0
7,CN023,2022,mean_tmax7,temperature_hazard,27.74508333333333,25.948083333333333,0.9214356300890938,0.00363966370215959,-0.00843277777777729,0.0
7,CN023,2022,mean_tmin1,temperature_hazard,0.0,0.0,0.0,0.0016369422569999911,0.0,0.0
7,CN023,2022,mean_tmin3,temperature_hazard,-7.870645161290323,-7.911,0.023918589024375908,0.014290333581365368,0.0,0.0
7,CN023,2022,mean_tmin4,temperature_hazard,0.1696666666666666,-0.1413999999999999,0.35117031685105726,0.0059823909338138,0.0,0.0
7,CN023,2022,mean_tmin6,temperature_hazard,14.694366666666667,13.9912,0.9933135565287088,0.010011071101378015,-0.0033194444444450966,0.0
7,CN023,2022,mean_tmin7,temperature_hazard,19.746,17.8325,1.3983314049083466,0.008980821930604123,-0.045544999999998836,0.0
7,CN023,2022,tmin<-4.027p1,temperature_hazard,0.0,0.0,0.0,0.00046533849524221766,0.0,0.0
7,CN023,2022,tmin<-4.027p2,temperature_hazard,28.0,28.0,0.0,0.012962096209179923,0.0,0.0
7,CN023,2022,tmin<-4.027p3,temperature_hazard,25.0,23.0,0.3333333333333333,0.004439368893737348,-0.01242055555555499,0.0
7,CN023,2022,tmin<-4.027p4,temperature_hazard,4.0,3.0,0.3333333333333333,0.0019039565997986104,0.0,0.0
7,CN023,2022,tmin<-4.027p5,temperature_hazard,0.0,0.0,0.0,0.0,0.0,0.0
7,CN023,2022,tmin<-4.027p6,temperature_hazard,0.0,0.0,0.0,0.0,0.0,0.0
7,CN023,2022,tmin<-4.027p7,temperature_hazard,0.0,0.0,0.0,0.0,0.0,0.0
7,CN023,2022,tmax>31.246p1,temperature_hazard,0.0,0.0,0.0,0.0,0.0,0.0
7,CN023,2022,tmax>31.246p2,temperature_hazard,0.0,0.0,0.0,0.00017665281034320485,0.0,0.0
7,CN023,2022,tmax>31.246p3,temperature_hazard,0.0,0.0,0.0,6.908349009589775e-05,0.0,0.0
7,CN023,2022,tmax>31.246p4,temperature_hazard,0.0,0.0,0.0,0.0006293053260611733,0.0,0.0
7,CN023,2022,tmax>31.246p5,temperature_hazard,0.0,0.0,0.0,0.001469336899941713,0.0,0.0
7,CN023,2022,tmax>31.246p6,temperature_hazard,0.0,0.0,0.0,0.002320918318590675,0.0,0.0
7,CN023,2022,tmax>31.246p7,temperature_hazard,0.0,0.0,0.0,0.0020777574082735907,0.0,0.0
7,CN023,2022,prec<0.037p1,water_proxy,0.0,0.0,0.0,0.0009295822938097154,0.0,0.0
7,CN023,2022,prec<0.037p2,water_proxy,14.0,14.0,0.0,0.003741738289900092,0.0,0.0
7,CN023,2022,prec<0.037p3,water_proxy,14.0,12.0,0.5307448924342753,0.006804497505905538,0.0,0.0
7,CN023,2022,prec<0.037p4,water_proxy,8.0,8.0,0.0,0.025693230727512686,0.0,0.0
7,CN023,2022,prec<0.037p6,water_proxy,0.0,0.0,0.0,0.006946398603693774,0.0,0.0
7,CN023,2022,prec<0.037p7,water_proxy,0.0,0.0,0.0,0.002173414183177829,0.0,0.0
7,CN023,2022,median_cum_fpar1,crop_state_indicator,0.0,0.0,0.0,0.004754642766068187,0.0,0.0
7,CN023,2022,median_cum_fpar2,crop_state_indicator,7.987,10.895,0.37543048615928987,0.014614232222732332,-0.02877833333333335,0.0
7,CN023,2022,median_cum_fpar3,crop_state_indicator,29.755,39.266000000000005,0.645429972186627,0.012008354361110548,-0.007334444444444088,0.0
7,CN023,2022,median_cum_fpar4,crop_state_indicator,65.249,79.503,0.9213384657204394,0.02480748359547733,-0.005939444444444497,0.0
7,CN023,2022,median_cum_ndvi1,crop_state_indicator,0.0,0.0,0.0,0.0018926787430466052,0.0,0.0
7,CN023,2022,median_cum_ndvi2,crop_state_indicator,0.4549999999999999,0.4825,0.69620253164557,0.04771331548726668,-0.0015966666666669127,0.0
7,CN023,2022,median_cum_ndvi6,crop_state_indicator,4.654999999999999,4.9165,1.4437117507373711,0.0960538811272201,-0.0014511111111099595,0.0
7,CN023,2022,mean_ssm1,water_proxy,0.0,0.0,0.0,0.0034913535319388996,0.0,0.0
7,CN023,2022,mean_ssm3,water_proxy,5.855903225806452,5.487580645161291,1.310907003444324,0.00922396371680262,-0.0007299999999998974,0.0
7,CN023,2022,mean_ssm5,water_proxy,5.618548387096775,5.260806451612903,1.4019911540235477,0.005201215977148358,-0.001735000000000042,0.0
7,CN023,2022,mean_ssm6,water_proxy,5.709033333333333,5.5021,0.48012374323279056,0.010547055728646093,0.0,0.0
7,CN023,2022,mean_ssm7,water_proxy,5.681916666666667,5.6001666666666665,0.23632953561845915,0.006821357782928302,-0.0015966666666669127,0.0
8,CN031,2022,median_cum_ndvi6,crop_state_indicator,7.91,6.563,3.4011659782066386,0.0960538811272201,0.33517499999999956,0.10950006116784158
8,CN031,2022,median_cum_ndvi3,crop_state_indicator,2.849,2.3705,2.0020920502092077,0.07775865845935805,0.04380333333333386,0.006819302580121456
8,CN031,2022,median_cum_ndvi5,crop_state_indicator,6.1295,5.3155,2.334814448295086,0.04374314802002847,0.025233888888888778,0.002577190921620516
8,CN031,2022,median_cum_ndvi2,crop_state_indicator,1.3375,1.017,1.3523206751054846,0.04771331548726668,0.019746666666666357,0.001274128055462356
8,CN031,2022,median_cum_fpar6,crop_state_indicator,498.907,471.568,5.33315675389858,0.026248574424483553,0.00684055555555485,0.0009575940628682396
8,CN031,2022,median_cum_ndvi4,crop_state_indicator,4.476,3.672,2.612405167958026,0.042772588758079676,0.007062222222222303,0.0007891279929714627
8,CN031,2022,median_cum_fpar4,crop_state_indicator,283.001,264.434,2.679605568879535,0.02480748359547733,0.0057172222222225955,0.00038004818046683334
8,CN031,2022,mean_ssm2,water_proxy,6.964535714285715,6.692785714285714,1.5286208114829627,0.008875581083351567,0.025578333333332814,0.0003470314274361047
8,CN031,2022,prec<0.037p3,water_proxy,11.0,13.0,0.5,0.006804497505905538,0.09817388888888967,0.00033401199104474854
8,CN031,2022,mean_tmin5,temperature_hazard,15.701290322580643,16.90096774193548,1.6811319048910622,0.014616805133365274,0.012991111111110953,0.00031922768225607265
8,CN031,2022,max_cum_gdd4,temperature_hazard,575.671,533.321,0.9237245621305656,0.01760477193860538,0.014370000000000438,0.00023368436879820804
8,CN031,2022,median_cum_fpar5,crop_state_indicator,397.302,375.236,3.123283793347493,0.02292879073773341,0.0017511111111101485,0.00012540253103021653
8,CN031,2022,mean_ssm5,water_proxy,6.770258064516129,6.405096774193548,1.7514508395675727,0.005201215977148358,0.013317777777777096,0.00012132061515791145
8,CN031,2022,mean_ssm3,water_proxy,7.078709677419355,6.787645161290323,1.0730170055892507,0.00922396371680262,0.010921111111110271,0.00010809136879237602
8,CN031,2022,mean_cum_cwb4,water_proxy,139.2704666666667,12.052766666666669,3.3018215924060232,0.0028329431011265608,0.009636666666665406,9.014015326540194e-05
8,CN031,2022,max_cum_gdd3,temperature_hazard,251.123,223.678,0.640340118415913,0.020214929351852203,0.0064149999999996155,8.30385200853989e-05
8,CN031,2022,mean_ssm4,water_proxy,7.119133333333334,6.561433333333333,2.1850594227504256,0.0067618109092575564,0.005104999999999471,7.542616386806505e-05
8,CN031,2022,mean_tmax3,temperature_hazard,16.40593548387097,15.065645161290323,1.724525795874323,0.007683654374873957,0.0050944444444445125,6.7504752119114e-05
8,CN031,2022,mean_tavg3,temperature_hazard,11.977451612903224,10.03467741935484,1.5992033988316494,0.006757762909017114,0.003342222222221025,3.6119520596761125e-05
8,CN031,2022,prec<0.037p1,water_proxy,2.0,8.0,1.9166296949998198,0.0009295822938097154,0.019273333333332587,3.433862397803009e-05
8,CN031,2022,mean_rad1,radiation_hazard,6377139.302083333,10138256.666666666,1.1904746450786317,0.0043086705824463035,0.004749999999999588,2.4364474641390782e-05
8,CN031,2022,mean_tmax6,temperature_hazard,28.7335,27.69813793103448,0.769061653683413,0.00305739409224299,0.009644444444444566,2.2677219056430384e-05
8,CN031,2022,mean_tavg6,temperature_hazard,25.2424,24.225133333333336,0.8950085048976476,0.004244286154210407,0.0055177777777775106,2.0960229079121357e-05
8,CN031,2022,mean_ssm1,water_proxy,6.96975,6.7562500000000005,0.9197898827998816,0.0034913535319388996,0.006403333333332206,2.0563098970295107e-05
8,CN031,2022,mean_ssm6,water_proxy,6.6437333333333335,6.6226,0.07349076753651236,0.010547055728646093,0.018862222222222336,1.4620320092697577e-05
8,CN031,2022,mean_prec4,water_proxy,5.5211,2.457866666666667,2.277845473631823,0.00237466337051435,0.002583333333333826,1.3973550208976617e-05
8,CN031,2022,mean_tavg5,temperature_hazard,19.37832258064516,20.66283870967742,1.1660663562622653,0.0025966691443671313,0.003183333333333316,9.638778479497438e-06
8,CN031,2022,mean_tmin1,temperature_hazard,3.011083333333333,1.8784166666666664,0.6383918087454792,0.0016369422569999911,0.0075694444444449616,7.910149137510007e-06
8,CN031,2022,mean_tmin4,temperature_hazard,11.607666666666669,10.936666666666667,0.3674698795180728,0.0059823909338138,0.0031361111111110063,6.894265080669501e-06
8,CN031,2022,max_cum_prec1,water_proxy,52.686,9.791,1.3014259708737863,0.0006800477602364822,0.0075699999999994105,6.699690851709228e-06
8,CN031,2022,mean_prec1,water_proxy,4.3905,0.8159166666666667,1.3014259708737863,0.0006356149152419931,0.006793888888888766,5.619944009260525e-06
8,CN031,2022,mean_prec6,water_proxy,4.387766666666667,5.980533333333333,0.3087794349523095,0.003021116335746942,0.004613333333333358,4.3035876519558605e-06
8,CN031,2022,mean_rad6,radiation_hazard,19542269.766666666,16559445.15,0.6577492436540243,0.002816618668235694,0.0015677777777769464,2.9045102610617916e-06
8,CN031,2022,max_cum_prec2,water_proxy,105.96,93.581,0.3264675533125999,0.0017777348797750419,0.0018766666666660825,1.0891662066248174e-06
8,CN031,2022,max_cum_gdd1,temperature_hazard,13.652,15.444,0.27131184408451536,0.003954838977228606,0.0009899999999989362,1.062264709408378e-06
8,CN031,2022,mean_rad5,radiation_hazard,19393008.870967746,18807879.30645161,0.45853048759209475,0.003184281803113454,0.0005722222222219742,8.354961091366456e-07
8,CN031,2022,prec<0.037p6,water_proxy,6.0,5.0,0.16666666666666666,0.006946398603693774,0.0005327777777779374,6.16814468605956e-07
8,CN031,2022,median_cum_ndvi1,crop_state_indicator,0.38,0.346,0.2172082801104023,0.0018926787430466052,0.000643333333332663,2.644778681786695e-07
8,CN031,2022,awc,fixed_context,12.706,12.706,0.0,0.05426224280791961,0.0,0.0
8,CN031,2022,bulk_density,fixed_context,1.42,1.42,0.0,0.10370424155286671,0.0,0.0
8,CN031,2022,max_cum_gdd2,temperature_hazard,34.822,60.953,0.8951537048852796,0.006608761679829262,-0.0017627777777775577,0.0
8,CN031,2022,max_cum_gdd5,temperature_hazard,1021.399,1018.869,0.025856430381816398,0.00841312819342394,0.0,0.0
8,CN031,2022,max_cum_gdd6,temperature_hazard,1628.671,1564.058,0.676285573732744,0.006982955454215601,0.0,0.0
8,CN031,2022,max_cum_gdd7,temperature_hazard,0.0,0.0,0.0,0.0066041715446388755,0.0,0.0
8,CN031,2022,max_cum_prec3,water_proxy,262.91,161.049,1.6065390196202136,0.0019965079234693034,-0.003298333333333403,0.0
8,CN031,2022,max_cum_prec4,water_proxy,428.543,244.495,5.166767939210584,0.0025774834576984635,-0.007156666666666922,0.0
8,CN031,2022,max_cum_prec5,water_proxy,474.328,363.114,1.7526198672144933,0.001952212049775364,-0.0019316666666666649,0.0
8,CN031,2022,max_cum_prec6,water_proxy,605.961,540.251,0.42206260493141173,0.002025633146550257,-0.00026000000000081513,0.0
8,CN031,2022,max_cum_prec7,water_proxy,0.0,0.0,0.0,0.004792508298079563,0.0,0.0
8,CN031,2022,mean_cum_cwb1,water_proxy,21.481416666666664,-1.9319166666666667,1.1108343514136487,0.0005611748506648037,0.0,0.0
8,CN031,2022,mean_cum_cwb2,water_proxy,56.057857142857145,15.805214285714284,1.2228997958542285,0.0041840980289357555,0.0,0.0
8,CN031,2022,mean_cum_cwb3,water_proxy,71.20341935483872,41.811516129032256,0.600441018777694,0.0019189010993987078,-0.0042311111111112965,0.0
8,CN031,2022,mean_cum_cwb5,water_proxy,139.40506451612902,-5.30348387096774,2.6818177198632416,0.004330731671544896,-0.0002566666666661277,0.0
8,CN031,2022,mean_cum_cwb6,water_proxy,112.52576666666666,55.32553333333333,0.5913784541306202,0.0032918749855547023,-0.0022772222222222638,0.0
8,CN031,2022,mean_cum_cwb7,water_proxy,0.0,0.0,0.0,0.0023356369493571423,0.0,0.0
8,CN031,2022,mean_prec2,water_proxy,1.902642857142857,2.046689655172414,0.1752194353572384,0.0024772599894613777,-0.010071666666665813,0.0
8,CN031,2022,mean_prec3,water_proxy,5.062903225806451,2.610225806451613,2.835484486919207,0.0017709681352000184,-0.005463333333334042,0.0
8,CN031,2022,mean_prec5,water_proxy,1.4769354838709678,3.808967741935484,1.890075111817352,0.0016144216931508212,-0.006330000000000169,0.0
8,CN031,2022,mean_prec7,water_proxy,0.0,0.0,0.0,0.0033973417928038954,0.0,0.0
8,CN031,2022,mean_rad2,radiation_hazard,10424738.39732143,11769896.353448275,0.7477008199107676,0.0051929182370553835,-0.0013416666666667965,0.0
8,CN031,2022,mean_rad3,radiation_hazard,14928045.588709677,15025042.548387095,0.08645326847638397,0.004245184333362696,0.0,0.0
8,CN031,2022,mean_rad4,radiation_hazard,18585200.491666667,19805281.016666666,0.7924392719280046,0.004179109607436093,-0.0009955555555558604,0.0
8,CN031,2022,mean_rad7,radiation_hazard,0.0,0.0,0.0,0.004447365874306189,0.0,0.0
8,CN031,2022,mean_tavg1,temperature_hazard,5.6295,5.774416666666667,0.08776889747486688,0.0014727122435304616,0.0,0.0
8,CN031,2022,mean_tavg2,temperature_hazard,4.923785714285714,5.946607142857142,0.7812510581719757,0.007205119237766788,-0.0049461111111108735,0.0
8,CN031,2022,mean_tavg4,temperature_hazard,15.818266666666666,15.2921,0.3074780372830517,0.004550618555119359,-0.002200000000000202,0.0
8,CN031,2022,mean_tavg7,temperature_hazard,0.0,0.0,0.0,0.004673401498541836,0.0,0.0
8,CN031,2022,mean_tmax1,temperature_hazard,8.287333333333335,9.331416666666668,0.5143807750949452,0.002413764687523313,0.0,0.0
8,CN031,2022,mean_tmax2,temperature_hazard,8.451607142857144,9.195392857142858,0.41930417975356316,0.007233356156290362,0.0,0.0
8,CN031,2022,mean_tmax4,temperature_hazard,20.307133333333333,19.875733333333336,0.25907835208391505,0.002243219107874039,0.0,0.0
8,CN031,2022,mean_tmax5,temperature_hazard,23.34303225806452,24.755387096774196,1.0742712729414081,0.002883646908735911,-0.010095555555555968,0.0
8,CN031,2022,mean_tmax7,temperature_hazard,0.0,0.0,0.0,0.00363966370215959,0.0,0.0
8,CN031,2022,mean_tmin2,temperature_hazard,1.5890000000000002,2.1845357142857145,0.4663254897320128,0.00751611653558336,-0.0016755555555549861,0.0
8,CN031,2022,mean_tmin3,temperature_hazard,8.063516129032259,5.817354838709678,1.4478707477335115,0.014290333581365368,0.0,0.0
8,CN031,2022,mean_tmin6,temperature_hazard,22.218166666666665,21.0473,1.674101610904581,0.010011071101378015,0.0,0.0
8,CN031,2022,mean_tmin7,temperature_hazard,0.0,0.0,0.0,0.008980821930604123,0.0,0.0
8,CN031,2022,tmin<-4.027p1,temperature_hazard,0.0,0.0,0.0,0.00046533849524221766,0.0,0.0
8,CN031,2022,tmin<-4.027p2,temperature_hazard,0.0,0.0,0.0,0.012962096209179923,0.0,0.0
8,CN031,2022,tmin<-4.027p3,temperature_hazard,0.0,0.0,0.0,0.004439368893737348,0.0,0.0
8,CN031,2022,tmin<-4.027p4,temperature_hazard,0.0,0.0,0.0,0.0019039565997986104,0.0,0.0
8,CN031,2022,tmin<-4.027p5,temperature_hazard,0.0,0.0,0.0,0.0,0.0,0.0
8,CN031,2022,tmin<-4.027p6,temperature_hazard,0.0,0.0,0.0,0.0,0.0,0.0
8,CN031,2022,tmin<-4.027p7,temperature_hazard,0.0,0.0,0.0,0.0,0.0,0.0
8,CN031,2022,tmax>31.246p1,temperature_hazard,0.0,0.0,0.0,0.0,0.0,0.0
8,CN031,2022,tmax>31.246p2,temperature_hazard,0.0,0.0,0.0,0.00017665281034320485,0.0,0.0
8,CN031,2022,tmax>31.246p3,temperature_hazard,0.0,0.0,0.0,6.908349009589775e-05,0.0,0.0
8,CN031,2022,tmax>31.246p4,temperature_hazard,0.0,0.0,0.0,0.0006293053260611733,0.0,0.0
8,CN031,2022,tmax>31.246p5,temperature_hazard,0.0,0.0,0.0,0.001469336899941713,0.0,0.0
8,CN031,2022,tmax>31.246p6,temperature_hazard,6.0,2.0,1.3333333333333333,0.002320918318590675,-0.007277222222223045,0.0
8,CN031,2022,tmax>31.246p7,temperature_hazard,0.0,0.0,0.0,0.0020777574082735907,0.0,0.0
8,CN031,2022,prec<0.037p2,water_proxy,13.0,12.0,0.16666666666666666,0.003741738289900092,-0.00666000000000011,0.0
8,CN031,2022,prec<0.037p4,water_proxy,17.0,15.0,1.1009637651263606,0.025693230727512686,0.0,0.0
8,CN031,2022,prec<0.037p5,water_proxy,14.0,14.0,0.0,0.009291164190086876,0.0,0.0
8,CN031,2022,prec<0.037p7,water_proxy,0.0,0.0,0.0,0.002173414183177829,0.0,0.0
8,CN031,2022,median_cum_fpar1,crop_state_indicator,22.792,20.361,0.5247140082020292,0.004754642766068187,-0.012399444444445074,0.0
8,CN031,2022,median_cum_fpar2,crop_state_indicator,73.18900000000001,64.867,0.7425716070313194,0.014614232222732332,-0.008817222222222476,0.0
8,CN031,2022,median_cum_fpar3,crop_state_indicator,166.782,150.214,1.5005887147903245,0.012008354361110548,-0.0017250000000004206,0.0
8,CN031,2022,median_cum_fpar7,crop_state_indicator,0.0,0.0,0.0,0.010151391945036756,0.0,0.0
8,CN031,2022,median_cum_ndvi7,crop_state_indicator,0.0,0.0,0.0,0.010573265090748483,0.0,0.0
8,CN031,2022,mean_ssm7,water_proxy,0.0,0.0,0.0,0.006821357782928302,0.0,0.0
9,CN032,2022,max_cum_gdd6,temperature_hazard,1684.967,1616.889,2.1313505410456983,0.006982955454215601,0.02235777777777681,0.0003327536211853549
9,CN032,2022,mean_tmin6,temperature_hazard,22.45603333333333,20.581433333333333,2.306348425196849,0.010011071101378015,0.013364999999999405,0.00030858472649480245
9,CN032,2022,prec<0.037p3,water_proxy,10.0,12.0,1.0,0.006804497505905538,0.027866666666668927,0.0001896186638312497
9,CN032,2022,tmax>31.246p6,temperature_hazard,20.0,8.0,5.366563145999495,0.002320918318590675,0.014061666666667527,0.00017514304619527216
9,CN032,2022,mean_tavg6,temperature_hazard,27.203966666666663,24.8678,4.573581900532812,0.004244286154210407,0.008936111111110812,0.00017346412808209638
9,CN032,2022,mean_ssm3,water_proxy,5.652322580645161,5.4311612903225805,1.1759862778730676,0.00922396371680262,0.00905777777777761,9.82520231019676e-05
9,CN032,2022,mean_tmin5,temperature_hazard,14.911129032258064,16.369548387096774,1.5890829847808574,0.014616805133365274,0.003852777777778371,8.948968819091045e-05
9,CN032,2022,mean_tmax6,temperature_hazard,32.224000000000004,29.681566666666665,3.066127994854484,0.00305739409224299,0.007965555555555781,7.467199826229656e-05
9,CN032,2022,max_cum_gdd4,temperature_hazard,533.849,511.928,0.6237835069148042,0.01760477193860538,0.0063005555555557535,6.918996905349353e-05
9,CN032,2022,prec<0.037p2,water_proxy,10.0,14.0,1.4907119849998598,0.003741738289900092,0.011212222222222401,6.254013984355298e-05
9,CN032,2022,mean_tavg7,temperature_hazard,29.05508333333333,26.245,1.8183337826907553,0.004673401498541836,0.006782777777776694,5.7638714943276225e-05
9,CN032,2022,mean_tmax7,temperature_hazard,32.748333333333335,29.44483333333333,2.419998779073317,0.00363966370215959,0.005179999999998408,4.5625345286087826e-05
9,CN032,2022,max_cum_prec4,water_proxy,172.756,140.628,0.9775451834722818,0.0025774834576984635,0.009619444444443737,2.4237215129083518e-05
9,CN032,2022,mean_tavg3,temperature_hazard,10.93058064516129,10.429387096774192,0.6443344528658643,0.006757762909017114,0.004202777777778444,1.829998492481869e-05
9,CN032,2022,tmax>31.246p7,temperature_hazard,10.0,4.0,2.0,0.0020777574082735907,0.004094999999999516,1.7016833173758695e-05
9,CN032,2022,mean_prec2,water_proxy,0.5750714285714286,1.2307857142857144,1.6607921545630928,0.0024772599894613777,0.0037116666666667797,1.5270590797461294e-05
9,CN032,2022,max_cum_gdd2,temperature_hazard,15.227,31.574,0.45086466061726016,0.006608761679829262,0.0033366666666667655,9.942122496561798e-06
9,CN032,2022,mean_tavg4,temperature_hazard,16.158933333333334,14.822433333333333,0.7285761011774964,0.004550618555119359,0.0025188888888889593,8.351305392889754e-06
9,CN032,2022,mean_prec6,water_proxy,4.5606,3.359266666666666,0.4068648915563781,0.003021116335746942,0.00428777777777789,5.270477145862362e-06
9,CN032,2022,mean_tmin4,temperature_hazard,10.6375,9.9995,0.6399774484621449,0.0059823909338138,0.0013561111111117796,5.192000606650933e-06
9,CN032,2022,mean_prec7,water_proxy,5.574166666666667,11.135666666666667,0.9965641709959563,0.0033973417928038954,0.001474444444444778,4.991981006039183e-06
9,CN032,2022,mean_cum_cwb4,water_proxy,-63.92673333333333,-71.24476666666666,0.3160641454400965,0.0028329431011265608,0.0048749999999992966,4.365034734147039e-06
9,CN032,2022,max_cum_prec3,water_proxy,111.512,89.031,1.3471638573057836,0.0019965079234693034,0.0014411111111112263,3.87604604441502e-06
9,CN032,2022,prec<0.037p1,water_proxy,1.0,0.0,1.0,0.0009295822938097154,0.0041255555555554935,3.83504339657269e-06
9,CN032,2022,mean_ssm4,water_proxy,5.386866666666666,5.272766666666667,0.4465170884424722,0.0067618109092575564,0.0011799999999988486,3.5627316613607943e-06
9,CN032,2022,mean_tmax3,temperature_hazard,16.371451612903225,15.838032258064516,0.6356088560885603,0.007683654374873957,0.00048500000000029075,2.3686424023812664e-06
9,CN032,2022,mean_rad7,radiation_hazard,19010838.33333333,16771728.583333334,1.084568101810638,0.004447365874306189,0.00043333333333350765,2.0901708378874317e-06
9,CN032,2022,awc,fixed_context,13.994,13.994,0.0,0.05426224280791961,0.0,0.0
9,CN032,2022,bulk_density,fixed_context,1.439,1.439,0.0,0.10370424155286671,0.0,0.0
9,CN032,2022,max_cum_gdd1,temperature_hazard,0.0,0.0,0.0,0.003954838977228606,0.0,0.0
9,CN032,2022,max_cum_gdd3,temperature_hazard,199.081,193.525,0.09432456750929467,0.020214929351852203,0.0,0.0
9,CN032,2022,max_cum_gdd5,temperature_hazard,1018.848,1018.509,0.012615106745616434,0.00841312819342394,0.0,0.0
9,CN032,2022,max_cum_gdd7,temperature_hazard,1973.628,1873.949,2.396302617977256,0.0066041715446388755,-0.0005733333333326485,0.0
9,CN032,2022,max_cum_prec1,water_proxy,0.0,0.503,0.08730712442741796,0.0006800477602364822,0.0,0.0
9,CN032,2022,max_cum_prec2,water_proxy,16.102,34.965,1.2702693948933863,0.0017777348797750419,0.0,0.0
9,CN032,2022,max_cum_prec5,water_proxy,181.106,198.576,0.2849221234608171,0.001952212049775364,-0.004358888888888579,0.0
9,CN032,2022,max_cum_prec6,water_proxy,317.924,350.416,0.26475021796344755,0.002025633146550257,-0.0015022222222222936,0.0
9,CN032,2022,max_cum_prec7,water_proxy,384.814,503.903,0.6832258582706078,0.004792508298079563,-0.04811722222222059,0.0
9,CN032,2022,mean_cum_cwb1,water_proxy,-1.457,-1.185,0.04591039220616632,0.0005611748506648037,0.0,0.0
9,CN032,2022,mean_cum_cwb2,water_proxy,-11.53075,-13.01341379310345,0.0861632106527128,0.0041840980289357555,0.0,0.0
9,CN032,2022,mean_cum_cwb3,water_proxy,-39.20938709677419,-31.80496774193548,0.3581438723679367,0.0019189010993987078,-0.0011166666666673208,0.0
9,CN032,2022,mean_cum_cwb5,water_proxy,-151.05006451612903,-134.9331935483871,0.24658956079860542,0.004330731671544896,-0.007799444444445136,0.0
9,CN032,2022,mean_cum_cwb6,water_proxy,-270.7502333333333,-165.2321,1.4503586099842658,0.0032918749855547023,-0.008931666666667226,0.0
9,CN032,2022,mean_cum_cwb7,water_proxy,-254.0640833333333,-96.40716666666668,0.7171316749585405,0.0023356369493571423,-0.02475722222222121,0.0
9,CN032,2022,mean_prec1,water_proxy,0.0,0.503,0.08730712442741796,0.0006356149152419931,-0.01903000000000077,0.0
9,CN032,2022,mean_prec3,water_proxy,3.077741935483871,1.4434516129032258,1.830773678314603,0.0017709681352000184,-0.00031777777777808325,0.0
9,CN032,2022,mean_prec4,water_proxy,2.0414666666666665,1.6481,0.987535444592343,0.00237466337051435,0.0,0.0
9,CN032,2022,mean_prec5,water_proxy,0.2693548387096774,2.652612903225806,1.433775155737545,0.0016144216931508212,-0.018345000000000056,0.0
9,CN032,2022,mean_rad1,radiation_hazard,12272831.0,11273479.0,0.6798806931759563,0.0043086705824463035,0.0,0.0
9,CN032,2022,mean_rad2,radiation_hazard,12154834.285714284,12462136.00892857,0.21588772536496173,0.0051929182370553835,0.0,0.0
9,CN032,2022,mean_rad3,radiation_hazard,15870602.137096774,15813397.5,0.06226804266548223,0.004245184333362696,0.0,0.0
9,CN032,2022,mean_rad4,radiation_hazard,19814389.683333334,19492337.766666666,0.11386896868204822,0.004179109607436093,0.0,0.0
9,CN032,2022,mean_rad5,radiation_hazard,22106182.90322581,20669673.951612905,0.9224402661044532,0.003184281803113454,-0.0022599999999997067,0.0
9,CN032,2022,mean_rad6,radiation_hazard,21732913.53333333,20550604.6,0.6848743235606847,0.002816618668235694,-0.0070872222222213566,0.0
9,CN032,2022,mean_tavg1,temperature_hazard,2.112,0.447,0.4696552937797566,0.0014727122435304616,-0.007511666666665917,0.0
9,CN032,2022,mean_tavg2,temperature_hazard,3.274857142857143,4.825142857142858,0.5390718675701788,0.007205119237766788,-0.0009722222222228183,0.0
9,CN032,2022,mean_tavg5,temperature_hazard,20.645129032258065,20.78464516129032,0.18802712807581584,0.0025966691443671313,0.0,0.0
9,CN032,2022,mean_tmax1,temperature_hazard,7.859,5.019,0.48184594502884287,0.002413764687523313,-0.008250000000000313,0.0
9,CN032,2022,mean_tmax2,temperature_hazard,8.212928571428572,10.319107142857144,0.7886963258793314,0.007233356156290362,-0.0045999999999999375,0.0
9,CN032,2022,mean_tmax4,temperature_hazard,21.794766666666664,20.3168,0.7349655218140813,0.002243219107874039,-0.0008955555555560935,0.0
9,CN032,2022,mean_tmax5,temperature_hazard,26.22835483870968,26.063129032258065,0.17290035106670618,0.002883646908735911,-0.0022849999999996484,0.0
9,CN032,2022,mean_tmin1,temperature_hazard,-3.109,-3.518,0.14683375158538822,0.0016369422569999911,0.0,0.0
9,CN032,2022,mean_tmin2,temperature_hazard,-1.2613928571428572,0.1161071428571428,0.544481510273801,0.00751611653558336,0.0,0.0
9,CN032,2022,mean_tmin3,temperature_hazard,6.060193548387097,5.347354838709678,0.9177389048606124,0.014290333581365368,-0.00042000000000008697,0.0
9,CN032,2022,mean_tmin7,temperature_hazard,25.614666666666665,23.764916666666664,0.9187500000000007,0.008980821930604123,-0.0005399999999999849,0.0
9,CN032,2022,tmin<-4.027p1,temperature_hazard,0.0,0.0,0.0,0.00046533849524221766,0.0,0.0
9,CN032,2022,tmin<-4.027p2,temperature_hazard,1.0,1.0,0.0,0.012962096209179923,0.0,0.0
9,CN032,2022,tmin<-4.027p3,temperature_hazard,0.0,0.0,0.0,0.004439368893737348,0.0,0.0
9,CN032,2022,tmin<-4.027p4,temperature_hazard,0.0,0.0,0.0,0.0019039565997986104,0.0,0.0
9,CN032,2022,tmin<-4.027p5,temperature_hazard,0.0,0.0,0.0,0.0,0.0,0.0
9,CN032,2022,tmin<-4.027p6,temperature_hazard,0.0,0.0,0.0,0.0,0.0,0.0
9,CN032,2022,tmin<-4.027p7,temperature_hazard,0.0,0.0,0.0,0.0,0.0,0.0
9,CN032,2022,tmax>31.246p1,temperature_hazard,0.0,0.0,0.0,0.0,0.0,0.0
9,CN032,2022,tmax>31.246p2,temperature_hazard,0.0,0.0,0.0,0.00017665281034320485,0.0,0.0
9,CN032,2022,tmax>31.246p3,temperature_hazard,0.0,0.0,0.0,6.908349009589775e-05,0.0,0.0
9,CN032,2022,tmax>31.246p4,temperature_hazard,0.0,0.0,0.0,0.0006293053260611733,0.0,0.0
9,CN032,2022,tmax>31.246p5,temperature_hazard,0.0,2.0,1.318760946791574,0.001469336899941713,-0.012791666666666757,0.0
9,CN032,2022,prec<0.037p4,water_proxy,14.0,11.0,1.0,0.025693230727512686,-0.15547944444444628,0.0
9,CN032,2022,prec<0.037p5,water_proxy,18.0,13.0,0.625,0.009291164190086876,-0.0014361111111096392,0.0
9,CN032,2022,prec<0.037p6,water_proxy,5.0,5.0,0.0,0.006946398603693774,0.0,0.0
9,CN032,2022,prec<0.037p7,water_proxy,0.0,0.0,0.0,0.002173414183177829,0.0,0.0
9,CN032,2022,median_cum_fpar1,crop_state_indicator,0.0,0.0,0.0,0.004754642766068187,0.0,0.0
9,CN032,2022,median_cum_fpar2,crop_state_indicator,72.425,76.756,0.3504206262596919,0.014614232222732332,0.0,0.0
9,CN032,2022,median_cum_fpar3,crop_state_indicator,207.13,220.4,0.46434320106375565,0.012008354361110548,0.0,0.0
9,CN032,2022,median_cum_fpar4,crop_state_indicator,389.738,399.358,0.1886533445767067,0.02480748359547733,0.0,0.0
9,CN032,2022,median_cum_fpar5,crop_state_indicator,574.127,574.889,0.012703599353151001,0.02292879073773341,0.0,0.0
9,CN032,2022,median_cum_fpar6,crop_state_indicator,699.248,699.7620000000001,0.00820391681164525,0.026248574424483553,0.0,0.0
9,CN032,2022,median_cum_fpar7,crop_state_indicator,810.119,814.5255,0.07616389107344929,0.010151391945036756,0.0,0.0
9,CN032,2022,median_cum_ndvi1,crop_state_indicator,0.0,0.0,0.0,0.0018926787430466052,0.0,0.0
9,CN032,2022,median_cum_ndvi2,crop_state_indicator,1.115,1.081,0.21569559782868553,0.04771331548726668,-0.001271666666666782,0.0
9,CN032,2022,median_cum_ndvi3,crop_state_indicator,3.0385,3.171,0.4013273841745776,0.07775865845935805,0.0,0.0
9,CN032,2022,median_cum_ndvi4,crop_state_indicator,5.264,5.31,0.08630393996247532,0.042772588758079676,0.0,0.0
9,CN032,2022,median_cum_ndvi5,crop_state_indicator,7.4905,7.4745,0.025579536370903277,0.04374314802002847,0.0,0.0
9,CN032,2022,median_cum_ndvi6,crop_state_indicator,8.9975,8.9635,0.05159332321699659,0.0960538811272201,0.0,0.0
9,CN032,2022,median_cum_ndvi7,crop_state_indicator,10.4815,10.364,0.1679771265189416,0.010573265090748483,0.0,0.0
9,CN032,2022,mean_ssm1,water_proxy,5.573,5.686,0.37666666666666426,0.0034913535319388996,0.0,0.0
9,CN032,2022,mean_ssm2,water_proxy,5.588178571428571,5.584357142857143,0.016519993824300666,0.008875581083351567,0.0,0.0
9,CN032,2022,mean_ssm5,water_proxy,4.858774193548387,4.958290322580645,0.1640172257961615,0.005201215977148358,-0.0013466666666666072,0.0
9,CN032,2022,mean_ssm6,water_proxy,4.875866666666667,5.300766666666666,0.9974178403755866,0.010547055728646093,-0.014214444444443863,0.0
9,CN032,2022,mean_ssm7,water_proxy,5.544999999999999,5.889454545454546,0.7015506457757757,0.006821357782928302,-0.024228888888887745,0.0
10,CN033,2022,mean_tmax3,temperature_hazard,18.04890322580645,14.333354838709678,3.783032811114395,0.007683654374873957,0.02677944444444691,0.0007784119461797555
10,CN033,2022,median_cum_fpar5,crop_state_indicator,458.256,359.484,2.9061700061788307,0.02292879073773341,0.008948333333333558,0.0005962718688103838
10,CN033,2022,median_cum_ndvi5,crop_state_indicator,8.241,7.863,0.7283236994219662,0.04374314802002847,0.0150538888888887,0.0004796044262017853
10,CN033,2022,mean_ssm2,water_proxy,7.941357142857143,7.326428571428571,2.1268017173816784,0.008875581083351567,0.02438777777777723,0.00046035835260296913
10,CN033,2022,prec<0.037p4,water_proxy,8.0,6.0,1.7541160386140586,0.025693230727512686,0.009842777777778089,0.0004436032471443561
10,CN033,2022,median_cum_fpar4,crop_state_indicator,324.981,244.531,2.373226348859848,0.02480748359547733,0.0053994444444454,0.00031788567042354514
10,CN033,2022,mean_tmin5,temperature_hazard,15.640548387096771,16.932967741935485,2.681009100642407,0.014616805133365274,0.0054372222222225375,0.0002130727094961859
10,CN033,2022,mean_tavg3,temperature_hazard,13.40125806451613,9.58432258064516,3.3520779625485164,0.006757762909017114,0.00919944444444365,0.00020839085798670954
10,CN033,2022,median_cum_ndvi2,crop_state_indicator,2.2745,2.0785,0.8672566371681425,0.04771331548726668,0.004061111111111515,0.00016804751695561227
10,CN033,2022,max_cum_gdd4,temperature_hazard,677.038,549.538,1.467828649712765,0.01760477193860538,0.004096666666666415,0.00010586109739280803
10,CN033,2022,prec<0.037p3,water_proxy,7.0,10.0,0.6367145399670133,0.006804497505905538,0.01926777777777655,8.34780807314045e-05
10,CN033,2022,median_cum_ndvi4,crop_state_indicator,6.079,5.876,0.7224199288256191,0.042772588758079676,0.0020983333333335352,6.483801848769113e-05
10,CN033,2022,mean_ssm3,water_proxy,7.966032258064517,7.5487419354838705,1.0208333333333353,0.00922396371680262,0.006250000000000533,5.8850810172313515e-05
10,CN033,2022,mean_cum_cwb2,water_proxy,123.54042857142858,21.990964285714284,1.5056362371286327,0.0041840980289357555,0.006176666666667607,3.891132990385556e-05
10,CN033,2022,mean_tmin3,temperature_hazard,9.097548387096774,5.790645161290322,2.1029806962479762,0.014290333581365368,0.0010705555555565738,3.217265208091871e-05
10,CN033,2022,mean_tavg5,temperature_hazard,19.436,20.58454838709677,4.05983831621194,0.0025966691443671313,0.002944444444444194,3.104050083343228e-05
10,CN033,2022,prec<0.037p5,water_proxy,7.0,6.0,0.6593804733957871,0.009291164190086876,0.004564444444445037,2.796366832263928e-05
10,CN033,2022,mean_tavg2,temperature_hazard,5.226964285714286,6.080785714285715,0.7381045695946328,0.007205119237766788,0.004718333333332936,2.509271681547386e-05
10,CN033,2022,max_cum_gdd2,temperature_hazard,60.736,100.196,0.9153328694038506,0.006608761679829262,0.003998888888888885,2.4190145814426628e-05
10,CN033,2022,max_cum_gdd5,temperature_hazard,1124.554,1031.708,0.9015925422412108,0.00841312819342394,0.003035000000000565,2.3021123385599035e-05
10,CN033,2022,mean_tmax6,temperature_hazard,27.582272727272724,26.465818181818182,1.8451452610443468,0.00305739409224299,0.002583333333332938,1.4573451902819536e-05
10,CN033,2022,prec<0.037p6,water_proxy,0.0,1.0,0.5,0.006946398603693774,0.0025588888888892214,8.8875311023938e-06
10,CN033,2022,mean_rad1,radiation_hazard,6627496.407894737,9732228.967105264,1.2292669388005488,0.0043086705824463035,0.001540555555555656,8.159562201161934e-06
10,CN033,2022,max_cum_prec1,water_proxy,83.321,45.148,1.116330265661919,0.0006800477602364822,0.0076466666666670235,5.805027384561472e-06
10,CN033,2022,mean_tmax2,temperature_hazard,8.6355,10.894357142857144,1.5714866167214305,0.007233356156290362,0.0004916666666670011,5.588835176852155e-06
10,CN033,2022,prec<0.037p2,water_proxy,5.0,8.0,0.6,0.003741738289900092,0.0013699999999996493,3.0757088742970877e-06
10,CN033,2022,mean_tmax4,temperature_hazard,21.733833333333333,20.70403333333333,0.6135487758566249,0.002243219107874039,0.0022216666666663443,3.0577339033993415e-06
10,CN033,2022,mean_prec1,water_proxy,4.385315789473684,2.3762105263157896,1.116330265661919,0.0006356149152419931,0.004070000000000462,2.887893600466771e-06
10,CN033,2022,tmax>31.246p6,temperature_hazard,1.0,0.0,1.0,0.002320918318590675,0.0010655555555558749,2.473067408365694e-06
10,CN033,2022,mean_cum_cwb5,water_proxy,283.31922580645164,175.3893870967742,0.657753984166839,0.004330731671544896,0.0006466666666673504,1.8420662206530706e-06
10,CN033,2022,mean_rad5,radiation_hazard,16299099.338709677,17034681.79032258,0.7351144564079211,0.003184281803113454,0.0007738888888892959,1.8115280779655727e-06
10,CN033,2022,mean_rad6,radiation_hazard,16223576.022727272,15399434.023809524,0.2750001185125533,0.002816618668235694,0.0021700000000004493,1.6808179146261323e-06
10,CN033,2022,mean_prec6,water_proxy,10.184681818181817,6.960272727272727,0.34468399391651217,0.003021116335746942,0.0014705555555556415,1.5313342706105685e-06
10,CN033,2022,mean_tmin1,temperature_hazard,3.167894736842105,1.762157894736842,0.7501695747403759,0.0016369422569999911,0.0008299999999996643,1.0192269497504224e-06
10,CN033,2022,mean_rad4,radiation_hazard,16973399.683333334,17565897.85,0.25976237522014556,0.004179109607436093,0.0004866666666671904,5.283133797945942e-07
10,CN033,2022,mean_tavg1,temperature_hazard,6.051368421052632,6.288263157894737,0.10534744147494877,0.0014727122435304616,0.0015483333333330407,2.4021844622653366e-07
10,CN033,2022,awc,fixed_context,12.565,12.565,0.0,0.05426224280791961,0.0,0.0
10,CN033,2022,bulk_density,fixed_context,1.447,1.447,0.0,0.10370424155286671,0.0,0.0
10,CN033,2022,max_cum_gdd1,temperature_hazard,31.64,32.448,0.02754201179398029,0.003954838977228606,-1.1666666666521053e-05,0.0
10,CN033,2022,max_cum_gdd3,temperature_hazard,321.175,280.133,0.3983461288350112,0.020214929351852203,-0.00869055555555498,0.0
10,CN033,2022,max_cum_gdd6,temperature_hazard,1543.083,1414.308,1.1474715972376939,0.006982955454215601,-0.008241666666666703,0.0
10,CN033,2022,max_cum_gdd7,temperature_hazard,0.0,0.0,0.0,0.0066041715446388755,0.0,0.0
10,CN033,2022,max_cum_prec2,water_proxy,203.181,153.034,1.099342196230173,0.0017777348797750419,-2.0000000000131024e-05,0.0
10,CN033,2022,max_cum_prec3,water_proxy,387.435,271.225,1.1136294129712079,0.0019965079234693034,-0.0015316666666658207,0.0
10,CN033,2022,max_cum_prec4,water_proxy,522.3969999999999,375.69,1.0145221185696398,0.0025774834576984635,-0.0033799999999990504,0.0
10,CN033,2022,max_cum_prec5,water_proxy,689.885,572.072,0.6472835312617502,0.001952212049775364,0.0,0.0
10,CN033,2022,max_cum_prec6,water_proxy,913.948,809.828,0.5687441962091002,0.002025633146550257,-0.0028827777777777897,0.0
10,CN033,2022,max_cum_prec7,water_proxy,0.0,0.0,0.0,0.004792508298079563,0.0,0.0
10,CN033,2022,mean_cum_cwb1,water_proxy,19.22942105263158,11.561631578947368,0.27359232593018556,0.0005611748506648037,-0.0056605555555551135,0.0
10,CN033,2022,mean_cum_cwb3,water_proxy,177.06929032258066,109.32896774193549,0.7180320625225133,0.0019189010993987078,-0.001663888888888465,0.0
10,CN033,2022,mean_cum_cwb4,water_proxy,244.6184,123.50583333333331,0.9742155217210288,0.0028329431011265608,-0.008127222222221953,0.0
10,CN033,2022,mean_cum_cwb6,water_proxy,442.6154545454545,322.7095909090909,0.8194491597677849,0.0032918749855547023,-0.0020166666666652233,0.0
10,CN033,2022,mean_cum_cwb7,water_proxy,0.0,0.0,0.0,0.0023356369493571423,0.0,0.0
10,CN033,2022,mean_prec2,water_proxy,4.280714285714286,3.5843214285714287,0.47834608183684685,0.0024772599894613777,0.0,0.0
10,CN033,2022,mean_prec3,water_proxy,5.943677419354838,4.24358064516129,0.8758974356618922,0.0017709681352000184,-0.012354444444445,0.0
10,CN033,2022,mean_prec4,water_proxy,4.498733333333333,3.5395,0.476101450953791,0.00237466337051435,-0.00047499999999978115,0.0
10,CN033,2022,mean_prec5,water_proxy,5.402838709677419,6.120870967741936,0.3325761949353428,0.0016144216931508212,0.0,0.0
10,CN033,2022,mean_prec7,water_proxy,0.0,0.0,0.0,0.0033973417928038954,0.0,0.0
10,CN033,2022,mean_rad2,radiation_hazard,8898649.66517857,9806297.267857144,0.6725732046693391,0.0051929182370553835,-0.0036827777777777015,0.0
10,CN033,2022,mean_rad3,radiation_hazard,13350473.717741936,13825646.887096774,0.2910334063768414,0.004245184333362696,-0.013413888888888614,0.0
10,CN033,2022,mean_rad7,radiation_hazard,0.0,0.0,0.0,0.004447365874306189,0.0,0.0
10,CN033,2022,mean_tavg4,temperature_hazard,16.8621,15.814633333333331,0.6688503847845997,0.004550618555119359,-0.0008638888888885532,0.0
10,CN033,2022,mean_tavg6,temperature_hazard,24.02404545454545,23.1925,1.5222551836883078,0.004244286154210407,-0.0005150000000000432,0.0
10,CN033,2022,mean_tavg7,temperature_hazard,0.0,0.0,0.0,0.004673401498541836,0.0,0.0
10,CN033,2022,mean_tmax1,temperature_hazard,9.122631578947368,10.142,0.25251300504556645,0.002413764687523313,0.0,0.0
10,CN033,2022,mean_tmax5,temperature_hazard,23.50935483870968,24.71583870967742,2.914938074113266,0.002883646908735911,0.0,0.0
10,CN033,2022,mean_tmax7,temperature_hazard,0.0,0.0,0.0,0.00363966370215959,0.0,0.0
10,CN033,2022,mean_tmin2,temperature_hazard,2.1246071428571427,2.9043928571428568,0.5588574061276204,0.00751611653558336,0.0,0.0
10,CN033,2022,mean_tmin4,temperature_hazard,12.284133333333331,11.5842,0.47215789891037246,0.0059823909338138,0.0,0.0
10,CN033,2022,mean_tmin6,temperature_hazard,20.842954545454543,20.500363636363637,0.6124587821400556,0.010011071101378015,-0.006618333333332949,0.0
10,CN033,2022,mean_tmin7,temperature_hazard,0.0,0.0,0.0,0.008980821930604123,0.0,0.0
10,CN033,2022,tmin<-4.027p1,temperature_hazard,0.0,0.0,0.0,0.00046533849524221766,0.0,0.0
10,CN033,2022,tmin<-4.027p2,temperature_hazard,0.0,0.0,0.0,0.012962096209179923,0.0,0.0
10,CN033,2022,tmin<-4.027p3,temperature_hazard,0.0,0.0,0.0,0.004439368893737348,0.0,0.0
10,CN033,2022,tmin<-4.027p4,temperature_hazard,0.0,0.0,0.0,0.0019039565997986104,0.0,0.0
10,CN033,2022,tmin<-4.027p5,temperature_hazard,0.0,0.0,0.0,0.0,0.0,0.0
10,CN033,2022,tmin<-4.027p6,temperature_hazard,0.0,0.0,0.0,0.0,0.0,0.0
10,CN033,2022,tmin<-4.027p7,temperature_hazard,0.0,0.0,0.0,0.0,0.0,0.0
10,CN033,2022,tmax>31.246p1,temperature_hazard,0.0,0.0,0.0,0.0,0.0,0.0
10,CN033,2022,tmax>31.246p2,temperature_hazard,0.0,0.0,0.0,0.00017665281034320485,0.0,0.0
10,CN033,2022,tmax>31.246p3,temperature_hazard,0.0,0.0,0.0,6.908349009589775e-05,0.0,0.0
10,CN033,2022,tmax>31.246p4,temperature_hazard,0.0,0.0,0.0,0.0006293053260611733,0.0,0.0
10,CN033,2022,tmax>31.246p5,temperature_hazard,0.0,0.0,0.0,0.001469336899941713,0.0,0.0
10,CN033,2022,tmax>31.246p7,temperature_hazard,0.0,0.0,0.0,0.0020777574082735907,0.0,0.0
10,CN033,2022,prec<0.037p1,water_proxy,3.0,6.0,0.873333764609373,0.0009295822938097154,-0.005192222222222043,0.0
10,CN033,2022,prec<0.037p7,water_proxy,0.0,0.0,0.0,0.002173414183177829,0.0,0.0
10,CN033,2022,median_cum_fpar1,crop_state_indicator,25.984,20.427,1.9362369337979095,0.004754642766068187,-0.021881666666666355,0.0
10,CN033,2022,median_cum_fpar2,crop_state_indicator,84.452,66.494,1.6439033321127792,0.014614232222732332,-0.0347088888888889,0.0
10,CN033,2022,median_cum_fpar3,crop_state_indicator,193.687,148.507,1.7822485207100598,0.012008354361110548,-0.0007438888888895434,0.0
10,CN033,2022,median_cum_fpar6,crop_state_indicator,582.824,480.975,3.1504887404107897,0.026248574424483553,-0.007127777777776956,0.0
10,CN033,2022,median_cum_fpar7,crop_state_indicator,0.0,0.0,0.0,0.010151391945036756,0.0,0.0
10,CN033,2022,median_cum_ndvi1,crop_state_indicator,0.7475,0.671,0.5839694656488555,0.0018926787430466052,-0.0037711111111109474,0.0
10,CN033,2022,median_cum_ndvi3,crop_state_indicator,4.182,3.9825,0.5798251952190782,0.07775865845935805,0.0,0.0
10,CN033,2022,median_cum_ndvi6,crop_state_indicator,10.328,9.965,0.945312499999998,0.0960538811272201,0.0,0.0
10,CN033,2022,median_cum_ndvi7,crop_state_indicator,0.0,0.0,0.0,0.010573265090748483,0.0,0.0
10,CN033,2022,mean_ssm1,water_proxy,7.665157894736843,7.293105263157894,1.3586797824247894,0.0034913535319388996,-0.0006849999999998246,0.0
10,CN033,2022,mean_ssm4,water_proxy,7.8663,7.371933333333334,1.657776282673572,0.0067618109092575564,-0.0002211111111103392,0.0
10,CN033,2022,mean_ssm5,water_proxy,7.788870967741936,7.391225806451613,1.0691182762397886,0.005201215977148358,-0.003467222222220734,0.0
10,CN033,2022,mean_ssm6,water_proxy,7.955227272727272,7.578333333333334,1.4580036340190978,0.010547055728646093,-0.006521666666666093,0.0
10,CN033,2022,mean_ssm7,water_proxy,0.0,0.0,0.0,0.006821357782928302,0.0,0.0
11,CN034,2022,mean_ssm2,water_proxy,6.22875,6.02625,1.5183640749652982,0.008875581083351567,0.02559611111110982,0.00034494249653176155
11,CN034,2022,median_cum_ndvi6,crop_state_indicator,9.186,9.386500000000002,0.8309248986633442,0.0960538811272201,0.003146666666665965,0.00025114667333698507
11,CN034,2022,max_cum_gdd6,temperature_hazard,1787.252,1667.049,1.428097897112984,0.006982955454215601,0.018916111111110467,0.00018863796713841256
11,CN034,2022,max_cum_gdd4,temperature_hazard,602.2330000000001,553.43,0.7754385407398005,0.01760477193860538,0.008088888888887702,0.00011042480873365064
11,CN034,2022,mean_tmax7,temperature_hazard,32.510125,29.044375,2.866230680832579,0.00363966370215959,0.00709333333333273,7.399847453592189e-05
11,CN034,2022,mean_tmin6,temperature_hazard,23.0446,20.96323333333333,2.0295456022882443,0.010011071101378015,0.0035738888888880993,7.261400757498543e-05
11,CN034,2022,mean_tmin5,temperature_hazard,15.24425806451613,16.187,1.5351177546151897,0.014616805133365274,0.0031116666666655135,6.982118563473027e-05
11,CN034,2022,tmax>31.246p6,temperature_hazard,22.0,10.0,2.0,0.002320918318590675,0.00725333333333289,3.3668788408353336e-05
11,CN034,2022,prec<0.037p2,water_proxy,7.0,12.0,1.25,0.003741738289900092,0.005857222222221736,2.739524082667597e-05
11,CN034,2022,mean_tmax6,temperature_hazard,32.876866666666665,29.649766666666665,1.8157657826625164,0.00305739409224299,0.003395555555554708,1.885046597636125e-05
11,CN034,2022,mean_rad6,radiation_hazard,21951439.6,18766700.266666666,1.1005568484397266,0.002816618668235694,0.005836666666666268,1.8092785124372853e-05
11,CN034,2022,mean_rad4,radiation_hazard,19483114.75,17279430.15,1.212172626557451,0.004179109607436093,0.003470000000000084,1.7578333875225413e-05
11,CN034,2022,mean_prec4,water_proxy,2.6589,1.9514,0.5224101011592704,0.00237466337051435,0.011090000000000266,1.375767877955097e-05
11,CN034,2022,max_cum_prec4,water_proxy,242.499,183.528,1.6408662782648304,0.0025774834576984635,0.0025255555555547815,1.068134647778831e-05
11,CN034,2022,mean_cum_cwb2,water_proxy,-3.2098571428571434,-12.30351724137931,0.25564634637585604,0.0041840980289357555,0.009846666666665449,1.0532480835747534e-05
11,CN034,2022,prec<0.037p6,water_proxy,4.0,5.0,0.37267799624996495,0.006946398603693774,0.003713333333331903,9.612965609445828e-06
11,CN034,2022,mean_tavg6,temperature_hazard,27.96433333333333,25.6112,1.960889975278454,0.004244286154210407,0.0009533333333324734,7.934191190636972e-06
11,CN034,2022,mean_prec3,water_proxy,4.319516129032258,1.809290322580645,4.812709547185149,0.0017709681352000184,0.0007416666666655303,6.321340145251688e-06
11,CN034,2022,median_cum_ndvi4,crop_state_indicator,5.551,5.462,0.14495114006514728,0.042772588758079676,0.0009294444444440941,5.762495610124339e-06
11,CN034,2022,mean_cum_cwb1,water_proxy,-1.4403333333333337,2.251,0.6632959972072926,0.0005611748506648037,0.012906666666665956,4.8041844153280664e-06
11,CN034,2022,mean_tavg7,temperature_hazard,28.921375,25.852857142857143,2.2221546897024416,0.004673401498541836,0.0003822222222211735,3.969385826161801e-06
11,CN034,2022,mean_rad7,radiation_hazard,18316405.75,16655949.5,0.6534222508419537,0.004447365874306189,0.0013083333333323566,3.802026897708615e-06
11,CN034,2022,max_cum_gdd7,temperature_hazard,1978.623,1828.801,1.8407422908017421,0.0066041715446388755,0.000271666666666448,3.3025369847339715e-06
11,CN034,2022,max_cum_prec5,water_proxy,260.51800000000003,301.533,0.6940167179938407,0.001952212049775364,0.0019299999999997652,2.614894853253016e-06
11,CN034,2022,mean_tmin1,temperature_hazard,-2.4130000000000003,0.1466666666666668,0.8771662912783572,0.0016369422569999911,0.0013227777777773397,1.8993376799211671e-06
11,CN034,2022,mean_tavg1,temperature_hazard,1.6913333333333334,3.1376666666666666,0.39931897662433274,0.0014727122435304616,0.0009172222222222359,5.394018293118516e-07
11,CN034,2022,mean_cum_cwb6,water_proxy,-169.36403333333334,-84.4268,1.0382433305707877,0.0032918749855547023,0.00011999999999989797,4.101320698586486e-07
11,CN034,2022,mean_rad5,radiation_hazard,20789567.612903222,20852258.741935484,0.0362672300250752,0.003184281803113454,0.0030938888888885074,3.572980077569709e-07
11,CN034,2022,mean_prec6,water_proxy,4.411600000000001,4.128233333333333,0.04046033687597286,0.003021116335746942,0.0010833333333319928,1.324216667428143e-07
11,CN034,2022,awc,fixed_context,13.843,13.843,0.0,0.05426224280791961,0.0,0.0
11,CN034,2022,bulk_density,fixed_context,1.492,1.492,0.0,0.10370424155286671,0.0,0.0
11,CN034,2022,max_cum_gdd1,temperature_hazard,0.0,0.0,0.0,0.003954838977228606,0.0,0.0
11,CN034,2022,max_cum_gdd2,temperature_hazard,17.976,39.83,0.5410209437045106,0.006608761679829262,0.0,0.0
11,CN034,2022,max_cum_gdd3,temperature_hazard,238.201,234.012,0.05359656081271261,0.020214929351852203,-0.0006516666666671611,0.0
11,CN034,2022,max_cum_gdd5,temperature_hazard,1098.322,1077.898,0.3088135234437606,0.00841312819342394,0.0,0.0
11,CN034,2022,max_cum_prec1,water_proxy,0.758,4.002,0.33134939141722913,0.0006800477602364822,-1.6666666677878084e-06,0.0
11,CN034,2022,max_cum_prec2,water_proxy,28.827,46.113,0.4410593998775259,0.0017777348797750419,-0.020442777777778254,0.0
11,CN034,2022,max_cum_prec3,water_proxy,162.732,115.345,2.2512708442206275,0.0019965079234693034,-0.0037911111111110785,0.0
11,CN034,2022,max_cum_prec6,water_proxy,392.866,422.6,0.23807579287870442,0.002025633146550257,-0.0027250000000007546,0.0
11,CN034,2022,max_cum_prec7,water_proxy,452.142,548.866,0.8761469967481,0.004792508298079563,-0.018605555555556208,0.0
11,CN034,2022,mean_cum_cwb3,water_proxy,-9.800064516129032,-12.688064516129034,0.06384122696551658,0.0019189010993987078,0.0,0.0
11,CN034,2022,mean_cum_cwb4,water_proxy,-5.2902333333333305,-22.06833333333333,0.4532204445917134,0.0028329431011265608,0.0,0.0
11,CN034,2022,mean_cum_cwb5,water_proxy,-73.27512903225806,-47.81041935483872,0.4210374167892058,0.004330731671544896,-0.0003800000000007131,0.0
11,CN034,2022,mean_cum_cwb7,water_proxy,-162.72275,-44.25525,1.0543539402141813,0.0023356369493571423,-0.025858888888889098,0.0
11,CN034,2022,mean_prec1,water_proxy,0.2526666666666666,1.334,0.33134939141722924,0.0006356149152419931,-0.0012450000000008288,0.0
11,CN034,2022,mean_prec2,water_proxy,1.0024642857142856,1.5039642857142856,0.6938326253895397,0.0024772599894613777,-0.009674999999999656,0.0
11,CN034,2022,mean_prec5,water_proxy,0.5812580645161289,2.6505483870967743,1.5094357381523844,0.0016144216931508212,-0.022604444444444205,0.0
11,CN034,2022,mean_prec7,water_proxy,7.4095,7.892125,0.07362860692180276,0.0033973417928038954,0.0,0.0
11,CN034,2022,mean_rad1,radiation_hazard,10602912.0,10428204.666666666,0.050895659489411216,0.0043086705824463035,0.0,0.0
11,CN034,2022,mean_rad2,radiation_hazard,11082256.17857143,11089323.0,0.0027652382450959836,0.0051929182370553835,0.0,0.0
11,CN034,2022,mean_rad3,radiation_hazard,15161515.45967742,14693588.411290323,0.35029195577488,0.004245184333362696,-0.00014166666666692862,0.0
11,CN034,2022,mean_tavg2,temperature_hazard,3.604321428571428,5.130357142857143,0.3917630365736683,0.007205119237766788,0.0,0.0
11,CN034,2022,mean_tavg3,temperature_hazard,12.104032258064516,11.110354838709677,1.6758825462241076,0.006757762909017114,0.0,0.0
11,CN034,2022,mean_tavg4,temperature_hazard,17.134400000000003,15.352033333333331,2.8317004713234137,0.004550618555119359,-0.02169333333333423,0.0
11,CN034,2022,mean_tavg5,temperature_hazard,21.00287096774193,21.31051612903226,0.4183661468457132,0.0025966691443671313,0.0,0.0
11,CN034,2022,mean_tmax1,temperature_hazard,6.419,9.842,0.4626300851466415,0.002413764687523313,-0.0009400000000008291,0.0
11,CN034,2022,mean_tmax2,temperature_hazard,8.291928571428572,10.030464285714286,0.33057195377536336,0.007233356156290362,-0.0020072222222227154,0.0
11,CN034,2022,mean_tmax3,temperature_hazard,17.42551612903226,16.338322580645162,0.9493267984902258,0.007683654374873957,-0.0025644444444443693,0.0
11,CN034,2022,mean_tmax4,temperature_hazard,22.6213,20.41646666666667,3.0552328210718183,0.002243219107874039,-0.003377222222223253,0.0
11,CN034,2022,mean_tmax5,temperature_hazard,26.506967741935483,26.49641935483871,0.010277524593768914,0.002883646908735911,0.0,0.0
11,CN034,2022,mean_tmin2,temperature_hazard,-0.7601428571428571,0.758357142857143,0.5615007696020838,0.00751611653558336,-0.0020305555555566457,0.0
11,CN034,2022,mean_tmin3,temperature_hazard,7.170548387096774,6.127548387096774,2.131679112892738,0.014290333581365368,0.0,0.0
11,CN034,2022,mean_tmin4,temperature_hazard,11.5025,10.560466666666668,0.5720502803473455,0.0059823909338138,-0.011953333333333482,0.0
11,CN034,2022,mean_tmin7,temperature_hazard,25.551875,22.71742857142857,1.471961793480781,0.008980821930604123,-0.0021677777777791007,0.0
11,CN034,2022,tmin<-4.027p1,temperature_hazard,0.0,0.0,0.0,0.00046533849524221766,0.0,0.0
11,CN034,2022,tmin<-4.027p2,temperature_hazard,1.0,1.0,0.0,0.012962096209179923,0.0,0.0
11,CN034,2022,tmin<-4.027p3,temperature_hazard,0.0,0.0,0.0,0.004439368893737348,0.0,0.0
11,CN034,2022,tmin<-4.027p4,temperature_hazard,0.0,0.0,0.0,0.0019039565997986104,0.0,0.0
11,CN034,2022,tmin<-4.027p5,temperature_hazard,0.0,0.0,0.0,0.0,0.0,0.0
11,CN034,2022,tmin<-4.027p6,temperature_hazard,0.0,0.0,0.0,0.0,0.0,0.0
11,CN034,2022,tmin<-4.027p7,temperature_hazard,0.0,0.0,0.0,0.0,0.0,0.0
11,CN034,2022,tmax>31.246p1,temperature_hazard,0.0,0.0,0.0,0.0,0.0,0.0
11,CN034,2022,tmax>31.246p2,temperature_hazard,0.0,0.0,0.0,0.00017665281034320485,0.0,0.0
11,CN034,2022,tmax>31.246p3,temperature_hazard,0.0,0.0,0.0,6.908349009589775e-05,0.0,0.0
11,CN034,2022,tmax>31.246p4,temperature_hazard,0.0,0.0,0.0,0.0006293053260611733,0.0,0.0
11,CN034,2022,tmax>31.246p5,temperature_hazard,0.0,4.0,2.079500979640145,0.001469336899941713,-0.07158333333333644,0.0
11,CN034,2022,tmax>31.246p7,temperature_hazard,5.0,1.0,2.0795009796401454,0.0020777574082735907,-0.0157744444444452,0.0
11,CN034,2022,prec<0.037p1,water_proxy,1.0,2.0,1.0,0.0009295822938097154,-0.005157777777778705,0.0
11,CN034,2022,prec<0.037p3,water_proxy,8.0,10.0,0.5897678246195885,0.006804497505905538,-0.0007900000000002905,0.0
11,CN034,2022,prec<0.037p4,water_proxy,13.0,9.0,0.8,0.025693230727512686,-0.006303888888887776,0.0
11,CN034,2022,prec<0.037p5,water_proxy,11.0,11.0,0.0,0.009291164190086876,0.0,0.0
11,CN034,2022,prec<0.037p7,water_proxy,0.0,0.0,0.0,0.002173414183177829,0.0,0.0
11,CN034,2022,median_cum_fpar1,crop_state_indicator,0.0,0.0,0.0,0.004754642766068187,0.0,0.0
11,CN034,2022,median_cum_fpar2,crop_state_indicator,80.85900000000001,81.661,0.14904761572514905,0.014614232222732332,0.0,0.0
11,CN034,2022,median_cum_fpar3,crop_state_indicator,221.771,231.552,0.5467911449016102,0.012008354361110548,0.0,0.0
11,CN034,2022,median_cum_fpar4,crop_state_indicator,395.503,406.332,0.3776328637187897,0.02480748359547733,0.0,0.0
11,CN034,2022,median_cum_fpar5,crop_state_indicator,564.668,568.699,0.17118226600985004,0.02292879073773341,0.0,0.0
11,CN034,2022,median_cum_fpar6,crop_state_indicator,689.996,699.185,0.2551862034491366,0.026248574424483553,0.0,0.0
11,CN034,2022,median_cum_fpar7,crop_state_indicator,784.859,786.64,0.044543931170746225,0.010151391945036756,0.0,0.0
11,CN034,2022,median_cum_ndvi1,crop_state_indicator,0.0,0.0,0.0,0.0018926787430466052,0.0,0.0
11,CN034,2022,median_cum_ndvi2,crop_state_indicator,1.368,1.2205,0.8309859154929589,0.04771331548726668,0.0,0.0
11,CN034,2022,median_cum_ndvi3,crop_state_indicator,3.3355,3.3205,0.04846526655896642,0.07775865845935805,0.0,0.0
11,CN034,2022,median_cum_ndvi5,crop_state_indicator,7.646000000000001,7.593999999999999,0.11040339702760375,0.04374314802002847,0.0,0.0
11,CN034,2022,median_cum_ndvi7,crop_state_indicator,10.481,10.727,0.8226490820657366,0.010573265090748483,0.0,0.0
11,CN034,2022,mean_ssm1,water_proxy,6.228333333333333,6.081333333333333,0.4624087976195339,0.0034913535319388996,0.0,0.0
11,CN034,2022,mean_ssm3,water_proxy,6.291354838709678,5.974290322580646,1.9719129519094143,0.00922396371680262,-0.0023138888888896147,0.0
11,CN034,2022,mean_ssm4,water_proxy,5.9642333333333335,5.829,0.5119888944977297,0.0067618109092575564,-0.0014022222222225267,0.0
11,CN034,2022,mean_ssm5,water_proxy,5.500225806451613,5.569096774193548,0.13049324613409852,0.005201215977148358,-0.0016077777777780966,0.0
11,CN034,2022,mean_ssm6,water_proxy,5.533233333333333,5.8998333333333335,0.6894433299899716,0.010547055728646093,-0.001426666666666243,0.0
11,CN034,2022,mean_ssm7,water_proxy,6.23375,6.531375,0.39411208323480706,0.006821357782928302,0.0,0.0
12,CN035,2022,max_cum_gdd6,temperature_hazard,1455.846,1593.032,2.372886464880638,0.006982955454215601,0.019805555555556076,0.0003281733117719275
12,CN035,2022,mean_prec5,water_proxy,12.092322580645162,5.896451612903227,1.8712341681274756,0.0016144216931508212,0.029381666666667083,8.876087011368493e-05
12,CN035,2022,mean_ssm5,water_proxy,8.59751612903226,8.201677419354839,2.077672002774944,0.005201215977148358,0.00593222222222245,6.410608970799642e-05
12,CN035,2022,max_cum_gdd3,temperature_hazard,573.336,605.161,0.36198091425061635,0.020214929351852203,0.006042222222222282,4.421346932434338e-05
12,CN035,2022,mean_rad5,radiation_hazard,12548599.782258064,16521401.516129032,1.540110887440294,0.003184281803113454,0.008623888888888764,4.229281945795281e-05
12,CN035,2022,mean_tmin5,temperature_hazard,16.20616129032258,19.3518064516129,1.801496397561422,0.014616805133365274,0.0014544444444442028,3.829860825024233e-05
12,CN035,2022,max_cum_gdd5,temperature_hazard,1399.398,1552.672,2.715537601347694,0.00841312819342394,0.0015733333333329824,3.594463443460173e-05
12,CN035,2022,prec<0.037p3,water_proxy,6.0,2.0,1.675415633166782,0.006804497505905538,0.0026599999999996626,3.0324961582650605e-05
12,CN035,2022,max_cum_gdd4,temperature_hazard,954.419,997.423,0.8843345812046364,0.01760477193860538,0.001843333333333419,2.869795088866779e-05
12,CN035,2022,mean_rad6,radiation_hazard,13081587.0,10813142.333333334,0.8134371549337056,0.002816618668235694,0.00633888888888956,1.45232963163461e-05
12,CN035,2022,mean_tavg5,temperature_hazard,19.354161290322583,22.727870967741936,2.892024985100473,0.0025966691443671313,0.001477777777777689,1.1097567353244279e-05
12,CN035,2022,max_cum_prec6,water_proxy,992.058,723.0409999999999,2.31472148537593,0.002025633146550257,0.0019711111111115898,9.242099586386806e-06
12,CN035,2022,mean_tmax6,temperature_hazard,27.586666666666662,25.198666666666668,1.0226980728051365,0.00305739409224299,0.002895000000000092,9.052060078004448e-06
12,CN035,2022,prec<0.037p4,water_proxy,6.0,4.0,0.4,0.025693230727512686,0.0003677777777784108,3.779759720365039e-06
12,CN035,2022,mean_tmin4,temperature_hazard,13.1929,14.245466666666664,0.7142449661912117,0.0059823909338138,0.0002983333333332894,1.274746295395373e-06
12,CN035,2022,prec<0.037p2,water_proxy,6.0,8.0,0.5031546054266276,0.003741738289900092,0.0006116666666668991,1.1515682283358196e-06
12,CN035,2022,mean_tmax5,temperature_hazard,23.231548387096773,26.884612903225808,2.613030128369548,0.002883646908735911,8.000000000008001e-05,6.028045001691347e-07
12,CN035,2022,mean_cum_cwb1,water_proxy,3.482999999999999,7.1829,0.12582102004942577,0.0005611748506648037,0.0009894444444440431,6.986228977525819e-08
12,CN035,2022,awc,fixed_context,11.511,11.511,0.0,0.05426224280791961,0.0,0.0
12,CN035,2022,bulk_density,fixed_context,1.369,1.369,0.0,0.10370424155286671,0.0,0.0
12,CN035,2022,max_cum_gdd1,temperature_hazard,154.042,154.531,0.010209834011901122,0.003954838977228606,0.0,0.0
12,CN035,2022,max_cum_gdd2,temperature_hazard,238.612,337.481,2.1618187153036272,0.006608761679829262,-0.0009549999999998171,0.0
12,CN035,2022,max_cum_gdd7,temperature_hazard,0.0,0.0,0.0,0.0066041715446388755,0.0,0.0
12,CN035,2022,max_cum_prec1,water_proxy,67.953,53.718,0.3325672688941856,0.0006800477602364822,-0.011592777777778007,0.0
12,CN035,2022,max_cum_prec2,water_proxy,249.7,148.252,1.6772977530876445,0.0017777348797750419,-0.0018127777777774412,0.0
12,CN035,2022,max_cum_prec3,water_proxy,435.636,287.582,1.387624653220365,0.0019965079234693034,-0.005118888888889117,0.0
12,CN035,2022,max_cum_prec4,water_proxy,577.968,452.37,1.050835829387058,0.0025774834576984635,-0.010131111111111313,0.0
12,CN035,2022,max_cum_prec5,water_proxy,952.83,680.304,2.293391455091685,0.001952212049775364,-0.0006983333333332453,0.0
12,CN035,2022,max_cum_prec7,water_proxy,0.0,0.0,0.0,0.004792508298079563,0.0,0.0
12,CN035,2022,mean_cum_cwb2,water_proxy,114.85442857142856,32.89925,1.8942837482424224,0.0041840980289357555,-0.0072583333333327005,0.0
12,CN035,2022,mean_cum_cwb3,water_proxy,179.53867741935483,74.83870967741936,1.3442993367247413,0.0019189010993987078,-0.012763333333332572,0.0
12,CN035,2022,mean_cum_cwb4,water_proxy,263.10543333333334,137.2615,0.8022883799963746,0.0028329431011265608,-0.020477222222221148,0.0
12,CN035,2022,mean_cum_cwb5,water_proxy,453.82206451612905,221.7730322580645,1.648828002515812,0.004330731671544896,-0.0005927777777783305,0.0
12,CN035,2022,mean_cum_cwb6,water_proxy,636.1993333333334,311.51399999999995,2.283674054684784,0.0032918749855547023,0.0,0.0
12,CN035,2022,mean_cum_cwb7,water_proxy,0.0,0.0,0.0,0.0023356369493571423,0.0,0.0
12,CN035,2022,mean_prec1,water_proxy,2.2651,1.7906000000000002,0.3325672688941855,0.0006356149152419931,-0.01897277777777706,0.0
12,CN035,2022,mean_prec2,water_proxy,6.490964285714286,2.7822500000000003,2.290632330614319,0.0024772599894613777,-0.0016788888888892295,0.0
12,CN035,2022,mean_prec3,water_proxy,5.997935483870968,5.915032258064516,0.027397260273972927,0.0017709681352000184,0.0,0.0
12,CN035,2022,mean_prec4,water_proxy,4.7444,3.4582333333333333,0.6047426493636758,0.00237466337051435,0.0,0.0
12,CN035,2022,mean_prec6,water_proxy,13.076,17.921,0.5349818828256587,0.003021116335746942,0.0,0.0
12,CN035,2022,mean_prec7,water_proxy,0.0,0.0,0.0,0.0033973417928038954,0.0,0.0
12,CN035,2022,mean_rad1,radiation_hazard,8396312.025,9691416.033333331,0.8273296988598847,0.0043086705824463035,-0.005144444444444396,0.0
12,CN035,2022,mean_rad2,radiation_hazard,8137404.125,12735190.107142856,1.9845841845966878,0.0051929182370553835,-0.018247777777777863,0.0
12,CN035,2022,mean_rad3,radiation_hazard,13677597.08064516,12166102.35483871,0.7336656781478816,0.004245184333362696,-0.0028911111111113996,0.0
12,CN035,2022,mean_rad4,radiation_hazard,16596414.4,16730571.833333334,0.04708828393224724,0.004179109607436093,0.0,0.0
12,CN035,2022,mean_rad7,radiation_hazard,0.0,0.0,0.0,0.004447365874306189,0.0,0.0
12,CN035,2022,mean_tavg1,temperature_hazard,10.134733333333331,10.151033333333334,0.008387506217733586,0.0014727122435304616,0.0,0.0
12,CN035,2022,mean_tavg2,temperature_hazard,7.798571428571429,11.348285714285714,2.2000026146219445,0.007205119237766788,-0.002938333333333265,0.0
12,CN035,2022,mean_tavg3,temperature_hazard,15.797548387096771,14.369322580645164,1.3912518228482689,0.006757762909017114,-0.005327222222221817,0.0
12,CN035,2022,mean_tavg4,temperature_hazard,17.702766666666665,18.3995,0.6352965990686036,0.004550618555119359,0.0,0.0
12,CN035,2022,mean_tavg6,temperature_hazard,23.816000000000003,22.703000000000003,0.7892684079895979,0.004244286154210407,-0.0034716666666669838,0.0
12,CN035,2022,mean_tavg7,temperature_hazard,0.0,0.0,0.0,0.004673401498541836,0.0,0.0
12,CN035,2022,mean_tmax1,temperature_hazard,14.063,14.8059,0.7444385062462419,0.002413764687523313,0.0,0.0
12,CN035,2022,mean_tmax2,temperature_hazard,11.47925,16.087035714285715,2.369457076760077,0.007233356156290362,-0.012871111111111055,0.0
12,CN035,2022,mean_tmax3,temperature_hazard,20.895,18.357516129032252,1.3202531008207354,0.007683654374873957,-0.005001666666666349,0.0
12,CN035,2022,mean_tmax4,temperature_hazard,22.90503333333333,22.951766666666668,0.05133251024570838,0.002243219107874039,-0.0012722222222225632,0.0
12,CN035,2022,mean_tmax7,temperature_hazard,0.0,0.0,0.0,0.00363966370215959,0.0,0.0
12,CN035,2022,mean_tmin1,temperature_hazard,7.0039,6.490433333333333,0.30501158347028906,0.0016369422569999911,0.0,0.0
12,CN035,2022,mean_tmin2,temperature_hazard,4.952142857142857,7.555793103448275,1.1178062665258843,0.00751611653558336,-0.0026511111111111596,0.0
12,CN035,2022,mean_tmin3,temperature_hazard,11.243870967741936,9.993419354838707,0.9861104044772347,0.014290333581365368,-0.008081666666666543,0.0
12,CN035,2022,mean_tmin6,temperature_hazard,21.55333333333333,20.992,0.753467561521251,0.010011071101378015,0.0,0.0
12,CN035,2022,mean_tmin7,temperature_hazard,0.0,0.0,0.0,0.008980821930604123,0.0,0.0
12,CN035,2022,tmin<-4.027p1,temperature_hazard,0.0,0.0,0.0,0.00046533849524221766,0.0,0.0
12,CN035,2022,tmin<-4.027p2,temperature_hazard,0.0,0.0,0.0,0.012962096209179923,0.0,0.0
12,CN035,2022,tmin<-4.027p3,temperature_hazard,0.0,0.0,0.0,0.004439368893737348,0.0,0.0
12,CN035,2022,tmin<-4.027p4,temperature_hazard,0.0,0.0,0.0,0.0019039565997986104,0.0,0.0
12,CN035,2022,tmin<-4.027p5,temperature_hazard,0.0,0.0,0.0,0.0,0.0,0.0
12,CN035,2022,tmin<-4.027p6,temperature_hazard,0.0,0.0,0.0,0.0,0.0,0.0
12,CN035,2022,tmin<-4.027p7,temperature_hazard,0.0,0.0,0.0,0.0,0.0,0.0
12,CN035,2022,tmax>31.246p1,temperature_hazard,0.0,0.0,0.0,0.0,0.0,0.0
12,CN035,2022,tmax>31.246p2,temperature_hazard,0.0,0.0,0.0,0.00017665281034320485,0.0,0.0
12,CN035,2022,tmax>31.246p3,temperature_hazard,0.0,0.0,0.0,6.908349009589775e-05,0.0,0.0
12,CN035,2022,tmax>31.246p4,temperature_hazard,0.0,0.0,0.0,0.0006293053260611733,0.0,0.0
12,CN035,2022,tmax>31.246p5,temperature_hazard,0.0,1.0,0.48224282217041214,0.001469336899941713,0.0,0.0
12,CN035,2022,tmax>31.246p6,temperature_hazard,0.0,0.0,0.0,0.002320918318590675,0.0,0.0
12,CN035,2022,tmax>31.246p7,temperature_hazard,0.0,0.0,0.0,0.0020777574082735907,0.0,0.0
12,CN035,2022,prec<0.037p1,water_proxy,3.0,9.0,2.3180022278587673,0.0009295822938097154,-0.006755555555555848,0.0
12,CN035,2022,prec<0.037p5,water_proxy,6.0,1.0,4.08248290463863,0.009291164190086876,-0.004836111111111929,0.0
12,CN035,2022,prec<0.037p6,water_proxy,0.0,0.0,0.0,0.006946398603693774,0.0,0.0
12,CN035,2022,prec<0.037p7,water_proxy,0.0,0.0,0.0,0.002173414183177829,0.0,0.0
12,CN035,2022,median_cum_fpar1,crop_state_indicator,68.65350000000001,71.00999999999999,0.9669366899699212,0.004754642766068187,0.0,0.0
12,CN035,2022,median_cum_fpar2,crop_state_indicator,180.673,186.362,0.8731967576206521,0.014614232222732332,0.0,0.0
12,CN035,2022,median_cum_fpar3,crop_state_indicator,326.35200000000003,327.593,0.11991224969523612,0.012008354361110548,0.0,0.0
12,CN035,2022,median_cum_fpar4,crop_state_indicator,483.95,480.197,0.20917400512763262,0.02480748359547733,0.0,0.0
12,CN035,2022,median_cum_fpar5,crop_state_indicator,645.178,642.133,0.16081248916252927,0.02292879073773341,0.0,0.0
12,CN035,2022,median_cum_fpar6,crop_state_indicator,751.8340000000001,752.268,0.019229665551729704,0.026248574424483553,0.0,0.0
12,CN035,2022,median_cum_fpar7,crop_state_indicator,0.0,0.0,0.0,0.010151391945036756,0.0,0.0
12,CN035,2022,median_cum_ndvi1,crop_state_indicator,1.291,1.278,0.1585365853658523,0.0018926787430466052,0.0,0.0
12,CN035,2022,median_cum_ndvi2,crop_state_indicator,3.5655,3.4385000000000003,0.5497835497835492,0.04771331548726668,0.0,0.0
12,CN035,2022,median_cum_ndvi3,crop_state_indicator,6.0135000000000005,5.858,0.42370572207084706,0.07775865845935805,0.0,0.0
12,CN035,2022,median_cum_ndvi4,crop_state_indicator,8.248000000000001,8.0985,0.5397111913357471,0.042772588758079676,0.0,0.0
12,CN035,2022,median_cum_ndvi5,crop_state_indicator,10.333,10.573,0.8791208791208809,0.04374314802002847,0.0,0.0
12,CN035,2022,median_cum_ndvi6,crop_state_indicator,11.856,12.383,0.9117647058823526,0.0960538811272201,0.0,0.0
12,CN035,2022,median_cum_ndvi7,crop_state_indicator,0.0,0.0,0.0,0.010573265090748483,0.0,0.0
12,CN035,2022,mean_ssm1,water_proxy,8.010266666666666,7.845833333333333,0.18575140264337064,0.0034913535319388996,0.0,0.0
12,CN035,2022,mean_ssm2,water_proxy,8.480142857142857,7.873357142857143,1.1102123037958702,0.008875581083351567,-0.0016199999999999548,0.0
12,CN035,2022,mean_ssm3,water_proxy,8.35358064516129,8.077806451612904,0.7131892883957589,0.00922396371680262,0.0,0.0
12,CN035,2022,mean_ssm4,water_proxy,8.2829,8.185833333333333,0.18001978239366923,0.0067618109092575564,0.0,0.0
12,CN035,2022,mean_ssm6,water_proxy,8.752333333333333,8.583,0.6403511559314006,0.010547055728646093,0.0,0.0
12,CN035,2022,mean_ssm7,water_proxy,0.0,0.0,0.0,0.006821357782928302,0.0,0.0
13,CN036,2022,max_cum_gdd6,temperature_hazard,1425.359,1548.594,2.1430830706967114,0.006982955454215601,0.01517833333333396,0.00022714457215548578
13,CN036,2022,median_cum_ndvi6,crop_state_indicator,11.505,11.095,0.9832134292565955,0.0960538811272201,0.0015055555555552047,0.00014218687359502993
13,CN036,2022,mean_ssm6,water_proxy,8.775666666666666,8.425166666666668,1.514911396052438,0.010547055728646093,0.006376666666666697,0.00010188545486125136
13,CN036,2022,prec<0.037p5,water_proxy,6.0,2.0,1.1224270665326275,0.009291164190086876,0.0043599999999996975,4.5468932166164474e-05
13,CN036,2022,mean_rad5,radiation_hazard,13870130.112903226,17351530.241935484,1.451118418748708,0.003184281803113454,0.0086700000000004,4.0062075683115554e-05
13,CN036,2022,mean_tmin6,temperature_hazard,22.58983333333333,19.865,1.5984864780304686,0.010011071101378015,0.002306666666665791,3.6912575853382016e-05
13,CN036,2022,mean_tavg5,temperature_hazard,20.63,23.051516129032255,1.654296229367301,0.0025966691443671313,0.007353888888888438,3.158980615648417e-05
13,CN036,2022,mean_prec2,water_proxy,4.617714285714285,1.9502413793103448,1.7531451160554503,0.0024772599894613777,0.004307777777776689,1.87086627421432e-05
13,CN036,2022,mean_tmin4,temperature_hazard,13.499166666666667,14.228266666666666,0.5600764068282799,0.0059823909338138,0.004032222222221993,1.3510347723292745e-05
13,CN036,2022,mean_ssm5,water_proxy,8.29041935483871,8.168612903225807,0.4831699835070365,0.005201215977148358,0.002906666666667057,7.30466097948334e-06
13,CN036,2022,max_cum_gdd4,temperature_hazard,818.482,845.891,0.7514133484009711,0.01760477193860538,0.0004983333333332673,6.592182880726884e-06
13,CN036,2022,mean_ssm1,water_proxy,7.660612903225807,7.889387096774193,0.3933662432747239,0.0034913535319388996,0.0022049999999995684,3.0283042732794574e-06
13,CN036,2022,mean_ssm2,water_proxy,7.970892857142857,7.863571428571428,0.3172173545867199,0.008875581083351567,0.0008644444444438903,2.4338332640068824e-06
13,CN036,2022,mean_tmin1,temperature_hazard,4.269774193548387,3.146225806451613,0.5436835614941543,0.0016369422569999911,0.002461111111110803,2.1903362118719105e-06
13,CN036,2022,mean_cum_cwb1,water_proxy,20.24990322580645,28.178580645161293,0.3228792007867681,0.0005611748506648037,0.008130555555555752,1.4731890796697697e-06
13,CN036,2022,mean_tavg4,temperature_hazard,18.23003333333333,18.418766666666667,0.12617551366047317,0.004550618555119359,0.0019794444444443116,1.1365507476380502e-06
13,CN036,2022,prec<0.037p2,water_proxy,6.0,10.0,0.5714285714285714,0.003741738289900092,0.000334444444444415,7.150877620697323e-07
13,CN036,2022,mean_rad6,radiation_hazard,13200359.0,13018335.6,0.06617135590733741,0.002816618668235694,0.0012216666666668985,2.2769359360893964e-07
13,CN036,2022,max_cum_prec1,water_proxy,111.647,88.97,0.3095244594889715,0.0006800477602364822,0.0006177777777778282,1.300369188556982e-07
13,CN036,2022,awc,fixed_context,11.508,11.508,0.0,0.05426224280791961,0.0,0.0
13,CN036,2022,bulk_density,fixed_context,1.358,1.358,0.0,0.10370424155286671,0.0,0.0
13,CN036,2022,max_cum_gdd1,temperature_hazard,69.098,67.67399999999999,0.0652155644592854,0.003954838977228606,-0.00034000000000045105,0.0
13,CN036,2022,max_cum_gdd2,temperature_hazard,105.405,221.368,1.8181148286350377,0.006608761679829262,-0.0437283333333367,0.0
13,CN036,2022,max_cum_gdd3,temperature_hazard,421.581,429.982,0.10200216121708104,0.020214929351852203,-0.0003811111111113874,0.0
13,CN036,2022,max_cum_gdd5,temperature_hazard,1303.012,1450.38,2.5105281090289617,0.00841312819342394,-0.006667777777777939,0.0
13,CN036,2022,max_cum_gdd7,temperature_hazard,0.0,0.0,0.0,0.0066041715446388755,0.0,0.0
13,CN036,2022,max_cum_prec2,water_proxy,240.943,134.276,1.3839197675022057,0.0017777348797750419,-0.005678888888889233,0.0
13,CN036,2022,max_cum_prec3,water_proxy,443.434,313.44100000000003,1.4081468249254998,0.0019965079234693034,-0.0017744444444445229,0.0
13,CN036,2022,max_cum_prec4,water_proxy,660.696,510.119,1.1878905017355639,0.0025774834576984635,-0.006597777777778369,0.0
13,CN036,2022,max_cum_prec5,water_proxy,927.788,841.156,0.441959411890745,0.001952212049775364,0.0,0.0
13,CN036,2022,max_cum_prec6,water_proxy,1081.328,895.198,0.8689745325521135,0.002025633146550257,0.0,0.0
13,CN036,2022,max_cum_prec7,water_proxy,0.0,0.0,0.0,0.004792508298079563,0.0,0.0
13,CN036,2022,mean_cum_cwb2,water_proxy,138.89214285714286,35.754714285714286,1.141163908647414,0.0041840980289357555,-0.003993333333332849,0.0
13,CN036,2022,mean_cum_cwb3,water_proxy,206.1888064516129,99.20712903225804,1.3080658538434393,0.0019189010993987078,-0.00804999999999989,0.0
13,CN036,2022,mean_cum_cwb4,water_proxy,310.4165333333333,211.20793333333333,0.5673240523402565,0.0028329431011265608,-0.013574444444444556,0.0
13,CN036,2022,mean_cum_cwb5,water_proxy,465.4013225806451,338.6043548387097,0.7666424254496309,0.004330731671544896,-0.0017533333333337175,0.0
13,CN036,2022,mean_cum_cwb6,water_proxy,681.8938333333333,524.6945,0.7334534362244662,0.0032918749855547023,0.0,0.0
13,CN036,2022,mean_cum_cwb7,water_proxy,0.0,0.0,0.0,0.0023356369493571423,0.0,0.0
13,CN036,2022,mean_prec1,water_proxy,3.6015161290322584,2.87,0.30952445948897156,0.0006356149152419931,-0.0019727777777780453,0.0
13,CN036,2022,mean_prec3,water_proxy,6.531967741935484,6.166516129032258,0.14907952048214945,0.0017709681352000184,0.0,0.0
13,CN036,2022,mean_prec4,water_proxy,7.242066666666667,6.534933333333333,0.18185730212552959,0.00237466337051435,-0.004256666666667019,0.0
13,CN036,2022,mean_prec5,water_proxy,8.615870967741936,8.734838709677419,0.01871321290846349,0.0016144216931508212,0.0,0.0
13,CN036,2022,mean_prec6,water_proxy,25.59,14.7952,1.0172577351971106,0.003021116335746942,0.0,0.0
13,CN036,2022,mean_prec7,water_proxy,0.0,0.0,0.0,0.0033973417928038954,0.0,0.0
13,CN036,2022,mean_rad1,radiation_hazard,6478642.766129033,7760246.826612903,0.7669915382458659,0.0043086705824463035,0.0,0.0
13,CN036,2022,mean_rad2,radiation_hazard,7861686.379464285,12338671.785714284,2.435771804175972,0.0051929182370553835,-0.03651333333333717,0.0
13,CN036,2022,mean_rad3,radiation_hazard,12284420.741935484,11061643.072580645,0.6886745846153671,0.004245184333362696,0.0,0.0
13,CN036,2022,mean_rad4,radiation_hazard,16035017.458333334,16687462.525,0.15618138162780468,0.004179109607436093,-0.0007477777777777916,0.0
13,CN036,2022,mean_rad7,radiation_hazard,0.0,0.0,0.0,0.004447365874306189,0.0,0.0
13,CN036,2022,mean_tavg1,temperature_hazard,6.984774193548387,6.315516129032258,0.5466663719182322,0.0014727122435304616,0.0,0.0
13,CN036,2022,mean_tavg2,temperature_hazard,5.442678571428572,9.036464285714288,1.5937940345657016,0.007205119237766788,-0.0023988888888895055,0.0
13,CN036,2022,mean_tavg3,temperature_hazard,15.199225806451611,13.760032258064516,0.9980761056799626,0.006757762909017114,-0.0032738888888887985,0.0
13,CN036,2022,mean_tavg6,temperature_hazard,25.391166666666667,24.046000000000003,1.4110139860139888,0.004244286154210407,0.0,0.0
13,CN036,2022,mean_tavg7,temperature_hazard,0.0,0.0,0.0,0.004673401498541836,0.0,0.0
13,CN036,2022,mean_tmax1,temperature_hazard,10.189322580645165,10.590967741935485,0.1491423506300599,0.002413764687523313,-0.0014155555555559474,0.0
13,CN036,2022,mean_tmax2,temperature_hazard,8.813035714285714,13.98625,3.183221272371921,0.007233356156290362,-0.008538333333334425,0.0
13,CN036,2022,mean_tmax3,temperature_hazard,19.840806451612902,17.331290322580646,1.8196533564404662,0.007683654374873957,-0.0028427777777770835,0.0
13,CN036,2022,mean_tmax4,temperature_hazard,23.244766666666667,22.621166666666667,0.5950732194189686,0.002243219107874039,-0.0007233333333336311,0.0
13,CN036,2022,mean_tmax5,temperature_hazard,24.628870967741936,27.60358064516129,1.7458868967606385,0.002883646908735911,-0.0026883333333329595,0.0
13,CN036,2022,mean_tmax6,temperature_hazard,28.748,27.3055,1.223326501058597,0.00305739409224299,0.0,0.0
13,CN036,2022,mean_tmax7,temperature_hazard,0.0,0.0,0.0,0.00363966370215959,0.0,0.0
13,CN036,2022,mean_tmin2,temperature_hazard,2.6153214285714284,4.666928571428572,0.6962739279444958,0.00751611653558336,-0.000660000000000327,0.0
13,CN036,2022,mean_tmin3,temperature_hazard,10.87532258064516,9.641903225806452,0.6414898079020207,0.014290333581365368,-0.0017727777777780673,0.0
13,CN036,2022,mean_tmin5,temperature_hazard,16.925064516129034,19.188774193548387,1.4384249579797481,0.014616805133365274,-0.0015183333333341764,0.0
13,CN036,2022,mean_tmin7,temperature_hazard,0.0,0.0,0.0,0.008980821930604123,0.0,0.0
13,CN036,2022,tmin<-4.027p1,temperature_hazard,0.0,0.0,0.0,0.00046533849524221766,0.0,0.0
13,CN036,2022,tmin<-4.027p2,temperature_hazard,0.0,0.0,0.0,0.012962096209179923,0.0,0.0
13,CN036,2022,tmin<-4.027p3,temperature_hazard,0.0,0.0,0.0,0.004439368893737348,0.0,0.0
13,CN036,2022,tmin<-4.027p4,temperature_hazard,0.0,0.0,0.0,0.0019039565997986104,0.0,0.0
13,CN036,2022,tmin<-4.027p5,temperature_hazard,0.0,0.0,0.0,0.0,0.0,0.0
13,CN036,2022,tmin<-4.027p6,temperature_hazard,0.0,0.0,0.0,0.0,0.0,0.0
13,CN036,2022,tmin<-4.027p7,temperature_hazard,0.0,0.0,0.0,0.0,0.0,0.0
13,CN036,2022,tmax>31.246p1,temperature_hazard,0.0,0.0,0.0,0.0,0.0,0.0
13,CN036,2022,tmax>31.246p2,temperature_hazard,0.0,0.0,0.0,0.00017665281034320485,0.0,0.0
13,CN036,2022,tmax>31.246p3,temperature_hazard,0.0,0.0,0.0,6.908349009589775e-05,0.0,0.0
13,CN036,2022,tmax>31.246p4,temperature_hazard,0.0,0.0,0.0,0.0006293053260611733,0.0,0.0
13,CN036,2022,tmax>31.246p5,temperature_hazard,0.0,3.0,1.6770509831248424,0.001469336899941713,-0.0019766666666671817,0.0
13,CN036,2022,tmax>31.246p6,temperature_hazard,1.0,0.0,2.2360679774997894,0.002320918318590675,-0.0023800000000000487,0.0
13,CN036,2022,tmax>31.246p7,temperature_hazard,0.0,0.0,0.0,0.0020777574082735907,0.0,0.0
13,CN036,2022,prec<0.037p1,water_proxy,5.0,9.0,0.6639061303092922,0.0009295822938097154,-0.001983888888889229,0.0
13,CN036,2022,prec<0.037p3,water_proxy,4.0,5.0,0.25,0.006804497505905538,-0.002300000000000413,0.0
13,CN036,2022,prec<0.037p4,water_proxy,8.0,7.0,0.2,0.025693230727512686,-0.00092555555555629,0.0
13,CN036,2022,prec<0.037p6,water_proxy,0.0,0.0,0.0,0.006946398603693774,0.0,0.0
13,CN036,2022,prec<0.037p7,water_proxy,0.0,0.0,0.0,0.002173414183177829,0.0,0.0
13,CN036,2022,median_cum_fpar1,crop_state_indicator,77.777,72.69200000000001,0.5615061837455834,0.004754642766068187,0.0,0.0
13,CN036,2022,median_cum_fpar2,crop_state_indicator,189.652,177.62,0.6594322043187545,0.014614232222732332,0.0,0.0
13,CN036,2022,median_cum_fpar3,crop_state_indicator,311.289,289.536,0.8462555922972184,0.012008354361110548,0.0,0.0
13,CN036,2022,median_cum_fpar4,crop_state_indicator,444.255,416.678,1.0963983798598587,0.02480748359547733,0.0,0.0
13,CN036,2022,median_cum_fpar5,crop_state_indicator,590.0889999999999,567.937,0.7834294492979653,0.02292879073773341,0.0,0.0
13,CN036,2022,median_cum_fpar6,crop_state_indicator,695.365,675.884,0.6723311564640502,0.026248574424483553,0.0,0.0
13,CN036,2022,median_cum_fpar7,crop_state_indicator,0.0,0.0,0.0,0.010151391945036756,0.0,0.0
13,CN036,2022,median_cum_ndvi1,crop_state_indicator,1.2975,1.295,0.012254901960785143,0.0018926787430466052,0.0,0.0
13,CN036,2022,median_cum_ndvi2,crop_state_indicator,3.519,3.252,1.2219679633867284,0.04771331548726668,0.0,0.0
13,CN036,2022,median_cum_ndvi3,crop_state_indicator,5.642,5.2105,1.419407894736843,0.07775865845935805,0.0,0.0
13,CN036,2022,median_cum_ndvi4,crop_state_indicator,7.604,7.3515,2.0281893249341723,0.042772588758079676,0.0,0.0
13,CN036,2022,median_cum_ndvi5,crop_state_indicator,9.7575,9.511,1.805531363810789,0.04374314802002847,0.0,0.0
13,CN036,2022,median_cum_ndvi7,crop_state_indicator,0.0,0.0,0.0,0.010573265090748483,0.0,0.0
13,CN036,2022,mean_ssm3,water_proxy,7.988161290322581,8.054903225806452,0.22806437389770862,0.00922396371680262,-0.0023072222222224603,0.0
13,CN036,2022,mean_ssm4,water_proxy,7.9952,8.093666666666667,0.3420837525494193,0.0067618109092575564,-0.0015711111111116338,0.0
13,CN036,2022,mean_ssm7,water_proxy,0.0,0.0,0.0,0.006821357782928302,0.0,0.0
14,CN037,2022,mean_ssm7,water_proxy,5.591428571428572,4.442142857142857,3.1800703876538226,0.006821357782928302,0.014718888888890724,0.00031928799426300897
14,CN037,2022,mean_prec6,water_proxy,5.245966666666667,2.5134666666666665,3.6391273028246025,0.003021116335746942,0.01907055555555548,0.00020966601569592208
14,CN037,2022,mean_ssm6,water_proxy,4.020566666666666,3.8022,1.263208638642497,0.010547055728646093,0.005308888888888141,7.0731026955127e-05
14,CN037,2022,median_cum_fpar6,crop_state_indicator,566.459,591.508,0.318236101229801,0.026248574424483553,0.005359999999999587,4.477338777400377e-05
14,CN037,2022,max_cum_gdd5,temperature_hazard,978.046,944.846,0.7104339638791404,0.00841312819342394,0.006191666666666151,3.700741836858524e-05
14,CN037,2022,tmax>31.246p5,temperature_hazard,6.0,2.0,1.9289712886816486,0.001469336899941713,0.012579999999998925,3.565560336281881e-05
14,CN037,2022,mean_prec4,water_proxy,0.4913666666666667,1.264133333333333,2.0476064299593717,0.00237466337051435,0.006585555555555622,3.2021447190793555e-05
14,CN037,2022,mean_cum_cwb4,water_proxy,-167.95416666666668,-146.85330000000002,1.0667455421891703,0.0028329431011265608,0.010399999999998855,3.1429106013780694e-05
14,CN037,2022,median_cum_fpar5,crop_state_indicator,431.206,455.886,0.351211737416573,0.02292879073773341,0.0034683333333322963,2.7930004264494057e-05
14,CN037,2022,tmax>31.246p4,temperature_hazard,1.0,0.0,2.2360679774997894,0.0006293053260611733,0.01636666666666642,2.3030673948287905e-05
14,CN037,2022,mean_ssm5,water_proxy,3.74183870967742,3.936516129032258,0.6704391066710941,0.005201215977148358,0.0062266666666657144,2.1713000574419774e-05
14,CN037,2022,mean_tmin7,temperature_hazard,23.48514285714285,23.075285714285712,0.3577720067780604,0.008980821930604123,0.005880000000000329,1.889294970561753e-05
14,CN037,2022,prec<0.037p4,water_proxy,19.0,14.0,1.0,0.025693230727512686,0.0005683333333328378,1.4602319463456977e-05
14,CN037,2022,mean_rad7,radiation_hazard,17066997.214285713,18850103.46153846,1.0853099596041709,0.004447365874306189,0.0028449999999997644,1.3732162008168345e-05
14,CN037,2022,mean_tmax6,temperature_hazard,32.470099999999995,30.4619,2.120516701277676,0.00305739409224299,0.0009555555555547102,6.195110557872858e-06
14,CN037,2022,mean_cum_cwb2,water_proxy,-19.4764,-20.5052,0.19348889135285613,0.0041840980289357555,0.0029999999999992255,2.4287294667907227e-06
14,CN037,2022,mean_rad3,radiation_hazard,16053371.524193548,16322360.91935484,0.45661775156726975,0.004245184333362696,0.0008255555555551908,1.6002787869876085e-06
14,CN037,2022,mean_cum_cwb3,water_proxy,-80.87483870967742,-62.56593548387097,1.113126339617534,0.0019189010993987078,0.000711666666666666,1.5201053089666072e-06
14,CN037,2022,median_cum_fpar7,crop_state_indicator,685.8135,713.393,0.34048134911081973,0.010151391945036756,0.00036722222222262957,1.269252062219198e-06
14,CN037,2022,max_cum_gdd4,temperature_hazard,486.615,457.814,0.6509583573980404,0.01760477193860538,9.777777777753016e-05,1.1205307347415037e-06
14,CN037,2022,prec<0.037p6,water_proxy,7.0,8.0,0.3333333333333333,0.006946398603693774,0.00044555555555536586,1.0316688296592656e-06
14,CN037,2022,mean_prec3,water_proxy,1.0055806451612903,0.8809677419354839,0.27551529848085005,0.0017709681352000184,0.0019333333333326763,9.433290411144472e-07
14,CN037,2022,mean_tavg4,temperature_hazard,15.972866666666668,15.267366666666668,0.3818811684679657,0.004550618555119359,0.0004483333333329398,7.791116631006251e-07
14,CN037,2022,mean_tmax4,temperature_hazard,22.19383333333333,21.364466666666665,0.42438042606900794,0.002243219107874039,0.0002272222222217124,2.163106204623932e-07
14,CN037,2022,awc,fixed_context,14.446,14.446,0.0,0.05426224280791961,0.0,0.0
14,CN037,2022,bulk_density,fixed_context,1.493,1.493,0.0,0.10370424155286671,0.0,0.0
14,CN037,2022,max_cum_gdd1,temperature_hazard,0.0,0.0,0.0,0.003954838977228606,0.0,0.0
14,CN037,2022,max_cum_gdd2,temperature_hazard,14.858,24.946,0.48335911129292713,0.006608761679829262,-0.0014700000000003044,0.0
14,CN037,2022,max_cum_gdd3,temperature_hazard,157.429,169.38899999999998,0.190904882759501,0.020214929351852203,0.0,0.0
14,CN037,2022,max_cum_gdd6,temperature_hazard,1632.129,1565.726,1.4106498877056808,0.006982955454215601,-0.002152222222222555,0.0
14,CN037,2022,max_cum_gdd7,temperature_hazard,1941.427,1882.398,0.5619989717615255,0.0066041715446388755,-0.00020833333333403203,0.0
14,CN037,2022,max_cum_prec1,water_proxy,0.0,0.0,0.0,0.0006800477602364822,0.0,0.0
14,CN037,2022,max_cum_prec2,water_proxy,1.619,11.158,0.31898742643124667,0.0017777348797750419,-0.0026555555555569654,0.0
14,CN037,2022,max_cum_prec3,water_proxy,32.792,35.741,0.1680937891934771,0.0019965079234693034,0.0,0.0
14,CN037,2022,max_cum_prec4,water_proxy,47.533,82.776,2.0146475733965286,0.0025774834576984635,0.0,0.0
14,CN037,2022,max_cum_prec5,water_proxy,56.596,139.276,1.6118844309275946,0.001952212049775364,-0.000725555555556312,0.0
14,CN037,2022,max_cum_prec6,water_proxy,213.975,224.768,0.16966124341743308,0.002025633146550257,0.0,0.0
14,CN037,2022,max_cum_prec7,water_proxy,341.507,298.484,1.5351078300211374,0.004792508298079563,-0.0016977777777791303,0.0
14,CN037,2022,mean_cum_cwb1,water_proxy,0.0,0.0,0.0,0.0005611748506648037,0.0,0.0
14,CN037,2022,mean_cum_cwb5,water_proxy,-306.54125806451617,-240.6045483870968,2.625636974015264,0.004330731671544896,0.0,0.0
14,CN037,2022,mean_cum_cwb6,water_proxy,-456.2165333333333,-350.7529666666667,1.9523938817434099,0.0032918749855547023,-0.003973333333333606,0.0
14,CN037,2022,mean_cum_cwb7,water_proxy,-379.55892857142857,-375.1082142857143,0.13612791839855823,0.0023356369493571423,0.0,0.0
14,CN037,2022,mean_prec1,water_proxy,0.0,0.0,0.0,0.0006356149152419931,0.0,0.0
14,CN037,2022,mean_prec2,water_proxy,0.06476,0.44632,0.3339846564259466,0.0024772599894613777,-0.0008266666666676414,0.0
14,CN037,2022,mean_prec5,water_proxy,0.2923548387096774,1.3784193548387098,1.1715906322859029,0.0016144216931508212,0.0,0.0
14,CN037,2022,mean_prec7,water_proxy,9.109428571428571,4.634857142857143,1.0676968099776865,0.0033973417928038954,-0.010664444444445031,0.0
14,CN037,2022,mean_rad1,radiation_hazard,0.0,0.0,0.0,0.0043086705824463035,0.0,0.0
14,CN037,2022,mean_rad2,radiation_hazard,13320192.52,12968658.73076923,0.43926668535520913,0.0051929182370553835,0.0,0.0
14,CN037,2022,mean_rad4,radiation_hazard,20375563.6,20298832.4,0.05433911959974142,0.004179109607436093,0.0,0.0
14,CN037,2022,mean_rad5,radiation_hazard,23133193.967741936,22340215.29032258,0.6091628488378799,0.003184281803113454,-0.00641055555555603,0.0
14,CN037,2022,mean_rad6,radiation_hazard,22652796.966666665,22571834.2,0.06718564475946699,0.002816618668235694,0.0,0.0
14,CN037,2022,mean_tavg1,temperature_hazard,0.0,0.0,0.0,0.0014727122435304616,0.0,0.0
14,CN037,2022,mean_tavg2,temperature_hazard,1.96296,3.7344,0.761708571235783,0.007205119237766788,-0.002235000000000653,0.0
14,CN037,2022,mean_tavg3,temperature_hazard,9.427806451612904,9.419451612903226,0.00504273670684038,0.006757762909017114,0.0,0.0
14,CN037,2022,mean_tavg5,temperature_hazard,20.852612903225808,20.86303225806452,0.013581973130840794,0.0025966691443671313,0.0,0.0
14,CN037,2022,mean_tavg6,temperature_hazard,26.802766666666667,25.148666666666667,1.7591194299691573,0.004244286154210407,-0.003600555555557605,0.0
14,CN037,2022,mean_tavg7,temperature_hazard,27.092714285714287,26.784214285714285,0.22111327633900277,0.004673401498541836,0.0,0.0
14,CN037,2022,mean_tmax1,temperature_hazard,0.0,0.0,0.0,0.002413764687523313,0.0,0.0
14,CN037,2022,mean_tmax2,temperature_hazard,7.69592,9.91312,0.9529634356435377,0.007233356156290362,-0.00450333333333397,0.0
14,CN037,2022,mean_tmax3,temperature_hazard,15.371225806451612,15.17874193548387,0.09982267130620963,0.007683654374873957,0.0,0.0
14,CN037,2022,mean_tmax5,temperature_hazard,27.18064516129032,26.839548387096773,0.3138151060988262,0.002883646908735911,0.0,0.0
14,CN037,2022,mean_tmax7,temperature_hazard,31.063357142857143,30.98538461538461,0.049383551435075945,0.00363966370215959,0.0,0.0
14,CN037,2022,mean_tmin1,temperature_hazard,0.0,0.0,0.0,0.0016369422569999911,0.0,0.0
14,CN037,2022,mean_tmin2,temperature_hazard,-2.9494,-1.35524,0.5324920655802403,0.00751611653558336,-0.0038233333333330677,0.0
14,CN037,2022,mean_tmin3,temperature_hazard,4.124516129032258,4.070645161290322,0.031524303916941866,0.014290333581365368,0.0,0.0
14,CN037,2022,mean_tmin4,temperature_hazard,10.070233333333334,9.568066666666668,0.4379360465116279,0.0059823909338138,-0.0006883333333336239,0.0
14,CN037,2022,mean_tmin5,temperature_hazard,14.42632258064516,15.730483870967742,1.721771491884288,0.014616805133365274,-0.0027650000000001285,0.0
14,CN037,2022,mean_tmin6,temperature_hazard,21.498933333333333,20.1834,2.0800042162959884,0.010011071101378015,-0.005981666666666996,0.0
14,CN037,2022,tmin<-4.027p1,temperature_hazard,0.0,0.0,0.0,0.00046533849524221766,0.0,0.0
14,CN037,2022,tmin<-4.027p2,temperature_hazard,12.0,4.0,1.6,0.012962096209179923,-0.004806666666667958,0.0
14,CN037,2022,tmin<-4.027p3,temperature_hazard,0.0,0.0,0.0,0.004439368893737348,0.0,0.0
14,CN037,2022,tmin<-4.027p4,temperature_hazard,0.0,0.0,0.0,0.0019039565997986104,0.0,0.0
14,CN037,2022,tmin<-4.027p5,temperature_hazard,0.0,0.0,0.0,0.0,0.0,0.0
14,CN037,2022,tmin<-4.027p6,temperature_hazard,0.0,0.0,0.0,0.0,0.0,0.0
14,CN037,2022,tmin<-4.027p7,temperature_hazard,0.0,0.0,0.0,0.0,0.0,0.0
14,CN037,2022,tmax>31.246p1,temperature_hazard,0.0,0.0,0.0,0.0,0.0,0.0
14,CN037,2022,tmax>31.246p2,temperature_hazard,0.0,0.0,0.0,0.00017665281034320485,0.0,0.0
14,CN037,2022,tmax>31.246p3,temperature_hazard,0.0,0.0,0.0,6.908349009589775e-05,0.0,0.0
14,CN037,2022,tmax>31.246p6,temperature_hazard,18.0,14.0,0.8,0.002320918318590675,-0.004845555555556658,0.0
14,CN037,2022,tmax>31.246p7,temperature_hazard,6.0,7.0,0.25,0.0020777574082735907,-0.004532777777778385,0.0
14,CN037,2022,prec<0.037p1,water_proxy,0.0,0.0,0.0,0.0009295822938097154,0.0,0.0
14,CN037,2022,prec<0.037p2,water_proxy,16.0,16.0,0.0,0.003741738289900092,0.0,0.0
14,CN037,2022,prec<0.037p3,water_proxy,18.0,18.0,0.0,0.006804497505905538,0.0,0.0
14,CN037,2022,prec<0.037p5,water_proxy,17.0,11.0,1.2,0.009291164190086876,-0.02225499999999947,0.0
14,CN037,2022,prec<0.037p7,water_proxy,1.0,1.0,0.0,0.002173414183177829,0.0,0.0
14,CN037,2022,median_cum_fpar1,crop_state_indicator,0.0,0.0,0.0,0.004754642766068187,0.0,0.0
14,CN037,2022,median_cum_fpar2,crop_state_indicator,36.8825,44.6615,0.5352093295262992,0.014614232222732332,0.0,0.0
14,CN037,2022,median_cum_fpar3,crop_state_indicator,114.356,136.38,0.5725278153270248,0.012008354361110548,-0.009017222222223786,0.0
14,CN037,2022,median_cum_fpar4,crop_state_indicator,259.809,289.374,0.5042554280158957,0.02480748359547733,-0.0033111111111123748,0.0
14,CN037,2022,median_cum_ndvi1,crop_state_indicator,0.0,0.0,0.0,0.0018926787430466052,0.0,0.0
14,CN037,2022,median_cum_ndvi2,crop_state_indicator,0.5720000000000001,0.645,0.39037433155080203,0.04771331548726668,-0.006145000000000067,0.0
14,CN037,2022,median_cum_ndvi3,crop_state_indicator,1.6709999999999998,2.044,0.6998123827392122,0.07775865845935805,-0.053480000000001304,0.0
14,CN037,2022,median_cum_ndvi4,crop_state_indicator,3.513,3.889,0.5637181409295352,0.042772588758079676,-0.03776500000000027,0.0
14,CN037,2022,median_cum_ndvi5,crop_state_indicator,5.623,5.9875,0.4999999999999994,0.04374314802002847,-0.016117222222223226,0.0
14,CN037,2022,median_cum_ndvi6,crop_state_indicator,7.2675,7.632,0.4347048300536669,0.0960538811272201,-0.14319222222222283,0.0
14,CN037,2022,median_cum_ndvi7,crop_state_indicator,8.835,9.0885,0.25451807228915546,0.010573265090748483,-0.016615000000000713,0.0
14,CN037,2022,mean_ssm1,water_proxy,0.0,0.0,0.0,0.0034913535319388996,0.0,0.0
14,CN037,2022,mean_ssm2,water_proxy,4.82592,4.244653846153846,2.028885381965815,0.008875581083351567,-0.010664444444445031,0.0
14,CN037,2022,mean_ssm3,water_proxy,4.6930000000000005,4.386838709677419,0.7037809921472594,0.00922396371680262,-0.015586666666667526,0.0
14,CN037,2022,mean_ssm4,water_proxy,4.329066666666667,4.2346,0.26246167253511676,0.0067618109092575564,0.0,0.0
15,CN041,2022,max_cum_gdd4,temperature_hazard,600.83,547.186,1.3340296428926695,0.01760477193860538,0.060277222222221205,0.001415627900972081
15,CN041,2022,median_cum_ndvi5,crop_state_indicator,7.621,7.1645,0.8931786599444483,0.04374314802002847,0.02770888888888834,0.0010825986562050223
15,CN041,2022,median_cum_ndvi2,crop_state_indicator,1.1675,0.866,1.1846758349705302,0.04771331548726668,0.009543888888888574,0.0005394665238962054
15,CN041,2022,median_cum_ndvi4,crop_state_indicator,5.384,5.05,0.568158442928041,0.042772588758079676,0.019118333333333126,0.00046460623135944956
15,CN041,2022,median_cum_ndvi6,crop_state_indicator,9.1,8.683499999999999,0.8373159741713395,0.0960538811272201,0.005027222222222072,0.00040432665913564737
15,CN041,2022,median_cum_ndvi3,crop_state_indicator,3.123,2.8985000000000003,0.5382417152028859,0.07775865845935805,0.0070611111111107405,0.0002955283564112188
15,CN041,2022,mean_tavg4,temperature_hazard,17.5468,15.838433333333334,2.9848538029589964,0.004550618555119359,0.021407777777777248,0.0002907803705610251
15,CN041,2022,prec<0.037p3,water_proxy,11.0,17.0,1.9166296949998198,0.006804497505905538,0.020062777777776652,0.0002616527686561056
15,CN041,2022,mean_ssm2,water_proxy,4.919925925925925,4.52737037037037,0.8959939134294012,0.008875581083351567,0.030676111111111126,0.00024395074991345788
15,CN041,2022,mean_tmin5,temperature_hazard,15.036483870967745,17.01825806451613,3.014327069329268,0.014616805133365274,0.005524444444444221,0.00024340609069378185
15,CN041,2022,mean_tmin6,temperature_hazard,23.304433333333336,21.3842,2.08970870968913,0.010011071101378015,0.011132222222220989,0.00023288856551738682
15,CN041,2022,prec<0.037p4,water_proxy,12.0,13.0,0.2701716134791496,0.025693230727512686,0.03307555555555819,0.00022959666789208445
15,CN041,2022,mean_tmax7,temperature_hazard,32.65116666666666,30.58290909090909,2.2714112185300186,0.00363966370215959,0.0201511111111099,0.00016659272098767873
15,CN041,2022,mean_tavg7,temperature_hazard,28.356583333333333,26.688,3.121499433106574,0.004673401498541836,0.011194444444443619,0.00016330478088155004
15,CN041,2022,tmax>31.246p4,temperature_hazard,2.0,0.0,4.472135954999579,0.0006293053260611733,0.03163222222222384,8.902379587696563e-05
15,CN041,2022,mean_tmin4,temperature_hazard,11.730966666666664,10.303033333333332,2.1211862600799836,0.0059823909338138,0.00666833333333372,8.461958595064293e-05
15,CN041,2022,mean_tmax4,temperature_hazard,23.57266666666667,21.8726,2.6918339238723297,0.002243219107874039,0.012823888888888746,7.743542818232202e-05
15,CN041,2022,mean_ssm3,water_proxy,4.7541935483870965,4.298387096774194,0.47807551766138806,0.00922396371680262,0.011508333333333454,5.0748887058110345e-05
15,CN041,2022,tmax>31.246p7,temperature_hazard,10.0,5.0,3.3709993123162105,0.0020777574082735907,0.004371666666666663,3.061967266307137e-05
15,CN041,2022,mean_ssm6,water_proxy,3.8453666666666666,4.121,1.0942686517839861,0.010547055728646093,0.0017527777777770481,2.022935599308168e-05
15,CN041,2022,mean_prec3,water_proxy,1.856935483870968,0.8216774193548387,1.4866670573279273,0.0017709681352000184,0.0035949999999980164,9.4650597503095e-06
15,CN041,2022,mean_tavg2,temperature_hazard,3.467037037037037,4.268,0.2043728019548679,0.007205119237766788,0.005077222222221955,7.476364105527734e-06
15,CN041,2022,mean_tmax3,temperature_hazard,17.185741935483872,17.336387096774192,0.11964551068584202,0.007683654374873957,0.006766666666665699,6.2206964859293e-06
15,CN041,2022,mean_tavg5,temperature_hazard,21.259451612903227,22.20106451612903,0.8527358242528643,0.0025966691443671313,0.0022877777777772224,5.065764112946182e-06
15,CN041,2022,tmax>31.246p6,temperature_hazard,27.0,15.0,1.5,0.002320918318590675,0.00138333333333307,4.815905511074734e-06
15,CN041,2022,mean_prec7,water_proxy,7.803083333333333,4.274416666666666,0.78713379622312,0.0033973417928038954,0.0015761111111114445,4.214777296053286e-06
15,CN041,2022,tmin<-4.027p2,temperature_hazard,4.0,5.0,0.14285714285714285,0.012962096209179923,0.0022761111111107013,4.214738743571475e-06
15,CN041,2022,mean_rad7,radiation_hazard,18601502.70833333,17985532.875,0.19467816649601374,0.004447365874306189,0.004357222222221679,3.772504934896142e-06
15,CN041,2022,max_cum_gdd2,temperature_hazard,23.015,29.149,0.13996896677619572,0.006608761679829262,0.0033366666666658773,3.086488551798647e-06
15,CN041,2022,mean_tmax5,temperature_hazard,27.271774193548385,28.03116129032258,0.6131426785435224,0.002883646908735911,0.0011055555555552488,1.954718394052907e-06
15,CN041,2022,mean_ssm7,water_proxy,5.0263333333333335,4.53425,0.7548412989724371,0.006821357782928302,0.0003144444444433958,1.6190878302199785e-06
15,CN041,2022,mean_prec5,water_proxy,0.3934838709677419,2.155,1.246962915601023,0.0016144216931508212,0.0007616666666656613,1.5333294325744857e-06
15,CN041,2022,mean_prec6,water_proxy,2.484733333333333,3.8501666666666665,0.9876928317064141,0.003021116335746942,0.000431666666666608,1.2880652527985189e-06
15,CN041,2022,max_cum_prec5,water_proxy,118.499,192.609,0.8573676234107291,0.001952212049775364,0.00034333333333247396,5.746587692235557e-07
15,CN041,2022,mean_ssm4,water_proxy,4.364066666666667,4.289333333333333,0.10548602615978182,0.0067618109092575564,0.0001483333333318626,1.05802690097398e-07
15,CN041,2022,awc,fixed_context,14.925,14.925,0.0,0.05426224280791961,0.0,0.0
15,CN041,2022,bulk_density,fixed_context,1.468,1.468,0.0,0.10370424155286671,0.0,0.0
15,CN041,2022,max_cum_gdd1,temperature_hazard,0.0,0.0,0.0,0.003954838977228606,0.0,0.0
15,CN041,2022,max_cum_gdd3,temperature_hazard,224.426,216.188,0.3734377054494586,0.020214929351852203,0.0,0.0
15,CN041,2022,max_cum_gdd5,temperature_hazard,1104.873,1104.797,0.001931041491984193,0.00841312819342394,0.0,0.0
15,CN041,2022,max_cum_gdd6,temperature_hazard,1827.229,1744.418,1.6727497066648989,0.006982955454215601,0.0,0.0
15,CN041,2022,max_cum_gdd7,temperature_hazard,2107.508,2010.723,1.7013553184383066,0.0066041715446388755,0.0,0.0
15,CN041,2022,max_cum_prec1,water_proxy,0.0,0.0,0.0,0.0006800477602364822,0.0,0.0
15,CN041,2022,max_cum_prec2,water_proxy,6.249,16.268,0.544037793223284,0.0017777348797750419,-0.0002188888888889906,0.0
15,CN041,2022,max_cum_prec3,water_proxy,63.814,50.631,0.4284810177194657,0.0019965079234693034,0.0,0.0
15,CN041,2022,max_cum_prec4,water_proxy,106.301,114.509,0.19246371374305338,0.0025774834576984635,0.0,0.0
15,CN041,2022,max_cum_prec6,water_proxy,193.041,282.31,1.6954853658999836,0.002025633146550257,-0.0022394444444451267,0.0
15,CN041,2022,max_cum_prec7,water_proxy,286.678,337.962,0.5761321557954094,0.004792508298079563,0.0,0.0
15,CN041,2022,mean_cum_cwb1,water_proxy,0.0,0.0,0.0,0.0005611748506648037,0.0,0.0
15,CN041,2022,mean_cum_cwb2,water_proxy,-16.489333333333335,-16.045214285714287,0.03776557345960472,0.0041840980289357555,0.0,0.0
15,CN041,2022,mean_cum_cwb3,water_proxy,-62.28470967741936,-60.68677419354839,0.048028598522970554,0.0019189010993987078,0.0,0.0
15,CN041,2022,mean_cum_cwb4,water_proxy,-129.2353,-131.60453333333334,0.08779785654699035,0.0028329431011265608,0.0,0.0
15,CN041,2022,mean_cum_cwb5,water_proxy,-235.1334193548387,-210.47806451612905,0.35213448555947097,0.004330731671544896,0.0,0.0
15,CN041,2022,mean_cum_cwb6,water_proxy,-394.4421,-296.82373333333334,1.4715759884788442,0.0032918749855547023,0.0,0.0
15,CN041,2022,mean_cum_cwb7,water_proxy,-408.29316666666665,-312.5740909090909,1.1433118248481087,0.0023356369493571423,-0.0022766666666669266,0.0
15,CN041,2022,mean_prec1,water_proxy,0.0,0.0,0.0,0.0006356149152419931,0.0,0.0
15,CN041,2022,mean_prec2,water_proxy,0.2314444444444444,0.6025185185185186,0.5771384603990339,0.0024772599894613777,0.0,0.0
15,CN041,2022,mean_prec4,water_proxy,1.4162333333333337,1.5567,0.10378287853413433,0.00237466337051435,0.0,0.0
15,CN041,2022,mean_rad1,radiation_hazard,0.0,0.0,0.0,0.0043086705824463035,0.0,0.0
15,CN041,2022,mean_rad2,radiation_hazard,12116301.351851853,12002108.61574074,0.06875455380455982,0.0051929182370553835,0.0,0.0
15,CN041,2022,mean_rad3,radiation_hazard,14844901.120967742,15667305.806451611,0.5824790345503391,0.004245184333362696,0.0,0.0
15,CN041,2022,mean_rad4,radiation_hazard,19781888.33333333,19082575.15833333,0.42667480497406846,0.004179109607436093,0.0,0.0
15,CN041,2022,mean_rad5,radiation_hazard,21939976.06451613,22173035.19354839,0.10769246317275598,0.003184281803113454,-0.003975000000000506,0.0
15,CN041,2022,mean_rad6,radiation_hazard,23178769.933333334,21630935.6,1.0578736988465296,0.002816618668235694,-0.005467222222223178,0.0
15,CN041,2022,mean_tavg1,temperature_hazard,0.0,0.0,0.0,0.0014727122435304616,0.0,0.0
15,CN041,2022,mean_tavg3,temperature_hazard,11.492387096774191,11.322677419354838,0.20108806837046278,0.006757762909017114,0.0,0.0
15,CN041,2022,mean_tavg6,temperature_hazard,29.078533333333333,26.060233333333333,1.6099889762099513,0.004244286154210407,-0.00020833333333403203,0.0
15,CN041,2022,mean_tmax1,temperature_hazard,0.0,0.0,0.0,0.002413764687523313,0.0,0.0
15,CN041,2022,mean_tmax2,temperature_hazard,8.83625925925926,10.303962962962965,0.41624754331253994,0.007233356156290362,0.0,0.0
15,CN041,2022,mean_tmax6,temperature_hazard,34.753,30.7498,1.7407235621521315,0.00305739409224299,-0.00039666666666704486,0.0
15,CN041,2022,mean_tmin1,temperature_hazard,0.0,0.0,0.0,0.0016369422569999911,0.0,0.0
15,CN041,2022,mean_tmin2,temperature_hazard,-1.4163703703703705,-1.2632222222222222,0.05185071401093356,0.00751611653558336,0.0,0.0
15,CN041,2022,mean_tmin3,temperature_hazard,6.293387096774193,5.845419354838709,0.9086129992924691,0.014290333581365368,0.0,0.0
15,CN041,2022,mean_tmin7,temperature_hazard,24.448833333333337,22.826727272727272,3.1472205073933646,0.008980821930604123,-0.0014622222222229198,0.0
15,CN041,2022,tmin<-4.027p1,temperature_hazard,0.0,0.0,0.0,0.00046533849524221766,0.0,0.0
15,CN041,2022,tmin<-4.027p3,temperature_hazard,0.0,0.0,0.0,0.004439368893737348,0.0,0.0
15,CN041,2022,tmin<-4.027p4,temperature_hazard,0.0,0.0,0.0,0.0019039565997986104,0.0,0.0
15,CN041,2022,tmin<-4.027p5,temperature_hazard,0.0,0.0,0.0,0.0,0.0,0.0
15,CN041,2022,tmin<-4.027p6,temperature_hazard,0.0,0.0,0.0,0.0,0.0,0.0
15,CN041,2022,tmin<-4.027p7,temperature_hazard,0.0,0.0,0.0,0.0,0.0,0.0
15,CN041,2022,tmax>31.246p1,temperature_hazard,0.0,0.0,0.0,0.0,0.0,0.0
15,CN041,2022,tmax>31.246p2,temperature_hazard,0.0,0.0,0.0,0.00017665281034320485,0.0,0.0
15,CN041,2022,tmax>31.246p3,temperature_hazard,0.0,0.0,0.0,6.908349009589775e-05,0.0,0.0
15,CN041,2022,tmax>31.246p5,temperature_hazard,5.0,5.0,0.0,0.001469336899941713,0.0,0.0
15,CN041,2022,prec<0.037p1,water_proxy,0.0,0.0,0.0,0.0009295822938097154,0.0,0.0
15,CN041,2022,prec<0.037p2,water_proxy,15.0,16.0,0.1617962004226434,0.003741738289900092,0.0,0.0
15,CN041,2022,prec<0.037p5,water_proxy,17.0,12.0,1.4744195615489712,0.009291164190086876,-0.028318888888889227,0.0
15,CN041,2022,prec<0.037p6,water_proxy,8.0,6.0,0.9644856443408243,0.006946398603693774,-0.0033222222222235587,0.0
15,CN041,2022,prec<0.037p7,water_proxy,0.0,0.0,0.0,0.002173414183177829,0.0,0.0
15,CN041,2022,median_cum_fpar1,crop_state_indicator,0.0,0.0,0.0,0.004754642766068187,0.0,0.0
15,CN041,2022,median_cum_fpar2,crop_state_indicator,64.98049999999999,64.96600000000001,0.0009484252869793616,0.014614232222732332,0.0,0.0
15,CN041,2022,median_cum_fpar3,crop_state_indicator,188.794,188.71,0.0024097768087670886,0.012008354361110548,0.0,0.0
15,CN041,2022,median_cum_fpar4,crop_state_indicator,375.216,373.078,0.05294831471804732,0.02480748359547733,0.0,0.0
15,CN041,2022,median_cum_fpar5,crop_state_indicator,556.37,547.058,0.26609515645092185,0.02292879073773341,0.0,0.0
15,CN041,2022,median_cum_fpar6,crop_state_indicator,680.441,662.382,0.6060504689197947,0.026248574424483553,0.0,0.0
15,CN041,2022,median_cum_fpar7,crop_state_indicator,800.6030000000001,777.4395,0.7302365470349217,0.010151391945036756,0.0,0.0
15,CN041,2022,median_cum_ndvi1,crop_state_indicator,0.0,0.0,0.0,0.0018926787430466052,0.0,0.0
15,CN041,2022,median_cum_ndvi7,crop_state_indicator,10.646,10.3935,0.4439894240365645,0.010573265090748483,0.0,0.0
15,CN041,2022,mean_ssm1,water_proxy,0.0,0.0,0.0,0.0034913535319388996,0.0,0.0
15,CN041,2022,mean_ssm5,water_proxy,4.01216129032258,3.874774193548387,0.13256899771736821,0.005201215977148358,0.0,0.0
16,CN042,2022,median_cum_fpar2,crop_state_indicator,68.068,55.089,4.397822098547452,0.014614232222732332,0.028336666666666233,0.0018212200496137475
16,CN042,2022,median_cum_ndvi6,crop_state_indicator,8.717,7.8975,1.9192037470726027,0.0960538811272201,0.00921277777777707,0.0016983476555364847
16,CN042,2022,mean_tmin5,temperature_hazard,15.71048387096774,16.91809677419355,3.5098443652728206,0.014616805133365274,0.011198888888888092,0.0005745333617066751
16,CN042,2022,median_cum_ndvi2,crop_state_indicator,1.0985,0.8665,2.165960012157354,0.04771331548726668,0.005070555555555245,0.0005240172402648037
16,CN042,2022,median_cum_fpar3,crop_state_indicator,181.491,155.971,2.3899606667915294,0.012008354361110548,0.016512777777776932,0.00047390837659741145
16,CN042,2022,mean_tmax3,temperature_hazard,18.24341935483871,15.20790322580645,3.303385046887323,0.007683654374873957,0.01591277777777922,0.0004038992230186453
16,CN042,2022,mean_tmin3,temperature_hazard,8.434096774193549,5.2701935483870965,3.8651991834249064,0.014290333581365368,0.004616666666666269,0.0002550015172667936
16,CN042,2022,mean_ssm2,water_proxy,6.704785714285714,6.178285714285714,1.2877474119449976,0.008875581083351567,0.011817222222221702,0.00013506501902323467
16,CN042,2022,mean_ssm4,water_proxy,6.899933333333333,5.955866666666666,1.5760211809127616,0.0067618109092575564,0.011547222222221265,0.00012305594372197677
16,CN042,2022,median_cum_fpar6,crop_state_indicator,589.702,534.175,1.2445814188053352,0.026248574424483553,0.0028588888888885222,9.339557735667507e-05
16,CN042,2022,median_cum_fpar4,crop_state_indicator,309.823,289.302,0.8607079942957794,0.02480748359547733,0.003633333333332267,7.7578931331303e-05
16,CN042,2022,mean_ssm3,water_proxy,6.789870967741935,6.043387096774193,1.6078233156292503,0.00922396371680262,0.0037827777777765803,5.6100500685989625e-05
16,CN042,2022,mean_prec7,water_proxy,9.62725,0.9996666666666668,2.3002288431202653,0.0033973417928038954,0.005868333333332032,4.585905078553261e-05
16,CN042,2022,median_cum_fpar7,crop_state_indicator,718.3199999999999,647.561,1.2742481541509083,0.010151391945036756,0.003382222222220399,4.3750371790853725e-05
16,CN042,2022,mean_ssm7,water_proxy,6.91525,6.08175,0.9140410163917784,0.006821357782928302,0.00653888888888865,4.076997746039223e-05
16,CN042,2022,mean_rad1,radiation_hazard,7122713.8,11858549.8,1.5680035154161016,0.0043086705824463035,0.005830555555554895,3.9391295254095596e-05
16,CN042,2022,max_cum_gdd3,temperature_hazard,280.862,226.108,0.8435079986803278,0.020214929351852203,0.001692222222222206,2.8854850397101545e-05
16,CN042,2022,mean_tmax6,temperature_hazard,31.458866666666665,29.3442,2.1532599795726926,0.00305739409224299,0.0034622222222218113,2.2793070317038467e-05
16,CN042,2022,mean_ssm5,water_proxy,6.822645161290323,6.075709677419355,1.152658093741712,0.005201215977148358,0.0036105555555554503,2.1646088212854145e-05
16,CN042,2022,mean_prec3,water_proxy,6.140677419354838,1.6638709677419354,2.7443888548320112,0.0017709681352000184,0.004365555555555289,2.121758317770354e-05
16,CN042,2022,tmax>31.246p6,temperature_hazard,17.0,11.0,1.3155870289605438,0.002320918318590675,0.006699444444443259,2.0455882919249356e-05
16,CN042,2022,max_cum_gdd7,temperature_hazard,1917.985,1862.989,0.40434072963077194,0.0066041715446388755,0.006368888888888868,1.7007070356463817e-05
16,CN042,2022,mean_tmin6,temperature_hazard,23.3531,21.62313333333333,1.9033993800099236,0.010011071101378015,0.0007283333333329978,1.3878440120927611e-05
16,CN042,2022,max_cum_prec7,water_proxy,574.98,503.867,0.5613501696855218,0.004792508298079563,0.004326666666665702,1.1639924665188774e-05
16,CN042,2022,prec<0.037p2,water_proxy,9.0,11.0,0.4,0.003741738289900092,0.0077727777777774065,1.1633480091997709e-05
16,CN042,2022,mean_tavg5,temperature_hazard,20.662322580645164,21.91054838709677,1.248105022094627,0.0025966691443671313,0.0034116666666657025,1.1056924403657342e-05
16,CN042,2022,mean_tavg7,temperature_hazard,28.33575,30.14525,0.7690997127943348,0.004673401498541836,0.0030716666666661396,1.104052759300644e-05
16,CN042,2022,prec<0.037p4,water_proxy,10.0,9.0,0.24768870230903497,0.025693230727512686,0.0014900000000004354,9.482245235768889e-06
16,CN042,2022,mean_cum_cwb1,water_proxy,7.869,-3.0614,4.07972529113168,0.0005611748506648037,0.0038944444444437565,8.916093894076061e-06
16,CN042,2022,max_cum_gdd2,temperature_hazard,24.751,55.509,0.6776767268689372,0.006608761679829262,0.0014216666666664324,6.367081997029868e-06
16,CN042,2022,mean_tavg6,temperature_hazard,27.345666666666663,25.398833333333336,2.100173945382974,0.004244286154210407,0.0006377777777775151,5.684984777275501e-06
16,CN042,2022,median_cum_ndvi4,crop_state_indicator,4.641,4.148,1.4289855072463788,0.042772588758079676,7.777777777651096e-05,4.753887401021868e-06
16,CN042,2022,mean_rad4,radiation_hazard,17407028.575,18901276.3,0.5979459692677421,0.004179109607436093,0.001814999999999678,4.535470366982728e-06
16,CN042,2022,mean_rad7,radiation_hazard,16498188.25,21694720.0,1.1927938512523333,0.004447365874306189,0.0008438888888884222,4.47665390356781e-06
16,CN042,2022,max_cum_prec1,water_proxy,11.948,0.645,1.4532013371046544,0.0006800477602364822,0.003632777777777818,3.590079250179921e-06
16,CN042,2022,mean_prec1,water_proxy,2.3896,0.129,1.4532013371046542,0.0006356149152419931,0.003378888888888376,3.121000075969775e-06
16,CN042,2022,mean_cum_cwb6,water_proxy,39.351533333333336,-45.31463333333333,0.6898627756056386,0.0032918749855547023,0.0007955555555554383,1.8066605359650463e-06
16,CN042,2022,mean_tavg3,temperature_hazard,13.261645161290325,10.122516129032258,3.9007646432207324,0.006757762909017114,6.500000000020378e-05,1.7134287704849305e-06
16,CN042,2022,mean_cum_cwb3,water_proxy,25.61235483870968,-9.213451612903222,0.4531568612801051,0.0019189010993987078,0.0019155555555556703,1.665696617345917e-06
16,CN042,2022,mean_tmax7,temperature_hazard,32.0605,33.88,0.6805921734645203,0.00363966370215959,0.0006466666666664622,1.6018752205599845e-06
16,CN042,2022,tmax>31.246p7,temperature_hazard,3.0,4.0,0.5773502691896258,0.0020777574082735907,0.0010699999999994603,1.2835653649052743e-06
16,CN042,2022,mean_ssm1,water_proxy,6.8926,6.0638000000000005,0.30203200018747806,0.0034913535319388996,0.0010177777777782282,1.0732471660022744e-06
16,CN042,2022,tmax>31.246p4,temperature_hazard,0.0,1.0,0.3333333333333333,0.0006293053260611733,0.0014822222222212744,3.1092344628335866e-07
16,CN042,2022,tmax>31.246p5,temperature_hazard,2.0,3.0,0.32791291789197646,0.001469336899941713,0.0003266666666661422,1.5739275307365178e-07
16,CN042,2022,awc,fixed_context,13.08,13.08,0.0,0.05426224280791961,0.0,0.0
16,CN042,2022,bulk_density,fixed_context,1.433,1.433,0.0,0.10370424155286671,0.0,0.0
16,CN042,2022,max_cum_gdd1,temperature_hazard,0.0,1.141,0.23905651500091712,0.003954838977228606,-0.002586666666666737,0.0
16,CN042,2022,max_cum_gdd4,temperature_hazard,668.74,598.947,0.7476441778717783,0.01760477193860538,-0.0007588888888898637,0.0
16,CN042,2022,max_cum_gdd5,temperature_hazard,1154.272,1123.174,0.28634040790018833,0.00841312819342394,-0.0008788888888888735,0.0
16,CN042,2022,max_cum_gdd6,temperature_hazard,1824.642,1762.408,0.4531019067935443,0.006982955454215601,0.0,0.0
16,CN042,2022,max_cum_prec2,water_proxy,36.781,56.619,0.6453060958948671,0.0017777348797750419,-0.007345000000000823,0.0
16,CN042,2022,max_cum_prec3,water_proxy,227.142,100.671,1.7140940325007115,0.0019965079234693034,-0.0011355555555558894,0.0
16,CN042,2022,max_cum_prec4,water_proxy,372.532,224.793,1.5899671475989474,0.0025774834576984635,0.0,0.0
16,CN042,2022,max_cum_prec5,water_proxy,410.349,350.2,0.5569241785976207,0.001952212049775364,-0.004643333333333999,0.0
16,CN042,2022,max_cum_prec6,water_proxy,536.471,495.178,0.3613809337833358,0.002025633146550257,0.0,0.0
16,CN042,2022,mean_cum_cwb2,water_proxy,4.691499999999999,10.642714285714288,0.15610795294858304,0.0041840980289357555,-0.005533333333334944,0.0
16,CN042,2022,mean_cum_cwb4,water_proxy,99.1357,-31.546266666666664,0.9595804480960797,0.0028329431011265608,0.0,0.0
16,CN042,2022,mean_cum_cwb5,water_proxy,87.99170967741935,-6.55451612903226,0.6154880148241294,0.004330731671544896,-0.007153888888889348,0.0
16,CN042,2022,mean_cum_cwb7,water_proxy,38.93225,-8.32225,0.29080129851168357,0.0023356369493571423,0.0,0.0
16,CN042,2022,mean_prec2,water_proxy,0.886892857142857,1.9990714285714288,1.2885661370225787,0.0024772599894613777,-0.018627222222224127,0.0
16,CN042,2022,mean_prec4,water_proxy,4.846333333333334,2.762433333333333,1.2741669214307552,0.00237466337051435,-0.001120555555555569,0.0
16,CN042,2022,mean_prec5,water_proxy,1.2199032258064515,4.045387096774194,3.900301881830296,0.0016144216931508212,-0.0065055555555568745,0.0
16,CN042,2022,mean_prec6,water_proxy,4.204066666666667,8.742133333333333,0.7915968927342082,0.003021116335746942,-0.004586111111112068,0.0
16,CN042,2022,mean_rad2,radiation_hazard,10832831.92857143,9604036.77232143,0.557904272443322,0.0051929182370553835,-0.0023511111111114147,0.0
16,CN042,2022,mean_rad3,radiation_hazard,13214105.217741936,13963012.508064516,0.5790834602991817,0.004245184333362696,-0.006482222222223832,0.0
16,CN042,2022,mean_rad5,radiation_hazard,18548170.29032258,18608542.5,0.02263744888323695,0.003184281803113454,0.0,0.0
16,CN042,2022,mean_rad6,radiation_hazard,20367259.166666668,19528660.475,0.5038285033029306,0.002816618668235694,-0.0017550000000010613,0.0
16,CN042,2022,mean_tavg1,temperature_hazard,2.0010000000000003,4.3284,0.9908889645776565,0.0014727122435304616,-0.004550000000000942,0.0
16,CN042,2022,mean_tavg2,temperature_hazard,4.643178571428571,6.0758214285714285,0.5910371432275427,0.007205119237766788,-0.003967222222223121,0.0
16,CN042,2022,mean_tavg4,temperature_hazard,17.929266666666667,17.97556666666667,0.01363556044215015,0.004550618555119359,0.0,0.0
16,CN042,2022,mean_tmax1,temperature_hazard,4.966600000000001,8.602,0.9526230281431789,0.002413764687523313,-0.002120555555555015,0.0
16,CN042,2022,mean_tmax2,temperature_hazard,9.119821428571427,10.284035714285713,0.38295633685718805,0.007233356156290362,-0.00021166666666694312,0.0
16,CN042,2022,mean_tmax4,temperature_hazard,23.1029,23.604366666666667,0.10893003251102377,0.002243219107874039,0.0,0.0
16,CN042,2022,mean_tmax5,temperature_hazard,25.58090322580645,26.22006451612903,0.38381373004804126,0.002883646908735911,0.0,0.0
16,CN042,2022,mean_tmin1,temperature_hazard,-1.0232,-1.287,0.10763492808259885,0.0016369422569999911,0.0,0.0
16,CN042,2022,mean_tmin2,temperature_hazard,0.2611785714285714,1.744,0.7913756920682542,0.00751611653558336,0.0,0.0
16,CN042,2022,mean_tmin4,temperature_hazard,12.93,12.580900000000002,0.14204337388615293,0.0059823909338138,-0.001546111111111692,0.0
16,CN042,2022,mean_tmin7,temperature_hazard,25.4005,27.01625,0.6932317923415219,0.008980821930604123,0.0,0.0
16,CN042,2022,tmin<-4.027p1,temperature_hazard,0.0,0.0,0.0,0.00046533849524221766,0.0,0.0
16,CN042,2022,tmin<-4.027p2,temperature_hazard,0.0,0.0,0.0,0.012962096209179923,0.0,0.0
16,CN042,2022,tmin<-4.027p3,temperature_hazard,0.0,0.0,0.0,0.004439368893737348,0.0,0.0
16,CN042,2022,tmin<-4.027p4,temperature_hazard,0.0,0.0,0.0,0.0019039565997986104,0.0,0.0
16,CN042,2022,tmin<-4.027p5,temperature_hazard,0.0,0.0,0.0,0.0,0.0,0.0
16,CN042,2022,tmin<-4.027p6,temperature_hazard,0.0,0.0,0.0,0.0,0.0,0.0
16,CN042,2022,tmin<-4.027p7,temperature_hazard,0.0,0.0,0.0,0.0,0.0,0.0
16,CN042,2022,tmax>31.246p1,temperature_hazard,0.0,0.0,0.0,0.0,0.0,0.0
16,CN042,2022,tmax>31.246p2,temperature_hazard,0.0,0.0,0.0,0.00017665281034320485,0.0,0.0
16,CN042,2022,tmax>31.246p3,temperature_hazard,0.0,0.0,0.0,6.908349009589775e-05,0.0,0.0
16,CN042,2022,prec<0.037p1,water_proxy,1.0,4.0,2.3008949665421112,0.0009295822938097154,-0.008302222222223321,0.0
16,CN042,2022,prec<0.037p3,water_proxy,10.0,11.0,0.5504818825631803,0.006804497505905538,-0.007146666666667301,0.0
16,CN042,2022,prec<0.037p5,water_proxy,6.0,6.0,0.0,0.009291164190086876,0.0,0.0
16,CN042,2022,prec<0.037p6,water_proxy,4.0,4.0,0.0,0.006946398603693774,0.0,0.0
16,CN042,2022,prec<0.037p7,water_proxy,0.0,0.0,0.0,0.002173414183177829,0.0,0.0
16,CN042,2022,median_cum_fpar1,crop_state_indicator,0.0,0.0,0.0,0.004754642766068187,0.0,0.0
16,CN042,2022,median_cum_fpar5,crop_state_indicator,441.426,416.484,0.7919855205918779,0.02292879073773341,-0.0005811111111118095,0.0
16,CN042,2022,median_cum_ndvi1,crop_state_indicator,0.0,0.0,0.0,0.0018926787430466052,0.0,0.0
16,CN042,2022,median_cum_ndvi3,crop_state_indicator,2.809,2.3705,1.9317180616740115,0.07775865845935805,-0.010233888888889098,0.0
16,CN042,2022,median_cum_ndvi5,crop_state_indicator,6.483499999999999,6.039,1.1182389937106911,0.04374314802002847,-0.006990555555555389,0.0
16,CN042,2022,median_cum_ndvi7,crop_state_indicator,10.516,9.538,3.9679227784206024,0.010573265090748483,-8.611111111189729e-05,0.0
16,CN042,2022,mean_ssm6,water_proxy,6.623066666666667,6.340866666666667,0.6039710131601748,0.010547055728646093,-0.00036666666666640424,0.0
17,CN043,2022,median_cum_ndvi2,crop_state_indicator,3.04,2.322,1.2696728558797525,0.04771331548726668,0.08368111111110998,0.005069426944163457
17,CN043,2022,median_cum_ndvi5,crop_state_indicator,8.683,7.399,1.2039381153305198,0.04374314802002847,0.03796611111111048,0.001999448915154569
17,CN043,2022,median_cum_fpar2,crop_state_indicator,122.794,97.147,1.304726051788167,0.014614232222732332,0.04659166666666792,0.000888389842654711
17,CN043,2022,median_cum_fpar4,crop_state_indicator,335.11,281.70500000000004,1.4081368981701206,0.02480748359547733,0.025114444444444217,0.0008773061364820417
17,CN043,2022,mean_tmax3,temperature_hazard,18.84364516129032,16.182387096774193,1.8759578870773312,0.007683654374873957,0.04727055555555548,0.0006813678103703107
17,CN043,2022,median_cum_fpar1,crop_state_indicator,47.047,38.1085,1.6222323049001817,0.004754642766068187,0.06275944444444459,0.00048407207338521256
17,CN043,2022,mean_tmin5,temperature_hazard,16.472645161290323,18.11167741935484,2.4757589046435817,0.014616805133365274,0.012245555555555399,0.0004431383128053874
17,CN043,2022,median_cum_fpar3,crop_state_indicator,222.907,186.344,1.0676263614331183,0.012008354361110548,0.029225555555555616,0.00037468435501797516
17,CN043,2022,mean_ssm2,water_proxy,7.741178571428571,7.370535714285714,0.972463843041966,0.008875581083351567,0.04237666666666673,0.00036576070939735533
17,CN043,2022,mean_ssm6,water_proxy,8.258928571428571,7.960615384615385,1.4643535108231067,0.010547055728646093,0.01931944444444511,0.0002983814410605659
17,CN043,2022,median_cum_fpar5,crop_state_indicator,455.794,398.409,1.84701792783804,0.02292879073773341,0.006196111111110625,0.00026240460884150677
17,CN043,2022,mean_ssm1,water_proxy,7.6687391304347825,7.182130434782608,1.2682152974504222,0.0034913535319388996,0.0574088888888884,0.0002541943869050962
17,CN043,2022,median_cum_fpar6,crop_state_indicator,573.556,522.0155,1.7736501600192753,0.026248574424483553,0.002171666666667349,0.00010110365343574315
17,CN043,2022,mean_ssm3,water_proxy,7.806,7.489612903225806,1.110664327529231,0.00922396371680262,0.009366111111111408,9.595325568101912e-05
17,CN043,2022,mean_rad4,radiation_hazard,16072058.85,14106743.183333334,0.5932214677057372,0.004179109607436093,0.03818499999999947,9.466586677498126e-05
17,CN043,2022,mean_tmin3,temperature_hazard,10.28467741935484,7.256935483870968,1.0463418168846086,0.014290333581365368,0.005933888888889349,8.872691036559243e-05
17,CN043,2022,mean_tavg3,temperature_hazard,14.520290322580646,11.62483870967742,1.266780512588912,0.006757762909017114,0.010099444444444217,8.64573279643713e-05
17,CN043,2022,median_cum_ndvi1,crop_state_indicator,1.015,0.8254999999999999,1.3153816193117156,0.0018926787430466052,0.03369777777777827,8.389381333351353e-05
17,CN043,2022,mean_cum_cwb2,water_proxy,113.13835714285712,34.861,1.267039572229945,0.0041840980289357555,0.008528333333333471,4.521225793939145e-05
17,CN043,2022,mean_tavg6,temperature_hazard,25.743,24.530153846153844,0.6232455706924545,0.004244286154210407,0.003470000000000084,9.178956935879652e-06
17,CN043,2022,max_cum_prec1,water_proxy,97.349,45.105,1.2441391103480923,0.0006800477602364822,0.010335000000000427,8.744174949312627e-06
17,CN043,2022,prec<0.037p1,water_proxy,4.0,7.0,1.0,0.0009295822938097154,0.00898000000000021,8.347648998411439e-06
17,CN043,2022,mean_tmax4,temperature_hazard,23.2963,21.87926666666667,0.4741990897733346,0.002243219107874039,0.0073638888888885035,7.833207636434511e-06
17,CN043,2022,tmax>31.246p5,temperature_hazard,0.0,3.0,0.848528137423857,0.001469336899941713,0.005948333333333444,7.416225576414877e-06
17,CN043,2022,mean_ssm5,water_proxy,8.099354838709678,7.844064516129032,0.4870514822202914,0.005201215977148358,0.002803333333333491,7.10157206268744e-06
17,CN043,2022,max_cum_gdd3,temperature_hazard,343.686,365.16,0.14089256892411484,0.020214929351852203,0.002483333333333171,7.072864428721043e-06
17,CN043,2022,mean_tmin6,temperature_hazard,22.67842857142857,21.36292307692308,0.9221820507692072,0.010011071101378015,0.00040777777777822877,3.7646167098598306e-06
17,CN043,2022,mean_tavg4,temperature_hazard,18.48,16.889133333333334,0.6786201797292699,0.004550618555119359,0.0010649999999996496,3.288870784567407e-06
17,CN043,2022,mean_tavg5,temperature_hazard,20.43858064516129,22.112548387096776,1.6794394640603252,0.0025966691443671313,0.0006849999999998246,2.9872498157674092e-06
17,CN043,2022,mean_ssm4,water_proxy,7.920633333333333,7.6166,0.8326759273903356,0.0067618109092575564,0.00046999999999997044,2.6462866697607717e-06
17,CN043,2022,max_cum_gdd6,temperature_hazard,1517.084,1483.049,0.19571480325012547,0.006982955454215601,0.0019000000000000128,2.596668730369791e-06
17,CN043,2022,mean_tmax6,temperature_hazard,29.19292857142857,27.726923076923075,0.6855896991826254,0.00305739409224299,0.0009516666666664619,1.9948055310106372e-06
17,CN043,2022,mean_prec1,water_proxy,4.232565217391304,1.9610869565217397,1.2441391103480914,0.0006356149152419931,0.0023283333333328216,1.8412305751944151e-06
17,CN043,2022,mean_tavg2,temperature_hazard,5.0349642857142864,8.029285714285715,1.338386444921628,0.007205119237766788,0.00017055555555600677,1.6447071189012592e-06
17,CN043,2022,mean_rad6,radiation_hazard,16519643.32142857,15800408.69642857,0.2788996207795906,0.002816618668235694,0.0009733333333334926,7.646057750263982e-07
17,CN043,2022,mean_tmin2,temperature_hazard,1.5549642857142858,4.246357142857143,1.1605026447580897,0.00751611653558336,3.499999999956316e-05,3.052865591210972e-07
17,CN043,2022,mean_prec5,water_proxy,5.825774193548387,8.386129032258063,0.8429733633544331,0.0016144216931508212,0.00012333333333369723,1.67846119761379e-07
17,CN043,2022,mean_tavg1,temperature_hazard,4.9537826086956525,5.248913043478261,0.10859757463283518,0.0014727122435304616,0.0010350000000007853,1.6553063200189716e-07
17,CN043,2022,prec<0.037p2,water_proxy,7.0,4.0,0.75,0.003741738289900092,3.833333333336242e-05,1.0757497583470926e-07
17,CN043,2022,max_cum_prec5,water_proxy,753.906,748.564,0.025334341619413146,0.001952212049775364,0.0006583333333338715,3.255985459686798e-08
17,CN043,2022,awc,fixed_context,12.106,12.106,0.0,0.05426224280791961,0.0,0.0
17,CN043,2022,bulk_density,fixed_context,1.391,1.391,0.0,0.10370424155286671,0.0,0.0
17,CN043,2022,max_cum_gdd1,temperature_hazard,18.745,20.038,0.030904918973182257,0.003954838977228606,0.0,0.0
17,CN043,2022,max_cum_gdd2,temperature_hazard,48.557,154.688,1.3734347794051243,0.006608761679829262,-0.004726666666667434,0.0
17,CN043,2022,max_cum_gdd4,temperature_hazard,748.086,674.347,0.6955656381764501,0.01760477193860538,-0.008259999999999934,0.0
17,CN043,2022,max_cum_gdd5,temperature_hazard,1226.682,1216.99,0.0754476101510198,0.00841312819342394,0.0,0.0
17,CN043,2022,max_cum_gdd7,temperature_hazard,0.0,0.0,0.0,0.0066041715446388755,0.0,0.0
17,CN043,2022,max_cum_prec2,water_proxy,185.764,115.149,1.0708192441749982,0.0017777348797750419,-0.002553333333332297,0.0
17,CN043,2022,max_cum_prec3,water_proxy,361.873,278.816,0.7559894697363257,0.0019965079234693034,0.0,0.0
17,CN043,2022,max_cum_prec4,water_proxy,573.307,488.076,0.5995565858438492,0.0025774834576984635,0.0,0.0
17,CN043,2022,max_cum_prec6,water_proxy,861.783,812.422,0.31627615454957436,0.002025633146550257,0.0,0.0
17,CN043,2022,max_cum_prec7,water_proxy,0.0,0.0,0.0,0.004792508298079563,0.0,0.0
17,CN043,2022,mean_cum_cwb1,water_proxy,25.31178260869565,0.2547391304347828,0.7719505040411698,0.0005611748506648037,-0.023074444444444175,0.0
17,CN043,2022,mean_cum_cwb3,water_proxy,160.73161290322582,108.77587096774194,0.5803813091646473,0.0019189010993987078,-0.001663888888888465,0.0
17,CN043,2022,mean_cum_cwb4,water_proxy,250.7081,188.6467,0.4585959365477366,0.0028329431011265608,-0.006861666666665656,0.0
17,CN043,2022,mean_cum_cwb5,water_proxy,368.1457741935484,344.1822903225806,0.12019344236998994,0.004330731671544896,0.0,0.0
17,CN043,2022,mean_cum_cwb6,water_proxy,477.175,447.6413571428572,0.12870637353804112,0.0032918749855547023,0.0,0.0
17,CN043,2022,mean_cum_cwb7,water_proxy,0.0,0.0,0.0,0.0023356369493571423,0.0,0.0
17,CN043,2022,mean_prec2,water_proxy,3.157678571428572,3.1250357142857146,0.019741423548347008,0.0024772599894613777,0.0,0.0
17,CN043,2022,mean_prec3,water_proxy,5.680935483870968,5.526032258064515,0.09328710272282169,0.0017709681352000184,0.0,0.0
17,CN043,2022,mean_prec4,water_proxy,7.0478,6.109399999999999,0.25304941079181326,0.00237466337051435,-0.015950555555555468,0.0
17,CN043,2022,mean_prec6,water_proxy,7.705500000000001,7.577857142857143,0.03009365043434783,0.003021116335746942,0.0,0.0
17,CN043,2022,mean_prec7,water_proxy,0.0,0.0,0.0,0.0033973417928038954,0.0,0.0
17,CN043,2022,mean_rad1,radiation_hazard,5574951.733695652,7707355.641304348,0.827724652258444,0.0043086705824463035,0.0,0.0
17,CN043,2022,mean_rad2,radiation_hazard,8673000.638392856,9298573.60775862,0.4867759302207304,0.0051929182370553835,-0.0024538888888887556,0.0
17,CN043,2022,mean_rad3,radiation_hazard,11694494.508064516,10423840.274193548,0.49575224599083495,0.004245184333362696,0.0,0.0
17,CN043,2022,mean_rad5,radiation_hazard,14599446.629032258,14865513.612903226,0.09988743905396093,0.003184281803113454,-0.0046288888888881274,0.0
17,CN043,2022,mean_rad7,radiation_hazard,0.0,0.0,0.0,0.004447365874306189,0.0,0.0
17,CN043,2022,mean_tavg7,temperature_hazard,0.0,0.0,0.0,0.004673401498541836,0.0,0.0
17,CN043,2022,mean_tmax1,temperature_hazard,7.739260869565217,8.642,0.24461304650039462,0.002413764687523313,0.0,0.0
17,CN043,2022,mean_tmax2,temperature_hazard,8.536821428571429,12.769357142857142,1.502147879894891,0.007233356156290362,-0.003162777777778736,0.0
17,CN043,2022,mean_tmax5,temperature_hazard,24.400838709677416,25.58154838709677,0.6467241501166157,0.002883646908735911,0.0,0.0
17,CN043,2022,mean_tmax7,temperature_hazard,0.0,0.0,0.0,0.00363966370215959,0.0,0.0
17,CN043,2022,mean_tmin1,temperature_hazard,2.365869565217391,1.9611739130434784,0.2545812592308952,0.0016369422569999911,0.0,0.0
17,CN043,2022,mean_tmin4,temperature_hazard,13.8436,12.998633333333334,0.40763194288103416,0.0059823909338138,-0.0007466666666671173,0.0
17,CN043,2022,mean_tmin7,temperature_hazard,0.0,0.0,0.0,0.008980821930604123,0.0,0.0
17,CN043,2022,tmin<-4.027p1,temperature_hazard,0.0,0.0,0.0,0.00046533849524221766,0.0,0.0
17,CN043,2022,tmin<-4.027p2,temperature_hazard,0.0,0.0,0.0,0.012962096209179923,0.0,0.0
17,CN043,2022,tmin<-4.027p3,temperature_hazard,0.0,0.0,0.0,0.004439368893737348,0.0,0.0
17,CN043,2022,tmin<-4.027p4,temperature_hazard,0.0,0.0,0.0,0.0019039565997986104,0.0,0.0
17,CN043,2022,tmin<-4.027p5,temperature_hazard,0.0,0.0,0.0,0.0,0.0,0.0
17,CN043,2022,tmin<-4.027p6,temperature_hazard,0.0,0.0,0.0,0.0,0.0,0.0
17,CN043,2022,tmin<-4.027p7,temperature_hazard,0.0,0.0,0.0,0.0,0.0,0.0
17,CN043,2022,tmax>31.246p1,temperature_hazard,0.0,0.0,0.0,0.0,0.0,0.0
17,CN043,2022,tmax>31.246p2,temperature_hazard,0.0,0.0,0.0,0.00017665281034320485,0.0,0.0
17,CN043,2022,tmax>31.246p3,temperature_hazard,0.0,0.0,0.0,6.908349009589775e-05,0.0,0.0
17,CN043,2022,tmax>31.246p4,temperature_hazard,0.0,0.0,0.0,0.0006293053260611733,0.0,0.0
17,CN043,2022,tmax>31.246p6,temperature_hazard,2.0,2.0,0.0,0.002320918318590675,0.0,0.0
17,CN043,2022,tmax>31.246p7,temperature_hazard,0.0,0.0,0.0,0.0020777574082735907,0.0,0.0
17,CN043,2022,prec<0.037p3,water_proxy,6.0,6.0,0.0,0.006804497505905538,0.0,0.0
17,CN043,2022,prec<0.037p4,water_proxy,5.0,5.0,0.0,0.025693230727512686,0.0,0.0
17,CN043,2022,prec<0.037p5,water_proxy,5.0,1.0,1.2463539056995114,0.009291164190086876,-0.00646666666666551,0.0
17,CN043,2022,prec<0.037p6,water_proxy,0.0,0.0,0.0,0.006946398603693774,0.0,0.0
17,CN043,2022,prec<0.037p7,water_proxy,0.0,0.0,0.0,0.002173414183177829,0.0,0.0
17,CN043,2022,median_cum_fpar7,crop_state_indicator,0.0,0.0,0.0,0.010151391945036756,0.0,0.0
17,CN043,2022,median_cum_ndvi3,crop_state_indicator,4.9005,4.0760000000000005,1.1507327285415208,0.07775865845935805,-0.002094999999999736,0.0
17,CN043,2022,median_cum_ndvi4,crop_state_indicator,6.699,5.636,1.216247139588101,0.042772588758079676,-0.0011766666666659376,0.0
17,CN043,2022,median_cum_ndvi6,crop_state_indicator,10.589,9.232,1.4607104413347693,0.0960538811272201,-0.0005511111111111688,0.0
17,CN043,2022,median_cum_ndvi7,crop_state_indicator,0.0,0.0,0.0,0.010573265090748483,0.0,0.0
17,CN043,2022,mean_ssm7,water_proxy,0.0,0.0,0.0,0.006821357782928302,0.0,0.0
18,CN044,2022,mean_tmin5,temperature_hazard,20.739387096774195,23.69003225806452,2.6492310365800606,0.014616805133365274,0.009902777777778482,0.00038346817347311373
18,CN044,2022,mean_ssm2,water_proxy,7.157392857142858,6.840344827586207,1.1342400451153045,0.008875581083351567,0.010718333333333163,0.00010790188491655496
18,CN044,2022,max_cum_gdd4,temperature_hazard,1424.499,1529.385,1.118483054962158,0.01760477193860538,0.0036622222222231215,7.211149608107557e-05
18,CN044,2022,mean_tmax5,temperature_hazard,27.15606451612903,30.017322580645164,1.62327513634201,0.002883646908735911,0.014457777777778347,6.767616856019577e-05
18,CN044,2022,mean_tavg5,temperature_hazard,23.584451612903223,26.415129032258065,1.902790727931137,0.0025966691443671313,0.010068888888888239,4.9749554063204694e-05
18,CN044,2022,mean_cum_cwb2,water_proxy,49.842035714285714,-38.16035714285714,1.8526637500761913,0.0041840980289357555,0.00487555555555641,3.779397439661572e-05
18,CN044,2022,prec<0.037p2,water_proxy,5.0,1.0,0.9128709291752769,0.003741738289900092,0.010466666666667734,3.575124567872324e-05
18,CN044,2022,mean_tavg2,temperature_hazard,12.395357142857142,17.27775,2.977289541690686,0.007205119237766788,0.0016605555555564422,3.562178304003384e-05
18,CN044,2022,mean_rad1,radiation_hazard,9126322.239130436,11691579.152173912,1.221207889549998,0.0043086705824463035,0.0042999999999997485,2.2625664787646946e-05
18,CN044,2022,mean_tmax3,temperature_hazard,24.836387096774192,23.69151612903226,1.008209760809042,0.007683654374873957,0.002868888888889032,2.222452294045766e-05
18,CN044,2022,mean_prec5,water_proxy,10.141193548387095,7.545193548387096,1.1707813841162689,0.0016144216931508212,0.008766666666667255,1.6570182311718445e-05
18,CN044,2022,tmax>31.246p5,temperature_hazard,1.0,7.0,1.237705495510552,0.001469336899941713,0.008373333333333122,1.5227797219351323e-05
18,CN044,2022,mean_tmin2,temperature_hazard,9.3955,13.604,3.02288360931386,0.00751611653558336,0.0005672222222230516,1.2887484853469443e-05
18,CN044,2022,mean_tmax2,temperature_hazard,16.191785714285714,21.258275862068967,2.534847289900044,0.007233356156290362,0.0006633333333336822,1.2162517322277164e-05
18,CN044,2022,mean_rad3,radiation_hazard,13958741.532258064,12817474.79032258,0.7939210645063322,0.004245184333362696,0.0033188888888906476,1.1185788176074984e-05
18,CN044,2022,mean_ssm3,water_proxy,7.086096774193549,6.858483870967742,0.6053732685239182,0.00922396371680262,0.0017722222222236184,9.895984441184457e-06
18,CN044,2022,mean_ssm5,water_proxy,7.685419354838709,7.552193548387096,0.18986759838175865,0.005201215977148358,0.005680555555556133,5.609789388536823e-06
18,CN044,2022,mean_tavg3,temperature_hazard,20.60274193548387,20.110774193548387,0.5085822986355275,0.006757762909017114,0.001512222222221915,5.197324184777161e-06
18,CN044,2022,mean_prec4,water_proxy,2.6618666666666666,6.342533333333334,1.1350973498632784,0.00237466337051435,0.0017466666666674513,4.70809475904424e-06
18,CN044,2022,mean_cum_cwb5,water_proxy,197.0657741935484,154.95532258064517,0.18967605279970456,0.004330731671544896,0.0036311111111109184,2.9827257105373002e-06
18,CN044,2022,mean_rad4,radiation_hazard,17704883.633333333,15573020.866666667,2.8098951690829383,0.004179109607436093,0.00022777777777793773,2.674762532096954e-06
18,CN044,2022,mean_tavg4,temperature_hazard,21.9066,22.996266666666667,0.5546977075662193,0.004550618555119359,0.0005788888888895727,1.4612415683991682e-06
18,CN044,2022,mean_rad5,radiation_hazard,15482472.741935484,16976561.387096774,0.6407489143163937,0.003184281803113454,0.0005983333333334784,1.220794523086695e-06
18,CN044,2022,mean_rad6,radiation_hazard,18452118.0,17625972.0,0.17344808976808776,0.002816618668235694,0.002389444444444777,1.1673323254741967e-06
18,CN044,2022,mean_tmax4,temperature_hazard,26.40266666666667,26.67553333333333,0.12515671345136298,0.002243219107874039,0.002534444444444617,7.115552409141672e-07
18,CN044,2022,max_cum_prec1,water_proxy,38.69,14.913,0.7998782004983774,0.0006800477602364822,0.001128333333333842,6.137629856457527e-07
18,CN044,2022,mean_cum_cwb1,water_proxy,-7.163695652173913,-16.432130434782607,0.4206015207107832,0.0005611748506648037,0.0011333333333336526,2.6750179498424024e-07
18,CN044,2022,mean_prec1,water_proxy,1.682173913043478,0.6483913043478261,0.7998782004983773,0.0006356149152419931,0.0005122222222233574,2.6042121248603603e-07
18,CN044,2022,awc,fixed_context,11.814,11.814,0.0,0.05426224280791961,0.0,0.0
18,CN044,2022,bulk_density,fixed_context,1.393,1.393,0.0,0.10370424155286671,0.0,0.0
18,CN044,2022,max_cum_gdd1,temperature_hazard,226.546,224.803,0.05392150310084095,0.003954838977228606,0.0,0.0
18,CN044,2022,max_cum_gdd2,temperature_hazard,433.616,572.435,1.9140074199087316,0.006608761679829262,-0.002502777777778853,0.0
18,CN044,2022,max_cum_gdd3,temperature_hazard,917.301,1054.285,1.3745579301579018,0.020214929351852203,-0.0020622222222224096,0.0
18,CN044,2022,max_cum_gdd5,temperature_hazard,2000.617,2197.896,2.131414449114881,0.00841312819342394,-0.0016549999999986298,0.0
18,CN044,2022,max_cum_gdd6,temperature_hazard,2067.439,2241.813,1.704518421914921,0.006982955454215601,-0.001546666666666141,0.0
18,CN044,2022,max_cum_gdd7,temperature_hazard,0.0,0.0,0.0,0.0066041715446388755,0.0,0.0
18,CN044,2022,max_cum_prec2,water_proxy,186.299,106.175,2.012719406311689,0.0017777348797750419,-0.0047600000000000975,0.0
18,CN044,2022,max_cum_prec3,water_proxy,290.233,236.387,1.0361069517416202,0.0019965079234693034,-0.003902222222221141,0.0
18,CN044,2022,max_cum_prec4,water_proxy,370.089,401.385,0.20072475387230215,0.0025774834576984635,0.0,0.0
18,CN044,2022,max_cum_prec5,water_proxy,684.466,635.286,0.21891636842761283,0.001952212049775364,0.0,0.0
18,CN044,2022,max_cum_prec6,water_proxy,707.928,647.775,0.23674640470399327,0.002025633146550257,0.0,0.0
18,CN044,2022,max_cum_prec7,water_proxy,0.0,0.0,0.0,0.004792508298079563,0.0,0.0
18,CN044,2022,mean_cum_cwb3,water_proxy,75.33467741935483,19.96667741935484,0.4905811375804435,0.0019189010993987078,-0.0017794444444438895,0.0
18,CN044,2022,mean_cum_cwb4,water_proxy,81.14833333333333,54.48159999999999,0.2747426328304682,0.0028329431011265608,0.0,0.0
18,CN044,2022,mean_cum_cwb6,water_proxy,289.17900000000003,212.199,0.26864734074728963,0.0032918749855547023,0.0,0.0
18,CN044,2022,mean_cum_cwb7,water_proxy,0.0,0.0,0.0,0.0023356369493571423,0.0,0.0
18,CN044,2022,mean_prec2,water_proxy,5.27175,2.899862068965517,2.5888912108937503,0.0024772599894613777,-0.01977333333333231,0.0
18,CN044,2022,mean_prec3,water_proxy,3.3527096774193548,4.078903225806451,0.27445625670535434,0.0017709681352000184,0.0,0.0
18,CN044,2022,mean_prec6,water_proxy,7.820666666666667,9.511666666666668,0.3776151545404263,0.003021116335746942,-0.00029277777777725333,0.0
18,CN044,2022,mean_prec7,water_proxy,0.0,0.0,0.0,0.0033973417928038954,0.0,0.0
18,CN044,2022,mean_rad2,radiation_hazard,9383248.25892857,10782094.392857144,0.6323511650252293,0.0051929182370553835,0.0,0.0
18,CN044,2022,mean_rad7,radiation_hazard,0.0,0.0,0.0,0.004447365874306189,0.0,0.0
18,CN044,2022,mean_tavg1,temperature_hazard,14.849826086956522,14.77404347826087,0.05392150310084127,0.0014727122435304616,0.0,0.0
18,CN044,2022,mean_tavg6,temperature_hazard,27.274,26.9585,0.1431704734533354,0.004244286154210407,0.0,0.0
18,CN044,2022,mean_tavg7,temperature_hazard,0.0,0.0,0.0,0.004673401498541836,0.0,0.0
18,CN044,2022,mean_tmax1,temperature_hazard,18.30421739130435,19.24334782608696,0.514472528957321,0.002413764687523313,0.0,0.0
18,CN044,2022,mean_tmax6,temperature_hazard,31.11766666666667,30.482,0.23876298985852104,0.00305739409224299,0.0,0.0
18,CN044,2022,mean_tmax7,temperature_hazard,0.0,0.0,0.0,0.00363966370215959,0.0,0.0
18,CN044,2022,mean_tmin1,temperature_hazard,11.92882608695652,11.372739130434782,0.2603933384909797,0.0016369422569999911,0.0,0.0
18,CN044,2022,mean_tmin3,temperature_hazard,16.884677419354837,16.537064516129032,0.3538114968111959,0.014290333581365368,0.0,0.0
18,CN044,2022,mean_tmin4,temperature_hazard,18.000533333333333,19.96153333333333,1.1703270470279252,0.0059823909338138,-0.000782777777778243,0.0
18,CN044,2022,mean_tmin6,temperature_hazard,24.858,24.522,0.2477876106194709,0.010011071101378015,0.0,0.0
18,CN044,2022,mean_tmin7,temperature_hazard,0.0,0.0,0.0,0.008980821930604123,0.0,0.0
18,CN044,2022,tmin<-4.027p1,temperature_hazard,0.0,0.0,0.0,0.00046533849524221766,0.0,0.0
18,CN044,2022,tmin<-4.027p2,temperature_hazard,0.0,0.0,0.0,0.012962096209179923,0.0,0.0
18,CN044,2022,tmin<-4.027p3,temperature_hazard,0.0,0.0,0.0,0.004439368893737348,0.0,0.0
18,CN044,2022,tmin<-4.027p4,temperature_hazard,0.0,0.0,0.0,0.0019039565997986104,0.0,0.0
18,CN044,2022,tmin<-4.027p5,temperature_hazard,0.0,0.0,0.0,0.0,0.0,0.0
18,CN044,2022,tmin<-4.027p6,temperature_hazard,0.0,0.0,0.0,0.0,0.0,0.0
18,CN044,2022,tmin<-4.027p7,temperature_hazard,0.0,0.0,0.0,0.0,0.0,0.0
18,CN044,2022,tmax>31.246p1,temperature_hazard,0.0,0.0,0.0,0.0,0.0,0.0
18,CN044,2022,tmax>31.246p2,temperature_hazard,0.0,0.0,0.0,0.00017665281034320485,0.0,0.0
18,CN044,2022,tmax>31.246p3,temperature_hazard,0.0,0.0,0.0,6.908349009589775e-05,0.0,0.0
18,CN044,2022,tmax>31.246p4,temperature_hazard,0.0,0.0,0.0,0.0006293053260611733,0.0,0.0
18,CN044,2022,tmax>31.246p6,temperature_hazard,1.0,0.0,0.7669649888473703,0.002320918318590675,0.0,0.0
18,CN044,2022,tmax>31.246p7,temperature_hazard,0.0,0.0,0.0,0.0020777574082735907,0.0,0.0
18,CN044,2022,prec<0.037p1,water_proxy,2.0,3.0,0.2,0.0009295822938097154,-0.0043083333333333584,0.0
18,CN044,2022,prec<0.037p3,water_proxy,2.0,0.0,0.9128709291752769,0.006804497505905538,0.0,0.0
18,CN044,2022,prec<0.037p4,water_proxy,7.0,1.0,4.898979485566357,0.025693230727512686,-0.029033333333334355,0.0
18,CN044,2022,prec<0.037p5,water_proxy,2.0,0.0,1999999999.9999998,0.009291164190086876,-0.0026650000000003615,0.0
18,CN044,2022,prec<0.037p6,water_proxy,0.0,0.0,0.0,0.006946398603693774,0.0,0.0
18,CN044,2022,prec<0.037p7,water_proxy,0.0,0.0,0.0,0.002173414183177829,0.0,0.0
18,CN044,2022,median_cum_fpar1,crop_state_indicator,65.9255,64.24549999999999,0.27667587479960015,0.004754642766068187,0.0,0.0
18,CN044,2022,median_cum_fpar2,crop_state_indicator,169.187,166.247,0.1581329811944574,0.014614232222732332,0.0,0.0
18,CN044,2022,median_cum_fpar3,crop_state_indicator,297.222,287.32,0.29167346109371234,0.012008354361110548,0.0,0.0
18,CN044,2022,median_cum_fpar4,crop_state_indicator,439.925,422.127,0.40833035548897784,0.02480748359547733,0.0,0.0
18,CN044,2022,median_cum_fpar5,crop_state_indicator,596.136,575.982,0.41689161725752416,0.02292879073773341,0.0,0.0
18,CN044,2022,median_cum_fpar6,crop_state_indicator,701.426,685.283,0.3216028338536079,0.026248574424483553,0.0,0.0
18,CN044,2022,median_cum_fpar7,crop_state_indicator,0.0,0.0,0.0,0.010151391945036756,0.0,0.0
18,CN044,2022,median_cum_ndvi1,crop_state_indicator,1.188,1.138,0.5557854649982384,0.0018926787430466052,0.0,0.0
18,CN044,2022,median_cum_ndvi2,crop_state_indicator,3.3515,3.036,2.0903129131469362,0.04771331548726668,-0.0015733333333329824,0.0
18,CN044,2022,median_cum_ndvi3,crop_state_indicator,5.614,5.1865,1.4784992117209457,0.07775865845935805,-4.666666666697239e-05,0.0
18,CN044,2022,median_cum_ndvi4,crop_state_indicator,7.747,7.283,1.3391053391053385,0.042772588758079676,-0.0008599999999994168,0.0
18,CN044,2022,median_cum_ndvi5,crop_state_indicator,9.798,9.5775,0.5811863332199045,0.04374314802002847,0.0,0.0
18,CN044,2022,median_cum_ndvi6,crop_state_indicator,11.2,11.026,0.3869492906332318,0.0960538811272201,-0.0014099999999999113,0.0
18,CN044,2022,median_cum_ndvi7,crop_state_indicator,0.0,0.0,0.0,0.010573265090748483,0.0,0.0
18,CN044,2022,mean_ssm1,water_proxy,6.663565217391304,6.868652173913044,0.33525230987917676,0.0034913535319388996,-0.0030772222222212875,0.0
18,CN044,2022,mean_ssm4,water_proxy,7.1267,7.318333333333333,0.568544814687614,0.0067618109092575564,-0.0004505555555542884,0.0
18,CN044,2022,mean_ssm6,water_proxy,7.731999999999999,7.418666666666667,0.4069264069264062,0.010547055728646093,-0.0005933333333336677,0.0
18,CN044,2022,mean_ssm7,water_proxy,0.0,0.0,0.0,0.006821357782928302,0.0,0.0
19,CN045,2022,mean_tmin5,temperature_hazard,19.36016129032258,22.415903225806453,2.502324598478446,0.014616805133365274,0.01579666666666668,0.0005777787384047772
19,CN045,2022,max_cum_gdd6,temperature_hazard,1842.493,2043.802,2.54882405044507,0.006982955454215601,0.006444444444444031,0.00011470031540929213
19,CN045,2022,mean_tmax5,temperature_hazard,25.91803225806452,29.70003225806452,3.4298335429891993,0.002883646908735911,0.00821000000000005,8.120042121743793e-05
19,CN045,2022,max_cum_gdd4,temperature_hazard,1196.021,1302.334,1.5964370005488138,0.01760477193860538,0.0028116666666662127,7.902163667382907e-05
19,CN045,2022,mean_tmin2,temperature_hazard,6.366535714285715,10.744142857142858,1.9117740862429404,0.00751611653558336,0.005236111111110553,7.523829224805026e-05
19,CN045,2022,mean_prec5,water_proxy,10.39774193548387,6.518,3.529966436174338,0.0016144216931508212,0.011462222222222707,6.532153543776739e-05
19,CN045,2022,mean_ssm2,water_proxy,7.448571428571428,7.134250000000001,0.9075546463758244,0.008875581083351567,0.005808888888888752,4.679103480393571e-05
19,CN045,2022,mean_rad4,radiation_hazard,16483138.95,14508492.433333334,1.2475581364285915,0.004179109607436093,0.008052777777777465,4.19846241104962e-05
19,CN045,2022,mean_ssm6,water_proxy,7.9228,7.5572,1.884050502447823,0.010547055728646093,0.0018016666666662573,3.5801252803554916e-05
19,CN045,2022,mean_cum_cwb2,water_proxy,129.88739285714286,21.023714285714288,1.2841622366441132,0.0041840980289357555,0.0049805555555550995,2.6760827235928725e-05
19,CN045,2022,median_cum_fpar4,crop_state_indicator,393.973,379.092,0.8228366049212079,0.02480748359547733,0.0012705555555552195,2.5935222365363226e-05
19,CN045,2022,mean_tmin4,temperature_hazard,16.604566666666667,17.764466666666667,0.746499900753814,0.0059823909338138,0.002529444444444806,1.1296130192926364e-05
19,CN045,2022,max_cum_gdd5,temperature_hazard,1732.561,1952.2,2.7738895501407073,0.00841312819342394,0.0003844444444442985,8.971813977093884e-06
19,CN045,2022,mean_ssm3,water_proxy,7.370258064516129,7.256774193548387,0.5032293287715615,0.00922396371680262,0.0014961111111109204,6.944602280568434e-06
19,CN045,2022,max_cum_gdd1,temperature_hazard,155.471,173.436,0.6576738230371507,0.003954838977228606,0.002283333333333637,5.938936459035578e-06
19,CN045,2022,tmax>31.246p5,temperature_hazard,0.0,7.0,1.4,0.001469336899941713,0.0026333333333328213,5.416955371117395e-06
19,CN045,2022,prec<0.037p4,water_proxy,6.0,3.0,1.0,0.025693230727512686,9.388888888839375e-05,2.4123088849593027e-06
19,CN045,2022,median_cum_fpar1,crop_state_indicator,59.94,62.20349999999999,0.3155363490625213,0.004754642766068187,0.0006427777777773258,9.643354726456817e-07
19,CN045,2022,mean_prec3,water_proxy,2.8746451612903225,3.106451612903226,0.09333922169688781,0.0017709681352000184,0.003146666666666853,5.201464776525083e-07
19,CN045,2022,max_cum_prec5,water_proxy,781.263,566.553,1.3789006557019103,0.001952212049775364,0.00014444444444450255,3.888309353507948e-07
19,CN045,2022,awc,fixed_context,12.411,12.411,0.0,0.05426224280791961,0.0,0.0
19,CN045,2022,bulk_density,fixed_context,1.496,1.496,0.0,0.10370424155286671,0.0,0.0
19,CN045,2022,max_cum_gdd2,temperature_hazard,271.382,456.966,1.9546474274580021,0.006608761679829262,-0.00017611111111115463,0.0
19,CN045,2022,max_cum_gdd3,temperature_hazard,720.482,813.69,0.9784822009520866,0.020214929351852203,-0.000280000000000058,0.0
19,CN045,2022,max_cum_gdd7,temperature_hazard,0.0,0.0,0.0,0.0066041715446388755,0.0,0.0
19,CN045,2022,max_cum_prec1,water_proxy,100.891,72.686,0.6422586991401124,0.0006800477602364822,-0.0006388888888890776,0.0
19,CN045,2022,max_cum_prec2,water_proxy,256.778,114.222,1.9922298619263232,0.0017777348797750419,-0.0048861111111104805,0.0
19,CN045,2022,max_cum_prec3,water_proxy,345.892,254.154,0.8244778372937415,0.0019965079234693034,-0.0039022222222220293,0.0
19,CN045,2022,max_cum_prec4,water_proxy,458.933,378.539,0.7590211295530505,0.0025774834576984635,0.0,0.0
19,CN045,2022,max_cum_prec6,water_proxy,836.975,626.951,1.6532896704819184,0.002025633146550257,0.0,0.0
19,CN045,2022,max_cum_prec7,water_proxy,0.0,0.0,0.0,0.004792508298079563,0.0,0.0
19,CN045,2022,mean_cum_cwb1,water_proxy,26.899375000000003,21.462375,0.155138406885212,0.0005611748506648037,0.0,0.0
19,CN045,2022,mean_cum_cwb3,water_proxy,170.15829032258063,38.77235483870968,1.8235562750948273,0.0019189010993987078,-0.0034922222222215638,0.0
19,CN045,2022,mean_cum_cwb4,water_proxy,166.56666666666666,94.92763333333332,0.6643995205822262,0.0028329431011265608,0.0,0.0
19,CN045,2022,mean_cum_cwb5,water_proxy,291.4532580645161,150.4798064516129,0.973801131123362,0.004330731671544896,-0.0027161111111109193,0.0
19,CN045,2022,mean_cum_cwb6,water_proxy,436.5844,187.2018,1.8356047521484662,0.0032918749855547023,-0.00593888888888916,0.0
19,CN045,2022,mean_cum_cwb7,water_proxy,0.0,0.0,0.0,0.0023356369493571423,0.0,0.0
19,CN045,2022,mean_prec1,water_proxy,4.203791666666667,3.0285833333333336,0.6422586991401122,0.0006356149152419931,0.0,0.0
19,CN045,2022,mean_prec2,water_proxy,5.567392857142857,1.4834285714285715,2.3937325992757112,0.0024772599894613777,-0.03024944444444433,0.0
19,CN045,2022,mean_prec4,water_proxy,3.768033333333333,4.067266666666667,0.1403555402679844,0.00237466337051435,0.0,0.0
19,CN045,2022,mean_prec6,water_proxy,11.1424,12.6355,0.3462501836357532,0.003021116335746942,0.0,0.0
19,CN045,2022,mean_prec7,water_proxy,0.0,0.0,0.0,0.0033973417928038954,0.0,0.0
19,CN045,2022,mean_rad1,radiation_hazard,6723229.572916667,8101086.833333333,0.823059667538442,0.0043086705824463035,0.0,0.0
19,CN045,2022,mean_rad2,radiation_hazard,8312693.080357143,10897282.357142856,1.5362151305754443,0.0051929182370553835,-0.002841111111110628,0.0
19,CN045,2022,mean_rad3,radiation_hazard,12066990.758064516,10844953.467741936,0.6119886884755628,0.004245184333362696,-0.001094444444444953,0.0
19,CN045,2022,mean_rad5,radiation_hazard,14048250.08064516,17501666.66129032,4.461670902891583,0.003184281803113454,-0.017265555555555423,0.0
19,CN045,2022,mean_rad6,radiation_hazard,16555272.2,17506916.75,0.28917608607490325,0.002816618668235694,-0.0014383333333336523,0.0
19,CN045,2022,mean_rad7,radiation_hazard,0.0,0.0,0.0,0.004447365874306189,0.0,0.0
19,CN045,2022,mean_tavg1,temperature_hazard,11.477958333333332,12.183708333333334,0.5931577604792733,0.0014727122435304616,-0.0016116666666663448,0.0
19,CN045,2022,mean_tavg2,temperature_hazard,9.114142857142856,14.46975,2.53615228275418,0.007205119237766788,-0.0034055555555561057,0.0
19,CN045,2022,mean_tavg3,temperature_hazard,19.48709677419355,18.18493548387097,0.6205343417573631,0.006757762909017114,-0.001092222222221828,0.0
19,CN045,2022,mean_tavg4,temperature_hazard,20.8513,21.28813333333333,0.2850328372431175,0.004550618555119359,0.0,0.0
19,CN045,2022,mean_tavg5,temperature_hazard,22.307741935483868,25.8001935483871,3.225850664441933,0.0025966691443671313,-0.002798888888888129,0.0
19,CN045,2022,mean_tavg6,temperature_hazard,26.9864,26.358,0.17899564189477876,0.004244286154210407,0.0,0.0
19,CN045,2022,mean_tavg7,temperature_hazard,0.0,0.0,0.0,0.004673401498541836,0.0,0.0
19,CN045,2022,mean_tmax1,temperature_hazard,14.530375,16.352,1.0877096747289365,0.002413764687523313,-0.0009049999999994895,0.0
19,CN045,2022,mean_tmax2,temperature_hazard,12.632464285714288,18.72589285714286,3.1357493834891637,0.007233356156290362,-0.033700555555555844,0.0
19,CN045,2022,mean_tmax3,temperature_hazard,23.586,21.665290322580645,1.0894552906519293,0.007683654374873957,-0.001380555555555496,0.0
19,CN045,2022,mean_tmax4,temperature_hazard,25.60933333333333,25.50303333333333,0.06858529276413891,0.002243219107874039,0.0,0.0
19,CN045,2022,mean_tmax6,temperature_hazard,30.4034,29.90575,0.14897024486619165,0.00305739409224299,0.0,0.0
19,CN045,2022,mean_tmax7,temperature_hazard,0.0,0.0,0.0,0.00363966370215959,0.0,0.0
19,CN045,2022,mean_tmin1,temperature_hazard,8.983875,8.390875,0.43746349860141986,0.0016369422569999911,0.0,0.0
19,CN045,2022,mean_tmin3,temperature_hazard,15.611548387096772,14.879709677419354,0.37053308943620505,0.014290333581365368,0.0,0.0
19,CN045,2022,mean_tmin6,temperature_hazard,24.3122,23.69925,0.30450334086788117,0.010011071101378015,0.0,0.0
19,CN045,2022,mean_tmin7,temperature_hazard,0.0,0.0,0.0,0.008980821930604123,0.0,0.0
19,CN045,2022,tmin<-4.027p1,temperature_hazard,0.0,0.0,0.0,0.00046533849524221766,0.0,0.0
19,CN045,2022,tmin<-4.027p2,temperature_hazard,0.0,0.0,0.0,0.012962096209179923,0.0,0.0
19,CN045,2022,tmin<-4.027p3,temperature_hazard,0.0,0.0,0.0,0.004439368893737348,0.0,0.0
19,CN045,2022,tmin<-4.027p4,temperature_hazard,0.0,0.0,0.0,0.0019039565997986104,0.0,0.0
19,CN045,2022,tmin<-4.027p5,temperature_hazard,0.0,0.0,0.0,0.0,0.0,0.0
19,CN045,2022,tmin<-4.027p6,temperature_hazard,0.0,0.0,0.0,0.0,0.0,0.0
19,CN045,2022,tmin<-4.027p7,temperature_hazard,0.0,0.0,0.0,0.0,0.0,0.0
19,CN045,2022,tmax>31.246p1,temperature_hazard,0.0,0.0,0.0,0.0,0.0,0.0
19,CN045,2022,tmax>31.246p2,temperature_hazard,0.0,0.0,0.0,0.00017665281034320485,0.0,0.0
19,CN045,2022,tmax>31.246p3,temperature_hazard,0.0,0.0,0.0,6.908349009589775e-05,0.0,0.0
19,CN045,2022,tmax>31.246p4,temperature_hazard,0.0,0.0,0.0,0.0006293053260611733,0.0,0.0
19,CN045,2022,tmax>31.246p6,temperature_hazard,0.0,1.0,0.3333333333333333,0.002320918318590675,-0.0019883333333332587,0.0
19,CN045,2022,tmax>31.246p7,temperature_hazard,0.0,0.0,0.0,0.0020777574082735907,0.0,0.0
19,CN045,2022,prec<0.037p1,water_proxy,3.0,4.0,0.30429030972509225,0.0009295822938097154,-0.0025372222222221907,0.0
19,CN045,2022,prec<0.037p2,water_proxy,6.0,7.0,0.30570892025787155,0.003741738289900092,0.0,0.0
19,CN045,2022,prec<0.037p3,water_proxy,1.0,1.0,0.0,0.006804497505905538,0.0,0.0
19,CN045,2022,prec<0.037p5,water_proxy,2.0,0.0,1.0,0.009291164190086876,-0.0025822222222231517,0.0
19,CN045,2022,prec<0.037p6,water_proxy,0.0,0.0,0.0,0.006946398603693774,0.0,0.0
19,CN045,2022,prec<0.037p7,water_proxy,0.0,0.0,0.0,0.002173414183177829,0.0,0.0
19,CN045,2022,median_cum_fpar2,crop_state_indicator,149.472,156.79500000000002,0.3656928838951314,0.014614232222732332,-0.005311111111110378,0.0
19,CN045,2022,median_cum_fpar3,crop_state_indicator,262.109,261.317,0.03843167701863223,0.012008354361110548,0.0,0.0
19,CN045,2022,median_cum_fpar5,crop_state_indicator,534.178,523.708,0.6524177467597224,0.02292879073773341,0.0,0.0
19,CN045,2022,median_cum_fpar6,crop_state_indicator,631.157,633.119,0.10551790900290393,0.026248574424483553,0.0,0.0
19,CN045,2022,median_cum_fpar7,crop_state_indicator,0.0,0.0,0.0,0.010151391945036756,0.0,0.0
19,CN045,2022,median_cum_ndvi1,crop_state_indicator,1.256,1.1869999999999998,0.6509433962264162,0.0018926787430466052,0.0,0.0
19,CN045,2022,median_cum_ndvi2,crop_state_indicator,3.2175,3.147,0.28658536585365857,0.04771331548726668,-0.0015733333333329824,0.0
19,CN045,2022,median_cum_ndvi3,crop_state_indicator,5.3445,5.2985,0.1284916201117327,0.07775865845935805,0.0,0.0
19,CN045,2022,median_cum_ndvi4,crop_state_indicator,7.441,7.4625,0.0469844127025938,0.042772588758079676,0.0,0.0
19,CN045,2022,median_cum_ndvi5,crop_state_indicator,9.832,9.702,0.2932554602668413,0.04374314802002847,0.0,0.0
19,CN045,2022,median_cum_ndvi6,crop_state_indicator,11.577,11.42,0.40153452685422003,0.0960538811272201,0.0,0.0
19,CN045,2022,median_cum_ndvi7,crop_state_indicator,0.0,0.0,0.0,0.010573265090748483,0.0,0.0
19,CN045,2022,mean_ssm1,water_proxy,7.143208333333334,7.2845,0.26730253823112066,0.0034913535319388996,-0.0037283333333331115,0.0
19,CN045,2022,mean_ssm4,water_proxy,7.1954,7.200133333333333,0.031542853352738535,0.0067618109092575564,0.0,0.0
19,CN045,2022,mean_ssm5,water_proxy,7.589258064516128,7.27316129032258,1.886599922988047,0.005201215977148358,-0.011413333333333497,0.0
19,CN045,2022,mean_ssm7,water_proxy,0.0,0.0,0.0,0.006821357782928302,0.0,0.0
20,CN046,2013,mean_ssm5,water_proxy,6.283774193548387,5.953258064516128,4.064972370242627,0.005201215977148358,0.04492277777777964,0.0009497932718035893
20,CN046,2013,mean_ssm4,water_proxy,6.0812333333333335,5.854299999999999,0.8252147259344018,0.0067618109092575564,0.031830555555555584,0.00017761277912249634
20,CN046,2013,max_cum_gdd1,temperature_hazard,123.941,86.161,1.4363244434190763,0.003954838977228606,0.023608333333333675,0.0001341055296020485
20,CN046,2013,mean_rad6,radiation_hazard,23021180.285714287,18273721.85714286,1.5560385274355475,0.002816618668235694,0.022974999999999746,0.00010069407561286284
20,CN046,2013,mean_rad5,radiation_hazard,21205672.967741936,19794654.612903222,2.2320704942518836,0.003184281803113454,0.012668333333334836,9.004070437186875e-05
20,CN046,2013,median_cum_fpar4,crop_state_indicator,422.739,387.794,1.4509275922334577,0.02480748359547733,0.002388888888890328,8.598533805727113e-05
20,CN046,2013,prec<0.037p2,water_proxy,2.0,8.0,2.8823067684915684,0.003741738289900092,0.00692944444444521,7.47329329839629e-05
20,CN046,2013,median_cum_fpar6,crop_state_indicator,726.371,651.151,2.5458704931714546,0.026248574424483553,0.001100000000000989,7.350801822668443e-05
20,CN046,2013,median_cum_fpar5,crop_state_indicator,601.206,541.487,2.0513783006898674,0.02292879073773341,0.0011816666666675246,5.558042876726635e-05
20,CN046,2013,mean_tmin5,temperature_hazard,24.773064516129036,23.99067741935484,0.8225539792999708,0.014616805133365274,0.004424444444445008,5.319558767369516e-05
20,CN046,2013,mean_ssm6,water_proxy,5.934714285714286,6.531285714285715,0.9266317915160658,0.010547055728646093,0.0034300000000007103,3.352220340754598e-05
20,CN046,2013,mean_ssm2,water_proxy,6.0825000000000005,5.9423571428571424,0.622520608952754,0.008875581083351567,0.005501666666667404,3.0397985494735358e-05
20,CN046,2013,tmax>31.246p2,temperature_hazard,0.0,6.0,1.584811631386123,0.00017665281034320485,0.10091666666666388,2.8252774164398213e-05
20,CN046,2013,tmax>31.246p6,temperature_hazard,6.0,4.0,0.7947194142390264,0.002320918318590675,0.015206666666666813,2.804837499467909e-05
20,CN046,2013,tmax>31.246p4,temperature_hazard,11.0,3.0,1.732050807568877,0.0006293053260611733,0.014772777777777968,1.6102162296247987e-05
20,CN046,2013,max_cum_prec2,water_proxy,28.808,19.197,2.1536876335458754,0.0017777348797750419,0.003203888888889672,1.2266683337137093e-05
20,CN046,2013,mean_cum_cwb5,water_proxy,-131.67570967741935,-220.84535483870968,1.3735716561417521,0.004330731671544896,0.001754444444444836,1.0436436070292283e-05
20,CN046,2013,mean_tmax1,temperature_hazard,24.256375,19.62525,1.2286673472522438,0.002413764687523313,0.00312666666666761,9.272798654898682e-06
20,CN046,2013,mean_prec1,water_proxy,1.46675,0.374625,8.426799915755376,0.0006356149152419931,0.0015916666666679902,8.52528454513118e-06
20,CN046,2013,mean_tmax6,temperature_hazard,32.40757142857143,31.35928571428571,0.6072584680745992,0.00305739409224299,0.004455000000000986,8.271279757028955e-06
20,CN046,2013,mean_cum_cwb1,water_proxy,-4.011749999999999,-8.774125000000002,6.806197699945869,0.0005611748506648037,0.002098333333332647,8.014514875211674e-06
20,CN046,2013,mean_tavg1,temperature_hazard,20.492625,15.770125,1.4363244434190763,0.0014727122435304616,0.002708333333334423,5.728917440745959e-06
20,CN046,2013,mean_cum_cwb6,water_proxy,-133.23357142857142,-231.758,1.0944579140001196,0.0032918749855547023,0.001100000000000101,3.963100492823674e-06
20,CN046,2013,mean_tmin6,temperature_hazard,24.851857142857146,24.65257142857143,0.38373225984292264,0.010011071101378015,0.0007033333333339442,2.701904892485587e-06
20,CN046,2013,median_cum_ndvi4,crop_state_indicator,6.061,5.949,0.22530696623375654,0.042772588758079676,0.0002261111111110381,2.1790242332749265e-06
20,CN046,2013,mean_tmax4,temperature_hazard,29.43436666666667,28.48493333333333,1.1202326019842288,0.002243219107874039,0.0005833333333331581,1.4658741871863367e-06
20,CN046,2013,max_cum_prec3,water_proxy,80.681,57.99,0.5616534295561235,0.0019965079234693034,0.0011450000000010618,1.2839406230948132e-06
20,CN046,2013,mean_prec3,water_proxy,1.6733225806451613,1.199225806451613,0.33017054210429925,0.0017709681352000184,0.0015950000000009013,9.326308072517729e-07
20,CN046,2013,mean_prec4,water_proxy,3.9051,3.3797,0.5401091297974104,0.00237466337051435,0.00048166666666737967,6.177747649182048e-07
20,CN046,2013,mean_tmin2,temperature_hazard,18.522250000000003,18.62664285714286,0.06325912455996205,0.00751611653558336,0.0012683333333338709,6.030455109539088e-07
20,CN046,2013,max_cum_prec5,water_proxy,379.992,318.29200000000003,0.7039713088536118,0.001952212049775364,0.00016888888888910714,2.321042147999706e-07
20,CN046,2013,awc,fixed_context,11.719,11.719,0.0,0.05426224280791961,0.0,0.0
20,CN046,2013,bulk_density,fixed_context,1.364,1.364,0.0,0.10370424155286671,0.0,0.0
20,CN046,2013,max_cum_gdd2,temperature_hazard,589.662,590.9300000000001,0.01821674393833989,0.006608761679829262,0.0,0.0
20,CN046,2013,max_cum_gdd3,temperature_hazard,1176.644,1158.115,0.13019881211195794,0.020214929351852203,0.0,0.0
20,CN046,2013,max_cum_gdd4,temperature_hazard,1784.041,1755.054,0.17715680764817685,0.01760477193860538,0.0,0.0
20,CN046,2013,max_cum_gdd5,temperature_hazard,2491.387,2419.009,0.4124265094814964,0.00841312819342394,0.0,0.0
20,CN046,2013,max_cum_gdd6,temperature_hazard,2652.887,2577.318,0.4485033837679592,0.006982955454215601,0.0,0.0
20,CN046,2013,max_cum_gdd7,temperature_hazard,0.0,0.0,0.0,0.0066041715446388755,0.0,0.0
20,CN046,2013,max_cum_prec1,water_proxy,11.734,2.997,8.426799915755376,0.0006800477602364822,-0.0004716666666659819,0.0
20,CN046,2013,max_cum_prec4,water_proxy,197.834,140.39600000000002,0.935712351416953,0.0025774834576984635,0.0,0.0
20,CN046,2013,max_cum_prec6,water_proxy,422.293,356.695,0.6043196710984863,0.002025633146550257,0.0,0.0
20,CN046,2013,max_cum_prec7,water_proxy,0.0,0.0,0.0,0.004792508298079563,0.0,0.0
20,CN046,2013,mean_cum_cwb2,water_proxy,-41.69242857142857,-60.16514285714286,3.1256945627682757,0.0041840980289357555,0.0,0.0
20,CN046,2013,mean_cum_cwb3,water_proxy,-128.33070967741935,-128.7578064516129,0.015032774038136142,0.0019189010993987078,0.0,0.0
20,CN046,2013,mean_cum_cwb4,water_proxy,-176.44386666666665,-178.64363333333333,0.03143364828649377,0.0028329431011265608,0.0,0.0
20,CN046,2013,mean_cum_cwb7,water_proxy,0.0,0.0,0.0,0.0023356369493571423,0.0,0.0
20,CN046,2013,mean_prec2,water_proxy,0.6097857142857144,0.5785714285714285,0.16253195624243783,0.0024772599894613777,0.0,0.0
20,CN046,2013,mean_prec5,water_proxy,5.876064516129032,5.627064516129032,0.21648493397067892,0.0016144216931508212,0.0,0.0
20,CN046,2013,mean_prec6,water_proxy,6.043,5.486142857142857,0.18486799277615346,0.003021116335746942,0.0,0.0
20,CN046,2013,mean_prec7,water_proxy,0.0,0.0,0.0,0.0033973417928038954,0.0,0.0
20,CN046,2013,mean_rad1,radiation_hazard,11188290.3125,10650703.375,0.4643248874277105,0.0043086705824463035,-0.0006294444444439051,0.0
20,CN046,2013,mean_rad2,radiation_hazard,13382022.42857143,14238955.089285716,0.4803866854979286,0.0051929182370553835,-0.004537777777777308,0.0
20,CN046,2013,mean_rad3,radiation_hazard,18639970.56451613,16480209.983870968,0.7076591325553121,0.004245184333362696,0.0,0.0
20,CN046,2013,mean_rad4,radiation_hazard,18412272.03333333,18825488.933333334,0.31224575374111135,0.004179109607436093,-0.002855555555554723,0.0
20,CN046,2013,mean_rad7,radiation_hazard,0.0,0.0,0.0,0.004447365874306189,0.0,0.0
20,CN046,2013,mean_tavg2,temperature_hazard,21.632892857142856,22.12667857142857,0.2506028215224998,0.007205119237766788,-0.00015666666666636075,0.0
20,CN046,2013,mean_tavg3,temperature_hazard,23.93490322580645,23.29629032258064,0.27127793446061876,0.006757762909017114,0.0,0.0
20,CN046,2013,mean_tavg4,temperature_hazard,25.24656666666667,24.897966666666665,0.4646148677834892,0.004550618555119359,0.0,0.0
20,CN046,2013,mean_tavg5,temperature_hazard,27.817612903225807,27.09561290322581,0.7068623710788644,0.0025966691443671313,-0.0018250000000001876,0.0
20,CN046,2013,mean_tavg6,temperature_hazard,28.071428571428573,27.615571428571428,0.4550811928511518,0.004244286154210407,0.0,0.0
20,CN046,2013,mean_tavg7,temperature_hazard,0.0,0.0,0.0,0.004673401498541836,0.0,0.0
20,CN046,2013,mean_tmax2,temperature_hazard,25.713964285714287,26.854535714285717,0.5046184201331856,0.007233356156290362,-0.0004333333333326195,0.0
20,CN046,2013,mean_tmax3,temperature_hazard,28.763161290322586,27.83258064516129,0.30330748005663394,0.007683654374873957,0.0,0.0
20,CN046,2013,mean_tmax5,temperature_hazard,32.0008064516129,31.14370967741936,0.7124756199510373,0.002883646908735911,0.0,0.0
20,CN046,2013,mean_tmax7,temperature_hazard,0.0,0.0,0.0,0.00363966370215959,0.0,0.0
20,CN046,2013,mean_tmin1,temperature_hazard,17.8645,12.894625,1.5951197569248021,0.0016369422569999911,-0.0017761111111100902,0.0
20,CN046,2013,mean_tmin3,temperature_hazard,20.364806451612903,19.52258064516129,0.4519876118599082,0.014290333581365368,0.0,0.0
20,CN046,2013,mean_tmin4,temperature_hazard,22.2217,22.032833333333333,0.25325638589708144,0.0059823909338138,0.0,0.0
20,CN046,2013,mean_tmin7,temperature_hazard,0.0,0.0,0.0,0.008980821930604123,0.0,0.0
20,CN046,2013,tmin<-4.027p1,temperature_hazard,0.0,0.0,0.0,0.00046533849524221766,0.0,0.0
20,CN046,2013,tmin<-4.027p2,temperature_hazard,0.0,0.0,0.0,0.012962096209179923,0.0,0.0
20,CN046,2013,tmin<-4.027p3,temperature_hazard,0.0,0.0,0.0,0.004439368893737348,0.0,0.0
20,CN046,2013,tmin<-4.027p4,temperature_hazard,0.0,0.0,0.0,0.0019039565997986104,0.0,0.0
20,CN046,2013,tmin<-4.027p5,temperature_hazard,0.0,0.0,0.0,0.0,0.0,0.0
20,CN046,2013,tmin<-4.027p6,temperature_hazard,0.0,0.0,0.0,0.0,0.0,0.0
20,CN046,2013,tmin<-4.027p7,temperature_hazard,0.0,0.0,0.0,0.0,0.0,0.0
20,CN046,2013,tmax>31.246p1,temperature_hazard,0.0,0.0,0.0,0.0,0.0,0.0
20,CN046,2013,tmax>31.246p3,temperature_hazard,7.0,5.0,0.4,6.908349009589775e-05,0.0,0.0
20,CN046,2013,tmax>31.246p5,temperature_hazard,20.0,14.0,0.8320502943378437,0.001469336899941713,0.0,0.0
20,CN046,2013,tmax>31.246p7,temperature_hazard,0.0,0.0,0.0,0.0020777574082735907,0.0,0.0
20,CN046,2013,prec<0.037p1,water_proxy,0.0,2.0,2.0,0.0009295822938097154,-0.0024799999999993716,0.0
20,CN046,2013,prec<0.037p3,water_proxy,2.0,2.0,0.0,0.006804497505905538,0.0,0.0
20,CN046,2013,prec<0.037p4,water_proxy,1.0,1.0,0.0,0.025693230727512686,0.0,0.0
20,CN046,2013,prec<0.037p5,water_proxy,0.0,0.0,0.0,0.009291164190086876,0.0,0.0
20,CN046,2013,prec<0.037p6,water_proxy,0.0,0.0,0.0,0.006946398603693774,0.0,0.0
20,CN046,2013,prec<0.037p7,water_proxy,0.0,0.0,0.0,0.002173414183177829,0.0,0.0
20,CN046,2013,median_cum_fpar1,crop_state_indicator,0.0,0.0,0.0,0.004754642766068187,0.0,0.0
20,CN046,2013,median_cum_fpar2,crop_state_indicator,101.761,93.629,0.9288831307038806,0.014614232222732332,-0.007150555555554661,0.0
20,CN046,2013,median_cum_fpar3,crop_state_indicator,257.923,243.969,0.7635506611950054,0.012008354361110548,0.0,0.0
20,CN046,2013,median_cum_fpar7,crop_state_indicator,0.0,0.0,0.0,0.010151391945036756,0.0,0.0
20,CN046,2013,median_cum_ndvi1,crop_state_indicator,0.601,0.574,0.8291680456394017,0.0018926787430466052,0.0,0.0
20,CN046,2013,median_cum_ndvi2,crop_state_indicator,2.1555,1.9125,2.3246848346020226,0.04771331548726668,-0.001594999999999125,0.0
20,CN046,2013,median_cum_ndvi3,crop_state_indicator,4.16,4.083,0.5721297519453886,0.07775865845935805,-0.00016166666666617147,0.0
20,CN046,2013,median_cum_ndvi5,crop_state_indicator,8.498999999999999,8.12,0.6019369785475776,0.04374314802002847,-0.002796666666665004,0.0
20,CN046,2013,median_cum_ndvi6,crop_state_indicator,10.197,9.676,0.9232303026214531,0.0960538811272201,-0.0002833333333320809,0.0
20,CN046,2013,median_cum_ndvi7,crop_state_indicator,0.0,0.0,0.0,0.010573265090748483,0.0,0.0
20,CN046,2013,mean_ssm1,water_proxy,6.251125,6.144125,1.0706124316516252,0.0034913535319388996,-0.00021944444444432776,0.0
20,CN046,2013,mean_ssm3,water_proxy,5.833838709677419,6.142612903225806,0.7568837096807001,0.00922396371680262,-0.000929444444443206,0.0
20,CN046,2013,mean_ssm7,water_proxy,0.0,0.0,0.0,0.006821357782928302,0.0,0.0
21,CN050,2022,median_cum_fpar5,crop_state_indicator,474.884,423.133,2.781689319343989,0.02292879073773341,0.03056944444444376,0.0019497427754677165
21,CN050,2022,mean_tmax3,temperature_hazard,19.90274193548387,17.39212903225806,1.852035636723169,0.007683654374873957,0.04707111111111395,0.0006698408206370183
21,CN050,2022,mean_ssm1,water_proxy,7.436400000000001,6.9437,3.2329396325459365,0.0034913535319388996,0.054643333333332045,0.0006167776200318969
21,CN050,2022,mean_ssm2,water_proxy,7.376214285714285,6.934285714285714,2.915811455362422,0.008875581083351567,0.023157777777776722,0.0005993121962168428
21,CN050,2022,mean_ssm3,water_proxy,7.280741935483871,6.967516129032258,6.149461684610578,0.00922396371680262,0.008501111111111292,0.0004822035222837139
21,CN050,2022,median_cum_fpar2,crop_state_indicator,65.994,52.482,2.091454132505555,0.014614232222732332,0.011627777777778014,0.00035540298563440883
21,CN050,2022,median_cum_ndvi3,crop_state_indicator,3.8485,3.6035,0.596877983692132,0.07775865845935805,0.005825555555555084,0.00027037819686571117
21,CN050,2022,max_cum_gdd2,temperature_hazard,67.489,132.119,1.5155567622833597,0.006608761679829262,0.012731666666665475,0.0001275197807275121
21,CN050,2022,mean_ssm6,water_proxy,7.2763,6.992999999999999,3.5484001147796587,0.010547055728646093,0.0032544444444448928,0.00012179814881948297
21,CN050,2022,mean_prec7,water_proxy,9.648,0.343,1.6393587033121917,0.0033973417928038954,0.016087222222223474,8.959717021648761e-05
21,CN050,2022,mean_tmin3,temperature_hazard,10.887387096774194,9.505387096774191,1.081868686868688,0.014290333581365368,0.004404444444443989,6.809387576331731e-05
21,CN050,2022,median_cum_ndvi5,crop_state_indicator,8.2235,7.84,0.532846905786492,0.04374314802002847,0.002189444444444355,5.1032449235604915e-05
21,CN050,2022,mean_rad4,radiation_hazard,15027553.65,14083629.216666669,0.36140534038925864,0.004179109607436093,0.03163722222222187,4.7783358631815454e-05
21,CN050,2022,mean_tmin5,temperature_hazard,16.01425806451613,16.964225806451612,0.7100935570987639,0.014616805133365274,0.004481666666666051,4.65165590264685e-05
21,CN050,2022,mean_cum_cwb2,water_proxy,15.91025,0.563607142857143,1.4084963622255249,0.0041840980289357555,0.007735555555554718,4.5587847855822696e-05
21,CN050,2022,median_cum_ndvi2,crop_state_indicator,1.779,1.6185,0.740647121710637,0.04771331548726668,0.0011988888888891935,4.236721048419516e-05
21,CN050,2022,mean_tmax2,temperature_hazard,10.081357142857144,12.051,1.144822784332089,0.007233356156290362,0.004781111111110015,3.959195528101057e-05
21,CN050,2022,median_cum_ndvi4,crop_state_indicator,5.899,5.537,0.5014014174586875,0.042772588758079676,0.0017788888888885523,3.8150472052567844e-05
21,CN050,2022,prec<0.037p2,water_proxy,5.0,3.0,1.118033988749895,0.003741738289900092,0.008419999999999206,3.5224148726666745e-05
21,CN050,2022,max_cum_gdd3,temperature_hazard,392.668,380.167,0.18418765010092714,0.020214929351852203,0.007525555555555563,2.802020453781917e-05
21,CN050,2022,mean_tmin4,temperature_hazard,12.5002,13.1355,0.5918962159308341,0.0059823909338138,0.006753333333333167,2.3913246434469947e-05
21,CN050,2022,mean_tavg2,temperature_hazard,6.688678571428571,8.48175,1.3051868886088824,0.007205119237766788,0.002166666666665762,2.0375392179984638e-05
21,CN050,2022,max_cum_gdd5,temperature_hazard,1229.359,1266.494,0.5095781760298594,0.00841312819342394,0.00401333333333298,1.720574803163339e-05
21,CN050,2022,mean_ssm7,water_proxy,7.477,6.85,0.20314534172538273,0.006821357782928302,0.007191666666666485,9.965687090995013e-06
21,CN050,2022,max_cum_prec5,water_proxy,521.582,466.076,1.8403061404065173,0.001952212049775364,0.002141111111110483,7.692300993449139e-06
21,CN050,2022,max_cum_prec3,water_proxy,189.418,161.823,1.247231638418079,0.0019965079234693034,0.0027416666666670864,6.827045684647581e-06
21,CN050,2022,max_cum_prec1,water_proxy,22.388,14.39,2.248524037109925,0.0006800477602364822,0.0037600000000006517,5.749430044633106e-06
21,CN050,2022,mean_cum_cwb5,water_proxy,175.16109677419354,147.08516129032256,0.852038953683581,0.004330731671544896,0.0014027777777778638,5.176182781845503e-06
21,CN050,2022,mean_prec1,water_proxy,2.2388000000000003,1.439,2.2485240371099255,0.0006356149152419931,0.001832222222221347,2.6186035997494474e-06
21,CN050,2022,tmax>31.246p5,temperature_hazard,0.0,1.0,0.5,0.001469336899941713,0.0014916666666664469,1.0958804378730329e-06
21,CN050,2022,mean_tavg4,temperature_hazard,17.3252,17.480900000000002,0.06453172706298559,0.004550618555119359,0.001626666666665777,4.776857532949371e-07
21,CN050,2022,mean_rad6,radiation_hazard,16075843.35,15152691.25,0.6416408090549856,0.002816618668235694,0.00012555555555504583,2.2691121706878136e-07
21,CN050,2022,max_cum_gdd7,temperature_hazard,1841.058,1788.61,0.063920989512057,0.0066041715446388755,0.0003166666666656326,1.3367930701244764e-07
21,CN050,2022,awc,fixed_context,12.526,12.526,0.0,0.05426224280791961,0.0,0.0
21,CN050,2022,bulk_density,fixed_context,1.429,1.429,0.0,0.10370424155286671,0.0,0.0
21,CN050,2022,max_cum_gdd1,temperature_hazard,16.874000000000002,26.845,1.044603289516405,0.003954838977228606,0.0,0.0
21,CN050,2022,max_cum_gdd4,temperature_hazard,762.424,772.1129999999999,0.2108871669858953,0.01760477193860538,0.0,0.0
21,CN050,2022,max_cum_gdd6,temperature_hazard,1820.408,1841.806,0.21309989742364172,0.006982955454215601,0.0,0.0
21,CN050,2022,max_cum_prec2,water_proxy,56.877,67.32600000000001,0.4349219562955257,0.0017777348797750419,-0.0014722222222225412,0.0
21,CN050,2022,max_cum_prec4,water_proxy,368.476,312.21,2.14363679134437,0.0025774834576984635,-0.004998333333332994,0.0
21,CN050,2022,max_cum_prec6,water_proxy,693.091,632.493,1.5394646508081298,0.002025633146550257,-0.0027016666666668243,0.0
21,CN050,2022,max_cum_prec7,water_proxy,702.739,629.5,0.2597407913934302,0.004792508298079563,-0.0016783333333334483,0.0
21,CN050,2022,mean_cum_cwb1,water_proxy,8.6973,3.2620999999999998,0.5954556410087863,0.0005611748506648037,-0.0017244444444441953,0.0
21,CN050,2022,mean_cum_cwb3,water_proxy,8.161193548387097,32.220225806451616,1.0525398900480505,0.0019189010993987078,-0.0017683333333335938,0.0
21,CN050,2022,mean_cum_cwb4,water_proxy,94.0479,89.5801,0.15812860624882333,0.0028329431011265608,0.0,0.0
21,CN050,2022,mean_cum_cwb6,water_proxy,240.0056333333333,202.71396666666664,2.007633943953139,0.0032918749855547023,0.0,0.0
21,CN050,2022,mean_cum_cwb7,water_proxy,283.718,234.577,0.47213248345425896,0.0023356369493571423,0.0,0.0
21,CN050,2022,mean_prec2,water_proxy,1.23175,1.9815714285714283,0.7713928794503435,0.0024772599894613777,-0.012396666666666611,0.0
21,CN050,2022,mean_prec3,water_proxy,4.275516129032258,3.262258064516129,2.834671961014347,0.0017709681352000184,-0.0017599999999999838,0.0
21,CN050,2022,mean_prec4,water_proxy,5.9686,4.5271,2.076590636254502,0.00237466337051435,-0.023581666666666834,0.0
21,CN050,2022,mean_prec5,water_proxy,4.938903225806452,5.19241935483871,0.411050916369695,0.0016144216931508212,-0.000846111111110659,0.0
21,CN050,2022,mean_prec6,water_proxy,5.716966666666667,5.5869,0.06123473839490299,0.003021116335746942,0.0,0.0
21,CN050,2022,mean_rad1,radiation_hazard,4735084.325,6537791.975,3.0956505963796506,0.0043086705824463035,-0.004622777777778531,0.0
21,CN050,2022,mean_rad2,radiation_hazard,8913882.74107143,8415683.72767857,0.3846472331212998,0.0051929182370553835,-0.0008344444444441379,0.0
21,CN050,2022,mean_rad3,radiation_hazard,11742917.096774194,10573614.612903226,1.2112420853305932,0.004245184333362696,-0.0001955555555559485,0.0
21,CN050,2022,mean_rad5,radiation_hazard,14842754.64516129,14785565.524193548,0.014790303375484893,0.003184281803113454,0.0,0.0
21,CN050,2022,mean_rad7,radiation_hazard,15320757.0,18750754.0,0.3424129336502778,0.004447365874306189,-0.0016533333333335065,0.0
21,CN050,2022,mean_tavg1,temperature_hazard,6.6414,7.6845,0.7187807567329273,0.0014727122435304616,-0.00759000000000043,0.0
21,CN050,2022,mean_tavg3,temperature_hazard,15.48964516129032,13.572709677419356,1.4244109398595355,0.006757762909017114,0.0,0.0
21,CN050,2022,mean_tavg5,temperature_hazard,20.062419354838717,20.53990322580645,0.5161382463824509,0.0025966691443671313,0.0,0.0
21,CN050,2022,mean_tavg6,temperature_hazard,24.701633333333334,24.0821,0.6912377268670016,0.004244286154210407,-0.00025999999999992696,0.0
21,CN050,2022,mean_tavg7,temperature_hazard,25.65,25.849,0.017077183765872098,0.004673401498541836,0.0,0.0
21,CN050,2022,mean_tmax1,temperature_hazard,8.7567,10.3852,1.0738347855495987,0.002413764687523313,-0.004929999999999879,0.0
21,CN050,2022,mean_tmax4,temperature_hazard,21.831333333333337,21.6036,0.06746454951218643,0.002243219107874039,0.0,0.0
21,CN050,2022,mean_tmax5,temperature_hazard,24.04141935483871,24.739,0.598734607898956,0.002883646908735911,0.0,0.0
21,CN050,2022,mean_tmax6,temperature_hazard,28.1712,27.3774,0.7520843860535618,0.00305739409224299,-0.000440000000000218,0.0
21,CN050,2022,mean_tmax7,temperature_hazard,28.526,30.351,0.1364315212954183,0.00363966370215959,-0.0002972222222226151,0.0
21,CN050,2022,mean_tmin1,temperature_hazard,4.4423,4.906499999999999,0.34884718618707156,0.0016369422569999911,0.0,0.0
21,CN050,2022,mean_tmin2,temperature_hazard,3.258035714285714,5.109464285714286,1.6076280635563467,0.00751611653558336,-0.005839444444443842,0.0
21,CN050,2022,mean_tmin6,temperature_hazard,21.07773333333333,20.4055,0.9459193245778557,0.010011071101378015,-0.007334999999999425,0.0
21,CN050,2022,mean_tmin7,temperature_hazard,22.914,20.885,0.20489222709819588,0.008980821930604123,0.0,0.0
21,CN050,2022,tmin<-4.027p1,temperature_hazard,0.0,0.0,0.0,0.00046533849524221766,0.0,0.0
21,CN050,2022,tmin<-4.027p2,temperature_hazard,0.0,0.0,0.0,0.012962096209179923,0.0,0.0
21,CN050,2022,tmin<-4.027p3,temperature_hazard,0.0,0.0,0.0,0.004439368893737348,0.0,0.0
21,CN050,2022,tmin<-4.027p4,temperature_hazard,0.0,0.0,0.0,0.0019039565997986104,0.0,0.0
21,CN050,2022,tmin<-4.027p5,temperature_hazard,0.0,0.0,0.0,0.0,0.0,0.0
21,CN050,2022,tmin<-4.027p6,temperature_hazard,0.0,0.0,0.0,0.0,0.0,0.0
21,CN050,2022,tmin<-4.027p7,temperature_hazard,0.0,0.0,0.0,0.0,0.0,0.0
21,CN050,2022,tmax>31.246p1,temperature_hazard,0.0,0.0,0.0,0.0,0.0,0.0
21,CN050,2022,tmax>31.246p2,temperature_hazard,0.0,0.0,0.0,0.00017665281034320485,0.0,0.0
21,CN050,2022,tmax>31.246p3,temperature_hazard,0.0,0.0,0.0,6.908349009589775e-05,0.0,0.0
21,CN050,2022,tmax>31.246p4,temperature_hazard,0.0,0.0,0.0,0.0006293053260611733,0.0,0.0
21,CN050,2022,tmax>31.246p6,temperature_hazard,4.0,1.0,1.3837968120433277,0.002320918318590675,-0.0055972222222226975,0.0
21,CN050,2022,tmax>31.246p7,temperature_hazard,0.0,0.0,0.0,0.0020777574082735907,0.0,0.0
21,CN050,2022,prec<0.037p1,water_proxy,0.0,1.0,1.0,0.0009295822938097154,-0.0014011111111109642,0.0
21,CN050,2022,prec<0.037p3,water_proxy,7.0,2.0,4.385290096535146,0.006804497505905538,-0.005602777777777845,0.0
21,CN050,2022,prec<0.037p4,water_proxy,4.0,4.0,0.0,0.025693230727512686,0.0,0.0
21,CN050,2022,prec<0.037p5,water_proxy,3.0,3.0,0.0,0.009291164190086876,0.0,0.0
21,CN050,2022,prec<0.037p6,water_proxy,1.0,1.0,0.0,0.006946398603693774,0.0,0.0
21,CN050,2022,prec<0.037p7,water_proxy,0.0,0.0,0.0,0.002173414183177829,0.0,0.0
21,CN050,2022,median_cum_fpar1,crop_state_indicator,0.0,0.0,0.0,0.004754642766068187,0.0,0.0
21,CN050,2022,median_cum_fpar3,crop_state_indicator,176.326,145.392,2.196751130715438,0.012008354361110548,-0.002940555555555946,0.0
21,CN050,2022,median_cum_fpar4,crop_state_indicator,312.186,266.319,2.5949870529636088,0.02480748359547733,-0.0005794444444440217,0.0
21,CN050,2022,median_cum_fpar6,crop_state_indicator,659.668,615.01,2.727872457394177,0.026248574424483553,-0.0029133333333337674,0.0
21,CN050,2022,median_cum_fpar7,crop_state_indicator,794.769,747.085,0.14150298261147706,0.010151391945036756,0.0,0.0
21,CN050,2022,median_cum_ndvi1,crop_state_indicator,0.468,0.496,0.1215999104230866,0.0018926787430466052,0.0,0.0
21,CN050,2022,median_cum_ndvi6,crop_state_indicator,11.231,10.752,0.6755994358251033,0.0960538811272201,0.0,0.0
21,CN050,2022,median_cum_ndvi7,crop_state_indicator,0.0,0.0,0.0,0.010573265090748483,0.0,0.0
21,CN050,2022,mean_ssm4,water_proxy,7.295166666666666,7.019733333333334,3.9148710064907952,0.0067618109092575564,-0.005409999999999471,0.0
21,CN050,2022,mean_ssm5,water_proxy,7.247645161290323,6.982806451612904,2.407624633431096,0.005201215977148358,-0.0013255555555549137,0.0
22,CN051,2022,mean_ssm2,water_proxy,7.11075,6.689413793103448,4.374272819096573,0.008875581083351567,0.029329999999999856,0.001138714169829752
22,CN051,2022,mean_tmax3,temperature_hazard,19.604709677419358,17.274193548387096,1.7295502382133472,0.007683654374873957,0.04366666666666852,0.0005802979597760276
22,CN051,2022,mean_ssm6,water_proxy,6.952299999999999,6.517133333333334,3.1435107151456685,0.010547055728646093,0.013253333333333117,0.0004394113866674605
22,CN051,2022,median_cum_fpar4,crop_state_indicator,343.34,315.234,1.7117870477910488,0.02480748359547733,0.008736111111111278,0.00037098008622667356
22,CN051,2022,mean_prec2,water_proxy,1.9507142857142856,1.1803928571428572,2.8695029952405884,0.0024772599894613777,0.02264388888888913,0.00016096419647467573
22,CN051,2022,mean_ssm1,water_proxy,7.165,6.8225,1.9912790697674467,0.0034913535319388996,0.012842777777777314,8.928632013002705e-05
22,CN051,2022,mean_cum_cwb2,water_proxy,13.958964285714286,-13.299642857142857,2.2248745805992733,0.0041840980289357555,0.008298888888888634,7.725513134565693e-05
22,CN051,2022,median_cum_fpar3,crop_state_indicator,206.56,194.142,0.8876380928783408,0.012008354361110548,0.006451666666666966,6.876878444716344e-05
22,CN051,2022,median_cum_fpar5,crop_state_indicator,484.552,443.642,2.5547992256291723,0.02292879073773341,0.0010472222222217553,6.134466172680111e-05
22,CN051,2022,mean_rad7,radiation_hazard,21557215.923076924,14976427.958333334,2.3758262754909136,0.004447365874306189,0.00568111111111147,6.0027578408551374e-05
22,CN051,2022,mean_tmin5,temperature_hazard,14.858451612903227,16.19432258064516,1.5330964015992852,0.014616805133365274,0.0024305555555557135,5.446624981593473e-05
22,CN051,2022,mean_ssm5,water_proxy,6.822903225806451,6.439580645161291,2.297652055189201,0.005201215977148358,0.002955000000000041,3.531397743206199e-05
22,CN051,2022,max_cum_gdd4,temperature_hazard,681.925,715.678,0.6369812602615655,0.01760477193860538,0.0025733333333333164,2.885712792668738e-05
22,CN051,2022,mean_rad4,radiation_hazard,15890116.516666668,14932143.766666668,0.4645229736898591,0.004179109607436093,0.01191666666666702,2.3133734698147064e-05
22,CN051,2022,max_cum_prec2,water_proxy,57.869,34.226,2.723263729391524,0.0017777348797750419,0.0046483333333338095,2.2503701536467943e-05
22,CN051,2022,mean_tmin4,temperature_hazard,11.365533333333332,12.115433333333334,0.6605331933253178,0.0059823909338138,0.004362222222222378,1.7237616814083545e-05
22,CN051,2022,mean_cum_cwb4,water_proxy,8.500733333333335,-49.15,1.578820432113867,0.0028329431011265608,0.0030466666666679743,1.3626851747613235e-05
22,CN051,2022,mean_rad3,radiation_hazard,13422417.951612905,12882695.822580645,0.5012313301928049,0.004245184333362696,0.004854444444443828,1.0329381018143242e-05
22,CN051,2022,mean_tmin2,temperature_hazard,2.0375,4.18725,2.3515811210441093,0.00751611653558336,0.0005050000000004218,8.925752663073324e-06
22,CN051,2022,mean_rad6,radiation_hazard,16870062.083333332,16012625.466666669,1.7156369639522033,0.002816618668235694,0.0007900000000002905,3.817513129461961e-06
22,CN051,2022,mean_prec6,water_proxy,5.9113,4.865799999999999,0.5818030050083474,0.003021116335746942,0.001997222222222206,3.5105066403385676e-06
22,CN051,2022,mean_rad1,radiation_hazard,8819873.25,7905794.25,0.3522835413884379,0.0043086705824463035,0.0020672222222231085,3.1377823082035827e-06
22,CN051,2022,mean_tavg1,temperature_hazard,4.516,6.3295,0.9905617079180581,0.0014727122435304616,0.0021255555555557137,3.100786706158347e-06
22,CN051,2022,mean_cum_cwb3,water_proxy,-12.66009677419355,-28.543387096774197,1.307930140020237,0.0019189010993987078,0.0008816666666673356,2.2127969345613354e-06
22,CN051,2022,max_cum_gdd3,temperature_hazard,345.42,359.502,0.26414811202190885,0.020214929351852203,0.00020833333333403203,1.1124448797845702e-06
22,CN051,2022,mean_prec7,water_proxy,3.2313076923076927,8.613,0.8973995882691695,0.0033973417928038954,3.722222222268812e-05,1.1348211080520623e-07
22,CN051,2022,awc,fixed_context,12.899,12.899,0.0,0.05426224280791961,0.0,0.0
22,CN051,2022,bulk_density,fixed_context,1.434,1.434,0.0,0.10370424155286671,0.0,0.0
22,CN051,2022,max_cum_gdd1,temperature_hazard,0.0,2.659,1.044383346425766,0.003954838977228606,-0.006140000000000256,0.0
22,CN051,2022,max_cum_gdd2,temperature_hazard,38.263,90.937,1.6955271503257185,0.006608761679829262,-0.0012577777777780241,0.0
22,CN051,2022,max_cum_gdd5,temperature_hazard,1122.313,1196.226,1.5113278534331185,0.00841312819342394,-0.0031233333333329227,0.0
22,CN051,2022,max_cum_gdd6,temperature_hazard,1684.719,1749.924,0.9342761348005473,0.006982955454215601,0.0,0.0
22,CN051,2022,max_cum_gdd7,temperature_hazard,1975.992,1993.266,0.2243172698585856,0.0066041715446388755,0.0,0.0
22,CN051,2022,max_cum_prec1,water_proxy,3.249,3.836,0.20013637913399238,0.0006800477602364822,0.0,0.0
22,CN051,2022,max_cum_prec3,water_proxy,117.204,91.64,2.3622735620194666,0.0019965079234693034,-0.002678333333332894,0.0
22,CN051,2022,max_cum_prec4,water_proxy,258.054,180.512,3.8137910682667715,0.0025774834576984635,-0.004130555555555304,0.0
22,CN051,2022,max_cum_prec5,water_proxy,407.347,275.243,5.5201507717105285,0.001952212049775364,-0.0024700000000006384,0.0
22,CN051,2022,max_cum_prec6,water_proxy,584.686,423.994,4.1858165494451,0.002025633146550257,-0.001294444444444487,0.0
22,CN051,2022,max_cum_prec7,water_proxy,626.693,541.123,0.7560186907449862,0.004792508298079563,-0.0008288888888898782,0.0
22,CN051,2022,mean_cum_cwb1,water_proxy,0.7005,0.8579999999999999,0.06769825918762082,0.0005611748506648037,0.0,0.0
22,CN051,2022,mean_cum_cwb5,water_proxy,57.45667741935485,-38.91903225806452,3.030740827968836,0.004330731671544896,-0.003678888888888565,0.0
22,CN051,2022,mean_cum_cwb6,water_proxy,107.76096666666668,-31.5998,5.152379559785809,0.0032918749855547023,-0.00036555555555572994,0.0
22,CN051,2022,mean_cum_cwb7,water_proxy,133.51292307692307,25.450846153846157,1.6688550773411588,0.0023356369493571423,-0.006405555555556219,0.0
22,CN051,2022,mean_prec1,water_proxy,1.6244999999999998,1.918,0.20013637913399251,0.0006356149152419931,0.0,0.0
22,CN051,2022,mean_prec3,water_proxy,1.914032258064516,1.8700322580645163,0.14048820681841456,0.0017709681352000184,0.0,0.0
22,CN051,2022,mean_prec4,water_proxy,4.694999999999999,2.8858,3.876258700642526,0.00237466337051435,-0.0005266666666665643,0.0
22,CN051,2022,mean_prec5,water_proxy,4.815903225806452,3.0293225806451614,1.7578315929793384,0.0016144216931508212,-0.010958333333333847,0.0
22,CN051,2022,mean_rad2,radiation_hazard,10174168.732142856,10392273.844827589,0.24126900997034575,0.0051929182370553835,-0.000271666666666448,0.0
22,CN051,2022,mean_rad5,radiation_hazard,15728355.758064516,16398700.370967742,0.2907517794984115,0.003184281803113454,0.0,0.0
22,CN051,2022,mean_tavg2,temperature_hazard,5.888857142857143,8.114678571428572,1.9603621473481474,0.007205119237766788,0.0,0.0
22,CN051,2022,mean_tavg3,temperature_hazard,14.908290322580644,13.104806451612903,1.588123962528139,0.006757762909017114,0.0,0.0
22,CN051,2022,mean_tavg4,temperature_hazard,16.216833333333334,16.760233333333336,0.24702619974845938,0.004550618555119359,-0.0002822222222214066,0.0
22,CN051,2022,mean_tavg5,temperature_hazard,19.206064516129032,20.427225806451613,1.3286422487796938,0.0025966691443671313,-0.0017333333333331424,0.0
22,CN051,2022,mean_tavg6,temperature_hazard,23.746866666666666,22.982133333333334,1.6860947786995841,0.004244286154210407,-0.0014016666666671895,0.0
22,CN051,2022,mean_tavg7,temperature_hazard,27.405615384615388,24.164166666666663,3.6292165475267733,0.004673401498541836,-0.011253333333333337,0.0
22,CN051,2022,mean_tmax1,temperature_hazard,8.176,9.6345,0.7829381639491624,0.002413764687523313,-0.0027827777777771345,0.0
22,CN051,2022,mean_tmax2,temperature_hazard,9.654535714285714,12.04257142857143,1.6262258670981569,0.007233356156290362,-0.0008444444444437593,0.0
22,CN051,2022,mean_tmax4,temperature_hazard,21.0011,21.298866666666665,0.10916667685050459,0.002243219107874039,0.0,0.0
22,CN051,2022,mean_tmax5,temperature_hazard,23.56167741935484,24.942129032258062,1.1506568249706375,0.002883646908735911,0.0,0.0
22,CN051,2022,mean_tmax6,temperature_hazard,27.6276,26.804466666666663,1.519385861235062,0.00305739409224299,0.0,0.0
22,CN051,2022,mean_tmax7,temperature_hazard,31.766846153846156,27.564833333333336,3.389350789021945,0.00363966370215959,-0.006881111111111338,0.0
22,CN051,2022,mean_tmin1,temperature_hazard,0.2405,2.6005,1.2941982948276451,0.0016369422569999911,-0.00728333333333353,0.0
22,CN051,2022,mean_tmin3,temperature_hazard,10.039645161290322,8.418516129032257,1.275119253019385,0.014290333581365368,0.0,0.0
22,CN051,2022,mean_tmin6,temperature_hazard,19.92313333333333,19.312666666666665,1.6860832689782856,0.010011071101378015,-0.003012222222221972,0.0
22,CN051,2022,mean_tmin7,temperature_hazard,22.872307692307693,21.062769230769234,2.2314712857119976,0.008980821930604123,-0.00541999999999998,0.0
22,CN051,2022,tmin<-4.027p1,temperature_hazard,0.0,0.0,0.0,0.00046533849524221766,0.0,0.0
22,CN051,2022,tmin<-4.027p2,temperature_hazard,0.0,0.0,0.0,0.012962096209179923,0.0,0.0
22,CN051,2022,tmin<-4.027p3,temperature_hazard,0.0,0.0,0.0,0.004439368893737348,0.0,0.0
22,CN051,2022,tmin<-4.027p4,temperature_hazard,0.0,0.0,0.0,0.0019039565997986104,0.0,0.0
22,CN051,2022,tmin<-4.027p5,temperature_hazard,0.0,0.0,0.0,0.0,0.0,0.0
22,CN051,2022,tmin<-4.027p6,temperature_hazard,0.0,0.0,0.0,0.0,0.0,0.0
22,CN051,2022,tmin<-4.027p7,temperature_hazard,0.0,0.0,0.0,0.0,0.0,0.0
22,CN051,2022,tmax>31.246p1,temperature_hazard,0.0,0.0,0.0,0.0,0.0,0.0
22,CN051,2022,tmax>31.246p2,temperature_hazard,0.0,0.0,0.0,0.00017665281034320485,0.0,0.0
22,CN051,2022,tmax>31.246p3,temperature_hazard,0.0,0.0,0.0,6.908349009589775e-05,0.0,0.0
22,CN051,2022,tmax>31.246p4,temperature_hazard,0.0,0.0,0.0,0.0006293053260611733,0.0,0.0
22,CN051,2022,tmax>31.246p5,temperature_hazard,0.0,0.0,0.0,0.001469336899941713,0.0,0.0
22,CN051,2022,tmax>31.246p6,temperature_hazard,1.0,0.0,2.2360679774997894,0.002320918318590675,-0.000271666666666448,0.0
22,CN051,2022,tmax>31.246p7,temperature_hazard,10.0,0.0,7.669649888473703,0.0020777574082735907,-0.021771666666666967,0.0
22,CN051,2022,prec<0.037p1,water_proxy,0.0,0.0,0.0,0.0009295822938097154,0.0,0.0
22,CN051,2022,prec<0.037p2,water_proxy,0.0,0.0,0.0,0.003741738289900092,0.0,0.0
22,CN051,2022,prec<0.037p3,water_proxy,1.0,0.0,1.0,0.006804497505905538,-0.0013027777777772087,0.0
22,CN051,2022,prec<0.037p4,water_proxy,0.0,1.0,1.0,0.025693230727512686,-0.0032105555555554943,0.0
22,CN051,2022,prec<0.037p5,water_proxy,1.0,0.0,999999999.9999999,0.009291164190086876,-0.0011016666666661123,0.0
22,CN051,2022,prec<0.037p6,water_proxy,0.0,0.0,0.0,0.006946398603693774,0.0,0.0
22,CN051,2022,prec<0.037p7,water_proxy,0.0,0.0,0.0,0.002173414183177829,0.0,0.0
22,CN051,2022,median_cum_fpar1,crop_state_indicator,0.0,0.0,0.0,0.004754642766068187,0.0,0.0
22,CN051,2022,median_cum_fpar2,crop_state_indicator,79.77199999999999,75.807,0.4123764950598009,0.014614232222732332,-0.013220000000000454,0.0
22,CN051,2022,median_cum_fpar6,crop_state_indicator,641.625,595.846,2.25268182265525,0.026248574424483553,-0.006560000000000343,0.0
22,CN051,2022,median_cum_fpar7,crop_state_indicator,799.519,750.038,2.830396979750587,0.010151391945036756,0.0,0.0
22,CN051,2022,median_cum_ndvi1,crop_state_indicator,0.0,0.0,0.0,0.0018926787430466052,0.0,0.0
22,CN051,2022,median_cum_ndvi2,crop_state_indicator,1.2045,1.21,0.049549549549550195,0.04771331548726668,0.0,0.0
22,CN051,2022,median_cum_ndvi3,crop_state_indicator,3.142,3.054,0.6848249027237345,0.07775865845935805,-0.0015844444444441663,0.0
22,CN051,2022,median_cum_ndvi4,crop_state_indicator,5.042,4.878,0.8592336603533548,0.042772588758079676,0.0,0.0
22,CN051,2022,median_cum_ndvi5,crop_state_indicator,7.131,6.7715,2.7321561601739863,0.04374314802002847,-0.0011866666666664472,0.0
22,CN051,2022,median_cum_ndvi6,crop_state_indicator,9.778,9.169,7.229957373966163,0.0960538811272201,-0.0018644444444442243,0.0
22,CN051,2022,median_cum_ndvi7,crop_state_indicator,11.931,11.35,3.905387075033157,0.010573265090748483,0.0,0.0
22,CN051,2022,mean_ssm3,water_proxy,6.752032258064515,6.549935483870968,2.1951646811492482,0.00922396371680262,-0.0006077777777777627,0.0
22,CN051,2022,mean_ssm4,water_proxy,6.775733333333333,6.4852333333333325,4.206317946306399,0.0067618109092575564,-0.0004822222222227168,0.0
22,CN051,2022,mean_ssm7,water_proxy,6.770615384615384,6.6838461538461535,0.22328303891051535,0.006821357782928302,-0.0005049999999995336,0.0
23,CN052,2022,median_cum_ndvi6,crop_state_indicator,9.9515,7.737999999999999,3.357107997921466,0.0960538811272201,0.017964444444443117,0.005792873186053013
23,CN052,2022,median_cum_ndvi3,crop_state_indicator,3.341,2.5785,2.545343454828536,0.07775865845935805,0.020918333333332484,0.004140208669471226
23,CN052,2022,median_cum_ndvi4,crop_state_indicator,5.219,3.995,3.0678498372441965,0.042772588758079676,0.018554444444444762,0.0024347119634470795
23,CN052,2022,mean_tmax3,temperature_hazard,19.232741935483872,15.547935483870967,2.9357329568598125,0.007683654374873957,0.046383333333333,0.001046276149690138
23,CN052,2022,median_cum_ndvi5,crop_state_indicator,7.2635,5.55,2.8998338171363343,0.04374314802002847,0.005781111111110349,0.0007333215722681026
23,CN052,2022,median_cum_fpar3,crop_state_indicator,164.731,125.342,2.2130640074850256,0.012008354361110548,0.020921111111110058,0.0005559839008567472
23,CN052,2022,mean_tavg3,temperature_hazard,13.183645161290322,10.141225806451612,2.9155219892977216,0.006757762909017114,0.01619166666666505,0.0003190147963074429
23,CN052,2022,median_cum_ndvi7,crop_state_indicator,11.876,9.401,3.4736416161792802,0.010573265090748483,0.006016111111111222,0.00022095812642622427
23,CN052,2022,mean_ssm2,water_proxy,8.32975,7.739172413793104,2.655482372165867,0.008875581083351567,0.008598333333331709,0.00020265368076040515
23,CN052,2022,mean_ssm7,water_proxy,8.282666666666666,7.7945,2.0343943216126914,0.006821357782928302,0.012891666666666524,0.00017890193242718863
23,CN052,2022,median_cum_fpar6,crop_state_indicator,575.658,430.928,2.3121557575978233,0.026248574424483553,0.002803333333333491,0.00017013652159767685
23,CN052,2022,max_cum_gdd2,temperature_hazard,20.817,89.977,1.4429978300784507,0.006608761679829262,0.01209222222222106,0.00011531661581461364
23,CN052,2022,median_cum_fpar4,crop_state_indicator,283.67,207.47,2.5276282716373704,0.02480748359547733,0.0016444444444436712,0.00010311340376493039
23,CN052,2022,median_cum_fpar7,crop_state_indicator,703.451,539.46,2.358332251443336,0.010151391945036756,0.004288333333332339,0.00010266422244846007
23,CN052,2022,mean_rad3,radiation_hazard,14476289.08064516,13189367.967741936,0.6532211287916493,0.004245184333362696,0.026888888888888296,7.456407474717713e-05
23,CN052,2022,mean_tmin7,temperature_hazard,17.1415,18.085666666666665,1.1456697594840255,0.008980821930604123,0.006496666666666151,6.684456780415059e-05
23,CN052,2022,mean_tmax2,temperature_hazard,8.346571428571428,12.04748275862069,1.6478050668878987,0.007233356156290362,0.004995000000000083,5.953620882007646e-05
23,CN052,2022,mean_tavg2,temperature_hazard,3.44525,6.772448275862069,1.168360381305265,0.007205119237766788,0.006870555555554603,5.783754492247006e-05
23,CN052,2022,prec<0.037p4,water_proxy,2.0,1.0,1.0,0.025693230727512686,0.0021033333333324578,5.404142863017919e-05
23,CN052,2022,mean_tavg4,temperature_hazard,13.4556,14.703966666666666,1.7344844475499275,0.004550618555119359,0.006757222222221415,5.333460033114109e-05
23,CN052,2022,max_cum_gdd6,temperature_hazard,1286.106,1343.517,0.8004210467612856,0.006982955454215601,0.008840000000000181,4.940945190509302e-05
23,CN052,2022,max_cum_gdd3,temperature_hazard,274.51,240.318,0.4448376353039133,0.020214929351852203,0.005334999999998757,4.79742479127459e-05
23,CN052,2022,mean_ssm4,water_proxy,7.955366666666666,7.4642,2.210802700675149,0.0067618109092575564,0.002764444444443903,4.132576243473361e-05
23,CN052,2022,median_cum_fpar5,crop_state_indicator,416.64,310.894,2.2752338316398366,0.02292879073773341,0.0007388888888888445,3.854662185486322e-05
23,CN052,2022,mean_ssm5,water_proxy,8.072870967741936,7.525129032258064,3.219743718734705,0.005201215977148358,0.0019744444444436127,3.306519672566395e-05
23,CN052,2022,mean_tmin4,temperature_hazard,8.799533333333333,10.025666666666666,3.7663905925787655,0.0059823909338138,0.0013849999999999696,3.1206848993928354e-05
23,CN052,2022,mean_tmax1,temperature_hazard,7.51525,10.563875,1.3236906377204884,0.002413764687523313,0.008403333333331986,2.684930309475089e-05
23,CN052,2022,max_cum_gdd5,temperature_hazard,848.915,914.305,0.8782486065408642,0.00841312819342394,0.0025022222222217394,1.8488464877112628e-05
23,CN052,2022,mean_tmax4,temperature_hazard,18.8319,19.918433333333333,0.8660166316852206,0.002243219107874039,0.008262777777777508,1.60518096538281e-05
23,CN052,2022,max_cum_prec4,water_proxy,311.281,252.573,2.284838509534798,0.0025774834576984635,0.0019716666666660387,1.161140814225426e-05
23,CN052,2022,max_cum_gdd7,temperature_hazard,1382.89,1449.793,1.0032089250101173,0.0066041715446388755,0.001234999999999431,8.182324337307502e-06
23,CN052,2022,max_cum_gdd1,temperature_hazard,2.757,9.447,1.507648205771455,0.003954838977228606,0.0012355555555556563,7.367007275116936e-06
23,CN052,2022,mean_tmin6,temperature_hazard,16.469733333333334,16.0237,0.38768651311024016,0.010011071101378015,0.0016727777777774122,6.492313596166089e-06
23,CN052,2022,mean_tavg1,temperature_hazard,3.434625,5.418875,2.003229136789902,0.0014727122435304616,0.0009377777777777041,2.766613316041166e-06
23,CN052,2022,mean_prec5,water_proxy,7.413096774193549,6.1533225806451615,1.0493322943815997,0.0016144216931508212,0.0015083333333336668,2.5552144358887435e-06
23,CN052,2022,mean_ssm1,water_proxy,8.325125,7.8,0.14874958837253704,0.0034913535319388996,0.003552222222221957,1.8448018557357622e-06
23,CN052,2022,median_cum_ndvi1,crop_state_indicator,0.418,0.355,1.5145806205455816,0.0018926787430466052,0.000643333333332663,1.844188690702855e-06
23,CN052,2022,mean_rad1,radiation_hazard,7879980.1875,10888322.75,1.3880127770445212,0.0043086705824463035,0.0003072222222213483,1.8373393726296429e-06
23,CN052,2022,mean_rad4,radiation_hazard,16026758.983333332,17509782.4,0.6422351633894687,0.004179109607436093,0.0005911111111087664,1.5865251636679777e-06
23,CN052,2022,mean_rad6,radiation_hazard,15112218.283333331,15855297.55,0.7258724718200515,0.002816618668235694,0.0005299999999994753,1.0835881560889022e-06
23,CN052,2022,mean_prec7,water_proxy,5.04,7.854333333333334,0.3318006759412088,0.0033973417928038954,0.0007699999999992713,8.679750335060296e-07
23,CN052,2022,mean_cum_cwb3,water_proxy,31.709709677419355,8.907903225806454,1.0546439349198384,0.0019189010993987078,0.00024999999999941735,5.059393515467852e-07
23,CN052,2022,mean_tmin1,temperature_hazard,0.7260000000000001,1.71825,0.8840157767712218,0.0016369422569999911,0.00023999999999979593,3.4729986740406086e-07
23,CN052,2022,awc,fixed_context,13.061,13.061,0.0,0.05426224280791961,0.0,0.0
23,CN052,2022,bulk_density,fixed_context,1.533,1.533,0.0,0.10370424155286671,0.0,0.0
23,CN052,2022,max_cum_gdd4,temperature_hazard,528.178,537.236,0.16908203656104204,0.01760477193860538,-0.0012233333333337981,0.0
23,CN052,2022,max_cum_prec1,water_proxy,31.597,7.643,2.1740787801778905,0.0006800477602364822,-0.00022666666666637525,0.0
23,CN052,2022,max_cum_prec2,water_proxy,105.195,72.729,1.6245183887915928,0.0017777348797750419,-0.0010750000000001592,0.0
23,CN052,2022,max_cum_prec3,water_proxy,184.797,141.178,3.075554019651204,0.0019965079234693034,0.0,0.0
23,CN052,2022,max_cum_prec5,water_proxy,541.087,451.954,1.9366977473039841,0.001952212049775364,-0.0014694444444449672,0.0
23,CN052,2022,max_cum_prec6,water_proxy,769.381,658.546,1.7248704421308185,0.002025633146550257,-0.001114444444445084,0.0
23,CN052,2022,max_cum_prec7,water_proxy,799.621,723.259,2.1513671999756943,0.004792508298079563,0.0,0.0
23,CN052,2022,mean_cum_cwb1,water_proxy,11.288,-2.21675,2.5165498124898096,0.0005611748506648037,-0.0009894444444453754,0.0
23,CN052,2022,mean_cum_cwb2,water_proxy,45.794607142857146,-4.17806896551724,3.4290081132069345,0.0041840980289357555,-0.002566666666666606,0.0
23,CN052,2022,mean_cum_cwb4,water_proxy,54.75663333333333,-11.3858,1.3062866931135773,0.0028329431011265608,0.0,0.0
23,CN052,2022,mean_cum_cwb5,water_proxy,128.04816129032258,37.26522580645161,1.6039936393584646,0.004330731671544896,0.0,0.0
23,CN052,2022,mean_cum_cwb6,water_proxy,312.57750000000004,162.6266666666667,3.2963302745571,0.0032918749855547023,0.0,0.0
23,CN052,2022,mean_cum_cwb7,water_proxy,361.888,244.31900000000005,3.4686941635928554,0.0023356369493571423,0.0,0.0
23,CN052,2022,mean_prec1,water_proxy,3.949625,0.955375,2.1740787801778905,0.0006356149152419931,-0.004991666666667172,0.0
23,CN052,2022,mean_prec2,water_proxy,2.6285,2.2568214285714285,0.551160841306337,0.0024772599894613777,-0.0022333333333337535,0.0
23,CN052,2022,mean_prec3,water_proxy,2.567806451612904,2.594129032258065,0.03886084388989355,0.0017709681352000184,0.0,0.0
23,CN052,2022,mean_prec4,water_proxy,4.2161333333333335,3.6367,0.8743983619687465,0.00237466337051435,0.0,0.0
23,CN052,2022,mean_prec6,water_proxy,7.609800000000001,8.0722,0.37829288246523046,0.003021116335746942,0.0,0.0
23,CN052,2022,mean_rad2,radiation_hazard,10843337.714285716,12228552.089285716,0.5228524646642491,0.0051929182370553835,-0.0018716666666680482,0.0
23,CN052,2022,mean_rad5,radiation_hazard,12977825.274193548,16666807.403225806,2.2793956338336745,0.003184281803113454,-0.007517777777779067,0.0
23,CN052,2022,mean_rad7,radiation_hazard,20996404.33333333,19088859.0,0.6968450885121351,0.004447365874306189,-0.0013100000000001444,0.0
23,CN052,2022,mean_tavg5,temperature_hazard,15.346354838709678,17.421548387096774,2.9631966835559536,0.0025966691443671313,0.0,0.0
23,CN052,2022,mean_tavg6,temperature_hazard,19.57303333333333,19.255333333333333,0.24317497576159594,0.004244286154210407,0.0,0.0
23,CN052,2022,mean_tavg7,temperature_hazard,21.130666666666663,21.099,0.031091474390439616,0.004673401498541836,0.0,0.0
23,CN052,2022,mean_tmax5,temperature_hazard,19.58006451612903,22.088967741935484,2.515475920954762,0.002883646908735911,-0.014130555555556867,0.0
23,CN052,2022,mean_tmax6,temperature_hazard,23.381933333333333,23.134866666666667,0.1630731320953957,0.00305739409224299,0.0,0.0
23,CN052,2022,mean_tmax7,temperature_hazard,25.939,25.67533333333333,0.2576006689819611,0.00363966370215959,-0.0008499999999997954,0.0
23,CN052,2022,mean_tmin2,temperature_hazard,-0.1104285714285714,2.3929310344827583,1.2801868201836837,0.00751611653558336,-0.0033938888888895846,0.0
23,CN052,2022,mean_tmin3,temperature_hazard,8.277451612903226,5.664612903225807,2.755921067886258,0.014290333581365368,-0.0013355555555563114,0.0
23,CN052,2022,mean_tmin5,temperature_hazard,11.718935483870968,13.76774193548387,1.588380933326662,0.014616805133365274,-0.014307777777778696,0.0
23,CN052,2022,tmin<-4.027p1,temperature_hazard,0.0,0.0,0.0,0.00046533849524221766,0.0,0.0
23,CN052,2022,tmin<-4.027p2,temperature_hazard,0.0,0.0,0.0,0.012962096209179923,0.0,0.0
23,CN052,2022,tmin<-4.027p3,temperature_hazard,0.0,0.0,0.0,0.004439368893737348,0.0,0.0
23,CN052,2022,tmin<-4.027p4,temperature_hazard,0.0,0.0,0.0,0.0019039565997986104,0.0,0.0
23,CN052,2022,tmin<-4.027p5,temperature_hazard,0.0,0.0,0.0,0.0,0.0,0.0
23,CN052,2022,tmin<-4.027p6,temperature_hazard,0.0,0.0,0.0,0.0,0.0,0.0
23,CN052,2022,tmin<-4.027p7,temperature_hazard,0.0,0.0,0.0,0.0,0.0,0.0
23,CN052,2022,tmax>31.246p1,temperature_hazard,0.0,0.0,0.0,0.0,0.0,0.0
23,CN052,2022,tmax>31.246p2,temperature_hazard,0.0,0.0,0.0,0.00017665281034320485,0.0,0.0
23,CN052,2022,tmax>31.246p3,temperature_hazard,0.0,0.0,0.0,6.908349009589775e-05,0.0,0.0
23,CN052,2022,tmax>31.246p4,temperature_hazard,0.0,0.0,0.0,0.0006293053260611733,0.0,0.0
23,CN052,2022,tmax>31.246p5,temperature_hazard,0.0,0.0,0.0,0.001469336899941713,0.0,0.0
23,CN052,2022,tmax>31.246p6,temperature_hazard,0.0,0.0,0.0,0.002320918318590675,0.0,0.0
23,CN052,2022,tmax>31.246p7,temperature_hazard,0.0,0.0,0.0,0.0020777574082735907,0.0,0.0
23,CN052,2022,prec<0.037p1,water_proxy,0.0,0.0,0.0,0.0009295822938097154,0.0,0.0
23,CN052,2022,prec<0.037p2,water_proxy,0.0,0.0,0.0,0.003741738289900092,0.0,0.0
23,CN052,2022,prec<0.037p3,water_proxy,2.0,0.0,2.0,0.006804497505905538,-0.005731666666664914,0.0
23,CN052,2022,prec<0.037p5,water_proxy,2.0,1.0,0.3333333333333333,0.009291164190086876,-0.00574833333333391,0.0
23,CN052,2022,prec<0.037p6,water_proxy,0.0,0.0,0.0,0.006946398603693774,0.0,0.0
23,CN052,2022,prec<0.037p7,water_proxy,0.0,0.0,0.0,0.002173414183177829,0.0,0.0
23,CN052,2022,median_cum_fpar1,crop_state_indicator,0.0,0.0,0.0,0.004754642766068187,0.0,0.0
23,CN052,2022,median_cum_fpar2,crop_state_indicator,62.356,47.198,2.2984407994914817,0.014614232222732332,-0.0009566666666671608,0.0
23,CN052,2022,median_cum_ndvi2,crop_state_indicator,1.499,1.2055,2.076893274842244,0.04771331548726668,0.0,0.0
23,CN052,2022,mean_ssm3,water_proxy,8.061935483870968,7.673645161290323,3.221954204414716,0.00922396371680262,0.0,0.0
23,CN052,2022,mean_ssm6,water_proxy,8.389433333333333,7.885233333333333,2.8822408536585464,0.010547055728646093,-0.0013555555555564425,0.0
24,CN053,2022,max_cum_gdd2,temperature_hazard,78.63300000000001,138.474,1.9115728067281215,0.006608761679829262,0.034937222222219955,0.0004413664391936548
24,CN053,2022,mean_tavg5,temperature_hazard,16.206290322580646,19.01658064516129,2.7241713570981965,0.0025966691443671313,0.0425244444444437,0.0003008082119646867
24,CN053,2022,max_cum_gdd6,temperature_hazard,1444.875,1612.276,1.09697775913815,0.006982955454215601,0.01727555555555549,0.0001323332920619233
24,CN053,2022,median_cum_ndvi5,crop_state_indicator,6.954000000000001,6.584,2.7715355805243576,0.04374314802002847,0.0010588888888882764,0.00012837512628658667
24,CN053,2022,mean_tmin2,temperature_hazard,2.834714285714285,4.853758620689654,2.221558591613686,0.00751611653558336,0.0064949999999996955,0.00010845021875743585
24,CN053,2022,max_cum_gdd1,temperature_hazard,0.0,3.948,1.897689586368009,0.003954838977228606,0.01312222222222248,9.848302237005424e-05
24,CN053,2022,mean_ssm2,water_proxy,7.872035714285714,7.490107142857143,3.027302988003069,0.008875581083351567,0.0036455555555554575,9.795269883589212e-05
24,CN053,2022,mean_tmax5,temperature_hazard,20.908516129032257,24.689806451612903,2.4262118640559702,0.002883646908735911,0.010904444444444383,7.629118276185885e-05
24,CN053,2022,mean_rad5,radiation_hazard,15423727.758064516,20418917.93548387,6.976103952493054,0.003184281803113454,0.0029633333333327627,6.582713365231487e-05
24,CN053,2022,mean_ssm5,water_proxy,7.597612903225807,6.792129032258065,3.1278967806588955,0.005201215977148358,0.0035105555555552392,5.711276041290164e-05
24,CN053,2022,mean_tmin3,temperature_hazard,9.022774193548388,7.728709677419355,2.018719806763291,0.014290333581365368,0.001726666666666432,4.9811189843345425e-05
24,CN053,2022,max_cum_gdd4,temperature_hazard,683.886,713.9350000000001,0.32747741365969646,0.01760477193860538,0.008115555555555876,4.678751832572419e-05
24,CN053,2022,mean_tmax1,temperature_hazard,6.64,14.266,1.766223027800607,0.002413764687523313,0.010630555555554366,4.532068168650273e-05
24,CN053,2022,max_cum_gdd3,temperature_hazard,396.086,423.156,0.40785885401756794,0.020214929351852203,0.005475555555555456,4.514506807473165e-05
24,CN053,2022,max_cum_gdd7,temperature_hazard,1674.597,1815.462,0.9290599587128441,0.0066041715446388755,0.005970000000000475,3.662995791529347e-05
24,CN053,2022,mean_prec2,water_proxy,2.219857142857143,1.0153571428571428,1.6664690186777356,0.0024772599894613777,0.007119999999999571,2.9393332408367147e-05
24,CN053,2022,mean_rad7,radiation_hazard,22150352.6,14621382.57142857,2.3541194299990256,0.004447365874306189,0.002509444444443787,2.6272955885367525e-05
24,CN053,2022,mean_cum_cwb4,water_proxy,-87.97916666666667,-164.7635,1.8173239696129975,0.0028329431011265608,0.00489777777777789,2.5215598636686078e-05
24,CN053,2022,mean_ssm7,water_proxy,7.988799999999999,7.803066666666667,0.5765472794193696,0.006821357782928302,0.005879999999999441,2.3125071397555318e-05
24,CN053,2022,mean_tmax6,temperature_hazard,22.85383333333333,24.45633333333333,1.056082773164624,0.00305739409224299,0.005808333333333415,1.8754302320170275e-05
24,CN053,2022,mean_tavg4,temperature_hazard,14.593333333333334,15.917,1.0480061228259996,0.004550618555119359,0.003858333333333519,1.840068531828547e-05
24,CN053,2022,mean_prec1,water_proxy,5.019,0.641,3.447244094488189,0.0006356149152419931,0.0058177777777776996,1.2747447865261928e-05
24,CN053,2022,mean_tavg3,temperature_hazard,15.240419354838709,13.368806451612905,1.8101269771940196,0.006757762909017114,0.0009583333333327282,1.1722725240956735e-05
24,CN053,2022,mean_tmin6,temperature_hazard,15.648133333333334,16.276766666666667,0.8504622322435181,0.010011071101378015,0.0013449999999997075,1.1451380943253183e-05
24,CN053,2022,mean_cum_cwb2,water_proxy,7.885428571428571,-21.547678571428573,1.3728059727846509,0.0041840980289357555,0.0017299999999997873,9.937041743171096e-06
24,CN053,2022,mean_tavg6,temperature_hazard,18.78646666666667,19.89173333333333,0.9108840173616793,0.004244286154210407,0.002244444444443161,8.677139882682872e-06
24,CN053,2022,max_cum_prec3,water_proxy,110.397,76.536,1.5660438442327267,0.0019965079234693034,0.0008955555555552053,2.800060964965392e-06
24,CN053,2022,mean_tmin1,temperature_hazard,1.515,3.739,0.589607635206787,0.0016369422569999911,0.0026083333333333236,2.5174424452208684e-06
24,CN053,2022,mean_cum_cwb1,water_proxy,3.788,-0.768,2.642691415313225,0.0005611748506648037,0.0014383333333327641,2.1330655362904297e-06
24,CN053,2022,mean_tmin4,temperature_hazard,9.524666666666668,10.647433333333334,1.3453993009461769,0.0059823909338138,0.00020555555555556992,1.654455941514415e-06
24,CN053,2022,mean_tavg1,temperature_hazard,3.484,8.948,1.6944292352240744,0.0014727122435304616,0.00021555555555474726,5.378987733524579e-07
24,CN053,2022,mean_prec3,water_proxy,1.394258064516129,1.332483870967742,0.08154987002463454,0.0017709681352000184,0.000334444444444415,4.8301209549154205e-08
24,CN053,2022,awc,fixed_context,12.971,12.971,0.0,0.05426224280791961,0.0,0.0
24,CN053,2022,bulk_density,fixed_context,1.41,1.41,0.0,0.10370424155286671,0.0,0.0
24,CN053,2022,max_cum_gdd5,temperature_hazard,1031.281,1140.195,0.9431008356063546,0.00841312819342394,-0.0015755555555561074,0.0
24,CN053,2022,max_cum_prec1,water_proxy,5.019,0.641,3.447244094488189,0.0006800477602364822,0.0,0.0
24,CN053,2022,max_cum_prec2,water_proxy,67.175,28.85,1.774962949240459,0.0017777348797750419,-0.012967777777778355,0.0
24,CN053,2022,max_cum_prec4,water_proxy,193.533,144.943,1.2910427238611222,0.0025774834576984635,-0.009445555555554819,0.0
24,CN053,2022,max_cum_prec5,water_proxy,422.087,277.194,3.434984995950877,0.001952212049775364,-0.005657222222222202,0.0
24,CN053,2022,max_cum_prec6,water_proxy,640.709,457.847,1.3912626677622564,0.002025633146550257,-0.01789388888888821,0.0
24,CN053,2022,max_cum_prec7,water_proxy,708.736,592.625,1.0623244494460151,0.004792508298079563,-0.0017738888888896298,0.0
24,CN053,2022,mean_cum_cwb3,water_proxy,-60.3681935483871,-88.56270967741935,0.7831824071369298,0.0019189010993987078,-0.0022855555555549856,0.0
24,CN053,2022,mean_cum_cwb5,water_proxy,-65.99351612903226,-200.9093870967742,1.953331176097404,0.004330731671544896,-0.006974444444443506,0.0
24,CN053,2022,mean_cum_cwb6,water_proxy,83.87526666666666,-177.64656666666667,2.413933309006282,0.0032918749855547023,-0.02422833333333374,0.0
24,CN053,2022,mean_cum_cwb7,water_proxy,145.9796,-94.92921428571428,1.4653749512515406,0.0023356369493571423,-0.012898888888889015,0.0
24,CN053,2022,mean_prec4,water_proxy,2.7712,2.8917,0.12396694214876058,0.00237466337051435,0.0,0.0
24,CN053,2022,mean_prec5,water_proxy,7.372709677419355,3.062935483870968,4.782867160485115,0.0016144216931508212,-0.004127222222221949,0.0
24,CN053,2022,mean_prec6,water_proxy,7.287400000000001,7.2651,0.008711731538030981,0.003021116335746942,0.0,0.0
24,CN053,2022,mean_prec7,water_proxy,4.5351333333333335,10.511714285714287,1.2954080526799268,0.0033973417928038954,-0.001083888888887774,0.0
24,CN053,2022,mean_rad1,radiation_hazard,9797342.0,13442596.0,1.1680363428392662,0.0043086705824463035,-0.0004533333333331946,0.0
24,CN053,2022,mean_rad2,radiation_hazard,14784407.089285716,15138384.625,0.23541376660805066,0.0051929182370553835,0.0,0.0
24,CN053,2022,mean_rad3,radiation_hazard,19891121.64516129,19944363.129032254,0.05502974414159644,0.004245184333362696,0.0,0.0
24,CN053,2022,mean_rad4,radiation_hazard,19399877.366666667,20108104.116666667,0.3683325980625052,0.004179109607436093,0.0,0.0
24,CN053,2022,mean_rad6,radiation_hazard,15738129.066666666,17797967.266666666,1.262397358317961,0.002816618668235694,-0.006539444444443543,0.0
24,CN053,2022,mean_tavg2,temperature_hazard,7.255249999999999,9.687758620689657,1.9148193090245789,0.007205119237766788,-0.005395000000000039,0.0
24,CN053,2022,mean_tavg7,temperature_hazard,20.3148,19.51328571428571,0.9777744214146288,0.004673401498541836,0.0,0.0
24,CN053,2022,mean_tmax2,temperature_hazard,12.965285714285717,15.660714285714286,1.7536740822575707,0.007233356156290362,-0.006885000000000474,0.0
24,CN053,2022,mean_tmax3,temperature_hazard,21.99590322580645,19.730129032258063,1.7509410444970732,0.007683654374873957,-0.002389444444444777,0.0
24,CN053,2022,mean_tmax4,temperature_hazard,20.514233333333333,21.94513333333333,0.7733061915656346,0.002243219107874039,-9.166666666660106e-05,0.0
24,CN053,2022,mean_tmax7,temperature_hazard,25.4776,23.12364285714286,1.9911665901346112,0.00363966370215959,-0.01275722222222253,0.0
24,CN053,2022,mean_tmin5,temperature_hazard,12.524258064516127,14.034548387096777,2.277829617862475,0.014616805133365274,-0.004967222222223455,0.0
24,CN053,2022,mean_tmin7,temperature_hazard,16.139400000000002,16.747333333333334,1.073486489918222,0.008980821930604123,0.0,0.0
24,CN053,2022,tmin<-4.027p1,temperature_hazard,0.0,0.0,0.0,0.00046533849524221766,0.0,0.0
24,CN053,2022,tmin<-4.027p2,temperature_hazard,0.0,0.0,0.0,0.012962096209179923,0.0,0.0
24,CN053,2022,tmin<-4.027p3,temperature_hazard,0.0,0.0,0.0,0.004439368893737348,0.0,0.0
24,CN053,2022,tmin<-4.027p4,temperature_hazard,0.0,0.0,0.0,0.0019039565997986104,0.0,0.0
24,CN053,2022,tmin<-4.027p5,temperature_hazard,0.0,0.0,0.0,0.0,0.0,0.0
24,CN053,2022,tmin<-4.027p6,temperature_hazard,0.0,0.0,0.0,0.0,0.0,0.0
24,CN053,2022,tmin<-4.027p7,temperature_hazard,0.0,0.0,0.0,0.0,0.0,0.0
24,CN053,2022,tmax>31.246p1,temperature_hazard,0.0,0.0,0.0,0.0,0.0,0.0
24,CN053,2022,tmax>31.246p2,temperature_hazard,0.0,0.0,0.0,0.00017665281034320485,0.0,0.0
24,CN053,2022,tmax>31.246p3,temperature_hazard,0.0,0.0,0.0,6.908349009589775e-05,0.0,0.0
24,CN053,2022,tmax>31.246p4,temperature_hazard,0.0,0.0,0.0,0.0006293053260611733,0.0,0.0
24,CN053,2022,tmax>31.246p5,temperature_hazard,0.0,0.0,0.0,0.001469336899941713,0.0,0.0
24,CN053,2022,tmax>31.246p6,temperature_hazard,0.0,0.0,0.0,0.002320918318590675,0.0,0.0
24,CN053,2022,tmax>31.246p7,temperature_hazard,0.0,0.0,0.0,0.0020777574082735907,0.0,0.0
24,CN053,2022,prec<0.037p1,water_proxy,0.0,0.0,0.0,0.0009295822938097154,0.0,0.0
24,CN053,2022,prec<0.037p2,water_proxy,1.0,4.0,0.75,0.003741738289900092,-0.0019844444444450104,0.0
24,CN053,2022,prec<0.037p3,water_proxy,3.0,2.0,0.8770580193070292,0.006804497505905538,0.0,0.0
24,CN053,2022,prec<0.037p4,water_proxy,0.0,0.0,0.0,0.025693230727512686,0.0,0.0
24,CN053,2022,prec<0.037p5,water_proxy,0.0,0.0,0.0,0.009291164190086876,0.0,0.0
24,CN053,2022,prec<0.037p6,water_proxy,0.0,0.0,0.0,0.006946398603693774,0.0,0.0
24,CN053,2022,prec<0.037p7,water_proxy,0.0,0.0,0.0,0.002173414183177829,0.0,0.0
24,CN053,2022,median_cum_fpar1,crop_state_indicator,0.0,0.0,0.0,0.004754642766068187,0.0,0.0
24,CN053,2022,median_cum_fpar2,crop_state_indicator,85.251,75.676,2.850549268556827,0.014614232222732332,-0.016164444444444648,0.0
24,CN053,2022,median_cum_fpar3,crop_state_indicator,207.041,186.253,4.11348908415817,0.012008354361110548,-0.008853888888888939,0.0
24,CN053,2022,median_cum_fpar4,crop_state_indicator,322.829,293.434,6.478943011292518,0.02480748359547733,-0.0069611111111105295,0.0
24,CN053,2022,median_cum_fpar5,crop_state_indicator,438.891,399.674,5.675397973950782,0.02292879073773341,-0.004721111111111398,0.0
24,CN053,2022,median_cum_fpar6,crop_state_indicator,575.645,524.252,5.6813235035561345,0.026248574424483553,-0.0009899999999993803,0.0
24,CN053,2022,median_cum_fpar7,crop_state_indicator,721.9445000000001,659.0045,4.7465196391999624,0.010151391945036756,0.0,0.0
24,CN053,2022,median_cum_ndvi1,crop_state_indicator,0.0,0.0,0.0,0.0018926787430466052,0.0,0.0
24,CN053,2022,median_cum_ndvi2,crop_state_indicator,1.3265,1.242,1.9882352941176484,0.04771331548726668,0.0,0.0
24,CN053,2022,median_cum_ndvi3,crop_state_indicator,3.305,3.1375,1.8108108108108145,0.07775865845935805,0.0,0.0
24,CN053,2022,median_cum_ndvi4,crop_state_indicator,5.112,4.862,1.6233766233766243,0.042772588758079676,0.0,0.0
24,CN053,2022,median_cum_ndvi6,crop_state_indicator,9.307,8.553,1.9483204134366892,0.0960538811272201,-0.0014116666666663669,0.0
24,CN053,2022,median_cum_ndvi7,crop_state_indicator,11.4295,10.443,1.5708598726114666,0.010573265090748483,0.0,0.0
24,CN053,2022,mean_ssm1,water_proxy,8.015,7.682,3.872407184770575,0.0034913535319388996,-0.0012594444444440356,0.0
24,CN053,2022,mean_ssm3,water_proxy,7.352225806451613,7.222225806451613,0.6604392002622108,0.00922396371680262,-0.0009983333333329902,0.0
24,CN053,2022,mean_ssm4,water_proxy,7.300966666666667,6.982366666666667,1.4913403026993306,0.0067618109092575564,-0.0015222222222215365,0.0
24,CN053,2022,mean_ssm6,water_proxy,8.0088,7.366966666666666,2.429337827333019,0.010547055728646093,-0.0027594444444449806,0.0
25,CN054,2022,mean_cum_cwb2,water_proxy,12.871857142857143,-10.231892857142856,4.23155553796351,0.0041840980289357555,0.11476166666666732,0.0020318832167324904
25,CN054,2022,mean_rad7,radiation_hazard,23476507.0,17406287.07142857,5.8334295486437355,0.004447365874306189,0.06080666666666623,0.0015775314026623172
25,CN054,2022,mean_tmax2,temperature_hazard,2.3552500000000003,5.427035714285714,3.2250928043796154,0.007233356156290362,0.0290116666666691,0.0006767912647009645
25,CN054,2022,mean_tavg2,temperature_hazard,-2.5743571428571426,0.1708571428571428,2.622517911975435,0.007205119237766788,0.03292555555555676,0.0006221466215064969
25,CN054,2022,median_cum_fpar6,crop_state_indicator,391.145,369.243,6.5930162552679015,0.026248574424483553,0.002940000000000609,0.0005087883969032996
25,CN054,2022,median_cum_ndvi2,crop_state_indicator,0.662,0.7949999999999999,1.555555555555552,0.04771331548726668,0.006646666666668466,0.0004933203389418126
25,CN054,2022,tmin<-4.027p2,temperature_hazard,28.0,20.0,0.8888888888888888,0.012962096209179923,0.036078888888890326,0.0004156960256872079
25,CN054,2022,mean_tmax3,temperature_hazard,9.857516129032255,7.3953225806451615,3.6601401305777683,0.007683654374873957,0.01449277777777791,0.0004075840376674214
25,CN054,2022,mean_prec7,water_proxy,2.414,8.291642857142858,2.8924703852820066,0.0033973417928038954,0.03806888888888871,0.0003740919510953681
25,CN054,2022,mean_tmin2,temperature_hazard,-6.704785714285714,-5.078928571428572,1.942730337558142,0.00751611653558336,0.008687777777778294,0.00012685708595135557
25,CN054,2022,mean_ssm7,water_proxy,5.7645,6.239923076923077,5.257468482751924,0.006821357782928302,0.0035138888888894826,0.0001260188556804377
25,CN054,2022,mean_tmax7,temperature_hazard,20.04442857142857,18.30821428571429,3.1279424283819313,0.00363966370215959,0.005376666666666807,6.121151397063483e-05
25,CN054,2022,max_cum_prec3,water_proxy,110.177,156.052,0.7747323268146045,0.0019965079234693034,0.0357016666666663,5.522188240924594e-05
25,CN054,2022,mean_tmin7,temperature_hazard,10.010857142857144,10.352285714285712,1.5065859838780091,0.008980821930604123,0.0027761111111113124,3.756183948912995e-05
25,CN054,2022,median_cum_fpar3,crop_state_indicator,110.324,101.909,1.223288268643696,0.012008354361110548,0.0018694444444449232,2.7461538826510178e-05
25,CN054,2022,mean_tavg5,temperature_hazard,9.655774193548387,9.14858064516129,0.670017552877371,0.0025966691443671313,0.012087222222222138,2.1029517304004217e-05
25,CN054,2022,mean_cum_cwb3,water_proxy,-25.096129032258062,6.551741935483871,1.3436377829820452,0.0019189010993987078,0.0068261111111116435,1.7599817016076696e-05
25,CN054,2022,max_cum_prec6,water_proxy,679.537,489.301,1.1719944888507174,0.002025633146550257,0.004649999999999821,1.1039243611484186e-05
25,CN054,2022,mean_cum_cwb5,water_proxy,72.82138709677419,-16.997645161290322,0.6665803168140662,0.004330731671544896,0.001971666666666927,5.691768865437404e-06
25,CN054,2022,mean_cum_cwb7,water_proxy,187.067,22.464071428571422,0.9369745011992523,0.0023356369493571423,0.0021644444444444133,4.736740059334784e-06
25,CN054,2022,max_cum_prec5,water_proxy,461.842,356.445,0.7031114665053275,0.001952212049775364,0.0027683333333339277,3.799877111512727e-06
25,CN054,2022,mean_prec2,water_proxy,2.4731071428571427,1.9690689655172413,0.7276192359371318,0.0024772599894613777,0.002083333333333215,3.755212543227943e-06
25,CN054,2022,mean_rad3,radiation_hazard,22356013.16129032,21715456.90322581,0.4583736745454839,0.004245184333362696,0.0013350000000000861,2.597750790578684e-06
25,CN054,2022,max_cum_prec1,water_proxy,0.324,2.07,0.7506448839208942,0.0006800477602364822,0.004363888888889278,2.22765344022283e-06
25,CN054,2022,mean_cum_cwb4,water_proxy,29.257766666666665,-10.3752,0.4657087585710067,0.0028329431011265608,0.0014966666666662576,1.974591867375623e-06
25,CN054,2022,max_cum_prec7,water_proxy,713.333,608.226,0.7033197816180429,0.004792508298079563,0.0004855555555565161,1.6366455486239994e-06
25,CN054,2022,mean_prec1,water_proxy,0.324,2.07,0.7506448839208942,0.0006356149152419931,0.003324444444444019,1.586162537929223e-06
25,CN054,2022,awc,fixed_context,13.005,13.005,0.0,0.05426224280791961,0.0,0.0
25,CN054,2022,bulk_density,fixed_context,1.461,1.461,0.0,0.10370424155286671,0.0,0.0
25,CN054,2022,max_cum_gdd1,temperature_hazard,0.0,0.0,0.0,0.003954838977228606,0.0,0.0
25,CN054,2022,max_cum_gdd2,temperature_hazard,0.0,0.0,0.0,0.006608761679829262,0.0,0.0
25,CN054,2022,max_cum_gdd3,temperature_hazard,12.965,0.0,5.055888143669735,0.020214929351852203,-0.022359999999999047,0.0
25,CN054,2022,max_cum_gdd4,temperature_hazard,54.362,20.023,1.2164871758537623,0.01760477193860538,-0.012342777777776703,0.0
25,CN054,2022,max_cum_gdd5,temperature_hazard,198.691,148.65,1.2784032310926623,0.00841312819342394,-0.00896222222222054,0.0
25,CN054,2022,max_cum_gdd6,temperature_hazard,436.727,393.663,0.9362239175629423,0.006982955454215601,-0.006291666666665918,0.0
25,CN054,2022,max_cum_gdd7,temperature_hazard,571.921,519.782,1.0239643297160397,0.0066041715446388755,0.0,0.0
25,CN054,2022,max_cum_prec2,water_proxy,69.571,59.971,0.4939574877792976,0.0017777348797750419,0.0,0.0
25,CN054,2022,max_cum_prec4,water_proxy,302.696,229.562,0.6368786239273252,0.0025774834576984635,-0.0015838888888888292,0.0
25,CN054,2022,mean_cum_cwb1,water_proxy,-1.48,-0.012,0.5843949044585988,0.0005611748506648037,-0.003793333333332427,0.0
25,CN054,2022,mean_cum_cwb6,water_proxy,131.8104,-21.97776666666667,0.9303695278893144,0.0032918749855547023,-0.001906111111111386,0.0
25,CN054,2022,mean_prec3,water_proxy,1.3098709677419356,2.4337419354838707,0.42471230739223703,0.0017709681352000184,0.0,0.0
25,CN054,2022,mean_prec4,water_proxy,6.4173,2.5479666666666665,1.3864252543418705,0.00237466337051435,0.0,0.0
25,CN054,2022,mean_prec5,water_proxy,5.133741935483871,3.642419354838709,0.5532273891295505,0.0016144216931508212,0.0,0.0
25,CN054,2022,mean_prec6,water_proxy,7.2565,5.2043,2.664055743633383,0.003021116335746942,-0.007301666666664985,0.0
25,CN054,2022,mean_rad1,radiation_hazard,18251038.0,16715764.0,0.7332280729906928,0.0043086705824463035,0.0,0.0
25,CN054,2022,mean_rad2,radiation_hazard,17980243.5,18356657.310344823,0.9049287208044798,0.0051929182370553835,-0.00010833333333337691,0.0
25,CN054,2022,mean_rad4,radiation_hazard,21882960.2,23573829.4,2.388693972222213,0.004179109607436093,-0.01755555555555599,0.0
25,CN054,2022,mean_rad5,radiation_hazard,21695226.80645161,22618077.29032258,0.6887594865128563,0.003184281803113454,-0.019948888888889016,0.0
25,CN054,2022,mean_rad6,radiation_hazard,18941246.566666663,20808138.5,2.93102515029079,0.002816618668235694,-0.009253888888888895,0.0
25,CN054,2022,mean_tavg1,temperature_hazard,-3.427,-0.812,0.8849407783417936,0.0014727122435304616,-0.00357888888888791,0.0
25,CN054,2022,mean_tavg3,temperature_hazard,3.4071612903225805,2.148064516129032,1.9099478965657093,0.006757762909017114,-0.010971666666665492,0.0
25,CN054,2022,mean_tavg4,temperature_hazard,6.3799,5.257833333333334,1.0886100510963066,0.004550618555119359,-0.02977888888888902,0.0
25,CN054,2022,mean_tavg6,temperature_hazard,12.934533333333333,12.633766666666666,0.4719882826803353,0.004244286154210407,0.0,0.0
25,CN054,2022,mean_tavg7,temperature_hazard,14.656714285714283,13.825,3.2854806793871933,0.004673401498541836,0.0,0.0
25,CN054,2022,mean_tmax1,temperature_hazard,2.492,5.166,0.6179801247977814,0.002413764687523313,-0.0007105555555551035,0.0
25,CN054,2022,mean_tmax4,temperature_hazard,11.569233333333331,10.730966666666664,0.9175846185009059,0.002243219107874039,-0.015867222222222033,0.0
25,CN054,2022,mean_tmax5,temperature_hazard,15.068032258064516,14.439451612903223,0.6978770879918748,0.002883646908735911,0.0,0.0
25,CN054,2022,mean_tmax6,temperature_hazard,17.9144,17.774833333333333,0.1980886596962693,0.00305739409224299,0.0,0.0
25,CN054,2022,mean_tmin1,temperature_hazard,-9.033,-6.059,1.338433843384338,0.0016369422569999911,0.0,0.0
25,CN054,2022,mean_tmin3,temperature_hazard,-2.6517419354838707,-3.054806451612903,0.6480809128630708,0.014290333581365368,-0.01210555555555537,0.0
25,CN054,2022,mean_tmin4,temperature_hazard,0.8219666666666666,0.2896666666666666,1.0395807564611679,0.0059823909338138,-0.014352777777777881,0.0
25,CN054,2022,mean_tmin5,temperature_hazard,4.851258064516129,4.54941935483871,0.5855864866135272,0.014616805133365274,0.0,0.0
25,CN054,2022,mean_tmin6,temperature_hazard,8.897066666666666,8.462166666666667,1.7862814895947396,0.010011071101378015,0.0,0.0
25,CN054,2022,tmin<-4.027p1,temperature_hazard,1.0,1.0,0.0,0.00046533849524221766,0.0,0.0
25,CN054,2022,tmin<-4.027p3,temperature_hazard,10.0,7.0,1.2247448713915892,0.004439368893737348,-0.0005261111111103389,0.0
25,CN054,2022,tmin<-4.027p4,temperature_hazard,0.0,0.0,0.0,0.0019039565997986104,0.0,0.0
25,CN054,2022,tmin<-4.027p5,temperature_hazard,0.0,0.0,0.0,0.0,0.0,0.0
25,CN054,2022,tmin<-4.027p6,temperature_hazard,0.0,0.0,0.0,0.0,0.0,0.0
25,CN054,2022,tmin<-4.027p7,temperature_hazard,0.0,0.0,0.0,0.0,0.0,0.0
25,CN054,2022,tmax>31.246p1,temperature_hazard,0.0,0.0,0.0,0.0,0.0,0.0
25,CN054,2022,tmax>31.246p2,temperature_hazard,0.0,0.0,0.0,0.00017665281034320485,0.0,0.0
25,CN054,2022,tmax>31.246p3,temperature_hazard,0.0,0.0,0.0,6.908349009589775e-05,0.0,0.0
25,CN054,2022,tmax>31.246p4,temperature_hazard,0.0,0.0,0.0,0.0006293053260611733,0.0,0.0
25,CN054,2022,tmax>31.246p5,temperature_hazard,0.0,0.0,0.0,0.001469336899941713,0.0,0.0
25,CN054,2022,tmax>31.246p6,temperature_hazard,0.0,0.0,0.0,0.002320918318590675,0.0,0.0
25,CN054,2022,tmax>31.246p7,temperature_hazard,0.0,0.0,0.0,0.0020777574082735907,0.0,0.0
25,CN054,2022,prec<0.037p1,water_proxy,0.0,0.0,0.0,0.0009295822938097154,0.0,0.0
25,CN054,2022,prec<0.037p2,water_proxy,3.0,3.0,0.0,0.003741738289900092,0.0,0.0
25,CN054,2022,prec<0.037p3,water_proxy,4.0,1.0,1.0,0.006804497505905538,-0.02162166666666554,0.0
25,CN054,2022,prec<0.037p4,water_proxy,1.0,1.0,0.0,0.025693230727512686,0.0,0.0
25,CN054,2022,prec<0.037p5,water_proxy,0.0,0.0,0.0,0.009291164190086876,0.0,0.0
25,CN054,2022,prec<0.037p6,water_proxy,0.0,0.0,0.0,0.006946398603693774,0.0,0.0
25,CN054,2022,prec<0.037p7,water_proxy,0.0,0.0,0.0,0.002173414183177829,0.0,0.0
25,CN054,2022,median_cum_fpar1,crop_state_indicator,0.0,0.0,0.0,0.004754642766068187,0.0,0.0
25,CN054,2022,median_cum_fpar2,crop_state_indicator,44.245,41.121,1.2401746724890783,0.014614232222732332,0.0,0.0
25,CN054,2022,median_cum_fpar4,crop_state_indicator,181.625,170.278,1.502316960148287,0.02480748359547733,0.0,0.0
25,CN054,2022,median_cum_fpar5,crop_state_indicator,272.245,258.65,5.013941229649931,0.02292879073773341,-0.0006133333333329105,0.0
25,CN054,2022,median_cum_fpar7,crop_state_indicator,515.7025,482.0235,2.700585358030628,0.010151391945036756,-0.003596111111110467,0.0
25,CN054,2022,median_cum_ndvi1,crop_state_indicator,0.0,0.0,0.0,0.0018926787430466052,0.0,0.0
25,CN054,2022,median_cum_ndvi3,crop_state_indicator,1.8175,1.944,1.0541666666666683,0.07775865845935805,-0.015951111111110805,0.0
25,CN054,2022,median_cum_ndvi4,crop_state_indicator,2.791,3.057,1.2334499735170856,0.042772588758079676,-0.0030083333333328355,0.0
25,CN054,2022,median_cum_ndvi5,crop_state_indicator,3.6605,4.2425,2.0398879566646535,0.04374314802002847,-0.010355555555555007,0.0
25,CN054,2022,median_cum_ndvi6,crop_state_indicator,5.033,5.66,1.7178082191780806,0.0960538811272201,-0.04413666666666494,0.0
25,CN054,2022,median_cum_ndvi7,crop_state_indicator,6.2915,6.382,0.2469079752119819,0.010573265090748483,-0.016135000000000232,0.0
25,CN054,2022,mean_ssm1,water_proxy,5.103,5.641,2.627684339129113,0.0034913535319388996,0.0,0.0
25,CN054,2022,mean_ssm2,water_proxy,5.128285714285715,5.641,2.860271789164144,0.008875581083351567,-0.01744277777777903,0.0
25,CN054,2022,mean_ssm3,water_proxy,5.015322580645161,5.587935483870968,3.5199286139202792,0.00922396371680262,-0.006619444444444511,0.0
25,CN054,2022,mean_ssm4,water_proxy,5.2916,5.663266666666667,2.4977598566308337,0.0067618109092575564,-0.011390000000000455,0.0
25,CN054,2022,mean_ssm5,water_proxy,5.569870967741935,5.743677419354839,1.2034844762117436,0.005201215977148358,0.0,0.0
25,CN054,2022,mean_ssm6,water_proxy,5.889033333333333,5.9294,0.2890313636255315,0.010547055728646093,0.0,0.0
26,CN061,2022,median_cum_ndvi6,crop_state_indicator,6.3525,6.609500000000001,0.3226616446955437,0.0960538811272201,0.02038444444444476,0.0006317731147550016
26,CN061,2022,median_cum_ndvi5,crop_state_indicator,4.513999999999999,4.8025,0.4227106227106245,0.04374314802002847,0.006482222222222056,0.00011986078326551163
26,CN061,2022,mean_ssm3,water_proxy,4.172322580645162,3.910096774193548,0.7292545079393581,0.00922396371680262,0.013843888888890099,9.312254002880778e-05
26,CN061,2022,tmax>31.246p6,temperature_hazard,16.0,7.0,3.0,0.002320918318590675,0.012673888888888207,8.824518267001038e-05
26,CN061,2022,mean_rad5,radiation_hazard,22330707.06451613,20189084.16129032,0.9732530629795848,0.003184281803113454,0.016427777777776598,5.091152354458162e-05
26,CN061,2022,median_cum_ndvi7,crop_state_indicator,7.949,8.2585,0.3571840738603575,0.010573265090748483,0.011414444444443284,4.310781256627335e-05
26,CN061,2022,mean_tmin5,temperature_hazard,12.235903225806451,12.941225806451612,0.8883877783195169,0.014616805133365274,0.003049999999999997,3.9605442667607e-05
26,CN061,2022,mean_cum_cwb2,water_proxy,-11.591259259259258,-21.08788888888889,1.5411612699365391,0.0041840980289357555,0.005229444444442954,3.372139179269118e-05
26,CN061,2022,mean_ssm2,water_proxy,4.304555555555556,4.01062962962963,1.559770324718166,0.008875581083351567,0.0023399999999993426,3.239465109294444e-05
26,CN061,2022,max_cum_gdd6,temperature_hazard,1480.825,1377.675,1.1605013275730174,0.006982955454215601,0.0034094444444434657,2.762921407403526e-05
26,CN061,2022,mean_tmax6,temperature_hazard,31.28503333333333,28.8814,1.9341505284051266,0.00305739409224299,0.004647222222221359,2.7481164576712017e-05
26,CN061,2022,mean_tmax7,temperature_hazard,31.305857142857143,29.2005,1.3139470233308408,0.00363966370215959,0.005044999999999966,2.412683107482135e-05
26,CN061,2022,max_cum_gdd4,temperature_hazard,450.229,404.993,0.7525786916882942,0.01760477193860538,0.0017566666666670727,2.327403491602181e-05
26,CN061,2022,tmax>31.246p7,temperature_hazard,8.0,4.0,1.8257418583505536,0.0020777574082735907,0.005464444444443828,2.0729089519807736e-05
26,CN061,2022,max_cum_gdd2,temperature_hazard,1.5040000000000004,12.781,1.0876253762183996,0.006608761679829262,0.0027316666666665768,1.963482912134167e-05
26,CN061,2022,max_cum_gdd5,temperature_hazard,877.226,846.419,0.34936097345233147,0.00841312819342394,0.006624444444443434,1.947069069299322e-05
26,CN061,2022,max_cum_prec6,water_proxy,188.54,212.223,1.082948465864924,0.002025633146550257,0.0074033333333343165,1.6240368870313902e-05
26,CN061,2022,prec<0.037p3,water_proxy,10.0,9.0,0.4188539082916955,0.006804497505905538,0.004952222222222247,1.4114280886997866e-05
26,CN061,2022,mean_cum_cwb7,water_proxy,-422.4855714285714,-369.26885714285714,0.7090436532068719,0.0023356369493571423,0.005079444444444192,8.411908222010077e-06
26,CN061,2022,mean_tavg6,temperature_hazard,25.119966666666667,23.32643333333333,1.6281659454716086,0.004244286154210407,0.0009199999999989217,6.35757000478483e-06
26,CN061,2022,mean_prec3,water_proxy,1.027548387096774,0.5820967741935484,0.9580933879136888,0.0017709681352000184,0.0033222222222217823,5.636990058907598e-06
26,CN061,2022,max_cum_prec4,water_proxy,89.741,69.361,0.6434944506792977,0.0025774834576984635,0.0012199999999999989,2.0234874881309108e-06
26,CN061,2022,mean_rad7,radiation_hazard,20983072.92857143,19900803.46153846,0.23785903340046632,0.004447365874306189,0.0018738888888885086,1.9822861429669575e-06
26,CN061,2022,mean_cum_cwb6,water_proxy,-353.66813333333334,-331.7458,0.517475790690107,0.0032918749855547023,0.0009044444444441524,1.5406900081732401e-06
26,CN061,2022,mean_tmax3,temperature_hazard,15.723516129032255,14.96016129032258,0.35219002544983574,0.007683654374873957,0.00046277777777703477,1.2523259200270018e-06
26,CN061,2022,max_cum_prec3,water_proxy,43.713,32.475,0.7380677651014015,0.0019965079234693034,0.0007016666666661564,1.0339466289919452e-06
26,CN061,2022,awc,fixed_context,12.801,12.801,0.0,0.05426224280791961,0.0,0.0
26,CN061,2022,bulk_density,fixed_context,1.465,1.465,0.0,0.10370424155286671,0.0,0.0
26,CN061,2022,max_cum_gdd1,temperature_hazard,0.0,0.0,0.0,0.003954838977228606,0.0,0.0
26,CN061,2022,max_cum_gdd3,temperature_hazard,158.664,152.545,0.13633224160595322,0.020214929351852203,0.0,0.0
26,CN061,2022,max_cum_gdd7,temperature_hazard,1778.823,1660.822,1.3295737512816783,0.0066041715446388755,-0.006403333333333983,0.0
26,CN061,2022,max_cum_prec1,water_proxy,0.0,0.0,0.0,0.0006800477602364822,0.0,0.0
26,CN061,2022,max_cum_prec2,water_proxy,11.859,14.43,0.32215343464403534,0.0017777348797750419,-0.00032166666666721966,0.0
26,CN061,2022,max_cum_prec5,water_proxy,128.407,142.427,0.4544367022328814,0.001952212049775364,0.0,0.0
26,CN061,2022,max_cum_prec7,water_proxy,261.873,299.677,0.5159687721788506,0.004792508298079563,-0.0027511111111113706,0.0
26,CN061,2022,mean_cum_cwb1,water_proxy,0.0,0.0,0.0,0.0005611748506648037,0.0,0.0
26,CN061,2022,mean_cum_cwb3,water_proxy,-60.68774193548387,-70.00880645161291,0.5645785585469414,0.0019189010993987078,-0.001197222222222294,0.0
26,CN061,2022,mean_cum_cwb4,water_proxy,-140.07163333333335,-152.4109,0.31103499831861353,0.0028329431011265608,-0.0009650000000007708,0.0
26,CN061,2022,mean_cum_cwb5,water_proxy,-226.465,-223.5626129032258,0.055916500041852606,0.004330731671544896,0.0,0.0
26,CN061,2022,mean_prec1,water_proxy,0.0,0.0,0.0,0.0006356149152419931,0.0,0.0
26,CN061,2022,mean_prec2,water_proxy,0.4392222222222222,0.5153571428571428,0.2567336847015892,0.0024772599894613777,-0.00208555555555634,0.0
26,CN061,2022,mean_prec4,water_proxy,1.534266666666667,1.4245,0.13362821085095175,0.00237466337051435,0.0,0.0
26,CN061,2022,mean_prec5,water_proxy,1.247290322580645,1.5546451612903225,0.4665334649452141,0.0016144216931508212,-0.0006566666666669718,0.0
26,CN061,2022,mean_prec6,water_proxy,2.004433333333333,2.7606333333333333,0.8949818526116464,0.003021116335746942,-0.010267777777777987,0.0
26,CN061,2022,mean_prec7,water_proxy,5.238071428571429,3.6807142857142856,0.30536908051735384,0.0033973417928038954,-0.0016883333333339579,0.0
26,CN061,2022,mean_rad1,radiation_hazard,0.0,0.0,0.0,0.0043086705824463035,0.0,0.0
26,CN061,2022,mean_rad2,radiation_hazard,12751743.907407409,12851633.5,0.07776699904824384,0.0051929182370553835,0.0,0.0
26,CN061,2022,mean_rad3,radiation_hazard,15328468.193548389,16519850.129032258,0.9491880866740953,0.004245184333362696,-0.007840555555556072,0.0
26,CN061,2022,mean_rad4,radiation_hazard,19446945.633333333,19496912.83333333,0.02359540159216038,0.004179109607436093,0.0,0.0
26,CN061,2022,mean_rad6,radiation_hazard,24294558.916666668,21120658.7,1.2410118743298202,0.002816618668235694,-0.002529444444444806,0.0
26,CN061,2022,mean_tavg1,temperature_hazard,0.0,0.0,0.0,0.0014727122435304616,0.0,0.0
26,CN061,2022,mean_tavg2,temperature_hazard,-0.0038888888888889,2.1402592592592597,1.0925949142694606,0.007205119237766788,-0.002966111111111225,0.0
26,CN061,2022,mean_tavg3,temperature_hazard,10.000290322580646,8.872677419354838,0.745235151153372,0.006757762909017114,-0.0029533333333340295,0.0
26,CN061,2022,mean_tavg4,temperature_hazard,14.718833333333333,13.688866666666666,0.6115223242558591,0.004550618555119359,-0.0021677777777782126,0.0
26,CN061,2022,mean_tavg5,temperature_hazard,18.77409677419355,19.103451612903225,0.468024695866239,0.0025966691443671313,-0.008180000000001186,0.0
26,CN061,2022,mean_tavg7,temperature_hazard,26.285571428571423,24.19253846153846,2.083901463883688,0.004673401498541836,-0.008421111111112545,0.0
26,CN061,2022,mean_tmax1,temperature_hazard,0.0,0.0,0.0,0.002413764687523313,0.0,0.0
26,CN061,2022,mean_tmax2,temperature_hazard,5.176592592592592,7.666148148148148,1.0912595059569492,0.007233356156290362,0.0,0.0
26,CN061,2022,mean_tmax4,temperature_hazard,21.111766666666664,20.4076,0.40850211768184874,0.002243219107874039,-0.0002977777777788404,0.0
26,CN061,2022,mean_tmax5,temperature_hazard,24.922806451612903,24.87538709677419,0.05207863910439238,0.002883646908735911,0.0,0.0
26,CN061,2022,mean_tmin1,temperature_hazard,0.0,0.0,0.0,0.0016369422569999911,0.0,0.0
26,CN061,2022,mean_tmin2,temperature_hazard,-4.747962962962963,-2.951,1.425542229784114,0.00751611653558336,-0.0038450000000000983,0.0
26,CN061,2022,mean_tmin3,temperature_hazard,4.157935483870968,3.4376774193548387,0.6045869323874257,0.014290333581365368,-0.004423333333333446,0.0
26,CN061,2022,mean_tmin4,temperature_hazard,8.043866666666666,7.318799999999999,0.42336363105548985,0.0059823909338138,-0.0030561111111122585,0.0
26,CN061,2022,mean_tmin6,temperature_hazard,18.221966666666667,17.381700000000002,1.0992978936810445,0.010011071101378015,-0.004656111111111194,0.0
26,CN061,2022,mean_tmin7,temperature_hazard,21.14707142857143,19.515142857142852,1.4524546552626414,0.008980821930604123,-0.005510555555556351,0.0
26,CN061,2022,tmin<-4.027p1,temperature_hazard,0.0,0.0,0.0,0.00046533849524221766,0.0,0.0
26,CN061,2022,tmin<-4.027p2,temperature_hazard,17.0,12.0,1.1720180773462385,0.012962096209179923,-0.0016355555555565005,0.0
26,CN061,2022,tmin<-4.027p3,temperature_hazard,0.0,0.0,0.0,0.004439368893737348,0.0,0.0
26,CN061,2022,tmin<-4.027p4,temperature_hazard,0.0,0.0,0.0,0.0019039565997986104,0.0,0.0
26,CN061,2022,tmin<-4.027p5,temperature_hazard,0.0,0.0,0.0,0.0,0.0,0.0
26,CN061,2022,tmin<-4.027p6,temperature_hazard,0.0,0.0,0.0,0.0,0.0,0.0
26,CN061,2022,tmin<-4.027p7,temperature_hazard,0.0,0.0,0.0,0.0,0.0,0.0
26,CN061,2022,tmax>31.246p1,temperature_hazard,0.0,0.0,0.0,0.0,0.0,0.0
26,CN061,2022,tmax>31.246p2,temperature_hazard,0.0,0.0,0.0,0.00017665281034320485,0.0,0.0
26,CN061,2022,tmax>31.246p3,temperature_hazard,0.0,0.0,0.0,6.908349009589775e-05,0.0,0.0
26,CN061,2022,tmax>31.246p4,temperature_hazard,0.0,0.0,0.0,0.0006293053260611733,0.0,0.0
26,CN061,2022,tmax>31.246p5,temperature_hazard,0.0,2.0,1.8257418583505538,0.001469336899941713,-0.01588888888888995,0.0
26,CN061,2022,prec<0.037p1,water_proxy,0.0,0.0,0.0,0.0009295822938097154,0.0,0.0
26,CN061,2022,prec<0.037p2,water_proxy,7.0,14.0,1.1666666666666667,0.003741738289900092,-0.001349444444444181,0.0
26,CN061,2022,prec<0.037p4,water_proxy,10.0,10.0,0.0,0.025693230727512686,0.0,0.0
26,CN061,2022,prec<0.037p5,water_proxy,7.0,8.0,0.3333333333333333,0.009291164190086876,-0.0063205555555558846,0.0
26,CN061,2022,prec<0.037p6,water_proxy,8.0,6.0,0.6666666666666666,0.006946398603693774,-0.0005055555555557589,0.0
26,CN061,2022,prec<0.037p7,water_proxy,3.0,1.0,1.0,0.002173414183177829,-0.018058333333334176,0.0
26,CN061,2022,median_cum_fpar1,crop_state_indicator,0.0,0.0,0.0,0.004754642766068187,0.0,0.0
26,CN061,2022,median_cum_fpar2,crop_state_indicator,28.902,30.6365,0.16349326043924983,0.014614232222732332,0.0,0.0
26,CN061,2022,median_cum_fpar3,crop_state_indicator,86.61,88.71000000000001,0.09276028093113693,0.012008354361110548,0.0,0.0
26,CN061,2022,median_cum_fpar4,crop_state_indicator,184.394,185.851,0.04919638033495384,0.02480748359547733,0.0,0.0
26,CN061,2022,median_cum_fpar5,crop_state_indicator,306.511,307.659,0.028620577896336864,0.02292879073773341,0.0,0.0
26,CN061,2022,median_cum_fpar6,crop_state_indicator,434.772,433.329,0.031923366222733146,0.026248574424483553,0.0,0.0
26,CN061,2022,median_cum_fpar7,crop_state_indicator,566.3405,562.598,0.07093105899076163,0.010151391945036756,0.0,0.0
26,CN061,2022,median_cum_ndvi1,crop_state_indicator,0.0,0.0,0.0,0.0018926787430466052,0.0,0.0
26,CN061,2022,median_cum_ndvi2,crop_state_indicator,0.5865,0.595,0.05985915492957707,0.04771331548726668,0.0,0.0
26,CN061,2022,median_cum_ndvi3,crop_state_indicator,1.6095,1.7085,0.2890510948905107,0.07775865845935805,-0.010101111111111116,0.0
26,CN061,2022,median_cum_ndvi4,crop_state_indicator,2.918,3.109,0.40466101694915224,0.042772588758079676,0.0,0.0
26,CN061,2022,mean_ssm1,water_proxy,0.0,0.0,0.0,0.0034913535319388996,0.0,0.0
26,CN061,2022,mean_ssm4,water_proxy,3.8357,3.7505666666666655,0.21406420249769834,0.0067618109092575564,0.0,0.0
26,CN061,2022,mean_ssm5,water_proxy,3.813838709677419,3.8012258064516127,0.06366164178267193,0.005201215977148358,-0.0037316666666669107,0.0
26,CN061,2022,mean_ssm6,water_proxy,3.505233333333333,3.7713,2.306246635352127,0.010547055728646093,0.0,0.0
26,CN061,2022,mean_ssm7,water_proxy,3.968714285714285,3.936846153846154,0.044575266875195585,0.006821357782928302,-0.00409388888888973,0.0
27,CN062,2022,median_cum_ndvi2,crop_state_indicator,0.291,0.312,0.5526315789473693,0.04771331548726668,0.012378888888889605,0.00032640511709699013
27,CN062,2022,mean_prec6,water_proxy,0.9521333333333334,1.9825333333333333,2.018018018018017,0.003021116335746942,0.020011111111110758,0.00012200108474798318
27,CN062,2022,prec<0.037p5,water_proxy,8.0,6.0,1.348399724926484,0.009291164190086876,0.005898333333333561,7.389551876641624e-05
27,CN062,2022,mean_cum_cwb2,water_proxy,-8.836368421052631,-13.66236842105263,0.7515217877717681,0.0041840980289357555,0.021574999999999456,6.784131092705695e-05
27,CN062,2022,mean_rad6,radiation_hazard,24479036.33333333,22038614.8,3.429270368128271,0.002816618668235694,0.006689999999999863,6.461835501051947e-05
27,CN062,2022,mean_rad5,radiation_hazard,23410948.80645161,22740856.90322581,0.6093605000635223,0.003184281803113454,0.03141722222222132,6.096120990824284e-05
27,CN062,2022,mean_tmin3,temperature_hazard,-0.1409354838709677,-0.9039354838709676,0.4962445451493789,0.014290333581365368,0.008200555555555766,5.8154240444836594e-05
27,CN062,2022,mean_ssm6,water_proxy,2.8119666666666663,3.117633333333333,1.5208056561952688,0.010547055728646093,0.003007222222221273,4.8235910628373354e-05
27,CN062,2022,mean_cum_cwb7,water_proxy,-530.355,-472.52938095238096,1.6554195811345584,0.0023356369493571423,0.010948333333334226,4.233128348867596e-05
27,CN062,2022,mean_tmax2,temperature_hazard,2.346421052631579,5.174,1.1439960648784009,0.007233356156290362,0.004773888888887079,3.950360105533308e-05
27,CN062,2022,mean_prec7,water_proxy,3.3586666666666667,1.9341428571428572,0.7274022632994375,0.0033973417928038954,0.01416611111111088,3.500777697373133e-05
27,CN062,2022,tmax>31.246p6,temperature_hazard,7.0,1.0,3.6514837167011076,0.002320918318590675,0.0034561111111113263,2.9289834712667984e-05
27,CN062,2022,mean_tavg3,temperature_hazard,6.670290322580645,5.804870967741936,0.3396207306884068,0.006757762909017114,0.01251277777777915,2.8717780688173788e-05
27,CN062,2022,max_cum_gdd3,temperature_hazard,69.812,57.263,0.23344805134406102,0.020214929351852203,0.0057772222222221,2.7263496590394673e-05
27,CN062,2022,median_cum_fpar4,crop_state_indicator,78.79599999999999,80.589,0.2836127807655814,0.02480748359547733,0.0034366666666674206,2.417942235969022e-05
27,CN062,2022,max_cum_prec3,water_proxy,21.887,14.816,1.2492560886126125,0.0019965079234693034,0.00904222222222284,2.255265565623501e-05
27,CN062,2022,mean_ssm5,water_proxy,2.9463548387096776,3.0985806451612903,0.691720882085435,0.005201215977148358,0.0042999999999997485,1.5470495725607752e-05
27,CN062,2022,mean_tmax7,temperature_hazard,28.23847619047619,26.959285714285716,0.9973044972227834,0.00363966370215959,0.004168888888889555,1.5132453750547584e-05
27,CN062,2022,mean_ssm2,water_proxy,3.345263157894737,3.2726,0.5742928452579023,0.008875581083351567,0.002931666666666999,1.494324065559278e-05
27,CN062,2022,mean_tavg7,temperature_hazard,22.496428571428574,21.73652380952381,0.773347347648692,0.004673401498541836,0.0033450000000003755,1.20893740756068e-05
27,CN062,2022,median_cum_fpar2,crop_state_indicator,15.899,16.039,0.14152917429918035,0.014614232222732332,0.004293333333333038,8.880074009051788e-06
27,CN062,2022,prec<0.037p3,water_proxy,8.0,11.0,0.7233642332556183,0.006804497505905538,0.0017727777777771792,8.725842897923587e-06
27,CN062,2022,prec<0.037p7,water_proxy,2.0,0.0,2.2360679774997894,0.002173414183177829,0.001767222222220255,8.588526559230922e-06
27,CN062,2022,median_cum_fpar7,crop_state_indicator,395.211,391.873,0.12796871705418988,0.010151391945036756,0.004526111111111675,5.879692631601985e-06
27,CN062,2022,max_cum_prec7,water_proxy,176.045,203.74,0.6729764537214791,0.004792508298079563,0.0014216666666664324,4.5852236479294286e-06
27,CN062,2022,mean_tavg4,temperature_hazard,10.972533333333333,11.201533333333334,0.17251356853719257,0.004550618555119359,0.0057205555555555065,4.4908846463403015e-06
27,CN062,2022,max_cum_gdd5,temperature_hazard,607.803,555.991,0.5124776213885126,0.00841312819342394,0.0006622222222221197,2.85519755033457e-06
27,CN062,2022,mean_ssm7,water_proxy,3.209238095238096,3.49347619047619,0.6287393612538937,0.006821357782928302,0.0005705555555559627,2.4470306949885952e-06
27,CN062,2022,mean_tmin7,temperature_hazard,16.676142857142857,16.295761904761907,0.531538002485536,0.008980821930604123,0.0005066666666664332,2.4186483958325016e-06
27,CN062,2022,mean_prec3,water_proxy,0.4636129032258064,0.2841290322580645,1.1355123984933855,0.0017709681352000184,0.001014999999999766,2.0411206189787058e-06
27,CN062,2022,max_cum_gdd4,temperature_hazard,248.988,261.466,0.15826790629241133,0.01760477193860538,0.0005688888888890631,1.5850782694282363e-06
27,CN062,2022,mean_prec2,water_proxy,0.3955263157894737,0.3162105263157895,0.6615452151009659,0.0024772599894613777,0.0009050000000003777,1.4831316407938844e-06
27,CN062,2022,mean_rad4,radiation_hazard,21061177.866666667,20955316.683333334,0.06870463178889356,0.004179109607436093,0.0034200000000002007,9.819647188024468e-07
27,CN062,2022,max_cum_gdd7,temperature_hazard,1479.896,1383.535,0.8311711836044622,0.0066041715446388755,0.00016833333333376999,9.240148417156049e-07
27,CN062,2022,mean_tmax6,temperature_hazard,28.115366666666667,26.334766666666667,2.593932246389321,0.00305739409224299,8.555555555567196e-05,6.785131452073409e-07
27,CN062,2022,mean_cum_cwb3,water_proxy,-62.723419354838704,-70.4391935483871,0.8612386598765196,0.0019189010993987078,0.0003561111111105575,5.885205505721876e-07
27,CN062,2022,mean_tmax4,temperature_hazard,17.435499999999998,17.964466666666667,0.29352553101816065,0.002243219107874039,0.0003377777777773261,2.2240710251965684e-07
27,CN062,2022,awc,fixed_context,12.84,12.84,0.0,0.05426224280791961,0.0,0.0
27,CN062,2022,bulk_density,fixed_context,1.465,1.465,0.0,0.10370424155286671,0.0,0.0
27,CN062,2022,max_cum_gdd1,temperature_hazard,0.0,0.0,0.0,0.003954838977228606,0.0,0.0
27,CN062,2022,max_cum_gdd2,temperature_hazard,0.0,0.0,0.0,0.006608761679829262,0.0,0.0
27,CN062,2022,max_cum_gdd6,temperature_hazard,1112.471,1005.875,0.918693441351374,0.006982955454215601,-0.009809444444444537,0.0
27,CN062,2022,max_cum_prec1,water_proxy,0.0,0.0,0.0,0.0006800477602364822,0.0,0.0
27,CN062,2022,max_cum_prec2,water_proxy,7.515000000000001,6.008,0.6615452151009661,0.0017777348797750419,0.0,0.0
27,CN062,2022,max_cum_prec4,water_proxy,49.398,44.476,0.20620025136154185,0.0025774834576984635,0.0,0.0
27,CN062,2022,max_cum_prec5,water_proxy,76.949,84.258,0.21564288664660405,0.001952212049775364,0.0,0.0
27,CN062,2022,max_cum_prec6,water_proxy,105.513,128.73,1.146178909952605,0.002025633146550257,-0.0037294444444437858,0.0
27,CN062,2022,mean_cum_cwb1,water_proxy,0.0,0.0,0.0,0.0005611748506648037,0.0,0.0
27,CN062,2022,mean_cum_cwb4,water_proxy,-158.77466666666666,-169.1125,0.3909181797674968,0.0028329431011265608,0.0,0.0
27,CN062,2022,mean_cum_cwb5,water_proxy,-266.0689032258065,-281.0153548387097,0.23710540428789567,0.004330731671544896,-0.002655555555555189,0.0
27,CN062,2022,mean_cum_cwb6,water_proxy,-413.1422,-416.7716,0.05874196952465585,0.0032918749855547023,0.0,0.0
27,CN062,2022,mean_prec1,water_proxy,0.0,0.0,0.0,0.0006356149152419931,0.0,0.0
27,CN062,2022,mean_prec4,water_proxy,0.9170333333333331,0.9834,0.09755022048015716,0.00237466337051435,0.0,0.0
27,CN062,2022,mean_prec5,water_proxy,0.888741935483871,1.1686129032258066,1.0890500808318726,0.0016144216931508212,0.0,0.0
27,CN062,2022,mean_rad1,radiation_hazard,0.0,0.0,0.0,0.0043086705824463035,0.0,0.0
27,CN062,2022,mean_rad2,radiation_hazard,14961799.0,14875319.842105264,0.14484976842914646,0.0051929182370553835,0.0,0.0
27,CN062,2022,mean_rad3,radiation_hazard,17758102.419354837,18609420.870967746,1.145210462589076,0.004245184333362696,-0.0026011111111117202,0.0
27,CN062,2022,mean_rad7,radiation_hazard,21331219.214285716,21748647.6,0.15832733043222946,0.004447365874306189,-0.0006750000000002032,0.0
27,CN062,2022,mean_tavg1,temperature_hazard,0.0,0.0,0.0,0.0014727122435304616,0.0,0.0
27,CN062,2022,mean_tavg2,temperature_hazard,-3.513,-1.6176315789473683,1.0303767274974167,0.007205119237766788,-0.01790499999999895,0.0
27,CN062,2022,mean_tavg5,temperature_hazard,16.574677419354842,16.132870967741933,0.48645440985648,0.0025966691443671313,0.0,0.0
27,CN062,2022,mean_tavg6,temperature_hazard,21.822266666666668,20.34593333333333,2.784051287756738,0.004244286154210407,-0.0008077777777781847,0.0
27,CN062,2022,mean_tmax1,temperature_hazard,0.0,0.0,0.0,0.002413764687523313,0.0,0.0
27,CN062,2022,mean_tmax3,temperature_hazard,12.993193548387096,12.209032258064516,0.24244026010292385,0.007683654374873957,0.0,0.0
27,CN062,2022,mean_tmax5,temperature_hazard,22.936709677419355,22.494935483870968,0.4095362576593151,0.002883646908735911,0.0,0.0
27,CN062,2022,mean_tmin1,temperature_hazard,0.0,0.0,0.0,0.0016369422569999911,0.0,0.0
27,CN062,2022,mean_tmin2,temperature_hazard,-9.06315789473684,-7.439736842105263,0.9728447386776706,0.00751611653558336,0.0,0.0
27,CN062,2022,mean_tmin4,temperature_hazard,4.0324333333333335,3.8247333333333335,0.2307288311102862,0.0059823909338138,-0.01004333333333296,0.0
27,CN062,2022,mean_tmin5,temperature_hazard,9.38816129032258,9.28632258064516,0.17791066738763342,0.014616805133365274,0.0,0.0
27,CN062,2022,mean_tmin6,temperature_hazard,14.609833333333334,14.035933333333332,1.572474656234504,0.010011071101378015,-0.00791388888888811,0.0
27,CN062,2022,tmin<-4.027p1,temperature_hazard,0.0,0.0,0.0,0.00046533849524221766,0.0,0.0
27,CN062,2022,tmin<-4.027p2,temperature_hazard,19.0,16.0,0.9128709291752768,0.012962096209179923,-0.004996111111110757,0.0
27,CN062,2022,tmin<-4.027p3,temperature_hazard,4.0,3.0,0.3333333333333333,0.004439368893737348,-0.004595555555555464,0.0
27,CN062,2022,tmin<-4.027p4,temperature_hazard,0.0,0.0,0.0,0.0019039565997986104,0.0,0.0
27,CN062,2022,tmin<-4.027p5,temperature_hazard,0.0,0.0,0.0,0.0,0.0,0.0
27,CN062,2022,tmin<-4.027p6,temperature_hazard,0.0,0.0,0.0,0.0,0.0,0.0
27,CN062,2022,tmin<-4.027p7,temperature_hazard,0.0,0.0,0.0,0.0,0.0,0.0
27,CN062,2022,tmax>31.246p1,temperature_hazard,0.0,0.0,0.0,0.0,0.0,0.0
27,CN062,2022,tmax>31.246p2,temperature_hazard,0.0,0.0,0.0,0.00017665281034320485,0.0,0.0
27,CN062,2022,tmax>31.246p3,temperature_hazard,0.0,0.0,0.0,6.908349009589775e-05,0.0,0.0
27,CN062,2022,tmax>31.246p4,temperature_hazard,0.0,0.0,0.0,0.0006293053260611733,0.0,0.0
27,CN062,2022,tmax>31.246p5,temperature_hazard,0.0,0.0,0.0,0.001469336899941713,0.0,0.0
27,CN062,2022,tmax>31.246p7,temperature_hazard,4.0,2.0,0.7968190728895957,0.0020777574082735907,-0.0025255555555556697,0.0
27,CN062,2022,prec<0.037p1,water_proxy,0.0,0.0,0.0,0.0009295822938097154,0.0,0.0
27,CN062,2022,prec<0.037p2,water_proxy,7.0,7.0,0.0,0.003741738289900092,0.0,0.0
27,CN062,2022,prec<0.037p4,water_proxy,8.0,10.0,0.4,0.025693230727512686,-0.001134444444445215,0.0
27,CN062,2022,prec<0.037p6,water_proxy,8.0,2.0,3.0,0.006946398603693774,-0.00101777777777734,0.0
27,CN062,2022,median_cum_fpar1,crop_state_indicator,0.0,0.0,0.0,0.004754642766068187,0.0,0.0
27,CN062,2022,median_cum_fpar3,crop_state_indicator,42.521,43.224,0.2813576449609896,0.012008354361110548,0.0,0.0
27,CN062,2022,median_cum_fpar5,crop_state_indicator,136.118,142.926,0.6719305171733131,0.02292879073773341,-0.001000000000000334,0.0
27,CN062,2022,median_cum_fpar6,crop_state_indicator,240.138,249.524,0.6509918157858227,0.026248574424483553,0.0,0.0
27,CN062,2022,median_cum_ndvi1,crop_state_indicator,0.0,0.0,0.0,0.0018926787430466052,0.0,0.0
27,CN062,2022,median_cum_ndvi3,crop_state_indicator,0.806,0.855,0.6049382716049377,0.07775865845935805,-0.003306666666667013,0.0
27,CN062,2022,median_cum_ndvi4,crop_state_indicator,1.395,1.389,0.04800000000000004,0.042772588758079676,-0.0035999999999996035,0.0
27,CN062,2022,median_cum_ndvi5,crop_state_indicator,2.243,2.305,0.35327635327635487,0.04374314802002847,-0.0067894444444442925,0.0
27,CN062,2022,median_cum_ndvi6,crop_state_indicator,3.704,3.7985,0.553456007925636,0.0960538811272201,-0.0008811111111119985,0.0
27,CN062,2022,median_cum_ndvi7,crop_state_indicator,5.397,5.581,0.8121384563655929,0.010573265090748483,-0.0010283333333331868,0.0
27,CN062,2022,mean_ssm1,water_proxy,0.0,0.0,0.0,0.0034913535319388996,0.0,0.0
27,CN062,2022,mean_ssm3,water_proxy,3.1340322580645164,2.9674193548387096,0.7787997587454789,0.00922396371680262,0.0,0.0
27,CN062,2022,mean_ssm4,water_proxy,2.745566666666667,2.9572333333333334,0.49113313634173755,0.0067618109092575564,-0.004720555555555173,0.0
28,CN063,2022,median_cum_ndvi3,crop_state_indicator,0.669,0.5885,2.951025298225634,0.07775865845935805,0.18587222222222266,0.042651684016654305
28,CN063,2022,median_cum_ndvi2,crop_state_indicator,0.2289999999999999,0.1925,3.573968416157747,0.04771331548726668,0.14911166666667075,0.02542739856155653
28,CN063,2022,median_cum_fpar7,crop_state_indicator,361.278,392.659,2.725273959706541,0.010151391945036756,0.1851194444444495,0.005121389431948268
28,CN063,2022,median_cum_ndvi4,crop_state_indicator,1.268,1.124,1.7555493637497532,0.042772588758079676,0.035097777777781225,0.0026354707580911693
28,CN063,2022,max_cum_gdd3,temperature_hazard,39.711,7.875,3.8677892930371542,0.020214929351852203,0.017397222222220954,0.0013602381327810496
28,CN063,2022,prec<0.037p6,water_proxy,3.0,0.0,6.7082039324993685,0.006946398603693774,0.02717555555555773,0.001266322690534661
28,CN063,2022,mean_tavg3,temperature_hazard,4.915387096774194,1.6311612903225807,4.113310706908264,0.006757762909017114,0.043578888888892386,0.0012113527229586256
28,CN063,2022,median_cum_fpar6,crop_state_indicator,233.812,262.525,1.736813452697798,0.026248574424483553,0.020451111111111864,0.0009323431925282161
28,CN063,2022,median_cum_fpar3,crop_state_indicator,43.555,36.807,2.8825288338316937,0.012008354361110548,0.021000555555556133,0.0007269222117857912
28,CN063,2022,median_cum_fpar4,crop_state_indicator,81.177,74.624,1.7398704237325517,0.02480748359547733,0.010389444444444784,0.000448427195896416
28,CN063,2022,mean_ssm2,water_proxy,4.598111111111112,4.148111111111111,3.145631067961169,0.008875581083351567,0.014413333333332723,0.00040241022925013056
28,CN063,2022,median_cum_fpar2,crop_state_indicator,16.226,13.605999999999998,3.1719128329297814,0.014614232222732332,0.008383888888888968,0.0003886357624427831
28,CN063,2022,mean_tavg6,temperature_hazard,17.205133333333333,15.2386,2.391600454029519,0.004244286154210407,0.03206333333333422,0.00032546324784736623
28,CN063,2022,median_cum_ndvi6,crop_state_indicator,3.3375000000000004,3.261,0.39030612244898133,0.0960538811272201,0.007925000000000182,0.0002971115617698616
28,CN063,2022,max_cum_gdd6,temperature_hazard,730.595,661.438,2.2647116004413044,0.006982955454215601,0.016587777777778534,0.00026232542482457287
28,CN063,2022,median_cum_ndvi5,crop_state_indicator,2.0785,1.9645,0.5968586387434566,0.04374314802002847,0.009647777777779254,0.00025188877245728984
28,CN063,2022,tmin<-4.027p3,temperature_hazard,7.0,16.0,2.347382389307855,0.004439368893737348,0.01965944444444645,0.00020486903306648463
28,CN063,2022,mean_cum_cwb5,water_proxy,-229.0964193548387,-197.51712903225803,1.940178884636649,0.004330731671544896,0.02195055555555747,0.00018443721946104384
28,CN063,2022,max_cum_gdd7,temperature_hazard,1009.887,900.383,3.6239344422912656,0.0066041715446388755,0.007630000000000692,0.0001826094364396862
28,CN063,2022,mean_tmin3,temperature_hazard,-2.4562580645161294,-4.489096774193548,3.2933031931067163,0.014290333581365368,0.003872777777778502,0.00018226222159074902
28,CN063,2022,mean_tmin6,temperature_hazard,11.177766666666663,10.218833333333333,1.2942817294281697,0.010011071101378015,0.013888333333334835,0.00017995316850923012
28,CN063,2022,prec<0.037p3,water_proxy,14.0,9.0,2.5,0.006804497505905538,0.009043333333334402,0.00015383834777936588
28,CN063,2022,mean_cum_cwb4,water_proxy,-154.88976666666667,-119.15603333333334,1.9051251201797046,0.0028329431011265608,0.02677555555555866,0.00014451064718709643
28,CN063,2022,median_cum_fpar5,crop_state_indicator,139.906,148.88,0.779263633205972,0.02292879073773341,0.007687222222220846,0.00013735200249547725
28,CN063,2022,mean_tavg7,temperature_hazard,18.299619047619046,16.8813,2.428658040920974,0.004673401498541836,0.00852000000000075,9.670280196959518e-05
28,CN063,2022,median_cum_ndvi7,crop_state_indicator,4.665,4.789,0.6326530612244889,0.010573265090748483,0.01407444444444561,9.41468937877592e-05
28,CN063,2022,max_cum_prec4,water_proxy,46.536,56.64,0.7756198664312585,0.0025774834576984635,0.04693333333333527,9.382665014220107e-05
28,CN063,2022,mean_tmax6,temperature_hazard,22.93423333333333,21.338266666666662,1.1572523143112667,0.00305739409224299,0.024652777777778745,8.72258762568421e-05
28,CN063,2022,prec<0.037p5,water_proxy,3.0,5.0,0.7726674092862558,0.009291164190086876,0.006727777777778776,4.8298580523414256e-05
28,CN063,2022,prec<0.037p4,water_proxy,7.0,8.0,0.5,0.025693230727512686,0.003115000000001089,4.0017206858115e-05
28,CN063,2022,mean_cum_cwb7,water_proxy,-395.6919523809525,-311.6545238095238,1.5686131636653085,0.0023356369493571423,0.010745000000000005,3.936657323695398e-05
28,CN063,2022,mean_tmin7,temperature_hazard,12.905380952380952,12.037857142857144,1.1565836601100297,0.008980821930604123,0.002626111111111662,2.7277604926653105e-05
28,CN063,2022,max_cum_prec5,water_proxy,89.349,127.529,1.5469536113864155,0.001952212049775364,0.0037738888888894095,1.1397074554258225e-05
28,CN063,2022,mean_rad7,radiation_hazard,21092900.69047619,19333279.52380952,0.7637412520424445,0.004447365874306189,0.0031677777777794347,1.0759790514462812e-05
28,CN063,2022,mean_rad3,radiation_hazard,19546198.70967742,19135476.451612905,0.570054617525272,0.004245184333362696,0.004347222222222946,1.052022096601614e-05
28,CN063,2022,mean_cum_cwb2,water_proxy,-10.226833333333332,-11.398888888888887,0.2849482698073961,0.0041840980289357555,0.004343333333332922,5.178345655822386e-06
28,CN063,2022,prec<0.037p2,water_proxy,7.0,8.0,0.5,0.003741738289900092,0.0021566666666670287,4.034841122609609e-06
28,CN063,2022,mean_cum_cwb3,water_proxy,-64.71254838709677,-44.88451612903226,1.6510932631352748,0.0019189010993987078,0.001093333333335167,3.4639912477776287e-06
28,CN063,2022,mean_tmin4,temperature_hazard,1.2413666666666667,0.9488333333333332,0.31651284545443187,0.0059823909338138,0.001280000000000392,2.4236845786659605e-06
28,CN063,2022,mean_prec3,water_proxy,0.2302903225806451,0.7581935483870968,1.0796991489080958,0.0017709681352000184,0.0010833333333346573,2.0714555206812504e-06
28,CN063,2022,mean_tmax4,temperature_hazard,13.9834,13.639633333333334,0.30616910105688105,0.002243219107874039,0.002297777777777732,1.5781238368317044e-06
28,CN063,2022,prec<0.037p7,water_proxy,1.0,0.0,1.0,0.002173414183177829,0.00013666666666622973,2.9703327170002033e-07
28,CN063,2022,mean_rad5,radiation_hazard,22982439.451612905,23112840.612903222,0.07553573434947883,0.003184281803113454,0.0008961111111105424,2.1553897490821424e-07
28,CN063,2022,awc,fixed_context,13.39,13.39,0.0,0.05426224280791961,0.0,0.0
28,CN063,2022,bulk_density,fixed_context,1.445,1.445,0.0,0.10370424155286671,0.0,0.0
28,CN063,2022,max_cum_gdd1,temperature_hazard,0.0,0.0,0.0,0.003954838977228606,0.0,0.0
28,CN063,2022,max_cum_gdd2,temperature_hazard,0.0,0.0,0.0,0.006608761679829262,0.0,0.0
28,CN063,2022,max_cum_gdd4,temperature_hazard,131.945,103.499,1.1571551390511958,0.01760477193860538,0.0,0.0
28,CN063,2022,max_cum_gdd5,temperature_hazard,364.441,330.913,1.1734565308693812,0.00841312819342394,-0.0062883333333347835,0.0
28,CN063,2022,max_cum_prec1,water_proxy,0.0,0.0,0.0,0.0006800477602364822,0.0,0.0
28,CN063,2022,max_cum_prec2,water_proxy,6.965,6.888,0.02172073342736247,0.0017777348797750419,0.0,0.0
28,CN063,2022,max_cum_prec3,water_proxy,14.104,33.627,1.239712979425959,0.0019965079234693034,-0.006113333333334303,0.0
28,CN063,2022,max_cum_prec6,water_proxy,146.383,185.662,0.7363477869636129,0.002025633146550257,-6.333333333419233e-05,0.0
28,CN063,2022,max_cum_prec7,water_proxy,211.973,253.962,0.9076572431292667,0.004792508298079563,-0.001781666666665238,0.0
28,CN063,2022,mean_cum_cwb1,water_proxy,0.0,0.0,0.0,0.0005611748506648037,0.0,0.0
28,CN063,2022,mean_cum_cwb6,water_proxy,-320.0596,-262.7080666666667,1.602367746739259,0.0032918749855547023,-0.012322777777779237,0.0
28,CN063,2022,mean_prec1,water_proxy,0.0,0.0,0.0,0.0006356149152419931,0.0,0.0
28,CN063,2022,mean_prec2,water_proxy,0.3869444444444444,0.3625263157894737,0.1239848563581024,0.0024772599894613777,0.0,0.0
28,CN063,2022,mean_prec4,water_proxy,1.0810666666666668,1.0335666666666667,0.17137149449528308,0.00237466337051435,0.0,0.0
28,CN063,2022,mean_prec5,water_proxy,1.3810645161290322,1.9434838709677416,0.6798909047097741,0.0016144216931508212,-0.013138888888890143,0.0
28,CN063,2022,mean_prec6,water_proxy,1.9011333333333331,1.8586666666666667,0.04774400015610278,0.003021116335746942,0.0,0.0
28,CN063,2022,mean_prec7,water_proxy,3.123333333333333,3.2523809523809524,0.2490828821063272,0.0033973417928038954,-0.0010383333333328082,0.0
28,CN063,2022,mean_rad1,radiation_hazard,0.0,0.0,0.0,0.0043086705824463035,0.0,0.0
28,CN063,2022,mean_rad2,radiation_hazard,16450694.666666666,16456735.666666666,0.011548818019291349,0.0051929182370553835,0.0,0.0
28,CN063,2022,mean_rad4,radiation_hazard,22302070.03333333,22663029.466666665,0.764432758902044,0.004179109607436093,0.0,0.0
28,CN063,2022,mean_rad6,radiation_hazard,23380007.85,22893387.5,0.20429311771734243,0.002816618668235694,0.0,0.0
28,CN063,2022,mean_tavg1,temperature_hazard,0.0,0.0,0.0,0.0014727122435304616,0.0,0.0
28,CN063,2022,mean_tavg2,temperature_hazard,-4.9015,-2.351166666666667,1.1210973347637134,0.007205119237766788,-0.011556666666666437,0.0
28,CN063,2022,mean_tavg4,temperature_hazard,7.819566666666666,7.597666666666667,0.17622766379880803,0.004550618555119359,0.0,0.0
28,CN063,2022,mean_tavg5,temperature_hazard,12.42893548387097,12.196516129032258,0.26325355496689584,0.0025966691443671313,0.0,0.0
28,CN063,2022,mean_tmax1,temperature_hazard,0.0,0.0,0.0,0.002413764687523313,0.0,0.0
28,CN063,2022,mean_tmax2,temperature_hazard,0.6605,3.8906111111111112,1.4061003136809318,0.007233356156290362,-0.006110555555557617,0.0
28,CN063,2022,mean_tmax3,temperature_hazard,11.509548387096777,7.517032258064516,4.077754348972067,0.007683654374873957,-0.00488944444444428,0.0
28,CN063,2022,mean_tmax5,temperature_hazard,18.673548387096773,18.0,0.45733309970211966,0.002883646908735911,-0.0018966666666662135,0.0
28,CN063,2022,mean_tmax7,temperature_hazard,24.115714285714287,22.39304761904762,1.7442370650376278,0.00363966370215959,0.0,0.0
28,CN063,2022,mean_tmin1,temperature_hazard,0.0,0.0,0.0,0.0016369422569999911,0.0,0.0
28,CN063,2022,mean_tmin2,temperature_hazard,-10.148444444444443,-8.783111111111111,0.655814698190745,0.00751611653558336,-0.007802777777778935,0.0
28,CN063,2022,mean_tmin5,temperature_hazard,6.221677419354839,6.271064516129032,0.13384575510401167,0.014616805133365274,0.0,0.0
28,CN063,2022,tmin<-4.027p1,temperature_hazard,0.0,0.0,0.0,0.00046533849524221766,0.0,0.0
28,CN063,2022,tmin<-4.027p2,temperature_hazard,18.0,18.0,0.0,0.012962096209179923,0.0,0.0
28,CN063,2022,tmin<-4.027p4,temperature_hazard,0.0,0.0,0.0,0.0019039565997986104,0.0,0.0
28,CN063,2022,tmin<-4.027p5,temperature_hazard,0.0,0.0,0.0,0.0,0.0,0.0
28,CN063,2022,tmin<-4.027p6,temperature_hazard,0.0,0.0,0.0,0.0,0.0,0.0
28,CN063,2022,tmin<-4.027p7,temperature_hazard,0.0,0.0,0.0,0.0,0.0,0.0
28,CN063,2022,tmax>31.246p1,temperature_hazard,0.0,0.0,0.0,0.0,0.0,0.0
28,CN063,2022,tmax>31.246p2,temperature_hazard,0.0,0.0,0.0,0.00017665281034320485,0.0,0.0
28,CN063,2022,tmax>31.246p3,temperature_hazard,0.0,0.0,0.0,6.908349009589775e-05,0.0,0.0
28,CN063,2022,tmax>31.246p4,temperature_hazard,0.0,0.0,0.0,0.0006293053260611733,0.0,0.0
28,CN063,2022,tmax>31.246p5,temperature_hazard,0.0,0.0,0.0,0.001469336899941713,0.0,0.0
28,CN063,2022,tmax>31.246p6,temperature_hazard,0.0,0.0,0.0,0.002320918318590675,0.0,0.0
28,CN063,2022,tmax>31.246p7,temperature_hazard,1.0,0.0,999999999.9999999,0.0020777574082735907,-0.0032799999999992835,0.0
28,CN063,2022,prec<0.037p1,water_proxy,0.0,0.0,0.0,0.0009295822938097154,0.0,0.0
28,CN063,2022,median_cum_fpar1,crop_state_indicator,0.0,0.0,0.0,0.004754642766068187,0.0,0.0
28,CN063,2022,median_cum_ndvi1,crop_state_indicator,0.0,0.0,0.0,0.0018926787430466052,0.0,0.0
28,CN063,2022,mean_ssm1,water_proxy,0.0,0.0,0.0,0.0034913535319388996,0.0,0.0
28,CN063,2022,mean_ssm3,water_proxy,4.313677419354838,4.174838709677419,1.4266343818800906,0.00922396371680262,0.0,0.0
28,CN063,2022,mean_ssm4,water_proxy,4.0251,4.0466,0.2737763679417023,0.0067618109092575564,0.0,0.0
28,CN063,2022,mean_ssm5,water_proxy,4.143935483870967,4.072129032258065,0.5282392026577986,0.005201215977148358,0.0,0.0
28,CN063,2022,mean_ssm6,water_proxy,4.137566666666666,4.1039666666666665,0.10842207163601088,0.010547055728646093,0.0,0.0
28,CN063,2022,mean_ssm7,water_proxy,4.360190476190477,4.393619047619048,0.1250186714513517,0.006821357782928302,0.0,0.0
29,CN064,2022,median_cum_ndvi3,crop_state_indicator,0.6855,0.645,0.44999999999999996,0.07775865845935805,0.1330600000000004,0.004655955192570995
29,CN064,2022,median_cum_ndvi6,crop_state_indicator,3.0715,2.888,0.8448807589439115,0.0960538811272201,0.024166111111111555,0.0019611784174038867
29,CN064,2022,median_cum_fpar4,crop_state_indicator,72.713,66.975,1.0089678213469295,0.02480748359547733,0.07400333333333453,0.0018522999312313238
29,CN064,2022,median_cum_ndvi2,crop_state_indicator,0.252,0.238,0.41757570277780304,0.04771331548726668,0.07334888888888802,0.0014613974857371403
29,CN064,2022,max_cum_gdd3,temperature_hazard,114.437,67.245,0.9400235045714399,0.020214929351852203,0.043854444444446194,0.0008333444635799633
29,CN064,2022,median_cum_fpar6,crop_state_indicator,212.312,199.142,1.1033847184986603,0.026248574424483553,0.020616666666666283,0.0005971055881867697
29,CN064,2022,mean_tmin3,temperature_hazard,1.3548387096774193,-0.6865806451612902,1.9911273322216279,0.014290333581365368,0.015286111111112,0.00043494907614907436
29,CN064,2022,mean_ssm2,water_proxy,3.5504285714285717,2.9633636363636366,2.6208509281359054,0.008875581083351567,0.015301111111111432,0.00035592794247108893
29,CN064,2022,max_cum_gdd6,temperature_hazard,1297.113,1178.169,2.3781351620931317,0.006982955454215601,0.02142722222222293,0.0003558292781164975
29,CN064,2022,max_cum_gdd5,temperature_hazard,741.498,664.63,1.8107962608516224,0.00841312819342394,0.022187777777778805,0.00033801883689005177
29,CN064,2022,median_cum_ndvi5,crop_state_indicator,1.8655,1.806,0.30279898218829443,0.04374314802002847,0.020183333333333664,0.0002673359337582006
29,CN064,2022,median_cum_ndvi4,crop_state_indicator,1.181,1.118,0.463235294117647,0.042772588758079676,0.013386111111111987,0.00026522936334124925
29,CN064,2022,prec<0.037p6,water_proxy,14.0,10.0,2.3094010767585034,0.006946398603693774,0.012377222222221818,0.00019855565156943057
29,CN064,2022,median_cum_fpar2,crop_state_indicator,14.7765,14.029,0.9093673965936735,0.014614232222732332,0.01491055555555576,0.0001981569042463327
29,CN064,2022,median_cum_fpar3,crop_state_indicator,39.655,36.919,0.9460580912863075,0.012008354361110548,0.011728333333334007,0.00013324091312395489
29,CN064,2022,mean_tmax3,temperature_hazard,14.953967741935482,12.624548387096771,1.3052463047315037,0.007683654374873957,0.013133333333334996,0.00013171500743259948
29,CN064,2022,median_cum_fpar5,crop_state_indicator,120.131,108.684,1.2687874085568605,0.02292879073773341,0.004241666666667143,0.0001233975528297547
29,CN064,2022,mean_tmin7,temperature_hazard,18.49427777777778,17.128,1.8528279854551295,0.008980821930604123,0.006994999999998974,0.00011639622784684327
29,CN064,2022,max_cum_gdd4,temperature_hazard,338.51,309.594,0.6096049247375304,0.01760477193860538,0.004069999999999574,4.367905958770095e-05
29,CN064,2022,mean_tavg3,temperature_hazard,8.341129032258063,6.0764516129032256,1.5321575212175615,0.006757762909017114,0.004187222222222786,4.335431995907281e-05
29,CN064,2022,mean_prec7,water_proxy,2.679222222222222,1.1361764705882351,1.6735253666738028,0.0033973417928038954,0.0068233333333340696,3.8794318698351226e-05
29,CN064,2022,mean_prec6,water_proxy,0.9629333333333332,1.9092333333333331,1.0085977191174902,0.003021116335746942,0.01159999999999961,3.5346256126905096e-05
29,CN064,2022,mean_prec4,water_proxy,0.5154666666666666,0.8177666666666668,0.47182768846574075,0.00237466337051435,0.030066111111111127,3.36870308695717e-05
29,CN064,2022,tmax>31.246p6,temperature_hazard,11.0,4.0,1.4,0.002320918318590675,0.007993888888889522,2.5974428422603006e-05
29,CN064,2022,mean_cum_cwb2,water_proxy,-11.303666666666668,-15.409090909090908,0.8477360553290497,0.0041840980289357555,0.005452777777778195,1.9341061439635308e-05
29,CN064,2022,mean_cum_cwb5,water_proxy,-331.22432258064515,-292.7451290322581,0.5683704605837432,0.004330731671544896,0.007198888888889421,1.7719776719204105e-05
29,CN064,2022,mean_rad5,radiation_hazard,23923652.43548387,22995123.580645163,0.6080282562810717,0.003184281803113454,0.008460555555555693,1.6380763451292276e-05
29,CN064,2022,mean_tavg6,temperature_hazard,23.5205,22.086166666666667,1.5008196435422527,0.004244286154210407,0.0015494444444446032,9.869818613437614e-06
29,CN064,2022,mean_prec2,water_proxy,0.3084761904761904,0.1707272727272727,1.321483450309397,0.0024772599894613777,0.0026655555555556987,8.726117477300729e-06
29,CN064,2022,tmax>31.246p5,temperature_hazard,1.0,0.0,1.0,0.001469336899941713,0.005393333333333139,7.92462368035202e-06
29,CN064,2022,prec<0.037p7,water_proxy,3.0,4.0,0.46126560401444255,0.002173414183177829,0.003142777777778605,3.1507013678965667e-06
29,CN064,2022,mean_rad7,radiation_hazard,21739715.5,23123907.33333333,0.7113546692333302,0.004447365874306189,0.0008161111111109065,2.5818935732328206e-06
29,CN064,2022,mean_tmax5,temperature_hazard,24.708193548387094,24.328774193548387,0.33979250927231786,0.002883646908735911,0.002235000000000653,2.189946018409179e-06
29,CN064,2022,max_cum_prec2,water_proxy,6.478,3.756,1.2434901781635448,0.0017777348797750419,0.0008749999999997371,1.9342713795810564e-06
29,CN064,2022,tmin<-4.027p3,temperature_hazard,2.0,4.0,0.6666666666666666,0.004439368893737348,0.000571666666666637,1.6918928117242571e-06
29,CN064,2022,mean_tmax4,temperature_hazard,19.19523333333333,18.966066666666663,0.20564231889537182,0.002243219107874039,0.0015844444444441663,7.309054567160369e-07
29,CN064,2022,mean_tmax7,temperature_hazard,30.17888888888889,29.211411764705883,0.8597673776990418,0.00363966370215959,2.999999999886427e-05,9.38779235038101e-08
29,CN064,2022,awc,fixed_context,12.016,12.016,0.0,0.05426224280791961,0.0,0.0
29,CN064,2022,bulk_density,fixed_context,1.441,1.441,0.0,0.10370424155286671,0.0,0.0
29,CN064,2022,max_cum_gdd1,temperature_hazard,0.0,0.0,0.0,0.003954838977228606,0.0,0.0
29,CN064,2022,max_cum_gdd2,temperature_hazard,0.0,0.0,0.0,0.006608761679829262,0.0,0.0
29,CN064,2022,max_cum_gdd7,temperature_hazard,1646.572,1504.486,2.719439544459086,0.0066041715446388755,0.0,0.0
29,CN064,2022,max_cum_prec1,water_proxy,0.0,0.0,0.0,0.0006800477602364822,0.0,0.0
29,CN064,2022,max_cum_prec3,water_proxy,12.224,11.242,0.3250721222072204,0.0019965079234693034,-0.0026355555555559462,0.0
29,CN064,2022,max_cum_prec4,water_proxy,27.688,37.351,0.4393271197999546,0.0025774834576984635,0.0,0.0
29,CN064,2022,max_cum_prec5,water_proxy,43.136,66.885,1.1618316129347883,0.001952212049775364,-0.0011444444444439483,0.0
29,CN064,2022,max_cum_prec6,water_proxy,72.024,109.822,1.1036556879233828,0.002025633146550257,-0.003600555555555829,0.0
29,CN064,2022,max_cum_prec7,water_proxy,120.25,163.574,0.9319594725407107,0.004792508298079563,-0.00738277777777796,0.0
29,CN064,2022,mean_cum_cwb1,water_proxy,0.0,0.0,0.0,0.0005611748506648037,0.0,0.0
29,CN064,2022,mean_cum_cwb3,water_proxy,-78.99309677419355,-72.00387096774193,0.31507721839281017,0.0019189010993987078,0.0,0.0
29,CN064,2022,mean_cum_cwb4,water_proxy,-195.43566666666663,-184.12366666666668,0.38735613684848363,0.0028329431011265608,0.0,0.0
29,CN064,2022,mean_cum_cwb6,water_proxy,-502.40476666666666,-450.3665333333333,0.6394304239462789,0.0032918749855547023,-0.010117777777777448,0.0
29,CN064,2022,mean_cum_cwb7,water_proxy,-617.2318888888889,-546.3475882352941,0.811209538155832,0.0023356369493571423,-0.007671666666666965,0.0
29,CN064,2022,mean_prec1,water_proxy,0.0,0.0,0.0,0.0006356149152419931,0.0,0.0
29,CN064,2022,mean_prec3,water_proxy,0.1853548387096774,0.2414838709677419,0.5135773317591502,0.0017709681352000184,0.0,0.0
29,CN064,2022,mean_prec5,water_proxy,0.4983225806451613,0.9527096774193548,0.7451727239062581,0.0016144216931508212,-0.0025822222222222635,0.0
29,CN064,2022,mean_rad1,radiation_hazard,0.0,0.0,0.0,0.0043086705824463035,0.0,0.0
29,CN064,2022,mean_rad2,radiation_hazard,14809913.42857143,14735746.863636363,0.08763906361380246,0.0051929182370553835,0.0,0.0
29,CN064,2022,mean_rad3,radiation_hazard,18286627.967741936,18715580.79032258,0.7763098231945103,0.004245184333362696,0.0,0.0
29,CN064,2022,mean_rad4,radiation_hazard,20747924.2,21668583.466666665,0.508258821383956,0.004179109607436093,-0.000426111111110572,0.0
29,CN064,2022,mean_rad6,radiation_hazard,25231777.4,22169672.83333333,1.4551769558151553,0.002816618668235694,-0.008172222222221137,0.0
29,CN064,2022,mean_tavg1,temperature_hazard,0.0,0.0,0.0,0.0014727122435304616,0.0,0.0
29,CN064,2022,mean_tavg2,temperature_hazard,-2.8703333333333334,-1.981809523809524,0.4203424194638433,0.007205119237766788,-0.0047250000000014225,0.0
29,CN064,2022,mean_tavg4,temperature_hazard,12.4691,12.345333333333334,0.12069967676254251,0.004550618555119359,-0.0009183333333337984,0.0
29,CN064,2022,mean_tavg5,temperature_hazard,17.999612903225806,17.864870967741936,0.14245950976570243,0.0025966691443671313,0.0,0.0
29,CN064,2022,mean_tavg7,temperature_hazard,24.41438888888889,23.13855555555556,1.6996542421556284,0.004673401498541836,-0.01726777777777766,0.0
29,CN064,2022,mean_tmax1,temperature_hazard,0.0,0.0,0.0,0.002413764687523313,0.0,0.0
29,CN064,2022,mean_tmax2,temperature_hazard,2.996904761904762,3.720380952380952,0.20556359847921069,0.007233356156290362,-0.002469444444444413,0.0
29,CN064,2022,mean_tmax6,temperature_hazard,30.0061,28.14953333333333,1.4128405458880862,0.00305739409224299,-0.002062777777779523,0.0
29,CN064,2022,mean_tmin1,temperature_hazard,0.0,0.0,0.0,0.0016369422569999911,0.0,0.0
29,CN064,2022,mean_tmin2,temperature_hazard,-8.583095238095238,-7.382523809523809,1.0390530373545726,0.00751611653558336,-0.008266666666666644,0.0
29,CN064,2022,mean_tmin4,temperature_hazard,5.1604,5.2827,0.08273389406273257,0.0059823909338138,0.0,0.0
29,CN064,2022,mean_tmin5,temperature_hazard,10.217967741935484,10.295064516129033,0.08094834885690201,0.014616805133365274,0.0,0.0
29,CN064,2022,mean_tmin6,temperature_hazard,15.7237,14.942133333333334,1.8192892613283753,0.010011071101378015,0.0,0.0
29,CN064,2022,tmin<-4.027p1,temperature_hazard,0.0,0.0,0.0,0.00046533849524221766,0.0,0.0
29,CN064,2022,tmin<-4.027p2,temperature_hazard,21.0,17.0,1.3333333333333333,0.012962096209179923,-0.007548333333334156,0.0
29,CN064,2022,tmin<-4.027p4,temperature_hazard,0.0,0.0,0.0,0.0019039565997986104,0.0,0.0
29,CN064,2022,tmin<-4.027p5,temperature_hazard,0.0,0.0,0.0,0.0,0.0,0.0
29,CN064,2022,tmin<-4.027p6,temperature_hazard,0.0,0.0,0.0,0.0,0.0,0.0
29,CN064,2022,tmin<-4.027p7,temperature_hazard,0.0,0.0,0.0,0.0,0.0,0.0
29,CN064,2022,tmax>31.246p1,temperature_hazard,0.0,0.0,0.0,0.0,0.0,0.0
29,CN064,2022,tmax>31.246p2,temperature_hazard,0.0,0.0,0.0,0.00017665281034320485,0.0,0.0
29,CN064,2022,tmax>31.246p3,temperature_hazard,0.0,0.0,0.0,6.908349009589775e-05,0.0,0.0
29,CN064,2022,tmax>31.246p4,temperature_hazard,0.0,0.0,0.0,0.0006293053260611733,0.0,0.0
29,CN064,2022,tmax>31.246p7,temperature_hazard,7.0,4.0,1.0,0.0020777574082735907,-0.0036788888888894533,0.0
29,CN064,2022,prec<0.037p1,water_proxy,0.0,0.0,0.0,0.0009295822938097154,0.0,0.0
29,CN064,2022,prec<0.037p2,water_proxy,9.0,12.0,0.75,0.003741738289900092,-0.0003688888888895292,0.0
29,CN064,2022,prec<0.037p3,water_proxy,16.0,17.0,0.16666666666666666,0.006804497505905538,0.0,0.0
29,CN064,2022,prec<0.037p4,water_proxy,16.0,16.0,0.0,0.025693230727512686,0.0,0.0
29,CN064,2022,prec<0.037p5,water_proxy,16.0,11.0,1.4744195615489712,0.009291164190086876,-0.0037311111111106854,0.0
29,CN064,2022,median_cum_fpar1,crop_state_indicator,0.0,0.0,0.0,0.004754642766068187,0.0,0.0
29,CN064,2022,median_cum_fpar7,crop_state_indicator,344.59450000000004,325.7835,1.4920483838984808,0.010151391945036756,-0.011680000000001023,0.0
29,CN064,2022,median_cum_ndvi1,crop_state_indicator,0.0,0.0,0.0,0.0018926787430466052,0.0,0.0
29,CN064,2022,median_cum_ndvi7,crop_state_indicator,4.5465,4.325,0.8322748972885149,0.010573265090748483,-0.009382777777778628,0.0
29,CN064,2022,mean_ssm1,water_proxy,0.0,0.0,0.0,0.0034913535319388996,0.0,0.0
29,CN064,2022,mean_ssm3,water_proxy,2.8986451612903226,2.589677419354839,1.0609744960251222,0.00922396371680262,0.0,0.0
29,CN064,2022,mean_ssm4,water_proxy,2.3466666666666667,2.6880333333333337,0.5039862204724415,0.0067618109092575564,0.0,0.0
29,CN064,2022,mean_ssm5,water_proxy,2.617903225806452,3.1322580645161286,1.7110204957613468,0.005201215977148358,-0.007465000000000721,0.0
29,CN064,2022,mean_ssm6,water_proxy,2.5649,3.2869,2.009835761343601,0.010547055728646093,-0.02425444444444569,0.0
29,CN064,2022,mean_ssm7,water_proxy,3.6085,3.668944444444444,0.142657709424386,0.006821357782928302,0.0,0.0
30,CN065,2022,median_cum_ndvi3,crop_state_indicator,0.7290000000000001,0.645,1.7396487772895768,0.07775865845935805,0.22412888888888727,0.030318532300303177
30,CN065,2022,median_cum_ndvi6,crop_state_indicator,4.0440000000000005,3.5105,1.443843031123141,0.0960538811272201,0.20721777777777906,0.028738355350905454
30,CN065,2022,mean_tmin5,temperature_hazard,13.502354838709676,10.022612903225808,2.939451741239296,0.014616805133365274,0.11418444444444464,0.004905979564369048
30,CN065,2022,median_cum_ndvi5,crop_state_indicator,2.2575000000000003,2.152,1.029268292682928,0.04374314802002847,0.10014000000000056,0.004508646808854237
30,CN065,2022,median_cum_fpar2,crop_state_indicator,7.322,4.267,2.676885534907364,0.014614232222732332,0.10294666666666608,0.004027338131171823
30,CN065,2022,prec<0.037p4,water_proxy,12.0,7.0,4.564354645876384,0.025693230727512686,0.029432777777778973,0.0034516706498296384
30,CN065,2022,median_cum_ndvi4,crop_state_indicator,1.342,1.285,1.3977685351436349,0.042772588758079676,0.04435111111111034,0.0026515834558818873
30,CN065,2022,median_cum_fpar4,crop_state_indicator,60.833,51.508,1.439608885810909,0.02480748359547733,0.06412666666666755,0.002290160380411143
30,CN065,2022,median_cum_fpar3,crop_state_indicator,24.547,17.099,2.170585465234797,0.012008354361110548,0.06299111111111078,0.001641873354263652
30,CN065,2022,median_cum_ndvi7,crop_state_indicator,6.126,5.158,1.8026070763500934,0.010573265090748483,0.05408055555555613,0.0010307452375032452
30,CN065,2022,prec<0.037p5,water_proxy,0.0,2.0,0.8164965809277261,0.009291164190086876,0.12266777777777715,0.0009305827611847267
30,CN065,2022,median_cum_fpar7,crop_state_indicator,480.8,387.933,2.1246654007183876,0.010151391945036756,0.042821111111109644,0.0009235790518622642
30,CN065,2022,median_cum_fpar5,crop_state_indicator,128.97,111.182,1.020071109072141,0.02292879073773341,0.03361944444444376,0.0007863250851694781
30,CN065,2022,tmin<-4.027p3,temperature_hazard,4.0,18.0,2.3333333333333335,0.004439368893737348,0.044907777777778435,0.00046517844742492416
30,CN065,2022,tmax>31.246p6,temperature_hazard,9.0,1.0,4.0,0.002320918318590675,0.038497777777775966,0.000357400790677893
30,CN065,2022,max_cum_gdd6,temperature_hazard,1246.666,1100.851,1.5190644858839444,0.006982955454215601,0.029075000000000628,0.000308414796446029
30,CN065,2022,mean_tmax2,temperature_hazard,0.675,-1.4169375,0.8573054208574464,0.007233356156290362,0.045343333333331515,0.00028118287207246724
30,CN065,2022,median_cum_ndvi2,crop_state_indicator,0.2105,0.205,0.22940575558580548,0.04771331548726668,0.025467222222221864,0.0002787568083434562
30,CN065,2022,mean_rad5,radiation_hazard,21612414.80645161,23547099.83870968,1.9021039181087114,0.003184281803113454,0.04002444444444464,0.00024242145172665325
30,CN065,2022,median_cum_fpar6,crop_state_indicator,272.062,221.185,1.5564427312775326,0.026248574424483553,0.005241666666667477,0.00021414516170705828
30,CN065,2022,mean_tmin3,temperature_hazard,-1.700548387096774,-4.451741935483871,1.3968309081570283,0.014290333581365368,0.010551666666666293,0.00021062371377485008
30,CN065,2022,prec<0.037p3,water_proxy,2.0,10.0,2.434322477800738,0.006804497505905538,0.009644999999999904,0.00015976307115143595
30,CN065,2022,prec<0.037p6,water_proxy,1.0,0.0,1.0,0.006946398603693774,0.020969444444444818,0.00014566211960912565
30,CN065,2022,mean_tavg3,temperature_hazard,3.3523225806451613,1.4620967741935484,0.829065889040463,0.006757762909017114,0.023874444444444087,0.00013375969572625247
30,CN065,2022,mean_rad3,radiation_hazard,13807094.79032258,16272325.483870968,2.3867455682174694,0.004245184333362696,0.010309444444445148,0.00010445709417026652
30,CN065,2022,max_cum_gdd5,temperature_hazard,702.588,632.29,0.7339298205318271,0.00841312819342394,0.015355000000000452,9.481168418778047e-05
30,CN065,2022,mean_rad6,radiation_hazard,24865260.066666663,23648021.5,2.1863560222099,0.002816618668235694,0.013271111111110123,8.17252432269801e-05
30,CN065,2022,prec<0.037p2,water_proxy,10.0,4.0,2.0,0.003741738289900092,0.009911111111111204,7.416956787979806e-05
30,CN065,2022,mean_ssm6,water_proxy,2.582266666666667,3.0102333333333333,2.459578544061302,0.010547055728646093,0.0024649999999999395,6.394533401392847e-05
30,CN065,2022,mean_ssm7,water_proxy,2.48636,2.963041666666667,1.5436582469775473,0.006821357782928302,0.003166666666666096,3.334450979113287e-05
30,CN065,2022,mean_rad7,radiation_hazard,24376076.52,23633013.12,0.808107299256556,0.004447365874306189,0.00906666666666922,3.258513601779739e-05
30,CN065,2022,mean_tmax5,temperature_hazard,25.32054838709677,23.664612903225805,0.9017830478700035,0.002883646908735911,0.01179888888888847,3.068211264053311e-05
30,CN065,2022,mean_tmax4,temperature_hazard,19.824566666666662,17.864533333333334,0.8712937306444196,0.002243219107874039,0.013377222222222152,2.614581755584713e-05
30,CN065,2022,mean_tmin7,temperature_hazard,17.94148,17.59956,0.40750849064681355,0.008980821930604123,0.006563333333333254,2.4020232608451777e-05
30,CN065,2022,mean_rad4,radiation_hazard,21725120.366666667,20999272.33333333,0.8402628435578098,0.004179109607436093,0.005653333333333954,1.9851965619314472e-05
30,CN065,2022,mean_tavg7,temperature_hazard,23.772800000000004,23.19804,0.4363549174678368,0.004673401498541836,0.008188333333333908,1.6698154759767645e-05
30,CN065,2022,mean_cum_cwb4,water_proxy,-61.9046,-79.18153333333333,0.5701519147104004,0.0028329431011265608,0.007781111111110128,1.2568112397121318e-05
30,CN065,2022,mean_rad2,radiation_hazard,13241868.866666667,12140454.4,1.5878441032930075,0.0051929182370553835,0.0010883333333318035,8.973901041385711e-06
30,CN065,2022,max_cum_prec5,water_proxy,141.523,116.122,0.9015746343635658,0.001952212049775364,0.0035250000000006665,6.204228649042881e-06
30,CN065,2022,tmax>31.246p7,temperature_hazard,6.0,4.0,0.4,0.0020777574082735907,0.0041027777777777885,3.4098307689112242e-06
30,CN065,2022,mean_cum_cwb2,water_proxy,-2.5662,-3.45075,0.21614456064900803,0.0041840980289357555,0.003506666666666547,3.171324239152851e-06
30,CN065,2022,max_cum_prec6,water_proxy,175.097,166.26,0.19024348237928168,0.002025633146550257,0.005096666666666749,1.9640693244826657e-06
30,CN065,2022,mean_tmax7,temperature_hazard,29.29456,28.80028,0.3030482248733746,0.00363966370215959,0.0016727777777774122,1.8450632233837007e-06
30,CN065,2022,mean_prec5,water_proxy,1.5828064516129032,1.4349677419354838,0.2656811594202901,0.0016144216931508212,0.0037000000000002586,1.5870092807495494e-06
30,CN065,2022,mean_prec2,water_proxy,0.3736,0.554125,0.4785776381558841,0.0024772599894613777,0.0009411111111115034,1.1157448510246412e-06
30,CN065,2022,mean_cum_cwb7,water_proxy,-423.0142,-417.10284,0.0856360244898417,0.0023356369493571423,0.0010883333333335798,2.1768262489242662e-07
30,CN065,2022,awc,fixed_context,13.176,13.176,0.0,0.05426224280791961,0.0,0.0
30,CN065,2022,bulk_density,fixed_context,1.431,1.431,0.0,0.10370424155286671,0.0,0.0
30,CN065,2022,max_cum_gdd1,temperature_hazard,0.0,0.0,0.0,0.003954838977228606,0.0,0.0
30,CN065,2022,max_cum_gdd2,temperature_hazard,0.0,0.0,0.0,0.006608761679829262,0.0,0.0
30,CN065,2022,max_cum_gdd3,temperature_hazard,6.121,21.766,0.5847675443412611,0.020214929351852203,-0.005594444444444235,0.0
30,CN065,2022,max_cum_gdd4,temperature_hazard,249.061,240.52,0.09169574319609207,0.01760477193860538,0.0,0.0
30,CN065,2022,max_cum_gdd7,temperature_hazard,1715.986,1527.607,1.796275459607903,0.0066041715446388755,-0.003483333333333505,0.0
30,CN065,2022,max_cum_prec1,water_proxy,0.0,0.0,0.0,0.0006800477602364822,0.0,0.0
30,CN065,2022,max_cum_prec2,water_proxy,5.604,8.866,0.5815611425142023,0.0017777348797750419,0.0,0.0
30,CN065,2022,max_cum_prec3,water_proxy,61.373,29.429,1.6913835606690786,0.0019965079234693034,-0.001771666666667393,0.0
30,CN065,2022,max_cum_prec4,water_proxy,92.456,70.681,1.1327779021773754,0.0025774834576984635,-0.0035288888888880265,0.0
30,CN065,2022,max_cum_prec7,water_proxy,202.684,191.347,0.20865004140977247,0.004792508298079563,0.0,0.0
30,CN065,2022,mean_cum_cwb1,water_proxy,0.0,0.0,0.0,0.0005611748506648037,0.0,0.0
30,CN065,2022,mean_cum_cwb3,water_proxy,-11.00648387096774,-22.966096774193552,0.8266955206247184,0.0019189010993987078,0.0,0.0
30,CN065,2022,mean_cum_cwb5,water_proxy,-159.11967741935484,-177.4606451612903,0.4605264718886141,0.004330731671544896,0.0,0.0
30,CN065,2022,mean_cum_cwb6,water_proxy,-281.2881,-294.7621,0.28331524409405456,0.0032918749855547023,-0.0037566666666668524,0.0
30,CN065,2022,mean_prec1,water_proxy,0.0,0.0,0.0,0.0006356149152419931,0.0,0.0
30,CN065,2022,mean_prec3,water_proxy,1.799,0.6633225806451614,2.0329137313777577,0.0017709681352000184,-0.001125555555556268,0.0
30,CN065,2022,mean_prec4,water_proxy,1.0361,1.2933,0.5823396226415092,0.00237466337051435,-0.005046666666667754,0.0
30,CN065,2022,mean_prec6,water_proxy,1.119133333333333,1.5772666666666666,1.1825599378418223,0.003021116335746942,0.0,0.0
30,CN065,2022,mean_prec7,water_proxy,1.10348,1.26672,0.25661824812928385,0.0033973417928038954,0.0,0.0
30,CN065,2022,mean_rad1,radiation_hazard,0.0,0.0,0.0,0.0043086705824463035,0.0,0.0
30,CN065,2022,mean_tavg1,temperature_hazard,0.0,0.0,0.0,0.0014727122435304616,0.0,0.0
30,CN065,2022,mean_tavg2,temperature_hazard,-5.690666666666667,-7.017125,0.5155699367744607,0.007205119237766788,-0.006890000000000285,0.0
30,CN065,2022,mean_tavg4,temperature_hazard,13.098,11.698933333333336,0.663337231722349,0.004550618555119359,-0.004280000000000506,0.0
30,CN065,2022,mean_tavg5,temperature_hazard,19.62990322580645,17.114483870967742,1.5729933633227782,0.0025966691443671313,-0.006213333333332294,0.0
30,CN065,2022,mean_tavg6,temperature_hazard,23.13593333333333,21.54756666666667,2.8626205594936103,0.004244286154210407,-0.0031361111111110063,0.0
30,CN065,2022,mean_tmax1,temperature_hazard,0.0,0.0,0.0,0.002413764687523313,0.0,0.0
30,CN065,2022,mean_tmax3,temperature_hazard,7.900483870967743,7.3155806451612895,0.2362033066736671,0.007683654374873957,0.0,0.0
30,CN065,2022,mean_tmax6,temperature_hazard,28.92526666666667,27.037066666666664,3.1820162158361405,0.00305739409224299,0.0,0.0
30,CN065,2022,mean_tmin1,temperature_hazard,0.0,0.0,0.0,0.0016369422569999911,0.0,0.0
30,CN065,2022,mean_tmin2,temperature_hazard,-11.4742,-12.299625,0.29670201294033105,0.00751611653558336,0.0,0.0
30,CN065,2022,mean_tmin4,temperature_hazard,5.672866666666667,4.7792666666666666,0.47478039104562203,0.0059823909338138,0.0,0.0
30,CN065,2022,mean_tmin6,temperature_hazard,17.019833333333334,15.754966666666666,2.301742497713803,0.010011071101378015,-0.005844444444443653,0.0
30,CN065,2022,tmin<-4.027p1,temperature_hazard,0.0,0.0,0.0,0.00046533849524221766,0.0,0.0
30,CN065,2022,tmin<-4.027p2,temperature_hazard,15.0,15.0,0.0,0.012962096209179923,0.0,0.0
30,CN065,2022,tmin<-4.027p4,temperature_hazard,0.0,0.0,0.0,0.0019039565997986104,0.0,0.0
30,CN065,2022,tmin<-4.027p5,temperature_hazard,0.0,0.0,0.0,0.0,0.0,0.0
30,CN065,2022,tmin<-4.027p6,temperature_hazard,0.0,0.0,0.0,0.0,0.0,0.0
30,CN065,2022,tmin<-4.027p7,temperature_hazard,0.0,0.0,0.0,0.0,0.0,0.0
30,CN065,2022,tmax>31.246p1,temperature_hazard,0.0,0.0,0.0,0.0,0.0,0.0
30,CN065,2022,tmax>31.246p2,temperature_hazard,0.0,0.0,0.0,0.00017665281034320485,0.0,0.0
30,CN065,2022,tmax>31.246p3,temperature_hazard,0.0,0.0,0.0,6.908349009589775e-05,0.0,0.0
30,CN065,2022,tmax>31.246p4,temperature_hazard,0.0,0.0,0.0,0.0006293053260611733,0.0,0.0
30,CN065,2022,tmax>31.246p5,temperature_hazard,0.0,0.0,0.0,0.001469336899941713,0.0,0.0
30,CN065,2022,prec<0.037p1,water_proxy,0.0,0.0,0.0,0.0009295822938097154,0.0,0.0
30,CN065,2022,prec<0.037p7,water_proxy,1.0,0.0,0.7453559924999299,0.002173414183177829,-0.0005833333333340462,0.0
30,CN065,2022,median_cum_fpar1,crop_state_indicator,0.0,0.0,0.0,0.004754642766068187,0.0,0.0
30,CN065,2022,median_cum_ndvi1,crop_state_indicator,0.0,0.0,0.0,0.0018926787430466052,0.0,0.0
30,CN065,2022,mean_ssm1,water_proxy,0.0,0.0,0.0,0.0034913535319388996,0.0,0.0
30,CN065,2022,mean_ssm2,water_proxy,2.804533333333333,3.3318000000000003,3.6907282643567543,0.008875581083351567,0.0,0.0
30,CN065,2022,mean_ssm3,water_proxy,3.1300645161290324,3.1408387096774195,0.03720204945422162,0.00922396371680262,0.0,0.0
30,CN065,2022,mean_ssm4,water_proxy,2.733366666666667,3.0152666666666668,1.3644794557175517,0.0067618109092575564,-0.00039999999999995595,0.0
30,CN065,2022,mean_ssm5,water_proxy,2.784290322580645,2.976483870967742,0.7056376021630588,0.005201215977148358,0.0,0.0
