adm_id,awc,bulk_density,year,max_cum_gdd1,max_cum_gdd2,max_cum_gdd3,max_cum_gdd4,max_cum_gdd5,max_cum_gdd6,max_cum_gdd7,max_cum_gdd8,max_cum_gdd12,max_cum_prec1,max_cum_prec2,max_cum_prec3,max_cum_prec4,max_cum_prec5,max_cum_prec6,max_cum_prec7,max_cum_prec8,max_cum_prec12,mean_cum_cwb1,mean_cum_cwb2,mean_cum_cwb3,mean_cum_cwb4,mean_cum_cwb5,mean_cum_cwb6,mean_cum_cwb7,mean_cum_cwb8,mean_cum_cwb12,mean_prec1,mean_prec2,mean_prec3,mean_prec4,mean_prec5,mean_prec6,mean_prec7,mean_prec8,mean_prec12,mean_rad1,mean_rad2,mean_rad3,mean_rad4,mean_rad5,mean_rad6,mean_rad7,mean_rad8,mean_rad12,mean_tavg1,mean_tavg2,mean_tavg3,mean_tavg4,mean_tavg5,mean_tavg6,mean_tavg7,mean_tavg8,mean_tavg12,mean_tmax1,mean_tmax2,mean_tmax3,mean_tmax4,mean_tmax5,mean_tmax6,mean_tmax7,mean_tmax8,mean_tmax12,mean_tmin1,mean_tmin2,mean_tmin3,mean_tmin4,mean_tmin5,mean_tmin6,mean_tmin7,mean_tmin8,mean_tmin12,tmin<0p1,tmin<0p2,tmin<0p3,tmin<0p4,tmin<0p5,tmin<0p6,tmin<0p7,tmin<0p8,tmin<0p12,tmax>35p1,tmax>35p2,tmax>35p3,tmax>35p4,tmax>35p5,tmax>35p6,tmax>35p7,tmax>35p8,tmax>35p12,prec<1p1,prec<1p2,prec<1p3,prec<1p4,prec<1p5,prec<1p6,prec<1p7,prec<1p8,prec<1p12,mean_cum_fpar1,mean_cum_fpar2,mean_cum_fpar3,mean_cum_fpar4,mean_cum_fpar5,mean_cum_fpar6,mean_cum_fpar7,mean_cum_fpar8,mean_cum_ndvi1,mean_cum_ndvi2,mean_cum_ndvi3,mean_cum_ndvi4,mean_cum_ndvi5,mean_cum_ndvi6,mean_cum_ndvi7,mean_cum_ndvi8,mean_ssm1,mean_ssm2,mean_ssm3,mean_ssm4,mean_ssm5,mean_ssm6,mean_ssm7,mean_ssm8,mean_ssm12,yield
PT15,14.07,1.483,2003,0.0,137.224,417.294,709.014,1128.056,1608.739,2130.64,2283.006,0.0,0.0,75.17,147.86,224.613,237.204,239.325,240.569,240.791,0.0,0.0,6.542550000000001,18.156903225806452,21.92896666666667,-48.29290322580644,-208.98416666666665,-377.3279677419355,-490.46871428571427,0.0,0.0,3.7585,2.3448387096774193,2.5584333333333333,0.40616129032258064,0.0707,0.040129032258064516,0.031714285714285716,0.0,0.0,11640616.65,15687592.14516129,20047905.966666665,26560987.612903226,27711234.8,28007118.70967742,26050915.42857143,0.0,0.0,11.8612,14.034516129032259,14.723999999999998,18.517483870967745,21.022766666666666,21.835516129032257,26.76657142857143,0.0,0.0,14.8084,17.203516129032256,17.729733333333336,22.956290322580646,25.046633333333332,26.45716129032258,31.191,0.0,0.0,9.16095,11.042516129032258,11.829133333333335,14.298064516129033,17.309199999999997,17.77738709677419,22.255428571428574,0.0,0.0,0.0,0.0,0.0,0.0,0.0,0.0,0.0,0.0,0.0,0.0,0.0,0.0,0.0,0.0,0.0,1.0,0.0,0.0,13.0,21.0,22.0,29.0,30.0,31.0,7.0,0.0,0.0,88.074,229.846,396.55733333333336,553.49,689.035,812.3956666666667,893.3100000000001,0.0,1.2076666666666667,3.3055,5.356999999999999,7.24975,9.1045,10.79375,11.801,0.0,6.708450000000001,6.633258064516129,6.647533333333333,6.024483870967742,5.3506,4.932516129032258,4.388142857142857,0.0,5.562
PT17,16.711,1.353,2003,0.0,117.717,383.691,669.063,1100.418,1600.31,2138.388,2305.554,0.0,0.0,81.882,139.944,216.658,218.517,226.683,233.96,234.759,0.0,0.0,10.952666666666667,30.537645161290325,18.9433,-64.42299999999999,-243.10416666666666,-409.6641935483871,-530.7415714285714,0.0,0.0,3.8991428571428575,1.8729677419354838,2.5571333333333333,0.05996774193548387,0.2722,0.23474193548387098,0.11414285714285714,0.0,0.0,10152135.904761905,14854830.306451613,18620434.283333335,27026894.16129032,26764374.466666665,26742324.83870968,26107278.0,0.0,0.0,10.605571428571428,13.579806451612903,14.512400000000001,18.914677419354838,21.66306666666667,22.357354838709675,28.880857142857142,0.0,0.0,14.509333333333334,18.41616129032258,19.052200000000003,25.438741935483872,28.0713,29.03541935483871,36.74585714285714,0.0,0.0,6.897666666666667,9.187806451612904,10.2682,12.942870967741936,15.947466666666665,16.59116129032258,20.95357142857143,0.0,0.0,0.0,0.0,0.0,0.0,0.0,0.0,0.0,0.0,0.0,0.0,0.0,0.0,0.0,3.0,3.0,5.0,0.0,0.0,11.0,24.0,17.0,31.0,28.0,29.0,7.0,0.0,0.0,73.96350000000001,193.25266666666667,330.0216666666667,454.7616666666667,565.7779999999999,686.6976666666666,777.583,0.0,1.0510000000000002,2.7865,4.6066666666666665,6.2585,7.79075,9.3975,10.433,0.0,5.006380952380953,4.853161290322581,4.8266,4.090677419354839,3.6824999999999997,3.5159032258064515,2.9175714285714287,0.0,9.58
PT18,14.978,1.496,2003,0.0,131.942,395.127,678.0889999999999,1122.24,1646.048,2203.935,2304.694,0.0,0.0,88.48,155.858,223.654,227.681,235.363,241.421,243.087,0.0,0.0,7.957884615384614,32.096709677419355,24.432833333333335,-64.07832258064516,-241.3981333333333,-414.28712903225806,-525.0,0.0,0.0,3.4030769230769233,2.173483870967742,2.2598666666666665,0.12990322580645158,0.25606666666666666,0.19541935483870967,0.4165,0.0,0.0,9723717.25,14651394.935483871,18313332.716666665,26629051.35483871,26892379.6,27105652.967741936,26152792.0,0.0,0.0,10.074692307692308,13.48983870967742,14.432066666666666,19.327451612903225,22.460266666666666,22.996354838709674,30.18975,0.0,0.0,14.34596153846154,18.607225806451613,19.35526666666667,26.102999999999998,29.317933333333333,30.01593548387097,38.829750000000004,0.0,0.0,6.244461538461538,8.88125806451613,9.780966666666666,12.780645161290321,16.127066666666668,16.623451612903224,22.12875,0.0,0.0,0.0,0.0,0.0,0.0,0.0,0.0,0.0,0.0,0.0,0.0,0.0,0.0,1.0,4.0,3.0,3.0,0.0,0.0,15.0,21.0,16.0,28.0,27.0,29.0,3.0,0.0,0.0,67.3675,177.73666666666668,307.714,430.4013333333333,551.7183333333334,690.2733333333332,788.036,0.0,1.0826666666666667,2.9299999999999997,4.788,6.5215,8.2055,9.98325,0.0,0.0,5.917423076923077,5.791225806451613,5.7960666666666665,5.114193548387097,4.5197666666666665,4.211516129032258,3.523,0.0,8.928
PT11,15.187,1.25,2004,167.339,296.622,457.55,681.903,1009.648,1477.781,1582.221,0.0,13.941,142.46699999999998,167.725,259.756,342.456,394.29,420.524,434.206,0.0,4.796,43.52832258064516,98.41924137931034,105.7816129032258,121.04586666666665,79.43106451612903,-31.74126666666667,-105.062875,0.0,2.496,4.441,0.8709655172413793,2.9687419354838713,2.756666666666667,1.6720645161290322,0.8744666666666666,1.71025,0.0,2.398,5637202.983870967,11479928.76724138,14587161.685483871,20899160.333333332,22474442.532258064,26529544.5,26269530.0,0.0,2463702.219,9.948322580645161,9.458034482758622,10.191225806451612,12.478433333333333,15.57241935483871,20.604433333333336,18.055,0.0,11.970500000000001,13.16125806451613,13.84751724137931,14.298322580645161,17.012933333333333,19.78974193548387,25.185366666666667,22.659875,0.0,13.729,6.7824193548387095,5.908931034482759,6.196516129032259,7.890533333333334,11.262032258064515,16.0951,13.761125,0.0,10.2005,0.0,0.0,0.0,0.0,0.0,0.0,0.0,0.0,0.0,0.0,0.0,0.0,0.0,0.0,0.0,0.0,0.0,0.0,15.0,23.0,22.0,22.0,20.0,26.0,7.0,0.0,0.0,125.50100000000002,316.291,504.77433333333335,686.199,848.7803333333333,1007.9963333333334,1126.633,0.0,1.67575,4.281750000000001,6.7475000000000005,9.207,11.222666666666667,13.20075,14.746,0.0,6.289032258064516,6.1948965517241374,5.934612903225806,5.717633333333334,5.420967741935484,4.776366666666666,4.5255,0.0,6.1425,3.261
PT15,14.07,1.483,2004,0.0,137.679,381.606,677.1129999999999,1031.949,1551.771,2108.486,2214.851,0.0,0.0,82.356,117.27199999999999,137.474,175.603,175.897,175.927,176.025,0.0,0.0,9.29004761904762,19.454806451612903,-45.4247,-128.88206451612902,-272.4389,-461.34487096774194,-574.3116666666666,0.0,0.0,3.9217142857142853,1.126322580645161,0.6733999999999999,1.2299677419354837,0.0098,0.000967741935483871,0.016333333333333335,0.0,0.0,12090956.023809524,17511803.93548387,22855040.866666667,23181551.241935484,28313035.733333334,28649472.83870968,26398867.0,0.0,0.0,11.556142857142857,12.868612903225808,14.850233333333334,16.446322580645163,22.3274,22.958548387096776,22.727500000000003,0.0,0.0,14.583619047619047,16.524290322580647,18.81116666666667,19.96351612903226,26.991866666666667,27.699935483870966,26.981166666666667,0.0,0.0,8.848095238095238,9.45516129032258,11.044066666666668,13.348806451612903,18.14943333333333,18.79206451612903,19.245166666666666,0.0,0.0,0.0,0.0,0.0,0.0,0.0,0.0,0.0,0.0,0.0,0.0,0.0,0.0,0.0,0.0,1.0,0.0,0.0,0.0,13.0,24.0,26.0,19.0,30.0,31.0,6.0,0.0,0.0,92.65549999999999,243.89700000000002,415.5586666666666,565.9143333333333,693.6616666666667,810.2153333333334,885.837,0.0,1.2323333333333333,3.2875,5.54275,7.281666666666666,8.74225,10.23125,11.148,0.0,6.207333333333334,5.985290322580646,5.6559333333333335,5.61983870967742,4.872833333333333,4.146548387096774,4.1785000000000005,0.0,5.874
PT16,15.134,1.382,2004,73.675,221.776,403.164,650.294,1000.506,1495.913,1818.465,0.0,0.0,75.894,114.503,168.642,219.371,267.961,277.709,282.018,0.0,0.0,7.092062500000001,47.70437931034483,41.39832258064516,14.3963,-51.77106451612903,-177.9965,-307.0334285714286,0.0,0.0,4.743375,1.331344827586207,1.7464193548387095,1.6909666666666667,1.5674193548387096,0.32493333333333335,0.2051904761904762,0.0,0.0,7081404.890625,11269603.77586207,15387478.951612903,21011779.15,22894841.903225806,26769898.733333334,26640766.38095238,0.0,0.0,9.6046875,10.10693103448276,10.851225806451612,13.237666666666666,16.29716129032258,21.51356666666667,20.35961904761905,0.0,0.0,13.4014375,14.603689655172413,15.488838709677418,18.218966666666667,20.912387096774193,27.0933,25.955,0.0,0.0,5.9513125,6.502551724137931,6.410935483870968,8.3417,11.682,16.3436,15.253904761904762,0.0,0.0,0.0,0.0,0.0,0.0,0.0,0.0,0.0,0.0,0.0,0.0,0.0,0.0,0.0,0.0,0.0,0.0,0.0,0.0,10.0,20.0,22.0,23.0,22.0,26.0,20.0,0.0,0.0,55.8,166.05633333333333,324.147,470.36733333333336,604.0266666666666,743.967,911.4276666666666,0.0,0.9415,2.75275,4.9885,7.1515,8.948,10.74825,12.64,0.0,5.0170625,4.819827586206896,4.558967741935484,4.3656,4.275516129032258,3.7104666666666666,3.4723809523809526,0.0,0.0,4.356
PT17,16.711,1.353,2004,0.0,108.36200000000001,323.884,613.346,1004.873,1550.256,2119.528,2228.38,0.0,0.0,34.161,75.799,97.111,119.493,121.526,122.051,122.769,0.0,0.0,-8.503045454545456,-28.945580645161293,-84.93263333333334,-190.63467741935486,-355.10909999999996,-556.3078064516129,-674.8695,0.0,0.0,1.5527727272727274,1.3431612903225807,0.7103999999999999,0.7220000000000001,0.06776666666666667,0.016935483870967744,0.11966666666666666,0.0,0.0,11747358.590909092,16597001.564516129,21896524.783333335,24221511.225806452,27714186.466666665,28222911.096774194,26146383.0,0.0,0.0,9.925545454545455,11.952322580645161,14.648733333333332,17.62990322580645,23.179433333333336,23.363612903225803,23.142,0.0,0.0,14.451772727272727,16.96,20.406466666666667,23.27332258064516,30.383733333333335,30.551354838709678,29.621,0.0,0.0,6.207999999999999,7.521096774193548,9.208966666666667,12.390612903225806,16.873633333333334,17.207354838709676,17.675333333333334,0.0,0.0,0.0,0.0,0.0,0.0,0.0,0.0,0.0,0.0,0.0,0.0,0.0,0.0,0.0,3.0,5.0,0.0,0.0,0.0,18.0,26.0,26.0,24.0,29.0,31.0,6.0,0.0,0.0,81.247,209.81566666666666,350.763,472.1336666666666,585.9006666666667,714.1543333333334,805.471,0.0,1.1133333333333333,2.91425,4.89975,6.406666666666666,7.75675,9.338000000000001,10.351,0.0,4.717045454545455,4.440129032258064,4.091833333333333,3.915161290322581,3.304866666666667,2.9775806451612907,3.1391666666666667,0.0,9.996
PT18,14.978,1.496,2004,0.0,142.422,352.123,637.623,1023.923,1595.076,2190.571,2247.094,0.0,0.0,44.868,85.55799999999999,108.684,147.198,149.022,149.599,150.226,0.0,0.0,-11.305259259259257,-23.885548387096772,-76.9828,-171.83270967741936,-324.88506666666666,-526.3250967741935,-638.182,0.0,0.0,1.6617777777777778,1.3125806451612902,0.7708666666666667,1.2423870967741937,0.06079999999999999,0.01861290322580645,0.209,0.0,0.0,11665515.666666666,16276691.741935484,21410516.266666666,23093879.903225806,27589717.333333332,28294516.19354839,25304624.666666668,0.0,0.0,10.27488888888889,11.764548387096776,14.516666666666667,17.461290322580645,24.038433333333334,24.20951612903226,23.840999999999998,0.0,0.0,15.286074074074074,17.033096774193545,20.538133333333334,23.07535483870968,31.52423333333333,31.684032258064516,30.72066666666667,0.0,0.0,6.329814814814815,6.956645161290322,8.763933333333334,12.161677419354838,17.26813333333333,17.438709677419357,18.253,0.0,0.0,0.0,0.0,0.0,0.0,0.0,0.0,0.0,0.0,0.0,0.0,0.0,0.0,0.0,3.0,7.0,0.0,0.0,0.0,20.0,25.0,25.0,20.0,30.0,31.0,3.0,0.0,0.0,75.614,198.17566666666667,337.01500000000004,462.5063333333333,588.6793333333334,729.8826666666668,824.793,0.0,1.148,3.04675,5.124750000000001,6.728999999999999,8.20875,9.945,0.0,0.0,5.518666666666666,5.228419354838709,4.885766666666667,4.766064516129032,3.9713,3.48341935483871,3.542666666666667,0.0,9.355
PT11,15.187,1.25,2005,94.176,149.337,338.705,566.07,883.649,1333.795,1480.8,0.0,7.089,22.526,33.335,174.374,258.623,357.906,401.89300000000003,401.918,0.0,0.0,-3.883677419354839,-35.34746428571429,-53.026387096774194,18.486766666666664,27.402677419354834,-64.1562,-127.14166666666668,0.0,-1.4220000000000002,0.7266451612903225,0.38603571428571426,4.549645161290322,2.8083,3.202677419354839,1.4662333333333335,0.002777777777777778,0.0,0.0,8339264.760064516,12974715.55357143,14523963.887096774,18714357.7,23345133.677419353,25936203.266666666,28913121.555555556,0.0,8224022.25,7.769225806451613,6.820821428571429,11.016612903225806,12.578833333333334,15.244483870967743,20.004866666666665,21.33388888888889,0.0,8.5445,12.30358064516129,11.962035714285715,15.631064516129031,16.457633333333334,19.27596774193548,24.543766666666667,26.73522222222222,0.0,13.867,4.328387096774194,2.545321428571429,6.770774193548387,8.7384,11.090387096774194,15.543666666666667,16.019,0.0,5.0095,0.0,1.0,2.0,0.0,0.0,0.0,0.0,0.0,0.0,0.0,0.0,0.0,0.0,0.0,0.0,0.0,0.0,0.0,28.0,26.0,18.0,16.0,17.0,23.0,9.0,0.0,2.0,120.75533333333334,304.6426666666667,483.26000000000005,657.7753333333334,817.3796666666667,973.1723333333333,1089.5430000000001,0.0,1.595,4.05425,6.403,8.538333333333334,10.48225,12.6825,14.209,0.0,5.440322580645161,5.3173571428571424,5.406387096774194,5.643533333333334,5.481967741935484,4.738233333333333,4.454666666666666,0.0,5.4505,2.77
PT15,14.07,1.483,2005,0.0,106.318,368.54200000000003,683.973,1089.063,1593.616,2127.039,2264.297,0.0,0.0,21.499000000000002,53.751,58.617000000000004,79.181,80.477,82.4,82.46900000000001,0.0,0.0,-25.669549999999997,-55.47193548387097,-131.84926666666667,-251.6052258064516,-402.6777,-577.3275806451612,-684.4704285714286,0.0,0.0,1.07495,1.0403870967741937,0.16219999999999998,0.6633548387096774,0.0432,0.06203225806451613,0.009857142857142858,0.0,0.0,14200703.425,15434992.709677419,22613620.2,25547832.48387097,27966451.666666668,27952971.225806452,27117849.42857143,0.0,0.0,10.315900000000001,13.45883870967742,15.514366666666666,18.067419354838712,21.818433333333335,22.207193548387096,24.608285714285717,0.0,0.0,14.792750000000002,16.831870967741935,19.4191,22.12858064516129,25.943766666666665,26.6328064516129,29.643714285714285,0.0,0.0,6.42065,10.305387096774194,11.828666666666667,14.374967741935485,17.9776,18.39548387096774,20.171142857142858,0.0,0.0,0.0,0.0,0.0,0.0,0.0,0.0,0.0,0.0,0.0,0.0,0.0,0.0,0.0,0.0,0.0,0.0,0.0,0.0,18.0,21.0,28.0,26.0,30.0,30.0,7.0,0.0,0.0,73.9865,191.56733333333332,329.06733333333335,453.12166666666667,560.185,662.5366666666667,730.136,0.0,0.9953333333333333,2.75425,4.4,5.8012500000000005,7.2595,8.618,9.455,0.0,5.28015,5.522870967741936,5.107866666666666,4.949741935483871,4.251833333333333,3.811870967741936,3.5142857142857147,0.0,6.345
PT16,15.134,1.382,2005,42.683,120.758,347.616,604.43,965.113,1452.519,1831.1680000000001,0.0,0.0,0.424,18.511,91.839,138.349,188.293,196.934,197.385,0.0,0.0,-11.5228125,-44.784464285714286,-82.42954838709677,-82.11006666666667,-146.62377419354837,-280.3522,-420.93968181818184,0.0,0.0,0.0265,0.6459642857142857,2.3654193548387097,1.5503333333333333,1.6110967741935485,0.2880333333333333,0.0205,0.0,0.0,10475122.96875,13308396.107142856,14859796.887096774,18937961.7,23640155.387096774,26688059.733333334,27971612.0,0.0,0.0,7.594875,7.763821428571428,12.277935483870968,13.560466666666667,16.63493548387097,21.24686666666667,22.211318181818182,0.0,0.0,13.4134375,13.294714285714287,17.407290322580643,18.19333333333333,21.425483870967742,27.0052,28.271863636363637,0.0,0.0,2.979875,2.9224642857142853,7.391064516129032,9.0207,11.946677419354838,15.890066666666666,16.601,0.0,0.0,2.0,1.0,2.0,0.0,0.0,0.0,0.0,0.0,0.0,0.0,0.0,0.0,0.0,0.0,1.0,0.0,0.0,0.0,16.0,26.0,22.0,18.0,22.0,27.0,22.0,0.0,0.0,49.158,145.62366666666665,285.0333333333333,422.60099999999994,553.4340000000001,689.2136666666667,848.7773333333333,0.0,0.835,2.4185,4.4145,6.230999999999999,7.9835,9.9465,11.744,0.0,4.17375,4.1558214285714286,4.2538064516129035,4.361233333333333,4.04283870967742,3.4973,3.2489545454545454,0.0,0.0,4.118
PT17,16.711,1.353,2005,0.0,90.107,349.616,653.91,1064.671,1590.923,2143.482,2297.6059999999998,0.0,0.0,7.029,40.21,58.476,87.196,88.885,93.888,93.923,0.0,0.0,-24.466380952380952,-77.9536129032258,-137.61393333333334,-247.5992258064516,-414.45663333333334,-602.5557096774194,-716.5508571428571,0.0,0.0,0.3347142857142857,1.0703548387096773,0.6088666666666666,0.9264516129032258,0.0563,0.16138709677419355,0.005,0.0,0.0,14281049.285714285,15537873.822580645,20418339.8,25018625.129032258,27937831.8,27690147.032258064,27310477.14285714,0.0,0.0,9.290809523809523,13.37125806451613,15.143133333333333,18.250354838709676,22.541733333333333,22.82448387096774,27.017714285714284,0.0,0.0,15.272142857142857,18.90667741935484,20.851266666666668,23.987870967741937,29.396666666666665,29.503129032258062,34.95,0.0,0.0,4.0652380952380955,8.385419354838708,9.817033333333333,13.038806451612905,16.294633333333334,17.097677419354838,19.203714285714284,0.0,0.0,0.0,0.0,0.0,0.0,0.0,0.0,0.0,0.0,0.0,0.0,0.0,0.0,0.0,4.0,2.0,4.0,0.0,0.0,18.0,23.0,26.0,26.0,30.0,30.0,7.0,0.0,0.0,69.8725,179.29,304.5176666666667,417.209,524.627,642.5496666666667,725.63,0.0,0.9400000000000001,2.5255,4.059,5.391500000000001,6.85,8.32825,9.237,0.0,3.9508095238095238,4.049870967741936,3.9852,3.7623225806451615,3.1330666666666667,2.9864516129032257,2.6978571428571425,0.0,10.625
PT18,14.978,1.496,2005,0.0,88.412,347.396,652.639,1075.163,1631.398,2214.323,2302.91,0.0,0.0,14.294,50.844,72.101,108.083,109.949,113.843,113.843,0.0,0.0,-22.562615384615388,-74.59406451612904,-128.3264,-236.8487741935484,-399.51986666666664,-593.6487741935484,-699.4115,0.0,0.0,0.5497692307692308,1.179032258064516,0.7085666666666666,1.1607096774193548,0.062200000000000005,0.12561290322580645,0.0,0.0,0.0,13632657.307692308,15008884.967741935,20070241.7,24714097.225806452,27843903.866666667,27567189.677419353,28248186.5,0.0,0.0,8.400461538461538,13.35432258064516,15.174766666666667,18.629806451612904,23.541166666666665,23.804032258064513,27.14675,0.0,0.0,14.621846153846153,19.09383870967742,21.143833333333337,24.855483870967742,30.8053,31.15741935483871,34.95675,0.0,0.0,3.139307692307692,8.144677419354839,9.540633333333334,12.818387096774194,16.845299999999998,17.281225806451612,18.50125,0.0,0.0,0.0,0.0,0.0,0.0,0.0,0.0,0.0,0.0,0.0,0.0,0.0,0.0,0.0,6.0,3.0,2.0,0.0,0.0,22.0,23.0,26.0,24.0,30.0,30.0,4.0,0.0,0.0,62.043000000000006,162.38466666666667,281.65799999999996,392.7163333333333,503.1286666666667,625.5336666666667,707.449,0.0,0.9296666666666665,2.54575,4.124333333333333,5.46275,6.953250000000001,8.50325,0.0,0.0,4.739884615384615,4.785967741935484,4.7001,4.338451612903225,3.5576999999999996,3.347032258064516,3.2190000000000003,0.0,7.426
PT11,15.187,1.25,2006,78.244,153.773,344.947,616.332,970.99,1405.225,1532.734,0.0,12.781,67.542,194.657,481.43,591.278,614.444,639.925,641.374,0.0,16.859,32.061096774193544,60.19396428571429,212.9203870967742,373.7867,316.2342258064516,196.06306666666666,120.39555555555557,0.0,8.7775,1.6349354838709678,4.539821428571428,9.250741935483871,3.6616,0.7472903225806452,0.8493666666666667,0.16099999999999998,0.0,8.4295,7997571.564516129,11155544.660714285,10936812.524193548,20080741.466666665,24461712.967741936,25498176.766666666,26811766.222222224,0.0,4622962.0,6.961516129032257,7.6737142857142855,11.16690322580645,14.046166666666666,16.44058064516129,19.4745,19.16766666666667,0.0,11.3905,11.533645161290323,12.539321428571428,14.319806451612903,18.521733333333334,20.94751612903226,24.22076666666667,23.82411111111111,0.0,13.0885,3.5953870967741937,3.6285,8.085935483870967,9.759433333333334,11.750903225806452,14.8839,14.616555555555557,0.0,9.651499999999999,2.0,1.0,0.0,0.0,0.0,0.0,0.0,0.0,0.0,0.0,0.0,0.0,0.0,0.0,0.0,0.0,0.0,0.0,27.0,18.0,11.0,17.0,27.0,22.0,9.0,0.0,0.0,117.546,296.07099999999997,478.949,662.0,827.2106666666667,987.9436666666667,1108.047,0.0,1.5765,3.98375,6.43575,8.619333333333334,10.5535,12.72625,14.246,0.0,5.690774193548386,5.756392857142857,6.19241935483871,6.105966666666666,5.409290322580644,4.737733333333334,4.584,0.0,5.957000000000001,2.928
PT15,14.07,1.483,2006,0.0,125.408,388.219,708.634,1128.537,1592.493,2157.589,2286.945,0.0,0.0,45.124,121.236,155.408,155.928,194.645,197.704,197.73499999999999,0.0,0.0,-1.9057,8.775838709677421,-22.722466666666666,-132.9507741935484,-269.2547,-415.0415161290323,-525.0058571428572,0.0,0.0,2.2562,2.4552258064516126,1.1390666666666667,0.016774193548387096,1.2905666666666666,0.0986774193548387,0.004428571428571428,0.0,0.0,11524485.825,16061588.233870968,20801115.15,26351535.870967742,26337513.3,27784210.967741936,26793358.0,0.0,0.0,11.270399999999999,13.477774193548386,15.680499999999999,18.54525806451613,20.4652,23.22890322580645,23.47942857142857,0.0,0.0,14.4036,16.51974193548387,19.246366666666667,23.08116129032258,24.345833333333335,27.85341935483871,27.903,0.0,0.0,8.56085,10.545290322580644,12.4053,14.42183870967742,17.180600000000002,19.18322580645161,19.67742857142857,0.0,0.0,0.0,0.0,0.0,0.0,0.0,0.0,0.0,0.0,0.0,0.0,0.0,0.0,0.0,0.0,0.0,0.0,0.0,0.0,13.0,23.0,24.0,31.0,24.0,30.0,7.0,0.0,0.0,95.0675,251.38733333333334,431.56333333333333,587.793,715.0723333333334,835.0859999999999,916.203,0.0,1.2256666666666665,3.3854999999999995,5.484333333333333,7.265499999999999,8.971,10.60775,11.582,0.0,5.9587,6.019258064516129,5.7766,5.15483870967742,5.103833333333333,4.414387096774194,4.085142857142857,0.0,5.578
PT16,15.134,1.382,2006,35.417,137.983,349.08,638.13,1026.333,1478.881,1868.964,0.0,0.0,5.215,90.012,243.89,314.141,321.625,352.407,360.456,0.0,0.0,-7.7178125,-1.2839285714285715,66.96770967741936,116.86023333333334,27.36754838709678,-111.46726666666667,-223.98018181818182,0.0,0.0,0.3259375,3.0284642857142856,4.963806451612903,2.3417000000000003,0.2414193548387097,1.0260666666666667,0.36586363636363634,0.0,0.0,9393881.8125,11909938.660714285,12068555.185483871,20442239.566666666,25307387.419354837,24916423.033333335,26395472.40909091,0.0,0.0,7.013375,8.66307142857143,11.80958064516129,14.635,17.52267741935484,20.084933333333332,22.731045454545452,0.0,0.0,12.010875,13.71225,15.452838709677419,19.3396,22.960032258064516,25.444133333333333,28.563681818181816,0.0,0.0,3.0706875,4.5145357142857145,8.246354838709678,10.272,12.131483870967743,15.307799999999999,17.352545454545456,0.0,0.0,3.0,0.0,0.0,0.0,0.0,0.0,0.0,0.0,0.0,0.0,0.0,0.0,0.0,0.0,0.0,1.0,0.0,0.0,14.0,18.0,16.0,20.0,28.0,23.0,20.0,0.0,0.0,53.66,161.35233333333335,324.517,485.7473333333333,629.9496666666668,770.4433333333333,938.3119999999999,0.0,0.859,2.532,4.78525,6.818666666666666,8.66925,10.650500000000001,12.576666666666668,0.0,4.4943125,4.631892857142858,4.941290322580645,4.6322,3.955967741935484,3.7954999999999997,3.491909090909091,0.0,0.0,5.088
PT17,16.711,1.353,2006,0.0,106.45,350.388,670.683,1107.199,1593.495,2183.929,2330.639,0.0,0.0,38.515,125.248,163.398,165.443,208.068,214.308,214.341,0.0,0.0,-1.6547619047619044,11.510193548387097,-6.134033333333334,-129.25329032258065,-273.42240000000004,-427.51325806451615,-548.2957142857142,0.0,0.0,1.8340476190476191,2.7978387096774195,1.2716666666666667,0.06596774193548387,1.4208333333333334,0.20129032258064516,0.004714285714285714,0.0,0.0,12015371.5,13949897.35483871,20905814.833333332,26497505.48387097,25168712.266666666,27167179.741935484,26337168.57142857,0.0,0.0,10.069047619047618,12.868967741935483,15.6765,19.08116129032258,21.209866666666667,24.046258064516127,25.958571428571428,0.0,0.0,14.756714285714287,16.99274193548387,21.0463,25.801354838709678,27.2827,31.08841935483871,33.01571428571429,0.0,0.0,6.172,9.065290322580646,11.0739,12.82425806451613,16.1034,18.241225806451613,19.31757142857143,0.0,0.0,0.0,0.0,0.0,0.0,0.0,0.0,0.0,0.0,0.0,0.0,0.0,0.0,1.0,0.0,6.0,1.0,0.0,0.0,13.0,21.0,22.0,30.0,25.0,29.0,7.0,0.0,0.0,85.05850000000001,224.77599999999998,384.64466666666664,519.797,632.0536666666667,751.5426666666667,838.545,0.0,1.123,3.07625,5.108999999999999,6.7627500000000005,8.2995,9.9565,10.971,0.0,4.615857142857142,4.896193548387097,4.3741666666666665,3.5100645161290323,3.692833333333333,3.1373225806451615,2.885142857142857,0.0,9.923
PT18,14.978,1.496,2006,0.0,113.093,349.132,670.6850000000001,1119.248,1624.112,2241.775,2323.65,0.0,0.0,43.388,133.013,174.94,177.653,221.043,229.963,229.983,0.0,0.0,-4.172884615384616,10.659451612903226,-4.1210666666666675,-123.17038709677419,-268.77000000000004,-423.88670967741933,-533.7317499999999,0.0,0.0,1.6687692307692308,2.8911290322580645,1.3975666666666666,0.08751612903225807,1.4463333333333332,0.28774193548387095,0.005,0.0,0.0,11815895.615384616,13833549.548387097,20128166.466666665,26295679.29032258,25388825.7,27297288.51612903,26390430.0,0.0,0.0,9.349730769230769,12.61416129032258,15.718433333333333,19.469774193548385,21.8288,24.924612903225807,25.46875,0.0,0.0,14.47653846153846,17.187096774193545,21.30503333333333,26.511741935483872,28.30636666666667,32.35683870967742,32.7745,0.0,0.0,5.256461538461538,8.463387096774193,10.698,12.817741935483872,16.139400000000002,18.470580645161288,18.82825,0.0,0.0,0.0,0.0,0.0,0.0,0.0,0.0,0.0,0.0,0.0,0.0,0.0,0.0,1.0,0.0,9.0,1.0,0.0,0.0,17.0,20.0,22.0,30.0,24.0,28.0,4.0,0.0,0.0,83.96700000000001,227.44233333333332,399.58,548.1986666666667,669.9423333333333,796.469,884.117,0.0,1.181,3.344,5.519666666666667,7.314,8.95,10.64625,0.0,0.0,5.342076923076923,5.551354838709678,5.1302,4.2262903225806445,4.314733333333334,3.6075806451612906,3.44475,0.0,8.781
PT11,15.187,1.25,2007,138.68800000000002,284.45300000000003,475.873,726.119,1034.886,1397.892,1519.575,0.0,17.476,61.14,327.349,402.873,461.0,579.472,728.612,736.089,0.0,15.609,27.84090322580645,145.90382142857143,280.7447741935484,245.78983333333332,227.19870967741934,254.55666666666667,256.71722222222223,0.0,13.562000000000001,1.4687419354838709,9.507464285714287,2.436258064516129,1.9375666666666664,3.8216774193548386,4.971333333333334,0.8307777777777778,0.0,7.8045,6986142.645161291,8736973.276785715,15023768.846774194,19782084.683333334,21672029.241935484,23698282.75,24775713.333333332,0.0,3272066.75,8.842483870967742,10.205892857142857,11.17483870967742,13.341533333333333,14.960225806451612,17.100199999999997,18.520333333333333,0.0,13.738,12.470806451612903,13.251964285714285,15.347612903225807,17.8364,19.080645161290324,21.059233333333335,22.48211111111111,0.0,14.892,5.717225806451613,6.8067142857142855,7.180032258064516,9.033833333333332,10.988096774193549,13.261533333333334,14.602666666666668,0.0,12.217,0.0,0.0,0.0,0.0,0.0,0.0,0.0,0.0,0.0,0.0,0.0,0.0,0.0,0.0,0.0,0.0,0.0,0.0,20.0,7.0,23.0,16.0,18.0,18.0,7.0,0.0,0.0,120.31166666666667,302.109,490.5853333333334,674.2189999999999,836.659,996.7610000000001,1117.6390000000001,0.0,1.5995000000000001,4.1655,6.667,8.807666666666668,10.7765,13.090250000000001,14.695,0.0,6.553548387096774,6.773392857142857,6.51541935483871,5.865966666666667,5.644870967741935,5.591066666666666,5.354666666666667,0.0,6.666,2.988
PT15,14.07,1.483,2007,0.0,175.906,430.104,717.284,1094.551,1523.273,2053.689,2174.747,0.0,0.0,35.816,54.231,112.259,138.66,162.975,163.74099999999999,163.983,0.0,0.0,3.2623000000000006,-42.59041935483871,-90.1249,-172.12848387096776,-288.46453333333335,-440.7505483870968,-552.8974285714286,0.0,0.0,1.7908000000000002,0.5940322580645161,1.9342666666666666,0.8516451612903225,0.8104999999999999,0.024709677419354835,0.03457142857142857,0.0,0.0,12024472.45,18416580.322580647,21238979.066666666,25112412.70967742,26092963.333333332,28255501.16129032,26586812.57142857,0.0,0.0,13.795300000000001,13.199935483870966,14.572666666666667,17.169903225806454,19.290733333333332,22.110193548387095,22.294,0.0,0.0,16.4495,17.152354838709677,18.175666666666665,21.055129032258066,22.986800000000002,26.796709677419354,26.427285714285713,0.0,0.0,11.0887,9.519612903225807,11.285266666666667,13.595290322580645,16.0767,18.05354838709677,18.693,0.0,0.0,0.0,0.0,0.0,0.0,0.0,0.0,0.0,0.0,0.0,0.0,0.0,0.0,0.0,0.0,0.0,0.0,0.0,0.0,11.0,26.0,18.0,25.0,26.0,31.0,7.0,0.0,0.0,86.8515,232.194,398.57233333333335,550.158,682.1936666666667,802.1840000000001,879.067,0.0,1.2873333333333334,3.3635,5.334333333333333,7.12025,8.9115,10.545250000000001,11.518,0.0,6.085500000000001,5.614258064516129,5.770300000000001,5.380709677419355,5.083466666666666,4.387612903225806,4.081142857142857,0.0,6.57
PT16,15.134,1.382,2007,48.073,211.705,418.328,679.558,1008.743,1401.2069999999999,1718.132,0.0,0.0,19.355,165.762,202.925,270.40999999999997,346.966,414.544,430.574,0.0,0.0,-0.5368124999999998,57.75057142857143,93.85480645161292,60.95006666666667,21.007322580645162,-32.01183333333333,-112.666,0.0,0.0,1.2096875,5.228821428571429,1.1988064516129033,2.2495,2.4695483870967743,2.2526,0.7286363636363636,0.0,0.0,8956111.875,9296477.67857143,15724427.806451613,20288351.7,22234764.032258064,24019785.5,25535179.954545453,0.0,0.0,7.9820625,10.844,11.665258064516129,13.707666666666666,15.618870967741936,18.08213333333333,19.40568181818182,0.0,0.0,12.118125,14.3755,16.380129032258065,18.392400000000002,20.183129032258066,22.811066666666665,24.4265,0.0,0.0,4.517375,7.104714285714286,7.190483870967742,9.4429,11.29616129032258,13.688433333333334,14.805136363636365,0.0,0.0,0.0,0.0,0.0,0.0,0.0,0.0,0.0,0.0,0.0,0.0,0.0,0.0,0.0,0.0,0.0,0.0,0.0,0.0,9.0,9.0,23.0,17.0,19.0,22.0,18.0,0.0,0.0,50.743,153.74300000000002,309.7953333333333,457.5976666666667,593.1403333333333,736.4406666666667,909.48,0.0,0.8714999999999999,2.63175,4.91,6.826,8.68125,10.85325,12.869333333333335,0.0,4.7750625,5.087428571428572,4.61583870967742,4.446833333333333,4.413451612903226,4.304166666666666,3.8979545454545454,0.0,0.0,5.38
PT17,16.711,1.353,2007,0.0,163.208,405.962,702.953,1081.443,1525.466,2070.288,2199.222,0.0,0.0,74.318,83.48100000000001,131.205,175.118,211.814,213.861,213.969,0.0,0.0,36.201523809523806,1.1013548387096774,-61.80503333333333,-142.58190322580646,-256.31493333333333,-415.50609677419357,-537.1055714285715,0.0,0.0,3.538952380952381,0.29558064516129035,1.5908,1.416548387096774,1.2231999999999998,0.06603225806451613,0.01542857142857143,0.0,0.0,10254413.023809524,17362400.548387095,21335484.133333333,23558242.741935484,25600395.666666668,27615104.903225806,26149772.0,0.0,0.0,12.771809523809525,12.830774193548388,14.8997,17.20935483870968,19.800766666666668,22.57490322580645,23.419142857142855,0.0,0.0,16.397333333333332,18.15132258064516,20.189966666666667,22.67932258064516,25.345899999999997,29.641290322580645,30.247285714285713,0.0,0.0,8.936142857142856,8.054,10.1358,12.240806451612903,14.917966666666667,16.720870967741934,17.429142857142857,0.0,0.0,0.0,0.0,0.0,0.0,0.0,0.0,0.0,0.0,0.0,0.0,0.0,0.0,0.0,0.0,3.0,2.0,0.0,0.0,8.0,27.0,21.0,24.0,24.0,31.0,7.0,0.0,0.0,80.15899999999999,212.16966666666667,357.86266666666666,481.86833333333334,593.655,718.6153333333333,810.596,0.0,1.1449999999999998,3.0500000000000003,4.793333333333334,6.31725,7.837,9.43525,10.435,0.0,4.9697619047619055,4.270677419354838,4.333666666666667,4.1166451612903225,4.029366666666666,3.4116451612903225,3.096285714285714,0.0,10.183
PT18,14.978,1.496,2007,0.0,175.301,405.877,695.559,1079.9,1538.924,2108.298,2194.135,0.0,0.0,76.375,88.712,147.494,196.668,233.367,235.796,235.85299999999998,0.0,0.0,28.28265384615385,-1.0341935483870943,-54.16556666666666,-125.1775806451613,-236.28373333333332,-395.64974193548386,-508.17525,0.0,0.0,2.9375,0.39796774193548384,1.9593999999999998,1.586258064516129,1.2232999999999998,0.07835483870967741,0.01425,0.0,0.0,9682256.576923076,17313846.19354839,20693996.5,23302728.83870968,24893400.2,27734451.16129032,27441295.5,0.0,0.0,11.742346153846153,12.437935483870968,14.656066666666668,17.398096774193547,20.3008,23.366903225806453,26.459249999999997,0.0,0.0,15.851615384615384,18.130935483870967,20.08403333333333,23.22732258064516,26.325766666666667,30.741580645161292,34.71775,0.0,0.0,7.729038461538461,7.35,9.738499999999998,12.077709677419355,14.8646,16.889741935483872,18.442,0.0,0.0,0.0,0.0,0.0,0.0,0.0,0.0,0.0,0.0,0.0,0.0,0.0,0.0,0.0,0.0,3.0,2.0,0.0,0.0,8.0,26.0,19.0,23.0,25.0,31.0,4.0,0.0,0.0,73.4245,199.81333333333336,346.4633333333333,478.96866666666665,607.3396666666666,748.9953333333333,845.468,0.0,1.1513333333333333,3.12075,4.9926666666666675,6.6805,8.436,10.222,0.0,0.0,5.643769230769231,5.061612903225806,5.098433333333333,4.845645161290323,4.6564000000000005,3.8997096774193545,3.441,0.0,9.467
PT11,15.187,1.25,2008,161.762,351.177,519.298,765.506,1044.158,1445.858,1539.161,0.0,5.494000000000001,216.942,271.69599999999997,360.703,639.207,832.995,858.064,868.064,0.0,0.213,155.20816129032258,199.00489655172413,194.18754838709677,320.3646,426.0252258064516,451.9182666666667,383.961875,0.0,-0.8585,6.991258064516129,1.8880689655172413,2.871193548387097,9.283466666666667,6.251225806451613,0.8356333333333333,1.25,0.0,0.1065,6677275.100806451,10264952.965517242,14075827.66935484,18446168.366666667,19626513.83870968,26519293.1,23997244.5,0.0,6637507.5,10.040903225806451,11.531551724137932,10.423258064516128,13.206933333333334,13.988774193548387,18.39,16.662875,0.0,7.747,13.640548387096773,16.038310344827586,14.311548387096774,17.231466666666666,17.29706451612903,22.824,20.273375,0.0,12.2515,6.947903225806451,7.8196551724137935,6.569258064516129,9.4247,10.836967741935485,13.786666666666667,12.920125,0.0,4.307,0.0,0.0,0.0,0.0,0.0,0.0,0.0,0.0,0.0,0.0,0.0,0.0,0.0,0.0,0.0,0.0,0.0,0.0,15.0,20.0,20.0,14.0,10.0,28.0,6.0,0.0,2.0,103.77133333333335,279.68033333333335,469.6886666666667,657.5543333333334,825.0833333333334,982.5243333333333,1096.742,0.0,1.51875,3.9892499999999997,6.52775,9.04525,11.097333333333333,13.08175,14.598,0.0,5.91941935483871,5.692068965517241,5.650806451612904,6.029766666666666,5.987133333333333,5.576233333333334,5.2219999999999995,0.0,5.192500000000001,3.05
PT15,14.07,1.483,2008,0.0,188.686,453.413,769.033,1112.913,1593.613,2109.148,2219.246,0.0,0.0,120.021,148.374,257.6,304.846,307.0,307.56600000000003,307.584,0.0,0.0,32.65114285714286,43.54451612903226,30.707666666666668,-27.228354838709677,-132.54236666666668,-311.3862258064516,-416.1376666666667,0.0,0.0,5.715285714285715,0.9146129032258064,3.6408666666666667,1.5240645161290323,0.0718,0.01825806451612903,0.0030000000000000005,0.0,0.0,11922386.714285715,17716809.677419353,21088580.258333333,22333003.16129032,28516664.866666667,28188911.35483871,27265511.333333332,0.0,0.0,13.985047619047618,13.539580645161289,15.520666666666667,16.092903225806452,21.023333333333333,21.63016129032258,23.349666666666668,0.0,0.0,16.76090476190476,17.441129032258065,19.087300000000003,19.10641935483871,25.368733333333335,26.130709677419354,28.34283333333333,0.0,0.0,11.366619047619048,9.957935483870969,12.1022,13.46758064516129,16.874299999999998,17.91409677419355,19.263,0.0,0.0,0.0,0.0,0.0,0.0,0.0,0.0,0.0,0.0,0.0,0.0,0.0,0.0,0.0,0.0,0.0,0.0,0.0,0.0,12.0,28.0,21.0,20.0,29.0,31.0,6.0,0.0,0.0,87.317,234.15633333333335,403.738,558.765,697.918,825.4453333333335,907.662,0.0,1.1503333333333334,3.22675,5.47875,7.353333333333333,8.9905,10.65625,11.66,0.0,6.255142857142857,5.801451612903226,5.938833333333333,5.632533333333333,5.031733333333333,4.299032258064517,4.005333333333334,0.0,7.575
PT16,15.134,1.382,2008,89.351,290.466,488.555,765.301,1067.394,1498.655,1824.172,0.0,0.0,3.084,49.007,86.828,288.925,399.564,411.901,416.709,0.0,0.0,-7.0685625000000005,-16.123103448275863,-45.57651612903225,1.3101666666666638,31.192322580645158,-10.762066666666671,-133.70538095238095,0.0,0.0,0.19275,1.583551724137931,1.220032258064516,6.736566666666667,3.569,0.41123333333333334,0.22895238095238094,0.0,0.0,9506166.6875,10561366.448275862,14722958.532258065,18836762.666666668,20148195.64516129,26614405.233333334,27111076.095238097,0.0,0.0,10.5844375,11.935,11.389967741935484,14.224866666666665,14.744935483870968,19.375366666666665,20.500809523809522,0.0,0.0,16.018625,16.615275862068966,15.896806451612903,18.898233333333334,18.587709677419358,24.556933333333333,25.95252380952381,0.0,0.0,6.495,8.151793103448275,7.1533870967741935,9.917633333333333,11.130354838709676,14.4793,15.012,0.0,0.0,0.0,0.0,0.0,0.0,0.0,0.0,0.0,0.0,0.0,0.0,0.0,0.0,0.0,0.0,0.0,0.0,0.0,0.0,15.0,20.0,22.0,15.0,12.0,28.0,19.0,0.0,0.0,46.962,149.7363333333333,310.20433333333335,461.61833333333334,598.5386666666667,734.708,893.5913333333333,0.0,0.8175000000000001,2.48775,4.78825,6.98475,8.883333333333333,10.7505,12.637666666666666,0.0,4.5498125,4.507275862068966,4.380580645161291,4.870333333333334,4.710966666666667,4.123166666666667,3.6714285714285713,0.0,0.0,5.262
PT17,16.711,1.353,2008,0.0,176.52700000000002,413.707,734.797,1086.264,1588.548,2127.237,2240.465,0.0,0.0,63.915,85.517,208.962,262.622,265.544,267.787,267.791,0.0,0.0,5.9612727272727275,-12.29874193548387,-20.235599999999998,-69.50738709677418,-180.7181,-374.41270967741934,-486.356,0.0,0.0,2.9052272727272728,0.6968387096774193,4.114833333333333,1.7309677419354839,0.0974,0.07235483870967742,0.0006666666666666666,0.0,0.0,11807900.727272727,15599339.08064516,20217957.45,21195409.032258064,28071221.733333334,27410102.83870968,27447542.333333332,0.0,0.0,13.023954545454545,12.650967741935483,15.703,16.33764516129032,21.7428,22.377064516129032,23.871333333333336,0.0,0.0,17.949181818181817,17.650064516129035,20.942333333333334,20.88925806451613,28.697866666666666,29.011903225806453,32.02916666666667,0.0,0.0,9.079227272727273,8.244806451612904,10.910166666666667,12.203870967741935,15.499933333333333,16.605806451612903,17.584500000000002,0.0,0.0,0.0,0.0,0.0,0.0,0.0,0.0,0.0,0.0,0.0,0.0,0.0,0.0,0.0,0.0,1.0,0.0,0.0,0.0,14.0,27.0,20.0,16.0,29.0,30.0,6.0,0.0,0.0,80.1715,214.81366666666668,367.069,496.6036666666667,608.2626666666666,730.509,824.25,0.0,1.0676666666666665,3.021,5.01325,6.583666666666667,7.95925,9.564,10.603,0.0,4.749590909090909,4.4276451612903225,4.805400000000001,4.474266666666667,3.6766333333333336,3.1469032258064518,2.9596666666666667,0.0,11.863
PT18,14.978,1.496,2008,0.0,203.632,431.67199999999997,746.981,1095.099,1608.311,2169.596,2229.08,0.0,0.0,68.438,92.986,209.864,277.145,280.66,282.609,282.609,0.0,0.0,2.3669999999999987,-14.517580645161292,-28.67573333333333,-71.38193548387098,-166.96869999999998,-359.25525806451617,-462.8286666666666,0.0,0.0,2.534740740740741,0.7918709677419355,3.8959333333333332,2.170354838709678,0.11716666666666667,0.06287096774193549,0.0,0.0,0.0,11341955.537037037,15697110.612903226,19780582.883333333,20239866.741935484,27665359.466666665,27461431.612903226,27752442.666666668,0.0,0.0,12.541925925925925,12.356129032258066,15.5103,16.229612903225807,22.107066666666665,23.105967741935483,24.828000000000003,0.0,0.0,17.533,17.761903225806453,21.113666666666667,21.04341935483871,29.084666666666667,30.191000000000003,32.677,0.0,0.0,8.529,7.563645161290323,10.304466666666666,11.865096774193548,15.459266666666668,16.72435483870968,17.876666666666665,0.0,0.0,0.0,0.0,0.0,0.0,0.0,0.0,0.0,0.0,0.0,0.0,0.0,0.0,0.0,2.0,2.0,1.0,0.0,0.0,18.0,26.0,20.0,15.0,29.0,31.0,3.0,0.0,0.0,82.01650000000001,220.25933333333333,370.48966666666666,497.0726666666667,617.7289999999999,753.4913333333334,850.033,0.0,1.1066666666666667,3.1395,5.2379999999999995,6.919,8.462,10.189499999999999,0.0,0.0,5.366148148148148,5.109903225806452,5.462833333333333,5.142666666666667,4.365466666666666,3.585935483870968,3.4463333333333335,0.0,10.501
PT11,15.187,1.25,2009,119.048,235.121,469.18,646.06,982.094,1393.207,1518.903,0.0,15.214,295.341,390.892,418.436,528.314,591.314,696.781,700.744,0.0,11.015,101.25038709677419,328.1173214285714,301.1644193548387,272.5386,258.1011612903226,226.9534,184.23933333333332,0.0,4.104000000000001,9.171806451612904,3.4125357142857142,0.888516129032258,3.6626,2.032258064516129,3.5155666666666665,0.4403333333333333,0.0,5.5075,5554898.241935484,11761968.375,18309419.26612903,18801855.283333335,24238873.64516129,23672395.633333333,25249312.0,0.0,4114466.9375,7.993838709677419,9.139928571428571,12.550290322580645,10.895999999999999,15.839806451612903,18.70376666666667,18.96622222222222,0.0,12.607,10.803903225806451,13.949892857142856,17.906129032258065,14.726366666666667,20.434032258064516,22.5864,22.976333333333333,0.0,14.725999999999999,5.279677419354838,5.091214285714286,7.779387096774194,7.183066666666666,11.238806451612904,14.868699999999999,15.057444444444444,0.0,10.408,4.0,0.0,0.0,0.0,0.0,0.0,0.0,0.0,0.0,0.0,0.0,0.0,0.0,0.0,0.0,0.0,0.0,0.0,10.0,21.0,28.0,15.0,22.0,17.0,8.0,0.0,1.0,111.06766666666665,287.10633333333334,471.5636666666667,652.5896666666667,814.1846666666667,971.2579999999999,1089.724,0.0,1.5565,4.0344999999999995,6.439,8.602666666666666,10.571,12.855,14.414,0.0,6.110774193548387,6.493785714285714,5.772516129032258,5.618533333333334,5.3870645161290325,5.238366666666667,5.000333333333334,0.0,5.743,3.006
PT15,14.07,1.483,2009,0.0,147.19299999999998,447.688,721.691,1121.955,1616.586,2145.188,2263.012,0.0,0.0,6.1129999999999995,20.382,48.249,57.281,67.493,67.962,67.982,0.0,0.0,-19.90825,-70.32406451612903,-167.3998,-277.43612903225807,-421.3862,-592.7663548387097,-709.2732857142857,0.0,0.0,0.30565,0.4602903225806452,0.9289000000000001,0.29135483870967743,0.3404,0.015129032258064515,0.002857142857142857,0.0,0.0,14646215.95,18162141.048387095,21913717.7,26338137.29032258,25715271.766666666,28532493.29032258,27069420.0,0.0,0.0,12.359649999999998,14.693387096774194,14.133433333333333,17.91174193548387,21.4877,22.05167741935484,21.832,0.0,0.0,16.38705,18.762774193548385,17.965033333333334,22.212935483870968,25.325733333333336,26.908483870967743,26.472428571428573,0.0,0.0,8.818999999999999,11.034870967741936,10.829066666666668,14.072322580645162,18.024066666666666,17.990225806451612,18.167571428571428,0.0,0.0,0.0,0.0,0.0,0.0,0.0,0.0,0.0,0.0,0.0,0.0,0.0,0.0,0.0,0.0,0.0,0.0,0.0,0.0,18.0,27.0,23.0,29.0,26.0,31.0,7.0,0.0,0.0,86.3515,231.22133333333332,397.30333333333334,544.1636666666667,670.0010000000001,787.217,864.501,0.0,1.1633333333333333,3.12825,4.992666666666667,6.72075,8.4415,10.02725,10.984,0.0,5.7919,5.546741935483872,5.331,5.033258064516129,4.694,4.025483870967742,3.7462857142857144,0.0,6.632
PT16,15.134,1.382,2009,79.743,214.578,480.674,687.36,1064.095,1512.711,1845.867,0.0,0.0,137.421,215.409,240.782,313.727,348.637,398.168,413.114,0.0,0.0,51.276624999999996,168.87917857142858,131.461,73.40636666666666,15.027612903225805,-87.75743333333334,-190.09595454545453,0.0,0.0,8.5888125,2.785285714285714,0.818483870967742,2.4314999999999998,1.1261290322580644,1.6510333333333334,0.6793636363636364,0.0,0.0,5691150.34375,12109069.464285715,18303803.85483871,19598200.333333332,24956577.225806452,23933921.9,25990658.636363637,0.0,0.0,9.9839375,9.815535714285714,13.583741935483872,11.889533333333333,17.15274193548387,19.953866666666666,20.143454545454546,0.0,0.0,12.67675,14.825571428571427,19.372709677419355,16.4328,22.471870967741935,24.718566666666668,25.216454545454543,0.0,0.0,6.9241875,5.558892857142857,8.468225806451612,7.741633333333334,11.940096774193549,15.522699999999999,15.404136363636365,0.0,0.0,0.0,0.0,0.0,0.0,0.0,0.0,0.0,0.0,0.0,0.0,0.0,0.0,0.0,0.0,0.0,0.0,0.0,0.0,2.0,21.0,26.0,16.0,22.0,23.0,21.0,0.0,0.0,43.55,135.91733333333332,280.7483333333333,422.584,554.537,694.4699999999999,865.6843333333333,0.0,0.8015000000000001,2.40275,4.49375,6.32,8.10875,10.20875,12.191666666666668,0.0,5.38825,5.036071428571428,4.256774193548387,4.3972,4.04441935483871,3.9737666666666667,3.7025909090909086,0.0,0.0,6.353
PT17,16.711,1.353,2009,0.0,133.187,440.609,699.206,1124.843,1631.966,2164.446,2280.394,0.0,0.0,11.502,24.705000000000002,73.202,99.349,126.257,129.234,130.893,0.0,0.0,-13.957333333333333,-67.13064516129033,-153.9421,-245.9304193548387,-384.0894666666666,-548.699193548387,-663.2732857142857,0.0,0.0,0.5477142857142857,0.42590322580645157,1.6165666666666667,0.8434516129032259,0.8969333333333334,0.09603225806451612,0.23700000000000002,0.0,0.0,13896718.30952381,18368581.69354839,20397683.216666665,25848637.35483871,24768247.033333335,27880294.580645163,25256536.57142857,0.0,0.0,11.342238095238097,14.91683870967742,13.6199,18.730225806451614,21.904100000000003,22.176774193548386,21.564,0.0,0.0,17.451714285714285,21.311709677419355,18.90823333333333,25.097193548387096,27.76546666666667,29.00925806451613,27.990714285714287,0.0,0.0,6.271095238095238,9.416870967741936,8.96,12.780225806451613,16.797266666666665,16.469354838709677,16.641142857142857,0.0,0.0,0.0,0.0,0.0,0.0,0.0,0.0,0.0,0.0,0.0,0.0,0.0,0.0,0.0,1.0,0.0,0.0,0.0,0.0,19.0,27.0,21.0,26.0,24.0,30.0,6.0,0.0,0.0,73.616,196.41933333333336,332.58633333333336,449.9193333333333,556.715,679.5036666666666,772.41,0.0,1.0063333333333333,2.6755,4.234666666666667,5.7025,7.27975,8.87925,9.874,0.0,4.686285714285715,4.056064516129032,4.1384,3.8392903225806454,3.5801666666666665,3.2439354838709678,3.145857142857143,0.0,9.92
PT18,14.978,1.496,2009,0.0,146.317,447.545,699.543,1132.267,1653.569,2206.337,2275.396,0.0,0.0,30.278,48.78,89.892,120.81,146.694,150.39,152.473,0.0,0.0,0.8827307692307692,-50.42825806451613,-137.7015,-232.51948387096775,-367.27746666666667,-535.4424516129033,-641.019,0.0,0.0,1.1645384615384615,0.5968387096774194,1.3704,0.9973548387096776,0.8628,0.1192258064516129,0.52075,0.0,0.0,12736511.807692308,18002747.741935484,20140365.466666665,25521186.48387097,24553351.3,28053876.19354839,25360621.0,0.0,0.0,10.627576923076923,14.717032258064517,13.399933333333333,18.95883870967742,22.376733333333334,22.831225806451613,22.26475,0.0,0.0,16.364423076923078,21.169451612903227,18.974266666666665,25.67925806451613,28.70446666666667,30.070451612903224,29.122500000000002,0.0,0.0,5.829384615384615,9.082387096774193,8.443433333333333,12.617387096774193,16.762366666666665,16.478645161290324,16.17775,0.0,0.0,0.0,0.0,0.0,0.0,0.0,0.0,0.0,0.0,0.0,0.0,0.0,0.0,0.0,4.0,1.0,0.0,0.0,0.0,19.0,26.0,21.0,26.0,24.0,29.0,3.0,0.0,0.0,66.673,182.36233333333334,315.01033333333334,433.99666666666667,554.185,692.1150000000001,786.555,0.0,1.0026666666666666,2.72375,4.379666666666666,5.92075,7.61475,9.36975,0.0,0.0,5.560961538461539,4.831645161290322,4.8049333333333335,4.4924193548387095,4.1067,3.6353225806451617,3.61975,0.0,11.536
PT11,15.187,1.25,2010,126.62400000000001,228.636,394.651,674.883,997.448,1407.823,1567.296,0.0,8.592,258.443,531.301,720.759,789.396,860.35,920.368,923.684,0.0,52.626,164.1546129032258,279.35432142857144,494.8002580645161,574.0328666666667,535.0130322580645,476.27063333333336,399.6978888888889,0.0,42.1095,6.639258064516129,9.744928571428572,6.111548387096774,2.2879,2.288838709677419,2.0006,0.36844444444444446,0.0,26.313,5904297.3558387095,8495183.75892857,13415169.532258065,20120781.6,23376901.93548387,25180535.283333335,25689543.888888888,0.0,4304166.375,8.572258064516129,8.585678571428572,10.355322580645161,14.341066666666666,15.40532258064516,18.679166666666667,22.719222222222225,0.0,9.296,11.433419354838708,11.884107142857143,14.191709677419354,18.895966666666666,19.729000000000003,23.0721,27.647666666666666,0.0,11.256,5.881806451612904,5.6571428571428575,6.7903548387096775,9.7218,11.142225806451613,14.335566666666667,17.963444444444445,0.0,7.652,1.0,0.0,0.0,0.0,0.0,0.0,0.0,0.0,0.0,0.0,0.0,0.0,0.0,0.0,0.0,0.0,0.0,0.0,11.0,10.0,16.0,17.0,20.0,25.0,8.0,0.0,0.0,115.88800000000002,292.9213333333334,473.3386666666667,654.6306666666666,820.9786666666668,983.2963333333333,1104.181,0.0,1.6065,4.16725,6.7095,8.884,10.877500000000001,13.155000000000001,14.727,0.0,7.227806451612904,6.980178571428572,7.051129032258065,6.474366666666667,5.815290322580645,5.422933333333333,4.879555555555555,0.0,7.3765,3.196
PT15,14.07,1.483,2010,0.0,148.321,411.789,743.444,1118.814,1557.756,2126.878,2261.453,0.0,0.0,161.644,258.673,342.714,365.484,377.859,378.726,378.75,0.0,0.0,65.1861,160.72348387096773,136.71813333333333,75.06770967741936,-57.85376666666666,-224.86606451612903,-338.61499999999995,0.0,0.0,8.0822,3.129967741935484,2.8013666666666666,0.734516129032258,0.4125,0.027967741935483872,0.003428571428571429,0.0,0.0,9327773.85,14445529.991935484,20970040.6,25170508.322580647,26526593.4,28055564.387096774,27617656.0,0.0,0.0,12.41605,13.498967741935484,16.055166666666665,17.108709677419355,19.6314,23.358774193548385,24.224999999999998,0.0,0.0,14.7703,16.401935483870968,19.533399999999997,20.853870967741937,23.488333333333333,28.056354838709677,28.88214285714286,0.0,0.0,10.15985,10.64348387096774,12.817733333333333,13.733548387096775,16.34593333333333,19.30848387096774,19.895000000000003,0.0,0.0,0.0,0.0,0.0,0.0,0.0,0.0,0.0,0.0,0.0,0.0,0.0,0.0,0.0,0.0,0.0,0.0,0.0,0.0,5.0,19.0,22.0,25.0,27.0,31.0,7.0,0.0,0.0,82.351,221.75666666666666,391.77933333333334,555.4276666666666,699.0396666666666,828.7063333333334,912.053,0.0,1.2853333333333332,3.3634999999999997,5.393999999999999,7.3335,9.2465,10.98,12.006,0.0,7.017449999999999,6.865387096774193,6.4857,5.905322580645161,5.475,4.944741935483871,4.735714285714286,0.0,5.82
PT16,15.134,1.382,2010,77.739,195.191,384.314,686.572,1036.07,1461.957,1824.865,0.0,0.0,33.169,228.281,361.85,438.27,482.798,526.731,528.93,0.0,0.0,18.7565,59.328857142857146,195.23554838709677,221.73603333333332,170.18364516129034,75.9768,-46.419363636363634,0.0,0.0,2.0730625,6.968285714285714,4.308677419354838,2.5473333333333334,1.4363870967741934,1.4644333333333335,0.09995454545454546,0.0,0.0,7078250.8828125,8549573.714285715,13631840.10483871,20155818.0,23811979.20967742,25502093.6,26955440.363636363,0.0,0.0,9.8586875,9.135285714285715,11.100741935483871,15.075266666666666,16.274129032258063,19.196233333333335,21.495818181818183,0.0,0.0,13.4418125,12.771392857142857,15.355774193548386,19.998233333333335,21.148774193548388,24.263733333333334,27.128545454545453,0.0,0.0,6.6499375,5.829357142857143,7.305677419354839,10.455566666666668,11.54374193548387,14.6832,16.541045454545454,0.0,0.0,0.0,0.0,0.0,0.0,0.0,0.0,0.0,0.0,0.0,0.0,0.0,0.0,0.0,0.0,0.0,0.0,0.0,0.0,10.0,9.0,14.0,19.0,22.0,26.0,22.0,0.0,0.0,50.752,152.39933333333332,305.3826666666667,458.11466666666666,601.404,745.5653333333333,915.0970000000001,0.0,0.8925,2.699,5.02825,7.011666666666667,8.89925,10.999749999999999,12.926666666666668,0.0,5.2904375,5.369857142857143,5.277322580645161,4.806133333333333,4.333161290322581,4.13,3.6605909090909092,0.0,0.0,6.554
PT17,16.711,1.353,2010,0.0,117.348,346.549,680.975,1075.719,1542.459,2141.654,2281.047,0.0,0.0,158.854,269.123,337.79699999999997,364.798,379.157,379.569,379.585,0.0,0.0,49.421190476190475,162.99151612903225,146.3699,71.3078064516129,-72.9812,-265.81819354838706,-396.8544285714285,0.0,0.0,7.564476190476191,3.5570645161290324,2.289133333333333,0.871,0.47863333333333336,0.013290322580645162,0.002285714285714286,0.0,0.0,8919444.726190476,14432468.10483871,20308778.166666668,24566204.98387097,27113363.3,28267536.06451613,27578815.14285714,0.0,0.0,10.588,12.393580645161292,16.14753333333333,17.73367741935484,20.558,24.32887096774194,24.913285714285713,0.0,0.0,13.816761904761904,16.75706451612903,21.441433333333332,23.140612903225808,26.9207,32.06906451612903,33.080714285714286,0.0,0.0,7.370380952380952,8.459741935483871,11.433300000000001,12.742387096774193,15.380266666666667,18.002451612903226,18.037142857142857,0.0,0.0,0.0,0.0,0.0,0.0,0.0,0.0,0.0,0.0,0.0,0.0,0.0,0.0,0.0,0.0,9.0,3.0,0.0,0.0,5.0,19.0,19.0,26.0,27.0,31.0,7.0,0.0,0.0,79.6365,209.97733333333335,361.08166666666665,496.7673333333333,612.9899999999999,738.4830000000001,833.277,0.0,1.175,3.121,4.987666666666667,6.66,8.27875,9.88625,10.928,0.0,5.544714285714285,5.126096774193548,4.578,4.081774193548387,3.7984666666666667,3.266709677419355,3.079857142857143,0.0,10.598
PT18,14.978,1.496,2010,0.0,136.422,355.07099999999997,687.649,1082.809,1568.381,2198.469,2278.712,0.0,0.0,175.002,279.7,356.94100000000003,386.97,405.665,406.056,406.058,0.0,0.0,51.35361538461538,168.7892580645161,156.42196666666666,88.23529032258064,-52.02206666666667,-240.28387096774193,-360.66525,0.0,0.0,6.730846153846154,3.3773548387096777,2.5747,0.9686774193548388,0.6231666666666666,0.012612903225806452,0.0005,0.0,0.0,8541295.278846154,13944427.193548387,20132101.666666668,24376112.66129032,26312518.6,28312165.741935484,27665372.5,0.0,0.0,10.231307692307693,12.053193548387096,16.085933333333333,17.747096774193547,21.185733333333335,25.325419354838708,25.06075,0.0,0.0,13.807115384615384,16.779967741935483,21.6026,23.447064516129032,27.772933333333334,33.32132258064516,33.33925,0.0,0.0,6.872230769230769,7.869612903225806,11.081966666666666,12.350903225806452,15.4957,18.401806451612902,17.6875,0.0,0.0,0.0,0.0,0.0,0.0,0.0,0.0,0.0,0.0,0.0,0.0,0.0,0.0,0.0,0.0,11.0,2.0,0.0,0.0,7.0,18.0,20.0,25.0,26.0,31.0,4.0,0.0,0.0,76.649,203.88466666666667,353.463,489.0493333333334,613.342,750.6406666666667,848.093,0.0,1.2256666666666665,3.245,5.215,6.994,8.7275,10.48025,0.0,0.0,6.15876923076923,5.951741935483871,5.483333333333333,4.928354838709677,4.489933333333334,3.793709677419355,3.58125,0.0,11.46
PT11,15.187,1.25,2011,136.432,261.74399999999997,455.313,796.6469999999999,1197.041,1601.327,1717.767,0.0,14.597,245.541,413.545,495.807,577.685,645.659,651.148,663.546,0.0,6.303999999999999,167.14309677419354,272.3260357142857,333.217935483871,318.4962,298.8556451612903,193.6912,101.95577777777778,0.0,4.1695,7.7173225806451615,6.000142857142857,2.6536129032258065,2.7292666666666667,2.192709677419355,0.18296666666666667,1.3775555555555554,0.0,3.1519999999999997,6588822.366935484,10312995.919642856,14284874.85483871,20756899.55,23539906.48387097,26595707.033333335,21675592.222222224,0.0,4254032.375,8.92158064516129,9.475428571428571,11.244161290322582,16.3778,17.915935483870967,18.4762,17.93777777777778,0.0,12.2985,12.091677419354838,13.697107142857144,15.355580645161291,21.4673,22.485612903225807,23.233333333333334,21.834,0.0,14.3015,6.139387096774193,5.812392857142858,7.387838709677419,11.652866666666666,13.223612903225806,13.665833333333333,14.47588888888889,0.0,10.212,0.0,0.0,0.0,0.0,0.0,0.0,0.0,0.0,0.0,0.0,0.0,0.0,0.0,0.0,0.0,0.0,0.0,0.0,18.0,16.0,20.0,22.0,20.0,27.0,7.0,0.0,1.0,121.84733333333334,308.74766666666665,496.14033333333333,680.237,848.6903333333333,1012.1850000000001,1129.698,0.0,1.61225,4.10475,6.5395,8.670333333333334,10.67475,12.98675,14.562,0.0,6.733741935483871,6.628607142857143,6.233774193548387,5.765166666666667,5.476870967741936,4.743433333333333,4.488444444444444,0.0,6.1245,3.503
PT15,14.07,1.483,2011,0.0,162.766,423.03000000000003,788.5070000000001,1226.949,1702.84,2215.106,2330.154,0.0,0.0,50.274,131.191,207.618,290.99399999999997,294.617,295.07099999999997,303.85,0.0,0.0,14.601099999999999,26.844774193548382,-35.41786666666667,-55.78035483870968,-160.1337,-339.56261290322584,-436.5394285714286,0.0,0.0,2.5137,2.610225806451613,2.5475666666666665,2.6895483870967745,0.12076666666666666,0.01464516129032258,1.2541428571428572,0.0,0.0,12610748.4,16817638.322580647,21685985.166666668,23284373.919354837,28024561.533333335,28146725.612903226,23611612.285714287,0.0,0.0,13.138300000000001,13.395612903225807,17.182566666666666,19.143290322580647,20.86303333333333,21.524709677419352,21.43542857142857,0.0,0.0,16.600050000000003,16.587612903225807,20.886666666666667,22.523548387096774,25.309666666666665,26.138322580645163,25.53842857142857,0.0,0.0,10.0223,10.352290322580645,13.728133333333334,15.918225806451614,16.984433333333335,17.661451612903225,18.50485714285714,0.0,0.0,0.0,0.0,0.0,0.0,0.0,0.0,0.0,0.0,0.0,0.0,0.0,0.0,0.0,0.0,0.0,0.0,0.0,0.0,15.0,19.0,20.0,20.0,29.0,31.0,6.0,0.0,0.0,95.31049999999999,250.513,427.13466666666665,589.2476666666666,735.491,867.9993333333333,952.77,0.0,1.2646666666666666,3.4770000000000003,5.491666666666667,7.42225,9.481,11.27,12.361,0.0,6.57835,6.566064516129033,6.144466666666667,6.082645161290323,5.386066666666666,4.873741935483872,5.091857142857143,0.0,6.359
PT16,15.134,1.382,2011,41.195,187.534,396.589,755.471,1173.79,1604.241,1915.27,0.0,0.0,21.022000000000002,148.598,211.63400000000001,304.764,381.072,387.642,392.689,0.0,0.0,-0.3030000000000001,36.21039285714286,72.83777419354838,34.2656,16.12038709677419,-81.93533333333333,-213.15445454545454,0.0,0.0,1.3138750000000001,4.556285714285714,2.03341935483871,3.1043333333333334,2.461548387096774,0.219,0.2294090909090909,0.0,0.0,9371808.390625,11048210.625,14768325.774193548,20582058.066666666,23229889.48387097,27329174.366666667,25754177.09090909,0.0,0.0,7.53175,10.226392857142857,11.743709677419355,16.962733333333333,18.49416129032258,19.348366666666667,19.137681818181818,0.0,0.0,11.9250625,14.972107142857142,16.093225806451613,22.456766666666667,23.42361290322581,24.877266666666667,24.134045454545454,0.0,0.0,4.1153125,6.2177500000000006,7.795419354838709,11.970400000000001,13.911064516129032,14.113,14.69909090909091,0.0,0.0,0.0,0.0,0.0,0.0,0.0,0.0,0.0,0.0,0.0,0.0,0.0,0.0,0.0,0.0,0.0,0.0,0.0,0.0,11.0,16.0,19.0,22.0,18.0,27.0,21.0,0.0,0.0,53.043,159.397,317.14866666666666,468.94233333333335,612.8743333333333,764.4383333333334,935.9163333333332,0.0,0.8895,2.6207499999999997,4.87175,6.8069999999999995,8.72975,10.941,12.895333333333333,0.0,5.083125,5.214035714285714,4.917322580645162,4.538733333333334,4.41158064516129,3.7520666666666664,3.5836818181818177,0.0,0.0,7.781
PT17,16.711,1.353,2011,0.0,147.733,383.593,771.57,1234.957,1716.9,2230.683,2346.795,0.0,0.0,67.261,135.066,230.236,308.633,315.161,315.85,322.916,0.0,0.0,24.785333333333337,32.49212903225806,-24.715366666666668,-53.70183870967741,-158.2287,-346.99738709677416,-455.7761428571429,0.0,0.0,3.2029047619047617,2.187258064516129,3.1723333333333334,2.528935483870968,0.2176,0.022225806451612904,1.0094285714285713,0.0,0.0,11330118.88095238,16089131.387096774,20904161.433333334,23153098.677419353,27821672.433333334,27740584.387096774,22097027.285714287,0.0,0.0,12.034904761904762,12.608387096774194,17.932566666666666,19.947967741935482,21.064766666666667,21.573645161290322,21.58742857142857,0.0,0.0,16.53514285714286,17.479387096774193,23.786800000000003,25.48716129032258,27.632933333333334,28.297129032258066,26.999142857142857,0.0,0.0,8.071904761904761,8.338451612903226,12.887366666666667,15.108935483870969,15.353133333333334,16.279709677419355,17.664571428571428,0.0,0.0,0.0,0.0,0.0,0.0,0.0,0.0,0.0,0.0,0.0,0.0,0.0,0.0,0.0,2.0,1.0,0.0,0.0,0.0,12.0,20.0,21.0,19.0,27.0,31.0,6.0,0.0,0.0,80.059,211.962,360.583,491.68333333333334,611.0023333333334,741.3796666666667,839.315,0.0,1.1123333333333332,3.0085,4.775666666666667,6.46275,8.232000000000001,9.9575,11.057,0.0,4.948190476190477,4.798677419354839,4.448566666666666,4.421516129032258,3.7282333333333333,3.410322580645161,3.7351428571428573,0.0,12.258
PT18,14.978,1.496,2011,0.0,158.24699999999999,387.632,775.082,1241.759,1738.335,2282.709,2347.713,0.0,0.0,69.269,139.799,232.392,308.337,314.328,314.742,321.503,0.0,0.0,13.011076923076924,30.551354838709678,-25.86296666666667,-56.54916129032258,-164.09026666666665,-356.2854516129032,-458.57225,0.0,0.0,2.664192307692308,2.275161290322581,3.0864333333333334,2.4498387096774197,0.1997,0.013354838709677418,1.69025,0.0,0.0,11594003.759615384,15522532.14516129,20531091.466666665,22995188.225806452,27917605.266666666,27995915.16129032,21563634.5,0.0,0.0,11.086423076923078,12.399516129032257,17.915000000000003,20.05409677419355,21.552533333333333,22.560451612903226,21.250999999999998,0.0,0.0,16.629269230769232,17.366064516129033,23.91036666666667,25.83458064516129,28.453133333333334,29.714645161290324,26.986,0.0,0.0,6.434153846153847,8.034935483870967,12.452766666666665,14.790903225806453,15.271700000000001,16.498612903225805,17.0345,0.0,0.0,0.0,0.0,0.0,0.0,0.0,0.0,0.0,0.0,0.0,0.0,0.0,0.0,0.0,2.0,1.0,0.0,0.0,0.0,18.0,19.0,20.0,20.0,27.0,31.0,3.0,0.0,0.0,75.95150000000001,202.28833333333333,347.5406666666666,480.89466666666664,613.2123333333334,756.9573333333333,857.822,0.0,1.1256666666666668,3.0645000000000002,4.898666666666666,6.67975,8.60725,10.4505,0.0,0.0,5.759615384615385,5.663064516129032,5.3097666666666665,5.195161290322581,4.4064000000000005,3.8931290322580643,4.32475,0.0,12.337
PT11,15.187,1.25,2012,107.683,190.344,417.983,588.985,920.651,1294.941,1391.47,0.0,5.96,40.934,44.038,67.739,208.535,410.491,479.69599999999997,488.289,0.0,0.503,15.234193548387099,-14.928655172413793,-62.27761290322581,-85.57563333333333,76.75741935483872,38.31676666666667,-8.973374999999997,0.0,-0.9279999999999999,1.3042258064516128,0.1070344827586207,0.7645483870967742,4.6932,6.514709677419355,2.306833333333333,1.074125,0.0,0.2515,8273237.95967742,13035839.827586208,17681152.758064516,17184726.775,21345625.403225806,22631241.033333335,23799540.5,0.0,6011472.625,8.281387096774194,7.711862068965518,12.343193548387097,10.700066666666666,15.698903225806452,17.476333333333333,17.066125,0.0,7.98,12.986967741935484,13.148827586206897,17.740903225806452,13.9198,19.645032258064514,21.134333333333334,20.755375,0.0,12.271,4.732064516129032,3.2452068965517245,7.466774193548387,7.642366666666667,11.814161290322582,13.496966666666667,13.247,0.0,3.636,0.0,3.0,0.0,0.0,0.0,0.0,0.0,0.0,0.0,0.0,0.0,0.0,0.0,0.0,0.0,0.0,0.0,0.0,26.0,28.0,27.0,11.0,15.0,14.0,6.0,0.0,2.0,110.98,284.37433333333337,464.41333333333336,644.2063333333333,808.8026666666666,963.0889999999999,1074.7549999999999,0.0,1.5155,3.8687499999999995,6.205,8.626999999999999,10.655333333333333,12.60125,14.137,0.0,5.682709677419354,5.4542758620689655,5.229064516129032,5.4177333333333335,5.8865483870967745,5.592366666666666,5.257625,0.0,5.6395,3.463
PT15,14.07,1.483,2012,0.0,110.411,384.278,632.164,1062.133,1526.167,2037.752,2136.663,0.0,0.0,0.6829999999999999,42.43,87.54,119.505,120.911,121.027,121.063,0.0,0.0,-27.912000000000003,-90.49577419354839,-128.43116666666666,-203.75012903225806,-360.1283666666667,-544.5029032258064,-655.5945,0.0,0.0,0.032523809523809524,1.3466774193548388,1.5036666666666667,1.0311290322580644,0.046866666666666675,0.003741935483870968,0.006000000000000001,0.0,0.0,16152339.42857143,18252200.951612905,19555870.133333333,25246978.29032258,27849842.066666666,28869103.419354837,27546412.666666668,0.0,0.0,10.257666666666667,13.83441935483871,13.262866666666667,18.869967741935486,20.4678,21.502741935483872,21.485166666666668,0.0,0.0,15.349523809523808,17.977967741935483,16.125666666666667,22.801451612903225,24.69226666666667,26.32264516129032,26.35683333333333,0.0,0.0,5.905666666666667,10.117516129032259,10.805266666666666,15.020129032258065,16.776333333333334,17.545225806451615,17.576833333333333,0.0,0.0,0.0,0.0,0.0,0.0,0.0,0.0,0.0,0.0,0.0,0.0,0.0,0.0,0.0,0.0,0.0,0.0,0.0,0.0,21.0,25.0,16.0,24.0,30.0,31.0,6.0,0.0,0.0,81.50049999999999,205.68533333333335,346.79733333333337,488.3063333333334,619.0636666666666,736.73,813.446,0.0,1.0933333333333335,2.9405,5.06775,6.829666666666667,8.42125,10.03925,11.026,0.0,5.346523809523809,5.376096774193548,5.6471,5.366935483870968,4.768866666666667,4.131612903225807,3.9194999999999998,0.0,6.454
PT16,15.134,1.382,2012,54.753,151.701,411.755,606.491,973.667,1392.686,1704.894,0.0,0.0,1.626,3.2039999999999997,19.841,116.59100000000001,225.883,253.432,256.528,0.0,0.0,-9.327375,-44.74213793103448,-105.20774193548387,-157.8638,-104.73606451612903,-201.92496666666665,-315.54938095238094,0.0,0.0,0.101625,0.05441379310344828,0.5366774193548387,3.225,3.5255483870967743,0.9183,0.14742857142857144,0.0,0.0,9898022.109375,13697064.379310345,17428990.677419353,17066077.45,22854913.93548387,23609822.3,27147600.38095238,0.0,0.0,8.4220625,8.24748275862069,13.388838709677419,11.4912,16.844387096774195,18.9673,19.86704761904762,0.0,0.0,14.0454375,14.250586206896552,19.313903225806452,15.173066666666667,21.632064516129034,23.609033333333333,25.42957142857143,0.0,0.0,4.2265,3.1273793103448275,8.067290322580645,8.043,12.397774193548388,14.397966666666667,14.663619047619047,0.0,0.0,0.0,2.0,0.0,0.0,0.0,0.0,0.0,0.0,0.0,0.0,0.0,0.0,0.0,0.0,0.0,1.0,0.0,0.0,15.0,28.0,28.0,12.0,19.0,20.0,20.0,0.0,0.0,50.761,150.32266666666666,292.4146666666667,425.7776666666667,556.1673333333333,693.6436666666667,855.5093333333334,0.0,0.8445,2.4785,4.53775,6.60925,8.485,10.3375,12.261333333333333,0.0,4.4266875,4.142103448275862,3.91641935483871,4.3395,4.5246129032258064,3.9998,3.543190476190476,0.0,0.0,7.275
PT17,16.711,1.353,2012,0.0,97.038,388.272,634.207,1064.292,1547.0,2078.9230000000002,2179.093,0.0,0.0,0.111,14.629,46.623999999999995,103.665,107.5,108.13,108.138,0.0,0.0,-27.71831818181818,-99.0994193548387,-181.5619,-227.37912903225805,-380.2336666666667,-575.3751612903226,-696.315,0.0,0.0,0.005045454545454546,0.4683225806451613,1.0665,1.8400322580645163,0.12783333333333333,0.02032258064516129,0.0013333333333333333,0.0,0.0,15329519.363636363,17633520.19354839,18387713.266666666,23927168.870967742,26281512.233333334,28502922.19354839,27396814.666666668,0.0,0.0,9.410818181818183,14.394645161290322,13.197833333333334,18.873709677419356,21.090266666666665,22.158806451612904,21.695000000000004,0.0,0.0,16.4785,20.952032258064516,17.469033333333336,24.68261290322581,27.083233333333332,29.353451612903225,28.439999999999998,0.0,0.0,3.323318181818182,8.412064516129032,9.341133333333334,13.587935483870968,15.7425,16.41632258064516,16.3385,0.0,0.0,0.0,0.0,0.0,0.0,0.0,0.0,0.0,0.0,0.0,0.0,0.0,0.0,0.0,2.0,3.0,0.0,0.0,0.0,22.0,29.0,20.0,23.0,29.0,31.0,6.0,0.0,0.0,72.47999999999999,185.15066666666667,312.188,434.667,554.5913333333333,685.1496666666667,779.709,0.0,0.9936666666666666,2.60075,4.43475,5.945333333333333,7.46975,9.17325,10.221,0.0,3.964772727272727,3.8778709677419356,4.274933333333333,4.276225806451612,3.5385333333333335,3.1208709677419355,3.061166666666667,0.0,13.188
PT18,14.978,1.496,2012,0.0,103.979,388.701,622.5600000000001,1063.624,1563.815,2121.274,2174.609,0.0,0.0,0.104,13.072,61.378,112.273,116.377,117.173,117.175,0.0,0.0,-31.673333333333336,-109.75883870967742,-185.66443333333333,-227.27558064516128,-385.6485333333333,-581.9740967741935,-694.0653333333333,0.0,0.0,0.0038518518518518515,0.4183225806451613,1.6102,1.641774193548387,0.1368,0.025677419354838707,0.0006666666666666666,0.0,0.0,14879244.703703703,17642368.032258064,17589669.533333335,23964706.096774194,26366505.9,28636458.129032258,27973496.666666668,0.0,0.0,8.790074074074074,14.18458064516129,12.7953,19.227870967741936,21.673033333333333,22.982548387096777,22.778333333333332,0.0,0.0,15.860111111111111,20.835709677419356,17.299266666666664,25.455290322580645,28.1719,30.67032258064516,30.28233333333333,0.0,0.0,2.9627777777777777,8.161935483870968,8.834966666666666,13.434548387096774,15.7603,16.47148387096774,16.468666666666667,0.0,0.0,3.0,0.0,0.0,0.0,0.0,0.0,0.0,0.0,0.0,0.0,0.0,0.0,1.0,3.0,3.0,0.0,0.0,0.0,27.0,29.0,20.0,22.0,30.0,31.0,3.0,0.0,0.0,65.44,166.50233333333333,279.96333333333337,395.36966666666666,522.1646666666667,667.5373333333333,769.088,0.0,0.967,2.565,4.4735,6.153333333333333,7.734,9.55075,0.0,0.0,4.786148148148148,4.558870967741935,4.953733333333333,4.8839999999999995,4.0149,3.483548387096774,3.382,0.0,12.972
PT11,15.187,1.25,2013,153.953,250.642,420.745,638.112,903.583,1293.512,1478.189,0.0,10.664,260.627,361.537,814.099,937.846,992.209,1028.383,1028.394,0.0,21.258,110.71464516129032,262.66760714285715,462.69174193548383,743.5310666666667,691.7280967741935,611.2729333333334,519.0984444444445,0.0,10.3185,7.72158064516129,3.603928571428572,14.598774193548387,4.1249,1.7536451612903226,1.2058,0.0012222222222222222,0.0,10.629,5356468.199580645,10167512.111607144,11284454.459677419,19909055.95,22959088.48387097,25424308.566666666,28640602.666666668,0.0,3128037.875,9.622225806451613,8.453178571428571,10.487193548387097,12.245566666666667,13.56358064516129,17.997633333333333,25.519666666666666,0.0,10.332,12.694870967741936,12.129071428571427,13.436,16.450733333333332,17.95522580645161,22.559900000000003,31.511,0.0,12.0405,6.823225806451613,5.1227857142857145,7.630354838709677,8.162233333333333,9.09058064516129,13.641666666666667,19.455111111111112,0.0,8.515,0.0,0.0,0.0,0.0,0.0,0.0,0.0,0.0,0.0,0.0,0.0,0.0,0.0,0.0,0.0,4.0,0.0,0.0,14.0,18.0,9.0,19.0,19.0,22.0,9.0,0.0,0.0,120.383,308.42633333333333,498.0243333333333,682.6573333333333,848.7063333333334,1003.2473333333334,1116.581,0.0,1.6880000000000002,4.35475,6.96975,9.232666666666667,11.22725,13.44875,14.955,0.0,6.315419354838709,6.483892857142857,6.885290322580645,7.029966666666667,5.997258064516129,5.443,4.429222222222222,0.0,6.1105,3.452
PT15,14.07,1.483,2013,0.0,119.874,374.023,670.37,1020.358,1461.782,2005.485,2122.47,0.0,0.0,34.333,220.387,247.425,259.869,263.541,265.222,265.238,0.0,0.0,-3.8923500000000004,68.50193548387097,84.99980000000001,-36.97512903225807,-177.82436666666666,-357.14267741935487,-464.14414285714287,0.0,0.0,1.71665,6.001741935483871,0.9012666666666667,0.4014193548387097,0.12240000000000001,0.05422580645161291,0.002285714285714286,0.0,0.0,12432185.325,13775308.532258065,22773882.0,25415187.419354837,28290268.066666666,27755649.48387097,27613716.285714287,0.0,0.0,10.9937,13.198354838709678,14.878233333333332,16.289935483870966,19.714133333333333,22.538806451612903,21.712142857142858,0.0,0.0,14.08505,15.549516129032257,18.614266666666666,20.290741935483872,24.0941,26.87183870967742,26.45,0.0,0.0,8.0693,10.799806451612902,11.448566666666666,12.77290322580645,15.948933333333335,19.007774193548386,18.047571428571427,0.0,0.0,0.0,0.0,0.0,0.0,0.0,0.0,0.0,0.0,0.0,0.0,0.0,0.0,0.0,0.0,0.0,0.0,0.0,0.0,13.0,11.0,27.0,29.0,28.0,31.0,7.0,0.0,0.0,98.95949999999999,260.72133333333335,446.402,610.3159999999999,745.474,866.6,946.717,0.0,1.265,3.57225,5.756,7.64925,9.546,11.246,12.298,0.0,5.9157,6.5799677419354845,6.1778666666666675,5.507,5.098666666666667,4.664129032258065,4.378857142857143,0.0,8.215
PT16,15.134,1.382,2013,85.36,196.375,385.383,629.45,929.891,1352.469,1740.43,0.0,0.0,132.79999999999998,205.70499999999998,497.707,568.793,602.4639999999999,626.548,627.983,0.0,0.0,89.726875,124.99932142857143,244.94722580645163,392.9719666666667,305.48212903225806,202.56196666666668,58.66131818181819,0.0,0.0,8.299999999999999,2.6037500000000002,9.41941935483871,2.3695333333333335,1.0861612903225806,0.8028,0.06522727272727273,0.0,0.0,5701231.0234375,10536801.44642857,11571861.911290323,20522968.916666668,23680341.951612905,25766891.2,27259259.545454547,0.0,0.0,10.335,8.964821428571428,11.097032258064516,13.135566666666668,14.691645161290323,19.085933333333333,22.63459090909091,0.0,0.0,13.6273125,12.90692857142857,14.393612903225806,17.704,19.52774193548387,24.313,28.750363636363637,0.0,0.0,7.2091875,5.4105357142857144,7.9305161290322586,8.754766666666665,9.998193548387098,14.174100000000001,17.368681818181816,0.0,0.0,0.0,0.0,0.0,0.0,0.0,0.0,0.0,0.0,0.0,0.0,0.0,0.0,0.0,0.0,0.0,5.0,0.0,0.0,5.0,17.0,8.0,21.0,23.0,24.0,22.0,0.0,0.0,54.118,162.61833333333334,321.65866666666665,473.09799999999996,610.0973333333333,743.4516666666667,906.6053333333333,0.0,0.9550000000000001,2.78675,5.1665,7.216666666666666,9.0655,11.11125,13.025333333333334,0.0,5.3744375,4.981714285714285,5.501258064516128,5.225066666666667,4.573548387096774,4.012133333333334,3.4254090909090906,0.0,0.0,7.559
PT17,16.711,1.353,2013,0.0,101.114,331.67,619.308,970.595,1443.125,2015.292,2134.845,0.0,0.0,35.039,208.978,241.422,252.486,257.966,260.145,260.173,0.0,0.0,-2.6285714285714286,51.35016129032258,85.20790000000001,-39.72212903225806,-188.8092,-381.75893548387097,-493.7141428571428,0.0,0.0,1.6685238095238095,5.610935483870968,1.0814666666666668,0.3569032258064516,0.18266666666666664,0.07029032258064516,0.004,0.0,0.0,11035642.357142856,12895190.298387097,21951319.233333334,24973545.580645163,27211320.733333334,27389109.64516129,26942664.85714286,0.0,0.0,9.81495238095238,12.437290322580644,14.587933333333332,16.33183870967742,20.750999999999998,23.457,22.079,0.0,0.0,14.124285714285715,15.817483870967742,19.666066666666666,22.14651612903226,27.039499999999997,30.543870967741935,28.90857142857143,0.0,0.0,6.176857142857143,9.281129032258066,10.092433333333334,11.216516129032257,14.9753,17.541064516129033,16.713142857142856,0.0,0.0,0.0,0.0,0.0,0.0,0.0,0.0,0.0,0.0,0.0,0.0,0.0,0.0,0.0,4.0,6.0,0.0,0.0,0.0,14.0,7.0,24.0,27.0,27.0,30.0,7.0,0.0,0.0,82.275,217.0716666666667,371.3566666666666,502.01966666666664,611.566,736.7196666666667,835.887,0.0,1.1453333333333333,3.13975,5.074,6.66475,8.2465,9.89925,11.019,0.0,4.675761904761905,5.3229354838709675,4.620233333333333,3.9621935483870967,3.670166666666667,3.258741935483871,3.232428571428571,0.0,12.194
PT18,14.978,1.496,2013,0.0,111.294,328.61899999999997,614.881,975.2769999999999,1469.3,2070.529,2142.7,0.0,0.0,42.239,237.811,269.604,284.473,291.81,293.5,293.508,0.0,0.0,-8.358230769230769,64.49441935483871,107.5567,-14.122677419354838,-161.04756666666665,-357.4780322580645,-462.988,0.0,0.0,1.624576923076923,6.308774193548387,1.0597666666666667,0.4796451612903226,0.24456666666666668,0.05451612903225806,0.002,0.0,0.0,11089839.615384616,12110961.524193548,21503817.066666666,24623384.129032258,27063832.866666667,27617414.774193548,27825346.5,0.0,0.0,9.280538461538463,12.010483870967741,14.542066666666667,16.625677419354837,21.467433333333336,24.394483870967743,23.042749999999998,0.0,0.0,14.036807692307692,15.70325806451613,20.028833333333335,22.793451612903226,28.170433333333335,31.928903225806454,30.560000000000002,0.0,0.0,5.369346153846154,8.595354838709678,9.525733333333333,11.04941935483871,15.355933333333333,17.981032258064516,16.77925,0.0,0.0,0.0,0.0,0.0,0.0,0.0,0.0,0.0,0.0,0.0,0.0,0.0,0.0,0.0,5.0,9.0,0.0,0.0,0.0,17.0,8.0,22.0,26.0,27.0,31.0,4.0,0.0,0.0,79.4,208.67533333333333,353.6846666666667,476.3403333333334,588.589,729.3753333333334,839.818,0.0,1.1916666666666667,3.283,5.271,6.923,8.584,10.379999999999999,0.0,0.0,5.471038461538461,6.074354838709677,5.509566666666667,4.809709677419355,4.3637999999999995,3.70458064516129,3.58975,0.0,12.143
PT11,15.187,1.25,2014,167.45499999999998,288.132,485.938,752.9639999999999,1070.372,1463.896,1584.339,0.0,10.189,379.757,730.091,837.496,964.68,1056.806,1120.949,1139.0339999999999,0.0,22.561,239.16948387096775,562.9668214285714,679.2627419354839,748.7173,716.362193548387,688.5740000000001,643.0495555555556,0.0,15.7405,11.522451612903227,12.511928571428571,3.464677419354839,4.239466666666667,2.9718064516129035,2.1381,2.0094444444444446,0.0,11.2805,4612120.537290323,7621371.988857143,13777190.64516129,16848234.616666667,24539838.258064516,24550005.183333334,23642271.333333332,0.0,2223490.9375,10.07309677419355,9.309892857142858,11.380838709677418,13.900866666666667,15.238967741935484,18.117466666666665,18.382555555555555,0.0,10.0945,12.341322580645162,12.259571428571428,15.720451612903226,17.730233333333334,19.88825806451613,22.313166666666667,22.37222222222222,0.0,11.5515,7.633741935483871,6.370642857142856,7.3389354838709675,10.1351,10.856354838709679,13.913933333333334,14.528555555555556,0.0,8.5425,0.0,0.0,0.0,0.0,0.0,0.0,0.0,0.0,0.0,0.0,0.0,0.0,0.0,0.0,0.0,0.0,0.0,0.0,7.0,4.0,20.0,15.0,23.0,19.0,6.0,0.0,0.0,108.06466666666665,284.02299999999997,471.20433333333335,660.1256666666667,830.7533333333334,988.7506666666667,1105.708,0.0,1.67425,4.3415,6.93275,9.249666666666668,11.346250000000001,13.6205,15.186,0.0,6.831935483870968,7.466107142857142,7.034677419354838,6.7908333333333335,6.134870967741936,5.6725,5.558666666666666,0.0,6.3465,3.598
PT15,14.07,1.483,2014,0.0,142.522,401.275,724.129,1130.722,1574.49,2074.534,2187.432,0.0,0.0,33.659,74.019,138.164,151.201,162.46,164.871,165.423,0.0,0.0,6.750250000000001,-40.24274193548386,-51.254933333333334,-170.75167741935482,-311.1009,-462.1658387096774,-561.68,0.0,0.0,1.68295,1.3019354838709678,2.1381666666666663,0.4205483870967742,0.3753,0.07777419354838709,0.07885714285714286,0.0,0.0,11161875.975,17359099.677419353,21163885.954166666,26736033.870967742,26497738.733333334,27361139.419354837,25294495.714285713,0.0,0.0,12.1261,13.346870967741935,15.7618,18.115903225806452,19.792266666666666,21.130451612903226,21.128285714285713,0.0,0.0,14.80385,17.013806451612904,19.070733333333333,22.42167741935484,23.5926,25.278419354838707,25.105142857142855,0.0,0.0,9.39855,9.951612903225806,12.738266666666668,14.227806451612903,16.497866666666667,17.715064516129033,18.018285714285714,0.0,0.0,0.0,0.0,0.0,0.0,0.0,0.0,0.0,0.0,0.0,0.0,0.0,0.0,0.0,0.0,0.0,0.0,0.0,0.0,11.0,23.0,25.0,29.0,27.0,30.0,7.0,0.0,0.0,92.3715,245.01766666666666,418.85999999999996,575.0083333333333,709.5806666666667,835.1166666666667,917.729,0.0,1.2950000000000002,3.4735,5.596333333333334,7.42,9.2795,11.01075,12.076,0.0,6.14475,5.765290322580645,6.042066666666667,5.316096774193548,5.115866666666666,4.744258064516129,4.524571428571429,0.0,9.518
PT16,15.134,1.382,2014,73.228,209.077,424.191,707.4,1062.565,1482.749,1819.901,0.0,0.0,81.237,315.363,398.558,494.906,565.234,602.336,621.275,0.0,0.0,44.034875,204.49092857142858,253.0085483870968,300.6116666666667,231.14867741935484,158.63856666666666,57.804545454545455,0.0,0.0,5.0773125,8.361642857142858,2.6837096774193547,3.2116,2.2686451612903227,1.2367333333333332,0.8608636363636364,0.0,0.0,6246882.109375,8091462.959821428,14348919.620967742,17618977.466666665,24815737.387096774,24997024.033333335,25899656.636363637,0.0,0.0,9.57675,9.85175,11.93916129032258,14.4403,16.456935483870968,19.00613333333333,20.325090909090907,0.0,0.0,12.3849375,13.282,16.658967741935484,18.671566666666667,21.709096774193547,23.935166666666667,25.608727272727275,0.0,0.0,6.789625,6.375964285714285,7.684838709677419,10.430399999999999,11.697967741935484,14.347533333333333,15.624363636363636,0.0,0.0,0.0,0.0,0.0,0.0,0.0,0.0,0.0,0.0,0.0,0.0,0.0,0.0,0.0,0.0,0.0,0.0,0.0,0.0,4.0,5.0,20.0,19.0,23.0,23.0,17.0,0.0,0.0,47.089,144.13366666666667,294.69199999999995,446.4373333333333,587.493,727.1066666666667,897.5673333333334,0.0,0.9395,2.7479999999999998,5.12175,7.192666666666667,9.11325,11.251999999999999,13.261333333333333,0.0,5.3279375,5.785071428571428,5.292612903225806,5.139833333333333,4.519354838709678,4.164,3.906772727272727,0.0,0.0,7.641
PT17,16.711,1.353,2014,0.0,129.554,368.395,680.088,1081.792,1547.204,2073.124,2191.45,0.0,0.0,78.304,121.012,185.211,216.64600000000002,239.803,245.052,246.13,0.0,0.0,44.338,14.995193548387094,13.685266666666667,-97.14709677419354,-225.29823333333334,-384.45045161290324,-491.20185714285714,0.0,0.0,3.728761904761905,1.3776774193548387,2.1399666666666666,1.014032258064516,0.7719,0.16932258064516129,0.154,0.0,0.0,8949602.386904761,15747956.161290323,19116682.8,25698639.93548387,26226690.566666666,27286298.225806452,24333750.85714286,0.0,0.0,11.169238095238095,12.704548387096775,15.389766666666667,17.958193548387094,20.513733333333334,21.96516129032258,21.903714285714283,0.0,0.0,14.782333333333332,17.78432258064516,20.145300000000002,24.04325806451613,26.199033333333333,28.58367741935484,27.625285714285717,0.0,0.0,7.39,8.192870967741936,11.215766666666667,12.775516129032258,15.3597,16.749000000000002,17.570857142857143,0.0,0.0,0.0,0.0,0.0,0.0,0.0,0.0,0.0,0.0,0.0,0.0,0.0,0.0,0.0,2.0,0.0,0.0,0.0,0.0,10.0,23.0,20.0,27.0,25.0,29.0,7.0,0.0,0.0,81.168,218.67,375.49500000000006,506.9506666666667,622.2366666666667,761.2543333333333,868.412,0.0,1.2066666666666668,3.24225,5.217666666666667,6.85425,8.4985,10.30025,11.478,0.0,5.235714285714286,4.538935483870968,4.672166666666667,3.9883870967741935,3.842566666666667,3.5218387096774193,3.4747142857142856,0.0,11.842
PT18,14.978,1.496,2014,0.0,149.298,383.05,700.047,1112.771,1592.032,2140.559,2205.708,0.0,0.0,115.672,156.907,223.84,252.345,274.66,280.3,281.823,0.0,0.0,66.9328076923077,46.0333870967742,44.476400000000005,-70.51587096774195,-204.21053333333333,-361.1011290322581,-460.61975,0.0,0.0,4.4489230769230765,1.3301612903225806,2.2310999999999996,0.919516129032258,0.7438333333333333,0.18193548387096772,0.38075000000000003,0.0,0.0,8471731.173076924,15761097.814516129,18879377.983333334,25709332.19354839,25981671.633333333,27067146.19354839,21651597.0,0.0,0.0,10.742230769230769,12.540387096774193,15.566566666666667,18.31367741935484,20.975366666666666,22.69441935483871,21.28725,0.0,0.0,14.496961538461537,18.014129032258065,20.804066666666664,24.85658064516129,27.1454,29.736451612903227,26.69575,0.0,0.0,6.877230769230769,7.717193548387097,11.002066666666668,12.576580645161291,15.3195,16.77922580645161,16.829,0.0,0.0,0.0,0.0,0.0,0.0,0.0,0.0,0.0,0.0,0.0,0.0,0.0,0.0,0.0,4.0,0.0,0.0,0.0,0.0,9.0,23.0,22.0,27.0,26.0,29.0,3.0,0.0,0.0,72.5155,197.274,341.7293333333334,470.13466666666665,594.7546666666667,744.7890000000001,855.504,0.0,1.1796666666666666,3.21475,5.243333333333333,6.9325,8.67025,10.5495,0.0,0.0,6.031653846153846,5.415903225806452,5.4437999999999995,4.701096774193549,4.420766666666666,3.976741935483871,3.8834999999999997,0.0,12.558
PT11,15.187,1.25,2015,89.019,179.888,371.638,649.223,1012.145,1453.287,1587.93,0.0,1.7770000000000001,121.647,194.91,221.416,343.014,452.946,490.065,491.523,0.0,0.001,25.086612903225806,114.21635714285715,111.19003225806452,63.711933333333334,148.5346451612903,32.700533333333325,-45.9888888888889,0.0,-2.1905,3.9240645161290324,2.6165357142857144,0.8550322580645161,4.053266666666667,3.5461935483870968,1.2373,0.16200000000000003,0.0,0.0005,6902809.055451613,9096112.205357144,16185500.35483871,18388257.366666667,24268570.05645161,26273902.133333333,27039135.333333332,0.0,8140143.75,7.814258064516129,8.19975,11.185483870967742,14.252833333333333,16.70716129032258,19.704733333333333,19.960333333333335,0.0,5.8885000000000005,11.984483870967741,11.624821428571428,15.987129032258064,18.686899999999998,21.369032258064518,24.413733333333333,25.365666666666666,0.0,12.1885,4.340032258064516,4.998214285714285,7.029548387096774,9.972466666666666,12.028645161290322,14.909166666666666,14.949444444444445,0.0,2.301,0.0,0.0,0.0,0.0,0.0,0.0,0.0,0.0,0.0,0.0,0.0,0.0,0.0,0.0,0.0,0.0,0.0,0.0,20.0,16.0,27.0,16.0,24.0,24.0,8.0,0.0,2.0,118.36966666666666,301.5366666666667,489.8446666666667,673.3326666666667,838.2866666666667,997.5663333333333,1115.881,0.0,1.59925,4.1595,6.71475,8.908333333333333,11.0275,13.27175,14.828,0.0,6.0691612903225804,6.142107142857142,5.845935483870967,5.640533333333334,5.712483870967741,4.882466666666667,4.500444444444444,0.0,5.993,3.481
PT15,14.07,1.483,2015,0.0,134.653,398.757,719.622,1166.131,1659.306,2213.875,2339.284,0.0,0.0,12.095,51.141,91.509,94.884,102.535,103.43299999999999,103.581,0.0,0.0,-11.29675,-64.2528064516129,-122.58096666666667,-229.87658064516128,-392.7855666666666,-572.8992903225807,-686.9231428571428,0.0,0.0,0.60475,1.259548387096774,1.3456000000000001,0.10887096774193548,0.25503333333333333,0.02896774193548387,0.021142857142857147,0.0,0.0,12854848.725,18607550.19354839,20625482.1,26589065.129032258,27428282.233333334,28198226.774193548,25870607.42857143,0.0,0.0,11.73265,13.519483870967742,15.695500000000001,19.40351612903226,21.439166666666665,22.88932258064516,22.91557142857143,0.0,0.0,15.0476,17.94574193548387,19.242,24.207580645161293,25.513466666666666,27.79725806451613,27.76342857142857,0.0,0.0,8.756699999999999,9.751903225806453,12.568733333333334,14.819645161290323,17.7069,18.718548387096774,18.790857142857142,0.0,0.0,0.0,0.0,0.0,0.0,0.0,0.0,0.0,0.0,0.0,0.0,0.0,0.0,0.0,0.0,0.0,0.0,0.0,0.0,17.0,24.0,22.0,31.0,28.0,31.0,7.0,0.0,0.0,86.932,228.87300000000002,392.68799999999993,539.8006666666666,666.3543333333333,784.0120000000001,861.066,0.0,1.2309999999999999,3.28875,5.309666666666666,7.1015,8.90275,10.589500000000001,11.616999999999999,0.0,5.8797,5.710451612903226,5.717233333333334,5.152258064516129,4.691566666666666,4.103322580645162,4.0845714285714285,0.0,10.758
PT16,15.134,1.382,2015,57.693,165.28,379.086,678.64,1081.99,1550.023,1905.918,0.0,0.0,57.193,101.926,119.752,199.172,249.066,275.225,276.619,0.0,0.0,18.5044375,46.8885,10.165838709677418,-48.602966666666674,-63.40570967741935,-206.12453333333332,-337.82659090909095,0.0,0.0,3.5745625,1.5976071428571428,0.5750322580645162,2.6473333333333335,1.609483870967742,0.8719666666666667,0.06336363636363636,0.0,0.0,7469143.1796875,9971732.44642857,16406025.693548387,18946717.783333335,24927077.43548387,26697834.333333332,27057951.0,0.0,0.0,8.6058125,8.832857142857142,11.896967741935484,14.985133333333332,18.011290322580646,20.6011,21.177045454545453,0.0,0.0,12.38925,12.680821428571429,17.11351612903226,19.926166666666667,23.35467741935484,26.3771,27.1355,0.0,0.0,5.1561875,5.255392857142858,7.490161290322581,10.353,12.925258064516129,15.2233,16.189545454545456,0.0,0.0,0.0,0.0,0.0,0.0,0.0,0.0,0.0,0.0,0.0,0.0,0.0,0.0,0.0,0.0,0.0,0.0,0.0,0.0,8.0,16.0,28.0,16.0,26.0,27.0,22.0,0.0,0.0,49.113,147.911,296.70533333333333,439.605,573.872,716.0596666666667,886.297,0.0,0.895,2.56975,4.80075,6.717333333333333,8.64175,10.73825,12.663666666666666,0.0,5.0205,4.848714285714286,4.502838709677419,4.4766666666666675,4.218290322580645,3.6985666666666663,3.475363636363636,0.0,0.0,7.754
PT17,16.711,1.353,2015,0.0,119.097,365.156,690.498,1149.269,1667.063,2220.244,2345.104,0.0,0.0,9.534,26.717,99.37899999999999,110.50999999999999,122.61699999999999,124.332,124.332,0.0,0.0,-13.302904761904761,-70.92651612903227,-127.42356666666666,-208.7533870967742,-389.8566333333334,-581.3890322580645,-703.2547142857144,0.0,0.0,0.454,0.5542903225806451,2.4220666666666664,0.3590645161290323,0.40356666666666663,0.055322580645161296,0.0,0.0,0.0,11477451.88095238,17550926.129032258,19133398.133333333,26197091.467741936,27614828.6,27555062.19354839,27801192.57142857,0.0,0.0,10.671285714285714,12.937387096774193,15.844733333333332,19.799064516129032,22.2598,22.844548387096776,22.837142857142858,0.0,0.0,14.899999999999999,19.120290322580647,21.184866666666668,26.43074193548387,29.339066666666668,30.088645161290323,30.561,0.0,0.0,6.861714285714286,8.084290322580646,11.086233333333332,13.67,16.0232,17.204483870967742,16.726142857142857,0.0,0.0,0.0,0.0,0.0,0.0,0.0,0.0,0.0,0.0,0.0,0.0,0.0,0.0,0.0,4.0,0.0,0.0,0.0,0.0,18.0,28.0,21.0,29.0,27.0,31.0,7.0,0.0,0.0,76.29050000000001,199.6163333333333,335.09233333333333,452.673,570.7276666666667,712.3026666666666,814.067,0.0,1.0570000000000002,2.84725,4.556,6.1587499999999995,7.79,9.533,10.633000000000001,0.0,4.477428571428571,4.230774193548387,4.456133333333333,3.8741612903225806,3.440633333333333,3.216709677419355,3.084857142857143,0.0,13.075
PT18,14.978,1.496,2015,0.0,120.867,365.365,694.23,1165.965,1707.051,2288.456,2365.041,0.0,0.0,12.444,32.488,110.65700000000001,123.632,141.341,144.285,144.308,0.0,0.0,-15.95773076923077,-74.10529032258064,-129.84536666666665,-206.1995806451613,-379.7973,-569.785129032258,-681.9715,0.0,0.0,0.47861538461538466,0.6465806451612903,2.605633333333334,0.4185483870967742,0.5902999999999999,0.09496774193548387,0.00575,0.0,0.0,11438220.923076924,17329129.80645161,19039207.866666667,26032406.48387097,27189653.5,27781818.83870968,27281856.5,0.0,0.0,9.648730769230768,12.887032258064515,15.962166666666667,20.21725806451613,23.0362,23.755,24.146250000000002,0.0,0.0,14.200884615384616,19.281193548387098,21.558933333333336,27.23225806451613,30.368333333333332,31.411451612903225,31.94275,0.0,0.0,5.786615384615384,7.712483870967741,10.913100000000002,13.61467741935484,16.385266666666666,17.35825806451613,17.669249999999998,0.0,0.0,0.0,0.0,0.0,0.0,0.0,0.0,0.0,0.0,0.0,0.0,0.0,0.0,0.0,5.0,0.0,0.0,0.0,0.0,22.0,28.0,21.0,29.0,26.0,30.0,4.0,0.0,0.0,66.4335,176.42166666666665,302.87966666666665,421.8206666666667,551.7199999999999,706.6256666666667,812.686,0.0,1.0566666666666669,2.8675,4.659,6.3585,8.102,9.949,0.0,0.0,5.35223076923077,5.056709677419355,5.149766666666666,4.539064516129032,3.902066666666667,3.519225806451613,3.4699999999999998,0.0,13.505
PT11,15.187,1.25,2016,189.451,320.307,468.19,674.615,977.57,1379.494,1513.625,0.0,12.350000000000001,377.418,650.575,802.992,1063.169,1259.66,1302.559,1305.131,0.0,21.167,257.6973870967742,476.2059310344828,592.0090322580645,792.6713666666667,906.5528387096774,901.8598999999999,829.830625,0.0,19.075,11.491967741935483,9.419206896551724,4.916677419354839,8.672566666666667,6.33841935483871,1.4299666666666666,0.3215,0.0,10.5835,4873115.369967742,9053196.03772414,13784377.310483871,17726629.8,19574916.322580647,25981983.0,27401911.0,0.0,2468989.1875,10.712935483870968,9.512275862068964,9.77041935483871,11.880833333333333,14.77274193548387,18.397466666666666,21.766375,0.0,11.175,13.413806451612903,12.89103448275862,13.841870967741936,15.789066666666667,18.509225806451614,22.8554,26.929125,0.0,13.638,7.897677419354839,6.444965517241379,6.005225806451613,8.083966666666667,11.11958064516129,13.9496,16.49925,0.0,8.5345,0.0,0.0,0.0,0.0,0.0,0.0,0.0,0.0,0.0,0.0,0.0,0.0,0.0,0.0,0.0,0.0,0.0,0.0,8.0,15.0,17.0,14.0,13.0,25.0,7.0,0.0,1.0,134.39166666666668,337.7916666666667,536.0096666666667,722.458,889.1880000000001,1045.795,1159.155,0.0,1.7377500000000001,4.55275,7.1732499999999995,9.7275,11.856333333333334,13.868500000000001,15.372,0.0,6.45616129032258,6.714862068965517,6.48974193548387,6.762333333333333,6.518774193548387,6.0306999999999995,5.492875,0.0,5.9265,3.422
PT15,14.07,1.483,2016,0.0,148.471,367.23,651.891,1015.28,1485.839,2056.872,2168.315,0.0,0.0,28.493,48.266,93.83,206.725,207.80100000000002,208.249,208.285,0.0,0.0,-8.318571428571428,-53.10387096774193,-104.44696666666667,-117.2338064516129,-232.28473333333335,-412.5865806451613,-524.1446666666667,0.0,0.0,1.3568095238095237,0.6378387096774193,1.5188,3.641774193548387,0.03586666666666667,0.014451612903225807,0.005999999999999999,0.0,0.0,12053279.666666666,18001575.774193548,19857091.8,23092590.451612905,28513665.933333334,27953035.741935484,27480813.0,0.0,0.0,12.07004761904762,12.056741935483872,14.4887,16.722225806451615,20.685299999999998,23.42041935483871,23.573833333333337,0.0,0.0,15.221619047619047,15.831000000000001,17.7268,20.032548387096774,24.996699999999997,28.103193548387097,28.677333333333333,0.0,0.0,9.164571428571428,8.673032258064515,11.4807,13.770870967741935,16.9058,19.433032258064515,19.2765,0.0,0.0,0.0,0.0,0.0,0.0,0.0,0.0,0.0,0.0,0.0,0.0,0.0,0.0,0.0,0.0,0.0,0.0,0.0,0.0,12.0,25.0,16.0,19.0,30.0,31.0,6.0,0.0,0.0,98.2225,254.96766666666667,426.968,583.0939999999999,724.2786666666667,853.2966666666666,935.972,0.0,1.4383333333333332,3.635,5.8795,7.795333333333333,9.537749999999999,11.3185,12.398,0.0,5.7206190476190475,5.556806451612903,5.656933333333333,5.855096774193549,5.080299999999999,4.574451612903226,4.3815,0.0,11.479
PT16,15.134,1.382,2016,94.912,241.512,408.693,639.966,960.72,1389.804,1747.935,0.0,0.0,38.931,209.374,280.633,455.815,623.72,646.327,658.089,0.0,0.0,12.6233125,87.81213793103448,141.109,216.19650000000001,292.8473548387097,243.6969,125.43395238095238,0.0,0.0,2.4331875,5.8773448275862075,2.298677419354839,5.8393999999999995,5.416290322580645,0.7535666666666666,0.5600952380952381,0.0,0.0,7005331.609375,9712994.99137931,14515102.887096774,18085912.616666667,19687406.177419353,26439650.933333334,28233782.85714286,0.0,0.0,10.932,10.055172413793104,10.392935483870968,12.709100000000001,15.346903225806452,19.302799999999998,22.05385714285714,0.0,0.0,14.3584375,13.846241379310344,14.774645161290323,16.903133333333333,19.407,24.4039,28.332714285714285,0.0,0.0,7.770375,6.734,6.486032258064516,8.859266666666667,11.63674193548387,14.541066666666667,16.444190476190474,0.0,0.0,0.0,0.0,0.0,0.0,0.0,0.0,0.0,0.0,0.0,0.0,0.0,0.0,0.0,0.0,0.0,0.0,0.0,0.0,8.0,16.0,17.0,15.0,15.0,26.0,19.0,0.0,0.0,58.358,172.803,337.02866666666665,493.637,638.283,775.177,930.119,0.0,0.9705,2.8895,5.296250000000001,7.65075,9.69,11.61125,13.499666666666664,0.0,4.937125,5.166551724137931,4.894,5.174866666666667,5.120516129032258,4.4328666666666665,3.7536666666666667,0.0,0.0,8.05
PT17,16.711,1.353,2016,0.0,135.389,337.342,612.727,977.805,1467.461,2065.778,2180.386,0.0,0.0,44.031,76.312,149.082,290.815,293.855,298.633,298.669,0.0,0.0,4.518772727272727,-24.129032258064516,-42.86116666666667,-27.18103225806452,-138.0001,-335.88261290322583,-461.5046666666667,0.0,0.0,2.0014090909090907,1.0413225806451611,2.4256666666666664,4.5720322580645165,0.10133333333333333,0.1541290322580645,0.006000000000000001,0.0,0.0,10962653.545454545,15818237.870967742,19153121.233333334,21683776.112903226,27726930.866666667,28454698.06451613,27388702.0,0.0,0.0,11.154045454545455,11.514612903225805,14.179499999999999,16.776709677419355,21.321866666666665,24.300548387096775,24.101333333333333,0.0,0.0,15.04868181818182,16.258774193548387,18.7819,21.543774193548387,27.795666666666666,31.88035483870968,31.625333333333334,0.0,0.0,7.78609090909091,7.520741935483871,10.264100000000001,12.633354838709678,15.74,17.93967741935484,17.535666666666668,0.0,0.0,0.0,0.0,0.0,0.0,0.0,0.0,0.0,0.0,0.0,0.0,0.0,0.0,0.0,0.0,7.0,1.0,0.0,0.0,13.0,24.0,17.0,18.0,30.0,30.0,6.0,0.0,0.0,90.8215,234.81533333333334,391.68533333333335,525.31,640.7583333333333,770.1819999999999,870.976,0.0,1.2303333333333333,3.2722499999999997,5.52925,7.114999999999999,8.63325,10.355,11.484,0.0,4.722545454545455,4.432064516129032,4.727266666666667,4.777838709677419,3.7585333333333333,3.2383870967741935,3.141666666666666,0.0,11.962
PT18,14.978,1.496,2016,0.0,157.371,346.456,619.246,986.986,1494.487,2126.963,2184.655,0.0,0.0,55.69,90.873,178.862,318.505,322.144,328.79200000000003,328.79200000000003,0.0,0.0,3.973555555555555,-17.693516129032258,-26.368566666666666,-4.674967741935484,-114.81643333333334,-308.76196774193545,-423.9753333333333,0.0,0.0,2.0625925925925923,1.1349354838709678,2.9329666666666667,4.504612903225807,0.1213,0.2144516129032258,0.0,0.0,0.0,10564234.907407407,15775082.193548387,18581518.966666665,20777218.758064516,27731304.266666666,28409578.19354839,28041639.333333332,0.0,0.0,10.828555555555555,11.099516129032258,14.093,16.86258064516129,21.9167,25.402451612903224,24.230666666666664,0.0,0.0,15.07,16.346451612903227,19.109433333333335,21.91616129032258,28.675166666666666,33.33893548387097,32.476333333333336,0.0,0.0,7.2267777777777775,6.712548387096774,9.705966666666665,12.376612903225807,15.767266666666668,18.473354838709678,17.159,0.0,0.0,0.0,0.0,0.0,0.0,0.0,0.0,0.0,0.0,0.0,0.0,0.0,0.0,0.0,0.0,11.0,0.0,0.0,0.0,16.0,23.0,17.0,19.0,28.0,30.0,3.0,0.0,0.0,85.05349999999999,221.01233333333334,370.75866666666667,502.68100000000004,624.6260000000001,764.1293333333333,869.119,0.0,1.2553333333333334,3.335,5.65825,7.480333333333333,9.064499999999999,10.866,0.0,0.0,5.466703703703704,5.219258064516129,5.4860999999999995,5.463645161290322,4.446266666666667,3.6731935483870966,3.510666666666667,0.0,12.872
PT11,15.187,1.25,2017,103.907,260.202,467.586,764.141,1132.758,1564.306,1698.934,0.0,3.167,104.82600000000001,314.784,420.365,443.396,604.417,628.287,642.856,0.0,0.001,4.0435483870967746,215.26321428571427,251.70193548387098,215.57976666666667,222.36658064516126,157.16846666666666,87.67666666666666,0.0,-1.529,3.3814516129032257,7.4985,3.4058387096774196,0.7676999999999999,5.1942258064516125,0.7956666666666667,1.6187777777777779,0.0,0.0005,7237396.302419355,9599935.29017857,14902322.193548387,22603629.233333334,22378146.548387095,26297429.733333334,25110339.555555556,0.0,8541199.0,8.15941935483871,10.581964285714287,11.689806451612904,14.885166666666667,16.890870967741936,19.384933333333333,19.95866666666667,0.0,6.5835,12.571032258064516,14.532964285714286,16.06932258064516,20.338033333333332,21.102612903225808,23.98303333333333,24.554111111111112,0.0,13.2235,4.4598387096774195,7.13675,7.837935483870968,9.7912,12.68441935483871,14.8733,15.32888888888889,0.0,3.159,1.0,0.0,0.0,0.0,0.0,0.0,0.0,0.0,0.0,0.0,0.0,0.0,0.0,0.0,0.0,0.0,0.0,0.0,21.0,12.0,16.0,28.0,19.0,26.0,8.0,0.0,2.0,128.59699999999998,323.81566666666663,522.9456666666666,712.4250000000001,876.526,1039.9206666666666,1162.123,0.0,1.659,4.146,6.679,8.869333333333334,10.90975,13.2825,14.907,0.0,5.292354838709677,6.015857142857143,5.806903225806452,5.325033333333334,5.456677419354839,5.016866666666667,4.768,0.0,5.0885,3.338
PT15,14.07,1.483,2017,0.0,153.48499999999999,421.668,764.841,1191.359,1708.414,2253.517,2382.476,0.0,0.0,52.102000000000004,130.648,157.062,180.292,181.788,182.161,182.193,0.0,0.0,24.4655,7.284677419354838,-55.76436666666667,-145.59232258064517,-303.8611666666667,-489.47874193548387,-610.4168571428571,0.0,0.0,2.6051,2.5337419354838713,0.8804666666666666,0.7493548387096775,0.04986666666666666,0.012032258064516129,0.004571428571428572,0.0,0.0,12615346.9375,16680205.967741935,22617890.4,24994766.741935484,28015976.866666667,28570878.129032258,27392466.85714286,0.0,0.0,12.674249999999999,13.651064516129033,16.4391,18.758645161290325,22.235166666666665,22.58396774193548,23.422714285714285,0.0,0.0,15.8138,17.211709677419353,20.654666666666667,22.648,26.743333333333332,27.443612903225805,29.005142857142857,0.0,0.0,9.92225,10.53216129032258,12.737133333333333,15.134354838709678,18.12156666666667,18.431387096774195,18.881,0.0,0.0,0.0,0.0,0.0,0.0,0.0,0.0,0.0,0.0,0.0,0.0,0.0,0.0,0.0,0.0,0.0,0.0,0.0,0.0,14.0,20.0,26.0,27.0,30.0,31.0,7.0,0.0,0.0,90.5,241.07266666666666,417.1313333333333,572.3296666666666,703.5776666666667,822.6453333333333,901.042,0.0,1.2523333333333333,3.458,5.509,7.347,9.17675,10.86125,11.886,0.0,6.207,6.11125806451613,5.6057,5.527645161290322,4.913666666666667,4.415387096774194,4.014857142857143,0.0,11.686
PT16,15.134,1.382,2017,48.862,218.815,445.685,773.525,1171.733,1638.834,1989.922,0.0,0.0,65.377,180.346,260.865,273.044,377.665,389.387,394.54,0.0,0.0,5.642,109.59557142857143,114.19741935483871,58.88203333333334,8.011129032258072,-97.93946666666666,-224.47636363636363,0.0,0.0,4.0860625,4.1060357142857145,2.597387096774194,0.4059666666666667,3.3748709677419355,0.3907333333333333,0.23422727272727276,0.0,0.0,8069773.7109375,10345938.69642857,15118693.193548387,22719482.766666666,23150878.903225806,26685624.8,26074575.818181816,0.0,0.0,7.8500625,11.069749999999999,12.318387096774194,15.927999999999999,17.845419354838707,20.570033333333335,20.958545454545455,0.0,0.0,12.5391875,15.286285714285714,17.035387096774194,21.927266666666664,22.749967741935485,26.047,26.65940909090909,0.0,0.0,3.7309375,7.464821428571428,8.239096774193548,10.5447,13.124870967741934,15.644766666666667,15.938636363636363,0.0,0.0,2.0,0.0,0.0,0.0,0.0,0.0,0.0,0.0,0.0,0.0,0.0,0.0,0.0,0.0,0.0,1.0,0.0,0.0,10.0,12.0,19.0,28.0,20.0,27.0,21.0,0.0,0.0,51.875,156.81466666666668,317.35633333333334,472.646,614.6673333333333,765.0503333333332,941.71,0.0,0.8674999999999999,2.62975,4.9555,6.934,8.8205,11.018,13.005333333333333,0.0,4.572875,4.929,4.653032258064516,4.0104,4.246741935483871,3.7603,3.5965454545454545,0.0,0.0,9.029
PT17,16.711,1.353,2017,0.0,139.743,396.42,765.939,1210.834,1739.729,2287.17,2413.114,0.0,0.0,34.745,113.422,115.986,170.51,173.012,180.511,180.542,0.0,0.0,8.260142857142858,-12.438064516129032,-80.22766666666666,-182.1157741935484,-345.2757666666667,-532.3124193548388,-656.3651428571428,0.0,0.0,1.6545238095238095,2.5379677419354842,0.08546666666666666,1.7588387096774194,0.0834,0.2419032258064516,0.004428571428571428,0.0,0.0,12129372.5,15915269.653225806,23253552.8,24502511.870967742,27525292.933333334,27482041.16129032,27425266.285714287,0.0,0.0,11.654428571428571,13.279903225806452,17.3173,19.351451612903226,22.629833333333334,22.659387096774193,22.991999999999997,0.0,0.0,16.389333333333333,18.231806451612904,24.104433333333336,25.31793548387097,29.670666666666666,29.894774193548386,30.808857142857143,0.0,0.0,7.834761904761905,9.040129032258065,11.485533333333333,14.069129032258065,16.8421,17.10074193548387,17.137285714285714,0.0,0.0,0.0,0.0,0.0,0.0,0.0,0.0,0.0,0.0,0.0,0.0,0.0,0.0,0.0,5.0,3.0,0.0,0.0,0.0,15.0,21.0,29.0,23.0,30.0,30.0,7.0,0.0,0.0,85.4055,225.63733333333334,379.46000000000004,502.87733333333335,617.4263333333333,754.5873333333333,855.781,0.0,1.103,3.082,4.8213333333333335,6.3285,7.967499999999999,9.709,10.798,0.0,4.725428571428572,4.628064516129032,3.871,4.1046774193548385,3.415966666666667,3.210225806451613,3.0652857142857144,0.0,13.667
PT18,14.978,1.496,2017,0.0,169.896,418.396,787.879,1245.016,1798.316,2378.651,2456.484,0.0,0.0,46.919,121.262,127.487,175.06300000000002,180.32500000000002,184.159,184.161,0.0,0.0,10.783807692307693,-8.711225806451614,-80.0043,-183.95629032258066,-347.1403,-539.1899999999999,-656.594,0.0,0.0,1.8045769230769229,2.3981612903225806,0.2075,1.534709677419355,0.17539999999999997,0.1236774193548387,0.0005,0.0,0.0,11250712.884615384,15644159.048387097,22898836.1,23818101.0,27508123.133333333,27848188.258064516,27800779.0,0.0,0.0,11.534461538461539,13.016129032258064,17.316100000000002,19.746354838709678,23.44333333333333,23.720483870967744,24.45825,0.0,0.0,16.203576923076923,18.365709677419353,24.274066666666666,26.101870967741934,30.816933333333335,31.506774193548388,32.47625,0.0,0.0,7.665692307692307,8.466903225806451,11.099166666666667,13.902870967741936,16.9905,17.266064516129035,17.4555,0.0,0.0,0.0,0.0,0.0,0.0,0.0,0.0,0.0,0.0,0.0,0.0,0.0,0.0,0.0,6.0,6.0,1.0,0.0,0.0,17.0,21.0,28.0,25.0,28.0,30.0,4.0,0.0,0.0,78.75200000000001,213.0,366.01,496.8016666666667,627.9633333333334,779.9486666666667,884.729,0.0,1.1673333333333333,3.25325,5.139,6.773,8.5495,10.3735,0.0,0.0,5.557038461538462,5.384483870967743,4.608333333333333,4.654677419354838,3.8925,3.557516129032258,3.39475,0.0,13.733
PT11,15.187,1.25,2018,144.929,234.688,372.08,591.36,909.612,1295.996,1423.741,0.0,14.754,161.466,291.825,695.7379999999999,893.475,944.268,1021.755,1061.129,0.0,18.25,98.51603225806451,155.1434642857143,451.9151290322581,671.2985666666666,638.0084193548387,618.9299,602.5592222222222,0.0,9.147499999999999,4.619870967741936,4.655678571428572,13.029451612903227,6.591233333333333,1.6384838709677418,2.5829,4.374888888888888,0.0,9.125,6286784.596774193,10091247.629464285,11497509.983870968,17536795.708333332,22243691.967741936,22014991.433333334,21988793.777777776,0.0,4554043.25,9.199193548387097,8.192428571428572,9.432,12.309333333333335,15.266193548387097,17.879466666666666,19.19388888888889,0.0,12.376999999999999,12.649354838709677,12.391321428571429,12.360548387096776,16.1851,19.406225806451612,21.554333333333332,22.524555555555555,0.0,14.5125,5.691225806451613,4.488678571428571,6.476774193548387,8.693299999999999,11.274645161290323,14.362766666666666,15.869444444444444,0.0,10.0465,0.0,0.0,0.0,0.0,0.0,0.0,0.0,0.0,0.0,0.0,0.0,0.0,0.0,0.0,0.0,0.0,0.0,0.0,18.0,20.0,5.0,12.0,22.0,17.0,5.0,0.0,0.0,122.39033333333333,313.241,504.0896666666666,687.8683333333333,852.2596666666667,1006.4473333333334,1120.793,0.0,1.64875,4.281,6.8425,9.069666666666667,11.05575,13.306999999999999,14.855,0.0,5.44783870967742,5.399107142857143,6.409677419354838,6.643166666666667,6.012903225806451,5.840599999999999,5.788111111111111,0.0,5.4485,3.805
PT15,14.07,1.483,2018,0.0,137.05,381.393,654.569,1002.077,1415.042,1889.044,2043.374,0.0,0.0,46.708,208.103,309.763,332.48,350.678,353.695,354.319,0.0,0.0,-15.622399999999999,92.12764516129032,102.91666666666667,43.99645161290322,-63.28476666666666,-200.64190322580646,-308.6192857142857,0.0,0.0,2.3354,5.206290322580646,3.3886666666666665,0.7328064516129031,0.6066,0.09732258064516129,0.08914285714285715,0.0,0.0,13187806.0,14205957.903225806,19607122.725,24576966.64516129,25274436.266666666,27422271.419354837,27130985.42857143,0.0,0.0,11.852500000000001,12.882032258064516,14.105866666666666,16.209935483870968,18.7655,20.290387096774193,27.04714285714286,0.0,0.0,15.72275,15.542806451612902,17.370866666666664,19.91212903225806,22.335066666666666,24.24758064516129,32.767714285714284,0.0,0.0,8.199349999999999,10.237064516129031,11.293433333333333,13.178129032258065,15.9434,17.364290322580647,22.044428571428572,0.0,0.0,0.0,0.0,0.0,0.0,0.0,0.0,0.0,0.0,0.0,0.0,0.0,0.0,0.0,0.0,0.0,1.0,0.0,0.0,16.0,11.0,13.0,22.0,26.0,31.0,7.0,0.0,0.0,82.797,221.66566666666668,389.8093333333333,550.958,693.381,822.417,905.674,0.0,1.1353333333333333,3.12475,5.1659999999999995,7.0625,9.033249999999999,10.91725,0.0,0.0,5.0276000000000005,6.197645161290323,6.007499999999999,5.646225806451612,5.491933333333334,5.280322580645161,4.7987142857142855,0.0,12.132
PT16,15.134,1.382,2018,79.431,192.352,359.124,598.3870000000001,929.5260000000001,1330.0900000000001,1661.451,0.0,0.0,20.604999999999997,89.57300000000001,380.977,534.624,580.297,637.285,657.388,0.0,0.0,0.26662500000000056,-7.661999999999999,185.7237741935484,317.34690000000006,273.36345161290325,227.99723333333336,151.2405,0.0,0.0,1.2878124999999998,2.463142857142857,9.400129032258064,5.121566666666666,1.473322580645161,1.8996,0.9137727272727273,0.0,0.0,8818647.125,10997179.32142857,12749868.951612903,17945729.983333334,22367608.887096774,22036999.075,23776337.272727273,0.0,0.0,9.9644375,9.032892857142857,10.379741935483871,12.975433333333333,15.681903225806453,18.35213333333333,20.061863636363636,0.0,0.0,14.4256875,13.68217857142857,13.708709677419355,17.216133333333335,20.2288064516129,22.525933333333334,24.575545454545455,0.0,0.0,5.9805,4.855571428571429,7.079709677419355,9.108033333333333,11.44793548387097,14.6855,16.46722727272727,0.0,0.0,0.0,0.0,0.0,0.0,0.0,0.0,0.0,0.0,0.0,0.0,0.0,0.0,0.0,0.0,0.0,0.0,0.0,0.0,15.0,19.0,7.0,14.0,24.0,17.0,18.0,0.0,0.0,53.655,163.37366666666668,327.0226666666667,486.1503333333333,632.5266666666666,773.4956666666667,941.1493333333333,0.0,0.8959999999999999,2.66125,5.0794999999999995,7.105999999999999,9.01775,11.19525,13.145666666666665,0.0,4.1780625,4.059678571428572,5.286354838709678,5.1369,4.651516129032258,4.673033333333334,4.372136363636364,0.0,0.0,7.86
PT17,16.711,1.353,2018,0.0,123.49499999999999,341.262,612.232,982.667,1433.112,1945.508,2115.224,0.0,0.0,42.268,202.486,289.896,321.741,340.443,346.063,347.901,0.0,0.0,-10.970619047619047,84.336,98.1123,21.26293548387097,-81.08363333333334,-233.44932258064517,-345.9904285714286,0.0,0.0,2.0127619047619048,5.168322580645161,2.9136666666666664,1.0272580645161289,0.6234,0.18129032258064517,0.26257142857142857,0.0,0.0,12035108.357142856,13947747.596774194,18619195.433333334,23680965.225806452,23881143.2,25696664.0,26728141.714285713,0.0,0.0,10.880714285714285,12.02474193548387,14.032333333333334,16.949516129032258,20.014833333333335,21.52890322580645,29.24514285714286,0.0,0.0,16.21095238095238,15.663548387096775,18.889033333333334,22.339903225806452,25.340066666666665,27.353354838709677,38.211285714285715,0.0,0.0,6.289857142857143,8.588483870967742,9.971233333333334,12.181225806451613,15.670633333333335,17.12167741935484,21.214,0.0,0.0,0.0,0.0,0.0,0.0,0.0,0.0,0.0,0.0,0.0,0.0,0.0,0.0,0.0,1.0,0.0,5.0,0.0,0.0,16.0,10.0,15.0,25.0,23.0,29.0,6.0,0.0,0.0,87.7225,229.46033333333335,395.31166666666667,542.477,660.6229999999999,784.5983333333334,882.048,0.0,1.1506666666666667,3.2385,5.302333333333333,7.08725,9.002749999999999,10.711500000000001,0.0,0.0,4.030809523809524,5.2740322580645165,4.787433333333333,4.11841935483871,4.0902,3.8286774193548387,3.196142857142857,0.0,13.22
PT18,14.978,1.496,2018,0.0,127.837,329.983,600.388,974.071,1432.108,1955.905,2063.478,0.0,0.0,45.052,234.278,332.42,377.902,403.995,409.20799999999997,410.932,0.0,0.0,-19.578769230769232,97.68045161290323,129.05323333333334,62.120935483870966,-26.779400000000003,-175.51383870967743,-278.33050000000003,0.0,0.0,1.7327692307692308,6.104064516129032,3.2714,1.4671612903225806,0.8697666666666667,0.16816129032258065,0.431,0.0,0.0,12149271.653846154,13456188.943548387,18349082.5,22962251.080645163,23365477.4,25939503.612903226,27111079.0,0.0,0.0,9.916807692307692,11.52083870967742,14.013499999999999,17.054290322580645,20.2679,21.89667741935484,31.893250000000002,0.0,0.0,15.467,15.503774193548388,19.203366666666668,22.798903225806452,25.946133333333332,28.31135483870968,41.61,0.0,0.0,5.186692307692307,7.851806451612903,9.619433333333335,11.962774193548388,15.517533333333335,16.912419354838708,22.26025,0.0,0.0,0.0,0.0,0.0,0.0,0.0,0.0,0.0,0.0,0.0,0.0,0.0,0.0,0.0,1.0,0.0,4.0,0.0,0.0,22.0,11.0,14.0,22.0,22.0,29.0,3.0,0.0,0.0,80.1265,214.55933333333334,373.653,516.9273333333333,641.849,784.0630000000001,894.281,0.0,1.1413333333333335,3.239,5.345,7.2005,9.08175,10.99725,0.0,0.0,4.632,5.987161290322581,5.5234,4.958645161290322,4.850433333333333,4.449161290322581,3.8495,0.0,13.3
PT11,15.187,1.25,2019,105.115,248.809,465.502,679.031,1031.248,1363.984,1494.167,0.0,7.035,93.993,140.507,230.645,466.775,503.144,573.593,576.489,0.0,0.0,-2.332838709677419,70.15521428571428,98.1713870967742,160.04096666666666,186.5475806451613,108.30956666666667,61.938222222222215,0.0,-1.8725,3.032032258064516,1.6612142857142858,2.907677419354839,7.8709999999999996,1.1731935483870968,2.3483,0.3217777777777778,0.0,0.0,7267093.552419355,11442746.767857144,16766017.887096774,17122542.616666667,24820988.822580647,23130322.916666668,23884101.555555556,0.0,8801521.5,8.163870967741936,10.131928571428572,11.990096774193548,12.117633333333334,16.361838709677418,16.0912,19.464777777777776,0.0,8.5175,13.024225806451613,15.346,16.99509677419355,15.823933333333335,21.02564516129032,19.948066666666666,23.581888888888887,0.0,15.506499999999999,4.470290322580645,5.768464285714286,7.332548387096774,8.4053,11.590129032258064,12.2409,15.649444444444445,0.0,4.4805,0.0,0.0,0.0,0.0,0.0,0.0,0.0,0.0,0.0,0.0,0.0,0.0,0.0,0.0,0.0,0.0,0.0,0.0,23.0,23.0,26.0,11.0,25.0,19.0,8.0,0.0,2.0,121.005,308.90066666666667,503.152,694.7310000000001,865.6046666666666,1023.9163333333332,1139.0819999999999,0.0,1.6327500000000001,4.2495,6.8340000000000005,9.058,11.10425,13.37975,14.99,0.0,5.917774193548387,6.067035714285715,5.922193548387097,6.0412333333333335,5.687129032258064,5.395300000000001,5.272777777777778,0.0,6.0335,4.84
PT15,14.07,1.483,2019,0.0,162.807,459.966,743.755,1179.525,1596.016,2095.956,2210.475,0.0,0.0,17.080000000000002,42.916000000000004,97.938,99.684,102.92699999999999,104.591,104.667,0.0,0.0,-12.10565,-58.53787096774194,-124.61850000000001,-229.12916129032257,-398.66650000000004,-555.0369354838709,-660.1824285714285,0.0,0.0,0.8540000000000001,0.8334193548387098,1.8340666666666665,0.05632258064516129,0.10810000000000002,0.05367741935483871,0.010857142857142859,0.0,0.0,14320264.8,18973703.548387095,21347650.2,26632225.096774194,27886275.866666667,26924490.64516129,27091067.14285714,0.0,0.0,13.140350000000002,14.585774193548387,14.459633333333333,19.057096774193546,18.883033333333334,21.12709677419355,21.359857142857145,0.0,0.0,16.959300000000002,18.96851612903226,18.045666666666666,23.61193548387097,23.06673333333333,25.282129032258062,26.164285714285715,0.0,0.0,9.643600000000001,10.575516129032259,11.198433333333332,14.984193548387097,15.391933333333332,17.988967741935486,17.618142857142857,0.0,0.0,0.0,0.0,0.0,0.0,0.0,0.0,0.0,0.0,0.0,0.0,0.0,0.0,0.0,0.0,0.0,0.0,0.0,0.0,19.0,26.0,19.0,31.0,29.0,31.0,7.0,0.0,0.0,89.9795,236.59900000000002,403.0316666666667,553.9599999999999,683.257,800.334,877.7570000000001,0.0,1.2206666666666666,3.296,5.232333333333333,7.018,8.76675,10.4145,11.421,0.0,6.0283,5.866193548387097,5.914866666666667,5.299548387096774,4.960999999999999,4.8627419354838715,4.567571428571428,0.0,9.376
PT16,15.134,1.382,2019,78.263,238.299,482.03499999999997,717.792,1108.398,1477.99,1827.124,0.0,0.0,61.138000000000005,99.625,146.468,300.462,318.879,350.394,359.27,0.0,0.0,14.838437500000001,49.23242857142857,31.177161290322577,36.30179999999999,1.375129032258057,-122.9931,-221.666,0.0,0.0,3.8211250000000003,1.3745357142857144,1.5110645161290321,5.133133333333333,0.5940967741935483,1.0505,0.40345454545454545,0.0,0.0,6208280.09375,11897964.5625,17624355.29032258,17983115.083333332,25287947.548387095,23912569.5,25225282.818181816,0.0,0.0,9.8914375,10.715571428571428,12.862451612903225,12.858566666666666,17.600193548387097,17.319733333333332,20.869727272727275,0.0,0.0,13.3678125,16.205142857142857,18.30032258064516,16.953566666666667,22.903580645161288,22.0579,26.26090909090909,0.0,0.0,6.4194375,6.052214285714285,7.740870967741935,9.013133333333334,12.486806451612903,12.8859,16.349681818181818,0.0,0.0,0.0,0.0,0.0,0.0,0.0,0.0,0.0,0.0,0.0,0.0,0.0,0.0,0.0,0.0,0.0,0.0,0.0,0.0,7.0,24.0,27.0,14.0,26.0,22.0,21.0,0.0,0.0,50.993,154.66333333333333,312.24499999999995,465.4753333333333,608.0203333333334,747.4486666666667,912.4543333333335,0.0,0.9045000000000001,2.6807499999999997,4.999499999999999,6.975333333333334,8.9035,11.017999999999999,13.013,0.0,4.8951875000000005,4.769428571428572,4.56741935483871,4.918833333333334,4.287354838709677,4.0911333333333335,3.875454545454545,0.0,0.0,9.26
PT17,16.711,1.353,2019,0.0,152.457,442.045,723.365,1189.454,1619.539,2146.881,2267.341,0.0,0.0,12.691,36.908,116.534,122.478,132.683,137.386,138.922,0.0,0.0,-14.045714285714284,-60.226129032258065,-120.6715,-218.91251612903227,-395.7244666666667,-550.5297419354838,-662.9091428571428,0.0,0.0,0.6043333333333334,0.7811935483870968,2.6542000000000003,0.19174193548387097,0.3401666666666667,0.15170967741935484,0.21942857142857145,0.0,0.0,13282788.238095239,18646798.33870968,19894781.233333334,25587343.532258064,25688382.166666668,25284292.70967742,25364480.714285713,0.0,0.0,12.259857142857143,14.341548387096775,14.377333333333333,20.035129032258062,19.336166666666667,22.011032258064514,22.208571428571428,0.0,0.0,18.469809523809523,20.758419354838708,19.4191,26.894548387096773,25.308699999999998,28.37132258064516,28.812571428571427,0.0,0.0,7.167571428571429,8.500677419354838,10.0363,13.983096774193548,14.0662,17.123193548387096,17.22442857142857,0.0,0.0,0.0,0.0,0.0,0.0,0.0,0.0,0.0,0.0,0.0,0.0,0.0,0.0,4.0,0.0,1.0,0.0,0.0,0.0,20.0,28.0,14.0,29.0,25.0,30.0,6.0,0.0,0.0,84.476,220.287,366.7463333333333,489.1413333333333,598.909,729.3383333333335,829.869,0.0,1.133,3.05375,4.821000000000001,6.34925,7.82975,9.44425,10.551,0.0,4.483047619047619,4.2176451612903225,4.556933333333333,3.8798064516129034,3.6656,3.544967741935484,3.4415714285714287,0.0,13.171
PT18,14.978,1.496,2019,0.0,163.35,441.325,713.477,1181.55,1626.998,2179.4139999999998,2249.433,0.0,0.0,11.858999999999998,38.033,125.092,131.047,140.781,143.191,143.212,0.0,0.0,-19.453038461538462,-68.61925806451613,-118.66163333333334,-211.12658064516128,-386.65423333333337,-550.5270322580645,-656.4147499999999,0.0,0.0,0.45611538461538453,0.8443225806451613,2.9019666666666666,0.1920967741935484,0.3244666666666667,0.07774193548387097,0.0052499999999999995,0.0,0.0,13213278.211538462,18476404.887096774,19467181.85,25611302.225806452,25885124.766666666,25718992.70967742,27612605.0,0.0,0.0,11.282692307692308,13.966935483870968,14.071733333333333,20.099129032258062,19.848266666666667,22.819870967741934,22.50475,0.0,0.0,17.84246153846154,20.511967741935482,19.365566666666666,27.02267741935484,26.411866666666665,29.858096774193548,30.177,0.0,0.0,5.884076923076923,8.023612903225807,9.426666666666668,13.737322580645161,14.0446,17.19925806451613,16.50025,0.0,0.0,0.0,0.0,0.0,0.0,0.0,0.0,0.0,0.0,0.0,0.0,0.0,0.0,1.0,1.0,2.0,0.0,0.0,0.0,25.0,27.0,14.0,29.0,26.0,31.0,4.0,0.0,0.0,76.9455,206.94233333333332,354.18533333333335,482.4316666666667,604.6356666666667,749.8783333333334,857.728,0.0,1.1626666666666665,3.17475,5.055666666666666,6.728,8.396,10.159749999999999,0.0,0.0,5.313653846153846,5.05741935483871,5.2961,4.534387096774194,4.090033333333333,3.8157741935483873,3.649,0.0,13.666
PT11,15.187,1.25,2020,144.624,340.673,545.038,800.828,1203.093,1579.938,1707.614,0.0,6.4,163.768,218.947,350.476,527.292,610.945,648.643,649.171,0.0,0.005,25.321677419354838,138.10672413793102,211.3758064516129,261.08933333333334,307.7005161290323,227.80266666666665,159.645,0.0,-1.2325,5.2826774193548385,1.9027241379310345,4.242870967741935,5.893866666666667,2.6984838709677414,1.2566,0.066,0.0,0.0025,6391375.808451613,10355913.870689655,14406899.588709677,15495129.766666668,23128827.741935484,23608942.5,27847766.25,0.0,8446594.5,9.45883870967742,11.760310344827586,11.592419354838709,13.526333333333334,17.976290322580645,17.561500000000002,20.9595,0.0,8.2,13.03732258064516,16.102344827586208,15.972129032258064,17.0374,22.67941935483871,21.736666666666668,26.4005,0.0,14.236,6.186774193548387,7.979206896551724,7.577129032258064,10.183166666666667,13.41983870967742,13.471833333333333,15.279875,0.0,4.3245000000000005,0.0,0.0,0.0,0.0,0.0,0.0,0.0,0.0,0.0,0.0,0.0,0.0,0.0,0.0,0.0,0.0,0.0,0.0,18.0,19.0,19.0,11.0,19.0,22.0,8.0,0.0,2.0,113.41600000000001,296.01033333333334,490.98033333333325,682.3176666666667,855.4786666666665,1020.8226666666666,1140.297,0.0,1.5907499999999999,4.057,6.5615,9.126750000000001,11.239666666666666,13.261,14.822,0.0,6.635193548387097,6.778724137931034,6.58783870967742,6.403933333333333,6.167967741935484,5.6188666666666665,5.18075,0.0,6.6645,4.856
PT15,14.07,1.483,2020,0.0,191.91,468.799,769.934,1200.554,1641.528,2218.388,2329.8849999999998,0.0,0.0,1.186,56.208,132.193,177.762,184.841,186.173,186.175,0.0,0.0,-23.05309523809524,-75.62764516129032,-78.58783333333334,-134.53245161290323,-261.9578,-439.77235483870965,-552.5433333333334,0.0,0.0,0.05647619047619047,1.7749032258064517,2.5328333333333335,1.469967741935484,0.23596666666666666,0.042967741935483875,0.0003333333333333333,0.0,0.0,14268151.666666666,16746568.241935484,19153576.366666667,25112937.35483871,27259275.533333335,28486560.451612905,27163573.666666668,0.0,0.0,14.13857142857143,13.931903225806453,15.037833333333333,18.890967741935484,19.699133333333336,23.608387096774194,23.582833333333337,0.0,0.0,18.274714285714285,17.762935483870965,18.04733333333333,22.78235483870968,23.647166666666667,28.5838064516129,28.470333333333333,0.0,0.0,10.340333333333334,10.39958064516129,12.381366666666668,15.386483870967743,16.433333333333334,19.30825806451613,19.44783333333333,0.0,0.0,0.0,0.0,0.0,0.0,0.0,0.0,0.0,0.0,0.0,0.0,0.0,0.0,0.0,0.0,0.0,0.0,0.0,0.0,21.0,23.0,14.0,23.0,29.0,30.0,6.0,0.0,0.0,92.9665,242.22566666666668,412.6406666666667,573.5953333333333,717.7793333333333,846.6936666666667,928.433,0.0,1.2546666666666668,3.3615,5.717499999999999,7.660333333333333,9.451,11.2995,12.412,0.0,5.5804285714285715,5.705129032258065,6.076033333333333,5.6814193548387095,5.145866666666667,4.460806451612903,4.1578333333333335,0.0,9.563
PT16,15.134,1.382,2020,97.044,309.211,532.419,798.198,1211.497,1617.861,2000.986,0.0,0.0,66.777,83.97,162.938,301.213,361.523,377.501,380.192,0.0,0.0,19.442687499999998,33.355862068965514,30.89622580645161,66.2526,65.15867741935483,-44.8346,-173.2742857142857,0.0,0.0,4.1735625,0.5928620689655172,2.5473548387096776,4.609166666666667,1.9454838709677418,0.5326,0.12814285714285714,0.0,0.0,6492289.140625,10903869.379310345,14739119.129032258,15462215.066666666,23302825.129032258,24750864.666666668,28227388.85714286,0.0,0.0,11.06525,12.316103448275861,12.200258064516127,13.8593,18.33222580645161,18.545466666666666,23.24404761904762,0.0,0.0,14.1049375,17.133793103448276,16.686806451612906,17.6633,23.385516129032258,23.41783333333333,29.79271428571429,0.0,0.0,8.281,8.17855172413793,8.015548387096775,10.277033333333332,13.615677419354839,14.100533333333335,17.038095238095238,0.0,0.0,0.0,0.0,0.0,0.0,0.0,0.0,0.0,0.0,0.0,0.0,0.0,0.0,0.0,0.0,0.0,1.0,0.0,0.0,5.0,25.0,20.0,11.0,19.0,25.0,19.0,0.0,0.0,51.041,157.52566666666667,320.59766666666667,477.9873333333333,623.7963333333333,767.7136666666667,935.861,0.0,0.9239999999999999,2.7359999999999998,5.10275,7.592499999999999,9.652333333333333,11.513,13.446,0.0,5.1640625,4.862068965517241,4.794258064516129,5.042066666666667,4.633774193548387,4.110766666666667,3.498285714285714,0.0,0.0,9.631
PT17,16.711,1.353,2020,0.0,171.261,440.43899999999996,733.67,1185.278,1646.96,2257.477,2369.31,0.0,0.0,3.148,38.045,135.529,197.515,204.31,206.037,206.04,0.0,0.0,-16.90040909090909,-73.10496774193548,-78.73266666666667,-113.28767741935484,-248.6509,-447.53074193548383,-575.46,0.0,0.0,0.1430909090909091,1.1257096774193551,3.2494666666666663,1.999548387096774,0.2265,0.055709677419354835,0.0005,0.0,0.0,12166164.363636363,16144652.387096774,17330891.333333332,24597836.677419353,26450719.6,28654273.612903226,27288393.666666668,0.0,0.0,12.78459090909091,13.68316129032258,14.774366666666667,19.567999999999998,20.389400000000002,24.69409677419355,23.638833333333334,0.0,0.0,18.23718181818182,18.95467741935484,18.9973,25.37383870967742,26.493666666666666,32.76358064516129,31.71983333333333,0.0,0.0,8.135772727272727,8.994032258064516,11.021066666666666,14.41541935483871,15.317033333333335,18.12874193548387,17.7075,0.0,0.0,0.0,0.0,0.0,0.0,0.0,0.0,0.0,0.0,0.0,0.0,0.0,0.0,0.0,1.0,7.0,0.0,0.0,0.0,21.0,25.0,15.0,23.0,29.0,31.0,6.0,0.0,0.0,90.6835,233.25666666666666,385.407,515.446,630.4853333333333,759.7246666666666,859.7139999999999,0.0,1.1899999999999997,3.0675,5.15075,6.5815,7.8075,9.4455,10.553,0.0,4.406181818181818,4.287870967741935,4.892133333333334,4.3832258064516125,3.6744333333333334,3.061741935483871,2.97,0.0,11.076
PT18,14.978,1.496,2020,0.0,208.177,465.217,755.219,1214.757,1683.399,2329.882,2384.262,0.0,0.0,3.4829999999999997,52.778,150.698,209.06900000000002,216.935,219.418,219.423,0.0,0.0,-21.877074074074077,-73.53393548387098,-65.6999,-104.00741935483872,-236.77936666666668,-433.98554838709674,-550.9703333333333,0.0,0.0,0.12899999999999998,1.5901612903225808,3.2640000000000002,1.8829354838709678,0.2622,0.0800967741935484,0.0016666666666666668,0.0,0.0,12025559.648148147,15568397.274193548,16343096.483333332,23838224.93548387,26083149.2,28646908.70967742,27545568.0,0.0,0.0,12.71025925925926,13.291612903225808,14.666733333333333,19.823806451612903,20.6214,25.854290322580642,23.126666666666665,0.0,0.0,18.53862962962963,18.67464516129032,19.2137,26.02674193548387,27.057666666666666,34.31958064516129,30.972333333333335,0.0,0.0,7.8638518518518525,8.43132258064516,10.618133333333333,14.149806451612903,15.021133333333333,18.49358064516129,17.179666666666666,0.0,0.0,0.0,0.0,0.0,0.0,0.0,0.0,0.0,0.0,0.0,0.0,0.0,0.0,0.0,1.0,11.0,0.0,0.0,0.0,25.0,24.0,13.0,23.0,28.0,30.0,3.0,0.0,0.0,84.3715,220.83333333333334,371.8163333333334,505.0596666666667,633.6706666666666,784.3800000000001,895.936,0.0,1.2576666666666667,3.25375,5.44625,7.351333333333334,8.912,10.746,0.0,0.0,5.190925925925926,5.095387096774194,5.595133333333334,5.068032258064516,4.2842,3.413838709677419,3.355,0.0,12.727
