adm_id,awc,bulk_density,year,max_cum_gdd1,max_cum_gdd2,max_cum_gdd3,max_cum_gdd4,max_cum_gdd5,max_cum_gdd6,max_cum_gdd7,max_cum_prec1,max_cum_prec2,max_cum_prec3,max_cum_prec4,max_cum_prec5,max_cum_prec6,max_cum_prec7,mean_cum_cwb1,mean_cum_cwb2,mean_cum_cwb3,mean_cum_cwb4,mean_cum_cwb5,mean_cum_cwb6,mean_cum_cwb7,mean_prec1,mean_prec2,mean_prec3,mean_prec4,mean_prec5,mean_prec6,mean_prec7,mean_rad1,mean_rad2,mean_rad3,mean_rad4,mean_rad5,mean_rad6,mean_rad7,mean_tavg1,mean_tavg2,mean_tavg3,mean_tavg4,mean_tavg5,mean_tavg6,mean_tavg7,mean_tmax1,mean_tmax2,mean_tmax3,mean_tmax4,mean_tmax5,mean_tmax6,mean_tmax7,mean_tmin1,mean_tmin2,mean_tmin3,mean_tmin4,mean_tmin5,mean_tmin6,mean_tmin7,tmin<-7.802549999999999p1,tmin<-7.802549999999999p2,tmin<-7.802549999999999p3,tmin<-7.802549999999999p4,tmin<-7.802549999999999p5,tmin<-7.802549999999999p6,tmin<-7.802549999999999p7,tmax>38.866p1,tmax>38.866p2,tmax>38.866p3,tmax>38.866p4,tmax>38.866p5,tmax>38.866p6,tmax>38.866p7,prec<0.037p1,prec<0.037p2,prec<0.037p3,prec<0.037p4,prec<0.037p5,prec<0.037p6,prec<0.037p7,median_cum_fpar1,median_cum_fpar2,median_cum_fpar3,median_cum_fpar4,median_cum_fpar5,median_cum_fpar6,median_cum_fpar7,median_cum_ndvi1,median_cum_ndvi2,median_cum_ndvi3,median_cum_ndvi4,median_cum_ndvi5,median_cum_ndvi6,median_cum_ndvi7,median_ssm1,median_ssm2,median_ssm3,median_ssm4,median_ssm5,median_ssm6,median_ssm7,yield
CN011,14.819,1.511,2003,0.0,0.0,36.769,259.028,696.2189999999999,1225.617,1477.385,0.0,4.736,41.976,71.562,136.004,214.084,228.922,0.0,-18.65796153846154,-44.06345161290322,-98.94183333333334,-180.7540322580645,-250.20016666666666,-317.78776923076924,0.0,0.18215384615384614,1.2012903225806453,0.9862,2.078774193548387,2.6026666666666665,1.1413846153846154,0.0,11951791.634615384,14918232.951612903,18496295.7,20248575.580645163,22948688.233333334,21701670.846153848,0.0,-0.6701923076923078,3.9568387096774194,12.408633333333334,19.10293548387097,22.6466,24.366769230769233,0.0,5.167653846153846,9.11358064516129,18.5317,25.17667741935484,28.415733333333332,29.52123076923077,0.0,-5.548461538461538,-0.8430645161290323,5.9351666666666665,12.960709677419354,16.77413333333333,18.97646153846154,0.0,8.0,0.0,0.0,0.0,0.0,0.0,0.0,0.0,0.0,0.0,0.0,0.0,0.0,0.0,14.0,11.0,11.0,9.0,8.0,4.0,0.0,14.736,41.548,86.084,161.065,272.783,397.48199999999997,0.0,0.347,1.028,1.823,3.1125,5.099,6.8605,0.0,3.533,3.756,3.6769999999999996,3.723,3.633,3.714,4.281
CN012,14.794,1.439,2003,0.0,0.0,60.093999999999994,356.164,849.877,1423.054,1689.39,0.0,8.575999999999999,38.587,75.2,132.646,217.905,237.075,0.0,-19.23428,-49.12445161290322,-125.9233,-223.06106451612902,-309.5468,-372.7941538461538,0.0,0.34303999999999996,0.9680967741935483,1.2204333333333333,1.8530967741935482,2.8419666666666665,1.4746153846153844,0.0,11645279.46,15126127.14516129,18701313.766666666,21646023.032258064,23143531.233333334,21385271.846153848,0.0,1.0858400000000001,5.566096774193548,14.869,20.926225806451612,24.105900000000002,25.487384615384617,0.0,6.689439999999999,11.18909677419355,20.85986666666667,26.962935483870968,29.7115,30.343076923076925,0.0,-3.61512,0.6551612903225807,8.786399999999999,15.336741935483872,18.8002,20.728,0.0,0.0,0.0,0.0,0.0,0.0,0.0,0.0,0.0,0.0,0.0,0.0,0.0,0.0,0.0,19.0,17.0,12.0,13.0,12.0,6.0,0.0,12.936,37.799,88.854,170.805,264.502,369.4255,0.0,0.296,0.8899999999999999,1.6909999999999998,2.624,3.9015000000000004,5.2865,0.0,3.451,3.86,3.613,3.89,3.874,3.653,5.189
CN013,14.781,1.481,2003,0.0,0.0,45.336999999999996,269.794,704.174,1229.69,1471.32,0.0,7.256,38.873000000000005,84.172,136.013,216.553,244.238,0.0,-15.012039999999999,-43.28487096774193,-101.31223333333334,-178.03203225806453,-259.9300333333333,-322.2973846153846,0.0,0.29024,1.0199032258064515,1.509966666666667,1.6722903225806451,2.6846666666666663,2.1296153846153847,0.0,12046949.7,15431827.064516129,18795010.4,21057764.322580647,22549924.0,21418213.384615384,0.0,-0.45764000000000005,4.511483870967742,12.4819,19.01225806451613,22.5172,23.586923076923078,0.0,5.29628,9.873354838709679,18.401633333333333,24.945709677419355,28.1247,28.682923076923075,0.0,-5.3493200000000005,-0.33012903225806456,6.6800999999999995,13.314612903225806,17.113,18.707692307692305,0.0,6.0,0.0,0.0,0.0,0.0,0.0,0.0,0.0,0.0,0.0,0.0,0.0,0.0,0.0,14.0,7.0,9.0,2.0,3.0,1.0,0.0,15.07,45.813,105.025,192.099,290.926,400.649,0.0,0.335,0.9844999999999999,1.902,3.0984999999999996,4.6645,6.087999999999999,0.0,3.796,3.941,3.9245,3.977,3.7714999999999996,3.794,4.314
CN014,14.597,1.473,2003,0.0,0.0,35.738,182.082,542.708,979.342,1192.869,0.0,15.511000000000001,49.038,90.406,139.355,243.481,288.756,0.0,-8.81472,-29.20864516129032,-75.39963333333334,-146.07487096774193,-206.65716666666668,-242.55642857142857,0.0,0.62044,1.0815161290322581,1.3789333333333333,1.579,3.4708666666666668,3.2339285714285713,0.0,12418975.36,15682172.790322581,18355743.283333335,20566035.080645163,22474873.4,20383089.785714287,0.0,-1.30768,2.9738709677419353,9.832966666666666,16.633096774193547,19.554466666666666,20.25192857142857,0.0,4.30276,8.129548387096774,15.866800000000001,22.520387096774197,25.219866666666668,25.208642857142856,0.0,-6.217280000000001,-1.7554193548387096,4.068866666666667,10.668451612903224,14.155666666666667,15.658714285714286,0.0,8.0,0.0,0.0,0.0,0.0,0.0,0.0,0.0,0.0,0.0,0.0,0.0,0.0,0.0,10.0,6.0,12.0,4.0,0.0,1.0,0.0,13.2515,36.509,71.701,122.80799999999999,198.399,297.9305,0.0,0.28600000000000003,0.8420000000000001,1.476,2.3955,3.7190000000000003,5.0995,0.0,4.355,4.457,4.4635,4.46,4.4875,4.506500000000001,5.21
CN015,13.312,1.479,2003,0.0,0.0,5.199,117.61,451.044,899.764,1134.077,0.0,5.206,24.55,47.364,79.307,165.015,201.577,0.0,-10.256,-40.49,-105.26146666666666,-224.72022580645162,-339.3516,-386.88442857142854,0.0,0.22634782608695653,0.6239999999999999,0.7604666666666666,1.0304193548387095,2.856933333333333,2.611571428571428,0.0,11880034.304347826,16202975.35483871,18887444.433333334,22650063.096774194,22414397.3,22173922.14285714,0.0,-7.303826086956522,-0.684,8.666699999999999,15.755935483870967,19.957333333333334,21.736642857142858,0.0,-1.0674347826086956,5.437612903225807,15.205533333333333,22.447032258064514,26.003600000000002,27.291500000000003,0.0,-12.869608695652174,-6.206838709677419,1.9616000000000002,8.843032258064516,13.9697,16.409214285714288,0.0,22.0,12.0,0.0,0.0,0.0,0.0,0.0,0.0,0.0,0.0,0.0,0.0,0.0,0.0,8.0,5.0,7.0,4.0,0.0,0.0,0.0,19.3675,52.415,92.432,137.756,205.694,303.8405,0.0,0.357,1.011,1.696,2.4105,3.5460000000000003,4.843,0.0,3.822,3.839,3.6825,3.238,3.729,3.8205,5.585
CN021,14.162,1.52,2003,0.0,0.0,9.655000000000001,181.931,563.797,1031.496,1262.859,0.0,3.162,22.534,58.012,99.575,226.175,278.042,0.0,-16.73723076923077,-54.948,-128.43283333333335,-225.6082258064516,-285.48363333333333,-299.1335384615385,0.0,0.12161538461538461,0.6249032258064516,1.1825999999999999,1.340741935483871,4.22,3.9897692307692307,0.0,12077325.923076924,15749266.709677419,18478672.733333334,21888294.16129032,21593864.433333334,21734084.0,0.0,-3.5243076923076924,1.532258064516129,10.728733333333334,17.31825806451613,20.589966666666665,22.797153846153847,0.0,2.3380384615384617,7.047193548387097,16.6368,23.41245161290323,25.691066666666664,27.627769230769232,0.0,-8.476269230769232,-3.410516129032258,4.668866666666667,11.503806451612903,15.8798,18.455615384615385,0.0,12.0,3.0,0.0,0.0,0.0,0.0,0.0,0.0,0.0,0.0,0.0,0.0,0.0,0.0,17.0,13.0,12.0,9.0,6.0,1.0,0.0,17.130000000000003,46.932,86.519,140.81,234.237,364.3085,0.0,0.383,1.071,1.81,2.865,4.401,6.167999999999999,0.0,4.709,4.716,4.4265,4.279,4.805,4.69,6.322
CN022,13.895,1.483,2003,0.0,0.0,0.8559999999999999,129.651,460.488,911.005,1147.695,0.0,4.929,21.274,48.081,88.646,225.056,295.606,0.0,-9.526,-43.64525806451613,-108.85106666666667,-213.23174193548388,-279.84293333333335,-264.66364285714286,0.0,0.1760357142857143,0.527258064516129,0.8935666666666666,1.308548387096774,4.547,5.039285714285714,0.0,11554834.44642857,16012679.35483871,18727485.133333333,22135077.870967742,20774946.766666666,21211712.785714287,0.0,-7.685285714285714,-0.7134838709677419,9.132399999999999,15.672161290322581,20.017233333333333,21.90642857142857,0.0,-1.622642857142857,5.231483870967741,15.229433333333333,21.970290322580645,25.0337,26.374785714285714,0.0,-13.388535714285714,-6.287129032258065,2.7847,9.37183870967742,15.173666666666666,17.717428571428574,0.0,26.0,10.0,0.0,0.0,0.0,0.0,0.0,0.0,0.0,0.0,0.0,0.0,0.0,0.0,16.0,17.0,9.0,8.0,4.0,0.0,0.0,21.168,57.278999999999996,97.981,150.18,240.25099999999998,376.681,0.0,0.4575,1.242,2.0,2.844,4.2805,6.038,0.0,5.1845,5.114,4.791,4.396,5.2905,5.463,6.148
CN023,14.269,1.486,2003,0.0,0.0,0.0,89.735,376.20300000000003,825.892,1016.604,0.0,5.349,17.252000000000002,44.114,72.173,151.622,220.773,0.0,-4.087714285714286,-33.72690322580645,-87.64623333333334,-197.09483870967745,-306.1722,-316.4433333333333,0.0,0.19103571428571428,0.3839677419354839,0.8954,0.9051290322580645,2.6483,5.762583333333333,0.0,10748374.267857144,15724355.225806452,19045560.133333333,23050600.129032258,21082009.1,19226896.333333332,0.0,-12.502107142857144,-1.8124193548387098,7.710533333333333,14.240903225806452,19.989633333333334,20.892666666666667,0.0,-5.6355,4.426451612903226,14.068766666666667,20.946645161290324,25.503800000000002,25.371583333333334,0.0,-18.996285714285712,-7.920645161290322,0.8615999999999999,7.134612903225807,14.468866666666667,16.796833333333336,0.0,28.0,16.0,0.0,0.0,0.0,0.0,0.0,0.0,0.0,0.0,0.0,0.0,0.0,0.0,17.0,17.0,8.0,8.0,2.0,0.0,0.0,16.681,48.19,85.989,134.31900000000002,216.304,340.0375,0.0,0.46849999999999997,1.2845,2.098,3.114,4.663,6.437,0.0,5.313000000000001,5.301,5.109,4.599,4.886,5.5435,4.046
CN032,13.994,1.439,2003,0.0,20.153,130.197,404.202,840.85,1413.177,1641.823,7.995,62.558,154.739,270.875,332.016,515.34,798.021,7.407,8.52125,39.769451612903225,39.6321,56.15525806451613,-25.62633333333333,191.83391666666662,7.995,1.9486785714285715,2.9735806451612907,3.8712,1.9722903225806452,6.1108,23.556749999999997,3645925.0,10839060.910714285,14766359.298387097,16517752.416666666,18849757.241935484,21502299.5,13090594.666666666,1.274,4.162214285714286,8.095225806451612,14.1335,19.08541935483871,24.077566666666666,24.053833333333333,3.639,8.712285714285715,12.874193548387098,18.812366666666666,23.576032258064515,28.765833333333333,27.419083333333333,-0.945,0.003607142857142872,3.702225806451613,9.738166666666666,14.852193548387097,19.585733333333334,21.31175,0.0,0.0,0.0,0.0,0.0,0.0,0.0,0.0,0.0,0.0,0.0,0.0,0.0,0.0,0.0,10.0,9.0,7.0,10.0,9.0,0.0,0.0,40.858999999999995,125.774,261.439,420.214,540.192,645.5765,0.0,0.7729999999999999,2.21,4.053,6.266,7.936,9.462,0.0,5.8740000000000006,5.873,5.9005,5.757,5.1080000000000005,7.0215,4.365
CN034,13.843,1.492,2003,0.0,30.794999999999998,164.078,454.223,925.409,1523.192,1683.265,11.305,82.161,191.464,321.767,404.245,666.141,813.679,2.477666666666667,19.466535714285715,68.27287096774195,91.92243333333334,135.00067741935484,74.12476666666666,286.301375,3.768333333333333,2.5305714285714282,3.5259032258064513,4.3434333333333335,2.66058064516129,8.729866666666668,18.44225,7865737.0,9874285.82142857,14397410.241935484,15334294.141666668,18323602.467741936,21360073.933333334,13116601.875,0.7806666666666667,4.736107142857143,8.819967741935484,14.6715,20.199548387096776,24.9261,25.009125,4.415666666666667,9.139964285714287,13.569258064516129,19.211533333333332,24.504451612903228,29.539566666666666,28.137999999999998,-2.666333333333333,0.6995714285714286,4.247612903225806,10.3691,15.927806451612904,20.4348,22.356375,0.0,0.0,0.0,0.0,0.0,0.0,0.0,0.0,0.0,0.0,0.0,0.0,0.0,0.0,1.0,10.0,8.0,6.0,8.0,9.0,0.0,0.0,42.804,131.346,262.072,403.998,519.001,603.694,0.0,0.8295,2.3455,4.179,6.224,7.944500000000001,9.421,0.0,6.609,6.589,6.656499999999999,6.513,5.9005,7.7425,4.154
CN037,14.446,1.493,2003,0.0,2.2529999999999983,86.631,355.052,806.713,1386.269,1647.884,0.0,20.451999999999998,56.459,124.89099999999999,175.989,263.169,392.012,0.0,-11.0206,-34.85141935483871,-86.87253333333334,-137.0619677419355,-244.80886666666666,-253.80707142857142,0.0,0.8180799999999999,1.1615161290322582,2.2810666666666664,1.6483225806451614,2.9059999999999997,9.20307142857143,0.0,11498657.7,15287535.725806452,18864413.4,21237444.129032258,22704315.6,17888413.67857143,0.0,2.5821199999999997,6.904903225806452,13.947366666666666,19.569709677419354,24.318533333333335,23.686785714285715,0.0,8.02264,12.320838709677421,19.553333333333335,24.9678064516129,29.7781,27.88228571428571,0.0,-2.06772,2.0945161290322583,8.791033333333333,14.55925806451613,19.305233333333334,20.113214285714285,0.0,2.0,0.0,0.0,0.0,0.0,0.0,0.0,0.0,0.0,0.0,0.0,0.0,0.0,0.0,12.0,11.0,14.0,16.0,6.0,0.0,0.0,19.482,63.099999999999994,153.92,275.49,384.14,491.15,0.0,0.373,1.185,2.456,4.0755,5.679,7.0335,0.0,4.408,4.462,4.3469999999999995,4.446,4.1695,4.893,5.865
CN041,14.925,1.468,2003,0.0,17.924,139.90800000000002,430.456,914.779,1531.612,1760.626,0.0,42.038000000000004,94.958,158.67,214.578,366.748,507.402,0.0,2.042666666666667,-0.8301935483870964,-33.818133333333336,-69.9001935483871,-166.524,-77.97383333333333,0.0,1.556962962962963,1.7070967741935485,2.1237333333333335,1.8034838709677419,5.072333333333333,11.721166666666667,0.0,10331229.361111112,14344674.33064516,16929418.741666667,19064379.322580647,21853680.716666665,15949198.541666666,0.0,3.921148148148148,8.256741935483872,14.684933333333333,20.623322580645162,25.5611,24.084500000000002,0.0,9.01962962962963,13.475741935483871,19.805433333333333,25.590290322580646,30.889799999999997,27.776916666666665,0.0,-0.7196666666666667,3.405774193548387,9.689666666666666,15.780806451612905,20.4303,20.837666666666667,0.0,0.0,0.0,0.0,0.0,0.0,0.0,0.0,0.0,0.0,0.0,0.0,0.0,0.0,0.0,12.0,10.0,9.0,10.0,3.0,0.0,0.0,35.2675,114.068,260.449,423.56100000000004,538.45,640.2764999999999,0.0,0.6685,2.1479999999999997,3.977,6.1105,7.699999999999999,9.1145,0.0,4.59,4.568,4.4435,4.425,4.278499999999999,5.5055,3.211
CN042,13.08,1.433,2003,1.141,53.235,210.165,529.002,1025.983,1648.641,1728.926,10.068999999999999,96.334,196.838,350.695,475.387,737.651,774.796,-1.6911999999999998,14.613535714285716,74.8121935483871,115.30749999999999,183.32793548387096,160.517,305.93975,2.0138,3.080892857142857,3.242064516129032,5.128566666666667,4.022322580645161,8.742133333333333,9.28625,9490965.8,8880207.99107143,12733881.362903226,13652444.091666667,16772885.709677419,19528660.475,13288797.25,4.3284,5.911499999999999,9.686903225806452,15.6279,21.03164516129032,25.755266666666667,25.07125,8.602,10.101714285714285,14.17174193548387,20.015233333333335,25.179612903225806,29.952333333333335,28.014,-0.12620000000000003,1.744,5.219387096774193,11.208300000000001,16.91164516129032,21.62313333333333,22.22625,0.0,0.0,0.0,0.0,0.0,0.0,0.0,0.0,0.0,0.0,0.0,0.0,0.0,0.0,3.0,11.0,12.0,4.0,6.0,3.0,0.0,0.0,54.415000000000006,151.629,272.232,395.734,515.247,617.024,0.0,0.958,2.6185,4.302,6.2615,8.222,9.767,0.0,7.041,7.043,7.1025,7.207,6.867,7.8,4.91
CN046,11.719,1.364,2003,121.474,585.888,1142.426,1803.213,2533.272,2698.163,0.0,2.181,13.08,37.891,84.269,237.541,246.06199999999998,0.0,-13.849874999999999,-62.735,-156.86183870967741,-262.8410333333333,-343.926935483871,-333.5322857142857,0.0,0.272625,0.38925,0.8003548387096774,1.5459333333333334,4.944258064516129,1.2172857142857143,0.0,13635537.9375,15057293.25,15507564.096774194,21180688.866666667,20894050.548387095,21962696.0,0.0,20.18425,21.586214285714284,22.95283870967742,27.026233333333334,28.550290322580643,28.555857142857143,0.0,25.091625,26.09507142857143,27.42983870967742,31.96466666666667,33.08851612903226,32.57271428571429,0.0,16.538375000000002,18.17832142857143,19.44309677419355,23.19793333333333,25.04893548387097,24.65657142857143,0.0,0.0,0.0,0.0,0.0,0.0,0.0,0.0,0.0,0.0,0.0,0.0,0.0,0.0,0.0,2.0,3.0,5.0,1.0,0.0,1.0,0.0,0.0,79.749,204.455,338.534,486.337,591.241,0.0,0.505,1.7985,3.847,5.696,7.646000000000001,9.125,0.0,0.0,6.3100000000000005,6.31,6.157500000000001,6.457,6.08,0.0,3.087
CN051,12.899,1.434,2003,1.4180000000000001,129.47899999999998,337.245,685.217,1154.55,1678.863,1918.25,2.468,32.165,84.279,164.24099999999999,314.717,485.011,562.695,0.36100000000000004,-8.88782142857143,-24.940516129032257,-38.808233333333334,-23.228677419354835,7.6101666666666725,73.99192307692309,1.234,1.0606071428571429,1.6810967741935483,2.6654,4.854064516129032,5.676466666666667,5.975692307692308,8064615.25,9188206.57142857,12728740.5,15012962.083333334,15919427.774193548,16535595.366666667,14934370.846153846,5.709,9.573607142857142,11.702129032258066,16.599066666666666,20.139774193548387,22.4771,23.414384615384616,9.1785,13.175321428571428,15.866903225806452,20.7969,23.924193548387095,26.16433333333333,26.491846153846154,2.065,5.766107142857143,7.213225806451613,12.1128,16.336709677419353,18.640033333333335,20.411461538461538,0.0,0.0,0.0,0.0,0.0,0.0,0.0,0.0,0.0,0.0,0.0,0.0,0.0,0.0,0.0,0.0,0.0,1.0,0.0,0.0,0.0,0.0,68.088,174.387,280.3,386.595,524.975,681.0045,0.0,1.061,2.74,4.25,5.861,8.096,10.177,0.0,6.4775,6.446,6.2989999999999995,6.337,6.390000000000001,6.523,4.454
CN052,13.061,1.533,2003,9.447,133.937,303.27,618.635,1003.703,1413.691,1510.285,17.331,53.785,134.203,252.573,451.954,713.245,760.371,1.477875,-7.115571428571429,-33.776645161290325,-47.950066666666665,2.5134838709677485,173.99470000000002,244.31900000000005,2.166375,1.3019285714285715,2.594129032258065,3.9456666666666664,6.431645161290323,8.7097,7.854333333333334,9615886.625,13072440.767857144,14567957.741935484,17509782.4,14929027.338709677,14935508.383333333,18351907.0,5.418875,9.046464285714285,10.233645161290323,15.512166666666667,17.421548387096774,18.66626666666667,21.099,10.563875,14.508892857142857,15.635258064516128,21.178333333333335,21.660806451612903,22.225433333333335,24.716333333333335,1.731875,4.134571428571428,5.446354838709677,10.757866666666667,13.76774193548387,15.389466666666666,18.085666666666665,0.0,0.0,0.0,0.0,0.0,0.0,0.0,0.0,0.0,0.0,0.0,0.0,0.0,0.0,0.0,0.0,0.0,1.0,1.0,2.0,0.0,0.0,48.167,125.71600000000001,207.091,294.688,407.265,510.267,0.32,1.1949999999999998,2.6485000000000003,3.886,5.2515,7.4510000000000005,9.102,0.0,7.5065,7.541,7.336,7.546,7.8629999999999995,7.785500000000001,4.661
CN053,12.971,1.41,2003,4.285,162.579,412.409,792.009,1213.042,1612.351,1835.714,2.48,30.233,92.146,131.005,274.675,544.324,608.236,0.24,-21.89325,-98.09477419354839,-185.9211,-258.2582258064516,-118.87243333333332,-46.69586666666667,2.48,0.9911785714285715,1.9971935483870966,1.2953000000000001,4.634516129032257,8.9883,4.2608,13848300.0,17281197.660714287,19428010.774193548,23359392.9,19605553.5,15915530.433333334,18573130.733333334,9.285,10.653357142857143,13.059032258064516,17.653333333333332,18.581709677419354,18.310299999999998,19.890866666666668,14.252,16.598785714285714,18.861032258064515,23.925,23.64525806451613,22.1075,23.738999999999997,5.529,5.046321428571429,7.675129032258065,11.770033333333334,14.199193548387097,15.1877,16.718666666666667,0.0,0.0,0.0,0.0,0.0,0.0,0.0,0.0,0.0,0.0,0.0,0.0,0.0,0.0,0.0,5.0,3.0,0.0,0.0,0.0,0.0,0.0,69.935,170.255,259.928,342.081,443.105,563.6445,0.0,1.13,2.795,4.175,5.547000000000001,7.5385,9.415,0.0,7.0455000000000005,6.999,6.505,6.481,7.3245000000000005,7.301,3.749
CN054,13.005,1.461,2003,0.0,0.0,0.0,25.515,124.169,331.36899999999997,437.852,1.028,59.966,122.902,197.685,315.487,542.835,658.664,-0.844,-0.24242857142857102,-10.79432258064516,-37.39456666666667,-48.55422580645161,-8.449399999999999,101.93864285714287,1.028,2.1049285714285717,2.0301935483870968,2.492766666666667,3.800064516129032,7.578266666666667,8.2735,16965302.0,18414399.32142857,21664800.29032258,23115026.0,23251183.677419353,19992307.3,17918857.07142857,-0.491,-0.9690714285714286,1.6043548387096773,5.569500000000001,8.140322580645162,11.906666666666666,12.605928571428572,3.78,3.655892857142857,6.5365806451612904,10.790533333333334,13.212903225806452,16.617166666666666,16.694357142857143,-5.517,-5.6582857142857135,-3.268193548387097,0.34936666666666666,3.774,8.219933333333334,9.645785714285713,0.0,1.0,0.0,0.0,0.0,0.0,0.0,0.0,0.0,0.0,0.0,0.0,0.0,0.0,0.0,3.0,1.0,0.0,0.0,0.0,0.0,0.0,40.595,101.96,167.442,249.974,361.882,474.2205,0.0,0.826,2.0435,3.065,4.2535,5.774,6.976,0.0,6.257,6.171,6.0,5.98,6.2225,6.5024999999999995,4.924
CN061,12.801,1.465,2003,0.0,10.718,95.244,329.133,771.16,1332.416,1576.066,0.0,18.108999999999998,55.42,106.643,164.832,234.566,296.971,0.0,-11.46037037037037,-37.98270967741935,-76.84396666666666,-153.74290322580643,-265.27366666666666,-310.34607142857146,0.0,0.6707037037037037,1.2035806451612903,1.7074333333333334,1.8770645161290322,2.3244666666666665,4.4575000000000005,0.0,11958418.787037037,14953719.161290323,17411143.216666665,19534168.30645161,22927221.0,17983699.25,0.0,2.573074074074074,6.405258064516128,12.7963,19.258935483870967,23.70853333333333,22.40357142857143,0.0,7.852962962962963,11.722096774193549,18.6512,24.797806451612903,29.692733333333333,27.192,0.0,-2.3414444444444444,1.1914193548387098,6.977033333333334,13.349838709677421,17.481166666666663,17.96892857142857,0.0,0.0,0.0,0.0,0.0,0.0,0.0,0.0,0.0,0.0,0.0,0.0,0.0,0.0,0.0,8.0,7.0,6.0,8.0,3.0,0.0,0.0,24.5,74.376,159.923,267.481,370.352,468.14649999999995,0.0,0.513,1.3639999999999999,2.449,3.9539999999999997,5.4704999999999995,6.7775,0.0,3.974,4.054,4.0040000000000004,3.72,3.556,4.047000000000001,3.935
CN062,12.84,1.465,2003,0.0,0.0,44.69,178.26,507.45,966.278,1301.153,0.0,6.172,29.334,59.512,110.212,154.6,195.434,0.0,-12.299105263157895,-49.51783870967742,-120.53643333333333,-212.7312580645161,-345.18846666666667,-431.96104761904763,0.0,0.3248421052631579,0.7471612903225806,1.0059333333333333,1.6354838709677417,1.4796000000000002,1.9444761904761902,0.0,14075038.47368421,17118837.048387095,20076477.2,21918214.93548387,24016531.466666665,22049677.23809524,0.0,0.046052631578947366,3.307967741935484,9.426466666666666,15.619032258064516,20.294266666666665,20.946428571428573,0.0,5.853315789473684,9.052612903225805,15.6915,21.687129032258067,26.625566666666668,26.728,0.0,-5.853736842105263,-2.5655161290322583,3.0032,9.20025806451613,13.504933333333334,15.308809523809524,0.0,4.0,2.0,0.0,0.0,0.0,0.0,0.0,0.0,0.0,0.0,0.0,0.0,0.0,0.0,6.0,6.0,4.0,3.0,6.0,0.0,0.0,14.165000000000001,37.159,71.704,134.048,232.661,351.626,0.0,0.257,0.688,1.191,1.9845000000000002,3.285,4.602,0.0,3.182,3.215,3.122,3.012,2.5250000000000004,3.209,4.984
CN064,12.016,1.441,2003,0.0,3.029,60.489,249.56,620.43,1114.179,1417.594,0.0,5.183,25.131999999999998,42.63,103.525,150.352,176.084,0.0,-15.38452380952381,-62.55170967741936,-154.8579,-261.65500000000003,-396.4416,-478.4939444444444,0.0,0.2468095238095238,0.643516129032258,0.5832666666666667,1.9643548387096774,1.5609,1.4295555555555555,0.0,14153347.0,17062457.79032258,20605833.966666665,21694213.79032258,24598846.85,22518149.833333332,0.0,0.8686666666666667,4.668903225806451,11.302366666666668,16.963548387096775,21.4583,21.85638888888889,0.0,6.985047619047619,10.66683870967742,17.7375,23.223,28.06676666666667,27.67088888888889,0.0,-5.435428571428572,-1.2972580645161291,4.6654,10.451516129032258,14.622366666666666,16.139388888888888,0.0,5.0,1.0,0.0,0.0,0.0,0.0,0.0,0.0,0.0,0.0,0.0,0.0,0.0,0.0,8.0,11.0,10.0,9.0,11.0,3.0,0.0,13.181999999999999,34.055,64.298,119.31,209.34699999999998,306.977,0.0,0.219,0.5965,1.0230000000000001,1.6975,2.8385,3.9574999999999996,0.0,3.049,3.121,2.8225,3.249,2.1505,3.229,6.801
CN065,13.176,1.431,2003,0.0,0.0,19.003,117.237,443.658,931.482,1342.826,0.0,17.246,43.725,94.877,147.892,200.663,271.471,0.0,2.2995333333333337,-7.965387096774193,-32.873,-104.09706451612904,-207.04403333333332,-299.13615999999996,0.0,1.1497333333333333,0.8541612903225806,1.7050666666666667,1.7101612903225807,1.7590333333333334,2.83232,0.0,11171329.666666666,16031870.709677419,19895237.733333334,22742001.903225806,23482293.233333334,22649018.04,0.0,-4.921133333333334,-0.2194193548387096,7.182266666666666,15.529709677419355,21.2608,21.45376,0.0,-0.7851333333333333,4.959290322580645,12.646033333333332,20.856870967741933,26.544500000000003,26.339520000000004,0.0,-9.597133333333334,-5.505129032258064,1.3436666666666668,9.699774193548386,15.7185,16.63328,0.0,14.0,15.0,0.0,0.0,0.0,0.0,0.0,0.0,0.0,0.0,0.0,0.0,0.0,0.0,0.0,6.0,3.0,0.0,0.0,0.0,0.0,2.732,12.006,40.684,93.22,188.843,330.63,0.0,0.1895,0.5755,1.165,1.925,3.226,4.774,0.0,3.844,3.636,3.593,3.477,3.5140000000000002,3.712,6.782
CN011,14.819,1.511,2004,0.0,0.9959999999999996,38.485,307.185,712.667,1249.962,1466.825,0.0,13.947000000000001,17.125,47.649,76.681,216.2,258.838,0.0,-19.095333333333333,-72.56067741935483,-175.74663333333334,-278.054,-391.7771,-363.58225,0.0,0.5165555555555555,0.10251612903225807,1.0174666666666667,0.936516129032258,4.650633333333333,3.5531666666666664,0.0,13187041.5,17599537.419354837,20609694.866666667,21657520.580645163,20511677.683333334,21064330.25,0.0,0.4417037037037037,4.56158064516129,13.9473,18.08006451612903,22.90983333333333,23.071916666666667,0.0,6.458555555555556,10.737967741935485,20.716666666666665,24.49516129032258,28.538166666666665,28.044749999999997,0.0,-4.85825925925926,-1.3535161290322582,7.018366666666666,11.541387096774194,17.413866666666667,18.364583333333332,0.0,6.0,0.0,0.0,0.0,0.0,0.0,0.0,0.0,0.0,0.0,0.0,0.0,0.0,0.0,23.0,22.0,21.0,20.0,8.0,2.0,0.0,15.4485,43.513,89.17099999999999,162.002,267.697,398.3795,0.0,0.368,1.0015,1.894,3.211,4.7620000000000005,6.5725,0.0,4.119,3.956,3.7030000000000003,3.698,3.8360000000000003,4.3415,4.651
CN012,14.794,1.439,2004,0.0,7.832000000000001,102.20400000000001,420.347,884.614,1457.608,1693.778,0.0,6.255,12.354,40.865,71.318,256.603,303.39,0.0,-26.10146153846154,-92.45480645161291,-207.94776666666667,-333.8961612903226,-442.35966666666667,-385.7341666666666,0.0,0.24057692307692308,0.19674193548387098,0.9503666666666667,0.9823548387096774,6.176166666666666,3.8989166666666666,0.0,13085870.817307692,17302586.29032258,20839829.916666668,22251974.85483871,20028289.891666666,22370116.625,0.0,2.7747307692307692,6.981870967741935,15.604766666666666,19.97635483870968,24.099800000000002,24.680833333333336,0.0,9.029423076923077,12.971290322580646,21.97843333333333,26.10474193548387,29.5761,29.5385,0.0,-2.8438461538461537,1.249,9.262633333333333,13.942225806451614,19.195766666666668,20.384916666666665,0.0,0.0,0.0,0.0,0.0,0.0,0.0,0.0,0.0,0.0,0.0,0.0,0.0,0.0,0.0,22.0,21.0,20.0,18.0,7.0,3.0,0.0,14.3365,41.189,93.582,177.111,282.927,410.4515,0.0,0.33699999999999997,0.9185,1.8525,3.039,4.3855,6.0605,0.0,4.3525,4.171,3.534,3.994,4.3405000000000005,4.5809999999999995,5.062
CN013,14.781,1.481,2004,0.0,6.095000000000001,75.129,345.839,751.439,1273.959,1496.765,0.0,10.260000000000002,17.964000000000002,50.160000000000004,90.916,217.218,275.96299999999997,0.0,-22.810153846153845,-84.82122580645162,-185.76386666666667,-289.9297419354839,-391.2003666666667,-384.2885833333333,0.0,0.3946153846153847,0.24851612903225806,1.0732,1.3147096774193547,4.210066666666666,4.895416666666667,0.0,13427965.153846154,17418251.967741936,20915180.433333334,22537279.19354839,20530620.783333335,22144597.333333332,0.0,1.8231153846153847,5.7861290322580645,14.023666666666665,18.083870967741937,22.417333333333332,23.567166666666665,0.0,8.09776923076923,11.927322580645162,20.605966666666667,24.223290322580645,27.967666666666666,28.931,0.0,-3.8474999999999997,0.026419354838709653,7.5957,12.003032258064517,17.189533333333333,18.868583333333333,0.0,5.0,0.0,0.0,0.0,0.0,0.0,0.0,0.0,0.0,0.0,0.0,0.0,0.0,0.0,20.0,14.0,16.0,10.0,5.0,1.0,0.0,17.301499999999997,53.616,120.553,206.785,304.046,424.541,0.0,0.359,1.0299999999999998,2.131,3.417,4.6995000000000005,6.2895,0.0,4.574,4.366,4.1240000000000006,4.129,4.373,4.5995,4.4
CN014,14.597,1.473,2004,0.0,0.8200000000000003,41.339999999999996,273.954,618.901,1063.421,1281.091,0.0,19.784,34.367999999999995,57.062,104.166,194.175,235.638,0.0,-17.555346153846155,-69.52580645161291,-157.44106666666667,-256.4601612903226,-357.58716666666663,-388.7218461538462,0.0,0.7609230769230769,0.4704516129032258,0.7564666666666666,1.5194838709677418,3.0003,3.1894615384615386,0.0,14222934.5,17146335.741935484,21354551.866666667,23081112.967741936,21300000.9,23341432.384615384,0.0,0.28496153846153854,4.352032258064517,12.701833333333333,16.12732258064516,19.817333333333334,21.743846153846157,0.0,6.60726923076923,10.479774193548387,19.775399999999998,22.448096774193548,25.6138,27.547923076923077,0.0,-5.523807692307693,-1.3585483870967743,5.529066666666667,9.77783870967742,14.313566666666667,16.332846153846155,0.0,7.0,1.0,0.0,0.0,0.0,0.0,0.0,0.0,0.0,0.0,0.0,0.0,0.0,0.0,16.0,8.0,13.0,11.0,3.0,0.0,0.0,14.0345,38.708,75.235,125.97800000000001,200.285,302.8035,0.0,0.309,0.8835,1.6385,2.59,3.7430000000000003,5.078,0.0,5.372999999999999,5.19,4.9155,4.741,4.4665,4.759,5.613
CN015,13.312,1.479,2004,0.0,0.0,8.692,132.881,432.756,928.46,1135.212,0.0,6.737,13.479000000000001,25.02,64.39,123.991,169.555,0.0,-12.481458333333334,-55.938096774193546,-147.33736666666667,-258.9885806451613,-405.6277666666667,-446.28269230769234,0.0,0.28070833333333334,0.21748387096774194,0.3847,1.27,1.9867,3.504923076923077,0.0,12048100.291666666,16814529.0,20385764.066666666,21933795.19354839,22592956.233333334,18834622.230769232,0.0,-6.666625,-1.5603870967741935,8.7524,14.673387096774194,21.523466666666664,20.904,0.0,-0.5282916666666667,4.47083870967742,15.285333333333334,20.751193548387096,27.512866666666664,25.36223076923077,0.0,-12.151833333333334,-7.208870967741936,1.9181333333333332,8.203290322580646,15.1995,16.729307692307692,0.0,23.0,13.0,0.0,0.0,0.0,0.0,0.0,0.0,0.0,0.0,0.0,0.0,0.0,0.0,10.0,13.0,8.0,1.0,3.0,0.0,0.0,17.1465,47.618,86.184,130.126,200.941,304.57000000000005,0.0,0.338,0.9610000000000001,1.717,2.502,3.5555000000000003,4.875500000000001,0.0,4.31,4.201,3.9044999999999996,3.822,3.6195,4.499,5.658
CN021,14.162,1.52,2004,0.0,0.0,18.291999999999998,203.278,557.354,1071.808,1276.239,0.0,18.784000000000002,33.436,58.714,97.104,197.013,267.228,0.0,-11.414,-50.76996774193548,-130.58656666666667,-244.1215806451613,-373.78340000000003,-352.08,0.0,0.6957037037037038,0.47264516129032264,0.8425999999999999,1.2383870967741937,3.3303000000000003,5.85125,0.0,12132825.120370371,17311537.80645161,20553556.833333332,21822841.01612903,21454566.9,19444666.916666668,0.0,-3.387407407407407,1.1912258064516128,10.917933333333334,16.421806451612905,22.148466666666664,22.035916666666665,0.0,1.8921111111111113,6.956967741935483,16.8404,21.91674193548387,27.4146,25.8275,0.0,-8.392037037037037,-4.0761290322580646,4.8608,10.747354838709677,17.1847,18.674583333333334,0.0,12.0,7.0,0.0,0.0,0.0,0.0,0.0,0.0,0.0,0.0,0.0,0.0,0.0,0.0,14.0,15.0,18.0,8.0,11.0,0.0,0.0,17.806,48.59,88.049,142.232,237.369,374.4335,0.0,0.395,1.087,1.9240000000000002,2.967,4.321,6.1530000000000005,0.0,5.004,4.89,4.5395,4.36,4.0555,5.5095,6.753
CN022,13.895,1.483,2004,0.0,0.0,9.783,115.856,421.72,924.52,1120.779,0.0,27.235,54.038,65.163,120.02,188.308,280.15999999999997,0.0,-0.693896551724138,-18.10490322580645,-85.1084,-180.16487096774193,-312.0667666666667,-295.9674615384616,0.0,0.9391379310344827,0.8646129032258065,0.37083333333333335,1.7695806451612903,2.2762666666666664,7.065538461538462,0.0,10683694.310344828,16853523.19354839,20208490.8,20829168.548387095,22965949.233333334,15894777.461538462,0.0,-8.25606896551724,-1.816516129032258,8.045866666666667,14.86658064516129,21.759999999999998,20.096846153846155,0.0,-3.1691724137931034,3.7893548387096776,14.017333333333333,20.236193548387096,27.2415,23.725846153846152,0.0,-13.600620689655173,-7.220258064516129,1.5,9.037580645161292,16.200333333333333,16.982846153846154,0.0,25.0,11.0,0.0,0.0,0.0,0.0,0.0,0.0,0.0,0.0,0.0,0.0,0.0,0.0,9.0,16.0,16.0,5.0,10.0,0.0,0.0,18.271,51.899,90.922,139.99099999999999,227.11599999999999,361.69100000000003,0.0,0.458,1.2455,2.099,3.035,4.3555,6.126,0.0,5.432,5.356,4.9855,4.84,4.474,5.768,6.238
CN023,14.269,1.486,2004,0.0,0.0,1.5119999999999996,45.012,299.79200000000003,783.484,943.63,0.0,18.823,40.726,63.911,142.913,174.031,239.679,0.0,4.8966206896551725,-7.694193548387096,-53.165,-106.0918064516129,-225.0952,-264.37836363636364,0.0,0.6490689655172414,0.7065483870967741,0.7728333333333333,2.5484516129032255,1.0372666666666666,5.968,0.0,9946678.706896551,15747297.064516129,19246678.533333335,19902332.06451613,24248788.3,12540179.318181818,0.0,-13.154689655172414,-4.518903225806452,5.430933333333333,13.218709677419357,21.123066666666666,19.558727272727275,0.0,-7.870655172413793,1.1558709677419354,11.042433333333333,18.539967741935484,26.90083333333333,22.915272727272725,0.0,-18.691,-10.250064516129033,-0.6969,7.612258064516129,14.883700000000001,16.736545454545453,0.0,29.0,16.0,0.0,0.0,0.0,0.0,0.0,0.0,0.0,0.0,0.0,0.0,0.0,0.0,4.0,15.0,5.0,2.0,6.0,0.0,0.0,8.375,30.368000000000002,62.369,105.81,190.998,329.581,0.0,0.271,0.8745,1.811,2.784,4.172499999999999,6.0184999999999995,0.0,5.546,5.634,5.49,5.411,4.898,5.711,4.311
CN031,12.706,1.42,2004,1.7939999999999996,85.376,210.117,504.842,966.018,1498.383,0.0,1.962,82.119,132.363,264.538,438.858,625.911,0.0,-9.2295,-29.571344827586206,-12.848193548387094,-23.491433333333326,41.60867741935484,64.67744827586208,0.0,0.1635,2.764034482758621,1.620774193548387,4.405833333333334,5.623225806451613,6.450103448275862,0.0,13517322.75,13737875.422413792,14910272.733870968,18562355.316666666,20293289.129032258,19030905.24137931,0.0,1.1061666666666665,7.489413793103449,9.001451612903226,14.824166666666667,19.876645161290323,23.357413793103447,0.0,5.606166666666667,12.29351724137931,13.108064516129033,19.440800000000003,24.094806451612904,26.903862068965516,0.0,-3.1135,3.2856896551724137,5.053645161290323,10.4237,16.011677419354836,20.172310344827586,0.0,0.0,0.0,0.0,0.0,0.0,0.0,0.0,0.0,0.0,0.0,0.0,0.0,0.0,0.0,9.0,18.0,13.0,13.0,11.0,9.0,0.0,24.054,76.187,171.372,287.195,400.761,494.69,0.0,0.304,1.1185,2.814,4.6525,6.239,7.153,0.0,6.275499999999999,6.165,6.209,6.0565,6.476,6.31,0.0,6.139
CN032,13.994,1.439,2004,0.0,65.89,197.92600000000002,518.042,980.178,1558.821,1797.444,0.25,24.529,55.814,124.529,243.897,371.055,443.532,-1.152,-26.599827586206896,-68.76425806451613,-134.1926,-148.18780645161291,-176.78233333333336,-173.5563636363636,0.25,0.8372068965517241,1.0091935483870969,2.2905,3.85058064516129,4.2386,6.588818181818183,13492658.0,14076066.206896551,16484761.322580645,19678418.833333332,20009923.403225806,20924071.4,20186043.0,3.819,6.361206896551724,9.085387096774193,15.670533333333333,19.907612903225804,24.2881,26.692999999999998,9.928,12.162103448275863,14.439354838709678,21.4608,25.006032258064515,28.887533333333334,31.071818181818177,-2.149,1.299793103448276,4.131064516129032,10.052833333333332,14.956806451612904,19.935200000000002,22.845181818181818,0.0,0.0,0.0,0.0,0.0,0.0,0.0,0.0,0.0,0.0,0.0,0.0,0.0,0.0,0.0,20.0,15.0,12.0,9.0,7.0,0.0,0.0,54.314,163.908,316.252,472.32099999999997,590.194,714.4544999999999,0.0,0.768,2.4509999999999996,4.6945,6.615,7.895,9.432500000000001,5.86,5.703,5.508,5.202,5.41,5.1884999999999994,5.346,5.566
CN033,12.565,1.447,2004,10.045,124.799,271.711,606.878,1106.617,1483.74,0.0,34.626,117.33099999999999,187.314,311.256,526.986,598.1129999999999,0.0,15.043578947368422,1.6497241379310355,25.740387096774196,32.732400000000005,100.5941935483871,129.2414761904762,0.0,1.8224210526315787,2.851896551724138,2.257516129032258,4.1314,6.959032258064517,3.3869999999999996,0.0,10823069.256578946,13881413.103448275,13384911.483870968,17879900.333333332,19369879.85483871,18202102.14285714,0.0,2.9862105263157894,8.694758620689655,9.737677419354839,16.172233333333335,21.12061290322581,22.958238095238094,0.0,6.876368421052632,14.06793103448276,14.13516129032258,21.358433333333334,25.74041935483871,26.830714285714286,0.0,-0.7168421052631578,3.930137931034483,5.493709677419355,11.257,16.815322580645162,19.225952380952382,0.0,0.0,0.0,0.0,0.0,0.0,0.0,0.0,0.0,0.0,0.0,0.0,0.0,0.0,0.0,8.0,11.0,8.0,8.0,6.0,5.0,0.0,20.57,66.34700000000001,149.608,250.84,366.298,485.451,0.0,0.6005,1.8010000000000002,3.5300000000000002,5.475,7.401,9.19,0.0,6.983,6.935,7.084,6.926,7.337,7.091,0.0,4.125
CN034,13.843,1.492,2004,0.2530000000000001,91.708,245.381,604.89,1091.617,1679.416,1841.056,0.485,31.828999999999997,73.708,147.759,281.883,414.462,435.625,-2.975,-30.64565517241379,-63.110451612903226,-122.93953333333334,-122.94283870967742,-126.30353333333332,-148.09557142857142,0.16166666666666665,1.0808275862068966,1.3509354838709677,2.468366666666667,4.3265806451612905,4.419300000000001,3.023285714285714,13201860.0,14099354.293103449,15983804.661290323,19409082.1,19672036.080645163,20346543.083333332,22391208.285714287,4.420000000000001,7.493551724137932,9.886612903225807,16.983633333333334,20.700870967741935,24.5933,28.09142857142857,10.896333333333333,13.345862068965518,15.078032258064516,22.6685,25.741129032258065,29.0804,32.68214285714286,-1.6243333333333334,2.269655172413793,4.956838709677419,11.281833333333333,15.820032258064517,20.201199999999996,23.777142857142856,0.0,0.0,0.0,0.0,0.0,0.0,0.0,0.0,0.0,0.0,0.0,0.0,0.0,0.0,2.0,16.0,15.0,10.0,8.0,7.0,1.0,0.0,51.29600000000001,161.167,307.202,445.065,558.232,658.917,0.0,0.7484999999999999,2.476,4.5905,6.346,7.74,9.106,6.28,6.124,5.985,5.688,5.943,5.9905,5.532,4.844
CN035,11.511,1.369,2004,100.877,279.625,508.531,903.703,1422.165,1454.374,0.0,37.202,127.345,236.339,427.387,677.922,697.254,0.0,-10.2775,20.004931034482755,33.344709677419345,109.0152,219.66348387096775,292.5955,0.0,1.2400666666666667,3.1083793103448274,3.5159354838709675,6.368266666666667,8.081774193548387,9.666,0.0,10786479.983333332,13787724.543103449,12664368.153225806,16985051.283333335,17402715.85483871,11272816.0,0.0,7.903499999999999,10.879620689655173,12.384064516129033,18.1724,21.72458064516129,21.1045,0.0,12.755066666666666,16.869413793103448,17.039645161290323,23.280166666666666,26.56841935483871,24.403,0.0,4.112266666666667,5.909862068965517,8.438322580645162,13.5995,17.63506451612903,18.844,0.0,0.0,0.0,0.0,0.0,0.0,0.0,0.0,0.0,0.0,0.0,0.0,0.0,0.0,0.0,10.0,8.0,8.0,3.0,2.0,0.0,0.0,56.831,148.034,252.48,365.95,511.694,625.333,0.0,1.06,2.888,4.8875,7.123,9.393,10.736,0.0,7.0675,7.302,7.534,7.871499999999999,7.973,8.206,0.0,3.351
CN036,11.508,1.358,2004,36.758,199.289,398.611,820.729,1366.276,1454.003,0.0,52.168,165.44,275.769,482.985,797.45,840.34,0.0,10.900387096774192,16.771275862068965,71.95496774193549,140.066,316.45935483870966,400.46360000000004,0.0,1.6828387096774193,3.9059310344827587,3.559,6.9072000000000005,10.144032258064515,8.578,0.0,8361095.427419355,13003236.456896551,11930742.927419355,16983035.125,18358407.16129032,14193073.0,0.0,5.304741935483871,10.478344827586207,11.429741935483872,19.0706,22.598290322580645,22.5454,0.0,8.962096774193547,15.668931034482759,15.658161290322582,23.956933333333332,27.000419354838712,26.0074,0.0,1.9857741935483872,5.369241379310345,7.465032258064516,14.337,18.401225806451613,19.3644,0.0,0.0,0.0,0.0,0.0,0.0,0.0,0.0,0.0,0.0,0.0,0.0,0.0,0.0,0.0,7.0,10.0,8.0,7.0,4.0,0.0,0.0,61.253,152.246,243.25,342.127,465.716,567.04,0.0,1.1415,2.8815,4.561,6.452999999999999,8.366,9.64,0.0,6.882,6.849,7.27,7.417,7.703,7.936,0.0,3.343
CN037,14.446,1.493,2004,0.0,37.888,167.915,479.081,931.484,1503.416,1771.152,0.0,14.329,27.29,56.351,127.113,204.973,297.739,0.0,-24.809192307692307,-83.45551612903226,-180.00846666666666,-274.89580645161294,-359.9576333333333,-385.05169230769235,0.0,0.5511153846153847,0.4180967741935484,0.9687,2.2826451612903225,2.5953333333333335,7.135846153846154,0.0,13672066.211538462,16707219.516129032,21022264.233333334,21743005.322580647,21445215.2,21696029.923076924,0.0,5.026346153846154,8.725548387096774,15.3722,19.593645161290322,24.0644,25.595076923076924,0.0,11.440307692307691,14.586096774193548,21.482000000000003,25.40532258064516,29.2732,30.559076923076926,0.0,-0.5696153846153846,3.4012258064516128,9.5687,13.89090322580645,19.2341,21.439,0.0,0.0,0.0,0.0,0.0,0.0,0.0,0.0,0.0,0.0,0.0,0.0,0.0,0.0,0.0,19.0,16.0,15.0,10.0,7.0,0.0,0.0,24.477,80.029,188.963,316.205,427.572,550.3035,0.0,0.436,1.3599999999999999,3.0214999999999996,4.641,5.9145,7.458,0.0,5.26,5.031,4.7395,4.815,4.7965,4.755,6.107
CN041,14.925,1.468,2004,0.0,86.742,254.33100000000002,620.497,1119.925,1716.872,1967.186,0.0,26.4,56.159,79.047,158.791,239.533,309.539,0.0,-24.421249999999997,-73.6786129032258,-163.7738,-251.9843548387097,-329.79876666666667,-379.058,0.0,0.9428571428571428,0.9599677419354838,0.7629333333333334,2.5723870967741935,2.6914000000000002,6.364181818181819,0.0,13771871.42857143,16241728.0,20680094.066666666,21738740.20967742,20678998.116666667,22791502.0,0.0,7.376107142857143,10.363451612903226,17.20553333333333,21.11058064516129,24.898233333333334,27.755818181818185,0.0,13.70375,16.024548387096775,23.259166666666665,26.945225806451614,30.122466666666664,33.269363636363636,0.0,1.5352857142857144,5.088645161290322,11.369,15.434516129032257,19.9828,22.890090909090908,0.0,0.0,0.0,0.0,0.0,0.0,0.0,0.0,0.0,0.0,0.0,0.0,0.0,0.0,0.0,17.0,16.0,14.0,12.0,6.0,1.0,0.0,42.009,140.46699999999998,304.36199999999997,455.714,557.81,670.5625,0.0,0.6905,2.393,4.698,6.527,7.6835,9.112,0.0,5.135,4.91,4.508,4.382,4.3195,4.25,4.339
CN042,13.08,1.433,2004,1.2969999999999997,134.245,342.82,763.523,1294.013,1884.46,1957.054,0.111,39.904,91.484,166.541,297.524,572.616,575.615,-4.6240000000000006,-29.692,-54.77012903225806,-106.41386666666668,-112.34767741935485,-73.34043333333334,12.878999999999996,0.0222,1.3721724137931035,1.6638709677419354,2.5019,4.2252580645161295,9.169733333333333,0.9996666666666667,12511262.6,12730605.172413792,13963012.508064516,18901276.3,19439803.258064516,18913982.95,23333146.666666668,4.3740000000000006,9.504551724137931,11.728225806451613,19.023433333333333,22.11258064516129,24.681566666666665,29.197999999999997,10.2608,15.060724137931036,16.61216129032258,24.6188,27.009516129032257,28.814333333333334,33.88,-1.2870000000000001,4.1594482758620686,6.860677419354839,13.666,17.255709677419354,20.559966666666664,24.951000000000004,0.0,0.0,0.0,0.0,0.0,0.0,0.0,0.0,0.0,0.0,0.0,0.0,0.0,0.0,4.0,13.0,9.0,8.0,6.0,6.0,0.0,0.0,61.494,172.187,301.082,416.484,534.175,647.561,0.0,0.87,2.597,4.6425,6.172,7.8975,9.538,6.287,6.149,5.996,5.739000000000001,5.909,6.313000000000001,6.134,5.011
CN043,12.106,1.391,2004,9.611,174.007,399.198,839.421,1375.002,1615.9569999999999,0.0,50.275,144.119,245.473,417.524,673.832,719.616,0.0,25.773130434782612,19.87755172413793,50.52896774193548,87.25316666666666,232.16009677419353,276.00115384615384,0.0,2.1858695652173914,3.2359999999999998,3.269483870967742,5.735033333333333,8.267999999999999,3.5218461538461545,0.0,8459169.717391305,11881787.456896551,11667616.120967742,17538282.058333334,17416552.19354839,18952200.96153846,0.0,4.381304347826087,10.633827586206895,12.264225806451615,19.6741,22.276806451612902,23.535,0.0,7.852086956521738,15.512206896551724,16.33574193548387,24.624299999999998,26.503129032258062,27.467769230769232,0.0,0.7702608695652174,5.827586206896552,8.119741935483871,14.941533333333332,18.25283870967742,19.452846153846153,0.0,0.0,0.0,0.0,0.0,0.0,0.0,0.0,0.0,0.0,0.0,0.0,0.0,0.0,0.0,6.0,8.0,7.0,4.0,4.0,3.0,0.0,38.458,109.644,203.921,305.318,420.598,536.969,0.0,0.825,2.213,3.9065,5.7170000000000005,7.47,8.964500000000001,0.0,6.965,6.74,6.842,6.9175,7.292,7.24,0.0,4.581
CN044,11.814,1.393,2004,168.137,476.583,876.864,1409.503,2028.228,2070.721,0.0,35.033,103.254,168.481,335.894,581.653,589.217,0.0,-6.613391304347825,2.5305862068965523,-40.410000000000004,16.430866666666667,87.0293870967742,146.303,0.0,1.5231739130434783,2.352448275862069,2.1040967741935486,5.580433333333334,7.927709677419355,3.782,0.0,10039293.456521738,12563108.112068966,13316933.661290323,16538097.133333333,17994537.580645163,20255209.0,0.0,12.310304347826087,15.636068965517243,17.912290322580642,22.754633333333334,24.958870967741937,26.2465,0.0,16.227043478260867,20.28896551724138,21.784870967741934,26.73773333333333,28.859516129032258,30.226,0.0,9.002608695652174,11.697793103448275,14.711225806451614,19.174266666666664,21.42541935483871,22.698,0.0,0.0,0.0,0.0,0.0,0.0,0.0,0.0,0.0,0.0,0.0,0.0,0.0,0.0,0.0,4.0,7.0,7.0,0.0,0.0,0.0,0.0,49.55850000000001,127.11200000000001,212.919,309.022,445.34000000000003,557.13,0.0,0.983,2.607,4.074,5.899,8.112,9.442,0.0,6.111,6.266,6.042,6.625,7.018,7.0920000000000005,0.0,4.065
CN045,12.411,1.496,2004,133.334,405.572,752.206,1257.492,1833.628,1915.78,0.0,54.597,110.352,183.939,320.185,559.998,564.75,0.0,9.670833333333334,9.794068965517244,-13.157548387096773,38.063766666666666,88.75354838709679,150.484,0.0,2.274875,1.9225862068965516,2.373774193548387,4.541533333333334,7.735903225806451,1.188,0.0,7556735.729166667,10670628.844827587,10253457.774193548,15420742.583333334,16343557.451612903,20075229.75,0.0,10.555583333333333,14.38751724137931,16.18174193548387,21.84286666666667,23.585032258064516,25.538,0.0,13.793958333333334,18.86562068965517,19.934193548387096,26.1018,27.556483870967742,29.41275,0.0,7.624791666666667,10.30006896551724,13.017967741935484,17.835033333333335,20.043612903225807,21.52325,0.0,0.0,0.0,0.0,0.0,0.0,0.0,0.0,0.0,0.0,0.0,0.0,0.0,0.0,0.0,4.0,5.0,4.0,0.0,1.0,0.0,0.0,38.597500000000004,100.21300000000001,170.87900000000002,254.09900000000002,377.333,483.40200000000004,0.0,0.982,2.5185,3.891,5.4695,7.407,8.637,0.0,6.6905,6.687,6.601,6.7775,7.032,6.971500000000001,0.0,3.002
CN046,11.719,1.364,2004,94.18299999999999,498.06399999999996,1033.039,1630.703,2318.703,2456.155,0.0,1.266,63.905,79.392,200.573,346.36,361.79200000000003,0.0,-10.793,-8.937137931034483,-95.1471935483871,-120.79803333333332,-151.4221935483871,-161.33433333333332,0.0,0.15825,2.159965517241379,0.4995806451612903,4.039366666666667,4.702806451612903,2.572,0.0,11569064.9375,13828026.89224138,17223189.241935484,19757434.8,20615877.258064516,23423387.0,0.0,16.772875,18.926931034482756,22.25725806451613,24.92213333333333,27.193548387096776,27.908666666666665,0.0,20.608875,23.168310344827585,26.80283870967742,29.2939,31.374774193548387,31.8695,0.0,13.427,15.545103448275862,18.725,21.520899999999997,23.76432258064516,24.3225,0.0,0.0,0.0,0.0,0.0,0.0,0.0,0.0,0.0,0.0,0.0,0.0,0.0,0.0,0.0,1.0,8.0,7.0,2.0,0.0,0.0,0.0,0.0,75.548,198.208,335.76800000000003,495.854,610.259,0.0,0.498,1.8395000000000001,3.3345,5.058999999999999,7.089,8.362,0.0,6.0600000000000005,6.259,5.739,6.4254999999999995,6.486,6.109999999999999,0.0,3.406
CN050,12.526,1.429,2004,10.508,130.466,364.434,774.233,1244.647,1773.179,0.0,5.712,94.227,191.288,308.855,554.399,789.346,0.0,-3.0635,12.152862068965517,52.54277419354839,83.22263333333333,157.68732258064514,318.32710000000003,0.0,0.5711999999999999,3.052241379310345,3.1310000000000002,3.9189000000000003,7.920774193548387,7.831566666666666,0.0,8049502.75,8571344.146551725,9646229.322580645,17215340.358333334,15336193.129032258,15039680.516666668,0.0,5.8097,9.07493103448276,12.547354838709678,18.659966666666666,20.17464516129032,22.617733333333334,0.0,9.421800000000001,12.698241379310346,15.908967741935484,23.087833333333332,23.916451612903224,25.899633333333334,0.0,1.9357,5.203344827586206,8.855677419354839,13.781133333333335,16.21541935483871,19.206200000000003,0.0,0.0,0.0,0.0,0.0,0.0,0.0,0.0,0.0,0.0,0.0,0.0,0.0,0.0,0.0,2.0,5.0,2.0,3.0,5.0,0.0,0.0,0.0,41.991,112.789,194.496,302.623,461.624,0.0,0.426,1.4580000000000002,3.1094999999999997,4.9675,6.8100000000000005,9.229500000000002,0.0,6.7355,6.706,6.727,6.598,6.643,6.7795,0.0,4.948
CN051,12.899,1.434,2004,4.812,106.696,319.469,690.24,1142.401,1640.136,1875.048,1.245,35.044,100.145,189.689,304.996,470.468,505.683,-1.446,-10.842068965517242,-25.226,-34.616933333333336,-32.55470967741935,-3.8632666666666657,21.423333333333336,0.6225,1.1654827586206897,2.100032258064516,2.9848,3.7195806451612903,5.515733333333333,2.934583333333333,7975133.75,11439934.034482758,11535655.241935484,17393635.716666665,16152890.741935484,15181872.9,20579408.875,7.406000000000001,8.230793103448276,11.863645161290323,17.359033333333333,19.58583870967742,21.591166666666666,24.575999999999997,10.852,12.534310344827587,15.838387096774193,22.0788,23.722322580645162,25.2518,28.953666666666667,4.0200000000000005,3.817241379310345,7.645645161290323,12.380433333333334,15.18758064516129,18.001466666666666,19.962333333333333,0.0,0.0,0.0,0.0,0.0,0.0,0.0,0.0,0.0,0.0,0.0,0.0,0.0,0.0,0.0,1.0,0.0,1.0,1.0,0.0,0.0,0.0,68.932,178.675,291.056,402.006,537.223,694.1705,0.0,1.0795,2.714,4.641,6.321,8.410499999999999,10.5415,6.704000000000001,6.606,6.522,6.394,6.302,6.444,6.308999999999999,4.754
CN052,13.061,1.533,2004,6.674,89.977,240.318,531.437,901.484,1308.9470000000001,1388.547,6.313,76.87100000000001,170.06,279.161,469.914,658.546,721.006,-2.21675,-4.17806896551724,8.907903225806454,47.98263333333333,64.57887096774193,162.62666666666667,214.70239999999998,0.789125,2.4330344827586203,3.0060967741935487,3.6367,6.1533225806451615,6.287733333333334,12.492,10888322.75,12312167.672413792,11846287.14516129,17557984.266666666,16666807.403225806,15464579.716666667,20204852.0,3.6321250000000003,6.772448275862069,9.751032258064516,14.703966666666666,16.937,18.5821,20.919999999999998,8.652375,12.04748275862069,14.790451612903226,19.918433333333333,21.68761290322581,22.460066666666666,25.725,-0.38437499999999997,2.3929310344827583,5.752451612903226,10.017933333333334,12.605193548387097,15.070133333333333,17.0434,0.0,0.0,0.0,0.0,0.0,0.0,0.0,0.0,0.0,0.0,0.0,0.0,0.0,0.0,0.0,3.0,1.0,0.0,3.0,0.0,0.0,0.0,46.882000000000005,121.666,207.47,310.894,438.515,547.274,0.369,1.2360000000000002,2.525,4.077500000000001,5.689,7.7505,9.438,7.821,7.74,7.644,7.593500000000001,7.538,7.713,7.637,4.726
CN053,12.971,1.41,2004,5.084,135.618,412.769,707.196,1088.514,1485.141,1676.153,0.011,37.895,66.756,213.451,375.402,582.055,710.188,-3.282,-16.079965517241376,-90.68745161290323,-98.10363333333333,-103.0898064516129,-12.8149,75.35214285714287,0.011,1.3063448275862068,0.931,4.889833333333333,5.224225806451613,6.888433333333333,9.152357142857143,18430644.0,16200490.931034483,18067858.677419353,18855018.95,18571981.56451613,16629270.983333332,17408524.0,10.084,9.203827586206897,13.940354838709677,14.814233333333334,17.30058064516129,18.220899999999997,18.643714285714285,16.864,15.025827586206898,20.184870967741936,20.18616666666667,22.384999999999998,22.325166666666668,22.83892857142857,3.673,4.046448275862069,8.344548387096774,10.329066666666668,12.83841935483871,14.988533333333333,15.334999999999999,0.0,0.0,0.0,0.0,0.0,0.0,0.0,0.0,0.0,0.0,0.0,0.0,0.0,0.0,1.0,3.0,2.0,0.0,0.0,0.0,0.0,0.0,71.715,170.899,260.664,351.667,466.365,596.5125,0.0,1.1565,2.859,4.5235,6.106,8.058,9.9925,7.478,7.427,6.969,7.1515,7.209,7.6485,7.816,3.831
CN054,13.005,1.461,2004,0.0,0.0,7.4879999999999995,20.185,147.056,353.475,447.745,0.63,51.94,193.523,287.189,456.229,656.477,799.778,-1.156,-13.544448275862068,-4.025967741935482,37.88526666666667,60.65245161290323,123.09070000000001,225.58815384615386,0.63,1.7693103448275862,4.567193548387097,3.1222,5.452903225806451,6.674933333333334,11.023153846153848,16864916.0,19181526.620689657,20514609.677419353,23488774.733333334,22129159.774193548,20107982.166666668,15708007.692307692,-2.777,-1.2028620689655174,3.819709677419355,4.845666666666667,9.092612903225806,11.880633333333332,12.251538461538463,2.288,3.889896551724138,8.856419354838708,9.997000000000002,14.298838709677419,16.4524,15.817153846153845,-7.972,-6.255379310344828,-1.8703870967741936,-0.10213333333333337,4.416354838709678,8.231166666666667,9.73553846153846,1.0,4.0,0.0,0.0,0.0,0.0,0.0,0.0,0.0,0.0,0.0,0.0,0.0,0.0,0.0,4.0,1.0,0.0,0.0,0.0,0.0,0.0,40.152,100.124,169.419,263.119,385.09000000000003,502.64699999999993,0.0,0.8160000000000001,1.8605,3.0090000000000003,4.231,5.6935,6.941,6.169,6.099,6.037,6.0395,6.129,6.591,6.955,4.97
CN061,12.801,1.465,2004,0.0,17.779,123.217,467.87,915.603,1460.968,1728.654,0.0,19.19,44.875,62.561,107.287,174.381,206.846,0.0,-22.066321428571428,-74.66303225806452,-169.11313333333334,-289.157064516129,-404.44096666666667,-479.8664615384615,0.0,0.6853571428571429,0.8285483870967741,0.5895333333333334,1.442774193548387,2.2364666666666664,2.4973076923076927,0.0,14060740.30357143,15711458.387096774,21131725.133333333,22015390.580645163,21472274.216666665,24185977.615384616,0.0,3.2261785714285716,7.92641935483871,16.488433333333333,19.442999999999998,23.178833333333333,25.59123076923077,0.0,9.63942857142857,13.714806451612903,23.234133333333332,25.776129032258066,28.936666666666667,31.814153846153847,0.0,-2.802892857142857,1.9990322580645161,9.155566666666665,12.644225806451614,17.166666666666668,19.244615384615386,0.0,6.0,0.0,0.0,0.0,0.0,0.0,0.0,0.0,0.0,0.0,0.0,0.0,0.0,0.0,17.0,11.0,14.0,9.0,3.0,0.0,0.0,22.8715,71.54599999999999,159.047,265.205,363.463,459.4895,0.0,0.487,1.4115,2.7805,4.248,5.509,6.734999999999999,0.0,4.576499999999999,4.435,3.8855,3.651,3.6085000000000003,3.465,3.886
CN062,12.84,1.465,2004,0.0,0.0,22.700000000000003,257.94100000000003,579.719,1022.347,1365.587,0.0,7.4830000000000005,24.12,35.727000000000004,69.455,107.643,137.523,0.0,-20.30435,-69.2258064516129,-169.4408,-300.52125806451613,-433.84180000000003,-556.9594,0.0,0.37415000000000004,0.5366774193548387,0.38689999999999997,1.088,1.2729333333333333,1.494,0.0,15024097.5,17615962.80645161,22406181.4,23156005.19354839,23470646.066666666,25042769.8,0.0,1.45435,3.7882258064516128,12.841366666666666,15.350451612903225,19.754266666666663,22.162,0.0,8.1399,9.894032258064515,19.960166666666666,21.876225806451615,25.989033333333335,28.63115,0.0,-5.2913499999999996,-2.4043225806451614,4.917833333333333,8.265516129032259,13.199633333333333,15.12745,0.0,1.0,4.0,0.0,0.0,0.0,0.0,0.0,0.0,0.0,0.0,0.0,0.0,0.0,0.0,6.0,9.0,15.0,10.0,2.0,4.0,0.0,13.696000000000002,36.259,72.788,138.766,238.344,337.08000000000004,0.0,0.248,0.6775,1.3094999999999999,2.202,3.3725,4.663,0.0,3.5225,3.5,2.9805,3.023,2.9615,2.7765,5.024
CN063,13.39,1.445,2004,0.0,0.0,6.861,133.471,321.969,613.298,841.936,0.0,8.14,24.923,47.657,118.296,182.318,226.022,0.0,-17.062684210526317,-61.90383870967742,-140.84153333333333,-219.68941935483872,-287.49449999999996,-347.34155,0.0,0.428421052631579,0.5413870967741936,0.7577999999999999,2.2786774193548385,2.134066666666667,2.1852,0.0,16860756.0,19112753.16129032,22993428.666666668,22796375.274193548,23180165.716666665,24653120.25,0.0,-0.617421052631579,2.2204838709677417,8.800866666666668,10.767129032258065,14.710966666666668,16.4319,0.0,5.603526315789473,8.723870967741936,15.484366666666666,16.78361290322581,20.510766666666665,22.5557,0.0,-7.51,-4.314322580645161,1.3118333333333332,4.858290322580645,9.3719,10.683150000000001,0.0,9.0,4.0,0.0,0.0,0.0,0.0,0.0,0.0,0.0,0.0,0.0,0.0,0.0,0.0,8.0,13.0,14.0,5.0,1.0,3.0,0.0,13.0755,34.982,70.581,138.071,245.854,350.56,0.0,0.1815,0.5515,1.1145,1.878,3.053,4.278,0.0,4.202,4.184,4.0065,4.165,4.1145,4.0905000000000005,7.405
CN064,12.016,1.441,2004,0.0,2.2969999999999997,51.416,332.477,701.794,1177.815,1486.155,0.0,1.74,9.739,13.653,43.015,82.762,101.688,0.0,-26.812545454545454,-98.98032258064515,-219.45829999999998,-366.78132258064517,-513.3824666666667,-628.9367647058823,0.0,0.07909090909090909,0.25803225806451613,0.13046666666666665,0.9471612903225807,1.3249,1.1132941176470588,0.0,15231760.636363637,18040132.096774194,21822460.066666666,23646575.29032258,23584092.466666665,24476640.529411763,0.0,1.9428636363636365,5.082032258064516,14.368699999999999,16.913451612903227,20.867366666666666,23.137647058823532,0.0,9.171227272727272,11.579645161290323,21.729666666666667,23.802870967741935,27.3568,29.76494117647059,0.0,-5.059454545454545,-1.267774193548387,6.462066666666667,9.261000000000001,14.056166666666666,16.217470588235294,0.0,4.0,2.0,0.0,0.0,0.0,0.0,0.0,0.0,0.0,0.0,0.0,0.0,0.0,0.0,15.0,10.0,25.0,16.0,11.0,4.0,0.0,12.9275,33.135000000000005,63.357,120.227,213.358,315.9865,0.0,0.213,0.5765,1.0995,1.867,2.9370000000000003,4.093500000000001,0.0,3.864,3.523,3.0795000000000003,3.066,3.2065,3.112,6.265
CN065,13.176,1.431,2004,0.0,0.0,5.905000000000001,202.092,572.847,1059.878,1492.46,0.0,14.988999999999999,62.893,101.553,153.824,192.724,256.356,0.0,0.3080625,-4.653290322580646,-50.905433333333335,-132.39325806451612,-255.15923333333333,-370.86608333333334,0.0,0.9368124999999999,1.5452903225806451,1.2886666666666666,1.6861612903225807,1.2966666666666666,2.651333333333333,0.0,11532400.0,14759935.967741935,20115150.5,23566358.774193548,25274068.933333334,22920625.791666668,0.0,-1.945625,2.054741935483871,11.539566666666667,16.95983870967742,21.234366666666666,23.02425,0.0,2.892875,6.948129032258064,17.585966666666664,22.667161290322582,26.8812,28.286708333333333,0.0,-7.040375,-3.0571612903225804,4.926366666666667,10.64041935483871,15.130133333333333,17.609083333333334,0.0,6.0,0.0,0.0,0.0,0.0,0.0,0.0,0.0,0.0,0.0,0.0,0.0,0.0,0.0,2.0,3.0,7.0,0.0,1.0,1.0,0.0,4.825,18.319,52.157,110.588,210.026,351.277,0.0,0.22049999999999997,0.6885,1.4045,2.2560000000000002,3.4425,4.909,0.0,4.0995,4.025,3.812,3.637,3.356,3.566,6.978
CN011,14.819,1.511,2005,0.0,0.0,35.605,270.139,651.6659999999999,1185.189,1450.435,0.0,13.722999999999999,14.791,31.71,104.723,222.079,237.988,0.0,-7.630384615384615,-55.608870967741936,-150.3015,-260.8948387096774,-319.6351,-359.2428461538462,0.0,0.5278076923076923,0.034451612903225806,0.5639666666666667,2.3552580645161294,3.9118666666666666,1.2237692307692307,0.0,12418534.442307692,18281625.29032258,21184472.783333335,21702324.870967742,22844277.366666667,22649452.53846154,0.0,-5.510615384615384,3.3711290322580645,12.8178,17.307322580645163,22.784100000000002,25.40353846153846,0.0,-0.45457692307692305,10.095290322580645,19.935,23.53751612903226,28.675866666666668,31.057769230769228,0.0,-9.530346153846153,-2.601677419354839,5.674833333333334,11.084032258064516,16.964966666666665,19.781615384615385,0.0,18.0,2.0,0.0,0.0,0.0,0.0,0.0,0.0,0.0,0.0,0.0,0.0,0.0,0.0,11.0,26.0,21.0,13.0,8.0,6.0,0.0,16.5,45.511,93.42699999999999,172.35999999999999,283.199,411.04449999999997,0.0,0.386,1.03,1.827,3.0885,5.0,6.759499999999999,0.0,4.275499999999999,4.026,3.71,3.791,3.66,3.563,5.228
CN012,14.794,1.439,2005,0.0,0.0,58.926,372.35,808.396,1398.539,1693.048,0.0,8.924,10.231,26.250999999999998,107.66499999999999,185.79,207.734,0.0,-11.132240000000001,-65.6766129032258,-178.8836,-303.27248387096773,-386.1546666666666,-461.49692307692305,0.0,0.35696,0.04216129032258064,0.534,2.626258064516129,2.6041666666666665,1.688,0.0,12364173.16,18149076.774193548,21299411.683333334,21666122.64516129,23434852.633333333,22412922.076923076,0.0,-3.1936,5.129096774193549,15.447466666666665,19.066000000000003,24.671433333333333,27.65453846153846,0.0,1.61808,11.607967741935484,21.799833333333332,25.012806451612906,30.617466666666665,33.078923076923076,0.0,-6.752079999999999,-0.5776774193548387,8.946,13.517290322580646,19.3584,22.60346153846154,0.0,8.0,0.0,0.0,0.0,0.0,0.0,0.0,0.0,0.0,0.0,0.0,0.0,0.0,0.0,12.0,26.0,20.0,16.0,7.0,5.0,0.0,15.1935,42.245,97.842,190.888,296.20300000000003,414.5885,0.0,0.363,0.9225,1.7610000000000001,2.966,4.5235,6.0195,0.0,4.518,4.239,3.4135,4.031,3.8975,3.815,5.269
CN013,14.781,1.481,2005,0.0,0.0,40.491,305.262,702.998,1278.246,1547.621,0.0,14.017000000000001,16.433,33.03,102.595,181.142,213.81900000000002,0.0,-6.20716,-54.03941935483871,-159.69926666666666,-274.1565161290323,-375.5309,-432.09530769230764,0.0,0.5606800000000001,0.07793548387096774,0.5532333333333334,2.2440322580645162,2.6182333333333334,2.5136153846153846,0.0,12408273.86,18083333.0,21868098.85,22200056.580645163,23441063.4,22529250.0,0.0,-4.84012,3.7943870967741935,13.825700000000001,17.830193548387097,24.174933333333335,25.721153846153847,0.0,0.14195999999999995,10.504096774193549,20.557599999999997,23.919451612903227,30.3476,31.211,0.0,-8.64376,-1.977032258064516,7.0922,11.930967741935484,18.167233333333332,20.374384615384617,0.0,17.0,1.0,0.0,0.0,0.0,0.0,0.0,0.0,0.0,0.0,0.0,0.0,0.0,0.0,9.0,20.0,14.0,8.0,2.0,3.0,0.0,18.046,52.902,118.718,210.614,310.93,426.078,0.0,0.389,1.081,2.044,3.2575,4.819,6.316,0.0,4.761,4.511,4.048500000000001,4.088,3.878,4.134,4.459
CN014,14.597,1.473,2005,0.0,0.0,26.891,234.655,594.652,1115.245,1376.661,0.0,12.38,22.674,46.931,107.79299999999999,171.536,203.754,0.0,-6.68396,-55.74354838709677,-139.2982,-249.58451612903227,-354.9414666666667,-406.7993571428571,0.0,0.49520000000000003,0.33206451612903226,0.8085666666666668,1.963290322580645,2.1247666666666665,2.3012857142857146,0.0,12923752.14,18157401.225806452,22392788.2,22554881.66129032,24087050.95,23383566.785714287,0.0,-4.939080000000001,2.9115161290322584,11.848866666666668,16.6128064516129,22.353099999999998,23.672571428571427,0.0,0.4532,9.768225806451612,18.8966,22.816322580645163,28.7795,29.593214285714286,0.0,-9.23444,-3.036064516129032,4.7173,10.313870967741936,15.468166666666667,17.55635714285714,0.0,16.0,4.0,0.0,0.0,0.0,0.0,0.0,0.0,0.0,0.0,0.0,0.0,0.0,0.0,3.0,15.0,12.0,7.0,5.0,0.0,0.0,13.5615,37.656,72.261,118.81800000000001,189.17600000000002,286.819,0.0,0.29200000000000004,0.8355,1.444,2.2590000000000003,3.535,4.917,0.0,5.266,5.083,4.802,4.585,4.3614999999999995,4.339,5.205
CN015,13.312,1.479,2005,0.0,0.0,0.0,97.782,383.336,855.635,1095.808,0.0,5.198,10.053,37.793,98.849,190.52,251.978,0.0,-6.701478260869566,-44.954129032258066,-128.00616666666667,-219.479,-301.36746666666664,-334.28492857142857,0.0,0.226,0.15661290322580645,0.9246666666666667,1.969548387096774,3.0557000000000003,4.389857142857143,0.0,12402667.347826088,17390862.774193548,19575318.933333334,21996759.967741936,22043577.766666666,19545456.92857143,0.0,-12.568130434782608,-2.5332580645161293,8.058133333333334,14.211419354838709,20.743299999999998,22.155214285714287,0.0,-6.878913043478261,3.7972258064516127,14.6312,20.434677419354838,26.525033333333333,26.830357142857142,0.0,-17.227217391304347,-8.189290322580645,1.5663666666666667,7.955322580645162,15.045766666666667,17.896714285714285,0.0,23.0,15.0,0.0,0.0,0.0,0.0,0.0,0.0,0.0,0.0,0.0,0.0,0.0,0.0,8.0,15.0,6.0,1.0,0.0,0.0,0.0,16.6645,47.726,86.744,130.889,210.231,329.26750000000004,0.0,0.353,0.9815,1.638,2.384,3.7175000000000002,5.2395,0.0,4.266,4.224,3.9925,4.032,4.086,4.406499999999999,5.904
CN021,14.162,1.52,2005,0.0,0.0,4.102,155.267,460.546,930.755,1163.586,0.0,11.493,13.578000000000001,76.572,175.528,321.63100000000003,390.497,0.0,-5.9355,-46.100354838709684,-112.9648,-155.86406451612905,-177.53323333333336,-162.30946153846156,0.0,0.44203846153846155,0.06725806451612903,2.0998,3.1921290322580647,4.8701,5.297384615384615,0.0,12667042.538461538,17660808.322580647,19810476.216666665,21154181.14516129,19277765.366666667,20144039.692307692,0.0,-10.150115384615386,-0.4340967741935484,10.038833333333335,14.847709677419354,20.673633333333335,22.910076923076925,0.0,-4.8865384615384615,5.38016129032258,15.996233333333333,20.35841935483871,25.177500000000002,26.963538461538462,0.0,-14.56503846153846,-5.69616129032258,4.001933333333333,9.695032258064517,16.845266666666667,19.397846153846153,0.0,26.0,10.0,0.0,0.0,0.0,0.0,0.0,0.0,0.0,0.0,0.0,0.0,0.0,0.0,14.0,19.0,10.0,8.0,2.0,0.0,0.0,14.5945,42.364000000000004,80.537,133.716,240.45,393.88149999999996,0.0,0.375,1.0455,1.764,2.724,4.4955,6.5565,0.0,5.1594999999999995,5.044,4.7795000000000005,5.055,5.1715,5.272,6.335
CN022,13.895,1.483,2005,0.0,0.0,0.0,92.19,357.634,806.752,1031.974,0.0,7.967,15.361,91.89,166.343,365.698,491.887,0.0,-4.070678571428571,-33.58474193548387,-80.51086666666667,-108.25396774193548,-124.31746666666666,-30.41142857142857,0.0,0.2845357142857143,0.23851612903225808,2.5509666666666666,2.401709677419355,6.645166666666666,9.013499999999999,0.0,11897965.75,16835064.096774194,18742415.583333332,20355824.35483871,18634010.766666666,16699816.142857144,0.0,-14.450321428571428,-3.4923225806451614,7.744466666666667,13.562709677419356,19.9706,21.087285714285713,0.0,-9.090535714285714,1.7835806451612901,13.5382,18.763709677419353,24.447400000000002,24.900499999999997,0.0,-18.892392857142855,-8.756967741935485,1.6251666666666666,8.329129032258063,16.119433333333333,18.064857142857143,0.0,28.0,16.0,0.0,0.0,0.0,0.0,0.0,0.0,0.0,0.0,0.0,0.0,0.0,0.0,16.0,15.0,9.0,2.0,1.0,0.0,0.0,10.248000000000001,36.988,75.378,122.711,213.88400000000001,359.169,0.0,0.46249999999999997,1.2155,1.971,2.858,4.314,6.182,0.0,5.359500000000001,5.347,5.1645,5.249,5.759,6.4385,6.489
CN023,14.269,1.486,2005,0.0,0.0,0.0,46.407,258.565,715.41,901.217,0.0,7.0889999999999995,19.749,106.972,182.235,279.641,338.692,0.0,-2.914142857142857,-22.910967741935483,-47.51643333333333,-52.310322580645156,-85.84093333333334,-102.64483333333334,0.0,0.2531785714285714,0.40838709677419355,2.907433333333333,2.4278387096774194,3.246866666666667,4.920916666666667,0.0,11072594.0,16223334.0,16706227.133333333,19891807.43548387,21306239.466666665,15336364.958333334,0.0,-17.458464285714285,-5.555741935483871,5.487800000000001,11.843806451612904,20.228166666666667,20.483916666666666,0.0,-11.318714285714284,0.0003548387096774806,10.8239,17.121,25.48463333333333,24.221,0.0,-22.75467857142857,-11.256645161290324,0.03466666666666664,6.375935483870967,15.3116,17.26033333333333,0.0,28.0,19.0,0.0,0.0,0.0,0.0,0.0,0.0,0.0,0.0,0.0,0.0,0.0,0.0,10.0,12.0,4.0,0.0,1.0,0.0,0.0,8.134,30.422,63.189,103.945,189.006,330.616,0.0,0.883,1.5795,2.387,3.2975000000000003,4.9175,6.8445,0.0,5.255,5.333,5.4,5.46,5.6525,5.6555,4.697
CN031,12.706,1.42,2005,0.9500000000000002,11.792,109.931,441.811,890.793,1494.647,0.0,47.772,171.685,227.21099999999998,300.133,433.476,479.526,0.0,26.423666666666666,89.51310714285714,109.29396774193549,78.29986666666667,88.64625806451613,21.869166666666665,0.0,3.981,4.425464285714286,1.7911612903225804,2.4307333333333334,4.301387096774193,1.535,0.0,6946623.5625,9249852.566964285,16471174.524193548,20910971.266666666,19327305.5,22511050.1,0.0,3.5987500000000003,3.6091785714285716,7.739548387096774,16.062666666666665,19.483290322580643,25.128466666666668,0.0,6.612666666666667,6.6738928571428575,12.453774193548387,20.944399999999998,23.394129032258064,29.0674,0.0,0.4645833333333333,0.7112857142857143,3.4871290322580646,11.5984,15.880354838709676,21.6326,0.0,0.0,0.0,0.0,0.0,0.0,0.0,0.0,0.0,0.0,0.0,0.0,0.0,0.0,0.0,2.0,8.0,13.0,13.0,11.0,15.0,0.0,22.006,67.916,153.967,269.783,388.873,485.803,0.0,0.271,1.046,2.407,4.0,5.6785,7.156000000000001,0.0,6.470000000000001,6.6739999999999995,6.483,6.0325,5.914,5.292,0.0,6.612
CN032,13.994,1.439,2005,0.0,0.5800000000000001,92.652,445.06,916.866,1566.51,1827.424,0.0,63.189,103.485,165.445,228.7,324.647,524.662,-1.564,17.31657142857143,3.5225483870967738,-54.08213333333333,-110.69993548387096,-213.40036666666666,-189.56758333333335,0.0,2.25675,1.2998709677419356,2.0653333333333332,2.040483870967742,3.1982333333333335,16.667916666666667,12665502.0,10600222.388392856,17229233.54032258,21032530.183333334,21363656.16129032,23311611.166666668,14846445.5,-0.058,1.3059999999999998,7.28525806451613,16.746933333333335,20.219548387096776,26.6548,26.742833333333333,5.211,5.143464285714286,13.152612903225807,22.849,25.300967741935484,31.837899999999998,30.091083333333334,-4.822,-2.1573571428571428,1.9205806451612901,10.928266666666667,14.96367741935484,21.6418,24.021416666666667,0.0,0.0,0.0,0.0,0.0,0.0,0.0,0.0,0.0,0.0,0.0,0.0,0.0,0.0,1.0,9.0,13.0,11.0,15.0,12.0,0.0,0.0,67.364,183.024,341.149,513.647,640.652,756.964,0.0,1.029,2.816,4.778,6.965999999999999,8.624,10.186499999999999,5.572,5.803,5.609,5.2185,4.999,4.508,5.8765,4.721
CN033,12.565,1.447,2005,0.37599999999999945,24.008,148.421,517.292,981.86,1399.782,0.0,63.332,211.207,302.961,411.956,674.348,786.704,0.0,18.313315789473688,111.17496428571428,158.26506451612906,169.9694,276.7683225806452,334.52154545454545,0.0,3.333263157894737,5.28125,2.9598064516129035,3.633166666666667,8.464258064516128,5.107090909090909,0.0,8388605.9144736845,8737869.017857144,14938770.838709677,19596439.45,15392350.822580645,20346838.227272727,0.0,3.2474736842105263,4.43525,8.702967741935483,17.2957,19.98606451612903,23.996454545454547,0.0,6.737157894736842,7.663607142857143,13.54341935483871,22.6205,23.706774193548387,28.138590909090908,0.0,0.21447368421052632,1.5785714285714285,4.144129032258064,12.295233333333332,16.49074193548387,20.269636363636366,0.0,0.0,0.0,0.0,0.0,0.0,0.0,0.0,0.0,0.0,0.0,0.0,0.0,0.0,0.0,6.0,4.0,7.0,9.0,1.0,5.0,0.0,18.521,58.165,133.409,231.072,343.66700000000003,462.36,0.0,0.6040000000000001,2.0244999999999997,3.7045,5.333,7.338,9.213000000000001,0.0,7.323,7.6065000000000005,7.414,7.1505,7.301,6.8759999999999994,0.0,4.124
CN034,13.843,1.492,2005,0.0,2.7060000000000004,117.119,500.281,998.138,1667.439,1851.3509999999999,0.112,60.243,106.09400000000001,187.90200000000002,269.361,361.305,485.121,-2.667666666666667,15.50657142857143,0.6686129032258062,-43.9839,-70.24551612903225,-166.75333333333336,-188.08325,0.037333333333333336,2.147535714285714,1.4790645161290326,2.726933333333333,2.627709677419355,3.0648,15.477,11532101.333333334,10217836.080357144,16677955.290322581,20617286.216666665,20582120.967741936,23497918.7,15858084.25,0.7746666666666666,1.6223928571428572,8.17458064516129,17.772066666666667,21.05990322580645,27.310033333333333,27.989,5.021333333333334,5.476678571428572,13.974096774193548,23.8079,25.89883870967742,32.325,31.30925,-2.965666666666666,-1.8212857142857142,2.6932903225806455,12.015866666666666,15.945774193548388,22.367866666666668,25.244,0.0,0.0,0.0,0.0,0.0,0.0,0.0,0.0,0.0,0.0,0.0,0.0,0.0,0.0,2.0,8.0,11.0,8.0,11.0,10.0,1.0,0.0,57.768,161.887,306.46500000000003,461.308,583.047,673.521,0.0,0.9115,2.617,4.471,6.5145,8.205,9.528,6.023,6.260999999999999,6.025,5.6895,5.682,5.029,6.1129999999999995,3.953
CN035,11.511,1.369,2005,71.429,187.166,381.788,783.121,1301.467,1357.925,0.0,54.833,197.094,360.335,475.638,832.956,874.503,0.0,-5.241833333333333,50.54257142857143,135.276,210.12756666666667,394.90822580645164,510.772,0.0,1.8277666666666665,5.08075,5.265838709677419,3.843433333333333,11.526387096774194,13.848999999999998,0.0,9259232.183333334,8060332.508928572,13319084.620967742,17059829.6,13511602.217741935,15763958.166666666,0.0,7.104566666666667,9.047142857142857,11.209225806451613,18.377766666666666,21.72083870967742,23.819333333333333,0.0,11.359,12.972785714285715,16.249967741935485,23.57,25.473612903225806,27.869333333333334,0.0,3.7995,5.781571428571428,6.834870967741936,13.888233333333334,18.69193548387097,20.742,0.0,0.0,0.0,0.0,0.0,0.0,0.0,0.0,0.0,0.0,0.0,0.0,0.0,0.0,0.0,9.0,1.0,8.0,4.0,0.0,0.0,0.0,52.0185,130.347,226.251,333.77,467.909,575.885,0.0,1.046,2.899,4.915000000000001,6.744,8.9225,10.667,0.0,7.3735,8.0,8.192,8.138,8.563,8.554,0.0,3.369
CN036,11.508,1.358,2005,5.64,32.382,208.655,648.025,1193.086,1321.613,0.0,73.344,240.60399999999998,381.197,531.104,993.703,1027.9,0.0,5.224064516129032,113.17289285714286,192.61683870967744,260.22156666666666,477.39383870967737,671.508,0.0,2.3659354838709676,5.973571428571428,4.535258064516129,4.9969,14.922548387096773,5.6995,0.0,8830757.306451613,7319246.450892857,12195648.588709677,17503009.25,13746320.629032258,20948839.5,0.0,3.699774193548387,4.963928571428572,10.45941935483871,19.645666666666667,22.582612903225808,26.421166666666664,0.0,7.18758064516129,8.09442857142857,14.913451612903225,24.565133333333332,25.957806451612903,30.714166666666667,0.0,0.7353225806451613,2.337142857142857,6.206354838709677,14.6912,19.448129032258066,22.3715,0.0,0.0,0.0,0.0,0.0,0.0,0.0,0.0,0.0,0.0,0.0,0.0,0.0,0.0,0.0,12.0,4.0,7.0,5.0,0.0,0.0,0.0,52.848,123.364,203.674,298.627,423.829,529.974,0.0,1.1175000000000002,2.963,4.6465,6.236,8.1805,9.8,0.0,7.217,7.775,7.709,7.656000000000001,8.283,8.0885,0.0,3.786
CN037,14.446,1.493,2005,0.0,0.0,69.368,397.28000000000003,846.213,1482.615,1781.6,0.0,24.453,33.208,63.035000000000004,127.071,243.59199999999998,334.429,0.0,-0.87,-46.57235483870968,-145.52149999999997,-241.02912903225808,-359.4981333333333,-344.6415714285714,0.0,0.97812,0.28241935483870967,0.9942333333333334,2.065677419354839,3.884033333333333,6.488357142857143,0.0,11606339.44,17306367.677419353,21629540.6,22467505.177419353,23945738.883333333,19237495.5,0.0,-0.96344,6.131903225806451,15.930399999999999,19.481709677419353,26.2134,26.35607142857143,0.0,3.38868,12.579322580645162,22.5606,25.230677419354837,32.228633333333335,30.73692857142857,0.0,-4.44268,0.5330645161290322,9.5787,13.743,20.543266666666668,22.400214285714288,0.0,2.0,0.0,0.0,0.0,0.0,0.0,0.0,0.0,0.0,0.0,0.0,0.0,0.0,0.0,8.0,18.0,14.0,14.0,7.0,0.0,0.0,32.0165,92.607,204.597,346.785,465.85,577.99,0.0,0.5569999999999999,1.591,3.051,4.808,6.378,7.7805,0.0,5.381,5.151,4.702,4.495,4.021,5.1065000000000005,6.353
CN041,14.925,1.468,2005,0.0,3.035,118.62899999999999,500.292,988.508,1660.189,1911.839,0.0,21.927,44.198,89.324,150.467,266.166,427.966,0.0,-2.9777407407407406,-48.96825806451613,-128.88433333333333,-203.2171612903226,-303.977,-273.3564166666667,0.0,0.8121111111111111,0.7184193548387097,1.5042,1.9723548387096774,3.8566333333333334,13.483333333333333,0.0,11134446.768518519,16653535.524193548,21033650.833333332,20733880.56451613,23375994.733333334,16221480.25,0.0,0.43770370370370376,8.247967741935485,17.7221,20.74890322580645,27.389366666666668,25.97083333333333,0.0,4.915148148148148,14.547709677419354,24.29573333333333,25.904,32.9268,29.651083333333332,0.0,-3.359,2.419548387096774,11.498133333333334,15.446903225806452,21.9489,22.601916666666668,0.0,0.0,0.0,0.0,0.0,0.0,0.0,0.0,0.0,0.0,0.0,0.0,0.0,0.0,0.0,7.0,17.0,9.0,12.0,9.0,0.0,0.0,48.048500000000004,144.691,306.043,469.928,581.086,688.6665,0.0,0.7310000000000001,2.2664999999999997,4.196,6.319,7.8035,9.2535,0.0,4.889,4.65,4.335,4.184,3.7965,4.977,5.175
CN042,13.08,1.433,2005,0.0,10.137999999999998,168.804,598.947,1123.174,1788.208,1890.1109999999999,0.645,56.619,100.671,224.793,350.2,453.308,455.639,-3.0614,10.642714285714288,-9.213451612903222,-31.546266666666664,-6.55451612903226,-45.31463333333333,-89.70575,0.129,1.9990714285714286,1.421032258064516,4.1373999999999995,4.045387096774194,3.4369333333333336,0.58275,11858549.8,9568385.495535715,14894238.290322581,19059885.358333334,18608542.5,21390541.7,24311242.5,2.0252000000000003,2.654285714285714,9.913419354838709,19.3381,21.910548387096775,27.1678,30.475749999999998,6.4032,6.624892857142856,15.20790322580645,24.825533333333333,26.22006451612903,31.366266666666668,33.915,-1.9332,-1.1059285714285714,4.6727096774193555,13.9429,17.60841935483871,23.068266666666666,27.281750000000002,0.0,0.0,0.0,0.0,0.0,0.0,0.0,0.0,0.0,0.0,0.0,0.0,0.0,0.0,4.0,5.0,11.0,9.0,2.0,4.0,0.0,0.0,54.948,155.971,289.302,427.227,559.862,674.936,0.0,0.667,2.065,3.8289999999999997,5.7745,7.7605,9.406,6.033,6.1465,5.966,5.867,5.991,5.624499999999999,5.4605,5.003
CN043,12.106,1.391,2005,2.513000000000001,19.996000000000002,206.829,659.511,1201.391,1489.545,0.0,66.505,224.97299999999998,317.432,467.12,783.996,898.469,0.0,19.880478260869566,113.13871428571429,164.33712903225808,208.07006666666666,345.18925806451614,489.52835714285715,0.0,2.8915217391304346,5.659571428571428,2.982548387096774,4.989599999999999,10.221806451612903,8.176642857142857,0.0,7676951.396739131,7226501.120535715,12142563.088709677,17453677.225,15068021.306451613,17186734.464285713,0.0,3.5490434782608697,3.794178571428571,10.883387096774193,20.0894,22.48,25.582428571428572,0.0,6.861434782608695,6.957535714285714,15.057064516129033,24.8872,25.96709677419355,29.028285714285715,0.0,0.4726521739130435,0.5859642857142857,6.681967741935485,15.206133333333334,19.13132258064516,22.116000000000003,0.0,0.0,0.0,0.0,0.0,0.0,0.0,0.0,0.0,0.0,0.0,0.0,0.0,0.0,0.0,4.0,4.0,5.0,4.0,0.0,0.0,0.0,36.193,90.983,167.41899999999998,266.66499999999996,392.641,520.1635,0.0,0.6905,1.5005,2.521,3.86,5.7325,7.5945,0.0,7.086,7.336,7.172,7.1155,7.559,7.6225000000000005,0.0,4.832
CN044,11.814,1.393,2005,196.261,468.13,825.691,1342.403,2012.214,2079.335,0.0,27.759,100.507,214.31300000000002,352.642,594.283,620.149,0.0,-14.828608695652173,-22.996214285714284,-9.547483870967744,31.397333333333332,125.409,170.68433333333334,0.0,1.206913043478261,2.5981428571428573,3.6711612903225808,4.610966666666667,7.794870967741935,8.622,0.0,10363026.586956521,9605212.82142857,12623554.790322581,16099176.05,18241392.225806452,17049100.0,0.0,13.53308695652174,14.709607142857143,16.534225806451612,22.223733333333332,26.606806451612904,27.37366666666667,0.0,17.657521739130434,18.617642857142858,20.694935483870967,26.25636666666667,30.53774193548387,30.992333333333335,0.0,10.25691304347826,11.618285714285715,13.045548387096774,18.79393333333333,23.427935483870968,24.585333333333335,0.0,0.0,0.0,0.0,0.0,0.0,0.0,0.0,0.0,0.0,0.0,0.0,0.0,0.0,0.0,3.0,0.0,3.0,0.0,0.0,0.0,0.0,45.9155,111.061,181.374,266.351,389.397,489.291,0.0,0.9239999999999999,2.418,4.101,5.568,7.3715,9.032,0.0,5.859,5.931,6.201,6.462,7.051,7.493,0.0,4.5
CN045,12.411,1.496,2005,126.934,321.977,643.866,1136.816,1801.905,1907.904,0.0,45.842,112.471,199.099,299.359,552.676,635.716,0.0,5.955958333333334,20.541392857142856,17.156161290322576,31.368766666666662,88.73409677419355,183.33700000000002,0.0,1.9100833333333334,2.379607142857143,2.794451612903226,3.342,8.171516129032259,16.608,0.0,6907831.833333333,8427272.6875,9983968.806451613,14862015.016666668,18125878.0,14499532.8,0.0,10.278,11.965821428571429,15.383516129032259,21.43166666666667,26.45448387096774,26.1998,0.0,13.651791666666666,15.852464285714285,19.31509677419355,25.5473,30.478225806451615,29.794600000000003,0.0,7.507833333333333,8.752928571428571,11.957161290322581,17.6938,22.883387096774193,23.5382,0.0,0.0,0.0,0.0,0.0,0.0,0.0,0.0,0.0,0.0,0.0,0.0,0.0,0.0,0.0,4.0,2.0,2.0,0.0,0.0,0.0,0.0,33.988,81.42699999999999,137.583,215.512,332.571,429.53,0.0,0.9179999999999999,2.3925,4.0865,5.769,7.6335,9.214,0.0,6.5775,6.5525,6.382,6.498,7.069,7.684,0.0,3.682
CN046,11.719,1.364,2005,131.58100000000002,569.569,1054.402,1659.087,2391.235,2557.38,0.0,2.189,21.955,52.74,96.122,212.47899999999998,258.029,0.0,-15.798375,-66.32828571428571,-135.62993548387098,-224.7293,-310.270870967742,-331.589,0.0,0.273625,0.7059285714285713,0.9930645161290322,1.4460666666666666,3.7534516129032256,6.507142857142857,0.0,15727886.25,14133234.267857144,16381889.129032258,19789865.016666666,22253483.51612903,19771136.14285714,0.0,21.447625000000002,20.642428571428574,20.639774193548387,25.156166666666664,28.61767741935484,28.734999999999996,0.0,27.184874999999998,25.40492857142857,25.316580645161288,29.8109,33.29854838709678,33.05742857142857,0.0,17.314,17.170607142857143,16.934806451612904,21.5024,25.06006451612903,25.636428571428574,0.0,0.0,0.0,0.0,0.0,0.0,0.0,0.0,0.0,0.0,0.0,0.0,0.0,0.0,0.0,5.0,9.0,6.0,0.0,0.0,0.0,0.0,0.0,72.227,176.175,290.032,425.784,525.255,0.0,0.431,1.5310000000000001,3.157,4.572,6.2860000000000005,7.85,0.0,5.378,5.379,5.532,5.339,5.208,5.645,0.0,4.182
CN050,12.526,1.429,2005,12.896,71.227,273.774,661.081,1147.827,1743.206,1768.571,5.1259999999999994,52.268,145.796,285.993,504.25,634.443,634.645,-2.8509,-3.1613214285714286,19.441870967741934,62.12646666666667,140.50819354838708,235.19416666666666,213.023,0.5126,1.683642857142857,3.0170322580645164,4.673233333333333,7.040548387096774,4.339766666666666,0.202,6102185.425,7413901.044642857,10434706.709677419,16142603.116666667,13912033.935483871,19498495.866666667,24840732.0,6.2896,7.030107142857142,11.533774193548387,17.910233333333334,20.701483870967742,24.845966666666666,30.365,8.9725,10.10675,15.185935483870969,22.296766666666667,23.823903225806454,28.4074,33.738,3.4415,3.8639642857142857,7.495451612903226,13.1831,17.37290322580645,20.962600000000002,25.089,0.0,0.0,0.0,0.0,0.0,0.0,0.0,0.0,0.0,0.0,0.0,0.0,0.0,0.0,2.0,2.0,4.0,3.0,1.0,1.0,0.0,0.0,36.886,103.828,190.971,315.825,496.943,640.841,0.352,1.39,3.0115,4.579,6.504,9.370999999999999,0.0,6.6775,6.654,6.623,6.583,6.675,6.3614999999999995,5.872,5.064
CN051,12.899,1.434,2005,2.9960000000000004,59.375,247.105,622.961,1106.989,1678.044,1927.31,1.307,38.095,94.946,148.557,263.049,410.595,539.992,-1.2025,-5.909750000000001,-17.385,-43.41686666666667,-70.73870967741935,-73.6767,13.18730769230769,0.6535,1.3138571428571428,1.8339032258064516,1.7870333333333333,3.6932903225806455,4.9182,9.953615384615384,7779223.0,9068879.482142856,11802819.048387097,17608653.433333334,16270932.870967742,18601723.4,15453804.615384616,6.498,6.875571428571428,11.055806451612904,17.528533333333332,20.613806451612906,24.03516666666667,24.174307692307693,9.863,10.40317857142857,15.140096774193548,22.282366666666668,24.605129032258066,28.0487,27.589692307692307,3.594,3.2299642857142854,6.795612903225806,12.544966666666665,16.771548387096775,19.948033333333335,20.988,0.0,0.0,0.0,0.0,0.0,0.0,0.0,0.0,0.0,0.0,0.0,0.0,0.0,0.0,0.0,0.0,0.0,1.0,0.0,0.0,0.0,0.0,66.11,176.586,295.293,417.409,563.922,721.1020000000001,0.0,1.002,2.824,4.482,6.160500000000001,8.411,10.470500000000001,6.599,6.5525,6.444,6.1915,6.246,6.141,6.6,4.854
CN052,13.061,1.533,2005,10.256,58.97,185.639,475.544,894.335,1343.517,1449.793,7.643,56.885999999999996,143.506,243.919,476.844,719.01,730.545,-3.8885,-14.752642857142858,-6.573806451612904,-11.3858,37.26522580645161,193.22316666666666,245.563,0.955375,1.7586785714285715,2.794193548387097,3.3470999999999997,7.513709677419355,8.0722,1.9225,11588116.625,12228552.089285715,12401403.048387097,16860060.783333335,17366033.096774194,16488284.7,21194151.666666668,6.0265,5.807535714285714,8.817483870967742,14.663499999999999,18.509387096774194,19.972733333333334,22.712666666666667,11.59325,11.342642857142858,13.800774193548387,19.901266666666668,23.204096774193548,23.975133333333336,26.597166666666666,1.71825,1.3530357142857141,4.77583870967742,10.025666666666666,14.788064516129033,16.53996666666667,19.262,0.0,0.0,0.0,0.0,0.0,0.0,0.0,0.0,0.0,0.0,0.0,0.0,0.0,0.0,0.0,1.0,1.0,1.0,0.0,0.0,0.0,0.0,40.622,105.17699999999999,184.679,284.349,413.911,522.903,0.333,1.15,2.5774999999999997,3.892,5.493,7.7379999999999995,9.279,7.846,7.704,7.651,7.433999999999999,7.5,8.026499999999999,7.884,4.785
CN053,12.971,1.41,2005,7.625,189.221,398.209,737.971,1196.371,1638.33,1854.663,0.063,20.049,108.237,168.591,241.982,544.706,659.341,-3.439,-46.47703571428571,-82.20403225806452,-129.16389999999998,-234.41783870967743,-177.26016666666666,-62.026799999999994,0.063,0.7137857142857144,2.8447741935483872,2.0118,2.367451612903226,10.0908,7.642333333333334,17886946.0,17751314.92857143,17074974.66129032,21119220.5,23600308.0,17683499.533333335,17108597.933333334,12.625,11.48557142857143,11.56558064516129,16.3254,19.787096774193547,19.731966666666665,19.422199999999997,19.284,17.695607142857142,17.13041935483871,22.320899999999998,25.549999999999997,24.120066666666666,23.248266666666666,6.257,5.7113571428571435,6.671548387096775,10.964433333333334,14.820129032258064,16.217266666666667,16.5604,0.0,0.0,0.0,0.0,0.0,0.0,0.0,0.0,0.0,0.0,0.0,0.0,0.0,0.0,0.0,2.0,0.0,1.0,0.0,0.0,0.0,0.0,69.89,170.709,265.849,355.931,460.8,579.2115,0.0,1.1165,2.882,4.369,5.8395,7.7645,9.563,7.582,7.377000000000001,7.265,6.9544999999999995,6.489,7.5545,7.738,3.799
CN054,13.005,1.461,2005,0.0,0.0,0.0,12.489,109.348,345.213,464.163,1.009,138.387,290.17900000000003,391.954,466.351,556.067,641.542,-0.819,38.47446428571429,112.9176129032258,147.0786,124.11525806451613,71.3608,62.99364285714286,1.009,4.906357142857144,4.896516129032258,3.3925,2.399903225806452,2.9905333333333335,6.105357142857143,16021283.0,17602083.714285713,20480903.548387095,23175399.4,24268387.16129032,22652094.433333334,20451224.07142857,0.034,-0.2552142857142857,2.8480967741935483,4.9883,8.124483870967742,12.862166666666667,13.49642857142857,4.985,4.2504285714285714,7.246806451612904,9.777899999999999,13.170838709677419,18.0545,18.235,-5.877,-5.149035714285715,-2.131741935483871,0.16776666666666662,3.6439354838709677,8.402566666666667,9.823857142857142,0.0,3.0,0.0,0.0,0.0,0.0,0.0,0.0,0.0,0.0,0.0,0.0,0.0,0.0,0.0,0.0,1.0,0.0,0.0,0.0,0.0,0.0,39.45,99.283,168.197,257.14099999999996,368.121,470.7255,0.0,0.783,1.877,2.811,4.048500000000001,5.484500000000001,6.5325,6.282,6.298,6.336,6.252,6.177,6.058,6.09,4.94
CN061,12.801,1.465,2005,0.0,0.0,89.781,422.51800000000003,879.342,1482.257,1756.527,0.0,13.312,29.526,55.871,107.587,174.855,231.292,0.0,-11.648814814814815,-62.499903225806456,-151.55409999999998,-275.14448387096775,-381.1314333333333,-415.77278571428576,0.0,0.493037037037037,0.523032258064516,0.8781666666666668,1.6682580645161291,2.2422666666666666,4.031214285714285,0.0,12373879.648148147,16771598.629032258,21271589.15,20710549.548387095,23238426.716666665,20002828.0,0.0,-0.5996666666666667,6.920999999999999,16.091233333333335,19.73625806451613,25.097166666666666,24.590714285714284,0.0,4.476592592592592,13.290612903225806,23.07363333333333,25.556032258064516,31.2387,29.664714285714286,0.0,-5.218111111111112,0.6170322580645161,8.691033333333333,13.71758064516129,18.389766666666667,19.385214285714287,0.0,3.0,0.0,0.0,0.0,0.0,0.0,0.0,0.0,0.0,0.0,0.0,0.0,0.0,0.0,7.0,10.0,9.0,6.0,5.0,4.0,0.0,27.663,83.537,177.304,287.059,388.449,486.80600000000004,0.0,0.5815,1.6360000000000001,2.891,4.345,5.8695,7.137499999999999,0.0,4.36,4.099,3.7795,3.621,3.46,3.7955,4.19
CN062,12.84,1.465,2005,0.0,0.0,25.781,222.053,570.476,1062.345,1418.593,0.0,7.112,30.195999999999998,39.839,83.103,117.497,168.168,0.0,-11.164684210526316,-49.72696774193549,-138.79343333333333,-270.7806774193548,-403.9551333333333,-490.7969523809524,0.0,0.3743157894736842,0.7446451612903225,0.32143333333333335,1.3956129032258062,1.1464666666666665,2.4129047619047617,0.0,14919354.684210526,17426592.70967742,22622661.2,22472196.83870968,24104410.6,20909087.95238095,0.0,-3.094684210526316,3.2086129032258066,11.352066666666667,16.239451612903228,21.395633333333333,21.964190476190474,0.0,2.9061052631578947,9.28141935483871,18.262800000000002,22.62290322580645,27.815266666666666,27.59104761904762,0.0,-8.96921052631579,-3.0170967741935484,3.7999666666666667,9.35332258064516,14.507666666666667,16.021809523809527,0.0,11.0,3.0,0.0,0.0,0.0,0.0,0.0,0.0,0.0,0.0,0.0,0.0,0.0,0.0,7.0,7.0,11.0,5.0,5.0,1.0,0.0,14.398,38.203,75.028,140.927,245.054,371.576,0.0,0.244,0.71,1.244,2.091,3.4495,4.815,0.0,3.348,3.48,2.873,2.958,2.6544999999999996,3.153,5.126
CN063,13.39,1.445,2005,0.0,0.0,1.1450000000000005,103.499,326.591,670.235,913.506,0.0,8.526,41.457,56.64,116.88799999999999,164.578,242.127,0.0,-10.252666666666666,-44.884516129032264,-103.9795,-197.51712903225805,-281.31236666666666,-317.49547619047615,0.0,0.4736666666666667,1.062290322580645,0.5061,1.9434838709677418,1.5896666666666666,3.692809523809524,0.0,16063397.5,18739438.612903226,22663029.466666665,23202318.51612903,22893387.5,18712368.30952381,0.0,-3.293722222222222,1.4959354838709678,7.597666666666667,12.196516129032258,16.4548,16.584333333333333,0.0,2.1323333333333334,7.04,13.639633333333334,18.0,22.262066666666666,21.539714285714286,0.0,-8.924111111111111,-4.267387096774193,0.9488333333333333,6.271064516129032,10.646133333333333,11.954714285714285,0.0,11.0,5.0,0.0,0.0,0.0,0.0,0.0,0.0,0.0,0.0,0.0,0.0,0.0,0.0,9.0,8.0,8.0,2.0,0.0,0.0,0.0,12.782,34.256,68.058,133.734,242.743,371.514,0.0,0.176,0.538,1.023,1.762,3.0495,4.388,0.0,4.205,4.273,4.114,4.246,4.0920000000000005,4.488,8.165
CN064,12.016,1.441,2005,0.0,0.0,50.651,285.021,683.286,1241.731,1603.276,0.0,7.123,15.056,19.646,52.838,67.619,94.496,0.0,-13.10652380952381,-66.66196774193548,-181.5351,-333.74332258064516,-493.05083333333334,-613.5002777777778,0.0,0.3391904761904762,0.2559032258064516,0.153,1.0707096774193547,0.4927,1.4931666666666665,0.0,14243129.952380951,18294788.93548387,22723628.5,23129534.758064516,24833996.666666668,23820401.888888888,0.0,-3.4329047619047617,4.029677419354838,12.775266666666665,17.84725806451613,23.614833333333333,25.085833333333333,0.0,2.850857142857143,10.582354838709678,20.1535,24.494612903225807,30.369633333333336,31.24261111111111,0.0,-9.477095238095238,-2.5700967741935483,4.8904,10.437161290322582,16.266933333333334,18.674500000000002,0.0,12.0,5.0,0.0,0.0,0.0,0.0,0.0,0.0,0.0,0.0,0.0,0.0,0.0,0.0,13.0,13.0,18.0,12.0,10.0,6.0,0.0,12.949000000000002,33.373000000000005,62.682,118.06,210.756,311.87350000000004,0.0,0.20900000000000002,0.5840000000000001,0.997,1.6885,2.8725,3.9989999999999997,0.0,3.993,3.754,3.072,3.215,2.4455,2.4605,6.81
CN065,13.176,1.431,2005,0.0,0.0,23.837,218.492,572.783,1075.229,1544.6390000000001,0.0,11.757,38.999,74.867,146.509,195.21699999999998,220.309,0.0,-0.1696,-17.69293548387097,-63.65983333333334,-158.31629032258064,-255.95196666666666,-381.17684,0.0,0.7837999999999999,0.8787741935483872,1.1956,2.311032258064516,1.6236,1.00368,0.0,11942620.533333333,15737926.806451613,21342635.3,22292254.612903226,24752143.933333334,24142434.72,0.0,-7.772866666666667,4.019451612903226,10.984466666666666,16.42874193548387,21.7482,23.7764,0.0,-2.319666666666667,9.975096774193549,17.4341,21.832838709677418,27.381433333333334,29.31476,0.0,-12.894866666666667,-2.0448064516129034,3.8537666666666666,10.459709677419355,15.907766666666667,18.044159999999998,0.0,13.0,2.0,0.0,0.0,0.0,0.0,0.0,0.0,0.0,0.0,0.0,0.0,0.0,0.0,3.0,7.0,4.0,1.0,1.0,0.0,0.0,4.475,18.368000000000002,55.605000000000004,121.593,230.492,373.65,0.0,0.17149999999999999,0.6355,1.242,2.1425,3.589,5.093,0.0,3.959,3.856,3.6414999999999997,3.661,3.5425,3.266,7.161
CN011,14.819,1.511,2006,0.0,0.0,39.744,217.365,627.99,1169.436,1421.353,0.0,6.426,8.459999999999999,21.477,131.245,239.772,298.87,0.0,-14.54969230769231,-73.94012903225806,-173.95666666666665,-256.5988387096774,-309.4642666666667,-314.15415384615386,0.0,0.24715384615384617,0.06561290322580644,0.4339,3.5409032258064514,3.617566666666667,4.546,0.0,12461035.538461538,18354057.80645161,21185863.066666666,20528490.14516129,21426603.333333332,19607021.923076924,0.0,-3.0022692307692305,4.8590322580645156,10.892833333333334,18.245967741935484,23.0482,24.378230769230772,0.0,2.796346153846154,11.726709677419356,17.476833333333335,24.276451612903227,28.6447,28.878692307692308,0.0,-7.739115384615385,-1.6625806451612903,4.324766666666666,12.215225806451613,17.31543333333333,19.803,0.0,9.0,0.0,0.0,0.0,0.0,0.0,0.0,0.0,0.0,0.0,0.0,0.0,0.0,0.0,21.0,24.0,14.0,11.0,6.0,1.0,0.0,15.625,43.203,83.026,142.36,238.36700000000002,365.4645,0.0,0.367,0.994,1.671,2.613,4.3870000000000005,6.183999999999999,0.0,4.0045,3.804,3.6529999999999996,3.642,3.5725,4.082,5.368
CN012,14.794,1.439,2006,0.0,0.06299999999999972,83.79599999999999,317.925,791.791,1419.856,1693.794,0.0,11.069,14.06,31.127000000000002,94.00200000000001,183.737,247.62800000000001,0.0,-11.55992,-75.18745161290323,-178.95416666666668,-308.09851612903225,-426.03856666666667,-447.4826153846154,0.0,0.44276000000000004,0.09648387096774194,0.5689,2.028225806451613,2.9911666666666665,4.914692307692308,0.0,12092256.32,18046508.70967742,20798186.666666668,21328867.0,22087393.5,21755896.615384616,0.0,-0.6766,6.948193548387097,12.804300000000001,20.285999999999998,25.935499999999998,26.072153846153846,0.0,4.84664,13.580354838709678,19.064466666666664,26.444064516129032,31.7711,30.916076923076922,0.0,-5.34216,0.7993548387096774,6.980099999999999,14.336290322580645,20.22076666666667,21.667538461538463,0.0,5.0,0.0,0.0,0.0,0.0,0.0,0.0,0.0,0.0,0.0,0.0,0.0,0.0,0.0,18.0,26.0,15.0,15.0,12.0,3.0,0.0,13.8695,39.608000000000004,89.705,170.153,266.391,376.78700000000003,0.0,0.324,0.894,1.6680000000000001,2.7025,4.0515,5.577,0.0,4.304,4.011,3.569,3.251,3.558,4.383,5.283
CN013,14.781,1.481,2006,0.0,0.0,61.915000000000006,268.622,685.45,1249.871,1511.85,0.0,8.047,11.55,28.108,102.655,195.363,240.623,0.0,-15.18192,-74.7685806451613,-177.0196,-280.32312903225807,-382.9337666666667,-404.08092307692306,0.0,0.32188,0.113,0.5519333333333333,2.404741935483871,3.0902666666666665,3.481538461538462,0.0,12676135.16,18266697.774193548,21324456.933333334,21326037.06451613,22858079.4,20877277.153846152,0.0,-1.6102,5.878709677419355,11.860066666666667,18.44606451612903,23.814033333333334,25.15223076923077,0.0,4.17684,12.491903225806452,18.398033333333334,24.434516129032257,29.721133333333334,29.832076923076922,0.0,-6.583600000000001,-0.336258064516129,5.542433333333333,12.698967741935483,18.092366666666667,20.73376923076923,0.0,6.0,0.0,0.0,0.0,0.0,0.0,0.0,0.0,0.0,0.0,0.0,0.0,0.0,0.0,17.0,21.0,9.0,6.0,4.0,0.0,0.0,17.446,52.043,114.00999999999999,196.38,290.545,404.2335,0.0,0.372,1.059,1.971,3.0534999999999997,4.526999999999999,6.0565,0.0,4.421,4.111,3.898,3.977,3.7135,4.458,4.817
CN014,14.597,1.473,2006,0.0,0.0,42.658,239.351,592.901,1080.364,1343.686,0.0,10.658,16.865000000000002,45.001,120.8,184.74699999999999,233.602,0.0,-16.69624,-71.27270967741936,-164.74533333333332,-260.06693548387096,-354.04356666666666,-404.4022142857143,0.0,0.42632,0.2002258064516129,0.9378666666666666,2.4451290322580648,2.1315666666666666,3.4896428571428575,0.0,13301197.84,18741510.870967742,21957207.833333332,21654584.30645161,23898106.333333332,21612427.85714286,0.0,-2.03964,4.856064516129033,11.318933333333332,16.40483870967742,21.248766666666665,23.808714285714284,0.0,3.7642400000000005,11.693129032258065,18.09423333333333,22.73325806451613,27.470133333333333,28.9305,0.0,-7.19392,-1.7197096774193548,4.099433333333334,10.198354838709678,14.961133333333333,18.943142857142856,0.0,10.0,2.0,0.0,0.0,0.0,0.0,0.0,0.0,0.0,0.0,0.0,0.0,0.0,0.0,13.0,16.0,11.0,7.0,5.0,0.0,0.0,14.0485,38.841,74.795,123.773,199.95600000000002,305.4825,0.0,0.315,0.8655,1.484,2.354,3.7005,5.1485,0.0,4.953,4.741,4.5045,4.577,4.241,4.6705000000000005,5.284
CN015,13.312,1.479,2006,0.0,0.0,0.0,58.65,401.215,854.5,1110.994,0.0,4.857,12.208,30.734,55.628,127.04,176.889,0.0,-11.882260869565219,-53.91754838709677,-132.28560000000002,-254.46106451612903,-381.8924333333334,-440.6415714285714,0.0,0.21117391304347827,0.2371290322580645,0.6175333333333334,0.8030322580645162,2.3804000000000003,3.5606428571428568,0.0,12167467.260869564,16958675.83870968,19643767.233333334,22871095.129032258,21985346.2,21702048.42857143,0.0,-9.07,-1.713741935483871,5.827966666666667,16.050483870967742,20.1095,23.320999999999998,0.0,-3.187043478260869,4.586774193548387,11.947533333333332,22.813354838709675,25.785333333333334,28.9195,0.0,-14.450695652173913,-7.648322580645162,-0.3087666666666667,8.771129032258065,14.452866666666667,18.013357142857142,0.0,21.0,13.0,0.0,0.0,0.0,0.0,0.0,0.0,0.0,0.0,0.0,0.0,0.0,0.0,8.0,15.0,4.0,6.0,0.0,0.0,0.0,17.908,49.491,88.113,130.378,198.965,302.22799999999995,0.0,0.354,0.9889999999999999,1.643,2.3505000000000003,3.5135,4.8655,0.0,4.191,4.096,3.938,3.601,3.7655,4.1025,5.896
CN021,14.162,1.52,2006,0.0,0.0,4.1290000000000004,85.339,454.097,926.776,1168.286,0.0,17.907,24.854,62.033,101.952,235.56,267.078,0.0,-6.468346153846154,-43.33883870967742,-107.4558,-190.73106451612904,-271.9428,-274.885,0.0,0.6887307692307693,0.2240967741935484,1.2393,1.2877096774193548,4.4536,2.4244615384615384,0.0,11916553.403846154,17179907.032258064,18962909.0,22039120.258064516,21002258.5,20548281.923076924,0.0,-6.559653846153846,0.6850967741935484,7.1395333333333335,16.89541935483871,20.755966666666666,23.577692307692306,0.0,-1.3658846153846154,6.198483870967743,12.477966666666667,22.821483870967743,25.695633333333333,27.73715384615385,0.0,-11.511,-4.574709677419355,1.9851666666666667,11.105258064516129,16.314566666666668,19.84730769230769,0.0,20.0,7.0,0.0,0.0,0.0,0.0,0.0,0.0,0.0,0.0,0.0,0.0,0.0,0.0,16.0,18.0,8.0,9.0,1.0,0.0,0.0,16.713500000000003,46.409,84.081,134.151,232.47899999999998,375.147,0.0,0.397,1.0925,1.794,2.682,4.297499999999999,6.2715,0.0,5.0969999999999995,4.947,4.818,4.577,4.731,5.127,6.109
CN022,13.895,1.483,2006,0.0,0.0,0.0,48.445,375.533,800.6800000000001,1061.364,0.0,10.692,23.868,63.687,100.211,237.005,268.49,0.0,-6.907785714285715,-38.500032258064515,-88.85283333333334,-168.58883870967742,-237.661,-252.30300000000003,0.0,0.38185714285714284,0.4250322580645161,1.3273,1.178193548387097,4.5598,2.2489285714285714,0.0,11461448.714285715,16440519.516129032,18769459.083333332,22472709.580645163,20605974.266666666,20806070.92857143,0.0,-10.92775,-2.3169032258064517,5.080233333333333,15.551225806451614,19.171566666666667,23.62028571428571,0.0,-5.582392857142857,3.11141935483871,10.538466666666666,21.741935483870968,24.03853333333333,28.484714285714286,0.0,-16.258892857142857,-7.785580645161291,-0.4851666666666667,9.200064516129032,14.727333333333332,19.255,0.0,25.0,15.0,0.0,0.0,0.0,0.0,0.0,0.0,0.0,0.0,0.0,0.0,0.0,0.0,15.0,14.0,6.0,9.0,2.0,0.0,0.0,17.615000000000002,52.519999999999996,91.021,137.718,227.749,367.869,0.0,0.45899999999999996,1.246,1.956,2.8310000000000004,4.3665,6.23,0.0,5.518,5.438,5.2745,4.976,5.365,5.1795,7.072
CN023,14.269,1.486,2006,0.0,0.0,0.0,25.198,336.387,733.905,956.362,0.0,8.676,30.292,67.215,92.09700000000001,234.467,278.114,0.0,-3.374428571428571,-16.858290322580643,-57.685399999999994,-135.1785806451613,-197.0884,-202.9655,0.0,0.3098571428571429,0.6972903225806452,1.2307666666666668,0.8026451612903226,4.745666666666667,3.63725,0.0,10851133.232142856,14855671.306451613,18236954.983333334,22609545.419354837,18925203.15,20944224.833333332,0.0,-15.386357142857142,-5.418064516129032,3.657166666666667,15.038354838709678,18.250600000000002,23.538083333333333,0.0,-9.409964285714285,0.0965483870967742,9.089566666666666,21.53774193548387,22.900399999999998,28.547250000000002,0.0,-21.139285714285712,-11.119064516129033,-2.055266666666667,7.875774193548387,13.973033333333335,18.59958333333333,0.0,27.0,22.0,0.0,0.0,0.0,0.0,0.0,0.0,0.0,0.0,0.0,0.0,0.0,0.0,13.0,7.0,4.0,7.0,3.0,3.0,0.0,11.511,36.838,69.836,112.31200000000001,194.475,327.61,0.0,0.492,1.2975,2.053,2.9635,4.558,6.377000000000001,0.0,5.3505,5.433,5.2925,4.93,5.558999999999999,5.1875,4.59
CN031,12.706,1.42,2006,15.443999999999999,47.116,208.11599999999999,516.879,965.156,1545.827,0.0,9.791,70.609,117.839,269.467,459.368,540.251,0.0,-1.9319166666666667,1.4283571428571427,3.6588064516129024,25.51243333333333,79.6158064516129,63.3865,0.0,0.8159166666666667,2.1720714285714284,1.523548387096774,5.054266666666667,6.12583870967742,2.6961,0.0,10138256.666666666,10512331.214285715,17437755.06451613,19462822.216666665,18848084.85483871,20191037.333333332,0.0,5.774416666666667,4.929714285714286,10.03467741935484,15.2921,19.460548387096775,24.355700000000002,0.0,9.247166666666667,8.451285714285714,14.670709677419355,19.875733333333336,23.298483870967743,28.07496666666667,0.0,2.547,1.7269285714285714,5.626709677419354,10.936666666666667,15.928129032258065,21.3858,0.0,0.0,0.0,0.0,0.0,0.0,0.0,0.0,0.0,0.0,0.0,0.0,0.0,0.0,0.0,8.0,9.0,13.0,12.0,17.0,5.0,0.0,18.936,63.053,150.214,263.527,375.236,471.568,0.0,0.0,0.8280000000000001,2.197,3.3575,4.715999999999999,5.977,0.0,6.618,6.612,6.431,6.337,6.281,6.174,0.0,6.854
CN032,13.994,1.439,2006,0.0,15.995999999999999,168.702,478.421,940.951,1555.541,1816.874,1.05,39.832,49.216,131.525,224.157,344.868,498.445,0.375,1.842178571428572,-39.5591935483871,-86.16236666666667,-138.27732258064515,-223.57433333333336,-121.62475,1.05,1.3850714285714285,0.30270967741935484,2.7436333333333334,2.9881290322580645,4.0237,12.798083333333333,4034286.0,11590958.517857144,18633594.870967742,20225179.033333335,20996490.85483871,22072166.65,16451512.666666666,1.704,2.9419642857142856,9.679580645161291,15.323966666666667,19.92032258064516,25.486333333333334,26.777749999999997,3.854,7.1867857142857146,15.683612903225807,20.679399999999998,25.001064516129034,30.281200000000002,30.262583333333335,-0.098,-0.8384642857142858,4.103225806451613,10.189400000000001,15.06816129032258,21.017400000000002,23.811833333333336,0.0,0.0,0.0,0.0,0.0,0.0,0.0,0.0,0.0,0.0,0.0,0.0,0.0,0.0,0.0,14.0,19.0,12.0,15.0,9.0,0.0,0.0,51.043,157.40800000000002,311.58,474.21999999999997,594.9449999999999,704.6754999999999,0.0,0.9450000000000001,2.6965000000000003,4.61,6.712,8.3355,9.902000000000001,5.851,5.8035,5.529,5.3495,4.969,4.679,6.2940000000000005,5.208
CN033,12.565,1.447,2006,40.668,89.515,279.628,628.2,1099.875,1509.09,0.0,77.196,167.771,231.405,377.408,585.667,730.211,0.0,44.18884210526316,67.56964285714285,103.74770967741935,129.8671666666667,186.71480645161293,279.7005909090909,0.0,4.062947368421052,3.2348214285714287,2.052709677419355,4.866766666666667,6.7180322580645155,6.570181818181819,0.0,7729080.513157895,9962942.42857143,15695826.903225806,18227055.841666665,16707401.951612903,18065481.15909091,0.0,6.886684210526316,5.893,10.994354838709677,16.619066666666665,20.21532258064516,23.60068181818182,0.0,10.228105263157895,9.76075,15.88941935483871,21.501533333333334,24.12525806451613,27.339272727272725,0.0,3.956421052631579,2.353857142857143,6.209419354838709,12.013866666666667,16.50941935483871,20.293181818181818,0.0,0.0,0.0,0.0,0.0,0.0,0.0,0.0,0.0,0.0,0.0,0.0,0.0,0.0,0.0,5.0,6.0,9.0,8.0,7.0,1.0,0.0,18.505,59.199,133.29399999999998,228.71099999999998,336.164,449.956,0.0,0.5385,1.8025,3.5915,5.246,7.198,9.089,0.0,7.437,7.4815000000000005,7.35,7.1515,7.179,7.431,0.0,4.262
CN034,13.843,1.492,2006,1.271,22.368,208.883,549.0120000000001,1043.699,1686.625,1863.706,2.815,46.467999999999996,58.009,158.392,261.841,350.58799999999997,479.01,-0.5273333333333333,3.1726785714285706,-33.526774193548384,-64.6331,-106.57093548387097,-199.5296,-136.381875,0.9383333333333334,1.5590357142857143,0.37229032258064515,3.3461,3.337064516129032,2.9582333333333333,16.05275,6433514.833333333,11171278.526785715,18041847.612903226,19890254.1,21011010.10483871,22396280.033333335,16756091.625,3.8786666666666663,3.51425,10.838193548387096,16.337633333333333,20.957645161290323,26.430866666666667,27.135125,8.173333333333334,7.710392857142857,16.80793548387097,21.638666666666666,26.06416129032258,31.1563,30.770625,0.19066666666666665,-0.21532142857142852,5.242516129032258,11.083400000000001,15.940838709677418,21.845666666666666,23.973875,0.0,0.0,0.0,0.0,0.0,0.0,0.0,0.0,0.0,0.0,0.0,0.0,0.0,0.0,1.0,9.0,17.0,13.0,14.0,6.0,0.0,0.0,52.650999999999996,160.65,304.539,444.826,558.291,647.543,0.0,0.9664999999999999,2.8265000000000002,4.727,6.6035,8.2485,9.748,6.328,6.3095,5.995,5.9515,5.559,5.1865,6.6735,4.296
CN035,11.511,1.369,2006,150.754,305.262,545.639,933.204,1413.069,1459.751,0.0,36.525999999999996,128.922,300.577,531.909,928.327,982.306,0.0,-5.317366666666667,-14.37807142857143,75.7925806451613,197.01260000000002,400.6763870967742,623.4046666666667,0.0,1.2175333333333331,3.299857142857143,5.537258064516129,7.7110666666666665,12.78767741935484,17.993,0.0,10129077.633333333,10051328.017857144,12632040.66935484,14163383.366666667,13921976.435483871,11236264.666666666,0.0,9.7773,10.518142857142857,12.68883870967742,17.918833333333335,20.47951612903226,20.560666666666666,0.0,14.817366666666667,15.050214285714286,17.484451612903225,22.31406666666667,24.32983870967742,24.153000000000002,0.0,5.6777,6.712607142857143,8.663903225806452,14.022933333333333,17.42358064516129,17.804333333333332,0.0,0.0,0.0,0.0,0.0,0.0,0.0,0.0,0.0,0.0,0.0,0.0,0.0,0.0,0.0,6.0,4.0,5.0,1.0,0.0,0.0,0.0,59.723,158.22,273.375,390.689,531.877,639.066,0.0,1.109,3.1135,5.3055,7.256,9.532,11.246,0.0,7.7935,7.89,8.312,8.311,8.432,8.678,0.0,3.337
CN036,11.508,1.358,2006,68.778,134.219,359.449,772.146,1300.822,1400.412,0.0,78.241,185.93,297.451,547.068,809.244,898.969,0.0,21.814258064516128,59.872214285714286,128.26251612903226,241.09626666666665,398.238935483871,485.118,0.0,2.5239032258064515,3.8460357142857142,3.597451612903226,8.320566666666666,8.457290322580645,14.954166666666666,0.0,8510317.459677419,7874706.946428572,12985217.798387097,16197783.841666667,16222465.85483871,10583705.166666666,0.0,6.44158064516129,6.7313214285714285,12.15583870967742,18.756566666666668,22.054064516129035,21.598333333333333,0.0,10.295483870967741,10.382000000000001,16.532258064516128,23.162399999999998,25.808032258064515,24.5505,0.0,2.9718064516129035,3.4931785714285715,8.011129032258065,14.391633333333335,18.470806451612905,19.1355,0.0,0.0,0.0,0.0,0.0,0.0,0.0,0.0,0.0,0.0,0.0,0.0,0.0,0.0,0.0,12.0,3.0,6.0,4.0,3.0,0.0,0.0,58.448,148.273,239.17,333.621,454.645,556.609,0.0,1.0855000000000001,3.0425000000000004,4.9225,6.565,8.499500000000001,10.076,0.0,7.433,7.664,7.661,7.8325,7.959,8.581,0.0,4.129
CN037,14.446,1.493,2006,0.0,6.4190000000000005,130.49,412.497,869.3439999999999,1482.587,1785.412,0.0,9.618,14.754,49.963,113.206,195.405,276.299,0.0,-14.31516,-77.511,-169.90913333333336,-262.62193548387097,-392.0659333333333,-384.9692857142857,0.0,0.38472,0.1656774193548387,1.1736333333333333,2.0400967741935485,2.7399666666666667,5.778142857142858,0.0,12805041.64,18385689.0,21393294.1,22113918.370967742,23786664.3,19474691.82142857,0.0,1.71772,8.582548387096773,14.400233333333334,19.737,25.441433333333336,26.630357142857143,0.0,6.96324,15.141,20.587066666666665,25.39058064516129,31.101766666666666,30.639357142857143,0.0,-2.6290000000000004,2.7955483870967743,8.738833333333334,14.436870967741935,20.322966666666666,23.128357142857144,0.0,2.0,0.0,0.0,0.0,0.0,0.0,0.0,0.0,0.0,0.0,0.0,0.0,0.0,0.0,15.0,19.0,13.0,17.0,10.0,1.0,0.0,21.6575,71.63499999999999,174.29500000000002,307.324,426.171,540.2065,0.0,0.434,1.398,2.816,4.5169999999999995,6.1145000000000005,7.636,0.0,5.146,4.816,4.5625,4.334,4.0005,5.258,6.15
CN041,14.925,1.468,2006,0.0,22.033,211.30100000000002,547.837,1043.826,1699.647,1967.938,0.0,16.291,23.921,83.932,172.423,263.76,344.074,0.0,-12.564296296296297,-71.1131935483871,-144.3872,-205.64274193548388,-328.5295,-312.54016666666666,0.0,0.6033703703703703,0.24612903225806454,2.000366666666667,2.854548387096774,3.044566666666667,6.692833333333334,0.0,12137379.796296297,18237280.43548387,20364607.233333334,21753073.822580647,23790341.733333334,19974450.25,0.0,3.4383703703703703,10.972193548387098,16.217866666666666,20.999645161290324,26.8607,27.357583333333334,0.0,8.511703703703704,17.482806451612902,22.145666666666667,26.560774193548387,32.33683333333333,31.192333333333334,0.0,-0.8917407407407407,4.902064516129032,10.550066666666668,15.531290322580643,21.456,23.84583333333333,0.0,0.0,0.0,0.0,0.0,0.0,0.0,0.0,0.0,0.0,0.0,0.0,0.0,0.0,0.0,15.0,18.0,12.0,17.0,14.0,0.0,0.0,39.731,130.848,285.56100000000004,435.469,542.869,651.034,0.0,0.743,2.422,4.389,6.3555,7.814,9.3415,0.0,5.023,4.647,4.5325,4.32,3.8280000000000003,5.0024999999999995,5.603
CN042,13.08,1.433,2006,2.8449999999999998,39.132000000000005,261.735,641.069,1181.127,1838.744,1942.161,2.572,56.226,86.644,205.962,329.135,382.767,388.892,-3.2304000000000004,3.724,-11.326999999999998,-20.98703333333333,-31.43345161290322,-119.50806666666666,-181.265,0.5144,1.9162142857142859,0.981225806451613,3.9772666666666665,3.9733225806451613,1.7877333333333332,1.53125,9733875.95,9618975.191964285,15981922.120967742,18269729.683333334,20253080.346774194,21824303.966666665,22766895.5,4.6586,4.865321428571429,12.15441935483871,17.644466666666666,22.421225806451613,26.920566666666666,30.85425,10.1296,9.015214285714285,17.64667741935484,22.8391,27.28316129032258,31.292433333333335,34.41825,0.05800000000000003,1.1374642857142858,6.79958064516129,12.572233333333333,17.48548387096774,22.563166666666667,27.4525,0.0,0.0,0.0,0.0,0.0,0.0,0.0,0.0,0.0,0.0,0.0,0.0,0.0,0.0,3.0,5.0,14.0,15.0,14.0,8.0,0.0,0.0,56.824,166.177,297.612,418.655,543.938,659.051,0.0,0.877,2.555,4.366,6.0775,7.906499999999999,9.509,6.2,6.233499999999999,6.05,6.109999999999999,5.99,5.8495,5.6845,4.718
CN043,12.106,1.391,2006,26.498,81.821,315.9,738.602,1291.91,1561.279,0.0,55.559,167.578,252.056,419.361,593.914,661.149,0.0,20.274,60.32103571428571,110.19580645161291,167.4809,229.21109677419355,239.23464285714286,0.0,2.415608695652174,4.000678571428572,2.7250967741935486,5.576833333333334,5.630741935483871,4.8025,0.0,8145721.451086956,7279355.366071428,12955864.362903226,16160348.575,18101901.56451613,16642577.25,0.0,5.496782608695653,6.108178571428572,12.49425806451613,19.090066666666665,22.84864516129032,24.24064285714286,0.0,9.304521739130434,9.415142857142857,16.882838709677422,23.582766666666664,27.05377419354839,27.68242857142857,0.0,1.7406521739130436,2.9325357142857142,7.93558064516129,14.669100000000002,18.597612903225805,20.7465,0.0,0.0,0.0,0.0,0.0,0.0,0.0,0.0,0.0,0.0,0.0,0.0,0.0,0.0,0.0,11.0,1.0,5.0,3.0,4.0,2.0,0.0,34.607,94.824,177.94,275.29200000000003,393.504,516.6055,0.0,0.764,2.4445,4.3215,5.922,7.7325,9.571,0.0,7.036,7.2905,7.205,7.255,7.199,7.3835,0.0,5.11
CN044,11.814,1.393,2006,233.799,549.0649999999999,949.56,1488.949,2103.971,2165.976,0.0,17.8,73.141,196.505,374.147,650.656,689.5649999999999,0.0,-16.950260869565216,-59.94785714285714,-44.44183870967741,23.6983,117.91603225806452,243.021,0.0,0.773913043478261,1.9764642857142858,3.979483870967742,5.9214,8.919645161290322,12.969666666666667,0.0,11948451.891304348,11406730.75,12513986.258064516,16233027.616666667,17553587.70967742,13768819.666666666,0.0,15.165173913043477,16.2595,17.919193548387096,22.979633333333332,24.83941935483871,25.668333333333333,0.0,19.784217391304345,20.444535714285713,21.914129032258064,26.88883333333333,28.553193548387096,29.002,0.0,11.135652173913044,12.879428571428573,14.524387096774193,19.478866666666665,21.575870967741935,23.253666666666664,0.0,0.0,0.0,0.0,0.0,0.0,0.0,0.0,0.0,0.0,0.0,0.0,0.0,0.0,0.0,7.0,1.0,3.0,1.0,1.0,0.0,0.0,53.0495,135.063,224.868,326.002,462.622,568.386,0.0,1.03,2.7409999999999997,4.6095,6.351,8.411999999999999,9.963,0.0,6.0,5.938000000000001,6.403,6.702999999999999,7.055,7.806,0.0,4.517
CN045,12.411,1.496,2006,182.124,403.055,761.081,1287.56,1880.088,1985.556,0.0,29.773,100.763,196.42,306.856,560.798,605.879,0.0,-8.218624999999998,-23.074178571428572,2.2289999999999996,18.978,69.28145161290323,176.09380000000002,0.0,1.2405416666666667,2.535357142857143,3.085709677419355,3.6812,8.19167741935484,9.016200000000001,0.0,10630609.520833334,6939434.598214285,10300176.85483871,15631949.066666666,17032849.98387097,15372429.6,0.0,12.588500000000002,12.890392857142857,16.549225806451613,22.549300000000002,24.113806451612906,26.0936,0.0,17.080875,16.452392857142858,20.450161290322583,26.900066666666664,28.285,29.779200000000003,0.0,8.56775,9.907178571428572,13.092161290322581,18.5156,20.402774193548385,22.701,0.0,0.0,0.0,0.0,0.0,0.0,0.0,0.0,0.0,0.0,0.0,0.0,0.0,0.0,0.0,10.0,0.0,3.0,1.0,6.0,0.0,0.0,45.1875,111.483,185.77,277.581,403.846,503.113,0.0,0.857,2.5665,4.2575,5.909,7.862499999999999,9.238,0.0,6.614,6.5815,6.604,6.5955,6.999,7.402,0.0,3.845
CN046,11.719,1.364,2006,109.194,545.965,1079.018,1709.493,2397.382,2570.431,0.0,2.536,34.702,88.868,194.449,318.901,329.394,0.0,-11.913125,-51.33985714285715,-111.46219354838709,-148.4015,-203.36235483870968,-211.36557142857143,0.0,0.317,1.148785714285714,1.747290322580645,3.519366666666667,4.01458064516129,1.4989999999999999,0.0,11986663.25,13052561.19642857,16232766.693548387,20075872.6,21699965.35483871,22637450.0,0.0,18.64925,20.598964285714285,22.19525806451613,26.015833333333333,27.189967741935483,29.721285714285717,0.0,22.405874999999998,24.703535714285714,26.65909677419355,30.582,31.513322580645163,33.931714285714285,0.0,15.58175,17.524214285714287,18.800612903225804,22.3597,23.584709677419355,26.13457142857143,0.0,0.0,0.0,0.0,0.0,0.0,0.0,0.0,0.0,0.0,0.0,0.0,0.0,0.0,0.0,4.0,3.0,2.0,0.0,5.0,2.0,0.0,0.0,76.368,200.268,343.253,497.20799999999997,602.783,0.0,0.491,1.456,2.839,4.502,6.436,7.827,0.0,5.621,5.6685,5.701,5.5875,5.49,5.553,0.0,3.749
CN050,12.526,1.429,2006,24.656,95.303,315.339,690.822,1197.217,1771.771,1794.246,5.765,86.277,178.189,306.954,440.358,546.4830000000001,548.943,-3.8441,13.473357142857143,56.66909677419355,96.3814,126.99670967741935,99.80839999999999,104.64699999999999,0.5765,2.8754285714285714,2.964903225806452,4.292166666666666,4.303354838709677,3.5375,2.46,8887214.925,6573149.973214285,10907248.185483871,15334785.241666667,19522665.30645161,17980159.016666666,21378458.0,7.4656,7.408535714285714,12.096,17.5161,21.335322580645162,24.151799999999998,27.475,11.2945,10.163357142857143,16.00093548387097,21.813633333333332,25.601064516129032,27.6659,30.818,3.4761,4.45125,7.801451612903226,12.683133333333334,16.58651612903226,20.433066666666665,22.907,0.0,0.0,0.0,0.0,0.0,0.0,0.0,0.0,0.0,0.0,0.0,0.0,0.0,0.0,4.0,4.0,4.0,4.0,8.0,4.0,0.0,0.0,31.509,92.978,182.51,308.423,484.283,623.946,0.472,1.5314999999999999,3.2435,5.031,6.973000000000001,9.698,0.0,6.573,6.6985,6.714,6.676,6.458,6.422,6.658,4.552
CN051,12.899,1.434,2006,9.155000000000001,79.906,292.481,653.533,1140.638,1695.599,1966.797,0.589,55.751,102.014,163.71,269.828,400.346,507.195,-2.1745,2.785892857142857,-1.3011612903225813,-35.45236666666666,-69.72909677419355,-89.41720000000001,-39.22015384615384,0.2945,1.9700714285714285,1.4923548387096774,2.0565333333333333,3.4231612903225805,4.3506,8.219153846153846,10640749.0,8174556.866071428,13941395.08064516,17048329.966666665,19255161.69354839,16662328.716666667,18960108.307692308,9.5775,7.375285714285715,11.84783870967742,17.03506666666667,20.713064516129034,23.4987,25.861384615384615,14.3885,10.867607142857143,16.397129032258064,21.8008,25.449290322580644,27.393866666666668,29.443846153846152,5.0845,3.811392857142857,6.861677419354838,11.898133333333334,15.595,19.4484,22.37284615384615,0.0,0.0,0.0,0.0,0.0,0.0,0.0,0.0,0.0,0.0,0.0,0.0,0.0,0.0,0.0,0.0,2.0,1.0,4.0,0.0,0.0,0.0,68.138,180.851,297.988,412.918,552.225,711.6215,0.0,1.1165,2.9065,4.378,6.0665,8.180499999999999,10.1715,6.4765,6.5585,6.418,6.2055,5.987,6.1005,6.425,4.282
CN052,13.061,1.533,2006,16.838,59.844,226.406,537.236,914.305,1341.965,1443.596,2.879,72.729,138.351,210.014,363.387,639.282,662.6610000000001,-5.926125,0.8596071428571431,9.717193548387097,-27.16306666666667,-28.984677419354842,96.55033333333333,168.65149999999997,0.359875,2.494642857142857,2.1168387096774195,2.3887666666666667,4.947516129032258,9.196499999999999,3.8965,12478373.6875,8996216.401785715,13189367.967741935,18283815.966666665,18482383.85483871,15855297.55,19088859.0,6.074125,5.672035714285714,10.141225806451612,15.360999999999999,17.163516129032256,19.255333333333333,21.9385,12.31625,10.4295,15.547935483870967,21.1559,22.088967741935484,23.134866666666667,25.67533333333333,0.957375,2.1791071428571427,5.664612903225807,10.336733333333333,12.603064516129033,16.0237,18.669166666666666,0.0,0.0,0.0,0.0,0.0,0.0,0.0,0.0,0.0,0.0,0.0,0.0,0.0,0.0,2.0,0.0,0.0,1.0,4.0,0.0,0.0,0.0,47.198,125.342,215.323,311.869,430.928,539.46,0.355,1.2055,2.5785,3.995,5.55,7.6595,9.401,7.7855,7.8774999999999995,7.732,7.409000000000001,7.281,7.7635,7.737,4.582
CN053,12.971,1.41,2006,6.15,157.994,426.334,778.987,1158.132,1583.04,1809.747,0.089,34.745,68.481,121.299,276.258,526.769,676.318,-2.635,-26.997642857142857,-85.94109677419355,-193.75826666666666,-252.67425806451612,-126.35593333333333,-16.340066666666655,0.089,1.2377142857142858,1.0882580645161288,1.7606,4.998677419354839,8.350366666666666,9.969933333333334,17226086.0,14721018.285714285,19859509.19354839,21698227.0,20027110.048387095,17748171.9,18007604.933333334,11.15,10.423,13.647,16.755100000000002,17.230483870967742,19.1636,20.1138,18.856,16.40625,20.231935483870966,23.028766666666666,22.604322580645164,23.321833333333334,24.2842,4.949,5.345,7.63874193548387,11.0796,12.717096774193548,15.774766666666666,16.989733333333334,0.0,0.0,0.0,0.0,0.0,0.0,0.0,0.0,0.0,0.0,0.0,0.0,0.0,0.0,0.0,1.0,0.0,0.0,1.0,0.0,0.0,0.0,75.959,183.15200000000002,277.077,362.017,471.35900000000004,607.3130000000001,0.0,1.188,2.991,4.464,5.9399999999999995,7.9115,9.937,7.53,7.463,6.988,6.5405,6.581,7.333,7.739,3.82
CN054,13.005,1.461,2006,0.0,0.0,0.0,5.159000000000001,120.996,353.348,482.002,0.0,91.657,169.5,322.749,453.781,595.48,669.816,-2.227,-4.455392857142857,18.405290322580644,60.94056666666666,58.86612903225806,91.21783333333333,120.88378571428572,0.0,3.2734642857142857,2.5110645161290326,5.1083,4.22683870967742,4.7233,5.309714285714286,19470520.0,18025117.35714286,21214600.51612903,22834323.633333333,23092168.129032258,21002846.566666666,21056139.85714286,1.677,1.9575,2.155548387096774,4.302133333333333,8.736677419354839,12.745066666666666,14.189571428571428,9.58,7.159678571428572,7.060774193548387,9.114666666666666,14.038225806451614,17.845133333333333,18.90492857142857,-4.923,-3.832035714285714,-2.9629999999999996,-0.3197,3.9107741935483875,8.547066666666666,10.196928571428572,0.0,0.0,0.0,0.0,0.0,0.0,0.0,0.0,0.0,0.0,0.0,0.0,0.0,0.0,1.0,3.0,1.0,2.0,0.0,0.0,0.0,0.0,41.242000000000004,103.051,169.704,252.802,368.27,486.8455,0.0,0.7995000000000001,1.991,2.955,4.247,5.801,7.063,5.896,5.8855,5.861,5.913,5.962,6.1045,6.347,5.015
CN061,12.801,1.465,2006,0.0,6.612,124.114,424.668,875.197,1466.316,1768.3220000000001,0.0,21.009,32.989000000000004,60.511,137.426,186.896,259.355,0.0,-11.624518518518519,-61.05148387096774,-165.47306666666665,-259.8821612903226,-374.10523333333333,-426.4963571428571,0.0,0.7781111111111111,0.3864516129032258,0.9174,2.481129032258065,1.649,5.175642857142857,0.0,12258917.925925925,18100970.5,20709710.75,21972949.93548387,23721907.5,21720159.64285714,0.0,1.3954074074074074,8.026709677419355,14.980733333333335,19.533193548387096,24.703966666666666,26.57185714285714,0.0,6.6284074074074075,14.838225806451613,21.691466666666667,26.023612903225807,30.91866666666667,31.546142857142858,0.0,-3.552407407407407,1.2218064516129032,7.763866666666667,12.807322580645161,17.9754,21.749285714285715,0.0,0.0,0.0,0.0,0.0,0.0,0.0,0.0,0.0,0.0,0.0,0.0,0.0,0.0,0.0,6.0,12.0,11.0,6.0,9.0,0.0,0.0,25.738,79.81,171.452,278.003,385.04,495.179,0.0,0.5485,1.576,2.699,4.1235,5.6625,7.024000000000001,0.0,4.38,4.155,3.8235,3.813,3.4405,4.24,4.037
CN062,12.84,1.465,2006,0.0,0.0,19.951,206.493,541.057,1019.467,1388.94,0.0,11.962,21.07,36.733,81.987,109.03999999999999,184.347,0.0,-8.918263157894737,-55.34532258064516,-152.8489,-267.08693548387095,-408.24103333333335,-512.9250952380952,0.0,0.629578947368421,0.29380645161290325,0.5221,1.4598064516129032,0.9017666666666667,3.586047619047619,0.0,14263234.368421054,19236331.225806452,22062892.9,23357948.93548387,23875033.7,19829291.64285714,0.0,-2.1074210526315786,3.2452580645161286,10.796733333333332,15.792387096774194,20.947,22.59395238095238,0.0,3.538105263157895,9.865903225806452,17.587966666666667,22.372387096774194,27.266666666666666,27.784285714285716,0.0,-7.581736842105263,-3.485290322580645,3.493666666666667,8.865419354838709,14.039666666666667,17.64842857142857,0.0,8.0,4.0,0.0,0.0,0.0,0.0,0.0,0.0,0.0,0.0,0.0,0.0,0.0,0.0,6.0,10.0,11.0,5.0,5.0,0.0,0.0,13.8955,37.072,71.634,130.657,227.389,351.789,0.0,0.259,0.7195,1.222,2.0309999999999997,3.3354999999999997,4.678,0.0,3.609,3.311,2.877,2.973,2.4545000000000003,3.446,4.222
CN063,13.39,1.445,2006,0.0,0.0,1.8049999999999997,79.8,292.527,621.442,930.737,0.0,11.316,19.462,49.995,103.64399999999999,143.392,201.849,0.0,-7.932777777777777,-52.761645161290325,-131.0541,-204.4631935483871,-298.50626666666665,-377.0272380952381,0.0,0.6286666666666667,0.2627741935483871,1.0177666666666665,1.7306129032258064,1.3249333333333335,2.7836666666666665,0.0,15198263.555555556,20013637.451612905,22413756.633333333,24032736.129032258,22728743.633333333,20886231.476190478,0.0,-3.029611111111111,1.3550967741935482,6.768433333333333,11.838870967741935,15.963833333333334,19.728333333333335,0.0,2.2989444444444445,7.6202903225806455,13.212333333333333,18.144516129032258,21.65576666666667,25.184380952380952,0.0,-8.2385,-5.03316129032258,0.25516666666666665,5.521612903225806,10.224866666666665,14.397190476190477,0.0,9.0,5.0,0.0,0.0,0.0,0.0,0.0,0.0,0.0,0.0,0.0,0.0,0.0,0.0,7.0,13.0,10.0,7.0,1.0,0.0,0.0,13.134,34.978,69.012,132.824,238.065,359.646,0.0,0.1815,0.5549999999999999,1.024,1.737,2.909,4.084,0.0,4.3740000000000006,4.205,4.0535,3.994,3.6975,3.841,7.407
CN064,12.016,1.441,2006,0.0,0.0,51.493,287.374,685.535,1219.775,1575.026,0.0,6.792,10.586,15.947,51.842999999999996,69.598,111.303,0.0,-17.07442857142857,-78.31887096774194,-200.52156666666667,-343.71432258064516,-511.45876666666663,-623.2297777777778,0.0,0.3234285714285714,0.12238709677419354,0.1787,1.1579354838709677,0.5918333333333333,2.3169444444444443,0.0,14386415.904761905,19237636.096774194,21897788.533333335,23682583.16129032,25108543.6,22452178.722222224,0.0,-0.9699047619047618,4.825903225806452,12.537299999999998,17.843903225806454,22.808,24.736166666666666,0.0,4.803904761904762,11.763548387096774,19.543966666666666,24.50332258064516,29.5721,30.543444444444447,0.0,-6.59547619047619,-2.161483870967742,4.936333333333334,10.712774193548388,15.446966666666667,19.019833333333334,0.0,9.0,3.0,0.0,0.0,0.0,0.0,0.0,0.0,0.0,0.0,0.0,0.0,0.0,0.0,10.0,18.0,17.0,11.0,12.0,2.0,0.0,12.923,33.013000000000005,60.043000000000006,108.988,197.922,302.558,0.0,0.206,0.5720000000000001,0.953,1.597,2.7145,3.824,0.0,3.847,3.26,2.7885,2.981,2.181,3.2439999999999998,6.966
CN065,13.176,1.431,2006,0.0,0.0,15.604000000000003,206.39600000000002,561.506,1053.989,1484.173,0.0,10.799,30.176,77.699,123.135,170.767,209.509,0.0,-2.9183999999999997,-26.944774193548387,-69.45886666666667,-153.5160322580645,-277.66453333333334,-395.45992,0.0,0.7199333333333333,0.6250645161290322,1.5840999999999998,1.4656774193548388,1.5877333333333332,1.54968,0.0,12104451.7,16526063.387096774,20898454.366666667,23888916.35483871,24249960.333333332,23602349.2,0.0,-4.795,2.7900000000000005,11.0185,16.455161290322582,21.416099999999997,22.207359999999998,0.0,0.8363999999999999,8.783999999999999,17.057233333333333,22.25477419354839,26.840866666666667,27.43148,0.0,-10.1562,-3.265,4.326899999999999,10.179806451612903,15.728166666666668,16.90452,0.0,13.0,1.0,0.0,0.0,0.0,0.0,0.0,0.0,0.0,0.0,0.0,0.0,0.0,0.0,2.0,9.0,7.0,1.0,0.0,1.0,0.0,5.664,21.014,58.119,120.769,225.836,369.669,0.0,0.261,0.739,1.358,2.2175,3.591,5.11,0.0,3.854,3.738,3.6334999999999997,3.387,3.1719999999999997,3.17,7.161
CN011,14.819,1.511,2007,0.0,0.0,30.409,232.131,685.954,1262.133,1516.275,0.0,2.544,47.936,64.613,110.309,178.707,225.8,0.0,-20.46257692307692,-32.67374193548387,-102.38903333333333,-229.44251612903224,-342.5364666666667,-370.4766153846154,0.0,0.09784615384615385,1.464258064516129,0.5559,1.4740645161290322,2.279933333333333,3.6225384615384617,0.0,12416036.557692308,15389164.322580645,20014199.933333334,23298784.387096774,21597269.533333335,20911100.923076924,0.0,1.4187692307692308,3.484741935483871,11.724066666666666,19.639451612903226,24.205966666666665,24.549384615384614,0.0,7.594846153846154,8.82716129032258,18.264599999999998,26.226612903225806,29.997,29.539,0.0,-3.958076923076923,-1.4000322580645161,5.380933333333333,12.856935483870968,18.215,19.602615384615383,0.0,0.0,2.0,0.0,0.0,0.0,0.0,0.0,0.0,0.0,0.0,0.0,0.0,0.0,0.0,20.0,19.0,15.0,17.0,12.0,0.0,0.0,16.0045,44.541,90.449,161.339,261.259,386.49850000000004,0.0,0.367,1.0445,1.809,3.005,4.636,6.3825,0.0,3.8605,4.037,3.767,3.268,3.402,3.949,5.507
CN012,14.794,1.439,2007,0.0,6.151,56.263,327.927,842.774,1459.901,1733.065,0.0,0.643,55.632000000000005,65.744,130.185,218.048,260.197,0.0,-22.58208,-35.54538709677419,-118.2825,-266.5660322580645,-393.34666666666664,-401.6880769230769,0.0,0.02572,1.7738387096774195,0.3370666666666667,2.078741935483871,2.9287666666666667,3.2422307692307695,0.0,12492355.38,15504742.338709677,20913537.216666665,23289166.0,21705174.733333334,21425187.769230768,0.0,3.3914,5.272322580645161,14.055466666666666,21.607967741935482,25.570899999999998,26.012615384615383,0.0,9.94792,10.678838709677418,20.3295,28.118903225806452,31.306533333333334,30.927384615384614,0.0,-2.35876,0.4846129032258065,8.087266666666666,15.278903225806452,20.156366666666667,21.625615384615383,0.0,0.0,1.0,0.0,0.0,0.0,0.0,0.0,0.0,0.0,0.0,0.0,0.0,0.0,0.0,23.0,19.0,22.0,17.0,15.0,2.0,0.0,15.586500000000001,45.704,107.005,198.382,298.08299999999997,417.0685,0.0,0.2525,0.7050000000000001,1.469,2.7085,4.13,5.7015,0.0,4.066,4.46,4.021,3.005,3.364,4.437,5.246
CN013,14.781,1.481,2007,0.0,2.301,50.204,273.149,732.842,1304.99,1565.125,0.0,4.542,54.690999999999995,68.081,122.152,191.124,224.798,0.0,-19.92656,-30.086612903225806,-113.3361,-247.92593548387097,-370.31146666666666,-406.1596153846154,0.0,0.18167999999999998,1.617709677419355,0.44633333333333336,1.7442258064516127,2.299066666666667,2.590307692307692,0.0,12926131.02,15938812.75,20997224.233333334,23506016.35483871,22081837.766666666,22462286.615384616,0.0,2.51076,4.549870967741935,12.4315,19.828806451612902,24.0716,25.010384615384616,0.0,8.81252,10.040483870967742,18.829833333333333,26.264935483870968,29.8745,30.307307692307692,0.0,-3.1557999999999997,-0.36983870967741933,6.2832333333333334,13.396516129032259,18.492,20.073384615384615,0.0,0.0,2.0,0.0,0.0,0.0,0.0,0.0,0.0,0.0,0.0,0.0,0.0,0.0,0.0,17.0,13.0,13.0,10.0,6.0,0.0,0.0,21.5065,64.388,138.095,228.467,325.199,443.276,0.0,0.398,1.315,2.337,3.5949999999999998,5.112500000000001,6.7509999999999994,0.0,4.107,4.413,3.9850000000000003,3.447,3.5540000000000003,3.969,5.092
CN014,14.597,1.473,2007,0.0,1.1600000000000001,53.323,217.052,618.888,1109.8509999999999,1361.052,0.0,11.159,57.793,83.33800000000001,123.936,180.44299999999998,202.982,0.0,-16.51936,-26.255419354838715,-106.24426666666666,-229.2296129032258,-351.616,-409.522,0.0,0.44636000000000003,1.5043225806451612,0.8514999999999999,1.3096129032258064,1.8835666666666666,1.6099285714285714,0.0,13351696.29,16387281.040322581,21413662.033333335,24192745.612903226,21754292.2,22851840.0,0.0,1.6315600000000001,3.5663225806451613,10.329433333333332,17.962451612903227,21.365433333333332,22.942928571428574,0.0,7.634919999999999,8.957870967741936,16.912466666666667,24.616193548387095,27.2681,28.52657142857143,0.0,-4.08656,-1.4346774193548388,3.8487,10.795903225806452,15.566433333333332,17.278357142857143,0.0,0.0,4.0,0.0,0.0,0.0,0.0,0.0,0.0,0.0,0.0,0.0,0.0,0.0,0.0,15.0,13.0,11.0,16.0,7.0,3.0,0.0,14.886499999999998,41.36,79.798,129.087,202.658,307.447,0.0,0.336,0.9745,1.634,2.5025000000000004,3.849,5.3445,0.0,4.629,4.882,4.49,4.109,4.047499999999999,4.2515,5.04
CN015,13.312,1.479,2007,0.0,0.0,0.0,87.685,421.645,940.916,1184.019,0.0,4.646,29.782,47.205,81.687,127.026,187.885,0.0,-11.584999999999999,-40.78329032258064,-104.43606666666666,-236.54048387096773,-369.66816666666665,-432.53085714285714,0.0,0.20199999999999999,0.8108387096774193,0.5807666666666667,1.1123225806451613,1.5112999999999999,4.347071428571428,0.0,12285628.739130436,15827393.58064516,20512958.666666668,21917224.35483871,23204638.0,20203311.57142857,0.0,-4.93795652173913,-2.3596451612903224,7.350533333333333,15.772903225806452,22.309033333333332,22.3645,0.0,1.603,3.1108387096774193,13.6181,22.12961290322581,28.5505,27.4175,0.0,-10.918347826086958,-7.415774193548388,0.8923333333333333,9.068129032258065,15.932033333333333,17.45207142857143,0.0,20.0,13.0,0.0,0.0,0.0,0.0,0.0,0.0,0.0,0.0,0.0,0.0,0.0,0.0,13.0,8.0,7.0,5.0,3.0,0.0,0.0,20.2065,53.986999999999995,94.242,139.721,213.481,320.08349999999996,0.0,0.379,1.0485000000000002,1.723,2.4935,3.7504999999999997,5.1005,0.0,4.084,4.122,3.9925,3.623,3.4635,4.2509999999999994,5.666
CN021,14.162,1.52,2007,0.0,0.0,4.188,127.986,496.605,1038.583,1262.856,0.0,9.108,72.335,96.242,153.966,197.101,320.451,0.0,-16.54692307692308,-13.313709677419352,-61.50013333333333,-171.6271935483871,-291.8666,-294.0948461538461,0.0,0.3503076923076923,2.0395806451612906,0.7969,1.8620645161290323,1.4378333333333333,9.48846153846154,0.0,12296134.038461538,15822743.435483871,20231461.6,21920355.951612905,23260843.283333335,16995492.076923076,0.0,-0.786,0.26706451612903226,8.8141,16.89093548387097,23.06593333333333,22.251769230769234,0.0,5.060384615384615,5.437354838709677,14.726633333333332,22.8671935483871,28.846466666666668,26.079076923076926,0.0,-6.295807692307692,-4.218354838709677,2.9246,11.021483870967742,17.5034,19.08623076923077,0.0,7.0,5.0,0.0,0.0,0.0,0.0,0.0,0.0,0.0,0.0,0.0,0.0,0.0,0.0,15.0,10.0,4.0,9.0,13.0,0.0,0.0,18.0015,48.314,87.935,144.289,244.75,385.8615,0.0,0.411,1.101,1.863,2.879,4.522,6.281,0.0,4.811,4.975,4.8205,4.418,3.9855,5.636,5.843
CN022,13.895,1.483,2007,0.0,0.0,0.0,75.786,377.786,905.145,1132.478,0.0,11.701,63.117000000000004,92.511,150.071,178.88400000000001,279.054,0.0,-9.860357142857143,-18.099612903225804,-48.455733333333335,-145.10025806451614,-253.1189666666667,-290.6021428571429,0.0,0.4178928571428572,1.6585806451612901,0.9798000000000001,1.8567741935483872,0.9604333333333333,7.155,0.0,11559809.107142856,15487396.129032258,19720163.933333334,20566937.80645161,23549561.5,17297619.0,0.0,-5.073571428571428,-2.7918387096774193,6.590133333333333,14.741935483870968,22.578633333333336,21.238071428571427,0.0,0.6172500000000001,2.162387096774194,12.214933333333333,20.43983870967742,28.238433333333333,25.15892857142857,0.0,-10.946678571428572,-7.6404516129032265,0.8995333333333332,9.012290322580645,16.89196666666667,17.887714285714285,0.0,23.0,16.0,0.0,0.0,0.0,0.0,0.0,0.0,0.0,0.0,0.0,0.0,0.0,0.0,16.0,12.0,5.0,6.0,11.0,0.0,0.0,22.728,58.55,96.30799999999999,143.823,230.679,368.6035,0.0,0.4815,1.2645,2.0220000000000002,2.964,4.4365000000000006,6.1585,0.0,5.3445,5.326,5.3515,4.99,4.464,5.59,6.169
CN023,14.269,1.486,2007,0.0,0.0,0.0,50.846000000000004,306.762,791.203,993.056,0.0,16.661,61.883,92.676,170.737,222.478,251.605,0.0,-0.33635714285714274,-0.38019354838709707,-23.62026666666667,-85.62922580645161,-148.862,-217.78091666666668,0.0,0.5950357142857143,1.458774193548387,1.0264333333333333,2.5180967741935483,1.7247,2.42725,0.0,10528952.80357143,14675889.274193548,19206335.066666666,18539136.322580647,22864124.5,20508991.083333332,0.0,-10.088142857142858,-5.336774193548387,5.3440666666666665,13.255354838709676,21.148033333333334,21.821083333333334,0.0,-3.9095714285714287,-0.24138709677419357,11.1129,18.63416129032258,26.676033333333333,26.69175,0.0,-16.345607142857144,-10.508645161290321,-0.6847333333333333,7.735612903225807,15.543066666666666,17.24,0.0,28.0,20.0,0.0,0.0,0.0,0.0,0.0,0.0,0.0,0.0,0.0,0.0,0.0,0.0,11.0,8.0,5.0,1.0,4.0,0.0,0.0,17.963,44.026,74.522,118.138,208.695,354.1705,0.0,0.48300000000000004,1.2469999999999999,2.058,3.016,4.694,6.6475,0.0,5.341,5.459,5.48,5.32,4.837,5.047,3.921
CN031,12.706,1.42,2007,5.172999999999999,111.414,294.428,574.091,1078.367,1644.139,0.0,4.383,54.455,152.992,259.896,306.96,450.749,0.0,-5.452000000000001,-19.445857142857143,2.740870967741932,-13.843233333333337,-56.05493548387097,-72.01746666666666,0.0,0.36525,1.7882857142857145,3.178612903225807,3.5634666666666663,1.5181935483870967,4.7929666666666675,0.0,11710607.833333334,13484530.0,14914961.266129032,18460733.416666668,21134482.725806452,16704861.133333333,0.0,4.9262500000000005,8.586714285714285,10.750645161290322,14.3221,21.26696774193548,23.859066666666667,0.0,8.970333333333334,13.03617857142857,14.72732258064516,18.800366666666665,25.620322580645162,26.954733333333333,0.0,1.2385,4.492928571428571,7.002774193548388,10.065333333333333,17.046419354838708,21.3684,0.0,0.0,0.0,0.0,0.0,0.0,0.0,0.0,0.0,0.0,0.0,0.0,0.0,0.0,0.0,7.0,13.0,14.0,15.0,15.0,2.0,0.0,22.375,77.628,188.485,315.123,425.995,517.862,0.0,0.323,1.27,3.2,4.956,6.593,7.5455,0.0,6.178,6.228999999999999,6.427,6.202,5.795,6.0275,0.0,6.41
CN032,13.994,1.439,2007,0.0,65.253,221.235,517.879,1048.972,1625.08,1869.798,0.031,43.666,111.45,162.678,221.69,342.84000000000003,581.665,-1.965,-7.536142857142857,-0.5512903225806475,-57.68586666666667,-141.257,-218.79233333333335,-70.40850000000002,0.031,1.5583928571428571,2.1865806451612904,1.7075999999999998,1.9036129032258065,4.038333333333333,19.902083333333334,13392869.0,12352760.08482143,15450799.25,19748011.033333335,22891797.56451613,18596474.466666665,14561240.666666666,2.893,6.97725,9.645483870967741,14.888133333333334,22.132032258064516,24.2036,25.39316666666667,10.075,12.158035714285715,14.633935483870967,20.411133333333336,27.789225806451615,28.436766666666664,28.58366666666667,-2.501,2.4062142857142854,4.986677419354838,9.510299999999999,16.61458064516129,20.443766666666665,22.751416666666668,0.0,0.0,0.0,0.0,0.0,0.0,0.0,0.0,0.0,0.0,0.0,0.0,0.0,0.0,1.0,13.0,14.0,15.0,10.0,7.0,0.0,0.0,65.513,196.916,371.294,546.572,667.452,782.3035,0.0,0.9915,3.1405,5.289,7.4864999999999995,9.082,10.4635,5.45,5.545999999999999,5.611,5.2204999999999995,4.694,4.855499999999999,6.547,5.042
CN033,12.565,1.447,2007,10.64,145.851,358.104,657.548,1189.669,1587.618,0.0,35.072,93.731,212.205,347.373,450.39,613.018,0.0,11.895263157894737,4.115892857142858,37.901709677419355,51.256433333333334,54.76629032258065,102.24863636363638,0.0,1.8458947368421055,2.0949642857142856,3.821741935483871,4.5056,3.3231290322580644,7.392181818181817,0.0,9535612.131578946,13011890.8125,14467142.790322581,16958478.375,20186036.19354839,14823753.681818182,0.0,5.2352105263157895,9.717857142857143,11.793709677419356,14.981466666666668,22.165193548387098,23.08859090909091,0.0,9.162947368421053,14.690678571428572,16.03293548387097,19.654433333333333,26.887967741935487,26.23068181818182,0.0,1.6541052631578947,5.143535714285714,7.761709677419355,10.498,17.64603225806452,20.558818181818182,0.0,0.0,0.0,0.0,0.0,0.0,0.0,0.0,0.0,0.0,0.0,0.0,0.0,0.0,0.0,8.0,10.0,9.0,9.0,10.0,1.0,0.0,21.689,72.149,165.831,274.149,387.938,504.895,0.0,0.6575000000000001,2.0115,4.0405,5.841,7.79,9.883000000000001,0.0,7.124,7.133,7.273,7.118,6.885,7.291499999999999,0.0,4.229
CN034,13.843,1.492,2007,0.47799999999999976,82.965,257.255,576.394,1134.819,1728.215,1896.19,0.0,56.789,137.656,211.707,297.384,426.027,576.284,-4.447,-7.873499999999999,15.951258064516132,-20.085666666666665,-91.62858064516129,-140.5596,-49.503375,0.0,2.0281785714285716,2.6086129032258065,2.468366666666667,2.763774193548387,4.2881,18.782125,14068697.666666666,11912277.09375,15097548.088709677,19519756.233333334,22642541.0,18521055.8,13715874.5,4.655666666666666,7.753142857142857,10.367774193548387,15.637966666666667,23.013709677419353,24.779866666666667,25.996875,11.961666666666666,12.872535714285714,15.203096774193549,21.1133,28.553677419354837,28.9266,28.985375,-1.0313333333333334,3.1005000000000003,5.830935483870968,10.254766666666667,17.39309677419355,21.094299999999997,23.61975,0.0,0.0,0.0,0.0,0.0,0.0,0.0,0.0,0.0,0.0,0.0,0.0,0.0,0.0,3.0,9.0,15.0,11.0,10.0,6.0,0.0,0.0,67.355,198.951,362.281,519.394,640.457,733.629,0.0,0.985,2.9615,4.994,7.055,8.725,9.999,5.87,6.0075,6.119,5.7865,5.288,5.5489999999999995,7.2005,3.519
CN035,11.511,1.369,2007,96.358,305.988,582.03,919.559,1450.969,1508.971,0.0,54.422,128.759,248.282,468.023,586.936,622.812,0.0,5.954066666666666,0.721571428571427,49.13051612903226,121.5445,175.2889677419355,210.12266666666665,0.0,1.8140666666666665,2.6548928571428574,3.8555806451612904,7.324699999999999,3.8359032258064514,11.958666666666668,0.0,10479825.158333333,13213761.892857144,11960226.661290323,15130594.25,19311274.274193548,15597078.0,0.0,8.206533333333333,12.486785714285714,13.904580645161289,16.250966666666667,22.142258064516128,24.334000000000003,0.0,12.949033333333334,17.996464285714286,18.153258064516127,21.069200000000002,27.191129032258065,28.587333333333333,0.0,4.4643,7.6398214285714285,10.196870967741935,12.064833333333333,17.782258064516128,21.703000000000003,0.0,0.0,0.0,0.0,0.0,0.0,0.0,0.0,0.0,0.0,0.0,0.0,0.0,0.0,0.0,12.0,8.0,2.0,5.0,9.0,0.0,0.0,63.204499999999996,166.031,286.75,416.106,566.449,677.477,0.0,1.145,3.0975,5.577,7.678,9.901,11.599,0.0,7.8185,7.8035,8.171,8.143,7.87,8.327,0.0,3.411
CN036,11.508,1.358,2007,19.203,203.392,460.441,814.978,1407.262,1524.691,0.0,49.706,158.38299999999998,327.63,519.003,635.164,704.798,0.0,11.265870967741936,22.281892857142854,110.05045161290322,188.73513333333332,230.14858064516127,274.90116666666665,0.0,1.6034193548387097,3.8813214285714284,5.4595806451612905,6.379099999999999,3.7471290322580644,11.605666666666666,0.0,9246662.181451613,12282263.598214285,12373598.120967742,16020274.666666666,19872873.258064516,13083928.666666666,0.0,5.3109677419354835,11.578178571428571,13.29190322580645,16.817899999999998,24.10593548387097,24.5715,0.0,9.371064516129032,16.4165,17.16816129032258,21.483533333333334,28.67041935483871,27.8265,0.0,1.7893225806451614,6.926142857142857,9.57341935483871,12.445699999999999,19.74977419354839,21.925666666666668,0.0,0.0,0.0,0.0,0.0,0.0,0.0,0.0,0.0,0.0,0.0,0.0,0.0,0.0,0.0,13.0,8.0,4.0,4.0,8.0,0.0,0.0,63.519,160.474,265.51599999999996,377.64099999999996,508.31899999999996,612.952,0.0,1.157,3.042,5.0565,6.834,8.749,10.386000000000001,0.0,7.115,7.266500000000001,7.576,7.5115,7.365,7.773,0.0,3.662
CN037,14.446,1.493,2007,0.0,35.065000000000005,151.457,435.466,946.1990000000001,1528.612,1812.431,0.0,12.566,81.887,105.723,166.517,267.097,324.065,0.0,-19.04204,-20.289193548387097,-98.9067,-218.8856129032258,-328.689,-323.415,0.0,0.50264,2.2361612903225807,0.7945333333333333,1.9610967741935483,3.3526666666666665,4.0691428571428565,0.0,12739350.94,15577295.225806452,21125797.9,23498903.48387097,21511522.9,19402685.35714286,0.0,5.911320000000001,7.994354838709677,14.466966666666668,21.47525806451613,24.413766666666668,25.272785714285714,0.0,11.684280000000001,13.382451612903226,20.600933333333334,27.584225806451613,29.578733333333332,29.56235714285714,0.0,0.8815999999999999,3.1142903225806453,8.647366666666667,15.57758064516129,19.7831,21.597357142857142,0.0,0.0,0.0,0.0,0.0,0.0,0.0,0.0,0.0,0.0,0.0,0.0,0.0,0.0,0.0,15.0,11.0,13.0,13.0,14.0,0.0,0.0,40.5355,119.85,248.11700000000002,389.503,505.246,626.983,0.0,0.5780000000000001,1.8155000000000001,3.4530000000000003,5.2445,6.834,8.4905,0.0,4.742,5.049,4.625500000000001,4.231,4.1715,4.781,6.189
CN041,14.925,1.468,2007,0.0,62.961,214.441,547.186,1113.931,1716.588,1967.065,0.0,35.051,102.53,125.80399999999999,192.60899999999998,308.114,459.807,0.0,-11.320037037037038,1.422967741935478,-78.1346,-210.47806451612905,-296.82373333333334,-212.6386666666667,0.0,1.2981851851851853,2.176741935483871,0.7758,2.1550000000000002,3.8501666666666665,12.641083333333334,0.0,12002108.61574074,14983487.657258065,20917493.533333335,23463366.774193548,20978138.683333334,17985532.875,0.0,7.163222222222223,9.630064516129032,16.0915,23.282096774193548,25.08856666666667,25.87308333333333,0.0,12.939444444444446,14.69041935483871,22.040366666666667,29.178290322580647,29.977433333333334,29.882333333333335,0.0,2.009777777777778,4.8510967741935485,10.303033333333333,17.369032258064518,20.585733333333334,22.255916666666668,0.0,0.0,0.0,0.0,0.0,0.0,0.0,0.0,0.0,0.0,0.0,0.0,0.0,0.0,0.0,14.0,17.0,15.0,16.0,10.0,0.0,0.0,67.774,196.08599999999998,381.411,551.011,662.382,777.4395,0.0,1.0805,2.9225,5.095,7.1645,8.683499999999999,10.3935,0.0,4.51,4.744,4.2765,3.756,4.003500000000001,5.002000000000001,5.695
CN042,13.08,1.433,2007,9.427,125.163,322.401,687.097,1279.406,1894.333,1984.009,0.027,77.879,169.713,256.257,392.119,530.934,587.819,-6.8932,-2.8793214285714277,45.53180645161291,17.315833333333334,-37.235451612903226,-36.94796666666666,25.627250000000004,0.0054,2.7804285714285717,2.9623870967741937,2.8848,4.3826451612903226,4.627166666666667,14.221250000000001,14373870.0,11052521.77232143,12937706.762096774,18745713.883333333,20938548.870967742,19352173.85,16593887.75,6.852199999999999,9.13342857142857,11.33974193548387,17.156533333333336,24.10674193548387,25.497566666666668,27.419,14.162,13.956178571428572,15.652387096774193,22.3159,29.240193548387097,29.357899999999997,30.674,0.20259999999999984,4.474142857142857,7.101,12.081033333333332,19.068870967741937,21.724833333333333,24.6655,0.0,0.0,0.0,0.0,0.0,0.0,0.0,0.0,0.0,0.0,0.0,0.0,0.0,0.0,5.0,9.0,11.0,12.0,9.0,1.0,0.0,0.0,71.84100000000001,193.797,330.23,455.44,581.68,696.586,0.0,0.9755,2.9015,4.756,6.452,8.682,10.464,5.735,6.0,6.146,5.85,5.42,5.9365,6.843500000000001,4.7
CN043,12.106,1.391,2007,26.087,196.081,424.116,789.066,1396.517,1670.411,0.0,30.031,168.658,301.969,414.132,534.508,648.315,0.0,4.917260869565218,20.63942857142857,135.83006451612903,147.3543,128.4641935483871,170.4517142857143,0.0,1.305695652173913,4.950964285714286,4.300354838709677,3.7387666666666663,3.8830967741935485,8.129071428571429,0.0,9783627.293478262,10348495.232142856,11177617.298387097,15528704.758333333,19849141.419354837,14647820.857142856,0.0,5.5208260869565216,11.071214285714287,12.341225806451613,17.165000000000003,24.595193548387098,24.56385714285714,0.0,9.805434782608696,15.23242857142857,16.071548387096776,21.618499999999997,29.22864516129032,27.605142857142855,0.0,1.3827826086956523,6.790571428571428,8.520451612903226,12.838099999999999,20.001677419354838,21.67664285714286,0.0,0.0,0.0,0.0,0.0,0.0,0.0,0.0,0.0,0.0,0.0,0.0,0.0,0.0,0.0,10.0,5.0,2.0,4.0,7.0,0.0,0.0,39.314,106.486,191.056,289.1,409.855,534.418,0.0,0.839,2.3155,3.945,5.295,7.122,8.966000000000001,0.0,6.912,7.177,7.247,7.1235,6.845,7.2325,0.0,5.28
CN044,11.814,1.393,2007,187.934,558.759,994.61,1463.996,2097.203,2166.361,0.0,29.201,80.335,163.061,313.612,496.369,515.684,0.0,-8.753652173913043,-47.65264285714286,-39.788000000000004,-36.597633333333334,22.799870967741935,58.21666666666667,0.0,1.269608695652174,1.8262142857142858,2.66858064516129,5.018366666666667,5.8953870967741935,6.438333333333333,0.0,12085754.347826088,13168814.19642857,12581647.274193548,14881260.0,19355849.48387097,21140281.333333332,0.0,13.171043478260868,18.24375,19.059709677419356,20.6462,25.426032258064517,28.052666666666667,0.0,17.841,22.678821428571432,22.642258064516128,24.645566666666664,29.473870967741934,32.20633333333333,0.0,9.283173913043479,14.405178571428573,15.982870967741935,17.154833333333332,21.750903225806454,24.967333333333332,0.0,0.0,0.0,0.0,0.0,0.0,0.0,0.0,0.0,0.0,0.0,0.0,0.0,0.0,0.0,12.0,3.0,0.0,0.0,2.0,0.0,0.0,59.466499999999996,147.463,237.269,335.375,469.49399999999997,578.182,0.0,1.0510000000000002,2.801,4.619,6.247,8.428,10.077,0.0,6.302,6.188000000000001,6.375,6.4030000000000005,6.486,6.479,0.0,4.455
CN045,12.411,1.496,2007,137.59799999999998,493.54200000000003,875.589,1314.304,1920.064,2028.999,0.0,24.874,102.468,216.083,347.121,507.478,558.984,0.0,-11.754375000000001,-41.75103571428571,10.090032258064513,21.25983333333333,58.66312903225806,101.089,0.0,1.0364166666666665,2.7712142857142856,3.665,4.367933333333334,5.172806451612903,10.3012,0.0,10575467.333333334,10888795.80357143,10043015.274193548,14194087.016666668,18893698.467741936,16924393.4,0.0,10.73325,17.712285714285716,17.32409677419355,19.623833333333334,24.54064516129032,26.787,0.0,15.274333333333333,22.120464285714288,21.035612903225807,23.9904,29.041387096774194,30.7286,0.0,6.889583333333333,13.526392857142856,14.134096774193548,15.801233333333332,20.3428064516129,23.871000000000002,0.0,0.0,0.0,0.0,0.0,0.0,0.0,0.0,0.0,0.0,0.0,0.0,0.0,0.0,0.0,8.0,2.0,0.0,2.0,5.0,0.0,0.0,47.6515,119.055,195.773,283.924,405.719,509.479,0.0,0.823,2.333,4.404999999999999,6.156,8.0275,9.552,0.0,6.527,6.519,6.694,6.52,6.464,6.773,0.0,4.162
CN046,11.719,1.364,2007,89.42099999999999,564.606,1143.454,1729.812,2405.279,2576.931,0.0,0.568,8.225,47.662,124.047,304.706,316.629,0.0,-13.618875,-77.564,-158.25006451612904,-245.71079999999998,-216.14929032258064,-233.119,0.0,0.071,0.2734642857142857,1.2721612903225805,2.5461666666666667,5.827709677419355,1.7032857142857143,0.0,16524962.25,17069269.60714286,16932900.35483871,18276407.0,19084292.419354837,24391229.14285714,0.0,16.177625,21.970892857142854,23.672516129032257,24.545266666666667,26.78925806451613,29.52171428571429,0.0,21.05875,27.106464285714285,28.13641935483871,28.8623,30.583451612903225,33.95742857142857,0.0,12.401375,18.13864285714286,20.202548387096773,21.159633333333332,23.720870967741934,25.940714285714286,0.0,0.0,0.0,0.0,0.0,0.0,0.0,0.0,0.0,0.0,0.0,0.0,0.0,0.0,0.0,5.0,8.0,1.0,1.0,2.0,0.0,0.0,0.0,85.59100000000001,220.385,362.502,515.685,630.763,0.0,0.505,1.758,3.561,5.2,7.274,8.935,0.0,5.7330000000000005,5.4399999999999995,5.382,5.266,5.791,5.053,0.0,3.967
CN050,12.526,1.429,2007,29.034,195.436,439.685,777.18,1310.073,1845.62,1867.753,3.262,68.967,142.165,284.812,427.933,651.998,654.546,-4.3786000000000005,-0.5358928571428566,31.66745161290323,64.2187,66.86448387096775,145.0783,217.673,0.3262,2.3466071428571427,2.361225806451613,4.7549,4.616806451612904,7.468833333333333,2.548,10735812.4,8459002.535714285,10762365.637096774,15032253.175,19065352.830645163,15391630.533333333,22228282.0,7.9034,10.94292857142857,12.879000000000001,16.249833333333335,22.19009677419355,22.851566666666667,27.133,12.6664,14.50525,16.366903225806453,20.2641,26.462677419354836,25.997533333333333,30.901,3.1692,7.063714285714285,8.94441935483871,11.963866666666666,17.53548387096774,19.575,22.888,0.0,0.0,0.0,0.0,0.0,0.0,0.0,0.0,0.0,0.0,0.0,0.0,0.0,0.0,5.0,2.0,4.0,5.0,9.0,0.0,0.0,0.0,56.051,151.756,255.368,382.342,559.447,700.976,0.457,1.5835,3.6645,5.344,7.3045,10.072,0.0,6.448,6.5395,6.472,6.57,6.299,6.691,6.867,5.149
CN051,12.899,1.434,2007,6.699,150.952,380.779,709.602,1230.504,1759.282,2016.837,1.9080000000000001,25.641000000000002,61.956,138.598,245.406,407.03,577.921,-2.1,-15.94182142857143,-43.266451612903225,-85.4123,-117.3830322580645,-109.00053333333334,18.982846153846154,0.9540000000000001,0.8476071428571429,1.1714516129032257,2.554733333333333,3.4454193548387098,5.387466666666667,13.145461538461538,13885740.0,10798088.94642857,13157812.870967742,16132459.45,19081958.06451613,16494886.4,15468120.76923077,8.349499999999999,10.151892857142856,12.413774193548386,15.960766666666666,21.803290322580647,22.625933333333332,24.811923076923076,14.373999999999999,14.307535714285715,16.589000000000002,20.419733333333333,26.511709677419354,26.37933333333333,28.111307692307694,2.3339999999999996,5.86175,7.891322580645161,11.292399999999999,16.63735483870968,18.769266666666667,21.572153846153846,0.0,0.0,0.0,0.0,0.0,0.0,0.0,0.0,0.0,0.0,0.0,0.0,0.0,0.0,0.0,0.0,2.0,1.0,3.0,0.0,0.0,0.0,78.62,198.675,312.545,420.24399999999997,555.242,709.7764999999999,0.0,1.143,2.868,4.382,5.9945,8.153,10.251000000000001,6.3565000000000005,6.3305,6.215,6.099,5.797,6.0504999999999995,6.684,4.756
CN052,13.061,1.533,2007,3.0540000000000003,129.817,324.94,556.736,959.529,1397.269,1498.995,15.711,64.961,121.488,247.616,373.956,667.666,690.423,-1.5623750000000003,-2.661964285714286,-25.839806451612905,-29.8863,-25.575096774193547,98.39816666666667,174.919,1.963875,1.7589285714285714,1.8234516129032259,4.204266666666666,4.075483870967742,9.790333333333333,3.7928333333333337,11778814.9375,13136103.30357143,14744563.338709677,14922781.616666667,19558417.870967742,16344706.066666666,18648736.333333332,4.982375,9.470714285714285,11.124870967741934,12.708766666666666,17.993322580645163,19.591333333333335,21.954333333333334,10.3735,15.100535714285714,16.846870967741935,17.76066666666667,23.376967741935484,23.605933333333333,25.5585,0.47000000000000003,4.617178571428572,6.324322580645162,8.3772,12.91825806451613,16.217499999999998,18.8755,0.0,0.0,0.0,0.0,0.0,0.0,0.0,0.0,0.0,0.0,0.0,0.0,0.0,0.0,0.0,0.0,0.0,2.0,3.0,0.0,0.0,0.0,55.378,147.189,241.092,347.149,490.168,607.931,0.365,1.331,2.8739999999999997,4.3,5.944,8.376999999999999,10.242,7.8885000000000005,7.7165,7.479,7.4415,7.268,7.6875,7.647,4.538
CN053,12.971,1.41,2007,0.8789999999999996,137.05599999999998,421.521,702.064,1086.673,1528.26,1757.227,11.863,47.649,70.108,214.405,378.789,583.555,699.413,10.397,0.8921428571428572,-91.88093548387097,-133.846,-107.43793548387097,-28.2383,33.17193333333333,11.863,1.2780714285714285,0.7244838709677419,4.8099,5.302709677419355,6.8255333333333335,7.723866666666667,9843486.0,17226950.625,20546825.29032258,18677252.933333334,19000023.596774194,19387126.016666666,17675947.133333333,5.879,9.711821428571428,14.176290322580646,14.351433333333334,17.406741935483872,19.719566666666665,20.264466666666667,10.227,15.876357142857144,20.769967741935485,20.171266666666668,22.613129032258065,24.353533333333335,24.259400000000003,2.89,4.1685,7.827129032258064,9.6745,12.715677419354838,15.815333333333333,17.087333333333333,0.0,0.0,0.0,0.0,0.0,0.0,0.0,0.0,0.0,0.0,0.0,0.0,0.0,0.0,0.0,5.0,7.0,0.0,3.0,0.0,0.0,0.0,75.031,185.651,283.544,380.889,508.252,645.3145,0.0,1.191,2.978,4.473,6.009,8.2105,10.248,7.955,7.3614999999999995,6.715,6.959,7.005,7.29,7.602,3.889
CN054,13.005,1.461,2007,0.0,0.0,1.6470000000000002,19.521,168.461,384.593,513.136,2.996,49.343,113.381,251.381,354.455,493.383,573.254,1.478,-0.3471071428571433,-14.379225806451613,-10.713500000000002,-8.117258064516129,-11.866666666666667,1.6161428571428595,2.996,1.65525,2.065741935483871,4.6,3.3249677419354837,4.630933333333333,5.705071428571428,12989074.0,18966060.14285714,22327732.258064516,23058394.633333333,23904558.032258064,22238552.566666666,20335101.35714286,-1.127,-2.8937142857142857,2.314774193548387,5.183666666666666,9.804516129032258,12.2044,14.181642857142858,2.069,2.1523214285714287,7.738483870967742,10.270066666666667,15.524129032258065,17.4121,19.077928571428572,-5.043,-7.6024642857142855,-3.2236129032258067,0.0527,4.520677419354838,7.776866666666667,10.23542857142857,0.0,11.0,0.0,0.0,0.0,0.0,0.0,0.0,0.0,0.0,0.0,0.0,0.0,0.0,0.0,4.0,3.0,2.0,1.0,0.0,0.0,0.0,40.464,100.961,166.287,254.082,375.392,496.69000000000005,0.0,0.6985,1.958,3.0140000000000002,4.143,5.7735,7.121,5.72,5.7195,5.665,5.696,5.808,6.179,6.236,5.03
CN061,12.801,1.465,2007,0.0,15.641,115.903,376.862,881.6370000000001,1427.563,1689.943,0.0,16.384999999999998,60.268,72.32900000000001,113.273,173.497,257.054,0.0,-17.611555555555555,-33.88738709677419,-127.85273333333333,-269.9746129032258,-390.9881,-399.7516428571429,0.0,0.6068518518518518,1.4155806451612905,0.40203333333333335,1.3207741935483872,2.0074666666666667,5.968357142857143,0.0,12788115.796296297,15540944.741935484,20904788.7,22959671.919354837,20232022.133333333,19295833.5,0.0,4.44562962962963,6.908290322580646,13.690233333333333,21.28306451612903,23.197533333333336,23.74142857142857,0.0,10.462037037037037,11.917451612903227,19.95086666666667,27.894967741935485,28.6238,28.69607142857143,0.0,-1.2511851851851854,1.8191290322580644,6.882433333333334,13.92132258064516,17.6894,18.761785714285715,0.0,0.0,0.0,0.0,0.0,0.0,0.0,0.0,0.0,0.0,0.0,0.0,0.0,0.0,0.0,11.0,8.0,9.0,18.0,4.0,0.0,0.0,36.0145,102.979,198.961,303.028,402.955,510.7995,0.0,0.687,2.037,3.286,4.669499999999999,6.077999999999999,7.4655000000000005,0.0,4.023,4.29,3.7085,3.339,3.468,4.102,4.28
CN062,12.84,1.465,2007,0.0,0.8869999999999996,41.564,186.46,574.753,1025.1970000000001,1366.728,0.0,3.797,33.525,57.312,92.22800000000001,143.879,203.53900000000002,0.0,-17.60321052631579,-44.68245161290322,-129.219,-253.59145161290323,-382.8042,-458.7777619047619,0.0,0.1998421052631579,0.958967741935484,0.7928999999999999,1.1263225806451613,1.7216999999999998,2.8409523809523813,0.0,14797020.736842105,17068723.870967742,21112755.1,23809955.870967742,22137580.233333334,21075925.61904762,0.0,1.8543684210526314,2.708290322580645,9.536966666666666,17.52558064516129,20.014799999999997,21.263380952380952,0.0,8.38821052631579,8.21683870967742,15.689133333333332,24.406193548387098,26.010033333333336,26.709809523809522,0.0,-4.511842105263159,-2.8606774193548388,3.1622666666666666,9.965548387096774,13.599066666666666,15.831714285714286,0.0,0.0,4.0,0.0,0.0,0.0,0.0,0.0,0.0,0.0,0.0,0.0,0.0,0.0,0.0,8.0,6.0,6.0,11.0,1.0,0.0,0.0,15.922,41.684,80.218,143.287,240.745,369.66700000000003,0.0,0.279,0.7405,1.297,2.1075,3.4115,4.867,0.0,2.955,3.404,3.2169999999999996,2.796,3.037,3.263,4.933
CN063,13.39,1.445,2007,0.0,0.0,23.335,87.925,357.099,653.581,900.383,0.0,3.808,38.503,75.996,127.529,239.708,310.074,0.0,-14.36588888888889,-42.88229032258065,-108.70536666666666,-189.75674193548386,-246.1475,-254.44585714285716,0.0,0.21155555555555555,1.1191935483870967,1.2497666666666667,1.6623548387096774,3.7393,3.350761904761905,0.0,16456735.666666666,19046687.419354837,22237503.366666667,23112840.612903226,21143781.666666668,21016317.666666668,0.0,-0.08022222222222225,1.6532580645161292,6.6187000000000005,13.683032258064516,14.882733333333332,16.75247619047619,0.0,5.835111111111111,7.517032258064516,12.979833333333334,20.237677419354835,20.3828,21.830666666666666,0.0,-6.397277777777777,-4.489096774193548,0.5630333333333333,6.8985806451612905,9.603166666666668,12.037857142857144,0.0,4.0,5.0,0.0,0.0,0.0,0.0,0.0,0.0,0.0,0.0,0.0,0.0,0.0,0.0,9.0,6.0,7.0,9.0,0.0,1.0,0.0,13.605999999999998,36.807,75.574,148.88,262.525,395.9,0.0,0.1925,0.5855,1.124,1.9645000000000001,3.2465,4.613,0.0,3.9939999999999998,4.151,4.0585,4.011,4.265000000000001,4.434,8.675
CN064,12.016,1.441,2007,0.0,4.999,65.96199999999999,250.85299999999998,690.644,1170.768,1507.343,0.0,3.2439999999999998,31.314,40.272,67.328,157.419,170.721,0.0,-19.78690476190476,-50.58270967741936,-154.14536666666666,-311.35590322580646,-440.18843333333336,-510.54766666666666,0.0,0.15447619047619046,0.905483870967742,0.29860000000000003,0.8727741935483871,3.003033333333333,0.739,0.0,14254349.904761905,17135009.30645161,21586662.0,24263650.16129032,21885528.775,22520849.222222224,0.0,2.137380952380952,3.9636774193548385,10.948466666666667,19.186806451612906,21.004133333333336,23.69861111111111,0.0,8.841904761904763,9.463451612903226,17.23936666666667,26.460032258064516,27.061466666666668,29.63511111111111,0.0,-3.8185714285714285,-1.6920967741935484,4.243666666666667,11.003548387096775,14.481466666666668,17.577555555555556,0.0,1.0,4.0,0.0,0.0,0.0,0.0,0.0,0.0,0.0,0.0,0.0,0.0,0.0,0.0,12.0,12.0,14.0,20.0,11.0,5.0,0.0,13.428999999999998,34.455,62.991,111.025,196.902,306.0045,0.0,0.225,0.6020000000000001,1.026,1.661,2.8085000000000004,4.0515,0.0,3.507,3.907,2.899,2.505,3.6414999999999997,3.4745,7.117
CN065,13.176,1.431,2007,0.0,0.0,25.567,275.463,644.699,1139.001,1600.7259999999999,0.0,9.369,31.813,70.167,148.467,195.291,243.741,0.0,-4.950133333333333,-28.935709677419354,-81.57996666666666,-153.06248387096772,-253.846,-367.98452,0.0,0.6245999999999999,0.724,1.2784666666666666,2.5258064516129033,1.5608,1.9380000000000002,0.0,11349415.733333332,15827636.709677419,20532114.866666667,22376675.032258064,24545698.866666667,21894724.08,0.0,-2.9741333333333335,2.157,13.329866666666668,16.910838709677417,21.476733333333335,23.469,0.0,2.647466666666667,7.887419354838709,19.270666666666667,22.687903225806455,27.14786666666667,28.5024,0.0,-8.320066666666667,-3.8994516129032255,6.1828666666666665,10.555129032258064,15.4213,18.41388,0.0,9.0,8.0,0.0,0.0,0.0,0.0,0.0,0.0,0.0,0.0,0.0,0.0,0.0,0.0,2.0,6.0,1.0,4.0,0.0,0.0,0.0,5.707,20.476,56.085,117.504,219.53,366.289,0.0,0.21750000000000003,0.6495,1.276,2.1715,3.5665,5.133,0.0,3.482,3.431,3.2495,3.329,3.2505,3.175,7.619
CN011,14.819,1.511,2008,0.0,0.0,31.085,266.283,664.404,1155.603,1387.941,0.0,0.887,17.330000000000002,67.054,111.916,258.25,310.241,0.0,-20.715740740740742,-81.47954838709677,-139.65106666666668,-204.06099999999998,-307.14793333333336,-248.80425,0.0,0.032851851851851854,0.5304193548387097,1.6574666666666669,1.4471612903225808,4.8778,4.332583333333333,0.0,14002221.962962963,16710490.483870968,19211761.483333334,22552166.774193548,19376036.816666666,18894125.708333332,0.0,-2.698888888888889,5.564774193548387,12.839933333333333,17.842612903225806,21.373299999999997,24.361500000000003,0.0,3.7333333333333334,11.863387096774193,19.1341,24.04116129032258,26.534433333333332,29.03625,0.0,-7.953592592592593,-0.18812903225806452,6.568433333333333,11.549129032258065,16.6239,20.0285,0.0,15.0,0.0,0.0,0.0,0.0,0.0,0.0,0.0,0.0,0.0,0.0,0.0,0.0,0.0,23.0,21.0,12.0,14.0,3.0,3.0,0.0,17.4185,48.224000000000004,99.949,183.627,302.879,443.18899999999996,0.0,0.376,1.033,2.003,3.44,5.2005,7.1754999999999995,0.0,3.82,3.678,3.832,3.821,3.8135000000000003,4.295,6.017
CN012,14.794,1.439,2008,0.0,4.308,90.88199999999999,386.654,848.268,1395.41,1644.629,0.0,1.801,21.743,73.238,114.587,261.894,326.266,0.0,-22.322499999999998,-89.58387096774193,-160.4812,-241.92625806451613,-378.2803333333333,-306.91833333333335,0.0,0.06926923076923076,0.6432903225806451,1.7165,1.3338387096774194,4.910233333333333,5.364333333333334,0.0,13953305.576923076,16973799.85483871,19285822.266666666,22268803.70967742,20163694.433333334,18410786.541666668,0.0,-0.4259999999999999,7.780967741935483,14.859066666666667,19.89077419354839,23.238066666666665,25.76825,0.0,5.684615384615385,13.977709677419355,21.017933333333335,26.0261935483871,28.7617,30.095250000000004,0.0,-5.366461538461538,1.9849354838709679,9.1607,14.28083870967742,18.41166666666667,21.976250000000004,0.0,5.0,0.0,0.0,0.0,0.0,0.0,0.0,0.0,0.0,0.0,0.0,0.0,0.0,0.0,22.0,18.0,16.0,19.0,8.0,2.0,0.0,16.517500000000002,47.414,111.436,210.024,322.095,450.996,0.0,0.325,0.9505,1.992,3.1,4.233,5.551,0.0,4.103,3.847,4.096500000000001,4.2415,3.468,5.178,5.275
CN013,14.781,1.481,2008,0.0,0.5149999999999997,58.362,309.456,726.368,1233.694,1471.977,0.0,1.996,16.301000000000002,60.447,114.211,225.05700000000002,289.093,0.0,-19.424884615384617,-85.25164516129033,-155.97986666666665,-232.7036129032258,-339.62596666666667,-325.277,0.0,0.07676923076923077,0.4614516129032258,1.4715333333333334,1.7343225806451614,3.694866666666667,5.336333333333333,0.0,14105704.73076923,17373981.032258064,19416188.55,23107973.451612905,20883548.6,20084921.666666668,0.0,-2.090846153846154,6.679290322580645,13.3698,18.448774193548388,21.910866666666667,24.856916666666667,0.0,4.092807692307693,12.828354838709677,19.5774,24.674741935483873,27.3357,29.62708333333333,0.0,-7.190423076923077,1.024967741935484,7.5764000000000005,12.394838709677419,17.051566666666666,20.5245,0.0,14.0,0.0,0.0,0.0,0.0,0.0,0.0,0.0,0.0,0.0,0.0,0.0,0.0,0.0,20.0,12.0,9.0,12.0,1.0,2.0,0.0,17.025,51.973,119.596,212.32,318.919,447.58950000000004,0.0,0.348,1.0185,2.0829999999999997,3.4379999999999997,4.798,6.4864999999999995,0.0,4.131,3.963,4.1035,4.1785,4.0169999999999995,4.529999999999999,5.312
CN014,14.597,1.473,2008,0.0,0.0,28.991999999999997,211.121,566.212,1003.121,1235.907,0.0,5.417,27.412,76.497,119.504,215.921,247.293,0.0,-16.78526923076923,-71.24045161290323,-122.4212,-207.4000322580645,-300.2969333333333,-333.92115384615386,0.0,0.20834615384615385,0.7095161290322581,1.6361666666666668,1.3873225806451612,3.2139,2.4132307692307693,0.0,14508294.634615384,17872656.548387095,19793070.0,23982882.51612903,21680067.7,23933905.53846154,0.0,-4.490346153846153,5.212709677419355,11.070966666666667,16.454548387096775,19.563633333333332,22.906615384615385,0.0,1.732269230769231,11.482290322580646,17.193133333333332,23.06167741935484,25.360766666666667,28.505153846153846,0.0,-9.499846153846153,-0.6144516129032257,4.983066666666667,9.595483870967742,14.3222,17.259076923076922,0.0,14.0,0.0,0.0,0.0,0.0,0.0,0.0,0.0,0.0,0.0,0.0,0.0,0.0,0.0,19.0,15.0,7.0,10.0,3.0,2.0,0.0,13.449000000000002,37.879,74.52799999999999,126.313,207.791,320.7175,0.0,0.304,0.8785000000000001,1.6365,2.607,3.732,5.255,0.0,4.7865,4.654,4.7235,4.475,4.436999999999999,4.301,4.953
CN015,13.312,1.479,2008,0.0,0.0,1.0919999999999996,149.438,431.405,891.914,1126.497,0.0,1.743,21.499,48.496,104.099,202.586,245.425,0.0,-12.765458333333333,-60.59925806451613,-129.91913333333335,-234.67087096774193,-323.4995666666666,-336.9799230769231,0.0,0.07262500000000001,0.6372903225806452,0.8999,1.7936451612903226,3.2828999999999997,3.2953076923076923,0.0,12747867.375,15741803.935483871,19540977.166666668,22175220.096774194,21196271.3,21009728.384615384,0.0,-8.750916666666667,1.6659354838709677,9.7403,14.095709677419354,20.3503,23.044846153846155,0.0,-2.4480416666666667,7.85558064516129,16.455833333333334,20.19161290322581,25.9146,28.07376923076923,0.0,-14.060458333333335,-4.076806451612903,2.9008333333333334,7.798129032258064,14.868166666666667,18.202384615384616,0.0,22.0,4.0,0.0,0.0,0.0,0.0,0.0,0.0,0.0,0.0,0.0,0.0,0.0,0.0,15.0,10.0,5.0,1.0,1.0,0.0,0.0,20.7785,55.245000000000005,95.588,141.664,218.037,335.67449999999997,0.0,0.393,1.0535,1.823,2.624,3.7119999999999997,5.172499999999999,0.0,3.8555,3.797,3.91,3.79,4.105,4.316,6.005
CN021,14.162,1.52,2008,0.0,0.0,11.945,197.709,516.553,969.079,1187.475,0.0,1.79,22.878,56.158,145.668,283.46,366.472,0.0,-16.414703703703704,-67.23554838709678,-137.10866666666666,-189.25287096774193,-222.24083333333334,-173.58641666666665,0.0,0.0662962962962963,0.680258064516129,1.1093333333333333,2.88741935483871,4.593066666666667,6.917666666666666,0.0,13259785.148148147,16221350.870967742,19192877.416666668,21412218.580645163,19468483.0,16133726.166666666,0.0,-6.6317407407407405,3.5274193548387096,11.187766666666667,15.285290322580645,20.0842,23.19966666666667,0.0,-0.2221851851851852,9.33416129032258,17.583133333333333,20.62490322580645,24.821133333333332,26.796083333333332,0.0,-11.780037037037037,-1.949290322580645,5.028033333333334,10.210580645161292,15.851,20.132416666666668,0.0,21.0,0.0,0.0,0.0,0.0,0.0,0.0,0.0,0.0,0.0,0.0,0.0,0.0,0.0,22.0,8.0,10.0,5.0,5.0,0.0,0.0,18.8645,51.621,93.222,149.055,252.244,403.29900000000004,0.0,0.40700000000000003,1.147,2.033,3.097,4.5265,6.526,0.0,4.747,4.628,4.628,4.897,5.121,5.38,6.308
CN022,13.895,1.483,2008,0.0,0.0,3.3039999999999994,168.066,433.305,891.1179999999999,1126.367,0.0,2.108,32.193,66.688,187.145,283.802,393.045,0.0,-12.775310344827586,-53.003516129032256,-109.17753333333333,-153.36667741935486,-182.05056666666667,-163.4466923076923,0.0,0.0726896551724138,0.9704838709677419,1.1498333333333333,3.8857096774193547,3.2218999999999998,8.403307692307692,0.0,12429014.379310345,15501495.290322581,18994990.1,21041659.387096774,21526157.016666666,17998097.923076924,0.0,-10.064,1.6694516129032257,10.2052,13.556096774193547,20.26043333333333,23.096076923076925,0.0,-3.5450344827586204,7.365548387096774,16.682233333333333,18.900354838709674,25.433466666666668,26.927230769230768,0.0,-15.466896551724139,-3.925774193548387,3.709,8.287516129032259,15.427266666666666,19.612615384615385,0.0,27.0,6.0,0.0,0.0,0.0,0.0,0.0,0.0,0.0,0.0,0.0,0.0,0.0,0.0,23.0,10.0,12.0,0.0,4.0,0.0,0.0,21.964,61.203,103.356,154.875,246.934,394.56,0.0,0.4735,1.299,2.161,3.33,4.5875,6.5280000000000005,0.0,5.088,5.009,4.996499999999999,5.23,5.37,5.663,7.127
CN023,14.269,1.486,2008,0.0,0.0,0.0,124.74600000000001,354.013,826.499,1021.827,0.0,3.098,37.806,73.418,175.972,245.652,300.611,0.0,-8.743103448275862,-35.80616129032258,-78.95956666666666,-127.0353870967742,-174.77926666666664,-195.61354545454543,0.0,0.10682758620689654,1.1196129032258064,1.1870666666666667,3.308193548387097,2.322666666666667,4.996272727272727,0.0,11015227.431034483,13979455.548387097,18568903.033333335,19985019.70967742,22970820.766666666,18551554.818181816,0.0,-12.098896551724138,0.5554516129032259,8.588066666666666,12.395709677419354,20.749533333333332,22.75709090909091,0.0,-5.661965517241379,6.228677419354839,15.183466666666666,17.733451612903224,26.432333333333336,27.035454545454545,0.0,-17.758862068965517,-4.9876774193548385,1.7759,7.07641935483871,15.030833333333334,18.653454545454544,0.0,29.0,8.0,0.0,0.0,0.0,0.0,0.0,0.0,0.0,0.0,0.0,0.0,0.0,0.0,19.0,7.0,7.0,0.0,6.0,0.0,0.0,16.165,47.229,84.318,132.36,223.385,374.4365,0.0,0.5,1.3555,2.2954999999999997,3.422,4.8225,6.79,0.0,5.004,5.075,5.064,5.144,5.134,5.355,4.976
CN031,12.706,1.42,2008,0.6319999999999997,15.29,176.638,466.988,933.0550000000001,1456.96,0.0,52.672,88.614,128.70000000000002,186.733,297.738,630.551,0.0,22.908583333333336,39.24965517241379,-1.9214516129032306,-25.20243333333334,-73.78145161290324,7.030137931034478,0.0,4.389333333333333,1.2393793103448276,1.2930967741935486,1.9344333333333332,3.580806451612903,11.476310344827585,0.0,6902375.270833333,13869011.0,17013167.991935484,17654053.366666667,22423209.83870968,16037134.129310345,0.0,1.4549166666666666,3.3190689655172414,10.204774193548387,14.678333333333335,20.03441935483871,23.065689655172413,0.0,3.8989999999999996,7.6386206896551725,14.635096774193547,18.8139,24.653225806451612,26.226551724137934,0.0,-0.54775,-0.5117241379310344,6.0806129032258065,11.0505,16.065677419354838,20.450206896551727,0.0,0.0,0.0,0.0,0.0,0.0,0.0,0.0,0.0,0.0,0.0,0.0,0.0,0.0,0.0,3.0,21.0,16.0,8.0,20.0,4.0,0.0,23.407,72.501,164.69299999999998,290.681,417.924,518.421,0.0,0.0,0.694,2.1065,4.237,5.924,6.8165,0.0,6.7185,6.562,6.343,6.306,5.9825,7.085,0.0,5.882
CN032,13.994,1.439,2008,0.0,12.171,163.099,455.938,949.401,1480.721,1735.747,0.0,10.214,35.784,120.82300000000001,231.15,394.161,484.611,-1.172,-19.922758620689656,-76.71087096774193,-110.9925,-145.534,-154.20516666666666,-106.66436363636363,0.0,0.35220689655172416,0.8248387096774193,2.8346333333333336,3.5589354838709677,5.4337,8.222727272727273,13922225.0,14693530.379310345,17465690.98387097,18533689.433333334,23327155.032258064,17626557.866666667,20136642.0,-2.819,1.8575172413793104,9.868645161290322,14.7613,20.91816129032258,22.710666666666665,28.18418181818182,2.453,7.331172413793103,15.547419354838711,19.7738,26.34416129032258,26.560466666666667,32.07990909090909,-7.086,-2.9315172413793102,4.6120322580645166,9.942133333333334,15.626354838709679,19.290833333333335,24.918545454545452,0.0,0.0,0.0,0.0,0.0,0.0,0.0,0.0,0.0,0.0,0.0,0.0,0.0,0.0,1.0,21.0,18.0,15.0,13.0,4.0,0.0,0.0,60.335,178.272,350.308,535.627,670.26,783.8935,0.0,0.9385000000000001,2.709,5.1615,7.392,8.832,10.3335,5.747,5.593,5.353,5.354,5.1815,5.422499999999999,6.0,5.093
CN033,12.565,1.447,2008,1.6209999999999996,23.586,221.127,543.457,1051.546,1446.753,0.0,81.452,139.55,209.518,321.0,446.412,687.092,0.0,25.634736842105262,83.49689655172413,56.03970967741935,84.08393333333333,65.70838709677419,134.273,0.0,4.286947368421052,2.0033793103448274,2.257032258064516,3.716066666666667,4.045548387096774,11.460952380952381,0.0,5595802.40131579,13950919.284482758,16135087.60483871,15859491.616666667,20820797.39516129,15934850.69047619,0.0,1.9376315789473684,3.6599310344827587,11.372290322580644,15.744333333333334,21.389967741935482,23.819380952380953,0.0,4.228526315789473,8.109275862068966,16.40525806451613,19.8181,26.336451612903225,27.308619047619047,0.0,0.026473684210526274,-0.3142758620689655,6.75525806451613,11.932800000000002,16.736354838709676,20.658238095238094,0.0,0.0,0.0,0.0,0.0,0.0,0.0,0.0,0.0,0.0,0.0,0.0,0.0,0.0,0.0,1.0,19.0,11.0,5.0,11.0,0.0,0.0,21.034,65.213,145.944,252.30599999999998,371.423,487.318,0.0,0.0,1.1355,2.8890000000000002,4.9585,6.92,8.667,0.0,7.27,7.288,7.095,7.218,6.837,7.582,0.0,4.29
CN034,13.843,1.492,2008,0.0,15.813999999999998,201.989,519.303,1046.682,1604.909,1768.832,0.439,15.009,49.459,139.161,243.194,389.72,445.294,-1.4896666666666667,-19.699758620689657,-68.7296129032258,-96.33943333333333,-130.08829032258063,-160.03956666666667,-119.41942857142858,0.14633333333333334,0.5024137931034482,1.1112903225806452,2.9900666666666664,3.355903225806452,4.884200000000001,7.939142857142857,12179404.0,14924086.155172413,17121815.177419353,18371457.133333333,23291533.258064516,17948516.45,20748743.57142857,-3.0893333333333337,2.0148275862068967,11.005645161290323,15.577133333333334,22.012225806451614,23.607566666666667,28.417571428571428,1.7546666666666668,7.676827586206897,16.585516129032257,20.629566666666665,27.33667741935484,27.634233333333334,32.518142857142855,-6.972666666666666,-2.9787586206896552,5.716483870967743,10.497233333333334,16.391709677419357,19.925933333333333,24.780857142857144,1.0,0.0,0.0,0.0,0.0,0.0,0.0,0.0,0.0,0.0,0.0,0.0,0.0,0.0,2.0,21.0,13.0,7.0,16.0,2.0,0.0,0.0,66.299,191.012,356.08299999999997,521.749,651.027,746.307,0.0,1.0665,2.928,5.2895,7.375,8.923,10.239,6.343,6.112,5.846,5.8825,5.669499999999999,5.9510000000000005,6.265,4.065
CN035,11.511,1.369,2008,96.408,162.317,445.335,846.05,1345.067,1374.266,0.0,72.236,134.544,252.02,399.285,605.652,630.484,0.0,-16.059533333333334,51.87696551724138,20.41203225806452,102.08653333333334,148.3835483870968,227.274,0.0,2.4078666666666666,2.148551724137931,3.789548387096774,4.908833333333334,6.657,12.416,0.0,9124626.291666666,12376097.51724138,16268147.370967742,15109601.85,18025569.241935484,9632187.5,0.0,7.949366666666666,6.78348275862069,14.129612903225805,18.357166666666668,21.097322580645162,19.5995,0.0,12.636333333333335,11.64251724137931,19.98158064516129,22.8567,26.0231935483871,22.826500000000003,0.0,4.377,2.9495517241379305,9.084709677419355,14.4856,16.974806451612906,17.6515,0.0,0.0,0.0,0.0,0.0,0.0,0.0,0.0,0.0,0.0,0.0,0.0,0.0,0.0,0.0,7.0,10.0,11.0,1.0,7.0,0.0,0.0,59.644999999999996,153.918,266.733,393.43399999999997,544.018,653.216,0.0,1.194,3.4335000000000004,5.554500000000001,7.9405,10.147,11.45,0.0,7.3774999999999995,7.861,7.663,8.0975,8.146,8.494499999999999,0.0,3.683
CN036,11.508,1.358,2008,42.257,90.581,371.054,769.713,1335.274,1432.966,0.0,74.063,134.63,280.644,440.081,631.757,638.931,0.0,3.1919032258064512,54.826413793103455,57.89351612903226,174.78826666666666,196.47045161290322,234.52219999999997,0.0,2.3891290322580647,2.0885172413793103,4.710129032258065,5.314566666666667,6.183096774193548,1.4347999999999999,0.0,7422986.669354838,13447719.00862069,13960679.806451613,15241160.316666666,19794404.29032258,21946357.8,0.0,3.695,5.024,14.047516129032259,18.288633333333333,23.243903225806452,24.5384,0.0,7.3626774193548385,9.67510344827586,18.878806451612906,22.2962,27.600967741935484,28.832600000000003,0.0,0.6879677419354838,0.847896551724138,9.437387096774193,14.3819,19.015193548387096,20.2588,0.0,0.0,0.0,0.0,0.0,0.0,0.0,0.0,0.0,0.0,0.0,0.0,0.0,0.0,0.0,10.0,18.0,8.0,4.0,7.0,1.0,0.0,58.507,142.175,233.261,337.899,469.192,573.987,0.0,0.906,2.6965000000000003,4.228,5.983499999999999,7.993,9.221,0.0,7.196,7.191,7.289,7.634,7.5065,7.294,0.0,3.693
CN037,14.446,1.493,2008,0.0,7.415,133.71,422.872,899.039,1444.896,1721.788,0.0,4.144,16.5,96.156,191.808,250.031,360.568,0.0,-20.258153846153846,-90.19048387096774,-151.13173333333333,-192.25870967741935,-279.5549333333333,-288.19176923076924,0.0,0.1593846153846154,0.3985806451612903,2.6552000000000002,3.0855483870967744,1.9407666666666665,8.502846153846153,0.0,14311443.538461538,18050256.80645161,19757054.983333334,23267754.774193548,21463474.833333332,18026772.076923076,0.0,0.8266153846153846,9.072838709677418,14.638733333333333,20.360225806451613,23.19523333333333,26.299384615384614,0.0,6.828230769230769,15.404838709677419,20.426133333333333,26.14164516129032,28.1675,30.39707692307692,0.0,-4.119192307692308,3.4254516129032258,9.263466666666666,15.009483870967742,18.762766666666668,22.817384615384615,0.0,1.0,0.0,0.0,0.0,0.0,0.0,0.0,0.0,0.0,0.0,0.0,0.0,0.0,0.0,21.0,19.0,15.0,12.0,5.0,1.0,0.0,27.7265,87.35900000000001,205.779,353.611,480.801,603.452,0.0,0.42600000000000005,1.429,2.9965,4.892,6.343999999999999,7.8555,0.0,4.825,4.637,4.670999999999999,4.887499999999999,4.4325,5.244,6.567
CN041,14.925,1.468,2008,0.0,16.122,212.125,532.671,1065.185,1656.403,1892.059,0.0,5.167,26.072,120.061,196.682,255.463,337.962,0.0,-23.07992857142857,-89.41506451612904,-131.60453333333334,-184.22354838709677,-291.39680000000004,-312.5740909090909,0.0,0.18453571428571428,0.6743548387096775,3.132966666666667,2.4716451612903225,1.9593666666666667,7.499909090909091,0.0,14868862.410714285,17544157.258064516,19082575.158333335,23511585.032258064,21630935.6,17192677.454545453,0.0,2.2192857142857143,11.322677419354838,15.684866666666666,22.177870967741935,24.707266666666666,26.423272727272728,0.0,8.409,17.494870967741935,21.305799999999998,28.03116129032258,29.744466666666664,30.582909090909094,0.0,-3.1396071428571424,5.800741935483871,10.265500000000001,16.47448387096774,20.07903333333333,22.826727272727272,0.0,0.0,0.0,0.0,0.0,0.0,0.0,0.0,0.0,0.0,0.0,0.0,0.0,0.0,0.0,26.0,19.0,13.0,14.0,5.0,0.0,0.0,52.4855,161.228,338.76099999999997,513.948,633.13,745.3605,0.0,0.826,2.5454999999999997,4.7684999999999995,6.874,8.074,9.565999999999999,0.0,4.559,4.291,4.4355,4.246,4.0565,4.846,5.729
CN042,13.08,1.433,2008,0.0,38.094,293.991,651.809,1216.184,1827.095,1897.58,11.122,20.886,68.073,188.77,302.699,431.736,480.322,7.556,-16.6451724137931,-61.643483870967735,-58.107099999999996,-74.51680645161291,-111.7244,-89.25066666666667,2.2244,0.33668965517241384,1.5221612903225805,4.023233333333334,3.6751290322580648,4.301233333333333,16.195333333333334,9705784.7,14969947.387931034,15012128.870967742,17422627.6,21873433.758064516,20449228.1,18419241.0,-1.8164000000000002,4.287896551724138,13.254741935483871,16.927266666666664,23.205645161290324,25.3637,28.495,1.7936,10.049586206896551,18.47258064516129,21.837933333333336,28.143516129032257,29.387133333333335,31.764,-5.4732,-1.2886896551724139,8.269870967741936,12.040666666666668,17.950322580645164,21.459433333333333,25.236333333333334,0.0,0.0,0.0,0.0,0.0,0.0,0.0,0.0,0.0,0.0,0.0,0.0,0.0,0.0,0.0,24.0,11.0,7.0,13.0,5.0,0.0,0.0,62.443,175.733,316.598,451.226,576.087,685.735,0.0,0.8095,2.5115,4.7885,6.524,8.2715,9.821,6.303,6.03,5.968,6.1395,5.9335,6.025,6.364,4.814
CN043,12.106,1.391,2008,10.706,61.031000000000006,349.271,743.825,1320.923,1583.427,0.0,66.278,107.186,224.157,345.251,498.136,583.382,0.0,21.291826086956522,38.564793103448274,37.482032258064514,95.88473333333333,115.35425806451613,106.10830769230769,0.0,2.881652173913044,1.4106206896551725,3.773258064516129,4.036466666666667,4.931774193548387,6.557384615384615,0.0,5578668.103260869,13181246.387931034,13151342.41935484,15251501.908333333,19641850.112903226,19167769.230769232,0.0,0.5965652173913043,5.377103448275863,14.298064516129033,18.151799999999998,23.616064516129033,25.192615384615387,0.0,3.076521739130435,10.121344827586206,18.855677419354837,22.229300000000002,27.841645161290323,28.890846153846155,0.0,-1.5886521739130435,0.7884137931034483,9.852806451612903,14.022133333333333,19.15983870967742,21.51330769230769,0.0,0.0,0.0,0.0,0.0,0.0,0.0,0.0,0.0,0.0,0.0,0.0,0.0,0.0,0.0,0.0,17.0,7.0,3.0,4.0,1.0,0.0,35.4555,93.83,178.61599999999999,283.26099999999997,407.889,529.976,0.0,0.7215,1.9480000000000002,3.328,4.9765,6.79,8.238,0.0,7.083,6.928,7.067,7.2385,7.144500000000001,6.917,0.0,5.31
CN044,11.814,1.393,2008,157.171,339.466,775.68,1303.522,1916.23,1955.725,0.0,68.344,109.532,206.278,325.516,529.131,551.567,0.0,-9.552608695652173,22.44010344827586,-27.30654838709678,11.458133333333329,42.317161290322574,112.389,0.0,2.971478260869565,1.4202758620689655,3.120838709677419,3.9746,6.568225806451613,11.218,0.0,8677517.010869564,11233569.112068966,15560682.290322581,15284335.833333334,17471604.387096774,15635136.5,0.0,11.833521739130434,11.286034482758621,19.071419354838707,22.594733333333334,24.764774193548387,24.747500000000002,0.0,15.799391304347827,15.319965517241378,23.712774193548388,26.178533333333334,28.513193548387097,27.8385,0.0,8.822304347826087,8.019344827586208,15.00609677419355,19.4187,21.543225806451613,22.168,0.0,0.0,0.0,0.0,0.0,0.0,0.0,0.0,0.0,0.0,0.0,0.0,0.0,0.0,0.0,0.0,9.0,5.0,0.0,3.0,0.0,0.0,53.004000000000005,131.414,222.071,328.867,470.618,577.141,0.0,0.7895000000000001,2.3165000000000004,4.183,6.3445,8.599,9.916,0.0,5.919,6.289,6.153,6.3420000000000005,6.6725,7.1129999999999995,0.0,4.425
CN045,12.411,1.496,2008,78.597,211.508,616.182,1116.291,1712.912,1794.3120000000001,0.0,78.919,145.188,251.135,377.079,589.347,598.472,0.0,0.38862499999999933,55.47134482758621,36.15493548387097,89.29946666666666,120.71916129032257,180.2855,0.0,3.2882916666666664,2.285137931034483,3.4176451612903227,4.198133333333334,6.847354838709678,2.28125,0.0,6320574.916666667,10031032.913793104,13224036.258064516,14164978.933333334,17387497.032258064,20266852.0,0.0,7.835541666666667,9.492620689655173,18.054,21.6703,24.245838709677418,25.35,0.0,11.225499999999998,13.328310344827587,22.529774193548388,25.483066666666666,28.34790322580645,29.7785,0.0,5.323041666666667,6.451620689655173,14.010225806451613,18.039233333333335,20.59393548387097,21.47675,0.0,0.0,0.0,0.0,0.0,0.0,0.0,0.0,0.0,0.0,0.0,0.0,0.0,0.0,0.0,1.0,11.0,5.0,0.0,2.0,0.0,0.0,43.265,107.226,187.169,286.389,416.794,516.407,0.0,1.076,2.7515,4.4185,6.5335,8.722,9.978,0.0,6.44,6.617,6.622,6.7625,6.7795000000000005,6.841,0.0,4.229
CN046,11.719,1.364,2008,85.532,390.169,917.271,1541.516,2220.995,2347.479,0.0,33.26,63.249,93.033,170.86,338.889,423.586,0.0,20.051750000000002,6.515551724137932,-67.85551612903227,-127.60166666666667,-157.4888387096774,-107.76100000000001,0.0,4.1575,1.0341034482758622,0.9607741935483871,2.5942333333333334,5.420290322580645,14.116166666666667,0.0,5590619.0,8650608.50862069,18236528.048387095,20471470.233333334,20311259.096774194,12269502.333333334,0.0,15.691500000000001,15.504724137931035,22.003290322580643,25.80816666666667,26.91867741935484,26.08066666666667,0.0,18.82125,18.417206896551725,26.724645161290326,30.103933333333334,31.055548387096774,28.621,0.0,13.680250000000001,13.134206896551724,18.392322580645164,22.454066666666666,23.579290322580643,24.111333333333334,0.0,0.0,0.0,0.0,0.0,0.0,0.0,0.0,0.0,0.0,0.0,0.0,0.0,0.0,0.0,0.0,3.0,8.0,2.0,3.0,0.0,0.0,0.0,70.223,182.69299999999998,326.408,490.11,603.431,0.0,0.521,1.583,3.2350000000000003,5.382,7.505,8.825,0.0,6.3485,5.981,5.533,5.3575,5.8805,7.04,0.0,4.004
CN050,12.526,1.429,2008,0.0,43.633,307.129,673.347,1187.627,1755.533,0.0,16.873,59.934,147.35,283.921,415.404,555.353,0.0,2.7721,4.383137931034483,12.004709677419353,58.85946666666666,94.39861290322581,112.51950000000001,0.0,1.6873,1.4848620689655172,2.8198709677419354,4.552366666666667,4.241387096774194,4.6649666666666665,0.0,5287707.525,9574875.25862069,12103940.14516129,13316202.333333334,17664311.80645161,19235193.633333333,0.0,1.6001999999999998,6.070965517241379,13.499870967741934,17.207266666666666,21.58967741935484,23.9302,0.0,3.7275,9.564275862068964,17.44990322580645,20.93726666666667,25.450483870967744,27.834266666666668,0.0,-0.31470000000000004,2.4555517241379308,9.219387096774193,13.099733333333335,17.336225806451612,19.818166666666666,0.0,0.0,0.0,0.0,0.0,0.0,0.0,0.0,0.0,0.0,0.0,0.0,0.0,0.0,0.0,0.0,3.0,7.0,2.0,4.0,4.0,0.0,0.0,26.987000000000002,87.136,180.273,312.83299999999997,496.654,0.0,0.0,0.894,2.5295,4.4855,6.4510000000000005,8.8605,0.0,6.6835,6.616,6.596,6.598000000000001,6.443,6.3965,0.0,5.388
CN051,12.899,1.434,2008,0.0,26.878,261.388,603.729,1091.52,1632.038,1869.789,3.352,43.165,108.477,189.179,285.38,449.127,496.349,0.05300000000000002,-0.5316206896551727,-10.804483870967742,-15.758666666666667,-35.547387096774195,-23.096033333333335,0.8929166666666647,1.676,1.3728620689655173,2.1068387096774193,2.6900666666666666,3.1032580645161287,5.458233333333334,3.935166666666667,10920782.5,11041964.844827587,13073859.41935484,15361126.0,17370407.467741936,18768770.666666668,20358801.416666668,0.9239999999999999,5.002137931034484,12.564838709677419,16.411366666666666,20.735193548387095,23.017266666666668,24.812583333333333,4.5815,8.878310344827586,16.81732258064516,20.654100000000003,25.03458064516129,27.113066666666665,29.0365,-2.408,1.2288275862068967,8.21758064516129,11.916133333333333,16.347,18.662866666666666,20.377750000000002,0.0,0.0,0.0,0.0,0.0,0.0,0.0,0.0,0.0,0.0,0.0,0.0,0.0,0.0,0.0,1.0,1.0,0.0,1.0,0.0,0.0,0.0,58.245000000000005,155.692,270.985,395.023,544.238,706.325,0.0,1.0635000000000001,2.7645,4.6530000000000005,6.429,8.419,10.6105,6.593,6.568,6.45,6.379,6.0855,6.2620000000000005,5.952,4.812
CN052,13.061,1.533,2008,0.0,14.860000000000001,191.79,487.06,863.071,1282.132,1352.718,29.283,78.007,177.07500000000002,268.559,486.474,687.09,772.386,11.007375,24.428379310344827,43.120774193548385,38.96126666666667,83.4866129032258,207.95173333333332,289.7054,3.660375,1.6801379310344826,3.1957419354838708,3.0494666666666665,7.029516129032258,6.687200000000001,17.0592,7685870.0,9969124.879310345,13385515.822580645,16147967.183333334,16353931.274193548,17777983.866666667,11292460.8,-0.9392499999999999,2.0924137931034483,10.70741935483871,14.842333333333332,17.12938709677419,18.968700000000002,19.1172,3.253875,6.2619655172413795,15.567774193548386,19.996066666666668,21.562032258064516,23.252366666666667,22.034799999999997,-3.84325,-1.0659655172413793,6.537096774193548,10.3883,13.303870967741936,14.919066666666668,16.8666,0.0,0.0,0.0,0.0,0.0,0.0,0.0,0.0,0.0,0.0,0.0,0.0,0.0,0.0,0.0,2.0,0.0,0.0,2.0,2.0,0.0,0.0,35.464,97.494,184.652,298.08,443.891,565.031,0.331,1.2475,2.597,4.219,5.954,8.077,9.858,7.801,7.829,7.844,7.619,7.758,7.8405000000000005,8.09,4.515
CN053,12.971,1.41,2008,0.0,35.417,270.991,631.548,1019.213,1424.549,1614.981,5.559,62.189,123.937,183.239,352.127,628.795,762.666,4.228,5.3517241379310345,-7.895999999999999,-93.50106666666667,-105.10374193548387,18.738466666666667,163.81421428571429,5.559,1.9527586206896552,1.9918709677419357,1.9767333333333332,5.448,9.222266666666666,9.562214285714287,8861418.0,12268216.310344828,17878743.419354837,21600459.333333332,17514713.85483871,17455700.366666667,17310070.535714287,3.65,5.699413793103448,12.59916129032258,17.01856666666667,17.50532258064516,18.5112,18.602285714285717,7.241,10.610172413793103,18.29190322580645,23.1626,22.265677419354837,22.7913,22.576428571428572,1.019,1.9499310344827587,7.411774193548387,11.406766666666666,13.366193548387097,14.944799999999999,15.362214285714286,0.0,0.0,0.0,0.0,0.0,0.0,0.0,0.0,0.0,0.0,0.0,0.0,0.0,0.0,0.0,0.0,0.0,4.0,0.0,0.0,0.0,0.0,69.961,169.121,266.802,366.87,495.014,637.615,0.0,1.2895,3.091,4.835,6.423,8.33,10.407,7.828,7.709,7.574,7.0375,7.228,7.6775,7.952,3.74
CN054,13.005,1.461,2008,0.0,0.0,0.0,32.172,175.444,394.543,503.346,5.612,59.905,175.1,289.009,382.888,559.177,632.47,3.924,-0.9584827586206894,-1.9442903225806445,14.315900000000001,22.042806451612904,47.68193333333333,87.29684615384615,5.612,1.8721724137931035,3.7159677419354837,3.796966666666667,3.0283548387096775,5.8763,5.6379230769230775,15282849.0,19083964.51724138,20655068.258064516,23120546.4,23041900.774193548,20817024.0,20517467.0,-3.858,-1.2915862068965516,2.063322580645161,5.776433333333333,9.621677419354839,12.3033,13.369461538461538,-0.553,3.802379310344828,6.938903225806452,10.702233333333334,14.883903225806453,17.333133333333333,17.975461538461538,-6.732,-6.048103448275862,-3.131516129032258,0.5277666666666667,4.888129032258065,8.374433333333334,9.681153846153846,0.0,3.0,0.0,0.0,0.0,0.0,0.0,0.0,0.0,0.0,0.0,0.0,0.0,0.0,0.0,3.0,2.0,0.0,0.0,0.0,0.0,0.0,41.929,104.484,174.033,269.623,397.354,520.0795,0.0,0.76,1.8155000000000001,2.8514999999999997,4.032,5.461,6.867,5.856,5.811,5.807,5.841,6.0585,6.3635,6.492,5.572
CN061,12.801,1.465,2008,0.0,0.9800000000000004,120.938,386.46,843.902,1373.545,1639.384,0.0,8.323,35.621,71.685,96.301,176.251,201.544,0.0,-15.940142857142856,-67.61964516129032,-132.32833333333332,-250.9343870967742,-372.2744333333333,-432.06746153846154,0.0,0.29725,0.8805806451612904,1.2021333333333333,0.7940645161290323,2.665,1.9456153846153845,0.0,14344967.92857143,17317625.870967742,19392683.3,23397466.774193548,21907715.633333333,24591741.0,0.0,-2.2464642857142856,8.788774193548386,13.850733333333332,19.756193548387095,22.654766666666667,25.449153846153845,0.0,3.7637499999999995,15.030967741935482,19.801666666666666,26.41196774193548,28.4457,31.214923076923075,0.0,-7.357392857142857,2.591548387096774,7.715233333333333,12.510645161290322,16.902266666666666,19.371076923076924,0.0,14.0,0.0,0.0,0.0,0.0,0.0,0.0,0.0,0.0,0.0,0.0,0.0,0.0,0.0,16.0,15.0,9.0,13.0,5.0,1.0,0.0,22.7295,74.212,168.195,280.908,390.067,500.44500000000005,0.0,0.631,1.6189999999999998,2.9425,4.49,5.797499999999999,7.1690000000000005,0.0,4.302,4.134,4.1105,3.5825,3.5540000000000003,3.664,4.178
CN062,12.84,1.465,2008,0.0,0.0,40.335,217.21,589.396,1048.798,1390.463,0.0,3.587,18.423,35.677,48.911,83.845,105.192,0.0,-12.4359,-67.67232258064516,-158.54256666666666,-297.48554838709674,-454.335,-577.30715,0.0,0.17935,0.47858064516129034,0.5751333333333334,0.4269032258064516,1.1644666666666665,1.06735,0.0,15410678.25,18852872.322580647,21610134.7,24318192.129032258,24328131.866666667,23767020.45,0.0,-3.61655,5.588774193548387,10.723466666666667,17.006,20.3134,22.08325,0.0,2.37275,12.327,17.400433333333336,23.79725806451613,26.818833333333334,28.5451,0.0,-9.2956,-1.289548387096774,3.6878,9.527354838709678,13.4091,15.27815,0.0,12.0,0.0,0.0,0.0,0.0,0.0,0.0,0.0,0.0,0.0,0.0,0.0,0.0,0.0,9.0,12.0,10.0,12.0,2.0,2.0,0.0,12.0435,34.508,72.907,140.29,246.258,355.15500000000003,0.0,0.224,0.6995,1.3605,2.273,3.4885,4.906,0.0,3.5700000000000003,3.342,3.16,2.6665,2.784,2.7455,4.763
CN063,13.39,1.445,2008,0.0,0.0,7.104,111.78,355.163,661.438,899.064,0.0,6.888,21.495,52.502,90.261,140.971,186.985,0.0,-9.12142105263158,-54.891322580645166,-127.462,-225.17674193548388,-320.96113333333335,-389.51215,0.0,0.3625263157894737,0.4711935483870968,1.0335666666666667,1.2180322580645162,1.6903333333333335,2.3007,0.0,16623392.157894736,20599110.677419353,22792853.733333334,24328851.64516129,24074659.166666668,22807643.05,0.0,-6.093105263157895,3.192290322580645,7.877866666666666,12.851064516129032,15.209166666666667,16.8813,0.0,-0.27689473684210525,9.339290322580647,14.102633333333333,19.45583870967742,21.338266666666666,22.8183,0.0,-11.477684210526315,-3.5283870967741935,1.294,6.258,9.329,11.1531,0.0,15.0,0.0,0.0,0.0,0.0,0.0,0.0,0.0,0.0,0.0,0.0,0.0,0.0,0.0,7.0,11.0,9.0,6.0,0.0,1.0,0.0,12.492500000000001,35.077,74.624,152.038,272.516,385.0315,0.0,0.196,0.5945,1.2495,2.184,3.463,4.809,0.0,4.258,4.212,4.127,3.916,3.994,3.8675,8.786
CN064,12.016,1.441,2008,0.0,0.0,76.656,304.477,719.003,1244.638,1570.665,0.0,1.9969999999999999,9.679,22.787,28.673,42.232,53.915,0.0,-13.129318181818183,-78.94667741935483,-189.32659999999998,-342.81154838709676,-530.6578333333333,-680.6698823529413,0.0,0.09077272727272727,0.2478064516129032,0.4369333333333333,0.1898709677419355,0.4519666666666667,0.6872352941176472,0.0,15472188.590909092,18923121.677419353,20724019.833333332,25068248.80645161,25372350.733333334,24241475.5,0.0,-4.580181818181818,6.973451612903226,12.513433333333333,18.3718064516129,22.521166666666666,24.178058823529412,0.0,1.5992272727272727,13.864064516129032,19.150966666666665,25.515354838709676,29.234533333333335,30.69929411764706,0.0,-10.187863636363637,0.10016129032258064,5.3467666666666664,10.42467741935484,15.2242,17.08294117647059,0.0,14.0,0.0,0.0,0.0,0.0,0.0,0.0,0.0,0.0,0.0,0.0,0.0,0.0,0.0,13.0,18.0,15.0,18.0,8.0,8.0,0.0,11.498000000000001,31.437,62.134,112.314,198.56,306.803,0.0,0.172,0.522,1.0525,1.743,2.7265,3.9080000000000004,0.0,3.987,3.778,3.4085,2.685,2.3259999999999996,2.173,7.191
CN065,13.176,1.431,2008,0.0,0.0,41.192,220.127,668.965,1209.491,1667.259,0.0,13.415000000000001,35.804,79.286,112.974,144.326,166.119,0.0,-2.14275,-24.809967741935484,-93.13709999999999,-186.7061935483871,-346.48733333333337,-484.060375,0.0,0.8384375000000001,0.7222258064516128,1.4494,1.086709677419355,1.0450666666666666,0.9080416666666666,0.0,11747170.3125,16212618.193548387,20899448.833333332,24008502.225806452,25162138.0,23847964.833333332,0.0,-3.724875,5.696612903225806,10.719033333333334,19.47864516129032,23.017533333333333,24.073666666666668,0.0,1.951875,11.834225806451613,16.994600000000002,25.645548387096774,28.800900000000002,29.419749999999997,0.0,-9.392375,-0.8161290322580645,3.626933333333333,12.426612903225807,16.861966666666667,18.373,0.0,12.0,0.0,0.0,0.0,0.0,0.0,0.0,0.0,0.0,0.0,0.0,0.0,0.0,0.0,4.0,11.0,4.0,2.0,2.0,0.0,0.0,6.231,23.285,59.052,114.092,212.877,357.45799999999997,0.0,0.21599999999999997,0.6865,1.3504999999999998,2.14,3.2815000000000003,4.778,0.0,3.5105,3.332,3.0854999999999997,2.9295,2.6115,2.6435000000000004,8.612
CN011,14.819,1.511,2009,0.0,0.0,31.608,265.642,738.52,1277.621,1541.219,0.0,14.465000000000002,27.793000000000003,60.456,78.81700000000001,156.846,178.746,0.0,-10.7,-55.46967741935484,-135.45743333333334,-244.50687096774192,-354.6537,-437.2020769230769,0.0,0.5563461538461539,0.4299354838709678,1.0887666666666669,0.5922903225806452,2.6009666666666664,1.6846153846153844,0.0,12630203.057692308,17714911.70967742,20007703.916666668,22927753.80645161,22818625.266666666,21552863.615384616,0.0,-1.3834615384615385,3.9898387096774193,12.801133333333333,20.254129032258067,22.970033333333333,25.276769230769233,0.0,4.459692307692308,10.346838709677419,19.247966666666667,26.949225806451615,28.96033333333333,30.777538461538462,0.0,-6.143192307692308,-1.6366774193548388,6.3253,12.893516129032259,16.729266666666668,19.730538461538462,0.0,6.0,0.0,0.0,0.0,0.0,0.0,0.0,0.0,0.0,0.0,0.0,0.0,0.0,0.0,20.0,19.0,15.0,21.0,11.0,6.0,0.0,17.280499999999996,48.163,100.401,185.44,299.3,423.04449999999997,0.0,0.393,1.0855,1.912,3.2655,5.12,6.768,0.0,3.8775,3.811,3.697,3.354,3.6475,3.461,5.954
CN012,14.794,1.439,2009,0.0,0.42900000000000027,57.298,349.616,884.106,1491.089,1782.182,0.0,19.037,30.863,87.952,105.6,176.091,184.932,0.0,-7.550480000000001,-53.65332258064517,-138.02186666666665,-249.90503225806452,-394.45663333333334,-496.162,0.0,0.7614799999999999,0.38148387096774194,1.9029666666666667,0.5692903225806452,2.3497,0.680076923076923,0.0,12338367.97,17538065.80645161,20239936.325,23135607.93548387,23979285.566666666,22196394.076923076,0.0,0.20168000000000003,5.906322580645162,14.743933333333333,22.241612903225807,25.232766666666667,27.39176923076923,0.0,5.8354800000000004,12.135870967741935,20.995266666666666,28.724,31.164466666666666,32.67153846153846,0.0,-4.287319999999999,0.2312258064516129,8.730333333333334,15.384548387096775,19.4922,22.23369230769231,0.0,0.0,0.0,0.0,0.0,0.0,0.0,0.0,0.0,0.0,0.0,0.0,0.0,0.0,0.0,17.0,23.0,18.0,21.0,13.0,8.0,0.0,16.7405,50.477,120.809,226.586,339.859,459.332,0.0,0.356,1.0535,2.018,3.4269999999999996,4.975,6.465,0.0,4.23,4.155,4.126,3.894,3.901,3.737,5.349
CN013,14.781,1.481,2009,0.0,1.1850000000000005,52.463,302.52,756.054,1325.887,1593.551,0.0,13.959,28.216,63.639,103.756,164.216,197.857,0.0,-11.74616,-61.78477419354839,-148.9681,-249.22874193548384,-376.9626,-473.32800000000003,0.0,0.55836,0.4599032258064516,1.1807666666666667,1.2940967741935483,2.0153333333333334,2.5877692307692306,0.0,12253820.86,17729285.19354839,20767198.55,22855073.80645161,24262235.733333334,21855857.884615384,0.0,0.012280000000000003,5.244935483870967,13.335233333333333,19.630129032258065,23.994433333333333,25.58953846153846,0.0,5.739160000000001,11.367870967741935,19.9158,26.019032258064517,30.145466666666668,30.87715384615385,0.0,-4.83868,-0.3137096774193549,7.1369,13.044967741935483,17.8047,20.273615384615386,0.0,1.0,0.0,0.0,0.0,0.0,0.0,0.0,0.0,0.0,0.0,0.0,0.0,0.0,0.0,12.0,15.0,12.0,16.0,3.0,2.0,0.0,20.340500000000002,60.071,131.262,224.659,328.49,446.7175,0.0,0.391,1.1245,2.138,3.4545,5.021000000000001,6.537,0.0,4.156,4.06,3.9699999999999998,3.77,3.7965,3.785,5.127
CN014,14.597,1.473,2009,0.0,0.0,41.498,252.009,610.261,1123.886,1383.389,0.0,14.447,33.7,49.014,109.79599999999999,141.328,193.833,0.0,-12.769759999999998,-53.269225806451615,-141.60926666666668,-235.18858064516127,-353.2678666666667,-449.6170714285714,0.0,0.57788,0.6210645161290322,0.5104666666666666,1.9607096774193546,1.0510666666666666,3.750357142857143,0.0,12480898.58,17605952.98387097,21274378.466666665,21954464.43548387,25288425.533333335,23011818.535714287,0.0,0.003679999999999999,4.134709677419354,11.915433333333334,16.556516129032257,22.120833333333334,23.53592857142857,0.0,5.37352,10.27609677419355,18.572733333333336,22.70277419354839,28.707966666666668,29.09142857142857,0.0,-4.75488,-1.5151612903225806,5.219566666666666,10.207967741935484,15.083266666666667,17.79357142857143,0.0,1.0,0.0,0.0,0.0,0.0,0.0,0.0,0.0,0.0,0.0,0.0,0.0,0.0,0.0,13.0,15.0,14.0,15.0,11.0,4.0,0.0,14.593499999999999,40.477000000000004,77.31400000000001,125.461,196.806,292.73199999999997,0.0,0.32899999999999996,0.9149999999999999,1.5779999999999998,2.4665,3.779,5.117,0.0,4.497,4.474,4.213,4.238,3.9160000000000004,4.255,4.515
CN015,13.312,1.479,2009,0.0,0.0,0.7960000000000003,142.151,517.357,938.229,1180.579,0.0,4.376,18.453,51.717,70.069,157.048,191.58,0.0,-12.21808695652174,-47.645709677419354,-122.8714,-247.1574193548387,-365.5414,-422.8513571428571,0.0,0.1902608695652174,0.4540967741935484,1.1088,0.592,2.8992999999999998,2.4665714285714286,0.0,12362602.717391305,16568589.483870968,19581673.366666667,23155055.225806452,21399484.233333334,21150185.85714286,0.0,-9.0,-2.4726129032258064,9.604633333333334,17.10341935483871,19.029066666666665,22.310714285714287,0.0,-2.9882173913043477,3.636806451612903,16.385766666666665,24.031032258064517,24.4345,27.47842857142857,0.0,-14.240608695652174,-8.277612903225807,2.6415,9.601999999999999,13.880866666666666,17.344785714285713,0.0,23.0,19.0,0.0,0.0,0.0,0.0,0.0,0.0,0.0,0.0,0.0,0.0,0.0,0.0,9.0,8.0,9.0,11.0,0.0,0.0,0.0,17.9025,48.620000000000005,87.761,136.281,212.385,315.062,0.0,0.352,0.978,1.652,2.4539999999999997,3.6944999999999997,5.0395,0.0,3.959,3.988,3.9215,3.561,4.061999999999999,4.089,5.813
CN021,14.162,1.52,2009,0.0,0.0,7.016,172.216,575.9879999999999,1032.354,1262.163,0.0,26.076999999999998,41.931999999999995,121.026,165.149,260.793,308.163,0.0,-2.5619615384615386,-31.874967741935485,-92.23086666666667,-141.37703225806453,-229.61863333333335,-261.18584615384617,0.0,1.0029615384615385,0.5114516129032258,2.6364666666666663,1.4233225806451615,3.1881333333333335,3.6438461538461544,0.0,12715234.423076924,17035323.06451613,18428094.541666668,22491764.774193548,20997521.15,19697108.846153848,0.0,-5.775423076923077,0.5427741935483871,10.429866666666667,18.024903225806455,20.2122,22.677615384615386,0.0,0.0515,5.952258064516129,16.5815,24.519129032258064,24.921466666666667,26.969846153846156,0.0,-10.861653846153846,-4.449290322580645,4.542599999999999,11.686451612903227,15.856233333333334,18.962307692307693,0.0,19.0,3.0,0.0,0.0,0.0,0.0,0.0,0.0,0.0,0.0,0.0,0.0,0.0,0.0,15.0,13.0,12.0,14.0,1.0,1.0,0.0,17.983,49.49,91.561,150.941,261.997,412.831,0.0,0.395,1.126,1.883,2.9234999999999998,4.680999999999999,6.734,0.0,4.851,4.843,4.6365,4.635,4.811,4.748,4.904
CN022,13.895,1.483,2009,0.0,0.0,0.32399999999999984,119.606,481.884,873.531,1099.047,0.0,16.968,35.402,103.39999999999999,139.265,255.582,328.551,0.0,-5.395428571428572,-27.225258064516126,-77.12286666666667,-143.81464516129031,-222.09533333333331,-222.94042857142858,0.0,0.606,0.5946451612903225,2.2666,1.1569354838709678,3.8772333333333333,5.212071428571428,0.0,11635681.339285715,16259979.709677419,18013265.783333335,22637350.419354837,19956005.866666667,18668818.17857143,0.0,-9.82042857142857,-2.968516129032258,8.660833333333333,16.686387096774194,18.0549,21.108285714285717,0.0,-4.182392857142857,2.30741935483871,14.874133333333333,23.18158064516129,22.77313333333333,25.214928571428572,0.0,-15.251607142857143,-8.168290322580646,2.4545666666666666,9.990258064516128,13.912133333333333,17.622857142857143,0.0,28.0,18.0,0.0,0.0,0.0,0.0,0.0,0.0,0.0,0.0,0.0,0.0,0.0,0.0,14.0,12.0,12.0,11.0,0.0,0.0,0.0,21.067,56.393,97.556,149.439,240.735,379.7375,0.0,0.46849999999999997,1.2435,1.992,2.9615,4.4785,6.288500000000001,0.0,5.151,5.181,5.028499999999999,4.807,5.2059999999999995,5.5435,5.956
CN023,14.269,1.486,2009,0.0,0.0,0.0,86.928,430.63100000000003,789.551,976.9440000000001,0.0,9.863999999999999,38.679,73.09,97.226,284.60699999999997,330.005,0.0,-1.5238214285714287,-8.424225806451613,-50.51393333333333,-159.21345161290324,-201.02553333333333,-150.60091666666668,0.0,0.35228571428571426,0.9295161290322581,1.1470333333333333,0.7785806451612903,6.246033333333333,3.7831666666666663,0.0,10726201.0,14916860.032258065,19198681.75,22890582.83870968,17523019.783333335,19496225.333333332,0.0,-14.804714285714285,-6.287290322580645,7.319999999999999,16.0871935483871,16.964000000000002,20.616083333333332,0.0,-9.083357142857142,-0.8774838709677418,13.882666666666667,22.860064516129032,21.3059,24.916,0.0,-20.535607142857142,-12.109870967741935,0.37426666666666664,8.563709677419356,13.246033333333333,16.663333333333334,0.0,28.0,26.0,0.0,0.0,0.0,0.0,0.0,0.0,0.0,0.0,0.0,0.0,0.0,0.0,9.0,9.0,11.0,9.0,0.0,0.0,0.0,8.796,27.313,59.008,106.928,187.156,310.9275,0.0,0.4445,1.1825,1.971,2.9299999999999997,4.52,6.2665,0.0,5.1505,5.279,5.122,4.653,5.607,5.811,4.614
CN031,12.706,1.42,2009,12.719,94.74000000000001,236.916,540.23,1024.101,1622.976,0.0,19.592000000000002,134.116,219.625,320.184,381.75600000000003,582.689,0.0,-0.35925000000000035,16.237035714285714,90.01932258064517,90.86696666666667,36.892709677419354,-20.749433333333336,0.0,1.632666666666667,4.090142857142857,2.7583548387096775,3.3519666666666668,1.9861935483870967,6.697766666666666,0.0,9553437.135416666,8149135.892857143,14720977.443548387,20585699.416666668,22997173.903225806,20599717.333333332,0.0,4.009250000000001,7.9148571428571435,9.553225806451612,15.110466666666667,20.60874193548387,24.9625,0.0,8.306583333333334,11.10507142857143,13.59432258064516,19.459833333333332,25.26074193548387,28.869033333333334,0.0,0.17441666666666655,4.817892857142858,5.750967741935484,11.168266666666666,16.16458064516129,21.799633333333336,0.0,0.0,0.0,0.0,0.0,0.0,0.0,0.0,0.0,0.0,0.0,0.0,0.0,0.0,0.0,6.0,5.0,15.0,15.0,18.0,7.0,0.0,16.88,58.013,146.909,271.654,398.785,495.112,0.0,0.282,0.0,1.3295,3.072,4.764,5.736,0.0,6.6455,6.6605,6.784,6.533,5.999,5.8365,0.0,5.755
CN032,13.994,1.439,2009,0.0,43.851,164.146,476.273,965.125,1591.687,1852.119,0.004,53.873,94.747,135.199,212.34,347.312,436.368,-1.163,-0.19107142857142886,-3.74667741935484,-65.31070000000001,-138.63609677419356,-208.14133333333334,-199.22583333333333,0.004,1.923892857142857,1.3185161290322582,1.3484000000000003,2.48841935483871,4.499066666666667,7.421333333333333,12043961.0,8959922.955357144,15656834.346774194,20905063.4,21440890.612903226,22180561.483333334,19218875.25,3.292,6.119964285714286,8.687193548387096,15.404233333333334,20.76941935483871,25.8854,26.70266666666667,8.554,10.107964285714287,13.76032258064516,21.091933333333333,26.454451612903224,30.8793,30.72458333333333,-0.369,2.374357142857143,3.877258064516129,9.784266666666667,14.924225806451613,21.302733333333332,22.922833333333333,0.0,0.0,0.0,0.0,0.0,0.0,0.0,0.0,0.0,0.0,0.0,0.0,0.0,0.0,1.0,5.0,12.0,17.0,16.0,7.0,2.0,0.0,56.004000000000005,170.18,339.589,522.186,653.277,766.2505,0.0,0.8635,2.669,4.769,6.9985,8.7165,10.2695,5.474,5.6365,5.548,5.1965,4.989,4.741,5.688,5.406
CN033,12.565,1.447,2009,24.915,139.434,304.765,634.407,1138.722,1578.266,0.0,24.254,173.217,296.111,428.43,522.219,621.972,0.0,-7.24721052631579,12.575500000000002,137.92703225806451,173.34146666666666,148.74635483870966,147.67827272727274,0.0,1.2765263157894737,5.320107142857142,3.9643225806451614,4.410633333333333,3.025451612903226,4.534227272727272,0.0,10412805.27631579,8871689.38392857,13474086.056451613,19286721.6,21575452.16129032,20703472.886363637,0.0,4.507263157894737,9.073785714285714,10.32074193548387,15.988066666666667,21.268225806451614,24.979272727272726,0.0,9.37421052631579,12.895750000000001,14.712096774193547,20.703500000000002,26.345322580645163,29.388318181818182,0.0,0.20342105263157895,5.679285714285714,6.158806451612903,11.5317,16.33309677419355,20.97622727272727,0.0,0.0,0.0,0.0,0.0,0.0,0.0,0.0,0.0,0.0,0.0,0.0,0.0,0.0,0.0,7.0,2.0,6.0,11.0,15.0,2.0,0.0,20.166,64.495,147.218,253.624,373.14300000000003,489.373,0.0,0.4535,1.605,3.2435,5.024,6.895,8.973,0.0,7.237,7.32,7.634,7.406499999999999,6.878,6.823,0.0,4.31
CN034,13.843,1.492,2009,3.1709999999999994,60.711,202.657,540.89,1041.698,1694.224,1875.301,1.3679999999999999,70.826,119.038,173.017,249.203,372.183,404.669,-1.0016666666666667,0.8332857142857147,16.15967741935484,-33.3974,-99.32990322580645,-176.4206,-186.14375,0.45599999999999996,2.480642857142857,1.555225806451613,1.7993,2.4576129032258063,4.099333333333333,4.06075,9115190.5,8433699.75892857,15127822.858870968,20329297.65,20703584.29032258,22286906.45,22064421.5,5.7123333333333335,6.52375,9.381387096774192,16.274433333333334,21.15509677419355,26.750866666666663,27.634625,10.117333333333333,10.422142857142857,14.40709677419355,21.7647,26.648032258064514,31.7528,32.0015,1.9793333333333332,2.922392857142857,4.581967741935483,10.600366666666666,15.443290322580646,21.979899999999997,23.295875,0.0,0.0,0.0,0.0,0.0,0.0,0.0,0.0,0.0,0.0,0.0,0.0,0.0,0.0,1.0,5.0,12.0,14.0,12.0,3.0,0.0,0.0,63.257000000000005,181.565,340.575,501.381,631.773,733.622,0.0,0.9485,2.8805,4.867,6.931,8.600000000000001,10.086,5.951,6.119,6.131,5.806,5.616,5.281499999999999,5.7490000000000006,4.17
CN035,11.511,1.369,2009,78.409,350.301,596.083,964.147,1469.444,1520.539,0.0,31.679000000000002,65.681,229.88,364.575,521.211,577.454,0.0,-23.4615,-46.529857142857146,1.8898709677419356,56.663333333333334,62.02,124.75999999999999,0.0,1.0559666666666667,1.214357142857143,5.296741935483872,4.489833333333333,5.0527741935483865,18.747666666666667,0.0,12228365.483333332,12773623.660714285,12449273.322580645,17044379.083333332,18525689.048387095,12166241.5,0.0,7.1548,14.71042857142857,12.928451612903226,17.2688,21.299903225806453,22.031666666666666,0.0,13.107266666666668,20.17667857142857,17.603774193548386,22.244566666666667,26.351935483870967,25.400666666666666,0.0,2.4895,10.003,8.860000000000001,13.0238,16.917967741935485,19.386,0.0,0.0,0.0,0.0,0.0,0.0,0.0,0.0,0.0,0.0,0.0,0.0,0.0,0.0,0.0,16.0,5.0,6.0,3.0,8.0,0.0,0.0,62.581999999999994,161.403,281.212,415.837,571.642,684.322,0.0,1.085,3.0090000000000003,5.179500000000001,7.224,9.47,11.168,0.0,7.3585,7.452500000000001,7.901,7.968500000000001,7.783,7.922,0.0,3.846
CN036,11.508,1.358,2009,33.481,201.14,414.99,806.85,1348.732,1460.315,0.0,21.719,174.21,353.231,543.522,736.164,791.463,0.0,-15.826774193548387,-6.945035714285715,154.81325806451613,243.76330000000002,281.7757419354839,385.33366666666666,0.0,0.7006129032258065,5.446107142857143,5.774870967741935,6.3430333333333335,6.2142580645161285,9.2165,0.0,10580511.491935484,8446460.379464285,11880709.403225806,16793427.908333335,18059004.322580647,20421339.208333332,0.0,4.732064516129032,10.948964285714286,11.81574193548387,18.062,22.48006451612903,23.597166666666666,0.0,9.388225806451613,14.841107142857142,16.059064516129034,22.5002,27.02132258064516,28.482166666666668,0.0,0.7070322580645161,7.359464285714286,7.829645161290323,13.9416,18.158548387096772,18.919166666666666,0.0,0.0,0.0,0.0,0.0,0.0,0.0,0.0,0.0,0.0,0.0,0.0,0.0,0.0,0.0,16.0,6.0,7.0,5.0,8.0,2.0,0.0,63.679,154.761,246.46699999999998,351.157,487.875,598.326,0.0,1.066,2.617,4.223,5.897,7.869999999999999,9.508000000000001,0.0,7.376,7.5760000000000005,7.901,7.797499999999999,7.644,7.7445,0.0,3.956
CN037,14.446,1.493,2009,0.0,17.525,117.587,412.669,888.76,1517.873,1810.16,0.0,18.321,42.826,88.981,157.862,218.69400000000002,382.065,0.0,-9.63152,-55.65225806451613,-130.5272,-206.73087096774194,-315.66859999999997,-369.18828571428566,0.0,0.73284,0.7904838709677419,1.5385,2.221967741935484,2.0277333333333334,11.669357142857143,0.0,11030254.86,16725983.129032258,21297454.533333335,21627435.14516129,24493304.016666666,19867123.89285714,0.0,4.1698,7.787322580645162,14.836066666666666,20.357774193548387,25.970433333333336,25.877642857142856,0.0,9.19072,13.47216129032258,21.1444,26.302129032258065,31.87076666666667,30.37842857142857,0.0,-0.276,2.531548387096774,8.932566666666666,14.471516129032258,20.456433333333333,21.660285714285717,0.0,0.0,0.0,0.0,0.0,0.0,0.0,0.0,0.0,0.0,0.0,0.0,0.0,0.0,0.0,10.0,17.0,14.0,14.0,5.0,2.0,0.0,29.891000000000002,94.449,217.435,363.055,485.634,602.3620000000001,0.0,0.505,1.5375,3.047,4.8405000000000005,6.533,8.028500000000001,0.0,4.78,4.645,4.474,4.389,4.098000000000001,4.96,6.478
CN041,14.925,1.468,2009,0.0,46.883,195.215,523.478,1001.944,1656.068,1919.002,0.0,31.346,61.9,114.175,200.688,276.221,370.052,0.0,-7.01262962962963,-35.24816129032258,-98.81243333333333,-160.50970967741938,-234.61223333333334,-289.12216666666666,0.0,1.160962962962963,0.9856129032258064,1.7425,2.790741935483871,2.5177666666666667,7.81925,0.0,9443706.518518519,15566475.403225806,19803950.3,19609827.451612905,23778112.45,19801591.0,0.0,5.922555555555555,9.567935483870967,15.9421,20.434387096774195,26.804133333333333,26.911166666666663,0.0,10.26225925925926,14.87367741935484,21.741333333333333,25.954096774193548,32.47346666666667,31.404666666666667,0.0,1.9955555555555553,4.693354838709677,10.4263,14.991967741935483,21.390666666666668,22.758499999999998,0.0,0.0,0.0,0.0,0.0,0.0,0.0,0.0,0.0,0.0,0.0,0.0,0.0,0.0,0.0,8.0,13.0,13.0,9.0,10.0,4.0,0.0,52.91250000000001,160.50900000000001,333.154,502.67,624.882,746.279,0.0,0.8805000000000001,2.574,4.659,6.783,8.373000000000001,10.1155,0.0,4.397,4.304,4.1370000000000005,4.254,3.8775000000000004,4.772,5.646
CN042,13.08,1.433,2009,8.647,99.809,291.327,642.278,1129.903,1780.599,1865.0919999999999,0.229,87.726,158.751,278.734,429.055,621.442,622.238,-4.7244,-3.21775,36.212870967741935,44.9555,49.93487096774194,72.24606666666666,118.68700000000001,0.0458,3.124892857142857,2.2911290322580644,3.9994333333333336,4.849064516129032,6.4129,0.199,12148250.6,7589981.830357143,14045663.451612903,16491725.875,16730330.951612903,21778298.55,23784904.5,6.7082,7.953785714285714,11.073612903225806,16.69836666666667,20.72983870967742,26.689866666666667,26.12325,12.6876,11.549928571428572,15.903096774193548,21.319533333333332,25.10151612903226,30.983933333333333,30.24025,0.8788,4.594035714285715,6.503774193548387,12.023966666666666,16.35432258064516,22.395,21.461,0.0,0.0,0.0,0.0,0.0,0.0,0.0,0.0,0.0,0.0,0.0,0.0,0.0,0.0,4.0,4.0,10.0,7.0,6.0,7.0,2.0,0.0,65.194,178.279,315.597,448.907,581.021,696.95,0.0,0.9710000000000001,2.6005000000000003,4.421,6.255000000000001,8.184000000000001,9.887,6.093,6.2915,6.3,6.372,6.396,6.319,6.4559999999999995,4.812
CN043,12.106,1.391,2009,29.741000000000003,173.145,399.389,776.161,1287.69,1574.798,0.0,12.391,144.076,270.638,455.872,603.566,691.127,0.0,-13.905608695652175,-12.69407142857143,100.74064516129032,170.31503333333333,225.2187741935484,278.97278571428575,0.0,0.5387391304347826,4.703035714285714,4.082645161290323,6.1744666666666665,4.764322580645161,6.254357142857144,0.0,10866977.489130436,6790189.473214285,12240525.693548387,14406661.75,15201352.209677419,19876084.42857143,0.0,5.452565217391305,9.990642857142857,12.21825806451613,17.55906666666667,21.50093548387097,25.507714285714286,0.0,10.143652173913043,13.148,16.42958064516129,21.351733333333335,25.31293548387097,29.836785714285718,0.0,0.8661739130434781,6.963678571428572,8.04116129032258,13.656933333333335,17.77548387096774,21.301142857142857,0.0,0.0,0.0,0.0,0.0,0.0,0.0,0.0,0.0,0.0,0.0,0.0,0.0,0.0,0.0,15.0,2.0,5.0,3.0,4.0,3.0,0.0,39.685,110.071,201.371,302.29200000000003,426.485,553.2325000000001,0.0,0.764,2.012,3.5145,5.152,6.948,8.907499999999999,0.0,7.121,7.4,7.428,7.5024999999999995,7.56,7.577999999999999,0.0,5.67
CN044,11.814,1.393,2009,165.654,585.872,1002.824,1502.769,2110.706,2173.277,0.0,13.001,29.817,165.029,304.80400000000003,525.402,557.31,0.0,-29.21613043478261,-78.86521428571429,-81.56048387096774,-40.299366666666664,-13.706258064516131,87.593,0.0,0.5652608695652174,0.6005714285714285,4.361677419354838,4.659166666666667,7.116064516129032,10.636000000000001,0.0,12992271.576086957,14064188.357142856,12657171.241935484,15219808.633333333,17017014.596774194,16139317.0,0.0,12.202347826086957,20.007785714285713,18.450064516129032,21.664833333333334,24.610870967741935,25.857,0.0,17.365739130434783,24.619107142857143,22.446677419354838,25.305433333333333,28.325193548387098,29.157666666666668,0.0,7.720434782608695,15.939892857142857,15.08548387096774,18.5356,21.382451612903225,22.73566666666667,0.0,0.0,0.0,0.0,0.0,0.0,0.0,0.0,0.0,0.0,0.0,0.0,0.0,0.0,0.0,12.0,2.0,2.0,0.0,0.0,0.0,0.0,59.331,150.619,251.797,364.901,510.399,621.086,0.0,1.045,2.8125,4.8035,6.7010000000000005,8.843,10.575,0.0,6.08,6.0155,6.522,6.6075,6.295,7.081,0.0,4.481
CN045,12.411,1.496,2009,138.371,535.506,902.737,1386.849,1970.569,2069.917,0.0,13.324,42.138999999999996,171.957,344.658,565.119,606.141,0.0,-25.923041666666666,-72.21771428571428,-58.22958064516129,7.865133333333333,63.59519354838709,158.98600000000002,0.0,0.5551666666666667,1.0291071428571428,4.187677419354839,5.7566999999999995,7.111645161290323,8.2044,0.0,11839344.760416666,12412859.67857143,11306065.758064516,14237877.766666668,15371232.64516129,20715619.2,0.0,10.765458333333333,19.183392857142856,16.84616129032258,21.137066666666666,23.82967741935484,24.8696,0.0,15.955374999999998,24.235678571428572,20.900612903225806,24.831133333333334,27.40590322580645,29.868399999999998,0.0,6.231083333333333,14.540678571428572,13.279419354838709,17.7327,20.739709677419356,20.23,0.0,0.0,0.0,0.0,0.0,0.0,0.0,0.0,0.0,0.0,0.0,0.0,0.0,0.0,0.0,14.0,4.0,3.0,2.0,0.0,2.0,0.0,54.485499999999995,134.771,220.563,318.861,450.984,559.754,0.0,0.99,2.339,3.8145,5.666,7.561,9.278,0.0,6.763,6.6925,6.806,6.9415,7.119,7.151,0.0,4.209
CN046,11.719,1.364,2009,86.161,590.9300000000001,1158.115,1755.054,2419.009,2577.318,0.0,3.6550000000000002,12.404,116.514,234.567,409.00600000000003,463.728,0.0,-7.712875,-60.62878571428571,-128.7578064516129,-131.65623333333332,-149.18654838709676,-83.42857142857143,0.0,0.45687500000000003,0.31246428571428575,3.3583870967741936,3.9351,5.627064516129032,7.817428571428571,0.0,10650703.375,16751208.357142856,16480209.983870968,16611128.25,19608239.419354837,18273721.85714286,0.0,15.770125,23.027464285714284,23.296290322580642,24.897966666666665,26.41790322580645,27.615571428571428,0.0,19.62525,28.03364285714286,27.83258064516129,28.484933333333334,30.308580645161292,31.35928571428571,0.0,12.594625,19.158250000000002,19.856806451612904,22.032833333333333,23.345322580645163,24.65257142857143,0.0,0.0,0.0,0.0,0.0,0.0,0.0,0.0,0.0,0.0,0.0,0.0,0.0,0.0,0.0,2.0,9.0,2.0,0.0,0.0,0.0,0.0,0.0,93.62899999999999,243.969,404.896,573.521,688.414,0.0,0.538,1.9125,4.1585,6.3469999999999995,8.629000000000001,10.317,0.0,6.007,5.677,5.908,6.2170000000000005,5.681,6.782,0.0,4.248
CN050,12.526,1.429,2009,15.824000000000002,186.0,427.52,780.372,1248.823,1817.534,1837.918,7.0969999999999995,57.47,141.183,276.596,455.326,661.481,661.872,-2.0633,-1.9872142857142863,2.909129032258064,48.455400000000004,130.3472258064516,192.6394,261.123,0.7097,1.7990357142857145,2.7004193548387097,4.513766666666667,5.765483870967743,6.871833333333333,0.391,8152857.125,6997159.566964285,12170549.040322581,12191439.3,13024566.774193548,17365962.616666667,16615040.0,6.3774999999999995,11.077714285714285,12.790967741935484,16.761733333333332,20.11132258064516,23.957033333333335,25.384,9.8041,14.038607142857144,16.712677419354836,20.285866666666667,23.387064516129033,27.5226,28.72,2.5827999999999998,7.9985357142857145,8.446903225806452,12.942866666666667,16.80354838709677,20.199666666666666,21.529,0.0,0.0,0.0,0.0,0.0,0.0,0.0,0.0,0.0,0.0,0.0,0.0,0.0,0.0,1.0,2.0,8.0,3.0,0.0,2.0,0.0,0.0,37.849000000000004,104.819,198.447,329.404,508.789,646.912,0.428,1.5285000000000002,3.137,4.993,6.638,9.008000000000001,0.0,6.718,6.702,6.613,6.6735,6.709,6.5215,6.549,5.314
CN051,12.899,1.434,2009,5.682,148.854,368.531,710.892,1169.451,1716.674,1952.747,1.369,27.88,71.485,151.57999999999998,245.638,390.472,496.56,-1.2645,-13.881107142857143,-43.67983870967742,-62.194799999999994,-73.39283870967742,-95.0652,-34.458615384615385,0.6845,0.9468214285714286,1.4066129032258063,2.6698333333333335,3.0341290322580643,4.8278,8.160615384615385,8009896.5,9936803.982142856,13869611.790322581,14022473.666666666,15474272.758064516,16873065.5,13686361.692307692,7.841,10.113285714285714,12.086354838709678,16.412033333333333,19.79222580645161,23.240766666666666,23.159461538461535,11.3615,13.909928571428571,16.405451612903224,20.447400000000002,23.72416129032258,27.161800000000003,26.28069230769231,3.542,6.129464285714286,7.359645161290323,12.286766666666667,15.742096774193548,19.250933333333332,20.126769230769234,0.0,0.0,0.0,0.0,0.0,0.0,0.0,0.0,0.0,0.0,0.0,0.0,0.0,0.0,0.0,0.0,3.0,0.0,2.0,0.0,0.0,0.0,65.472,168.70999999999998,279.815,391.854,520.704,661.558,0.0,1.0645,2.67,4.319,5.952500000000001,8.1475,10.2285,6.5435,6.4254999999999995,6.265,6.234500000000001,6.123,6.0165,6.244,4.819
CN052,13.061,1.533,2009,5.777,166.10500000000002,346.414,608.775,977.75,1411.234,1490.06,6.926,54.674,134.079,267.307,465.521,692.883,731.669,-0.518375,-18.448607142857146,-33.91861290322581,-15.548666666666666,60.764741935483876,143.8091,242.09699999999998,0.86575,1.7052857142857143,2.561451612903226,4.440933333333334,6.394,7.578733333333333,6.464333333333333,9923573.0625,13395262.410714285,15183007.790322581,14059180.15,15148150.274193548,16898872.016666666,11283847.083333334,3.47525,10.689321428571429,10.692483870967742,13.745366666666666,16.90241935483871,19.44946666666667,18.137666666666668,8.112874999999999,16.633321428571428,16.343806451612902,18.489766666666664,21.304548387096776,23.6046,21.298666666666666,-0.55825,5.739357142857143,5.64841935483871,9.842899999999998,13.242451612903226,15.744433333333335,15.303666666666667,0.0,0.0,0.0,0.0,0.0,0.0,0.0,0.0,0.0,0.0,0.0,0.0,0.0,0.0,1.0,3.0,4.0,1.0,3.0,2.0,0.0,0.0,53.608999999999995,137.494,230.08499999999998,341.29699999999997,483.358,598.4,0.402,1.3624999999999998,2.8914999999999997,4.355,5.9425,8.267,10.021,8.011,7.821,7.619,7.6175,7.761,7.872999999999999,8.042,4.273
CN053,12.971,1.41,2009,4.978999999999999,229.931,502.31600000000003,829.39,1238.08,1663.634,1879.228,0.111,7.716,65.288,144.208,292.113,551.656,663.384,-2.487,-50.706285714285706,-133.73941935483873,-179.76576666666668,-213.75932258064515,-148.5901333333333,5.0390666666666695,0.111,0.2716071428571429,1.8571612903225807,2.630666666666667,4.771129032258065,8.651433333333333,7.448533333333333,16558118.0,19042838.60714286,19831996.322580647,18564945.7,19306437.822580647,17569033.0,16133716.933333334,9.979,13.034,13.786612903225807,15.902466666666667,18.18354838709677,19.185133333333333,19.372933333333332,16.192,19.741714285714288,20.090645161290322,21.480566666666668,23.326806451612903,23.51643333333333,23.173533333333335,4.052,6.415535714285714,7.739387096774193,10.956533333333335,13.744903225806452,15.542866666666667,16.307933333333335,0.0,0.0,0.0,0.0,0.0,0.0,0.0,0.0,0.0,0.0,0.0,0.0,0.0,0.0,0.0,8.0,8.0,0.0,1.0,0.0,0.0,0.0,76.893,182.613,275.959,371.26300000000003,489.744,620.0045,0.0,1.2095,2.9845,4.487,6.0665,8.1325,10.1295,7.839,7.474500000000001,7.001,6.9005,6.905,7.543,7.785,3.75
CN054,13.005,1.461,2009,0.0,0.0,0.0,49.045,181.532,422.15,545.7,2.07,93.794,156.052,221.459,317.001,469.896,571.783,-0.012,-12.87807142857143,13.87741935483871,-10.375200000000001,-55.445193548387095,-65.53483333333334,7.038357142857145,2.07,3.275857142857143,2.008322580645161,2.1802333333333332,3.082,5.0965,7.277642857142857,16715764.0,18179483.535714287,22031398.967741936,23573829.4,22988341.451612905,21430194.633333333,18560738.5,1.319,0.8587142857142858,1.6013225806451612,6.310033333333333,9.273774193548388,13.0206,13.825000000000001,7.159,6.219964285714285,6.614935483870967,11.6859,14.679870967741936,18.215833333333332,18.554285714285715,-4.02,-4.502892857142857,-3.4332903225806453,0.7116666666666667,4.613612903225806,8.652,10.165999999999999,0.0,0.0,0.0,0.0,0.0,0.0,0.0,0.0,0.0,0.0,0.0,0.0,0.0,0.0,0.0,6.0,1.0,0.0,0.0,0.0,0.0,0.0,41.120999999999995,101.909,170.278,258.65,369.243,476.2905,0.0,0.8245,1.944,3.057,4.27,5.66,6.4625,5.973,5.885,5.808,5.7895,5.831,5.9215,6.3385,6.343
CN061,12.801,1.465,2009,0.0,8.995000000000001,115.412,406.199,807.485,1394.114,1685.141,0.0,21.751,47.661,74.123,169.674,204.717,251.043,0.0,-12.790074074074074,-49.65293548387097,-134.386,-206.46612903225807,-301.8537666666667,-397.271,0.0,0.8055925925925926,0.8358064516129032,0.8820666666666667,3.0822903225806453,1.1681,3.309,0.0,11412205.314814815,16890521.725806452,19804824.066666666,19281999.491935484,24319457.966666665,21718836.785714287,0.0,3.4490000000000003,7.736548387096774,14.684433333333335,17.944709677419358,24.5543,25.787642857142856,0.0,8.285518518518519,13.644870967741936,20.668633333333332,23.34138709677419,30.775133333333333,30.853714285714286,0.0,-1.1516296296296298,1.9471935483870968,8.420533333333333,12.34867741935484,17.7381,20.190428571428573,0.0,0.0,0.0,0.0,0.0,0.0,0.0,0.0,0.0,0.0,0.0,0.0,0.0,0.0,0.0,8.0,13.0,8.0,8.0,11.0,4.0,0.0,28.98,86.35,181.573,293.565,402.77299999999997,510.67949999999996,0.0,0.5585,1.585,2.776,4.3245000000000005,5.9325,7.2995,0.0,3.948,3.931,3.685,3.957,3.42,3.6085000000000003,4.52
CN062,12.84,1.465,2009,0.0,0.0,36.998,264.015,596.784,1081.779,1445.988,0.0,8.723,22.815,32.554,61.62,79.547,123.291,0.0,-14.621210526315789,-57.71241935483871,-162.88156666666666,-291.419,-440.9995333333334,-564.2875238095238,0.0,0.4591052631578948,0.4545806451612903,0.3246333333333334,0.9376129032258064,0.5975666666666667,2.083047619047619,0.0,13837769.894736841,18342463.80645161,21658205.966666665,22324308.80645161,24995653.766666666,20499599.76190476,0.0,-0.43757894736842107,4.291161290322581,12.567233333333332,15.734483870967741,21.1665,22.343285714285713,0.0,5.050368421052632,10.744709677419355,19.091133333333335,21.97561290322581,27.63426666666667,28.099095238095238,0.0,-5.891842105263159,-2.211193548387097,5.2763,9.042032258064516,13.884433333333334,16.535,0.0,2.0,1.0,0.0,0.0,0.0,0.0,0.0,0.0,0.0,0.0,0.0,0.0,0.0,0.0,2.0,10.0,5.0,5.0,7.0,1.0,0.0,14.1065,37.343,73.906,138.727,240.019,362.693,0.0,0.249,0.677,1.2389999999999999,2.1065,3.4850000000000003,4.892,0.0,3.154,3.021,2.5275,2.785,2.4415,3.075,5.066
CN063,13.39,1.445,2009,0.0,0.2610000000000001,7.875,134.074,330.913,661.856,935.75,0.0,10.123000000000001,33.627,65.606,129.902,185.662,253.962,0.0,-15.312888888888889,-42.19490322580645,-119.15603333333334,-184.01312903225806,-262.7080666666667,-311.6545238095238,0.0,0.5623888888888889,0.7581935483870968,1.0659666666666667,2.074064516129032,1.8586666666666667,3.2523809523809524,0.0,15837445.555555556,19486369.032258064,21647594.966666665,21281494.677419353,23525753.0,18572838.095238097,0.0,-1.3311111111111111,1.1140322580645161,9.056999999999999,11.349645161290322,16.031433333333332,18.042571428571428,0.0,3.8906111111111112,7.234806451612903,15.244933333333334,16.927096774193547,21.7619,22.92252380952381,0.0,-6.842222222222222,-5.23641935483871,2.2577,5.869258064516129,10.218833333333333,13.239285714285714,0.0,2.0,9.0,0.0,0.0,0.0,0.0,0.0,0.0,0.0,0.0,0.0,0.0,0.0,0.0,8.0,10.0,7.0,4.0,1.0,0.0,0.0,13.608,37.418,78.307,154.874,270.404,401.173,0.0,0.191,0.5885,1.159,2.042,3.4425,4.789,0.0,4.073,4.148,3.9885,4.236,3.96,4.275,8.19
CN064,12.016,1.441,2009,0.0,0.0,56.521,313.742,699.605,1246.25,1597.259,0.0,3.396,14.135,19.183,40.665,47.3,70.224,0.0,-22.37690476190476,-80.25912903225806,-197.73466666666667,-344.4145806451613,-515.8049333333333,-662.396888888889,0.0,0.1617142857142857,0.34641935483870967,0.16826666666666668,0.6929677419354838,0.22116666666666668,1.2735555555555556,0.0,14159345.61904762,18133787.43548387,21329733.433333334,22689274.69354839,26149320.866666667,22769267.388888888,0.0,0.9304761904761905,5.300322580645162,13.574033333333334,17.447193548387094,23.2215,24.500500000000002,0.0,7.152571428571429,11.682903225806452,20.357733333333332,23.836161290322583,30.14383333333333,30.668833333333332,0.0,-4.804380952380952,-1.3184516129032258,6.2972,10.440677419354838,15.248666666666667,18.017833333333332,0.0,2.0,0.0,0.0,0.0,0.0,0.0,0.0,0.0,0.0,0.0,0.0,0.0,0.0,0.0,12.0,17.0,22.0,16.0,22.0,9.0,0.0,13.3645,34.815,65.833,120.146,211.749,317.9185,0.0,0.216,0.591,1.032,1.72,2.902,4.0965,0.0,3.438,3.35,2.811,2.784,2.2220000000000004,2.924,7.271
CN065,13.176,1.431,2009,0.0,0.0,38.173,245.335,586.566,1038.4470000000001,1478.902,0.0,8.08,31.811,87.012,143.888,194.138,210.117,0.0,-3.4595333333333333,-23.466,-78.48933333333333,-144.2293870967742,-255.58573333333334,-379.90656,0.0,0.5386666666666666,0.7655161290322581,1.8400333333333334,1.8347096774193548,1.675,0.63916,0.0,12505225.866666667,16093399.225806452,19379400.166666668,23577653.35483871,24293830.233333334,24348590.08,0.0,-6.3314,3.192483870967742,11.905399999999998,16.007451612903225,20.0627,22.6182,0.0,-0.6231333333333333,9.136258064516129,17.797633333333334,21.868935483870967,25.516133333333336,28.16976,0.0,-11.941466666666667,-3.1988387096774193,5.3495,9.497838709677419,14.270533333333333,16.72264,0.0,15.0,7.0,0.0,0.0,0.0,0.0,0.0,0.0,0.0,0.0,0.0,0.0,0.0,0.0,3.0,8.0,2.0,3.0,2.0,0.0,0.0,5.099,19.005,56.507999999999996,124.516,231.9,374.247,0.0,0.202,0.6365,1.262,2.167,3.5885,5.094,0.0,3.151,3.009,2.91,2.994,2.8625,2.639,8.991
CN011,14.819,1.511,2010,0.0,0.0,8.308,101.113,520.387,1051.778,1316.312,0.0,7.382,36.538000000000004,68.227,116.086,188.729,249.894,0.0,-14.191076923076924,-43.48635483870968,-97.8828,-181.82664516129032,-265.5464,-326.4734615384615,0.0,0.2839230769230769,0.9405161290322581,1.0563,1.5438387096774193,2.4214333333333333,4.705,0.0,12485184.557692308,16211347.935483871,19304025.733333334,21898169.677419353,22945605.9,18145408.384615384,0.0,-3.2039230769230773,1.1571612903225807,7.9347,18.524967741935484,22.713033333333332,25.34876923076923,0.0,2.248423076923077,6.292,13.8963,24.760451612903225,28.285833333333336,30.19323076923077,0.0,-7.522807692307692,-3.266741935483871,2.6065666666666667,12.311129032258064,17.426266666666667,20.268615384615387,0.0,12.0,2.0,0.0,0.0,0.0,0.0,0.0,0.0,0.0,0.0,0.0,0.0,0.0,0.0,18.0,16.0,13.0,13.0,13.0,6.0,0.0,15.239,41.419,81.368,153.333,273.047,404.027,0.0,0.363,0.983,1.728,2.807,4.8885,6.714,0.0,3.806,3.831,3.8005,3.741,3.682,3.38,5.62
CN012,14.794,1.439,2010,0.0,0.0,27.293,193.644,673.677,1245.153,1526.929,0.0,5.82,17.106,39.907000000000004,92.09,152.592,225.07500000000002,0.0,-15.035160000000001,-57.93222580645162,-140.19083333333336,-239.34390322580646,-353.4557666666667,-409.64515384615385,0.0,0.2328,0.3640645161290323,0.7600333333333332,1.6833225806451613,2.0167333333333333,5.575615384615385,0.0,11931488.58,16453355.903225806,19966556.666666668,21671734.080645163,23380021.2,19373303.076923076,0.0,-1.21308,3.283354838709678,10.545033333333333,20.484935483870967,24.0492,26.675076923076922,0.0,4.00012,8.643903225806453,16.41946666666667,26.72441935483871,30.022133333333333,31.605923076923077,0.0,-5.15996,-1.3370000000000002,5.194633333333333,14.760548387096774,18.825733333333336,22.16369230769231,0.0,5.0,0.0,0.0,0.0,0.0,0.0,0.0,0.0,0.0,0.0,0.0,0.0,0.0,0.0,19.0,16.0,17.0,17.0,18.0,6.0,0.0,12.982499999999998,35.443,78.237,163.066,275.399,388.4075,0.0,0.297,0.819,1.3784999999999998,2.3815,4.3165,5.457,0.0,4.089,4.085,4.0045,3.984,3.911,3.937,5.49
CN013,14.781,1.481,2010,0.0,0.27200000000000024,20.034,145.313,578.047,1131.477,1402.301,0.0,9.635,25.887999999999998,51.427,92.672,137.445,184.917,0.0,-12.6108,-51.20519354838709,-127.9277,-228.97387096774193,-347.69593333333336,-418.3205384615385,0.0,0.38539999999999996,0.5242903225806451,0.8513000000000001,1.3304838709677418,1.4924333333333333,3.651692307692308,0.0,11947393.24,16483037.91935484,19972458.9,22004693.548387095,23380909.033333335,19882907.615384616,0.0,-2.1892,2.482741935483871,9.105233333333333,18.95916129032258,23.447666666666667,25.832615384615387,0.0,3.16908,7.865290322580645,15.001100000000001,25.099129032258062,29.311899999999998,30.828,0.0,-6.42716,-2.224806451612903,3.8139,12.973870967741936,17.9178,20.969384615384612,0.0,9.0,1.0,0.0,0.0,0.0,0.0,0.0,0.0,0.0,0.0,0.0,0.0,0.0,0.0,11.0,13.0,9.0,10.0,3.0,2.0,0.0,14.255,41.034,92.742,179.249,289.611,408.12800000000004,0.0,0.323,0.927,1.665,2.8575,4.5495,6.077,0.0,4.077,4.04,3.919,3.814,3.6485000000000003,3.912,5.214
CN014,14.597,1.473,2010,0.0,2.4509999999999996,14.222000000000001,105.24,457.911,949.121,1210.737,0.0,18.597,39.456,82.085,116.9,155.978,201.272,0.0,-9.40672,-42.80129032258064,-109.62166666666667,-195.55067741935483,-311.9402666666667,-376.8912142857143,0.0,0.7438800000000001,0.6728709677419356,1.4209666666666665,1.1230645161290322,1.3026000000000002,3.235285714285714,0.0,12846304.98,16414415.935483871,20209353.383333333,21947048.16129032,23952284.7,21369018.214285713,0.0,-1.79588,2.126161290322581,7.495500000000001,16.376483870967743,21.37366666666667,23.686857142857143,0.0,3.9412399999999996,7.545645161290322,13.729233333333333,22.460612903225805,27.6487,28.840714285714284,0.0,-6.4170799999999995,-2.7310322580645163,1.8343666666666667,10.158677419354838,15.132299999999999,18.489285714285717,0.0,11.0,3.0,0.0,0.0,0.0,0.0,0.0,0.0,0.0,0.0,0.0,0.0,0.0,0.0,10.0,8.0,9.0,8.0,2.0,1.0,0.0,14.003,37.972,70.771,115.763,191.369,296.52750000000003,0.0,0.303,0.8880000000000001,1.495,2.2655000000000003,3.6025,5.013999999999999,0.0,4.551,4.558,4.4175,4.262,3.7225,4.2364999999999995,4.95
CN015,13.312,1.479,2010,0.0,0.0,0.0,34.921,343.985,876.497,1128.401,0.0,4.611,21.751,51.189,143.306,167.405,192.325,0.0,-8.649304347826087,-35.66777419354839,-98.11733333333333,-147.43396774193548,-254.73286666666667,-355.66221428571424,0.0,0.20047826086956522,0.5529032258064517,0.9812666666666666,2.971516129032258,0.8033,1.78,0.0,12149632.260869564,16470452.903225806,19247493.933333334,19414770.451612905,24449186.733333334,20518900.285714287,0.0,-10.93504347826087,-4.916806451612903,4.021766666666666,14.969806451612904,22.7504,22.993142857142857,0.0,-5.177652173913043,0.8942903225806451,9.8206,20.89874193548387,29.058366666666664,28.124571428571432,0.0,-15.773565217391303,-10.423258064516128,-1.6402333333333334,9.129000000000001,16.121866666666666,17.830571428571428,0.0,23.0,22.0,0.0,0.0,0.0,0.0,0.0,0.0,0.0,0.0,0.0,0.0,0.0,0.0,7.0,9.0,7.0,1.0,3.0,0.0,0.0,17.13,47.141999999999996,85.35,130.353,213.298,333.4835,0.0,0.352,0.9644999999999999,1.63,2.3645,3.7425,5.249499999999999,0.0,3.977,3.961,3.8979999999999997,4.392,3.7809999999999997,3.8419999999999996,6.066
CN021,14.162,1.52,2010,0.0,0.0,4.6899999999999995,58.275000000000006,388.239,896.47,1130.706,0.0,16.041999999999998,45.059,101.734,202.693,239.089,292.889,0.0,-8.749307692307692,-27.03074193548387,-67.20273333333334,-83.06683870967743,-170.17713333333333,-221.65800000000002,0.0,0.6169999999999999,0.9360322580645161,1.8891666666666667,3.256741935483871,1.2132,4.138461538461538,0.0,12010472.576923076,16303492.677419355,17779730.183333334,17916742.85483871,23301183.166666668,18041977.384615384,0.0,-7.673923076923076,-1.9981290322580645,5.893,15.644,21.941033333333333,23.018153846153844,0.0,-2.6094615384615385,2.983838709677419,10.846633333333333,20.931225806451614,27.6064,27.253384615384615,0.0,-12.067653846153847,-6.454741935483871,1.3505,10.842129032258065,16.4614,19.433230769230768,0.0,24.0,13.0,0.0,0.0,0.0,0.0,0.0,0.0,0.0,0.0,0.0,0.0,0.0,0.0,17.0,16.0,5.0,6.0,10.0,1.0,0.0,15.6715,43.528,80.009,128.756,228.957,375.7265,0.0,0.391,1.0715000000000001,1.803,2.6725000000000003,4.324,6.304,0.0,4.786,4.809,4.909,5.209,4.55,4.922,5.497
CN022,13.895,1.483,2010,0.0,0.0,0.0,25.131,330.273,865.2810000000001,1099.253,0.0,17.711,52.884,118.286,244.873,279.461,344.318,0.0,-3.9131071428571427,-4.037709677419355,-25.350366666666666,-3.6280967741935486,-93.86906666666667,-134.41914285714284,0.0,0.6325357142857142,1.1346129032258065,2.180066666666667,4.083451612903226,1.1529333333333334,4.632642857142857,0.0,11479195.714285715,15538711.483870968,17546050.066666666,18330489.43548387,23657734.0,17513532.85714286,0.0,-13.248750000000001,-6.187129032258065,3.5510333333333337,14.843290322580645,22.8336,21.712285714285713,0.0,-7.8299642857142855,-1.0926774193548385,8.320833333333333,20.254677419354838,28.608,25.802071428571427,0.0,-18.197464285714286,-11.509580645161291,-1.1889666666666665,9.68590322580645,17.006333333333334,18.281142857142857,0.0,27.0,24.0,0.0,0.0,0.0,0.0,0.0,0.0,0.0,0.0,0.0,0.0,0.0,0.0,16.0,15.0,6.0,5.0,8.0,0.0,0.0,11.055,32.113,62.438,106.58500000000001,200.823,349.4415,0.0,0.4585,1.1785,1.876,2.7205000000000004,4.2475000000000005,6.121499999999999,0.0,5.2065,5.243,5.285,5.632,4.7815,5.453,6.204
CN023,14.269,1.486,2010,0.0,0.0,0.0,21.894,310.53499999999997,853.876,1050.061,0.0,14.757,44.554,89.775,189.948,233.389,285.093,0.0,-0.709,0.835354838709678,-20.994833333333336,-23.20616129032258,-114.1405,-156.52158333333333,0.0,0.5270357142857143,0.9611935483870968,1.5073666666666667,3.231387096774194,1.4480333333333335,4.308666666666666,0.0,10591250.285714285,15038569.225806452,18118092.233333334,18435825.0,23753235.0,16917959.041666668,0.0,-17.36357142857143,-8.561322580645161,2.6567999999999996,14.310999999999998,23.111366666666665,21.34875,0.0,-11.524107142857144,-3.078225806451613,7.5903,19.685129032258065,29.035833333333336,25.391583333333333,0.0,-22.715785714285715,-14.54241935483871,-2.4464333333333332,8.874709677419354,17.142666666666667,17.813,0.0,28.0,29.0,0.0,0.0,0.0,0.0,0.0,0.0,0.0,0.0,0.0,0.0,0.0,0.0,10.0,11.0,3.0,2.0,5.0,0.0,0.0,4.305,15.106,37.745,80.014,177.394,332.7025,0.0,1.022,2.052,2.756,3.6725,5.395,7.423,0.0,5.4045000000000005,5.426,5.499499999999999,5.646,5.0455000000000005,5.3895,5.285
CN031,12.706,1.42,2010,20.637,88.192,203.215,412.404,862.14,1401.605,0.0,20.117,97.351,241.326,360.794,437.817,552.929,0.0,-2.3145833333333337,29.614178571428567,95.81574193548387,140.0262,119.07177419354838,70.9078,0.0,1.6764166666666667,2.7583571428571427,4.644354838709678,3.982266666666667,2.4846129032258064,3.8370666666666664,0.0,9559745.5,10089787.39732143,13580325.782258065,16563964.95,19262168.0,18009613.35,0.0,5.949333333333333,6.543,8.437967741935484,11.972966666666668,19.507612903225805,22.982166666666668,0.0,9.527333333333333,10.162464285714284,12.467935483870969,15.975366666666668,23.351290322580645,26.345599999999997,0.0,2.647,3.2645000000000004,4.987967741935484,8.516233333333334,16.05848387096774,20.211833333333335,0.0,0.0,0.0,0.0,0.0,0.0,0.0,0.0,0.0,0.0,0.0,0.0,0.0,0.0,0.0,5.0,6.0,13.0,11.0,12.0,8.0,0.0,20.387,68.117,159.49099999999999,274.005,389.927,484.873,0.0,0.329,0.894,2.177,3.844,5.229,6.1615,0.0,6.4025,6.6225000000000005,6.812,6.782,6.418,6.148999999999999,0.0,6.659
CN032,13.994,1.439,2010,0.6440000000000001,41.408,131.405,329.032,796.53,1370.062,1646.364,3.151,71.545,134.707,234.548,304.88100000000003,357.629,467.766,1.92,15.379464285714286,31.07725806451613,20.709733333333336,-17.349387096774194,-84.66253333333334,-128.7159166666667,3.151,2.4426428571428573,2.037483870967742,3.328033333333333,2.268806451612903,1.7582666666666669,9.178083333333333,9384488.0,10453471.066964285,14482311.370967742,18306185.108333334,19899991.741935484,21824342.283333335,17953101.625,5.644,4.401142857142857,7.0400322580645165,11.587566666666667,20.08058064516129,24.117733333333334,28.025166666666667,9.346,8.816285714285714,11.68774193548387,16.438666666666666,24.923548387096773,28.7316,31.756249999999998,2.565,0.4758214285714285,2.8998709677419354,6.932033333333333,15.283161290322582,19.781466666666667,24.842,0.0,0.0,0.0,0.0,0.0,0.0,0.0,0.0,0.0,0.0,0.0,0.0,0.0,0.0,0.0,11.0,9.0,12.0,12.0,9.0,1.0,0.0,49.658,151.754,303.724,485.459,631.707,746.8435,0.0,0.8225,2.4795,4.3870000000000005,6.678000000000001,8.791,10.158999999999999,5.721,5.771,5.749,5.641,5.301,5.0435,5.351,5.412
CN033,12.565,1.447,2010,42.842999999999996,134.294,284.679,527.271,994.275,1374.29,0.0,45.148,167.964,336.151,475.742,656.702,809.828,0.0,-1.2068947368421048,75.88489285714286,178.65793548387097,234.95113333333333,283.7515483870968,322.7095909090909,0.0,2.3762105263157896,4.386285714285714,5.425387096774194,4.653033333333334,5.83741935483871,6.960272727272727,0.0,9732228.967105264,9806297.267857144,13825646.887096774,15413675.208333334,16967283.387096774,16534111.818181818,0.0,6.522263157894737,7.435071428571429,9.58158064516129,13.0864,20.064645161290322,22.27340909090909,0.0,11.065947368421053,11.571285714285713,14.333354838709678,17.488133333333334,24.046096774193547,25.76790909090909,0.0,2.6312105263157894,3.8807857142857145,5.467967741935484,9.249,16.39122580645161,19.300727272727272,0.0,0.0,0.0,0.0,0.0,0.0,0.0,0.0,0.0,0.0,0.0,0.0,0.0,0.0,0.0,6.0,5.0,10.0,6.0,6.0,3.0,0.0,20.427,66.494,148.507,244.531,350.759,462.644,0.0,0.671,2.0785,3.9825,5.606,7.502000000000001,9.693,0.0,7.273,7.621499999999999,7.658,7.6274999999999995,7.466,7.398999999999999,0.0,4.455
CN034,13.843,1.492,2010,4.417,56.528,171.32399999999998,395.858,882.289,1478.682,1673.63,5.636,92.43199999999999,174.553,275.97499999999997,353.223,435.493,492.129,-0.3566666666666667,24.28010714285714,60.78429032258064,60.68663333333333,33.496096774193546,-13.853333333333335,-51.45,1.8786666666666667,3.0998571428571426,2.649064516129032,3.380733333333333,2.4918709677419355,2.7423333333333333,7.0794999999999995,10291469.0,10241307.25892857,14358063.838709677,17879732.916666668,19288866.35483871,21409495.566666666,18975221.375,6.472333333333334,4.939357142857142,7.848161290322581,12.484466666666666,20.691322580645163,24.87976666666667,29.3685,11.023333333333333,9.193035714285715,12.492258064516129,17.353366666666666,25.505774193548387,29.291866666666667,33.045375,2.273,1.047857142857143,3.5168064516129034,7.704133333333333,15.793967741935484,20.517833333333332,26.04475,0.0,0.0,0.0,0.0,0.0,0.0,0.0,0.0,0.0,0.0,0.0,0.0,0.0,0.0,0.0,8.0,8.0,11.0,12.0,4.0,1.0,0.0,54.664,163.058,312.46999999999997,481.129,622.1,716.576,0.0,1.0975,2.838,4.702,6.905,9.0905,10.273,6.046,6.248,6.26,6.195,5.855,5.5335,5.888,4.109
CN035,11.511,1.369,2010,141.765,318.159,589.749,903.296,1404.57,1447.708,0.0,108.77,261.986,442.717,701.517,987.966,1005.428,0.0,30.4703,128.57492857142856,263.1239032258065,397.35540000000003,546.2727741935485,648.8516666666667,0.0,3.6256666666666666,5.472,5.830032258064516,8.626666666666667,9.240290322580645,5.820666666666667,0.0,8826118.325,9499978.25,14557570.491935484,13602170.691666666,14993993.564516129,12457513.666666666,0.0,9.673399999999999,11.186107142857143,13.721483870967742,15.451566666666666,21.170129032258064,19.379333333333335,0.0,14.2133,15.48567857142857,18.923000000000002,19.977866666666667,25.153580645161288,22.99133333333333,0.0,5.9851,7.587714285714286,9.174645161290321,11.8401,17.838290322580644,16.817333333333334,0.0,0.0,0.0,0.0,0.0,0.0,0.0,0.0,0.0,0.0,0.0,0.0,0.0,0.0,0.0,5.0,2.0,7.0,2.0,2.0,0.0,0.0,63.044999999999995,167.52100000000002,292.042,416.592,554.922,660.718,0.0,1.182,3.2965,5.4845,7.484,9.5875,11.296,0.0,8.056999999999999,8.376000000000001,8.399,8.484,8.391,8.319,0.0,3.793
CN036,11.508,1.358,2010,64.781,200.096,419.01599999999996,717.571,1248.489,1353.384,0.0,99.00999999999999,276.997,562.561,839.303,1180.209,1193.79,0.0,16.213967741935484,143.74939285714285,365.6952258064516,531.5693,728.9141290322581,841.2066666666666,0.0,3.193870967741935,6.356678571428572,9.211741935483872,9.224733333333335,10.996967741935483,2.2635,0.0,8015110.064516129,9258008.8125,13105566.39516129,12520244.45,15432014.064516129,17568111.916666668,0.0,6.344451612903225,9.17067857142857,11.901612903225805,14.951833333333333,22.126387096774195,22.4825,0.0,10.406322580645162,13.259857142857143,16.729451612903226,19.156266666666667,26.16490322580645,26.579666666666668,0.0,2.912709677419355,5.529392857142858,7.547774193548387,11.0621,18.223129032258065,18.703166666666664,0.0,0.0,0.0,0.0,0.0,0.0,0.0,0.0,0.0,0.0,0.0,0.0,0.0,0.0,0.0,8.0,4.0,10.0,6.0,4.0,1.0,0.0,58.203,147.914,239.947,333.68899999999996,450.38,549.94,0.0,1.1975,2.7405,4.0545,5.621,7.464,9.01,0.0,7.434,7.919499999999999,8.047,8.293,8.395,8.2045,0.0,3.679
CN037,14.446,1.493,2010,0.0,19.35,84.931,280.709,752.652,1338.824,1650.817,0.0,30.841,48.717999999999996,82.778,123.747,168.699,220.305,0.0,-4.90736,-36.538225806451614,-119.364,-222.65541935483873,-330.02503333333334,-387.85185714285717,0.0,1.23364,0.5766774193548386,1.1353333333333333,1.3215806451612904,1.4984,3.6861428571428574,0.0,10846907.945,16329677.225806452,20144363.933333334,21789920.0,23285680.216666665,21054454.60714286,0.0,2.1353999999999997,5.654516129032258,11.525933333333334,20.223967741935482,24.539066666666667,27.285214285714286,0.0,7.17384,10.825903225806451,17.0509,25.911290322580644,29.846,31.848357142857143,0.0,-2.10296,1.0770645161290324,6.440266666666667,14.74741935483871,19.441533333333332,22.978214285714284,0.0,2.0,0.0,0.0,0.0,0.0,0.0,0.0,0.0,0.0,0.0,0.0,0.0,0.0,0.0,11.0,12.0,13.0,17.0,10.0,4.0,0.0,19.4215,63.376000000000005,162.18800000000002,307.171,443.91,561.0645,0.0,0.372,1.2675,2.568,4.4105,6.2765,7.7165,0.0,4.871,4.78,4.439500000000001,4.238,4.12,4.303,6.381
CN041,14.925,1.468,2010,0.0,38.893,160.858,409.001,901.8629999999999,1525.764,1804.89,0.0,38.088,73.861,123.416,180.959,225.892,276.768,0.0,1.851222222222222,-25.013870967741934,-87.96000000000001,-152.72441935483872,-251.37199999999999,-323.80083333333334,0.0,1.4106666666666667,1.1539677419354837,1.6518333333333333,1.8562258064516128,1.4977666666666667,4.2396666666666665,0.0,10720709.462962963,15548320.58064516,18890500.6,19707150.66129032,23023252.266666666,19617462.583333332,0.0,3.618148148148148,8.010129032258064,13.271433333333333,20.898774193548388,25.796699999999998,28.260499999999997,0.0,8.469481481481482,13.098483870967742,18.663366666666665,26.136677419354836,30.9925,32.60041666666667,0.0,-0.5627037037037037,3.287774193548387,8.0786,15.781322580645162,20.7045,24.397000000000002,0.0,0.0,0.0,0.0,0.0,0.0,0.0,0.0,0.0,0.0,0.0,0.0,0.0,0.0,0.0,12.0,9.0,14.0,11.0,8.0,1.0,0.0,41.095,129.608,287.445,467.779,608.933,726.797,0.0,0.7065,2.311,4.275,6.5305,8.494499999999999,9.797,0.0,4.502,4.417,4.272,4.142,3.8825000000000003,4.281000000000001,5.552
CN042,13.08,1.433,2010,11.194,79.815,251.426,542.351,1041.838,1650.857,1754.097,8.058,70.646,165.267,248.14000000000001,389.30400000000003,485.558,503.867,-0.1451999999999999,13.639107142857144,25.04241935483871,29.772700000000004,41.26412903225807,39.5737,-8.32225,1.6116,2.2352857142857143,3.0522903225806455,2.7624333333333335,4.553677419354838,3.2084666666666664,4.577249999999999,7617812.2,9604036.77232143,13606071.427419355,16689138.383333333,16630869.806451613,20578435.608333334,20440448.75,7.2388,6.0758214285714285,10.122516129032258,14.6975,21.11248387096774,25.300633333333334,30.810000000000002,11.5846,10.284035714285713,14.844032258064518,19.285766666666667,25.344225806451615,29.3442,34.4765,3.2356000000000003,1.8849285714285713,5.378774193548387,10.149466666666665,16.91809677419355,21.3279,27.7575,0.0,0.0,0.0,0.0,0.0,0.0,0.0,0.0,0.0,0.0,0.0,0.0,0.0,0.0,1.0,8.0,11.0,15.0,9.0,3.0,0.0,0.0,55.089,162.30700000000002,296.074,432.7,563.016,672.554,0.0,0.817,2.3705,4.148,6.039,8.1875,9.647,6.155,6.225,6.223,6.266,6.376,6.225,6.0855,4.912
CN043,12.106,1.391,2010,46.518,154.688,365.16,674.347,1188.721,1431.972,0.0,45.105000000000004,142.88400000000001,324.267,546.897,806.867,912.957,0.0,0.25473913043478286,52.440642857142855,125.36654838709677,253.33329999999998,378.6434193548387,492.9462142857143,0.0,1.9610869565217393,3.492107142857143,5.851064516129033,7.421,8.386129032258063,7.577857142857143,0.0,7707355.641304348,9022834.142857144,12698971.451612903,13274184.466666667,14572035.64516129,15800408.69642857,0.0,6.52895652173913,8.029285714285715,11.62483870967742,15.306233333333333,21.592709677419357,22.375071428571427,0.0,10.211608695652174,11.895642857142857,16.182387096774193,19.371066666666664,25.29690322580645,25.8295,0.0,2.9701304347826087,4.246357142857143,7.256935483870968,11.4299,18.020806451612902,18.9665,0.0,0.0,0.0,0.0,0.0,0.0,0.0,0.0,0.0,0.0,0.0,0.0,0.0,0.0,0.0,7.0,3.0,10.0,5.0,3.0,0.0,0.0,34.458,97.147,186.344,281.70500000000004,391.347,505.9945,0.0,0.9450000000000001,2.322,4.0760000000000005,5.636,7.399,9.232,0.0,7.126,7.388999999999999,7.409,7.598000000000001,7.784,7.779999999999999,0.0,5.76
CN044,11.814,1.393,2010,231.439,562.419,998.011,1466.246,2102.58,2157.698,0.0,61.161,137.766,204.491,431.706,700.855,765.097,0.0,10.452173913043477,30.776107142857143,19.485096774193547,64.07933333333332,192.5793870967742,329.0536666666667,0.0,2.659173913043478,2.7358928571428573,2.1524193548387096,7.573833333333334,8.682225806451614,21.413999999999998,0.0,9220036.847826088,10443258.160714285,15158362.85483871,13428251.583333334,16832614.79032258,11000851.5,0.0,15.062565217391306,16.820714285714285,19.051354838709678,20.607833333333335,25.52690322580645,23.372666666666664,0.0,18.774260869565218,20.74882142857143,23.46287096774194,24.249333333333333,29.17732258064516,26.305666666666667,0.0,11.825826086956521,13.628678571428571,15.288709677419355,17.612033333333333,22.49483870967742,21.134,0.0,0.0,0.0,0.0,0.0,0.0,0.0,0.0,0.0,0.0,0.0,0.0,0.0,0.0,0.0,4.0,0.0,5.0,0.0,0.0,0.0,0.0,54.181,145.923,256.03,367.282,500.078,603.918,0.0,1.1139999999999999,3.0505,5.176,7.0520000000000005,9.15,10.9,0.0,6.783,6.8580000000000005,6.661,7.1065000000000005,7.247,7.859,0.0,4.443
CN045,12.411,1.496,2010,192.586,483.861,883.797,1313.492,1931.442,2024.395,0.0,143.955,193.211,241.4,503.59000000000003,801.412,848.21,0.0,48.02491666666666,103.76050000000001,51.02083870967743,120.16943333333333,303.5228064516129,427.20860000000005,0.0,5.998125000000001,1.7591428571428571,1.554483870967742,8.739666666666666,9.607161290322582,9.359599999999999,0.0,7331168.921875,10717712.625,14042002.0,11624281.1,15062559.048387097,16307658.2,0.0,13.024416666666667,15.40267857142857,17.90116129032258,19.32316666666667,24.933870967741935,23.590600000000002,0.0,16.538708333333332,19.922464285714284,22.429612903225806,23.144266666666667,28.55003225806452,26.9324,0.0,9.847916666666666,11.49642857142857,13.942225806451614,15.99,21.62183870967742,20.4886,0.0,0.0,0.0,0.0,0.0,0.0,0.0,0.0,0.0,0.0,0.0,0.0,0.0,0.0,0.0,2.0,1.0,7.0,1.0,1.0,0.0,0.0,43.237500000000004,114.637,203.214,296.538,411.599,506.505,0.0,1.0870000000000002,2.726,4.4079999999999995,6.09,8.097999999999999,9.689,0.0,6.922499999999999,6.841,6.553,6.9765,7.221,7.325,0.0,3.87
CN046,11.719,1.364,2010,128.89,608.437,1176.054,1791.163,2517.36,2671.029,0.0,2.997,19.197,39.005,140.39600000000002,318.29200000000003,356.695,0.0,-9.0335,-60.16514285714286,-168.3300322580645,-269.32643333333334,-278.78074193548383,-231.758,0.0,0.374625,0.5785714285714285,0.6389677419354839,3.3797,5.7385806451612895,5.486142857142857,0.0,12559334.75,14238955.089285715,18249437.741935484,18825488.933333334,20784407.48387097,18135910.14285714,0.0,21.11125,22.126678571428574,23.310225806451612,25.503633333333333,28.425709677419356,26.952714285714286,0.0,25.069,26.854535714285714,28.42758064516129,29.7801,32.68022580645161,30.227857142857143,0.0,18.134875,18.62664285714286,19.52258064516129,22.1877,25.217774193548387,24.300571428571427,0.0,0.0,0.0,0.0,0.0,0.0,0.0,0.0,0.0,0.0,0.0,0.0,0.0,0.0,0.0,1.0,8.0,8.0,1.0,0.0,0.0,0.0,0.0,100.952,247.06799999999998,387.794,541.487,651.151,0.0,0.603,2.0909999999999997,3.897,5.359,7.377000000000001,9.192,0.0,6.25,5.986,5.418,5.7105,5.718,6.434,0.0,4.323
CN050,12.526,1.429,2010,30.35,131.665,364.05899999999997,668.737,1130.352,1659.117,1682.352,8.219999999999999,38.636,133.001,244.092,431.451,588.912,589.871,-2.4915,-10.33532142857143,-11.707580645161288,37.0756,98.17780645161291,175.27113333333332,203.083,0.8219999999999998,1.0862857142857143,3.044032258064516,3.703033333333333,6.04383870967742,5.2486999999999995,0.959,7099289.7125,9019714.25892857,11770764.798387097,12658019.4,12429583.822580645,14677423.766666668,21815834.0,8.035,8.603821428571427,12.496580645161291,15.155933333333333,19.890806451612903,22.6255,28.235,11.503,12.22642857142857,16.627870967741938,18.840833333333332,23.420451612903225,25.861333333333334,31.208,4.468999999999999,4.945535714285714,8.13841935483871,11.1399,16.404903225806454,19.3341,24.64,0.0,0.0,0.0,0.0,0.0,0.0,0.0,0.0,0.0,0.0,0.0,0.0,0.0,0.0,1.0,3.0,6.0,3.0,3.0,0.0,0.0,0.0,41.949,113.557,196.162,303.988,462.351,595.681,0.458,1.5150000000000001,3.2489999999999997,4.957,6.9015,9.659,0.0,6.615,6.5845,6.573,6.7135,6.749,6.692,6.427,5.433
CN051,12.899,1.434,2010,7.5,100.202,305.633,587.828,1035.101,1531.201,1788.371,1.456,26.905,74.882,141.954,255.026,387.754,468.547,-1.2574999999999998,-10.761178571428571,-45.30312903225806,-63.8384,-78.19035483870967,-40.341166666666666,-0.04330769230768935,0.728,0.9088928571428572,1.5476451612903224,2.2357333333333336,3.647483870967742,4.424266666666667,6.214846153846154,9599550.0,10884172.160714285,13393155.596774194,13744676.166666666,14074620.193548387,13672311.116666667,15261982.0,8.75,8.214607142857144,11.626806451612902,14.4065,19.42816129032258,21.53666666666667,24.782307692307693,12.9665,12.212928571428572,16.175451612903228,18.5555,23.336645161290324,24.9404,28.11053846153846,4.6525,4.305821428571429,6.769741935483871,10.019866666666667,15.527516129032259,18.243100000000002,21.579384615384615,0.0,0.0,0.0,0.0,0.0,0.0,0.0,0.0,0.0,0.0,0.0,0.0,0.0,0.0,0.0,1.0,5.0,1.0,0.0,0.0,0.0,0.0,62.504000000000005,162.791,261.002,355.13599999999997,465.85,597.6610000000001,0.0,0.9600000000000001,2.6695,4.047,5.6594999999999995,7.772,9.747,6.4079999999999995,6.378,6.25,6.269500000000001,6.302,6.5375,6.698,4.936
CN052,13.061,1.533,2010,24.054000000000002,141.028,339.904,580.864,976.491,1366.499,1472.042,6.626,24.693,73.089,189.749,388.67,668.159,686.725,-6.576875,-37.86582142857143,-110.651,-122.75236666666666,-73.13799999999999,68.54733333333334,183.03733333333335,0.82825,0.64525,1.5611612903225807,3.8886666666666665,6.416806451612903,9.3163,3.094333333333333,12774770.875,15125269.07142857,16540494.048387097,14493539.15,15010758.64516129,11548664.666666666,20027854.833333332,7.949,8.392392857142857,11.272129032258064,13.032,17.762161290322577,18.00026666666667,22.590500000000002,14.663625,14.944392857142857,17.778225806451612,18.441966666666666,22.468258064516128,21.327299999999997,26.7775,2.635625,2.9836071428571427,5.9114516129032255,8.564433333333334,13.860967741935484,15.313433333333334,18.826,0.0,0.0,0.0,0.0,0.0,0.0,0.0,0.0,0.0,0.0,0.0,0.0,0.0,0.0,0.0,2.0,1.0,0.0,1.0,0.0,0.0,0.0,47.873999999999995,117.36,185.289,264.884,377.96500000000003,480.769,0.351,1.2205,2.4955,3.5949999999999998,4.927,7.007499999999999,8.695,7.485,7.3255,7.064,7.1865000000000006,7.295,7.8675,7.8795,4.094
CN053,12.971,1.41,2010,6.335000000000001,199.931,492.249,829.969,1287.026,1703.563,1938.761,0.022,10.884,33.928,142.663,284.652,562.973,637.859,-3.758,-56.71614285714286,-173.23948387096775,-243.01389999999998,-268.56209677419355,-173.18316666666666,-71.88813333333333,0.022,0.38792857142857146,0.7433548387096774,3.6245,4.5802903225806455,9.277366666666666,4.9924,18613362.0,18991133.39285714,20237541.93548387,19890116.266666666,20707509.870967742,14948292.433333334,18006702.933333334,11.335,11.898142857142858,14.429612903225806,16.257333333333335,19.743774193548386,18.884566666666668,20.679866666666666,18.459,18.65217857142857,20.70364516129032,22.4346,25.200387096774193,22.919933333333333,24.829,4.475,5.555428571428571,8.442064516129033,10.710366666666665,14.927709677419355,15.7408,17.311466666666668,0.0,0.0,0.0,0.0,0.0,0.0,0.0,0.0,0.0,0.0,0.0,0.0,0.0,0.0,1.0,10.0,3.0,1.0,0.0,0.0,0.0,0.0,63.586,150.05700000000002,226.99,304.501,400.16200000000003,510.22350000000006,0.0,1.04,2.5679999999999996,3.872,5.224,7.1225000000000005,8.909500000000001,6.908,6.68,6.359,6.452,6.309,7.352,7.411,4.072
CN054,13.005,1.461,2010,0.0,0.0,5.8950000000000005,46.555,175.421,396.92199999999997,521.501,0.542,43.052,222.002,477.804,671.706,845.254,931.645,-1.446,-11.246892857142857,14.03861290322581,163.97586666666666,258.68535483870966,328.43483333333336,376.2765,0.542,1.5182142857142857,5.77258064516129,8.526733333333333,6.254903225806452,5.784933333333333,6.170785714285714,17715452.0,18418702.07142857,20633944.677419353,22019938.466666665,21218119.16129032,20433272.466666665,18367106.42857143,-0.812,0.17085714285714285,3.3580645161290326,6.2880666666666665,9.156967741935484,12.383366666666666,13.8985,5.166,5.427035714285714,8.486387096774195,11.259966666666665,13.933935483870968,17.4445,18.522142857142857,-6.717,-5.0789285714285715,-2.303451612903226,0.7962333333333333,4.54941935483871,8.305033333333334,10.352285714285713,0.0,0.0,0.0,0.0,0.0,0.0,0.0,0.0,0.0,0.0,0.0,0.0,0.0,0.0,0.0,3.0,4.0,1.0,0.0,0.0,0.0,0.0,40.91,101.06099999999999,165.718,253.127,367.432,476.1375,0.0,0.7949999999999999,1.8090000000000002,2.632,3.6305,4.941000000000001,5.919499999999999,5.525,5.4585,5.511,5.7,5.788,5.9855,6.1375,6.54
CN061,12.801,1.465,2010,0.0,19.698999999999998,103.886,302.234,730.069,1285.636,1569.144,0.0,21.791,53.56,105.518,148.049,203.553,264.384,0.0,-7.610037037037036,-43.53403225806452,-106.16926666666667,-188.95109677419356,-288.23539999999997,-352.5082857142857,0.0,0.807074074074074,1.0248064516129032,1.7319333333333333,1.3719677419354839,1.8501333333333332,4.345071428571429,0.0,12783583.583333334,15681561.241935484,19315853.483333334,19311742.403225806,22539484.2,20043805.0,0.0,1.4645185185185186,6.358064516129032,11.411633333333333,18.801129032258064,23.5189,25.250571428571426,0.0,6.78862962962963,11.770903225806453,17.210866666666668,24.495451612903228,29.0293,30.005071428571426,0.0,-3.294962962962963,1.0240967741935483,5.423033333333334,12.850516129032258,17.736366666666665,20.333142857142857,0.0,2.0,1.0,0.0,0.0,0.0,0.0,0.0,0.0,0.0,0.0,0.0,0.0,0.0,0.0,14.0,9.0,7.0,6.0,3.0,1.0,0.0,23.549500000000002,71.441,153.092,258.689,373.793,484.9145,0.0,0.475,1.387,2.503,3.875,5.5915,6.8294999999999995,0.0,4.101,4.031,3.8625,3.761,3.5805,3.7535,4.501
CN062,12.84,1.465,2010,0.0,1.3389999999999995,21.639,126.27,449.89,925.073,1288.609,0.0,9.883000000000001,29.882,60.192,103.838,132.476,168.102,0.0,-6.413368421052631,-46.80925806451613,-122.264,-230.47122580645163,-352.41223333333335,-446.9921428571428,0.0,0.5201578947368422,0.6451290322580645,1.0103333333333333,1.4079354838709677,0.9546,1.6964761904761905,0.0,15019153.0,17258997.870967742,21232936.316666666,21541828.032258064,23109330.4,21435818.0,0.0,-2.2734736842105265,2.2047419354838707,7.8924666666666665,15.439354838709678,20.839433333333332,22.311238095238096,0.0,3.909894736842105,8.044387096774194,14.135933333333332,21.496290322580645,26.6955,28.057809523809528,0.0,-8.24557894736842,-3.5368709677419354,1.3985999999999998,8.908645161290323,14.386233333333333,16.21609523809524,0.0,11.0,4.0,0.0,0.0,0.0,0.0,0.0,0.0,0.0,0.0,0.0,0.0,0.0,0.0,5.0,8.0,8.0,7.0,7.0,0.0,0.0,14.142999999999997,37.334999999999994,69.511,122.521,218.096,352.919,0.0,0.252,0.6995,1.203,1.9305,3.253,4.76,0.0,3.283,3.276,3.0855,3.028,2.8005,3.268,4.872
CN063,13.39,1.445,2010,0.0,0.0,8.308,68.90299999999999,287.62,594.778,853.187,0.0,4.981,22.755,52.579,158.677,217.921,282.098,0.0,-11.398888888888889,-57.229516129032255,-134.3028,-206.0332258064516,-227.54123333333334,-264.80371428571425,0.0,0.2767222222222222,0.5733548387096774,0.9941333333333333,3.422516129032258,1.9747999999999999,3.0560476190476193,0.0,16586481.333333334,19135476.451612905,22675463.533333335,21475967.903225806,20920902.55,19333279.523809522,0.0,-2.351166666666667,1.6311612903225807,6.220066666666667,12.04409677419355,15.2386,17.305190476190475,0.0,3.9142777777777775,8.213903225806451,12.859233333333332,17.983064516129033,20.2635,22.39304761904762,0.0,-8.783111111111111,-4.606096774193548,-0.2498,6.299,10.344066666666667,12.292904761904762,0.0,10.0,3.0,0.0,0.0,0.0,0.0,0.0,0.0,0.0,0.0,0.0,0.0,0.0,0.0,7.0,9.0,9.0,5.0,0.0,0.0,0.0,14.007,38.318,74.489,140.522,253.87199999999999,392.659,0.0,0.20400000000000001,0.611,1.111,1.851,3.261,4.823,0.0,4.168,4.048,3.894,4.111,4.34,4.53,8.702
CN064,12.016,1.441,2010,0.0,13.83,58.008,187.306,555.231,1067.343,1412.494,0.0,14.172,25.568,58.291000000000004,97.042,132.05100000000002,144.98600000000002,0.0,-4.7049047619047615,-59.799032258064514,-154.43386666666666,-266.68,-394.15070000000003,-507.21972222222223,0.0,0.6748571428571429,0.3676129032258065,1.0907666666666669,1.250032258064516,1.1669666666666667,0.7186111111111111,0.0,14228896.452380951,17865055.35483871,21133465.241666667,21859356.451612905,23757951.916666668,22022232.722222224,0.0,-1.4233809523809524,3.7736451612903226,8.918800000000001,16.868548387096773,22.0704,24.175055555555556,0.0,4.359619047619047,9.695354838709678,15.3765,22.980967741935483,28.0228,30.025000000000002,0.0,-7.027761904761904,-2.306935483870968,1.9758,10.011322580645162,15.4693,17.917,0.0,10.0,3.0,0.0,0.0,0.0,0.0,0.0,0.0,0.0,0.0,0.0,0.0,0.0,0.0,10.0,12.0,11.0,13.0,13.0,5.0,0.0,12.851499999999998,33.269999999999996,60.052,103.08099999999999,190.045,307.3505,0.0,0.21700000000000003,0.6055,1.013,1.578,2.7325,4.072,0.0,3.781,3.376,3.3600000000000003,3.404,3.3674999999999997,3.4645,7.422
CN065,13.176,1.431,2010,0.0,0.0,2.742,137.486,463.507,959.122,1414.073,0.0,20.161,67.855,106.654,158.704,208.865,240.533,0.0,1.0032666666666665,5.493516129032257,-21.3292,-107.81435483870968,-221.3644666666667,-341.7158,0.0,1.3440666666666667,1.5385161290322582,1.2933,1.679032258064516,1.6720333333333335,1.26672,0.0,10848493.333333334,15404735.58064516,21163097.9,23442377.096774194,23883032.066666666,23633013.12,0.0,-5.5778,-0.36603225806451617,9.276933333333334,15.516806451612904,21.520500000000002,23.198040000000002,0.0,-0.6945333333333333,5.2379354838709675,15.190066666666667,21.21741935483871,27.002,28.80028,0.0,-10.655666666666667,-6.001483870967742,2.9501666666666666,9.430806451612904,15.8657,17.5666,0.0,9.0,10.0,0.0,0.0,0.0,0.0,0.0,0.0,0.0,0.0,0.0,0.0,0.0,0.0,2.0,5.0,7.0,2.0,0.0,0.0,0.0,3.013,12.347999999999999,41.31,99.52799999999999,205.762,362.472,0.0,0.20500000000000002,0.673,1.285,2.0995,3.5105,5.158,0.0,3.512,3.504,3.3645,3.349,3.2805,3.03,9.4
CN011,14.819,1.511,2011,0.0,0.0,23.000999999999998,215.363,611.644,1164.931,1417.183,0.0,10.706999999999999,11.229,27.796,56.087,162.935,196.231,0.0,-12.891653846153845,-65.46283870967741,-166.35826666666668,-278.93774193548387,-397.94986666666665,-417.3002307692308,0.0,0.41180769230769226,0.016838709677419357,0.5522333333333334,0.9126129032258065,3.5616,2.561230769230769,0.0,12312349.403846154,18316950.06451613,20492393.466666665,22958802.387096774,22826407.566666666,21601614.846153848,0.0,-2.5527307692307692,4.005193548387097,11.412066666666668,17.783258064516126,23.4429,24.404,0.0,3.2658461538461534,10.906387096774194,17.9892,24.23748387096774,29.3919,29.335538461538462,0.0,-7.223653846153846,-2.043225806451613,4.755566666666667,11.319258064516129,17.553800000000003,19.806615384615384,0.0,9.0,0.0,0.0,0.0,0.0,0.0,0.0,0.0,0.0,0.0,0.0,0.0,0.0,0.0,17.0,26.0,15.0,17.0,10.0,4.0,0.0,17.0225,46.449,92.78399999999999,169.141,282.223,413.9835,0.0,0.41100000000000003,1.078,1.8519999999999999,3.1195,5.031000000000001,6.802,0.0,3.831,3.627,3.5175,3.373,3.5469999999999997,3.822,6.43
CN012,14.794,1.439,2011,0.0,0.0,59.725,323.777,799.629,1404.449,1682.937,0.0,8.615,8.834,27.502,55.336999999999996,133.239,178.22,0.0,-14.60292,-76.16022580645162,-195.59116666666665,-325.7512258064516,-473.89293333333336,-512.2627692307692,0.0,0.3446,0.007064516129032258,0.6222666666666666,0.8979032258064517,2.5967333333333333,3.4600769230769233,0.0,12035404.8,18548876.774193548,20940122.133333333,23270054.548387095,22779438.733333334,21848247.384615384,0.0,-1.05556,6.297967741935484,13.801733333333335,20.35006451612903,25.160666666666668,26.422153846153847,0.0,5.03692,12.933709677419355,20.1846,26.570225806451614,31.028433333333332,31.314923076923076,0.0,-5.57776,0.31632258064516133,7.508166666666667,14.302612903225805,19.66303333333333,21.87823076923077,0.0,3.0,0.0,0.0,0.0,0.0,0.0,0.0,0.0,0.0,0.0,0.0,0.0,0.0,0.0,19.0,29.0,17.0,18.0,14.0,3.0,0.0,14.914,41.164,93.256,183.95,296.682,417.99350000000004,0.0,0.344,0.9085000000000001,1.631,2.8609999999999998,4.5225,6.0065,0.0,4.071,3.421,3.0625,3.115,3.661,3.892,5.584
CN013,14.781,1.481,2011,0.0,0.0,41.877,254.655,653.155,1218.175,1479.068,0.0,11.218,12.035,29.696,71.665,132.653,169.644,0.0,-14.3764,-69.89970967741935,-180.3116,-287.2756129032258,-423.10183333333333,-472.8366923076923,0.0,0.44872,0.026354838709677423,0.5887,1.3538387096774194,2.0329333333333333,2.8454615384615383,0.0,12111308.8,18690562.93548387,21423283.6,22630163.870967742,23140456.3,21629053.384615384,0.0,-1.80212,4.943225806451613,12.055299999999999,17.85483870967742,23.834,25.06869230769231,0.0,4.12208,11.509935483870967,18.6445,23.98364516129032,29.761000000000003,30.251384615384616,0.0,-6.4413599999999995,-1.0298709677419355,5.574233333333334,11.928354838709676,18.107533333333333,20.298615384615385,0.0,6.0,0.0,0.0,0.0,0.0,0.0,0.0,0.0,0.0,0.0,0.0,0.0,0.0,0.0,14.0,23.0,11.0,10.0,6.0,2.0,0.0,17.972,51.952,115.24600000000001,207.327,315.355,436.26750000000004,0.0,0.388,1.0675,1.987,3.253,4.891500000000001,6.4025,0.0,4.015,3.834,3.714,3.583,3.5245,4.056,5.584
CN014,14.597,1.473,2011,0.0,0.0,19.144000000000002,196.943,523.142,1020.207,1259.099,0.0,18.474,23.756,40.115,98.217,134.262,197.832,0.0,-13.13924,-57.87577419354838,-150.45226666666667,-253.50545161290322,-380.89436666666666,-417.5239285714286,0.0,0.7389600000000001,0.17038709677419356,0.5453,1.8742580645161289,1.2015,4.5407142857142855,0.0,12616757.8,19184264.29032258,22182585.7,22276853.225806452,23632043.7,21236350.5,0.0,-1.8386799999999999,2.362387096774194,10.691566666666667,15.522548387096775,21.568833333333334,22.063714285714287,0.0,3.9753600000000002,8.922451612903226,17.627833333333335,21.936096774193548,27.681566666666665,27.251785714285713,0.0,-6.57504,-3.335322580645161,3.7766,9.17567741935484,15.336533333333334,17.25707142857143,0.0,8.0,0.0,0.0,0.0,0.0,0.0,0.0,0.0,0.0,0.0,0.0,0.0,0.0,0.0,14.0,23.0,15.0,11.0,4.0,2.0,0.0,15.121,41.397000000000006,76.759,122.35900000000001,196.184,303.3555,0.0,0.348,0.943,1.5759999999999998,2.3975,3.6944999999999997,5.134,0.0,4.408,4.378,4.1065000000000005,4.132,3.7875,4.353,5.19
CN015,13.312,1.479,2011,0.0,0.0,3.0219999999999994,90.106,378.458,868.046,1108.918,0.0,6.6690000000000005,9.295,25.138,82.468,128.007,171.474,0.0,-10.07495652173913,-48.679806451612905,-139.668,-238.4497741935484,-349.1911,-433.01807142857143,0.0,0.28995652173913045,0.08470967741935485,0.5281,1.8493548387096774,1.5179666666666667,3.1047857142857143,0.0,11920403.782608695,17001934.967741936,20421558.133333333,22038327.51612903,22851794.366666667,21581033.85714286,0.0,-8.645608695652173,-2.363709677419355,7.5546,14.30167741935484,21.319599999999998,22.205142857142857,0.0,-2.5888695652173914,3.789290322580645,14.214766666666666,20.52725806451613,27.267400000000002,27.845785714285714,0.0,-13.77004347826087,-7.959032258064516,0.7850666666666667,7.975,15.163433333333334,16.90292857142857,0.0,22.0,15.0,0.0,0.0,0.0,0.0,0.0,0.0,0.0,0.0,0.0,0.0,0.0,0.0,8.0,16.0,9.0,2.0,3.0,0.0,0.0,15.951,45.684,85.273,131.362,208.669,322.1555,0.0,0.352,0.964,1.638,2.3914999999999997,3.6734999999999998,5.0440000000000005,0.0,3.967,3.842,3.6189999999999998,3.798,3.6529999999999996,3.7465,6.286
CN021,14.162,1.52,2011,0.0,0.0,7.471,120.711,470.351,934.089,1170.67,0.0,6.162,8.945,36.84,92.528,203.057,229.904,0.0,-14.67403846153846,-60.66919354838709,-151.19219999999999,-235.29325806451615,-305.10450000000003,-330.13046153846153,0.0,0.237,0.08977419354838709,0.9298333333333334,1.7963870967741937,3.6843,2.065153846153846,0.0,11949412.26923077,17721796.51612903,20023120.966666665,22498630.16129032,19897592.35,20544808.384615384,0.0,-5.412961538461539,0.44948387096774195,8.664633333333335,16.278709677419354,20.457933333333337,23.19853846153846,0.0,0.11149999999999999,6.168322580645162,14.720466666666665,22.190354838709677,25.1509,27.73592307692308,0.0,-10.020384615384614,-4.574096774193548,2.7865333333333333,10.567096774193548,16.3084,19.098153846153846,0.0,20.0,4.0,0.0,0.0,0.0,0.0,0.0,0.0,0.0,0.0,0.0,0.0,0.0,0.0,15.0,25.0,14.0,7.0,7.0,1.0,0.0,16.871499999999997,48.044,88.009,140.921,246.272,398.0845,0.0,0.402,1.1195,1.863,2.8055000000000003,4.524,6.5775,0.0,5.039,4.799,4.5485,4.612,4.91,4.722,6.373
CN022,13.895,1.483,2011,0.0,0.0,2.298,70.367,355.168,810.227,1059.711,0.0,8.481,13.818,39.803,128.307,209.028,260.527,0.0,-7.834428571428572,-35.469,-110.86006666666667,-168.0731935483871,-208.97363333333334,-257.28578571428574,0.0,0.30289285714285713,0.17216129032258062,0.8661666666666666,2.854967741935484,2.6907,3.6785,0.0,11367285.80357143,16740072.483870968,19631924.6,20799323.35483871,21066183.7,21326134.5,0.0,-10.305607142857143,-2.7409354838709676,6.794866666666667,14.187129032258063,20.168633333333332,22.820285714285713,0.0,-4.763892857142857,2.4808387096774194,12.8008,19.70651612903226,25.182633333333335,27.53964285714286,0.0,-15.73607142857143,-7.889161290322581,0.6326,8.858612903225808,15.321,18.4755,0.0,26.0,15.0,0.0,0.0,0.0,0.0,0.0,0.0,0.0,0.0,0.0,0.0,0.0,0.0,12.0,15.0,13.0,4.0,3.0,0.0,0.0,9.675,36.348,74.684,121.065,210.513,356.1085,0.0,0.5035000000000001,1.3105,2.068,2.9555,4.428,6.2485,0.0,5.365,5.249,4.9565,5.125,5.1025,5.1425,7.163
CN023,14.269,1.486,2011,0.0,0.0,0.5199999999999996,39.053,283.054,714.862,917.116,0.0,4.949,13.493,47.84,143.015,218.212,284.417,0.0,-4.999714285714285,-22.113064516129032,-81.43983333333334,-110.68335483870969,-132.23823333333334,-170.36066666666667,0.0,0.17675,0.27561290322580645,1.1449,3.0701612903225803,2.5065666666666666,5.517083333333333,0.0,10644726.625,15840997.612903226,18390239.933333334,19771189.580645163,20657348.9,20228537.083333332,0.0,-13.643642857142856,-5.435096774193548,5.4429333333333325,12.870999999999999,19.3936,21.8545,0.0,-7.709714285714285,0.1600967741935483,11.333733333333333,18.42983870967742,24.496266666666667,26.367166666666666,0.0,-19.310285714285715,-11.322096774193549,-0.7133333333333333,7.331870967741936,14.377066666666668,17.968083333333333,0.0,28.0,23.0,0.0,0.0,0.0,0.0,0.0,0.0,0.0,0.0,0.0,0.0,0.0,0.0,12.0,5.0,10.0,1.0,2.0,0.0,0.0,5.739,24.648,57.724000000000004,101.668,188.792,334.8535,0.0,1.172,1.9175,2.719,3.6445,5.2620000000000005,7.186,0.0,5.322,5.371,5.172,5.385,5.2295,5.509,5.652
CN031,12.706,1.42,2011,0.0,37.514,137.186,422.27,893.516,1437.979,0.0,12.888,33.224000000000004,71.164,108.2,148.952,613.138,0.0,1.3530833333333339,-19.474642857142857,-47.03706451612903,-108.85913333333333,-203.93448387096774,-53.94453333333335,0.0,1.074,0.7262857142857142,1.2238709677419355,1.2345333333333335,1.3145806451612905,15.472866666666668,0.0,10974473.895833334,11987942.830357144,17330332.33870968,21498633.3,20396735.403225806,15911806.766666668,0.0,1.327,5.236357142857143,8.076064516129032,14.5028,20.201483870967742,23.148766666666667,0.0,4.99325,9.489571428571429,12.581451612903225,19.262633333333333,24.655161290322578,26.525199999999998,0.0,-1.8505833333333335,1.5553214285714285,3.863709677419355,9.9906,16.27551612903226,20.396133333333335,0.0,0.0,0.0,0.0,0.0,0.0,0.0,0.0,0.0,0.0,0.0,0.0,0.0,0.0,0.0,7.0,19.0,21.0,17.0,15.0,6.0,0.0,19.069,60.614,145.273,267.277,391.497,482.134,0.0,0.286,0.854,2.018,3.4299999999999997,5.1015,6.2065,0.0,6.0525,6.077,6.081,5.72,5.275,6.689,0.0,6.603
CN032,13.994,1.439,2011,0.0,14.274999999999999,118.931,420.155,902.714,1486.194,1751.068,0.0,33.655,56.798,74.34,124.163,298.007,410.442,-1.688,-17.577392857142858,-45.489451612903224,-132.40883333333332,-245.73532258064517,-314.8176666666667,-242.98625,0.0,1.2019642857142858,0.7465483870967742,0.5847333333333332,1.6071935483870967,5.7947999999999995,9.369583333333333,14504074.0,12243966.732142856,18250272.35483871,22260985.533333335,21090964.903225806,19628810.066666666,16820128.75,-0.313,3.215357142857143,8.073548387096775,15.040799999999999,20.566419354838708,24.449333333333335,27.072833333333335,7.036,8.586892857142857,13.714129032258064,21.0934,25.883709677419354,29.043966666666666,30.612916666666667,-6.734,-1.4337857142857142,2.6790967741935487,8.945933333333333,15.271806451612903,20.26653333333333,23.976916666666668,0.0,0.0,0.0,0.0,0.0,0.0,0.0,0.0,0.0,0.0,0.0,0.0,0.0,0.0,1.0,16.0,20.0,16.0,14.0,5.0,0.0,0.0,49.471000000000004,144.744,293.377,462.447,585.825,690.8810000000001,0.0,0.71,2.1965,4.076,6.161,7.816,9.086,5.166,5.221500000000001,5.173,4.7595,4.484,4.609999999999999,5.643000000000001,5.459
CN033,12.565,1.447,2011,0.0,57.55,181.648,499.425,985.818,1385.2649999999999,0.0,41.536,72.071,131.29,204.425,268.316,689.236,0.0,11.561631578947368,8.438678571428571,-0.9276129032258058,-31.811666666666667,-76.35077419354838,67.3024090909091,0.0,2.186105263157895,1.0905357142857144,1.9102903225806451,2.4378333333333333,2.061,19.132727272727273,0.0,9781790.05263158,12328611.86607143,16422223.58064516,19341518.058333334,18535706.532258064,13537233.113636363,0.0,1.2637894736842106,6.080785714285715,8.943774193548387,15.592566666666666,20.69009677419355,23.15668181818182,0.0,4.6518421052631584,10.894357142857144,13.793774193548385,20.70403333333333,25.1771935483871,26.465818181818182,0.0,-1.814736842105263,1.935,4.47758064516129,10.674766666666667,16.494612903225807,20.500363636363634,0.0,0.0,0.0,0.0,0.0,0.0,0.0,0.0,0.0,0.0,0.0,0.0,0.0,0.0,0.0,6.0,14.0,18.0,7.0,7.0,0.0,0.0,19.902,61.037,136.77,239.503,356.888,469.954,0.0,0.7949999999999999,2.177,4.1610000000000005,5.876,7.863,9.965,0.0,7.163,7.061999999999999,7.01,6.8475,6.605,7.8145,0.0,4.716
CN034,13.843,1.492,2011,0.0,24.372999999999998,148.446,488.84,990.362,1590.861,1776.398,0.002,34.927,65.341,82.92699999999999,133.035,354.261,417.354,-2.875666666666666,-20.246857142857145,-44.477225806451614,-127.32233333333333,-245.75829032258065,-276.78856666666667,-211.127875,0.0006666666666666666,1.2473214285714285,0.9810967741935485,0.5861999999999999,1.6163870967741933,7.3742,7.886625,14067392.666666666,12114246.348214285,17744333.20967742,21947427.016666666,21041129.06451613,19242012.5,18002751.625,-1.1776666666666669,3.99225,8.785967741935485,16.346466666666668,21.178129032258067,25.016633333333335,28.192125,5.270666666666667,9.410357142857142,14.365064516129033,22.309666666666665,26.46916129032258,29.4624,32.00125,-6.426333333333333,-0.7974642857142857,3.213451612903226,10.157766666666667,15.682903225806452,20.8043,24.829875,0.0,0.0,0.0,0.0,0.0,0.0,0.0,0.0,0.0,0.0,0.0,0.0,0.0,0.0,3.0,15.0,19.0,11.0,13.0,3.0,0.0,0.0,51.815,148.024,290.924,445.823,565.116,653.324,0.0,0.807,2.3775000000000004,4.289,6.250500000000001,8.309999999999999,9.581,5.728,5.728,5.741,5.298,4.988,5.3685,5.9835,4.428
CN035,11.511,1.369,2011,14.416,148.493,335.169,727.169,1207.54,1259.254,0.0,26.766000000000002,83.703,168.422,231.61,484.065,502.322,0.0,-7.830699999999999,-18.62385714285714,-9.085354838709678,-36.543933333333335,71.43696774193549,97.65566666666666,0.0,0.8922000000000001,2.0334642857142855,2.732870967741935,2.106266666666667,8.143709677419354,6.085666666666666,0.0,9559637.116666667,12411044.13392857,13287755.14516129,18943830.45,15488828.661290323,16132141.666666666,0.0,4.913133333333334,9.694035714285715,11.021806451612903,18.066666666666666,20.495838709677418,22.238,0.0,8.947133333333333,15.134892857142857,16.017387096774193,23.778200000000002,24.758870967741935,25.905666666666665,0.0,2.0228333333333333,5.502928571428571,6.998290322580646,13.083333333333334,16.966483870967743,19.405,0.0,0.0,0.0,0.0,0.0,0.0,0.0,0.0,0.0,0.0,0.0,0.0,0.0,0.0,0.0,6.0,11.0,8.0,9.0,4.0,0.0,0.0,58.577999999999996,152.58599999999998,263.508,383.95,529.451,639.449,0.0,1.129,3.0680000000000005,5.275,7.1290000000000004,9.3955,11.071,0.0,7.6055,7.6545000000000005,7.681,7.6105,8.134,7.984,0.0,3.904
CN036,11.508,1.358,2011,0.0,105.24300000000001,283.045,687.882,1213.166,1317.942,0.0,32.202,73.293,145.977,267.592,378.98,504.991,0.0,-7.852516129032258,-14.722214285714287,-11.905741935483874,-17.15196666666667,7.018419354838704,14.607999999999995,0.0,1.038774193548387,1.4675357142857144,2.3446451612903223,4.053833333333333,3.593161290322581,21.001833333333334,0.0,9584182.653225806,12533785.044642856,13968323.782258065,17999249.408333335,17998906.5,10596309.25,0.0,2.142709677419355,8.344357142857143,10.735548387096776,18.494566666666667,21.94464516129032,22.462666666666667,0.0,5.455935483870968,13.466464285714286,15.385580645161289,23.575766666666667,26.434677419354838,25.363833333333332,0.0,-0.6446451612903226,3.943142857142857,6.409806451612903,13.700133333333333,17.633387096774193,20.094166666666666,0.0,0.0,0.0,0.0,0.0,0.0,0.0,0.0,0.0,0.0,0.0,0.0,0.0,0.0,0.0,11.0,12.0,12.0,9.0,8.0,0.0,0.0,62.364000000000004,152.701,245.578,350.959,487.79,597.395,0.0,0.855,2.501,4.3665,6.109,8.1195,9.715,0.0,7.363,7.3605,7.342,7.36,7.444,8.2305,0.0,4.061
CN037,14.446,1.493,2011,0.0,5.287,93.117,360.874,809.353,1413.025,1709.633,0.0,23.481,25.43,44.311,119.444,181.252,252.474,0.0,-16.16252,-63.88487096774194,-177.3653,-262.3573870967742,-392.36696666666666,-406.0569285714286,0.0,0.9392400000000001,0.06287096774193549,0.6293666666666666,2.4236451612903225,2.0602666666666667,5.087285714285714,0.0,12055143.0,18897003.387096774,22218394.333333332,21299655.258064516,22977923.933333334,19653089.214285713,0.0,1.26652,7.3626774193548385,13.913166666666665,19.467064516129035,25.122400000000003,26.186285714285713,0.0,6.877039999999999,13.688548387096775,20.4289,24.95490322580645,30.574266666666666,30.671071428571427,0.0,-3.2376400000000003,1.5956774193548386,7.6581,14.233129032258065,20.0025,22.269357142857142,0.0,2.0,0.0,0.0,0.0,0.0,0.0,0.0,0.0,0.0,0.0,0.0,0.0,0.0,0.0,15.0,25.0,14.0,14.0,11.0,3.0,0.0,31.1605,91.655,206.05700000000002,355.599,484.521,593.477,0.0,0.537,1.579,3.032,4.823,6.559,7.8925,0.0,4.494,4.399,4.103,4.309,3.681,4.4765,6.605
CN041,14.925,1.468,2011,0.0,19.558,155.976,500.35699999999997,986.205,1627.765,1901.938,0.0,32.207,42.583,54.751999999999995,120.384,195.57500000000002,249.719,0.0,-18.00351851851852,-59.25087096774194,-166.45896666666667,-277.98606451612903,-396.5324,-420.43375,0.0,1.1928518518518518,0.33470967741935487,0.40563333333333335,2.117161290322581,2.5063666666666666,4.512,0.0,11976908.041666666,18189396.096774194,22340849.083333332,20614949.274193548,21684560.3,19154068.25,0.0,3.4748148148148146,9.128419354838709,16.447866666666666,20.672516129032257,26.38533333333333,27.84775,0.0,9.220629629629629,15.406387096774194,23.132633333333334,26.140387096774194,31.56566666666667,32.56525,0.0,-1.4143333333333332,3.202193548387097,10.093566666666668,15.266838709677419,21.423233333333332,23.476250000000004,0.0,0.0,0.0,0.0,0.0,0.0,0.0,0.0,0.0,0.0,0.0,0.0,0.0,0.0,0.0,17.0,23.0,16.0,15.0,6.0,2.0,0.0,53.879000000000005,156.813,323.227,499.033,624.303,730.6320000000001,0.0,0.755,2.5404999999999998,4.477,6.5805,8.2335,9.6145,0.0,4.236,4.174,3.7965,3.804,3.4335,3.9610000000000003,5.612
CN042,13.08,1.433,2011,0.0,55.509,226.108,615.375,1150.443,1762.408,1862.989,0.27999999999999997,34.923,69.419,102.557,185.112,495.178,498.48400000000004,-4.3704,-24.48332142857143,-51.80912903225807,-114.50726666666667,-210.744,-163.84053333333333,-85.90324999999999,0.055999999999999994,1.23725,1.1127741935483872,1.1046,2.6630645161290323,10.335533333333332,0.8265,12560027.9,11770905.205357144,16115540.39516129,19777890.933333334,20576280.05645161,18329701.166666668,21694720.0,1.4054,6.187178571428572,10.472129032258065,17.97556666666667,22.26025806451613,25.398833333333336,30.14525,6.444599999999999,11.606107142857143,15.708483870967743,23.604366666666667,27.562677419354838,29.343200000000003,33.4875,-3.2198,1.3378214285714285,5.2701935483870965,12.580900000000002,16.85674193548387,21.626966666666664,27.01625,0.0,0.0,0.0,0.0,0.0,0.0,0.0,0.0,0.0,0.0,0.0,0.0,0.0,0.0,4.0,17.0,14.0,11.0,13.0,4.0,1.0,0.0,55.286,149.309,265.659,384.787,505.048,613.572,0.0,0.8665,2.37,3.957,5.5815,7.5365,9.126,6.011,5.991,5.957,5.7295,5.411,6.1005,5.769500000000001,5.025
CN043,12.106,1.391,2011,0.5479999999999992,93.188,266.758,669.833,1216.99,1483.049,0.0,13.721,45.647,102.692,186.975,285.657,506.294,0.0,-10.726130434782608,-32.509499999999996,-42.11109677419355,-64.17706666666668,-97.7401935483871,-59.72721428571429,0.0,0.5965652173913043,1.1402142857142856,1.8401612903225806,2.8094333333333332,3.1832903225806453,15.759785714285714,0.0,10097256.195652174,10834100.982142856,13292423.064516129,16587138.858333332,19077725.225806452,13374769.42857143,0.0,2.4668260869565217,7.998928571428571,10.593354838709677,18.435833333333335,22.650225806451616,24.004214285714287,0.0,5.774826086956522,12.769357142857142,15.084129032258065,23.0683,27.626,27.128071428571428,0.0,-0.9066521739130435,3.5533214285714285,6.160064516129032,13.911133333333334,17.601548387096773,21.065714285714286,0.0,0.0,0.0,0.0,0.0,0.0,0.0,0.0,0.0,0.0,0.0,0.0,0.0,0.0,0.0,10.0,10.0,7.0,8.0,8.0,0.0,0.0,36.373000000000005,96.28399999999999,177.619,274.04200000000003,393.732,514.518,0.0,0.5605,1.864,3.5655,5.192,6.906499999999999,8.725,0.0,7.103,7.0725,7.088,7.0665,6.891,7.760999999999999,0.0,5.76
CN044,11.814,1.393,2011,112.554,390.524,715.03,1231.957,1837.25,1904.717,0.0,11.225,58.501,103.935,164.197,370.562,372.408,0.0,-17.94995652173913,-49.965821428571424,-73.19648387096774,-130.11596666666665,-74.42632258064516,-73.42699999999999,0.0,0.4880434782608695,1.6884285714285716,1.4656129032258065,2.0087333333333333,6.656935483870968,0.6153333333333334,0.0,11049847.043478262,11119928.705357144,12217946.564516129,17966298.166666668,17245406.93548387,21826095.333333332,0.0,9.893652173913043,14.9275,15.467935483870967,22.230900000000002,24.52558064516129,27.489,0.0,13.954652173913043,19.250964285714286,19.606193548387097,26.712566666666664,28.38525806451613,31.592,0.0,6.82195652173913,11.435714285714285,12.196516129032258,18.3079,21.206193548387095,23.62366666666667,0.0,0.0,0.0,0.0,0.0,0.0,0.0,0.0,0.0,0.0,0.0,0.0,0.0,0.0,0.0,5.0,4.0,1.0,1.0,0.0,0.0,0.0,53.56699999999999,133.589,221.494,318.788,450.594,559.188,0.0,1.0350000000000001,2.7695,4.699,6.463,8.468,10.073,0.0,6.306,6.374499999999999,6.404,6.140000000000001,6.73,6.248,0.0,4.56
CN045,12.411,1.496,2011,44.504999999999995,282.672,527.01,1005.616,1583.993,1697.222,0.0,18.548000000000002,68.207,169.912,228.073,432.629,440.423,0.0,-9.261750000000001,-30.320821428571428,-2.2964838709677426,-16.668100000000003,39.243806451612905,23.043599999999998,0.0,0.7728333333333334,1.7735357142857142,3.280806451612903,1.9387,6.598580645161291,1.5588000000000002,0.0,8758769.0625,9272890.9375,9126049.459677419,14864193.383333333,18479646.548387095,20785960.8,0.0,6.7545,13.505964285714287,12.881870967741936,20.953533333333333,23.65732258064516,27.645799999999998,0.0,9.802916666666667,17.560392857142855,16.68338709677419,25.15666666666667,28.057806451612905,31.925400000000003,0.0,4.4245833333333335,10.096535714285713,9.913677419354839,17.0947,19.702483870967743,23.9022,0.0,0.0,0.0,0.0,0.0,0.0,0.0,0.0,0.0,0.0,0.0,0.0,0.0,0.0,0.0,5.0,4.0,2.0,2.0,8.0,0.0,0.0,44.43300000000001,107.995,175.798,258.715,381.506,486.899,0.0,0.917,2.564,4.4485,6.048,7.974,9.558,0.0,6.6899999999999995,6.6805,6.814,6.7379999999999995,6.94,6.53,0.0,4.319
CN046,11.719,1.364,2011,80.95,480.079,921.081,1491.435,2176.399,2343.849,0.0,1.623,20.814,57.99,119.269,233.751,246.638,0.0,-8.774125000000002,-50.1685,-113.22974193548387,-178.64363333333333,-220.84535483870968,-245.96885714285713,0.0,0.202875,0.6853928571428571,1.199225806451613,2.0426333333333333,3.692967741935484,1.841,0.0,10469580.25,13301298.267857144,12305565.387096774,18973850.533333335,19794654.612903226,23487938.285714287,0.0,15.11875,19.254607142857143,19.225870967741933,24.0118,27.095612903225806,28.92142857142857,0.0,17.831,23.664714285714286,22.841,28.1855,31.143709677419356,33.61842857142857,0.0,12.894625,16.071464285714285,16.475225806451615,20.825566666666663,23.99067741935484,25.322857142857142,0.0,0.0,0.0,0.0,0.0,0.0,0.0,0.0,0.0,0.0,0.0,0.0,0.0,0.0,0.0,3.0,5.0,2.0,1.0,0.0,0.0,0.0,0.0,83.517,213.97899999999998,357.347,515.399,630.065,0.0,0.574,1.9075,4.083,5.949,8.12,9.676,0.0,6.1715,6.071,6.12,5.798,5.792,5.397,0.0,4.376
CN050,12.526,1.429,2011,0.0,103.166,270.773,642.462,1149.943,1729.738,1753.567,2.657,38.553,104.112,168.041,286.281,469.869,470.834,-4.6822,-13.895535714285714,-17.01967741935484,-8.774766666666668,-42.01609677419355,-16.492500000000003,16.386999999999993,0.2657,1.282,2.1148064516129033,2.1309666666666667,3.8141935483870966,6.1196,0.965,8424205.85,8613977.125,11046911.387096774,14031018.108333332,17800498.322580647,18141994.85,21994874.0,3.9718000000000004,8.597321428571428,10.406677419354839,17.389633333333332,21.370354838709677,24.3265,28.829,6.9704999999999995,12.317392857142858,14.162096774193548,21.344766666666665,25.869,27.782033333333334,31.934,1.0157,4.909857142857143,6.410258064516129,13.1444,16.43232258064516,20.502433333333332,24.624,0.0,0.0,0.0,0.0,0.0,0.0,0.0,0.0,0.0,0.0,0.0,0.0,0.0,0.0,0.0,10.0,6.0,3.0,10.0,3.0,0.0,0.0,33.83,95.80799999999999,181.048,304.804,477.503,616.001,0.402,1.4849999999999999,3.1675,4.853,6.7675,9.514,0.0,6.6465,6.6135,6.574,6.5945,6.295,6.4695,6.028,5.493
CN051,12.899,1.434,2011,0.0,82.418,221.609,582.482,1045.333,1592.175,1833.021,2.7279999999999998,32.423,73.282,108.343,264.608,418.307,526.497,0.19849999999999998,-8.438892857142857,-31.55458064516129,-64.63096666666667,-93.74458064516129,-67.34476666666667,0.4450769230769204,1.3639999999999999,1.0605357142857144,1.3180322580645163,1.1687,5.040806451612903,5.1233,8.322307692307692,8354094.75,10195715.982142856,12380328.177419355,15620254.75,17667481.403225806,17995844.8,14017784.653846154,3.1445,7.825357142857143,9.490032258064515,17.0291,19.93067741935484,23.228066666666667,23.526615384615386,6.723000000000001,11.941107142857144,13.597967741935483,21.484733333333335,24.471548387096774,27.080433333333335,26.863846153846154,-0.46499999999999997,3.74925,5.207322580645161,12.443333333333333,15.216290322580644,19.14626666666667,20.409230769230767,0.0,0.0,0.0,0.0,0.0,0.0,0.0,0.0,0.0,0.0,0.0,0.0,0.0,0.0,0.0,2.0,1.0,0.0,2.0,0.0,1.0,0.0,58.57299999999999,156.537,266.195,387.23,530.679,685.701,0.0,1.036,2.7295,4.203,6.003,8.3245,10.3985,6.7669999999999995,6.6530000000000005,6.495,6.337,6.263,6.221,6.552,5.147
CN052,13.061,1.533,2011,0.0,74.965,146.148,404.086,789.311,1236.027,1341.362,8.411999999999999,35.478,86.286,155.99099999999999,248.38,513.649,524.049,0.10937500000000004,-11.970464285714286,-33.608483870967746,-37.04056666666667,-73.77064516129032,-11.543699999999996,54.26833333333334,1.0514999999999999,0.9666428571428571,1.6389677419354838,2.3235,2.980290322580645,8.8423,1.7333333333333332,8457957.5,12229328.625,12015295.741935484,14056105.733333332,19505371.629032258,16671693.4,21706896.0,-0.9515,6.756178571428571,6.755387096774194,13.597933333333334,17.426612903225806,19.890533333333334,22.555833333333336,2.2075,12.476964285714287,11.675064516129034,18.463433333333334,23.030677419354838,24.1708,26.731166666666667,-2.9255,2.22625,3.0004516129032255,9.690566666666665,12.429580645161291,16.224233333333334,18.732666666666667,0.0,0.0,0.0,0.0,0.0,0.0,0.0,0.0,0.0,0.0,0.0,0.0,0.0,0.0,0.0,2.0,1.0,2.0,6.0,0.0,0.0,0.0,40.888000000000005,109.543,193.974,299.722,431.63100000000003,542.379,0.0,0.8755,2.2885,3.58,5.205500000000001,7.4695,9.152000000000001,8.0445,7.9735,7.768,7.6875,7.368,7.672,7.4915,2.765
CN053,12.971,1.41,2011,0.5270000000000001,153.59799999999998,316.594,636.101,1032.915,1473.696,1692.964,1.879,13.191,73.59,134.652,245.048,470.586,550.6,0.197,-35.261857142857146,-103.10377419354839,-147.21633333333332,-184.9647419354839,-140.54776666666666,-74.2178,1.879,0.404,1.9483548387096774,2.0354,3.561161290322581,7.517933333333334,5.334266666666666,11041521.0,17517366.035714287,15349129.35483871,19173990.766666666,19666904.129032258,17977847.1,17568535.533333335,5.527,10.450249999999999,10.233193548387096,15.650233333333334,17.800451612903224,19.6927,19.617866666666668,10.798,17.308678571428572,15.879483870967743,21.63406666666667,23.284903225806453,24.322166666666664,23.62953333333333,2.08,4.564392857142857,5.688967741935484,10.7169,13.06967741935484,15.895100000000001,16.3442,0.0,0.0,0.0,0.0,0.0,0.0,0.0,0.0,0.0,0.0,0.0,0.0,0.0,0.0,0.0,8.0,0.0,0.0,0.0,0.0,0.0,0.0,76.624,185.678,287.106,385.439,501.168,631.7625,0.0,1.21,3.048,4.62,6.2155000000000005,8.272,10.216000000000001,7.907,7.5865,7.239,7.106999999999999,7.184,7.6,7.592,3.979
CN054,13.005,1.461,2011,0.0,0.0,0.0,18.327,142.397,371.41,488.317,3.414,50.341,194.631,246.109,356.445,489.301,605.384,1.681,-10.231892857142856,6.551741935483871,21.410333333333334,-16.997645161290322,-21.97776666666667,22.464071428571426,3.414,1.6759642857142858,4.654516129032258,1.7159333333333333,3.5592258064516127,4.428533333333333,8.291642857142858,14144402.0,19061758.89285714,20544166.387096774,23750166.066666666,23620150.419354837,20808138.5,17406287.07142857,-1.636,-0.18807142857142858,2.371806451612903,5.257333333333333,9.002258064516129,12.633766666666666,13.3505,2.74,5.204785714285714,7.259806451612904,10.730966666666665,14.449516129032258,17.774833333333333,17.787214285714285,-6.059,-5.339785714285715,-2.7226129032258064,0.19963333333333333,4.16,8.408533333333333,10.137142857142857,0.0,2.0,0.0,0.0,0.0,0.0,0.0,0.0,0.0,0.0,0.0,0.0,0.0,0.0,0.0,6.0,1.0,1.0,3.0,0.0,0.0,0.0,40.866,101.589,168.141,256.672,371.414,488.76149999999996,0.0,0.8355000000000001,2.0020000000000002,2.98,4.34,5.7755,6.9475,5.72,5.631,5.68,5.672499999999999,5.73,5.886,6.1945,6.627
CN061,12.801,1.465,2011,0.0,5.482,52.51,344.15999999999997,756.45,1325.714,1588.746,0.0,21.516000000000002,31.335,48.609,124.396,166.565,239.045,0.0,-17.133222222222223,-60.20732258064516,-147.98613333333333,-255.75770967741937,-371.52773333333334,-399.24642857142857,0.0,0.796888888888889,0.3167419354838709,0.5758,2.4447419354838713,1.4056333333333333,5.177142857142857,0.0,12162893.222222222,18065029.51612903,20997894.616666667,20766287.241935484,22168644.333333332,18981898.64285714,0.0,1.7083333333333333,5.055451612903226,14.721666666666666,18.299677419354836,23.975466666666666,23.788,0.0,7.091222222222222,11.154548387096774,21.094,24.308516129032256,29.65073333333333,28.770999999999997,0.0,-3.220111111111111,-0.9591935483870968,8.017199999999999,12.138935483870968,17.99816666666667,19.223142857142857,0.0,2.0,0.0,0.0,0.0,0.0,0.0,0.0,0.0,0.0,0.0,0.0,0.0,0.0,0.0,11.0,16.0,12.0,7.0,6.0,3.0,0.0,28.905,83.96,173.987,287.172,401.381,507.9155,0.0,0.5705,1.6400000000000001,2.7,4.2125,5.9195,7.2625,0.0,3.922,3.797,3.481,3.836,3.386,3.8325,4.676
CN062,12.84,1.465,2011,0.0,0.0,10.616,213.625,534.331,1016.63,1367.309,0.0,8.23,18.411,24.86,65.23,103.292,150.63,0.0,-13.783894736842106,-54.79854838709678,-149.8491,-278.45438709677416,-412.4257666666666,-479.8387142857143,0.0,0.43315789473684213,0.3284193548387097,0.21496666666666667,1.302258064516129,1.2687333333333333,2.2541904761904763,0.0,13831679.105263159,18872144.83870968,22091437.466666665,22111100.419354837,22451083.333333332,22532572.85714286,0.0,-1.3508421052631578,0.25619354838709674,11.688633333333334,15.345354838709678,21.076633333333334,21.698999999999998,0.0,4.410210526315789,6.740258064516129,18.3595,21.464451612903225,26.999566666666666,27.73661904761905,0.0,-6.928526315789473,-6.044677419354838,4.269966666666666,8.827741935483871,14.561933333333334,15.491095238095237,0.0,8.0,11.0,0.0,0.0,0.0,0.0,0.0,0.0,0.0,0.0,0.0,0.0,0.0,0.0,6.0,13.0,12.0,5.0,3.0,2.0,0.0,14.887999999999998,38.824,71.448,123.709,216.04000000000002,350.049,0.0,0.256,0.7295,1.203,1.9655,3.257,4.758,0.0,3.21,3.141,2.682,2.952,2.8674999999999997,3.305,5.202
CN063,13.39,1.445,2011,0.0,0.0,4.414999999999999,115.686,323.278,674.919,927.273,0.0,7.458,17.447,36.379,79.991,148.47,190.541,0.0,-12.558333333333334,-54.84177419354839,-126.78166666666667,-226.8136129032258,-315.9587333333333,-344.42400000000004,0.0,0.41433333333333333,0.3222258064516129,0.6310666666666667,1.4068387096774193,2.2826333333333335,2.0033809523809523,0.0,15825285.388888888,19915916.419354837,22540174.133333333,21698216.548387095,22084340.716666665,21868442.476190478,0.0,-1.7279444444444445,-1.0659677419354838,8.201566666666666,11.696516129032258,16.72136666666667,17.01685714285714,0.0,4.044555555555556,5.125903225806451,14.407933333333334,17.817193548387095,22.459966666666666,22.630857142857142,0.0,-7.378277777777778,-6.682129032258065,1.1812,5.605258064516129,10.8295,11.815714285714286,0.0,6.0,8.0,0.0,0.0,0.0,0.0,0.0,0.0,0.0,0.0,0.0,0.0,0.0,0.0,8.0,13.0,7.0,4.0,1.0,3.0,0.0,13.6495,36.596,69.193,124.473,219.503,348.837,0.0,0.1975,0.5835,1.058,1.768,2.9165,4.305,0.0,4.12,4.048,3.9245,4.091,4.0085,4.395,7.421
CN064,12.016,1.441,2011,0.0,1.1260000000000003,24.128999999999998,252.09300000000002,617.84,1161.437,1492.805,0.0,8.877,13.177,17.547,40.115,56.39,80.107,0.0,-16.51442857142857,-66.68064516129031,-174.70886666666667,-318.35809677419354,-491.3061666666666,-596.3862777777778,0.0,0.42271428571428576,0.13870967741935483,0.14566666666666667,0.7280000000000001,0.5425,1.317611111111111,0.0,13275376.07142857,18958218.35483871,22195325.85,22043646.322580647,23240069.366666667,22977947.444444444,0.0,-0.5066666666666667,1.548483870967742,12.5988,16.798290322580645,23.119899999999998,23.409333333333333,0.0,5.069761904761905,7.949032258064516,19.086066666666667,22.925387096774195,29.16013333333333,29.555666666666664,0.0,-6.1229523809523805,-4.843935483870968,5.232066666666666,9.760419354838708,16.006733333333333,16.831166666666668,0.0,5.0,5.0,0.0,0.0,0.0,0.0,0.0,0.0,0.0,0.0,0.0,0.0,0.0,0.0,10.0,21.0,19.0,11.0,13.0,4.0,0.0,13.7085,35.703,63.31,103.526,181.90699999999998,293.04449999999997,0.0,0.23199999999999998,0.6295000000000001,1.032,1.5975000000000001,2.625,3.8600000000000003,0.0,3.333,2.944,2.317,2.919,2.189,3.5495,7.461
CN065,13.176,1.431,2011,0.0,0.0,3.5810000000000004,235.423,593.915,1100.045,1561.778,0.0,9.043,25.77,53.083,110.426,152.199,186.971,0.0,-3.1755333333333335,-18.952354838709677,-82.3835,-167.77525806451615,-285.0353333333333,-398.83584,0.0,0.6028666666666667,0.5395806451612903,0.9104333333333333,1.849774193548387,1.3924333333333334,1.39088,0.0,12006475.733333332,16916864.612903226,20842435.7,22889953.48387097,23243716.933333334,24683267.96,0.0,-6.4172666666666665,-1.6194193548387097,12.3322,16.564258064516128,21.871,23.469319999999996,0.0,-1.2642,4.094741935483871,18.849966666666667,22.35593548387097,27.2476,29.267400000000002,0.0,-11.367733333333332,-7.381258064516128,5.215766666666667,10.362354838709678,16.375066666666665,17.2944,0.0,15.0,18.0,0.0,0.0,0.0,0.0,0.0,0.0,0.0,0.0,0.0,0.0,0.0,0.0,4.0,13.0,7.0,2.0,0.0,1.0,0.0,3.494,14.071,45.834,107.233,216.809,377.336,0.0,0.194,0.6635,1.2570000000000001,2.1435,3.5765000000000002,5.256,0.0,3.484,3.433,3.058,3.28,3.0895,2.854,9.209
CN011,14.819,1.511,2012,0.0,0.0,20.072000000000003,251.678,714.983,1234.036,1473.303,0.0,0.737,22.993,56.871,87.0,189.041,225.0,0.0,-20.490259259259258,-61.02503225806452,-143.86756666666668,-247.09935483870967,-345.1718333333334,-370.1244166666667,0.0,0.027296296296296294,0.7179354838709677,1.1292666666666666,0.9719032258064515,3.4013666666666666,2.996583333333333,0.0,13670046.370370371,17233902.725806452,19787702.316666666,22763345.64516129,20534184.066666666,18689400.416666668,0.0,-4.231851851851852,2.5503870967741933,12.716266666666666,19.945322580645165,22.301766666666666,24.938916666666668,0.0,2.2688888888888887,8.61116129032258,19.3966,26.783451612903228,27.911233333333332,29.898583333333335,0.0,-9.254666666666667,-2.4576451612903223,6.084933333333334,12.930290322580644,17.274933333333333,20.37633333333333,0.0,18.0,1.0,0.0,0.0,0.0,0.0,0.0,0.0,0.0,0.0,0.0,0.0,0.0,0.0,23.0,18.0,19.0,18.0,5.0,1.0,0.0,17.564,47.147,94.203,175.43,292.585,421.7985,0.0,0.398,1.0695000000000001,1.9665,3.341,4.984,6.721,0.0,3.503,3.571,3.3905000000000003,3.354,3.8645,4.025,6.331
CN012,14.794,1.439,2012,0.0,0.0,47.663000000000004,342.073,865.063,1440.645,1697.133,0.0,0.217,10.094,57.745,73.397,191.442,234.951,0.0,-22.154999999999998,-77.55503225806451,-175.66373333333334,-296.0315161290323,-409.0422,-436.2559166666667,0.0,0.008346153846153847,0.3186129032258065,1.5883666666666665,0.5049032258064516,3.934833333333333,3.62575,0.0,13507806.0,17747382.56451613,20166708.183333334,23209476.70967742,21440825.5,19455489.083333332,0.0,-1.9214615384615383,4.596709677419354,14.813666666666666,21.870645161290323,24.186066666666665,26.374,0.0,4.188692307692308,10.814967741935485,21.281833333333335,28.61558064516129,29.923833333333334,30.996333333333336,0.0,-6.525692307692308,-0.5361290322580645,8.617833333333333,15.221258064516128,19.454,22.35925,0.0,7.0,0.0,0.0,0.0,0.0,0.0,0.0,0.0,0.0,0.0,0.0,0.0,0.0,0.0,24.0,22.0,18.0,15.0,9.0,3.0,0.0,16.630000000000003,43.898,95.811,192.947,316.00800000000004,443.8615,0.0,0.352,0.996,1.9175,3.2969999999999997,4.6209999999999996,5.903499999999999,0.0,3.8405,3.687,3.4210000000000003,3.396,4.1,4.3785,5.155
CN013,14.781,1.481,2012,0.0,0.0,36.961999999999996,294.887,764.859,1303.86,1547.46,0.0,1.025,14.071,55.849,80.741,173.952,215.129,0.0,-19.84676923076923,-68.8173870967742,-161.62736666666666,-270.9235806451613,-383.4432,-420.93075,0.0,0.03942307692307692,0.4208387096774193,1.3926,0.8029677419354838,3.1070333333333333,3.431416666666667,0.0,13758563.884615384,17372985.35483871,20518855.533333335,23246797.83870968,21689978.583333332,20213301.583333332,0.0,-3.223038461538462,3.5833548387096776,13.5783,20.160387096774194,22.9667,25.3,0.0,3.0603846153846153,9.640096774193548,20.17053333333333,26.63474193548387,28.5983,30.25616666666667,0.0,-7.993961538461538,-1.435483870967742,7.1254333333333335,13.554161290322579,17.813166666666667,20.764416666666666,0.0,14.0,0.0,0.0,0.0,0.0,0.0,0.0,0.0,0.0,0.0,0.0,0.0,0.0,0.0,22.0,14.0,15.0,9.0,3.0,1.0,0.0,19.2165,54.709,121.91300000000001,220.872,334.13,461.262,0.0,0.394,1.067,2.0875000000000004,3.5,4.926500000000001,6.5385,0.0,3.8545,3.89,3.6805,3.506,3.6445,4.2715,5.586
CN014,14.597,1.473,2012,0.0,0.0,22.693,223.594,615.683,1082.331,1317.57,0.0,3.207,26.737,68.096,100.109,176.815,221.48,0.0,-19.14853846153846,-58.101193548387094,-136.39533333333333,-237.18322580645162,-357.42716666666666,-389.1940769230769,0.0,0.12334615384615384,0.7590322580645161,1.3786333333333334,1.0326774193548387,2.5568666666666666,3.435769230769231,0.0,13797152.846153846,16840033.0,21350100.85,23171980.967741936,22908453.633333333,20917956.153846152,0.0,-3.9774615384615384,2.5975483870967744,11.687066666666668,17.648032258064514,20.554933333333334,23.095307692307692,0.0,2.1126153846153843,8.417225806451613,18.67096666666667,23.93990322580645,26.572066666666668,28.29353846153846,0.0,-8.748653846153847,-2.2842903225806452,4.718533333333334,11.060258064516129,14.6365,17.99030769230769,0.0,14.0,0.0,0.0,0.0,0.0,0.0,0.0,0.0,0.0,0.0,0.0,0.0,0.0,0.0,18.0,10.0,13.0,7.0,6.0,1.0,0.0,14.207,38.962,76.665,133.984,224.171,348.071,0.0,0.332,0.8865000000000001,1.6375000000000002,2.676,3.9515000000000002,5.529,0.0,4.503,4.497,4.284,4.043,3.8890000000000002,4.3,5.415
CN015,13.312,1.479,2012,0.0,0.0,2.5860000000000003,128.288,466.107,904.352,1129.019,0.0,3.231,20.751,41.137,73.185,186.809,245.522,0.0,-11.47875,-40.74032258064516,-126.38743333333333,-244.95183870967742,-325.7178,-340.0657692307692,0.0,0.134625,0.5651612903225807,0.6795333333333333,1.0338064516129033,3.7874666666666665,4.516384615384616,0.0,12601166.0,16528103.387096774,20183463.2,23080990.322580647,20480825.233333334,19437490.0,0.0,-10.99225,-2.7716129032258063,8.388966666666667,15.897387096774194,19.608166666666666,22.282076923076925,0.0,-4.863083333333334,3.303032258064516,15.051933333333332,22.46483870967742,24.8903,27.006230769230772,0.0,-16.139625,-8.350064516129033,1.3976333333333335,8.92174193548387,14.8101,17.809076923076923,0.0,24.0,18.0,1.0,0.0,0.0,0.0,0.0,0.0,0.0,0.0,0.0,0.0,0.0,0.0,11.0,4.0,7.0,4.0,0.0,0.0,0.0,20.256,54.179,95.089,141.552,221.924,345.503,0.0,0.367,1.0110000000000001,1.787,2.572,3.7085,5.2585,0.0,3.6494999999999997,3.766,3.4770000000000003,3.485,4.181,4.41,6.35
CN021,14.162,1.52,2012,0.0,0.0,7.879,159.595,543.907,1002.1709999999999,1217.564,0.0,8.435,36.41,115.028,140.822,305.6,386.778,0.0,-13.327481481481481,-34.93509677419355,-98.3231,-168.08316129032258,-201.05046666666667,-193.95916666666665,0.0,0.3124074074074074,0.9024193548387097,2.6206,0.8320645161290323,5.4925999999999995,6.764833333333333,0.0,12714616.092592593,16491554.790322581,19221827.65,23156407.774193548,19373156.016666666,18910609.666666668,0.0,-7.645888888888889,-0.5901935483870967,9.5645,17.397161290322583,20.275466666666667,22.949416666666668,0.0,-1.8592592592592592,4.5934838709677415,15.3973,23.7578064516129,24.778866666666666,27.002916666666668,0.0,-12.625037037037036,-5.11641935483871,3.8375666666666666,11.105967741935485,16.4631,19.236166666666666,0.0,24.0,10.0,0.0,0.0,0.0,0.0,0.0,0.0,0.0,0.0,0.0,0.0,0.0,0.0,20.0,17.0,13.0,10.0,0.0,0.0,0.0,17.6415,47.433,87.119,145.96,261.339,422.3265,0.0,0.404,1.124,1.9975,3.068,4.699,6.844,0.0,4.744,4.825,4.6215,4.414,5.152,5.0265,6.451
CN022,13.895,1.483,2012,0.0,0.0,2.349,122.12100000000001,453.882,892.042,1113.151,0.0,11.162,42.423,98.402,126.798,289.172,357.68,0.0,-8.81355172413793,-20.14432258064516,-74.17473333333334,-154.3423870967742,-187.7512,-163.94953846153845,0.0,0.38489655172413795,1.0084193548387097,1.8659666666666666,0.916,5.412466666666666,5.269846153846154,0.0,11907021.310344828,15950752.58064516,19361082.333333332,23042094.225806452,19333321.933333334,18472080.46153846,0.0,-12.23496551724138,-3.763290322580645,7.714766666666667,15.701967741935485,19.60533333333333,22.008384615384614,0.0,-6.610103448275862,1.5785806451612903,13.554066666666667,21.84841935483871,24.19793333333333,25.966,0.0,-17.551965517241378,-9.164967741935484,1.5213333333333334,9.298677419354838,15.678866666666666,18.453461538461536,0.0,29.0,18.0,1.0,0.0,0.0,0.0,0.0,0.0,0.0,0.0,0.0,0.0,0.0,0.0,17.0,10.0,6.0,5.0,0.0,0.0,0.0,19.971,51.915,89.95400000000001,141.662,244.668,405.3875,0.0,0.4715,1.2195,2.0755,3.039,4.458,6.607,0.0,4.914,5.014,4.8845,4.694,5.364,5.553,7.682
CN023,14.269,1.486,2012,0.0,0.0,0.1509999999999998,77.139,368.836,814.647,1008.693,0.0,5.138,26.971,69.161,112.577,229.00900000000001,268.469,0.0,-6.179413793103448,-24.529741935483873,-73.66686666666666,-129.51006451612903,-178.75463333333335,-193.14581818181816,0.0,0.17717241379310344,0.7042903225806451,1.4063333333333332,1.4005161290322579,3.881066666666667,3.5872727272727274,0.0,10814705.827586208,14946142.161290323,18264127.733333334,21563634.032258064,20145325.6,19918560.09090909,0.0,-15.120034482758621,-5.083483870967742,5.636733333333334,14.40958064516129,19.860366666666668,22.640545454545453,0.0,-8.882896551724137,0.6926774193548387,11.602633333333333,20.408645161290323,24.813333333333333,27.096454545454545,0.0,-20.70510344827586,-11.13225806451613,-0.7513333333333333,8.013741935483871,15.394499999999999,18.601545454545455,0.0,29.0,23.0,5.0,0.0,0.0,0.0,0.0,0.0,0.0,0.0,0.0,0.0,0.0,0.0,11.0,9.0,8.0,5.0,0.0,0.0,0.0,19.549,52.575,90.601,137.011,232.718,390.16200000000003,0.0,0.48800000000000004,1.292,2.2015000000000002,3.145,4.6455,6.7165,0.0,5.033,5.051,4.9795,4.934,5.3125,5.459,5.383
CN031,12.706,1.42,2012,4.041,19.919999999999998,136.306,473.043,940.689,1473.208,0.0,14.981,101.455,252.903,373.657,508.615,721.433,0.0,-2.576416666666667,18.757448275862068,102.65764516129033,122.9563,148.26058064516127,163.48513793103447,0.0,1.2484166666666667,2.9818620689655173,4.88541935483871,4.025133333333334,4.353483870967742,7.338551724137932,0.0,9473344.979166666,9344229.969827587,14078483.798387097,18791811.133333333,19991803.403225806,17372064.775862068,0.0,3.3950833333333335,3.8677931034482755,8.660161290322582,16.224566666666664,20.085354838709677,23.362724137931036,0.0,6.740916666666666,7.058896551724138,12.616096774193547,20.40266666666667,24.06916129032258,26.375655172413794,0.0,0.1471666666666668,0.9555172413793104,5.157967741935484,12.448566666666666,16.639032258064518,20.955793103448276,0.0,0.0,0.0,0.0,0.0,0.0,0.0,0.0,0.0,0.0,0.0,0.0,0.0,0.0,0.0,4.0,8.0,13.0,13.0,13.0,2.0,0.0,21.477,66.962,152.662,272.508,400.459,502.858,0.0,0.0,0.911,2.4805,4.428000000000001,6.203,7.024,0.0,6.3535,6.531,6.748,6.5920000000000005,6.399,6.316,0.0,6.597
CN032,13.994,1.439,2012,0.0,2.761,90.351,431.0,943.564,1539.201,1785.544,0.008,34.623000000000005,98.024,146.738,180.162,247.87300000000002,400.85,-1.619,-8.084379310344827,-10.211870967741936,-56.28616666666666,-138.05125806451613,-261.47236666666663,-210.19772727272724,0.008,1.1936206896551724,2.045193548387097,1.6238,1.0781935483870968,2.2570333333333332,13.907,13063405.0,11111534.948275862,14814831.290322581,19292496.316666666,21857268.48387097,20578075.6,15571628.454545455,4.242,1.971896551724138,7.5004193548387095,16.354966666666666,21.53432258064516,24.854566666666667,27.394818181818184,9.998,6.192724137931035,12.36874193548387,21.786800000000003,26.75,29.32946666666667,30.962363636363637,-0.446,-1.8351724137931034,3.07241935483871,11.143333333333334,16.451548387096775,20.8242,24.33090909090909,0.0,0.0,0.0,0.0,0.0,0.0,0.0,0.0,0.0,0.0,0.0,0.0,0.0,0.0,1.0,10.0,11.0,13.0,12.0,4.0,0.0,0.0,65.43299999999999,180.019,346.096,536.046,667.654,771.8064999999999,0.0,0.9510000000000001,2.8025,5.1515,7.362,8.8185,10.124500000000001,5.463,5.477,5.573,5.3045,4.799,4.4565,6.272,5.495
CN033,12.565,1.447,2012,10.277999999999999,35.354,178.196,549.538,1031.708,1414.308,0.0,97.711,193.60999999999999,414.944,548.522,754.851,899.457,0.0,57.52757894736842,99.23341379310345,250.65183870967743,290.17383333333333,355.7992258064516,447.0451904761905,0.0,5.1426842105263155,3.3068620689655175,7.139806451612904,4.4526,6.655774193548387,6.886,0.0,6653516.993421053,9500058.47413793,13158934.008064516,17565897.85,17034681.79032258,15399434.023809524,0.0,4.280578947368421,4.405413793103448,9.58432258064516,17.378066666666665,20.553870967741933,23.219047619047622,0.0,7.0290526315789466,7.954827586206896,13.850806451612904,21.840266666666665,24.513806451612904,26.413047619047617,0.0,1.7621578947368421,1.291103448275862,5.790645161290322,13.168233333333335,16.932967741935485,20.623666666666665,0.0,0.0,0.0,0.0,0.0,0.0,0.0,0.0,0.0,0.0,0.0,0.0,0.0,0.0,0.0,4.0,4.0,10.0,4.0,5.0,1.0,0.0,20.0,60.417,132.185,234.195,359.484,480.975,0.0,0.664,1.837,3.334,5.377000000000001,7.479,9.456,0.0,7.416,7.421,7.723,7.4865,7.425,7.534,0.0,4.701
CN034,13.843,1.492,2012,0.0,3.091,109.333,477.818,1009.446,1634.48,1793.421,0.89,35.402,103.17099999999999,149.5,219.026,316.395,414.84,-1.611,-9.260724137931033,-7.7222580645161285,-55.978500000000004,-116.17216129032258,-218.88783333333333,-167.45414285714287,0.2966666666666667,1.1900689655172414,2.1860967741935484,1.5443,2.242774193548387,3.245633333333333,14.06357142857143,10300688.0,10904330.948275862,14291595.927419355,19074244.2,20904510.080645163,20979906.45,16163364.857142856,3.497666666666667,2.296586206896552,8.213903225806451,17.282833333333333,22.149290322580647,25.834466666666668,27.705857142857145,8.001333333333333,6.500551724137931,13.097225806451613,22.777833333333334,27.226225806451612,30.415000000000003,31.38,-0.6993333333333333,-1.4853793103448276,3.7073870967741938,11.7194,17.086967741935485,21.469766666666665,24.498714285714282,0.0,0.0,0.0,0.0,0.0,0.0,0.0,0.0,0.0,0.0,0.0,0.0,0.0,0.0,1.0,8.0,11.0,10.0,10.0,6.0,0.0,0.0,80.954,210.994,375.19,550.605,680.006,764.215,0.0,1.1855,2.8520000000000003,5.126,7.202,8.6355,10.188,5.96,5.923,6.055,5.713,5.361,4.778499999999999,6.624,5.197
CN035,11.511,1.369,2012,80.61,190.919,451.106,852.586,1379.624,1412.762,0.0,141.736,293.8,435.911,707.058,932.802,936.745,0.0,58.866233333333334,142.74362068965516,289.00748387096775,352.0594,554.8987741935484,596.817,0.0,4.724533333333333,5.243586206896551,4.584225806451612,9.038233333333332,7.282064516129032,1.9715,0.0,6748856.075,8190976.370689655,13262862.532258065,14131612.9,15019572.306451613,12218531.5,0.0,7.272366666666667,8.754,13.393129032258065,18.38266666666667,22.001225806451615,21.569,0.0,10.4313,12.771137931034483,18.23109677419355,22.568766666666665,25.886129032258065,24.708,0.0,4.8081,5.499241379310345,9.327387096774194,14.775133333333335,18.86574193548387,19.381999999999998,0.0,0.0,0.0,0.0,0.0,0.0,0.0,0.0,0.0,0.0,0.0,0.0,0.0,0.0,0.0,1.0,3.0,4.0,1.0,0.0,0.0,0.0,61.078500000000005,158.404,274.117,402.90500000000003,551.274,660.623,0.0,1.18,3.3975,5.415,7.5649999999999995,9.958,11.384,0.0,8.1595,8.303,8.444,8.423,8.511,8.317,0.0,3.971
CN036,11.508,1.358,2012,19.323,51.44,238.24800000000002,650.856,1194.594,1279.448,0.0,79.095,185.37900000000002,417.451,691.316,1008.422,1033.915,0.0,20.63025806451613,71.63986206896551,233.25487096774194,339.15693333333337,588.511806451613,687.2444,0.0,2.5514516129032256,3.6649655172413795,7.486193548387097,9.128833333333334,10.229225806451613,5.0986,0.0,7155659.737903226,8393536.646551725,11490510.008064516,14996765.866666667,14805031.467741935,10033087.9,0.0,4.683387096774194,5.479,11.023774193548388,18.7536,22.539935483870966,21.9708,0.0,7.386838709677419,8.864517241379309,15.255645161290323,22.817166666666665,26.22148387096774,24.805600000000002,0.0,2.407967741935484,2.5772758620689653,7.304322580645161,14.775833333333333,19.065193548387096,19.7038,0.0,0.0,0.0,0.0,0.0,0.0,0.0,0.0,0.0,0.0,0.0,0.0,0.0,0.0,0.0,8.0,6.0,7.0,3.0,1.0,0.0,0.0,66.152,159.691,251.464,359.406,497.305,603.92,0.0,1.5085,3.452,4.935,6.6905,8.854,10.295,0.0,7.322,7.466,7.95,7.9085,8.193,8.282,0.0,4.069
CN037,14.446,1.493,2012,0.0,0.3179999999999996,68.836,376.85699999999997,889.793,1488.904,1768.297,0.0,2.258,30.677999999999997,86.344,94.146,133.583,311.562,0.0,-20.351384615384614,-62.56593548387097,-137.5339666666667,-240.60454838709677,-391.89966666666663,-385.6865384615385,0.0,0.08684615384615385,0.9167741935483871,1.8555333333333333,0.25167741935483867,1.3145666666666667,13.690692307692306,0.0,12968658.73076923,16154201.096774194,20298832.4,23331395.129032258,22784503.083333332,18850103.46153846,0.0,0.6609615384615384,6.2054838709677425,15.267366666666668,21.546322580645164,24.970366666666667,26.49176923076923,0.0,6.017769230769231,11.729806451612903,21.364466666666665,27.396709677419356,30.346999999999998,30.985384615384614,0.0,-3.7295769230769227,1.5200967741935485,9.568066666666668,15.862548387096773,19.917966666666665,22.57730769230769,0.0,2.0,0.0,0.0,0.0,0.0,0.0,0.0,0.0,0.0,0.0,0.0,0.0,0.0,0.0,18.0,13.0,14.0,13.0,8.0,2.0,0.0,33.245000000000005,97.631,222.14600000000002,381.8,511.393,624.1445,0.0,0.511,1.4325,3.174,5.132,6.612500000000001,7.980499999999999,0.0,4.816,4.761,4.6035,3.989,3.705,5.448,6.609
CN041,14.925,1.468,2012,0.0,4.809000000000001,116.239,481.03700000000003,1016.667,1670.954,1912.533,0.0,3.4650000000000003,40.258,75.327,105.035,146.169,271.166,0.0,-21.874,-63.67325806451613,-143.6158,-236.1515806451613,-386.8265666666667,-382.40863636363633,0.0,0.12375000000000001,1.1868709677419356,1.1689666666666667,0.9583225806451613,1.3711333333333333,11.363363636363637,0.0,12808884.714285715,15090056.217741935,19253094.6,21103333.69354839,22261316.1,17365967.181818184,0.0,2.389535714285714,8.149290322580645,17.159933333333335,22.278387096774193,26.80956666666667,26.961727272727273,0.0,7.4215,13.502709677419356,22.994333333333334,27.62658064516129,32.158,31.075363636363637,0.0,-2.108857142857143,3.3531290322580647,11.456766666666665,16.921193548387098,21.511566666666667,23.256454545454545,0.0,0.0,0.0,0.0,0.0,0.0,0.0,0.0,0.0,0.0,0.0,0.0,0.0,0.0,0.0,13.0,13.0,14.0,8.0,14.0,0.0,0.0,56.9775,166.477,343.01800000000003,525.71,651.908,767.4739999999999,0.0,0.679,1.9195,4.293,6.52,7.9215,9.5205,0.0,4.5855,4.558,4.262499999999999,3.939,3.436,5.195,5.643
CN042,13.08,1.433,2012,0.0,12.140999999999998,147.312,527.5889999999999,1050.918,1688.143,1757.595,0.6500000000000001,18.159,92.007,176.144,382.021,540.168,549.289,-3.1174,-21.088689655172413,-28.036935483870966,-54.992233333333324,-1.9535483870967738,2.017599999999994,58.672999999999995,0.13000000000000003,0.6037586206896551,2.3821935483870966,2.8045666666666667,6.641193548387096,5.271566666666667,3.0403333333333333,9720151.9,10014116.706896551,12415357.653225806,16365601.991666667,17667121.137096774,19784554.816666666,19295037.666666668,3.4368000000000003,4.1738965517241375,9.26358064516129,17.675900000000002,21.88158064516129,26.240833333333335,28.150666666666666,7.7286,8.064724137931035,14.094870967741935,22.6082,26.242935483870966,30.36306666666667,31.702333333333332,-0.4544,0.4423103448275862,4.633193548387096,12.768266666666667,17.655225806451615,22.238,24.585333333333335,0.0,0.0,0.0,0.0,0.0,0.0,0.0,0.0,0.0,0.0,0.0,0.0,0.0,0.0,2.0,9.0,11.0,9.0,5.0,4.0,0.0,0.0,69.62,182.17000000000002,318.34000000000003,463.162,604.777,722.272,0.0,0.603,1.9145,3.9965,5.97,7.996499999999999,9.669,6.154,6.095,6.225,6.028499999999999,6.404,6.106,6.542,4.762
CN043,12.106,1.391,2012,4.680000000000001,23.346,183.604,582.974,1113.463,1367.355,0.0,54.190000000000005,107.509,278.816,488.076,752.291,842.15,0.0,21.733260869565218,34.861,108.77587096774194,186.2327,354.42641935483874,464.8890769230769,0.0,2.3560869565217395,1.8385862068965517,5.526032258064515,6.975333333333333,8.52306451612903,6.912230769230769,0.0,7234556.755434782,7433071.224137931,10423840.274193548,14106743.183333334,14579139.217741935,15764514.307692308,0.0,3.811304347826087,5.106137931034483,10.151290322580644,18.312333333333335,22.112548387096776,24.530153846153844,0.0,6.5211304347826085,7.963448275862069,14.115,22.359333333333332,25.581548387096774,27.726923076923075,0.0,1.1663043478260868,2.297206896551724,6.4153548387096775,14.1436,18.68283870967742,21.362923076923078,0.0,0.0,0.0,0.0,0.0,0.0,0.0,0.0,0.0,0.0,0.0,0.0,0.0,0.0,0.0,6.0,4.0,6.0,4.0,0.0,1.0,0.0,38.1085,96.461,171.6,271.251,398.409,522.0155,0.0,0.8254999999999999,1.7439999999999998,2.626,4.182,6.214,7.821999999999999,0.0,7.097,7.146,7.46,7.462,7.845,7.936,0.0,5.775
CN044,11.814,1.393,2012,161.927,421.795,828.2280000000001,1379.532,2043.401,2083.411,0.0,78.259,151.916,236.387,545.824,810.102,824.906,0.0,28.998608695652173,41.237655172413795,83.99996774193548,150.52796666666666,317.67590322580645,416.073,0.0,3.4025652173913046,2.5398965517241376,2.7248709677419356,10.314566666666668,8.52509677419355,7.401999999999999,0.0,7858057.9130434785,8751367.5,12545416.451612903,15573020.866666667,16950094.64516129,13238191.0,0.0,12.040304347826089,13.960965517241378,18.11074193548387,23.3768,26.415129032258065,25.005000000000003,0.0,15.396999999999998,17.637241379310346,22.028612903225806,27.152800000000003,30.017322580645164,27.874000000000002,0.0,9.474304347826086,10.943758620689657,14.949193548387097,20.228333333333335,23.690032258064516,22.7245,0.0,0.0,0.0,0.0,0.0,0.0,0.0,0.0,0.0,0.0,0.0,0.0,0.0,0.0,0.0,2.0,1.0,2.0,1.0,0.0,0.0,0.0,52.98949999999999,130.60999999999999,218.63,328.138,470.08799999999997,575.185,0.0,1.16,3.018,5.089,7.189,9.339,10.798,0.0,6.846,6.804,7.053,7.3134999999999994,7.689,8.1295,0.0,4.62
CN045,12.411,1.496,2012,92.727,259.469,602.709,1141.511,1777.135,1853.11,0.0,77.32600000000001,138.953,248.161,408.29,733.28,758.819,0.0,29.525833333333335,56.117000000000004,101.80374193548387,130.3855333333333,224.90564516129032,366.2405,0.0,3.221916666666667,2.1250689655172414,3.522838709677419,5.337633333333333,10.483548387096775,6.38475,0.0,6076118.401041667,6840735.6465517245,10613022.064516129,15134095.883333333,15487869.241935484,11850845.25,0.0,8.863291666666667,10.749724137931036,16.07225806451613,22.960066666666666,25.504,23.99375,0.0,11.446333333333333,14.016068965517242,19.773774193548388,27.072433333333333,29.36109677419355,26.866999999999997,0.0,6.814333333333334,8.109413793103448,13.113129032258065,19.1478,22.388387096774192,21.6815,0.0,0.0,0.0,0.0,0.0,0.0,0.0,0.0,0.0,0.0,0.0,0.0,0.0,0.0,0.0,0.0,0.0,3.0,1.0,0.0,0.0,0.0,36.047,81.461,140.12,232.626,363.014,466.741,0.0,1.158,2.632,4.343500000000001,6.3125,8.299,9.781,0.0,6.781000000000001,6.797,6.908,6.8545,7.158,7.432,0.0,4.31
CN046,11.719,1.364,2012,90.905,505.817,1046.478,1691.567,2405.938,2542.057,0.0,6.882,34.554,60.851,259.216,523.525,572.178,0.0,-2.9315,-34.16193103448276,-95.00909677419355,-109.74336666666666,-76.29103225806452,56.440333333333335,0.0,0.86025,0.9542068965517242,0.8482903225806452,6.612166666666667,8.52609677419355,8.108833333333333,0.0,8285794.1875,10886026.051724138,15811203.870967742,20001687.133333333,19674414.129032258,18788091.833333332,0.0,16.363125,19.307310344827588,22.44067741935484,26.502966666666666,28.044225806451614,27.6865,0.0,19.337375,23.156793103448276,26.70090322580645,30.989733333333334,32.223193548387094,31.150000000000002,0.0,13.892625,16.429206896551726,19.23090322580645,23.167266666666666,25.107677419354836,24.903499999999998,0.0,0.0,0.0,0.0,0.0,0.0,0.0,0.0,0.0,0.0,0.0,0.0,0.0,0.0,0.0,0.0,0.0,1.0,0.0,0.0,0.0,0.0,0.0,95.537,245.062,407.436,581.191,698.88,0.0,0.634,2.142,4.478,6.922,9.197,10.739,0.0,6.757,6.611,6.35,6.494,6.601,7.3235,0.0,4.121
CN050,12.526,1.429,2012,6.352,57.326,265.799,638.552,1123.516,1663.694,0.0,3.0260000000000002,28.15,117.399,228.593,428.074,561.904,0.0,-4.2827,-17.268689655172416,-17.564,-1.339933333333333,69.5824193548387,133.9766,0.0,0.30260000000000004,0.8663448275862069,2.879,3.7064666666666666,6.434870967741936,4.460999999999999,0.0,9060636.9,7239765.198275862,10605667.201612903,15091366.583333334,13594375.35483871,14965915.75,0.0,5.1405,6.665206896551724,11.724935483870969,17.4251,20.644000000000002,23.005933333333335,0.0,8.2691,9.296931034482759,15.411709677419354,21.636466666666667,23.92341935483871,26.260533333333335,0.0,1.9890999999999999,3.8914827586206893,7.910677419354839,13.052533333333335,17.32583870967742,19.8816,0.0,0.0,0.0,0.0,0.0,0.0,0.0,0.0,0.0,0.0,0.0,0.0,0.0,0.0,0.0,2.0,1.0,2.0,3.0,2.0,0.0,0.0,0.0,33.104,92.081,183.137,316.323,486.738,0.0,0.455,1.143,2.352,4.3075,6.571,9.158999999999999,0.0,6.713,6.675,6.659,6.6385000000000005,6.883,6.782500000000001,0.0,5.455
CN051,12.899,1.434,2012,3.5700000000000003,44.225,241.22,617.324,1098.204,1608.057,1833.56,0.772,35.488,89.464,131.088,270.314,448.55899999999997,615.367,-1.4055,-8.413620689655172,-21.89632258064516,-71.46806666666666,-90.94903225806452,-52.13850000000001,92.81133333333332,0.386,1.197103448275862,1.7411612903225806,1.3874666666666664,4.491161290322581,5.9415000000000004,13.900666666666666,10378745.5,8989598.379310345,12519827.225806452,18068850.216666665,14983276.016129032,14302334.716666667,13891187.083333334,6.785,6.312827586206897,11.35467741935484,17.536800000000003,20.51225806451613,21.995099999999997,23.791916666666665,10.900500000000001,9.804172413793102,15.568032258064516,22.29256666666667,24.523387096774194,25.524366666666666,26.88325,2.5975,2.828793103448276,7.0040645161290325,12.6641,16.648806451612902,18.70876666666667,21.0475,0.0,0.0,0.0,0.0,0.0,0.0,0.0,0.0,0.0,0.0,0.0,0.0,0.0,0.0,0.0,0.0,0.0,2.0,0.0,0.0,0.0,0.0,59.489000000000004,152.002,260.57800000000003,378.72200000000004,511.937,657.239,0.0,0.9750000000000001,2.4885,4.3205,5.921,7.81,9.9125,6.6185,6.587,6.516,6.2325,6.363,6.474,7.107,5.115
CN052,13.061,1.533,2012,0.0,23.909999999999997,167.771,479.638,881.7909999999999,1285.44,1364.764,4.728,40.542,113.955,195.663,420.079,691.641,711.642,-2.89525,-13.634862068965518,-25.70706451612903,-43.06446666666667,-14.565193548387095,159.8302666666667,255.82240000000002,0.591,1.2349655172413794,2.3681612903225804,2.7236,7.239225806451612,9.052066666666667,4.0001999999999995,9782145.0625,11349183.086206896,14148731.58064516,17415305.583333332,14775017.290322581,12967073.383333333,17397614.2,1.5278749999999999,4.4623793103448275,9.469354838709679,15.395566666666667,17.972677419354838,18.454966666666667,20.8648,6.244375,9.937103448275861,14.92941935483871,21.0691,22.390129032258066,22.018933333333333,24.4172,-1.429375,0.6566206896551725,4.994870967741936,10.560133333333333,14.547935483870967,15.585633333333332,18.123399999999997,0.0,0.0,0.0,0.0,0.0,0.0,0.0,0.0,0.0,0.0,0.0,0.0,0.0,0.0,0.0,0.0,0.0,1.0,0.0,0.0,0.0,0.0,37.393,106.155,195.53199999999998,303.444,434.718,548.084,0.343,1.2425000000000002,2.6505,4.327,5.829,7.86,9.76,7.486,7.431,7.388,7.264,7.466,7.8629999999999995,7.976,3.814
CN053,12.971,1.41,2012,3.9410000000000007,166.421,411.719,774.95,1222.894,1643.246,1852.983,0.246,12.762,50.309,95.507,229.138,539.276,623.947,-2.294,-44.91858620689655,-125.10735483870968,-219.05763333333334,-310.80551612903224,-177.77166666666668,-50.258428571428574,0.246,0.43158620689655175,1.2111935483870966,1.5066,4.310677419354839,10.337933333333332,6.047928571428572,14183940.0,17438264.862068966,19032837.29032258,22708239.966666665,19171249.35483871,15167110.783333333,17862357.07142857,8.941,10.602758620689656,12.91283870967742,17.1077,19.4498064516129,19.011733333333332,19.981214285714284,16.009,17.352172413793102,19.358322580645158,23.454066666666666,24.86558064516129,23.084733333333336,23.857428571428574,3.249,4.771793103448276,7.242451612903226,11.375433333333335,14.775322580645161,15.8912,16.98542857142857,0.0,0.0,0.0,0.0,0.0,0.0,0.0,0.0,0.0,0.0,0.0,0.0,0.0,0.0,0.0,2.0,4.0,0.0,0.0,0.0,0.0,0.0,70.46600000000001,167.234,256.079,343.288,447.752,569.2774999999999,0.0,1.1235,2.7984999999999998,4.429,5.908,7.656499999999999,9.615,7.091,6.863,6.676,6.3865,6.501,7.6285,7.54,4.535
CN054,13.005,1.461,2012,0.0,0.0,0.11800000000000033,15.753999999999998,155.888,402.527,514.75,0.039,60.672,148.643,289.113,351.905,530.805,626.304,-1.892,-10.732241379310345,-11.218032258064516,-4.6226,-0.6775161290322573,-11.601766666666665,50.06269230769231,0.039,2.090793103448276,2.837774193548387,4.682333333333333,2.0255483870967743,5.963333333333334,7.3460769230769225,18350888.0,18456227.137931034,21889470.70967742,22115331.466666665,24706778.19354839,20209621.633333333,19190317.0,-2.423,0.3961379310344828,2.1863548387096774,5.178299999999999,9.520451612903226,13.221300000000001,13.632538461538463,4.37,5.4046551724137935,7.4478709677419355,9.938366666666667,15.345322580645162,18.5199,18.323153846153847,-8.391,-4.607448275862068,-2.8269032258064515,0.3971666666666666,4.25916129032258,8.888733333333333,10.17146153846154,1.0,0.0,0.0,0.0,0.0,0.0,0.0,0.0,0.0,0.0,0.0,0.0,0.0,0.0,0.0,1.0,2.0,0.0,0.0,0.0,0.0,0.0,39.486000000000004,97.43299999999999,160.076,242.264,353.801,472.65500000000003,0.0,0.716,1.685,2.8484999999999996,4.078,5.249499999999999,6.314,5.464,5.455,5.466,5.544499999999999,5.473,5.605,6.196,6.023
CN061,12.801,1.465,2012,0.0,0.0,59.84,358.843,795.282,1351.57,1607.037,0.0,6.58,30.96,67.607,130.399,176.138,263.236,0.0,-17.88775,-58.07587096774194,-139.9335,-222.8201935483871,-342.83506666666665,-364.1412307692308,0.0,0.23500000000000001,0.7864516129032257,1.2215666666666667,2.0255483870967743,1.5246333333333333,6.699846153846154,0.0,12529786.589285715,15510795.822580645,20881992.333333332,20516736.774193548,22937158.633333333,19672402.846153848,0.0,-0.7859285714285714,5.855354838709677,14.966766666666667,19.078677419354836,23.542933333333334,24.65130769230769,0.0,4.0225357142857145,11.325129032258065,21.337366666666664,24.652225806451614,29.2963,29.50769230769231,0.0,-5.124714285714285,0.8114838709677419,8.347733333333332,13.307032258064517,17.65666666666667,19.680076923076925,0.0,5.0,0.0,0.0,0.0,0.0,0.0,0.0,0.0,0.0,0.0,0.0,0.0,0.0,0.0,8.0,7.0,7.0,6.0,5.0,3.0,0.0,27.216500000000003,79.768,170.696,289.479,412.193,531.4045000000001,0.0,0.521,1.2675,2.6790000000000003,4.2540000000000004,5.7805,7.260999999999999,0.0,4.2405,4.132,3.8754999999999997,3.894,3.4619999999999997,4.037,4.856
CN062,12.84,1.465,2012,0.0,0.0,24.517,210.178,562.553,1033.554,1378.9569999999999,0.0,3.879,17.529,37.201,78.213,117.758,161.767,0.0,-13.15425,-56.83916129032258,-151.678,-262.3157741935484,-400.32106666666664,-492.56975,0.0,0.19395,0.4403225806451613,0.6557333333333334,1.322967741935484,1.3181666666666667,2.20045,0.0,14768626.3,18063282.258064516,21938963.2,22125742.0,23804126.633333333,21553478.45,0.0,-3.3420499999999995,3.350935483870968,11.137833333333333,16.366935483870968,20.700033333333334,22.27015,0.0,2.0935,9.271516129032257,17.557766666666666,22.42135483870968,26.653000000000002,27.70385,0.0,-8.7691,-2.6713870967741937,4.0686,9.734709677419355,14.1829,16.54665,0.0,14.0,0.0,0.0,0.0,0.0,0.0,0.0,0.0,0.0,0.0,0.0,0.0,0.0,0.0,6.0,5.0,5.0,3.0,3.0,1.0,0.0,13.657,36.084,70.504,131.519,236.701,357.94,0.0,0.263,0.6819999999999999,1.3295,2.157,3.4285,5.085,0.0,3.1875,3.088,2.9035,3.122,2.8040000000000003,3.3415,5.542
CN063,13.39,1.445,2012,0.0,0.0,4.003,97.63499999999999,322.578,658.08,897.477,0.0,6.316000000000001,26.112000000000002,45.567,124.743,174.49699999999999,258.511,0.0,-10.136000000000001,-45.488032258064514,-124.14933333333333,-191.39609677419355,-272.8647666666667,-306.27435,0.0,0.332421052631579,0.6385806451612903,0.6485,2.5540645161290323,1.6584666666666665,4.2007,0.0,16073608.263157895,19615340.93548387,23251140.1,21636723.48387097,22854527.666666668,19895786.95,0.0,-4.819473684210526,1.3365806451612903,8.086666666666666,12.256225806451612,16.1834,16.96985,0.0,0.262842105263158,6.679516129032258,14.494933333333334,17.774709677419352,21.8977,21.7713,0.0,-10.196631578947368,-4.330774193548387,1.1665999999999999,6.704806451612903,10.7396,12.4475,0.0,15.0,0.0,0.0,0.0,0.0,0.0,0.0,0.0,0.0,0.0,0.0,0.0,0.0,0.0,7.0,9.0,10.0,1.0,0.0,0.0,0.0,13.575000000000001,36.082,71.096,138.535,249.122,363.5215,0.0,0.195,0.5660000000000001,1.1825,1.994,3.177,4.522,0.0,4.263,4.265,4.097,4.445,4.3245000000000005,4.625500000000001,7.38
CN064,12.016,1.441,2012,0.0,0.0,39.031,265.65500000000003,664.525,1177.11,1504.486,0.0,2.159,12.818,37.351,66.885,109.822,125.305,0.0,-15.409090909090908,-66.38029032258065,-169.34963333333332,-292.7451290322581,-450.3665333333333,-546.3475882352941,0.0,0.09813636363636363,0.3438387096774193,0.8177666666666668,0.9527096774193548,1.4312333333333334,0.9107647058823529,0.0,14735746.863636363,17969555.258064516,21668583.466666665,22995123.580645163,24860894.8,23238013.23529412,0.0,-3.4288181818181815,4.246483870967742,12.452766666666667,17.866774193548387,22.086166666666667,24.257411764705882,0.0,2.497227272727273,10.443258064516128,18.966066666666666,24.328774193548387,28.4142,30.20176470588235,0.0,-9.174136363636363,-1.7073548387096773,5.2827,10.65216129032258,15.199066666666665,17.825176470588236,0.0,14.0,0.0,0.0,0.0,0.0,0.0,0.0,0.0,0.0,0.0,0.0,0.0,0.0,0.0,12.0,10.0,16.0,10.0,10.0,4.0,0.0,13.0625,33.93,62.361000000000004,108.684,199.142,325.7835,0.0,0.227,0.6065,1.1179999999999999,1.806,2.814,4.218,0.0,3.1799999999999997,3.072,2.898,3.395,2.8615000000000004,3.435,7.775
CN065,13.176,1.431,2012,0.0,0.0,20.276,273.374,667.332,1182.472,1617.382,0.0,8.866,29.429000000000002,54.428,82.465,123.98,164.06,0.0,-3.45075,-22.966096774193552,-95.51666666666667,-214.6868064516129,-347.8699666666667,-457.7763333333333,0.0,0.554125,0.6633225806451614,0.8333,0.9044193548387096,1.3838333333333332,1.67,0.0,12215455.40625,16272325.483870968,21924182.766666666,24285825.129032258,23645892.333333332,23335189.666666668,0.0,-7.017125,1.4620967741935484,13.4366,17.70832258064516,22.171333333333333,23.12125,0.0,-1.4169375,7.2580967741935485,20.0989,23.85922580645161,27.4896,28.347125000000002,0.0,-12.299625,-4.451741935483871,5.9544999999999995,10.886290322580646,16.644133333333333,17.78725,0.0,16.0,6.0,0.0,0.0,0.0,0.0,0.0,0.0,0.0,0.0,0.0,0.0,0.0,0.0,5.0,8.0,7.0,2.0,0.0,0.0,0.0,4.267,17.099,51.507999999999996,111.182,221.185,387.933,0.0,0.196,0.611,1.3115,2.152,3.3795,5.077,0.0,3.3819999999999997,3.283,2.8395,2.792,2.878,2.9705000000000004,9.344
CN011,14.819,1.511,2013,0.0,0.0,12.756999999999998,138.852,584.252,1096.107,1350.478,0.0,8.08,21.506,36.82,48.512,164.925,277.774,0.0,-12.13076923076923,-58.44335483870967,-129.79823333333334,-256.8805483870968,-339.66700000000003,-298.17407692307694,0.0,0.3107692307692308,0.4330967741935485,0.5104666666666666,0.37716129032258067,3.8804333333333334,8.680692307692308,0.0,12508773.365384616,17065940.951612905,20167567.3,21721562.16129032,18072306.05,19729076.269230768,0.0,-3.6431923076923076,3.270290322580645,9.151866666666667,19.36774193548387,22.061833333333333,24.567,0.0,1.9683461538461537,9.873032258064518,15.792033333333332,25.798161290322582,27.243066666666667,29.296461538461536,0.0,-7.990192307692308,-2.032064516129032,3.0381,12.70790322580645,17.4402,20.033384615384616,0.0,13.0,0.0,0.0,0.0,0.0,0.0,0.0,0.0,0.0,0.0,0.0,0.0,0.0,0.0,18.0,20.0,16.0,20.0,5.0,2.0,0.0,15.6005,43.57,86.327,159.682,274.108,408.6995,0.0,0.381,1.091,1.853,3.031,5.04,6.8825,0.0,4.0105,3.864,3.6945,3.169,3.9219999999999997,4.367,6.567
CN012,14.794,1.439,2013,0.0,0.0,31.467,214.276,703.077,1267.347,1545.163,0.0,3.895,9.513,24.298000000000002,33.863,149.269,245.385,0.0,-14.87356,-69.76806451612903,-159.47313333333335,-300.9459032258065,-405.8727666666666,-381.6749230769231,0.0,0.1558,0.1812258064516129,0.49283333333333335,0.3085483870967742,3.8468666666666667,7.393538461538461,0.0,11988671.68,16983787.225806452,20677896.866666667,21623703.580645163,19384941.633333333,19573762.5,0.0,-1.83756,4.901322580645162,11.093633333333335,20.767774193548387,23.809,26.370461538461537,0.0,3.40404,11.505806451612903,17.4256,27.04948387096774,29.129,30.885153846153848,0.0,-5.6732000000000005,-0.37254838709677424,5.416366666666666,14.71958064516129,19.373466666666666,22.218461538461536,0.0,4.0,0.0,0.0,0.0,0.0,0.0,0.0,0.0,0.0,0.0,0.0,0.0,0.0,0.0,16.0,24.0,18.0,21.0,6.0,4.0,0.0,13.4055,38.004,87.264,178.906,293.774,415.832,0.0,0.345,0.983,1.72,2.956,4.6785,6.163,0.0,4.422,4.147,3.4989999999999997,3.189,4.1739999999999995,4.789,5.329
CN013,14.781,1.481,2013,0.0,0.0,35.662,188.611,635.982,1164.265,1423.081,0.0,4.409,13.029,32.775,60.619,151.777,265.31,0.0,-12.82664,-69.9978064516129,-156.0198,-281.65983870967744,-368.9295,-370.93107692307694,0.0,0.17636,0.27806451612903227,0.6582,0.8981935483870969,3.0386,8.733307692307692,0.0,12687263.36,17587572.35483871,20996548.5,22083142.322580647,20175375.883333333,18573352.384615384,0.0,-2.9992,4.906483870967742,10.049933333333334,19.431322580645162,22.609433333333335,24.90892307692308,0.0,2.65864,11.407,16.548966666666665,25.862612903225806,27.818733333333334,29.460307692307694,0.0,-7.23324,-0.7429677419354839,4.1463,13.144935483870968,17.898833333333336,20.644692307692306,0.0,10.0,0.0,0.0,0.0,0.0,0.0,0.0,0.0,0.0,0.0,0.0,0.0,0.0,0.0,15.0,16.0,10.0,14.0,2.0,1.0,0.0,16.500999999999998,52.382,122.063,218.422,328.509,454.7135,0.0,0.374,1.1,2.056,3.2750000000000004,4.978,6.5895,0.0,4.311,4.021,3.85,3.405,4.101,4.973,5.608
CN014,14.597,1.473,2013,0.0,0.0,54.066,210.788,608.795,1088.25,1332.992,0.0,5.74,12.117,37.69,77.767,162.046,309.081,0.0,-14.8798,-80.85248387096775,-172.82903333333334,-294.5701612903226,-374.1007333333333,-366.2885,0.0,0.2296,0.20570967741935484,0.8524333333333334,1.2928064516129032,2.8093,10.5025,0.0,13440559.62,18510550.16129032,21518318.483333334,21780371.967741936,21761278.733333334,17455100.25,0.0,-2.00052,5.905645161290322,9.693666666666667,17.83893548387097,20.981833333333334,22.48157142857143,0.0,4.17876,13.149290322580645,16.8273,24.14883870967742,26.513033333333333,26.900785714285714,0.0,-6.9848,-0.7146774193548387,2.8365666666666667,11.225225806451613,15.536966666666666,18.369142857142858,0.0,9.0,0.0,0.0,0.0,0.0,0.0,0.0,0.0,0.0,0.0,0.0,0.0,0.0,0.0,15.0,17.0,16.0,12.0,1.0,0.0,0.0,15.18,42.032,79.039,126.231,211.586,342.283,0.0,0.349,0.9415,1.592,2.4375,3.8280000000000003,5.518000000000001,0.0,4.442,4.137,4.034,3.729,4.246,5.2095,5.715
CN015,13.312,1.479,2013,0.0,0.0,0.0,51.717,423.29,876.854,1119.229,0.0,5.557,16.073,45.223,72.683,166.145,218.094,0.0,-9.885652173913044,-45.65712903225807,-108.6568,-214.37609677419354,-331.89396666666664,-344.74071428571426,0.0,0.24160869565217394,0.3392258064516129,0.9716666666666666,0.8858064516129033,3.1154,3.710642857142857,0.0,12662339.869565217,17001316.387096774,19534754.133333333,21960624.032258064,19872022.4,20642606.57142857,0.0,-11.70713043478261,-3.1193548387096777,4.955333333333333,16.98622580645161,20.1188,22.3125,0.0,-5.506086956521739,3.282322580645161,10.735999999999999,23.767225806451613,25.587333333333333,27.35007142857143,0.0,-16.731739130434782,-9.089064516129033,-0.6630333333333334,9.953967741935482,14.8653,17.419214285714286,0.0,23.0,20.0,0.0,0.0,0.0,0.0,0.0,0.0,0.0,0.0,0.0,0.0,0.0,0.0,12.0,10.0,4.0,6.0,0.0,0.0,0.0,13.046,38.337,74.219,120.702,205.25900000000001,331.6235,0.0,0.322,0.9484999999999999,1.616,2.428,3.8465,5.422499999999999,0.0,4.196,4.11,4.074,3.939,4.198,4.541,6.784
CN021,14.162,1.52,2013,0.0,0.0,0.3620000000000001,56.024,444.492,925.081,1169.501,0.0,16.832,39.315,85.06099999999999,107.605,201.706,307.499,0.0,-6.912923076923077,-35.61403225806452,-70.45236666666666,-166.23732258064516,-270.5174666666666,-233.89453846153845,0.0,0.6473846153846154,0.7252580645161291,1.5248666666666668,0.7272258064516129,3.1367,8.137923076923077,0.0,12139561.307692308,16545852.491935484,19009036.15,22314734.741935484,19762561.133333333,18955129.730769232,0.0,-8.012884615384616,-0.6089677419354839,5.6583,17.531225806451612,21.01963333333333,23.801538461538463,0.0,-2.5265769230769233,4.690677419354839,10.789933333333332,23.703193548387095,25.8691,27.836,0.0,-12.769346153846154,-5.124516129032258,0.9562333333333333,11.429322580645161,16.6079,19.979923076923075,0.0,23.0,7.0,0.0,0.0,0.0,0.0,0.0,0.0,0.0,0.0,0.0,0.0,0.0,0.0,11.0,13.0,7.0,12.0,5.0,1.0,0.0,15.5565,44.617,82.297,134.617,241.18200000000002,396.5795,0.0,0.396,1.1515,1.927,2.9290000000000003,4.772,6.911,0.0,5.295999999999999,5.192,5.1594999999999995,4.698,4.7135,5.437,6.961
CN022,13.895,1.483,2013,0.0,0.0,0.0,37.229,395.442,858.622,1104.248,0.0,27.131,49.095,90.185,140.365,262.412,358.93,0.0,3.525571428571429,-1.827032258064516,-36.0569,-101.27341935483871,-194.75676666666666,-129.4900714285714,0.0,0.9689642857142857,0.708516129032258,1.3696666666666666,1.6187096774193548,4.068233333333334,6.894142857142858,0.0,11712537.69642857,16731244.387096774,18338554.65,21691892.66129032,19767259.566666666,18533025.67857143,0.0,-14.206535714285716,-5.002387096774194,3.8203000000000005,16.555258064516128,20.43933333333333,22.544714285714285,0.0,-8.520642857142857,0.09119354838709677,8.600866666666667,22.525903225806452,25.31673333333333,26.514214285714285,0.0,-19.352285714285717,-10.266806451612904,-0.9909,10.416193548387096,15.829199999999998,18.86285714285714,0.0,28.0,22.0,0.0,0.0,0.0,0.0,0.0,0.0,0.0,0.0,0.0,0.0,0.0,0.0,10.0,9.0,7.0,9.0,2.0,0.0,0.0,6.473000000000001,23.887,53.664,99.97200000000001,201.083,361.5155,0.0,0.4935,1.2725,2.004,2.939,4.578,6.759,0.0,5.606,5.609,5.491,5.282,5.134,6.1995000000000005,7.828
CN023,14.269,1.486,2013,0.0,0.0,0.0,33.138,360.831,809.0740000000001,1005.357,0.0,16.119,37.507,66.001,131.174,220.368,309.933,0.0,1.4513214285714287,-0.0011935483870970868,-28.87366666666667,-83.46925806451613,-154.2223666666667,-114.93391666666666,0.0,0.5756785714285714,0.6899354838709678,0.9498,2.1023548387096773,2.9731333333333336,7.46375,0.0,10841112.05357143,16572095.677419355,18570711.733333334,20608724.967741936,19901415.766666666,17745829.291666668,0.0,-17.46632142857143,-8.69916129032258,3.1434333333333333,15.57074193548387,19.941433333333336,21.356916666666667,0.0,-11.4705,-3.3436129032258064,7.864766666666667,21.375548387096774,24.7205,25.371166666666667,0.0,-22.732321428571428,-14.544612903225806,-1.8007,9.649967741935484,15.329566666666667,17.710833333333333,0.0,28.0,30.0,1.0,0.0,0.0,0.0,0.0,0.0,0.0,0.0,0.0,0.0,0.0,0.0,9.0,5.0,4.0,4.0,0.0,0.0,0.0,3.774,13.735,36.815,79.314,173.809,329.595,0.0,0.6639999999999999,1.192,1.91,2.8724999999999996,4.564,6.639,0.0,5.581,5.62,5.587,5.452,5.4305,6.0255,5.684
CN031,12.706,1.42,2013,19.967,69.336,223.678,499.027,966.766,1513.339,0.0,6.5649999999999995,99.728,181.243,244.495,358.362,619.931,0.0,-4.1057500000000005,23.41264285714286,41.811516129032256,12.052766666666667,-18.990516129032258,55.32553333333333,0.0,0.5470833333333333,3.32725,2.629516129032258,2.1084,3.6731290322580645,8.718966666666667,0.0,11064974.375,9742529.92857143,15760523.233870968,21002473.983333334,17571987.451612905,14268482.333333334,0.0,5.905833333333334,5.946607142857142,9.89690322580645,14.1783,20.08835483870968,23.2191,0.0,10.40025,9.195392857142858,15.065645161290323,19.0793,23.758032258064517,26.2365,0.0,1.8784166666666666,2.8129285714285714,5.708354838709678,9.529966666666667,16.90096774193548,20.6864,0.0,0.0,0.0,0.0,0.0,0.0,0.0,0.0,0.0,0.0,0.0,0.0,0.0,0.0,0.0,8.0,6.0,16.0,17.0,14.0,2.0,0.0,18.558,62.281000000000006,150.128,264.43399999999997,380.245,478.178,0.0,0.322,0.885,2.117,3.672,5.3155,6.538,0.0,6.4145,6.5715,6.52,6.2715,6.145,6.5515,0.0,6.997
CN032,13.994,1.439,2013,3.976000000000001,26.944000000000003,157.971,432.307,909.967,1475.571,1768.059,9.866,55.06,88.139,108.348,251.385,346.784,449.421,8.961,22.705107142857145,-14.48816129032258,-98.04423333333332,-169.95090322580646,-164.90689999999998,-144.77358333333333,9.866,1.6140714285714286,1.0670645161290322,0.6736333333333333,4.614096774193548,3.1799666666666666,8.553083333333333,5174948.0,10986994.839285715,16984433.596774194,22001605.333333332,18334955.241935484,19426791.533333335,19359446.75,8.976,3.844035714285714,9.054967741935483,14.144533333333333,20.40838709677419,23.85346666666667,29.374,11.727,8.039285714285715,14.882032258064516,20.1987,25.19458064516129,28.121133333333333,33.06766666666667,6.542,-0.010321428571428561,3.912451612903226,7.963566666666667,15.965483870967741,19.873766666666665,25.888916666666663,0.0,0.0,0.0,0.0,0.0,0.0,0.0,0.0,0.0,0.0,0.0,0.0,0.0,0.0,0.0,10.0,16.0,16.0,11.0,8.0,1.0,0.0,49.975,162.439,331.354,515.785,655.741,777.3924999999999,0.0,0.7965,2.5875,4.629,6.8895,8.785499999999999,10.214500000000001,6.17,5.5915,5.345,4.983,4.969,5.2625,5.413,5.076
CN033,12.565,1.447,2013,26.841,100.66499999999999,294.123,603.2429999999999,1107.538,1515.813,0.0,18.076,130.138,261.988,373.722,522.204,693.098,0.0,2.462631578947368,33.48260714285714,84.16780645161289,101.39993333333334,141.09251612903228,233.76959090909088,0.0,0.9513684210526316,4.0022142857142855,4.253225806451613,3.724466666666667,4.789741935483871,7.767909090909091,0.0,11341062.171052631,8439437.419642856,15481076.423387097,18873533.983333334,17049648.451612905,14369953.318181818,0.0,5.853421052631579,6.903571428571429,11.19574193548387,15.304,21.26758064516129,23.557954545454546,0.0,10.79621052631579,10.453928571428571,16.770387096774197,20.31683333333333,25.211,26.688863636363635,0.0,1.398421052631579,3.65775,6.298677419354839,10.455533333333333,17.678193548387096,20.817636363636364,0.0,0.0,0.0,0.0,0.0,0.0,0.0,0.0,0.0,0.0,0.0,0.0,0.0,0.0,0.0,10.0,2.0,11.0,9.0,6.0,0.0,0.0,18.802,61.084,140.413,241.191,358.093,477.349,0.0,0.741,2.391,4.3245,6.098,8.062999999999999,10.327,0.0,7.299,7.454000000000001,7.429,7.218999999999999,7.219,7.4875,0.0,4.221
CN034,13.843,1.492,2013,8.831,40.83,207.468,518.14,1025.019,1619.27,1810.411,14.898000000000001,63.436,107.903,145.57,305.537,431.251,543.384,3.2373333333333334,23.655821428571432,-3.8743548387096776,-82.35,-124.98393548387097,-110.96943333333334,-81.917625,4.966,1.7334999999999998,1.4344193548387099,1.2555666666666667,5.160225806451613,4.190466666666667,14.016625,9010778.166666666,10740599.86607143,16386703.887096774,21445082.4,18031264.48387097,19743577.5,17343338.0,7.943666666666666,4.427785714285714,10.297645161290323,15.355733333333331,21.35093548387097,24.808366666666664,28.892625,12.832999999999998,8.639535714285715,15.960870967741934,21.340933333333332,26.123290322580644,29.076433333333334,32.2995,4.038666666666667,0.4933571428571429,5.184709677419355,9.1206,16.693645161290323,20.628766666666667,25.758375,0.0,0.0,0.0,0.0,0.0,0.0,0.0,0.0,0.0,0.0,0.0,0.0,0.0,0.0,1.0,6.0,13.0,15.0,12.0,6.0,0.0,0.0,56.668,178.24,346.04,512.188,641.689,740.68,0.0,0.7929999999999999,2.472,4.533,6.601,8.443,9.769,6.156,6.09,5.855,5.435499999999999,5.575,5.7805,6.336,5.041
CN035,11.511,1.369,2013,108.067,303.877,606.501,959.677,1482.012,1538.879,0.0,19.833,90.605,231.277,418.273,728.878,754.999,0.0,-9.432933333333331,-11.967821428571426,-8.291161290322579,104.26410000000001,257.3094516129032,374.16766666666666,0.0,0.6610999999999999,2.5275714285714286,4.537806451612903,6.233199999999999,10.019516129032258,8.707,0.0,10581201.166666666,8820152.955357144,15050690.483870968,14904275.666666666,14799637.709677419,17084136.0,0.0,8.533833333333332,11.96525,14.762064516129033,16.77253333333333,21.84951612903226,23.95566666666667,0.0,13.373766666666667,16.260714285714286,20.164225806451615,21.470133333333333,25.825870967741935,28.186666666666667,0.0,4.627033333333333,8.398035714285715,10.087709677419355,12.808566666666668,18.838709677419356,21.017666666666667,0.0,0.0,0.0,0.0,0.0,0.0,0.0,0.0,0.0,0.0,0.0,0.0,0.0,0.0,0.0,9.0,0.0,9.0,3.0,1.0,0.0,0.0,66.26350000000001,174.415,307.085,445.681,593.982,701.856,0.0,1.201,3.3535,5.731,7.9719999999999995,10.404499999999999,12.190999999999999,0.0,8.2165,8.2935,8.121,8.350999999999999,8.561,8.6,0.0,4.017
CN036,11.508,1.358,2013,48.318,166.49599999999998,443.633,804.416,1362.778,1479.059,0.0,24.476,123.58200000000001,311.565,537.622,769.536,824.369,0.0,-6.012193548387097,18.81267857142857,85.68458064516129,198.68053333333333,354.2431290322581,436.02866666666665,0.0,0.7895483870967742,3.5395000000000003,6.063967741935484,7.535233333333333,7.481096774193549,9.138833333333332,0.0,10304252.225806452,7673513.553571428,14717780.975806452,14932066.158333333,16282688.709677419,15210093.666666666,0.0,5.500322580645161,8.757571428571428,13.939903225806452,17.0261,23.011677419354836,24.380166666666668,0.0,10.01083870967742,12.262749999999999,19.28658064516129,21.605433333333334,27.103451612903225,28.081,0.0,1.6484516129032258,5.628749999999999,9.041483870967742,12.823133333333335,19.092451612903226,21.039833333333334,0.0,0.0,0.0,0.0,0.0,0.0,0.0,0.0,0.0,0.0,0.0,0.0,0.0,0.0,0.0,10.0,2.0,8.0,5.0,1.0,0.0,0.0,63.040000000000006,155.665,254.543,365.12,505.497,617.5120000000001,0.0,1.267,3.418,5.4135,7.293,9.3525,10.979000000000001,0.0,7.763,7.897,8.013,8.076,8.171,8.245000000000001,0.0,4.071
CN037,14.446,1.493,2013,0.0,2.6759999999999993,103.83,337.304,806.213,1390.308,1705.794,0.0,7.547,17.755,40.884,167.118,192.388,322.036,0.0,-9.99376,-75.05758064516128,-169.58036666666666,-254.9268387096774,-311.7657,-338.60564285714287,0.0,0.30188,0.32929032258064517,0.7709666666666667,4.072064516129032,0.8423333333333333,9.260571428571428,0.0,12299260.28,17266917.967741936,21279219.1,20640224.951612905,22209595.766666666,17412378.67857143,0.0,1.23676,7.844258064516129,12.761133333333333,20.12609677419355,24.469833333333334,27.534714285714283,0.0,6.1676400000000005,13.953645161290321,18.944633333333332,25.577322580645163,29.451900000000002,31.509214285714286,0.0,-2.80296,2.2509354838709674,6.7792,14.995677419354838,19.8304,23.877928571428573,0.0,2.0,0.0,0.0,0.0,0.0,0.0,0.0,0.0,0.0,0.0,0.0,0.0,0.0,0.0,16.0,18.0,17.0,9.0,11.0,0.0,0.0,28.252000000000002,91.928,214.696,368.483,500.96,623.113,0.0,0.508,1.5414999999999999,2.975,4.814,6.693,8.155000000000001,0.0,4.883,4.554,4.2905,4.18,4.239,5.256,6.333
CN041,14.925,1.468,2013,0.0,18.778,194.712,504.73,1031.53,1672.232,1966.868,0.0,16.476,32.612,65.37,190.913,224.728,281.82800000000003,0.0,-5.656259259259259,-72.82641935483872,-168.44526666666667,-253.698,-311.1424333333334,-371.2549166666667,0.0,0.6102222222222222,0.5205161290322581,1.0919333333333334,4.049774193548387,1.1271666666666667,4.758333333333334,0.0,11550953.106481481,16348309.709677419,20620329.233333334,19775802.580645163,22169189.666666668,20816801.416666668,0.0,3.43562962962963,10.624548387096773,15.333933333333334,21.993548387096773,26.356733333333334,29.553,0.0,8.553259259259258,16.50248387096774,21.5808,27.322806451612905,31.3394,34.07041666666667,0.0,-0.9197037037037037,5.291612903225806,9.340966666666667,16.876709677419356,21.417633333333335,25.485166666666668,0.0,0.0,0.0,0.0,0.0,0.0,0.0,0.0,0.0,0.0,0.0,0.0,0.0,0.0,0.0,11.0,15.0,19.0,11.0,9.0,0.0,0.0,49.693,153.245,323.387,495.923,624.175,753.0735,0.0,0.718,2.1715,4.176,6.3165,7.962,9.6235,0.0,4.267,4.019,3.7775,3.768,3.7695,4.106,5.535
CN042,13.08,1.433,2013,9.425999999999998,48.628,276.761,630.154,1160.05,1792.133,1893.99,22.904,69.702,131.56,237.59900000000002,400.706,596.525,598.775,1.7900000000000005,25.02864285714286,6.672612903225809,-24.013833333333327,-1.38593548387096,54.98250000000001,65.30175000000001,4.5808,1.671357142857143,1.9954193548387098,3.5346333333333333,5.261516129032258,6.527299999999999,0.5625,8897143.35,9510555.169642856,14812720.596774194,18641081.416666668,17291316.419354837,20174830.65,24319493.0,6.8852,5.378571428571428,12.359129032258064,16.779766666666667,22.09341935483871,26.069433333333333,30.46425,11.5854,9.63075,17.758870967741935,22.276666666666664,26.611677419354837,30.084966666666666,33.81375,2.4978000000000002,1.3739285714285714,7.4880645161290325,11.236233333333333,17.58274193548387,22.039499999999997,27.3115,0.0,0.0,0.0,0.0,0.0,0.0,0.0,0.0,0.0,0.0,0.0,0.0,0.0,0.0,2.0,9.0,14.0,9.0,11.0,6.0,2.0,0.0,61.022000000000006,174.222,311.902,447.758,591.6610000000001,717.847,0.0,0.9835,2.6965000000000003,4.591,6.468999999999999,8.545000000000002,10.317,6.043,6.254,6.054,5.8485,6.146,6.2245,5.9455,4.721
CN043,12.106,1.391,2013,43.508,115.628,393.698,760.311,1307.128,1577.936,0.0,27.179000000000002,103.81,242.067,400.604,630.281,703.796,0.0,-9.404391304347827,21.963607142857143,56.95390322580646,116.24743333333335,216.4435806451613,285.04242857142856,0.0,1.181695652173913,2.7368214285714285,4.4599032258064515,5.284566666666667,7.408935483870968,5.251071428571429,0.0,10150536.43478261,7406170.397321428,13729429.209677419,15311789.675,16233245.129032258,19364775.214285713,0.0,6.573391304347827,7.025964285714286,13.97,17.220433333333332,22.63925806451613,24.34342857142857,0.0,11.107739130434783,10.393857142857144,18.925225806451614,21.8534,26.80306451612903,28.310285714285715,0.0,2.2199565217391304,3.687607142857143,9.416419354838709,12.5152,18.644870967741934,20.24992857142857,0.0,0.0,0.0,0.0,0.0,0.0,0.0,0.0,0.0,0.0,0.0,0.0,0.0,0.0,0.0,5.0,1.0,5.0,3.0,5.0,2.0,0.0,35.979,99.619,188.417,289.82,414.957,545.8565,0.0,0.988,2.422,3.911,5.579,7.429,9.208,0.0,7.353,7.5135000000000005,7.46,7.486000000000001,7.636,7.5245,0.0,5.374
CN044,11.814,1.393,2013,224.803,568.58,1037.014,1529.385,2163.811,2232.4519999999998,0.0,14.913,44.614000000000004,211.109,401.385,635.286,647.775,0.0,-20.558,-50.13207142857143,-84.00932258064516,41.961,154.95532258064515,212.19899999999998,0.0,0.6483913043478261,1.06075,5.3708064516129035,6.342533333333334,7.545193548387096,4.162999999999999,0.0,11691579.152173912,10782094.392857144,14533063.225806452,13934504.016666668,16976561.387096774,22955486.0,0.0,14.77404347826087,17.27775,20.110774193548387,21.412366666666667,25.46535483870968,27.880333333333336,0.0,19.042,21.208785714285714,24.400032258064513,24.9726,29.01877419354839,32.19233333333333,0.0,11.372739130434782,14.003607142857144,16.537064516129032,18.552733333333332,22.711387096774192,24.522000000000002,0.0,0.0,0.0,0.0,0.0,0.0,0.0,0.0,0.0,0.0,0.0,0.0,0.0,0.0,0.0,3.0,1.0,5.0,1.0,0.0,0.0,0.0,64.24549999999999,166.247,283.501,401.748,545.319,659.0360000000001,0.0,1.138,3.1235,5.1865,7.283,9.5775,11.289,0.0,6.92,6.830500000000001,6.718,7.3115,7.483,7.333,0.0,4.621
CN045,12.411,1.496,2013,168.262,445.259,900.139,1378.223,1990.166,2095.044,0.0,31.157,84.034,237.135,408.959,711.7139999999999,737.902,0.0,-4.584625,-3.684142857142857,-6.37741935483871,96.96816666666668,239.0572580645161,328.3724,0.0,1.2982083333333334,1.8884642857142857,4.938741935483871,5.727466666666667,9.766290322580645,5.2376000000000005,0.0,7051761.510416667,7983771.303571428,12924853.693548387,13598994.7,15813009.35483871,19163637.4,0.0,12.010916666666667,14.892750000000001,19.673548387096773,20.93613333333333,24.74009677419355,25.975599999999996,0.0,15.229,18.687071428571432,24.02583870967742,24.8162,28.489354838709676,29.816000000000003,0.0,9.212416666666668,11.581714285714286,15.760935483870968,17.597666666666665,21.563193548387098,22.7246,0.0,0.0,0.0,0.0,0.0,0.0,0.0,0.0,0.0,0.0,0.0,0.0,0.0,0.0,0.0,1.0,1.0,3.0,0.0,1.0,0.0,0.0,43.3855,112.67699999999999,209.243,323.536,463.506,575.498,0.0,1.146,3.053,5.072,7.128,9.312000000000001,11.0,0.0,7.1645,7.126,7.058,7.1055,7.48,7.629,0.0,4.516
CN046,11.719,1.364,2013,123.941,589.662,1176.644,1784.041,2491.387,2652.887,0.0,11.734,28.808,80.681,197.834,379.992,422.293,0.0,-4.011749999999999,-41.69242857142857,-128.33070967741935,-176.44386666666665,-131.67570967741935,-133.23357142857142,0.0,1.46675,0.6097857142857144,1.6733225806451613,3.9050999999999996,5.8760645161290315,6.043,0.0,11188290.3125,13382022.42857143,18639970.56451613,18412272.033333335,21205672.967741936,23021180.285714287,0.0,20.492625,21.632892857142856,23.93490322580645,25.24656666666667,27.817612903225807,28.071428571428573,0.0,24.256375,25.713964285714287,28.763161290322582,29.43436666666667,32.0008064516129,32.40757142857143,0.0,17.8645,18.522250000000003,20.364806451612903,22.2217,24.773064516129033,24.851857142857142,0.0,0.0,0.0,0.0,0.0,0.0,0.0,0.0,0.0,0.0,0.0,0.0,0.0,0.0,0.0,0.0,2.0,2.0,1.0,0.0,0.0,0.0,0.0,101.761,257.923,422.739,601.206,726.371,0.0,0.601,2.1555,4.16,6.061,8.498999999999999,10.197,0.0,6.1985,6.057,5.786,6.0440000000000005,6.255,5.975,0.0,4.362
CN050,12.526,1.429,2013,37.230999999999995,167.691,478.798,857.933,1343.965,1958.63,1980.383,6.928,46.692,130.267,236.972,468.058,682.341,692.487,-5.4974,-2.2806071428571424,-11.300967741935484,-2.5129666666666663,64.56564516129032,165.8525,214.445,0.6928,1.4201428571428572,2.695967741935484,3.556833333333333,7.454387096774193,7.142766666666666,10.146,9084093.85,7421598.883928572,13760632.983870968,16344256.916666666,15368454.862903226,20851477.216666665,13633846.0,8.723099999999999,9.657285714285715,15.035709677419355,17.637833333333333,20.678451612903228,25.488833333333332,26.753,13.056700000000001,12.919892857142857,19.639580645161292,22.10526666666667,24.609290322580645,29.357166666666668,29.511,4.2304,6.1285357142857135,10.364935483870967,12.8842,16.642774193548387,21.133733333333332,24.143,0.0,0.0,0.0,0.0,0.0,0.0,0.0,0.0,0.0,0.0,0.0,0.0,0.0,0.0,3.0,4.0,4.0,1.0,5.0,7.0,0.0,0.0,45.745999999999995,126.771,232.973,374.846,565.668,709.972,0.48,1.6225,3.4775,5.243,7.3145,10.155000000000001,0.0,6.711,6.734,6.634,6.564,6.766,6.578,6.738,5.52
CN051,12.899,1.434,2013,8.668,137.338,449.916,823.831,1296.973,1864.657,2122.558,0.41500000000000004,23.122,55.467999999999996,120.58,258.225,519.45,706.888,-2.3315,-15.547178571428573,-70.27187096774193,-121.21166666666666,-133.4278064516129,-97.68443333333333,98.43369230769233,0.20750000000000002,0.8109642857142857,1.0434193548387096,2.1704,4.440161290322581,8.707500000000001,14.418307692307694,11117400.0,10119742.107142856,16014132.225806452,16995186.933333334,16731368.096774194,17558503.766666666,15257270.576923076,9.334,9.595357142857143,15.083161290322582,17.463833333333334,20.262645161290326,23.9228,24.838538461538462,14.6365,13.699928571428572,20.147870967741937,22.272466666666666,24.429870967741937,27.852766666666664,28.12423076923077,4.650499999999999,5.32975,9.919806451612903,12.5262,16.010612903225805,19.879033333333332,21.681923076923077,0.0,0.0,0.0,0.0,0.0,0.0,0.0,0.0,0.0,0.0,0.0,0.0,0.0,0.0,0.0,0.0,1.0,0.0,0.0,0.0,0.0,0.0,61.034000000000006,160.10399999999998,269.443,383.312,532.767,697.5889999999999,0.0,0.975,2.6325,4.292,5.9625,8.4985,10.761,6.455,6.4325,6.131,6.099,6.22,6.402,7.188,5.458
CN052,13.061,1.533,2013,19.901,142.506,381.997,657.059,1040.616,1499.209,1600.891,5.069,41.039,122.0,229.782,434.993,615.414,645.975,-5.0325,-26.695642857142854,-61.181290322580644,-50.229033333333334,7.629451612903228,86.18990000000001,112.59883333333335,0.633625,1.2846428571428572,2.6116451612903226,3.5927333333333333,6.619709677419356,6.014033333333333,5.0935,10497102.375,12985004.910714285,15838710.290322581,16132189.8,16382067.274193548,19564478.183333334,17856351.333333332,7.427,9.131642857142857,12.725516129032258,14.168733333333334,17.372806451612902,20.28643333333333,21.947000000000003,13.093375,15.344071428571429,18.594451612903224,19.5553,22.25938709677419,25.073833333333333,25.696166666666667,2.955875,4.102571428571428,7.8514193548387095,9.818333333333333,13.359838709677419,15.9298,19.0045,0.0,0.0,0.0,0.0,0.0,0.0,0.0,0.0,0.0,0.0,0.0,0.0,0.0,0.0,0.0,0.0,0.0,0.0,0.0,5.0,0.0,0.0,50.403999999999996,134.933,231.337,346.754,504.988,629.946,0.321,1.2635,2.798,4.309,5.9585,8.5365,10.472,7.765499999999999,7.6295,7.433,7.4665,7.624,7.645,7.6655,3.197
CN053,12.971,1.41,2013,5.617000000000001,234.075,533.5360000000001,874.421,1285.046,1729.582,1950.562,0.209,9.948,45.182,114.219,278.176,472.481,558.772,-3.144,-50.33889285714286,-153.442,-231.9022,-244.3981935483871,-193.80243333333334,-145.8032,0.209,0.34782142857142856,1.1365806451612903,2.3012333333333337,5.288935483870968,6.476833333333333,5.7527333333333335,17246800.0,17958297.0,20592898.19354839,21433644.733333334,19628932.225806452,20124594.533333335,17563760.4,10.617,13.159214285714285,14.660032258064517,16.362833333333334,18.245967741935484,19.817866666666667,19.732000000000003,17.639,20.133928571428573,21.22522580645161,22.557166666666667,23.578903225806453,24.904966666666667,23.5276,5.534,6.695357142857143,8.607645161290323,10.836366666666667,13.872741935483871,15.468833333333333,16.855533333333334,0.0,0.0,0.0,0.0,0.0,0.0,0.0,0.0,0.0,0.0,0.0,0.0,0.0,0.0,0.0,6.0,1.0,0.0,0.0,4.0,0.0,0.0,66.202,162.457,251.703,342.402,465.90500000000003,600.864,0.0,1.0955,2.7809999999999997,4.213,5.716,7.852500000000001,9.906,7.103,6.8705,6.544,6.4075,6.819,7.143,7.459,4.627
CN054,13.005,1.461,2013,0.0,0.0,0.0,17.244999999999997,148.328,392.321,516.593,0.034,43.166000000000004,102.165,218.414,359.527,521.428,644.154,-1.817,-9.927750000000001,-47.30351612903226,-33.883966666666666,-24.74303225806452,-13.073000000000002,72.80292857142857,0.034,1.5404285714285717,1.9031935483870968,3.8749666666666664,4.552032258064516,5.396699999999999,8.766142857142857,18758798.0,18803030.64285714,21638527.225806452,23095527.266666666,22313295.580645163,21315377.033333335,17628128.35714286,-2.864,0.13421428571428567,2.8416774193548386,5.359533333333333,9.228483870967743,13.1331,13.876571428571427,3.63,5.960500000000001,8.326032258064515,10.480533333333334,14.608870967741936,18.543166666666664,18.3415,-9.305,-5.273178571428572,-2.724354838709677,0.22990000000000002,4.417709677419356,8.787866666666668,10.51507142857143,1.0,0.0,0.0,0.0,0.0,0.0,0.0,0.0,0.0,0.0,0.0,0.0,0.0,0.0,1.0,5.0,3.0,0.0,0.0,0.0,0.0,0.0,41.763999999999996,104.62299999999999,171.249,257.89,378.25,502.913,0.0,0.8415,2.1905,3.035,4.142,5.7365,6.965,5.452,5.458,5.335,5.4355,5.586,5.890499999999999,6.254,5.764
CN061,12.801,1.465,2013,0.0,10.125,187.346,448.88,891.948,1459.835,1737.081,0.0,16.732,24.104,50.345,142.427,198.495,313.053,0.0,-10.862814814814815,-83.61122580645161,-189.66463333333334,-284.78651612903224,-354.56776666666667,-380.9944285714286,0.0,0.6197037037037036,0.23780645161290323,0.8747,2.970387096774193,1.8689333333333333,8.182714285714287,0.0,12335685.722222222,18398760.225806452,20564685.416666668,18993904.0,22173434.416666668,17887596.714285713,0.0,2.1402592592592593,10.563935483870969,13.688866666666666,19.292516129032258,23.929566666666666,24.803285714285714,0.0,7.666148148148148,17.15741935483871,20.4076,24.87538709677419,29.295166666666667,29.2005,0.0,-2.9509999999999996,3.955032258064516,6.8492,13.52916129032258,18.115133333333333,20.714642857142856,0.0,0.0,0.0,0.0,0.0,0.0,0.0,0.0,0.0,0.0,0.0,0.0,0.0,0.0,0.0,10.0,14.0,15.0,5.0,3.0,0.0,0.0,26.752,81.003,170.97899999999998,276.81,387.64,509.7555,0.0,0.512,1.526,2.673,4.124,5.786,7.2865,0.0,3.984,3.635,3.548,3.642,3.673,4.4605,5.031
CN062,12.84,1.465,2013,0.0,0.5259999999999998,89.24499999999999,281.60699999999997,648.986,1113.063,1459.756,0.0,5.462000000000001,10.214,24.054000000000002,63.445,123.235,203.74,0.0,-12.910263157894738,-82.0308064516129,-196.09223333333333,-323.8208387096774,-436.8759,-492.23595238095237,0.0,0.2874736842105263,0.15329032258064518,0.4613333333333333,1.2706774193548387,1.9929999999999999,3.833571428571428,0.0,14875319.842105264,19579909.677419353,22503748.0,22280625.451612905,22160800.183333334,19582027.285714287,0.0,-1.6176315789473683,7.357032258064516,11.201533333333334,16.85093548387097,20.46923333333333,21.509190476190476,0.0,4.393631578947368,14.434096774193549,17.9891,22.893483870967742,26.334766666666667,26.55480952380952,0.0,-7.439736842105263,-0.32264516129032267,3.8247333333333335,9.95741935483871,14.1397,16.295761904761907,0.0,9.0,0.0,0.0,0.0,0.0,0.0,0.0,0.0,0.0,0.0,0.0,0.0,0.0,0.0,7.0,19.0,12.0,7.0,3.0,0.0,0.0,14.883500000000002,39.899,75.563,130.779,227.92000000000002,373.981,0.0,0.269,0.7465,1.313,2.098,3.4705000000000004,5.109,0.0,3.09,2.588,2.4865000000000004,2.797,3.2435,3.743,5.776
CN063,13.39,1.445,2013,0.0,0.0,21.001,136.458,368.068,724.201,984.568,0.0,8.604,11.499,24.921,81.045,159.711,220.11599999999999,0.0,-9.767,-68.01738709677419,-168.23156666666668,-251.75558064516127,-323.5899,-362.539,0.0,0.478,0.09338709677419355,0.4474,1.810451612903226,2.6222,2.8764285714285713,0.0,17455161.333333332,21136940.48387097,23123620.2,21767593.548387095,22850663.466666665,18094653.69047619,0.0,-3.2942222222222224,4.627419354838709,8.453666666666667,12.471290322580646,16.8711,17.39842857142857,0.0,2.920888888888889,11.615387096774194,14.941166666666668,18.06941935483871,22.847133333333332,22.178571428571427,0.0,-9.493555555555556,-3.384709677419355,1.3037,6.521322580645161,10.8633,12.886428571428572,0.0,12.0,0.0,0.0,0.0,0.0,0.0,0.0,0.0,0.0,0.0,0.0,0.0,0.0,0.0,10.0,21.0,9.0,2.0,3.0,0.0,0.0,14.5075,39.521,77.536,143.929,252.327,393.377,0.0,0.20700000000000002,0.6120000000000001,1.154,1.9445,3.2700000000000005,4.801,0.0,4.2684999999999995,3.994,3.721,4.275,4.2575,4.528,7.055
CN064,12.016,1.441,2013,0.0,4.662,119.778,340.003,758.431,1274.574,1594.798,0.0,2.799,5.422,14.545,49.784,107.06099999999999,163.574,0.0,-18.98909523809524,-98.69203225806451,-227.32506666666666,-366.07832258064514,-501.84526666666665,-571.5057222222222,0.0,0.13328571428571429,0.08461290322580645,0.3041,1.1367419354838708,1.9092333333333333,3.1396111111111114,0.0,14966212.952380951,19280956.096774194,22683238.033333335,22806642.677419353,21871357.366666667,18952365.361111112,0.0,-0.32652380952380955,8.224451612903225,12.149533333333332,18.49767741935484,22.204766666666668,22.790222222222223,0.0,6.22252380952381,15.333516129032258,19.225866666666665,24.729129032258065,28.149533333333334,28.095333333333333,0.0,-6.688952380952382,0.7321290322580646,4.349233333333333,11.385612903225807,15.728299999999999,17.312944444444444,0.0,7.0,1.0,0.0,0.0,0.0,0.0,0.0,0.0,0.0,0.0,0.0,0.0,0.0,0.0,13.0,21.0,20.0,11.0,6.0,1.0,0.0,14.029,36.653,65.88499999999999,108.33,195.809,323.77250000000004,0.0,0.238,0.645,1.086,1.6925,2.888,4.325,0.0,2.971,2.422,2.234,3.151,3.3994999999999997,3.909,7.871
CN065,13.176,1.431,2013,0.0,0.0,74.236,287.905,632.29,1100.851,1527.607,0.0,6.1,19.908,71.638,116.122,176.175,218.395,0.0,-4.177933333333334,-28.803129032258067,-94.2411,-176.66816129032256,-285.7606333333333,-388.74744,0.0,0.4066666666666666,0.44541935483870965,1.7243333333333333,1.4349677419354838,2.0017666666666667,1.6887999999999999,0.0,12717663.466666667,16488132.064516129,20257065.8,23547099.83870968,23440243.566666666,23209142.08,0.0,-8.1506,5.799967741935484,12.053666666666667,16.109193548387097,20.6187,22.07024,0.0,-2.6411999999999995,11.986225806451612,18.323433333333334,22.022935483870967,25.920466666666666,27.21152,0.0,-13.437666666666667,-0.791032258064516,5.135966666666667,9.702483870967741,15.145900000000001,16.91104,0.0,13.0,1.0,0.0,0.0,0.0,0.0,0.0,0.0,0.0,0.0,0.0,0.0,0.0,0.0,5.0,10.0,8.0,0.0,1.0,0.0,0.0,4.906,19.454,57.057,123.331,243.983,424.552,0.0,0.183,0.6325000000000001,1.277,2.202,3.749,5.614,0.0,3.182,2.889,2.9555,3.045,3.0915,3.105,9.971
CN011,14.819,1.511,2014,0.0,0.0,95.258,376.721,815.179,1344.2649999999999,1600.183,0.0,8.355,15.94,29.979,69.098,144.313,191.857,0.0,-11.19023076923077,-60.44577419354839,-158.1286,-269.18870967741935,-376.51253333333335,-397.4660769230769,0.0,0.32134615384615384,0.24467741935483872,0.46796666666666664,1.2619032258064515,2.507166666666667,3.657230769230769,0.0,12132469.596153846,17525713.80645161,20349386.266666666,22319840.532258064,21009267.566666666,19421322.653846152,0.0,-3.454,6.490774193548387,14.3821,19.143806451612903,22.6362,24.686,0.0,1.8778461538461537,13.589612903225808,21.265766666666664,25.876354838709677,28.40103333333333,29.541384615384615,0.0,-7.639576923076922,-0.08632258064516124,7.237866666666666,12.221225806451613,17.034100000000002,19.95276923076923,0.0,12.0,0.0,0.0,0.0,0.0,0.0,0.0,0.0,0.0,0.0,0.0,0.0,0.0,0.0,16.0,21.0,19.0,14.0,8.0,4.0,0.0,19.2425,53.045,108.818,194.722,315.044,450.612,0.0,0.447,1.207,2.171,3.6065,5.578,7.422000000000001,0.0,3.834,3.656,3.3200000000000003,3.343,3.783,4.095,5.646
CN012,14.794,1.439,2014,0.0,1.295,137.658,472.372,977.337,1557.465,1836.161,0.0,6.249,15.533,30.566,88.756,179.322,245.642,0.0,-13.29592,-65.63712903225806,-177.84703333333334,-290.27080645161294,-399.17519999999996,-404.13392307692305,0.0,0.24996,0.299483870967742,0.5011,1.8770967741935485,3.018866666666667,5.101538461538461,0.0,12242751.22,17199156.48387097,20010286.466666665,22918650.846774194,21697389.8,19647131.307692308,0.0,-0.96096,8.577645161290322,16.157133333333334,21.289193548387097,24.337600000000002,26.43815384615385,0.0,4.359719999999999,15.290709677419354,22.864066666666666,27.872709677419355,29.947133333333333,31.210692307692305,0.0,-4.98268,2.3981612903225806,9.728833333333334,14.845354838709678,19.2195,22.144615384615385,0.0,4.0,0.0,0.0,0.0,0.0,0.0,0.0,0.0,0.0,0.0,0.0,0.0,0.0,0.0,18.0,24.0,22.0,16.0,12.0,4.0,0.0,16.8905,49.510999999999996,119.46000000000001,223.284,335.005,460.769,0.0,0.28,0.8565,1.808,3.196,4.784000000000001,6.3629999999999995,0.0,4.088,3.643,3.1455,3.727,4.077500000000001,4.644,5.0
CN013,14.781,1.481,2014,0.0,0.1559999999999997,116.688,389.695,842.321,1373.827,1630.482,0.0,9.543,18.678,47.038,90.495,174.62,214.279,0.0,-9.7304,-62.51719354838709,-158.82636666666667,-258.9084193548387,-370.36283333333336,-399.07007692307695,0.0,0.38171999999999995,0.2946774193548387,0.9453333333333334,1.4018387096774194,2.8041666666666667,3.050692307692308,0.0,12215259.18,17518240.16129032,19834756.266666666,23074514.80645161,21287215.9,20117674.384615384,0.0,-2.2236,7.696645161290323,14.100233333333334,19.60083870967742,22.716866666666665,24.742692307692305,0.0,3.1167200000000004,14.404612903225807,20.65243333333333,26.07848387096774,28.314700000000002,29.648846153846154,0.0,-6.45216,1.5191935483870966,7.7988,13.052096774193549,17.393266666666666,20.17753846153846,0.0,8.0,0.0,0.0,0.0,0.0,0.0,0.0,0.0,0.0,0.0,0.0,0.0,0.0,0.0,10.0,19.0,10.0,8.0,3.0,1.0,0.0,23.296,70.721,156.287,260.62,371.339,497.701,0.0,0.46199999999999997,1.3265,2.416,3.8625,5.5375,7.2059999999999995,0.0,4.003,3.794,3.599,3.707,3.8565,4.277,5.361
CN014,14.597,1.473,2014,0.0,0.0,80.35900000000001,283.94,647.934,1104.672,1333.448,0.0,20.543,39.818,90.373,131.399,208.72,258.32800000000003,0.0,0.8478399999999996,-41.84738709677419,-103.94556666666668,-181.6834516129032,-299.5516666666666,-322.3872142857143,0.0,0.82172,0.621774193548387,1.6851666666666667,1.3234193548387096,2.577366666666667,3.5434285714285716,0.0,11896499.92,17921645.83870968,18598582.233333334,23658341.080645163,21973467.333333332,20951419.285714287,0.0,-4.0228,6.058483870967741,11.786033333333334,16.741741935483873,20.224600000000002,21.34114285714286,0.0,1.14052,12.837129032258066,17.974533333333333,23.17916129032258,25.894766666666666,26.561785714285715,0.0,-8.07564,-0.3085483870967741,5.6977,9.944161290322581,14.5028,16.489428571428572,0.0,14.0,0.0,0.0,0.0,0.0,0.0,0.0,0.0,0.0,0.0,0.0,0.0,0.0,0.0,5.0,17.0,7.0,13.0,2.0,0.0,0.0,15.064,42.43,82.831,138.3,227.285,351.0935,0.0,0.32,0.9675,1.744,2.7714999999999996,4.2595,5.949,0.0,4.369,4.272,4.3629999999999995,4.12,3.9675000000000002,4.6355,5.595
CN015,13.312,1.479,2014,0.0,0.0,28.241999999999997,194.847,485.064,955.354,1193.731,0.0,4.135,9.735,19.571,94.284,183.302,226.733,0.0,-7.955956521739131,-49.09351612903225,-144.2242,-228.004,-295.26213333333334,-347.75607142857143,0.0,0.17978260869565216,0.1806451612903226,0.3278666666666667,2.4100967741935486,2.9672666666666667,3.1022142857142856,0.0,12184084.652173912,16902371.580645163,20633212.1,20059316.225806452,21632489.1,21966892.57142857,0.0,-10.09008695652174,0.44264516129032255,10.377433333333332,14.361258064516129,20.676333333333332,22.026928571428574,0.0,-3.505434782608696,7.395096774193548,17.489633333333334,20.322774193548387,26.259900000000002,27.169785714285716,0.0,-15.491478260869565,-6.231516129032258,2.7253333333333334,8.23409677419355,15.313766666666668,17.395142857142858,0.0,21.0,13.0,0.0,0.0,0.0,0.0,0.0,0.0,0.0,0.0,0.0,0.0,0.0,0.0,8.0,17.0,10.0,0.0,0.0,0.0,0.0,19.4645,52.653,93.95400000000001,144.892,238.547,374.60850000000005,0.0,0.383,1.0630000000000002,1.789,2.6635,4.1525,5.841,0.0,4.206,4.063,3.899,4.262,4.254,4.257,6.538
CN021,14.162,1.52,2014,0.0,0.0,46.838,255.735,605.816,1095.515,1339.473,0.0,5.478,19.111,24.955000000000002,104.035,226.763,245.662,0.0,-13.891115384615384,-57.240645161290324,-149.7945,-232.55793548387098,-289.1788666666667,-318.46307692307687,0.0,0.21069230769230768,0.43977419354838715,0.19479999999999997,2.5509677419354837,4.090933333333333,1.4537692307692305,0.0,12508990.076923076,17293990.70967742,20801420.566666666,20564168.98387097,20354466.466666665,22280786.769230768,0.0,-6.136807692307692,3.1613870967741935,11.854000000000001,16.29293548387097,21.3233,23.766,0.0,-0.47369230769230775,9.470483870967742,18.647733333333335,22.21254838709677,26.350233333333332,28.406692307692307,0.0,-10.657307692307693,-2.7086129032258066,4.899900000000001,10.533806451612904,16.876066666666667,19.495923076923077,0.0,19.0,7.0,0.0,0.0,0.0,0.0,0.0,0.0,0.0,0.0,0.0,0.0,0.0,0.0,16.0,18.0,17.0,5.0,3.0,0.0,0.0,18.313,49.935,92.021,154.796,277.438,445.6805,0.0,0.418,1.1895,2.0060000000000002,3.1715,5.043,7.287,0.0,5.0015,4.862,4.426500000000001,4.772,5.0760000000000005,4.669,5.023
CN022,13.895,1.483,2014,0.0,0.0,22.235,177.458,454.968,936.577,1183.05,0.0,4.207,28.66,41.277,152.17499999999998,258.599,294.896,0.0,-8.665357142857143,-37.306064516129034,-102.06193333333334,-151.13312903225807,-188.58396666666667,-228.04299999999998,0.0,0.15025,0.7888064516129032,0.42056666666666664,3.5773548387096774,3.5474666666666668,2.5926428571428572,0.0,12160812.214285715,16216129.290322581,20975062.6,18753329.274193548,21017877.533333335,21386449.57142857,0.0,-11.488071428571429,0.002290322580645124,9.716033333333334,13.951935483870967,21.053633333333334,22.605214285714286,0.0,-5.184785714285715,5.909516129032258,16.43306666666667,19.282612903225804,26.040666666666667,27.153785714285714,0.0,-17.198464285714287,-5.820548387096775,2.196466666666667,8.747387096774194,16.5727,18.58742857142857,0.0,26.0,12.0,0.0,0.0,0.0,0.0,0.0,0.0,0.0,0.0,0.0,0.0,0.0,0.0,19.0,14.0,15.0,4.0,1.0,1.0,0.0,15.142,46.442,85.93299999999999,140.101,249.608,417.4375,0.0,0.47350000000000003,1.29,2.103,3.159,4.8075,6.9765,0.0,5.5905000000000005,5.527,5.12,5.542,5.388,5.353,7.395
CN023,14.269,1.486,2014,0.0,0.0,4.284,128.974,379.033,860.262,1064.394,0.0,6.637,16.330000000000002,26.401,134.839,213.668,280.752,0.0,-2.1640357142857143,-22.799387096774193,-90.75683333333333,-139.08625806451613,-176.0,-203.20866666666666,0.0,0.23703571428571427,0.31267741935483867,0.3357,3.498,2.6276333333333337,5.590333333333334,0.0,11294032.339285715,15883286.548387097,20783049.3,17150727.19354839,21161380.266666666,19582271.666666668,0.0,-16.151785714285715,-3.1076451612903226,8.428833333333333,13.06641935483871,21.04096666666667,22.011,0.0,-9.487214285714286,3.0958709677419356,15.170366666666666,17.941548387096773,26.172233333333335,26.361583333333332,0.0,-22.22132142857143,-9.368096774193548,0.9671,8.321354838709677,16.214633333333335,18.234833333333334,0.0,27.0,15.0,0.0,0.0,0.0,0.0,0.0,0.0,0.0,0.0,0.0,0.0,0.0,0.0,18.0,9.0,15.0,2.0,0.0,0.0,0.0,8.722000000000001,31.033,65.562,116.267,226.107,397.757,0.0,0.48950000000000005,1.2955,2.133,3.2195,5.0095,7.229,0.0,5.794,5.824,5.3795,5.738,5.429,5.650499999999999,5.858
CN031,12.706,1.42,2014,31.165,75.539,245.39600000000002,539.703,1020.3100000000001,1554.519,0.0,1.1099999999999999,111.351,199.96599999999998,321.736,412.605,614.231,0.0,-12.15125,7.1974285714285715,46.02712903225806,64.49283333333332,82.0048064516129,83.59356666666666,0.0,0.09249999999999999,3.9371785714285714,2.858548387096774,4.059,2.931258064516129,6.720866666666667,0.0,13159458.25,8484934.79017857,15662074.693548387,16621394.975,20952478.19354839,15920987.25,0.0,7.028083333333334,5.582321428571428,10.479258064516129,14.810233333333334,20.503451612903223,22.806966666666668,0.0,11.937583333333334,8.847,14.642709677419354,18.7545,24.512387096774194,25.9218,0.0,2.49,2.700535714285714,6.703806451612904,11.314066666666667,16.78793548387097,20.199166666666667,0.0,0.0,0.0,0.0,0.0,0.0,0.0,0.0,0.0,0.0,0.0,0.0,0.0,0.0,0.0,11.0,8.0,16.0,10.0,14.0,5.0,0.0,22.751,74.914,176.981,305.756,424.041,516.684,0.0,0.0,0.5754999999999999,1.71,3.1929999999999996,4.861,5.749,0.0,5.8735,6.291,6.386,6.436999999999999,6.309,6.2490000000000006,0.0,6.633
CN032,13.994,1.439,2014,4.186,27.225,195.42,500.521,1015.083,1577.79,1816.262,0.223,71.539,110.906,188.377,260.838,367.116,453.967,-1.012,17.40657142857143,9.520548387096772,-32.061033333333334,-71.44158064516128,-115.07603333333333,-109.25150000000001,0.223,2.547,1.2699032258064515,2.5823666666666667,2.3374516129032257,3.5426,7.237583333333333,10002884.0,9506075.11607143,16157311.532258065,18308673.183333334,22886658.741935484,18286575.883333333,15981057.625,9.186,3.106892857142857,10.39641935483871,15.170033333333333,21.598774193548387,23.756899999999998,24.872666666666664,14.135,7.094392857142857,15.723483870967742,20.1141,27.00183870967742,27.878266666666665,28.586,5.117,-0.4149642857142858,5.435225806451613,10.304066666666667,15.871548387096775,20.0199,21.531166666666667,0.0,0.0,0.0,0.0,0.0,0.0,0.0,0.0,0.0,0.0,0.0,0.0,0.0,0.0,0.0,8.0,14.0,10.0,16.0,3.0,1.0,0.0,70.382,208.065,394.933,577.934,707.629,825.8155,0.0,0.7709999999999999,2.6029999999999998,4.8,7.0495,8.458,9.785,5.181,5.3855,5.282,5.1345,4.888,4.929,5.1185,5.48
CN033,12.565,1.447,2014,39.615,100.66,300.198,624.637,1114.548,1528.122,0.0,1.7990000000000002,137.954,269.505,375.69,565.437,716.387,0.0,-16.095157894736843,1.7278928571428571,95.9243870967742,114.39583333333333,175.3893870967742,208.60463636363636,0.0,0.0946842105263158,4.862678571428572,4.24358064516129,3.5395,6.1208709677419355,6.861363636363635,0.0,13723115.47368421,8836575.53125,14908230.524193548,15518291.466666667,17967920.01612903,17874995.204545453,0.0,6.338526315789474,6.050428571428571,11.427838709677419,15.814633333333331,20.80358064516129,23.79881818181818,0.0,12.198473684210526,9.629535714285714,16.004612903225805,20.018166666666666,24.79048387096774,27.457636363636365,0.0,1.2340526315789475,2.9043928571428568,7.25316129032258,12.097900000000001,17.03341935483871,20.631636363636364,0.0,0.0,0.0,0.0,0.0,0.0,0.0,0.0,0.0,0.0,0.0,0.0,0.0,0.0,0.0,13.0,8.0,6.0,5.0,6.0,2.0,0.0,22.87,71.961,162.166,275.647,395.619,511.906,0.0,0.607,1.951,3.9775,5.8870000000000005,8.020999999999999,10.077,0.0,6.764,7.1185,7.284,7.2935,7.342,7.1605,0.0,4.523
CN034,13.843,1.492,2014,10.83,39.83,234.012,553.43,1077.898,1667.049,1823.847,4.904999999999999,81.986,128.544,229.745,311.912,422.6,485.737,2.5146666666666664,22.959678571428572,20.77258064516129,1.7339333333333364,-19.948709677419355,-65.7589,-47.686125000000004,1.6349999999999998,2.7528928571428573,1.5018709677419355,3.3733666666666666,2.6505483870967743,3.6896,7.892125,10428204.666666666,9158961.151785715,16001981.387096774,17159811.183333334,21705496.322580647,18766700.266666666,16655949.5,8.61,3.233214285714286,11.236645161290323,15.647266666666667,21.91832258064516,24.638366666666666,24.59975,13.81,7.0419285714285715,16.560451612903226,20.41646666666667,27.220419354838707,28.8132,28.397125,4.357,-0.12942857142857137,6.127548387096774,10.991633333333334,16.315870967741933,20.666133333333335,20.9,0.0,1.0,0.0,0.0,0.0,0.0,0.0,0.0,0.0,0.0,0.0,0.0,0.0,0.0,1.0,8.0,11.0,6.0,11.0,5.0,0.0,0.0,81.661,231.552,417.043,588.162,717.044,811.966,0.0,1.0635,3.1835,5.462,7.593999999999999,9.3955,10.964,5.558,5.8469999999999995,5.773,5.784000000000001,5.515,5.387,5.6625,5.46
CN035,11.511,1.369,2014,113.871,242.21099999999998,489.312,893.7379999999999,1390.996,1450.407,0.0,10.465,115.565,301.501,387.492,696.753,716.6,0.0,-22.131466666666665,-21.22689285714286,53.897193548387094,113.56006666666666,214.82345161290323,339.2606666666666,0.0,0.34883333333333333,3.7535714285714286,5.997935483870968,2.8663666666666665,9.976161290322581,6.615666666666666,0.0,13250211.816666666,10691957.80357143,12180287.58064516,15181571.966666667,14158014.032258065,19086512.666666668,0.0,8.750499999999999,9.23017857142857,12.971,18.480866666666667,21.040580645161292,24.80366666666667,0.0,15.338366666666667,14.055571428571428,17.466709677419352,22.873,24.99358064516129,29.273666666666667,0.0,3.5189666666666666,5.36075,9.192548387096775,14.732966666666666,18.04009677419355,21.623,0.0,0.0,0.0,0.0,0.0,0.0,0.0,0.0,0.0,0.0,0.0,0.0,0.0,0.0,0.0,18.0,4.0,2.0,1.0,0.0,0.0,0.0,68.802,178.57,308.012,449.00600000000003,606.003,719.285,0.0,1.204,3.2835,5.6465,7.795,10.179,11.987,0.0,7.5595,7.8149999999999995,8.214,8.267,8.614,8.574,0.0,4.103
CN036,11.508,1.358,2014,81.139,169.579,418.62399999999997,831.502,1361.253,1480.547,0.0,19.044,140.73399999999998,376.498,537.588,885.184,926.163,0.0,-14.610161290322582,-15.520892857142858,110.62977419354839,225.83573333333334,397.5469677419355,542.3294999999999,0.0,0.6143225806451613,4.346071428571428,7.605290322580646,5.369666666666666,11.212774193548388,6.829833333333333,0.0,11988232.27016129,8966360.22767857,12225149.475806452,14189769.1,15774013.096774194,19119588.333333332,0.0,7.49358064516129,7.047892857142857,13.033709677419356,18.762600000000003,22.08874193548387,24.882333333333335,0.0,13.457290322580645,10.910749999999998,17.224645161290322,22.658399999999997,25.991032258064514,28.863666666666663,0.0,2.3471290322580645,3.9055357142857146,9.183096774193547,15.1015,18.51148387096774,21.278333333333332,0.0,0.0,0.0,0.0,0.0,0.0,0.0,0.0,0.0,0.0,0.0,0.0,0.0,0.0,0.0,22.0,6.0,3.0,1.0,2.0,0.0,0.0,68.845,167.907,271.245,393.585,541.497,654.765,0.0,1.1695,3.0374999999999996,5.0235,6.829,9.002,10.66,0.0,6.908,7.2245,7.655,7.73,8.197,8.136,0.0,3.948
CN037,14.446,1.493,2014,0.0,9.436,187.65200000000002,501.394,1017.532,1590.328,1891.81,0.0,17.322,26.922,69.997,123.084,185.272,207.307,0.0,-4.42012,-62.86612903225806,-158.0504,-244.54390322580645,-354.40866666666665,-423.6145714285714,0.0,0.6928799999999999,0.3096774193548387,1.4358333333333335,1.7124838709677421,2.0729333333333333,1.5739285714285713,0.0,11637510.94,17303178.66129032,19203077.916666668,23840530.741935484,19889379.933333334,21138194.14285714,0.0,1.22332,10.628483870967742,15.458066666666667,21.64961290322581,24.093200000000003,26.534428571428574,0.0,5.900119999999999,16.839032258064517,21.235500000000002,27.900032258064513,29.136833333333335,31.59635714285714,0.0,-2.73068,5.0204516129032255,10.091766666666667,15.298225806451613,19.411099999999998,22.114214285714286,0.0,3.0,0.0,0.0,0.0,0.0,0.0,0.0,0.0,0.0,0.0,0.0,0.0,0.0,0.0,11.0,17.0,11.0,17.0,1.0,3.0,0.0,39.522,122.09,265.94100000000003,419.083,540.605,658.292,0.0,0.509,1.7765,3.398,5.302,6.9305,8.3225,0.0,4.487,4.218,4.0969999999999995,4.098,4.071,4.1265,6.271
CN041,14.925,1.468,2014,0.0,18.603,232.438,559.471,1088.631,1703.31,1961.034,0.0,36.012,47.158,116.508,169.266,209.605,238.227,0.0,4.856481481481482,-37.40245161290323,-109.08403333333334,-179.47709677419354,-298.1032666666667,-362.0771666666667,0.0,1.3337777777777777,0.3595483870967742,2.3116666666666665,1.7018709677419352,1.3446333333333333,2.3851666666666667,0.0,9863780.814814815,16845656.19354839,17739859.383333333,21773908.370967742,20454786.066666666,19983232.75,0.0,2.0361851851851855,11.873516129032259,15.901100000000001,22.06967741935484,25.4893,26.477,0.0,6.2422962962962965,17.849870967741936,21.153066666666668,27.979774193548387,30.502333333333336,31.2145,0.0,-1.6795555555555555,6.320096774193549,10.839866666666667,16.118612903225806,20.739733333333334,22.047083333333333,0.0,2.0,0.0,0.0,0.0,0.0,0.0,0.0,0.0,0.0,0.0,0.0,0.0,0.0,0.0,8.0,12.0,7.0,11.0,6.0,3.0,0.0,62.7175,187.448,374.631,546.599,670.615,791.771,0.0,0.7175,2.354,4.545,6.6865,8.2315,9.8295,0.0,4.058,3.762,4.013,3.623,3.6159999999999997,3.793,5.21
CN042,13.08,1.433,2014,19.607,60.259,293.519,642.786,1146.309,1748.238,1826.043,6.434,72.995,115.642,272.384,403.805,518.314,615.117,0.1628000000000001,10.011464285714286,10.102903225806454,23.729766666666666,61.40993548387097,45.67523333333334,94.00025,1.2868,2.3771785714285714,1.3757096774193547,5.224733333333333,4.239387096774193,3.8169666666666666,24.20075,11896038.6,8201878.09375,14936806.096774194,15022027.433333334,17357197.451612905,18163114.266666666,11712477.25,8.9214,4.046428571428572,12.524516129032257,16.642233333333333,21.24267741935484,25.0643,24.451249999999998,14.0876,7.727892857142857,17.631225806451614,20.991133333333334,25.789677419354838,28.901333333333334,27.7145,4.110799999999999,0.6296785714285714,7.704483870967742,12.4275,16.722387096774195,21.452333333333335,21.606749999999998,0.0,0.0,0.0,0.0,0.0,0.0,0.0,0.0,0.0,0.0,0.0,0.0,0.0,0.0,2.0,7.0,8.0,6.0,8.0,4.0,0.0,0.0,70.316,191.209,329.288,454.065,584.822,703.298,0.0,0.8505,2.5425,4.545,6.334,8.3575,10.16,5.606,5.8260000000000005,5.779,6.151,5.965,5.8115000000000006,6.3315,4.571
CN043,12.106,1.391,2014,69.074,132.139,375.858,754.414,1269.249,1558.433,0.0,14.714,118.915,265.587,446.162,702.135,755.422,0.0,-12.795130434782608,-4.293857142857143,72.47629032258064,158.83010000000002,299.971935483871,378.39942857142853,0.0,0.6397391304347826,3.721464285714286,4.731354838709677,6.019166666666667,8.257193548387097,3.8062142857142858,0.0,11864981.06521739,7495122.236607143,11699173.991935484,13199962.991666667,15829229.661290323,19532857.5,0.0,7.9463478260869564,5.553214285714286,12.86190322580645,17.618533333333335,21.607580645161292,25.656000000000002,0.0,13.223304347826085,8.868035714285714,16.854483870967744,21.3032,25.33190322580645,29.241857142857146,0.0,2.9046521739130435,2.5186428571428574,8.959999999999999,14.054499999999999,17.971903225806454,22.399285714285718,0.0,0.0,0.0,0.0,0.0,0.0,0.0,0.0,0.0,0.0,0.0,0.0,0.0,0.0,0.0,15.0,5.0,2.0,0.0,2.0,0.0,0.0,44.3695,116.948,206.972,309.573,427.557,546.0915,0.0,0.8600000000000001,2.441,4.3454999999999995,6.216,8.0845,9.872,0.0,6.9,7.2275,7.364,7.591,7.703,7.598,0.0,5.457
CN044,11.814,1.393,2014,201.087,445.644,851.66,1387.362,2028.5819999999999,2100.649,0.0,2.145,53.12,165.4,279.547,541.062,554.451,0.0,-29.855739130434785,-63.74796428571428,-56.91122580645161,-19.247666666666664,72.11664516129032,116.47866666666668,0.0,0.0932608695652174,1.8205357142857144,3.621935483870968,3.8049000000000004,8.435967741935483,4.463,0.0,14807549.956521738,10346714.232142856,11878715.661290323,14817620.3,16991551.774193548,22228354.0,0.0,13.74291304347826,13.734178571428572,18.097290322580644,22.856733333333334,25.684516129032257,29.022333333333336,0.0,19.305478260869567,17.917357142857142,21.75248387096774,26.2069,29.257548387096776,33.06633333333333,0.0,9.007434782608696,10.265571428571429,15.187806451612904,20.180999999999997,22.888645161290324,25.715999999999998,0.0,0.0,0.0,0.0,0.0,0.0,0.0,0.0,0.0,0.0,0.0,0.0,0.0,0.0,0.0,13.0,4.0,0.0,0.0,0.0,0.0,0.0,63.367000000000004,159.764,262.306,371.743,510.275,619.306,0.0,1.0790000000000002,3.079,4.859,6.558,8.828500000000002,10.493,0.0,6.664,6.823,6.986,7.091,7.512,7.107,0.0,4.338
CN045,12.411,1.496,2014,164.965,355.753,694.366,1205.25,1829.136,1940.961,0.0,12.558,72.612,222.55700000000002,403.771,634.874,694.082,0.0,-16.597208333333334,-44.919285714285714,6.0168064516129025,91.67333333333333,212.7377741935484,277.2622,0.0,0.52325,2.1447857142857143,4.836935483870968,6.040466666666666,7.454935483870968,11.8416,0.0,12025534.395833334,8302555.107142857,8150576.064516129,11788259.25,16399442.41935484,16606361.6,0.0,11.873541666666668,11.769571428571428,15.923,22.029466666666668,25.125354838709676,27.365,0.0,17.347583333333333,15.537178571428571,19.17322580645161,25.239966666666664,29.00374193548387,30.786400000000004,0.0,7.218875,8.582678571428572,13.198580645161291,19.331633333333333,21.695064516129033,24.504399999999997,0.0,0.0,0.0,0.0,0.0,0.0,0.0,0.0,0.0,0.0,0.0,0.0,0.0,0.0,0.0,11.0,3.0,0.0,0.0,0.0,0.0,0.0,58.2415,139.236,212.889,294.692,415.744,517.97,0.0,1.022,2.6784999999999997,4.7989999999999995,6.835,9.0755,10.841000000000001,0.0,6.948,6.9915,7.185,7.3469999999999995,7.553,7.575,0.0,4.551
CN050,12.526,1.429,2014,37.741,108.355,343.843,721.006,1162.093,1689.546,1705.702,5.752000000000001,37.381,162.153,334.763,485.467,742.63,756.16,-6.358600000000001,-11.544035714285714,0.4892580645161295,108.48870000000001,187.30706451612903,296.7026333333333,410.504,0.5752,1.1296071428571428,4.024903225806452,5.753666666666667,4.86141935483871,8.5721,13.53,9658407.7,7351024.410714285,10271263.798387097,12035781.625,12850702.024193548,11349869.766666668,7002826.5,8.7741,7.245428571428571,12.596387096774194,17.5721,19.228612903225805,22.581766666666667,21.156,13.4947,10.055357142857144,16.366967741935483,20.9696,22.664870967741937,25.3564,23.263,3.8662,4.315678571428571,8.740935483870967,14.016633333333335,15.739580645161292,19.9875,19.384,0.0,0.0,0.0,0.0,0.0,0.0,0.0,0.0,0.0,0.0,0.0,0.0,0.0,0.0,6.0,4.0,3.0,1.0,4.0,0.0,0.0,0.0,44.745000000000005,121.857,228.362,365.508,535.096,666.292,0.457,1.3900000000000001,3.1185,5.168,7.2669999999999995,10.2015,0.0,6.6105,6.6835,6.752,7.029,6.917,6.991,7.143,5.457
CN051,12.899,1.434,2014,6.960000000000001,71.384,288.594,660.277,1121.247,1638.554,1885.244,0.55,43.448,102.918,184.308,245.793,422.7,547.956,-1.6640000000000001,-1.7198214285714284,-10.556290322580644,-17.3047,-43.39470967741935,-26.907500000000002,40.337923076923076,0.275,1.5320714285714288,1.9183870967741936,2.713,1.9833870967741936,5.8969000000000005,9.635076923076925,10055657.0,9049029.357142856,12259004.806451613,14771075.366666667,16431572.822580645,13015449.966666667,16092350.884615384,8.48,7.00175,12.006774193548386,17.389433333333333,19.87,22.243566666666666,23.976153846153846,12.213000000000001,10.381607142857144,16.23993548387097,21.4865,24.089548387096773,25.63676666666667,27.553,5.0415,3.5886071428571427,7.762548387096775,13.194700000000001,15.649774193548389,19.022333333333332,20.424461538461536,0.0,0.0,0.0,0.0,0.0,0.0,0.0,0.0,0.0,0.0,0.0,0.0,0.0,0.0,0.0,0.0,1.0,0.0,0.0,0.0,0.0,0.0,62.039,157.882,272.156,395.195,535.161,687.4275,0.0,0.997,2.646,4.408,6.1675,8.5335,10.6745,6.581,6.6545000000000005,6.545,6.5,6.288,6.577,6.68,5.444
CN052,13.061,1.533,2014,27.018,79.363,241.506,544.535,918.907,1342.838,1433.801,7.738,60.979,152.785,277.495,428.109,654.118,703.742,-3.0612499999999994,-14.810249999999998,-10.45154838709677,35.951299999999996,68.71458064516129,162.0557333333333,256.403,0.96725,1.9014642857142856,2.961483870967742,4.157,4.8585161290322585,7.533633333333333,8.270666666666667,11221922.5625,11851333.357142856,13775152.064516129,15159197.583333334,14352690.806451613,13218034.133333333,15323420.333333334,8.37725,4.962607142857143,10.23041935483871,15.100966666666666,17.076516129032257,19.131033333333335,20.1605,14.20275,10.531464285714284,15.946709677419355,20.145066666666665,21.828677419354836,22.7641,24.150333333333332,3.742625,0.8717857142857143,5.863838709677419,11.172266666666667,13.165645161290323,16.3452,16.86916666666667,0.0,0.0,0.0,0.0,0.0,0.0,0.0,0.0,0.0,0.0,0.0,0.0,0.0,0.0,3.0,2.0,0.0,0.0,0.0,0.0,0.0,0.0,53.766999999999996,134.045,232.303,352.335,496.021,612.103,0.411,1.3455000000000001,2.8555,4.353,6.2045,8.634500000000001,10.508000000000001,7.8285,7.809,7.834,7.8885000000000005,7.929,8.129999999999999,8.271,3.215
CN053,12.971,1.41,2014,6.68,144.272,420.737,796.634,1242.556,1679.2,1902.453,0.004,28.897000000000002,70.129,141.312,228.192,516.332,643.996,-3.693,-36.519464285714285,-115.91887096774192,-189.82966666666667,-248.31190322580645,-200.8458,-72.66593333333331,0.004,1.0318928571428572,1.3300645161290323,2.3727666666666667,2.80258064516129,9.604666666666667,8.510933333333334,18747202.0,16953742.07142857,20220378.774193548,22604553.0,20645741.096774194,16035768.666666666,17167433.133333333,11.68,9.84292857142857,13.918225806451613,17.5299,19.38458064516129,19.5548,19.883533333333332,19.966,16.549892857142858,20.558580645161292,23.945566666666664,25.071548387096772,23.846799999999998,23.828866666666666,4.841,4.172071428571429,7.893354838709678,11.712466666666668,14.367548387096774,16.212133333333334,16.8538,0.0,0.0,0.0,0.0,0.0,0.0,0.0,0.0,0.0,0.0,0.0,0.0,0.0,0.0,1.0,4.0,1.0,0.0,0.0,0.0,0.0,0.0,68.71799999999999,170.935,271.755,371.813,486.77,613.2475,0.0,1.138,2.9295,4.5120000000000005,6.1135,8.122,10.0375,7.445,7.3895,7.085,6.808,6.817,7.5969999999999995,7.963,4.872
CN054,13.005,1.461,2014,0.0,0.0,0.6429999999999989,27.071999999999996,165.331,425.061,548.445,0.03,63.763,126.451,174.405,305.581,456.593,561.804,-1.939,-3.7741785714285716,-20.72241935483871,-57.09563333333333,-69.62048387096775,-88.1109,-24.551571428571428,0.03,2.2761785714285714,2.0221935483870968,1.5984666666666667,4.231483870967741,5.033733333333333,7.515071428571429,19032770.0,18383254.5,21722717.06451613,23788225.2,22250611.48387097,21254878.533333335,17836969.42857143,-1.629,0.6009285714285715,2.2256129032258065,5.474866666666667,9.459967741935484,13.657666666666668,13.813142857142859,4.926,6.0155,7.578870967741936,11.180233333333332,15.012161290322581,19.340466666666668,18.330571428571428,-6.769,-4.706714285714286,-2.9503870967741936,0.16353333333333334,4.514935483870968,8.931333333333333,10.296214285714285,0.0,1.0,0.0,0.0,0.0,0.0,0.0,0.0,0.0,0.0,0.0,0.0,0.0,0.0,1.0,4.0,0.0,0.0,0.0,0.0,0.0,0.0,42.612,104.90700000000001,170.508,252.951,361.152,474.344,0.0,0.825,2.1555,3.1310000000000002,4.212,5.7044999999999995,6.7605,5.44,5.4615,5.443,5.343,5.518,5.515499999999999,6.0865,5.745
CN061,12.801,1.465,2014,0.0,2.037,137.912,399.659,815.005,1359.967,1631.651,0.0,30.552,56.347,125.09,170.278,228.127,265.519,0.0,1.797814814814815,-35.00606451612904,-85.13803333333334,-148.32845161290322,-270.8171,-329.45135714285715,0.0,1.1315555555555556,0.8320967741935484,2.291433333333333,1.4576774193548387,1.9283,2.6708571428571433,0.0,10882194.962962963,16818650.096774194,16747792.5,22032639.225806452,21582932.3,21253163.39285714,0.0,-0.5169259259259259,8.896354838709676,13.7249,18.398258064516128,23.165399999999998,24.406000000000002,0.0,3.566148148148148,14.870354838709677,18.92893333333333,24.307225806451612,28.594133333333335,29.665214285714285,0.0,-4.273037037037037,2.8155161290322583,8.3331,12.064741935483871,17.435200000000002,19.138142857142856,0.0,5.0,0.0,0.0,0.0,0.0,0.0,0.0,0.0,0.0,0.0,0.0,0.0,0.0,0.0,5.0,15.0,5.0,11.0,7.0,0.0,0.0,29.585500000000003,87.294,182.43,299.044,419.712,536.8315,0.0,0.41300000000000003,1.334,2.496,3.999,5.792,7.3195,0.0,4.03,3.856,4.1035,3.802,3.4875,3.691,4.677
CN062,12.84,1.465,2014,0.0,0.0,59.403,238.023,561.146,1006.556,1360.366,0.0,8.74,18.944,71.632,90.717,142.253,182.678,0.0,-8.393631578947367,-58.85293548387097,-133.81483333333333,-234.3660322580645,-372.1168,-457.776619047619,0.0,0.46,0.3291612903225807,1.7562666666666666,0.6156451612903227,1.7178666666666667,1.9249999999999998,0.0,14062130.0,18971463.83870968,19690127.733333334,24183195.70967742,21391309.833333332,22472031.80952381,0.0,-2.54,5.0726129032258065,10.954,15.423322580645161,19.846999999999998,21.848095238095237,0.0,2.6737894736842107,11.611483870967742,16.827966666666665,21.86751612903226,25.530266666666666,27.59090476190476,0.0,-7.842263157894737,-1.9509032258064516,4.487233333333333,8.25,13.798566666666666,15.87742857142857,0.0,10.0,1.0,0.0,0.0,0.0,0.0,0.0,0.0,0.0,0.0,0.0,0.0,0.0,0.0,4.0,17.0,2.0,8.0,1.0,0.0,0.0,15.279499999999999,41.164,78.742,135.81900000000002,232.001,375.152,0.0,0.226,0.7125,1.322,2.158,3.5294999999999996,5.146,0.0,3.013,2.751,3.186,2.942,3.173,3.344,5.64
CN063,13.39,1.445,2014,0.0,0.0,22.082,107.521,314.766,621.57,880.302,0.0,10.862,20.007,94.877,134.48,237.405,287.997,0.0,-5.358111111111111,-53.90796774193548,-102.8311,-170.71425806451612,-234.42680000000001,-250.40928571428572,0.0,0.6034444444444444,0.295,2.4956666666666667,1.277516129032258,3.430833333333333,2.4091428571428573,0.0,16049989.111111112,20294048.612903226,21835507.3,23737503.096774194,19641724.2,21842370.25,0.0,-4.040666666666667,3.2006774193548386,7.659233333333333,11.668225806451613,15.226799999999999,17.320571428571427,0.0,1.3003333333333333,9.360161290322582,13.474333333333334,17.608225806451614,20.329733333333333,22.781761904761908,0.0,-9.42811111111111,-3.634548387096774,1.3035999999999999,5.632096774193548,10.5435,12.106571428571428,0.0,13.0,1.0,0.0,0.0,0.0,0.0,0.0,0.0,0.0,0.0,0.0,0.0,0.0,0.0,8.0,14.0,2.0,3.0,0.0,2.0,0.0,14.4195,39.705,77.449,138.88,241.11700000000002,381.635,0.0,0.21349999999999997,0.6315,1.236,2.0069999999999997,3.336,4.872,0.0,4.1545000000000005,4.021,4.292,4.107,4.555,4.579,6.907
CN064,12.016,1.441,2014,0.0,0.0,89.234,309.594,690.697,1178.169,1504.663,0.0,4.988,12.51,58.316,70.225,141.309,174.72,0.0,-10.87052380952381,-72.00387096774193,-156.0007,-272.7575806451613,-412.01643333333334,-484.12472222222215,0.0,0.23752380952380955,0.24264516129032257,1.5268666666666666,0.3841612903225806,2.369466666666667,1.8561666666666667,0.0,14119940.047619049,18715580.79032258,19368727.866666667,24367477.70967742,22169672.833333332,23765798.722222224,0.0,-2.4403333333333332,6.452612903225806,12.345333333333334,17.29364516129032,21.249066666666668,23.138555555555556,0.0,2.7030476190476187,13.079387096774195,18.286033333333332,23.889354838709675,27.100133333333336,29.22061111111111,0.0,-7.579809523809523,-0.6865806451612902,5.827466666666667,9.699741935483871,14.769466666666666,16.79038888888889,0.0,9.0,0.0,0.0,0.0,0.0,0.0,0.0,0.0,0.0,0.0,0.0,0.0,0.0,0.0,9.0,20.0,7.0,18.0,10.0,7.0,0.0,13.9035,36.919,66.975,107.924,189.328,312.728,0.0,0.1775,0.542,1.023,1.627,2.699,4.0575,0.0,3.283,2.661,3.699,2.895,3.3345000000000002,3.635,7.76
CN065,13.176,1.431,2014,0.0,0.0,28.522,180.22899999999998,555.778,1052.205,1512.51,0.0,10.822,26.17,70.172,101.183,129.724,155.571,0.0,-0.08313333333333342,-19.420903225806452,-79.18153333333333,-191.04406451612903,-322.3138666666666,-459.46592,0.0,0.7214666666666666,0.4950967741935484,1.4667333333333332,1.0003548387096775,0.9513666666666667,1.0338800000000001,0.0,12140454.4,16782633.83870968,20299263.4,25200304.29032258,24848869.866666667,24254700.48,0.0,-8.797733333333333,1.3214516129032257,9.944533333333334,17.114483870967742,21.54756666666667,23.4122,0.0,-3.8215999999999997,7.3155806451612895,16.073866666666667,23.664612903225805,27.174266666666664,28.94068,0.0,-13.813466666666667,-4.951516129032258,3.253833333333333,10.022612903225808,15.552133333333334,17.59956,0.0,15.0,10.0,0.0,0.0,0.0,0.0,0.0,0.0,0.0,0.0,0.0,0.0,0.0,0.0,2.0,14.0,7.0,6.0,0.0,0.0,0.0,4.164,17.005,50.998,105.893,211.29500000000002,380.843,0.0,0.20850000000000002,0.645,1.256,2.0375,3.3605,5.071,0.0,3.257,3.215,3.0465,2.519,2.827,2.699,9.952
CN011,14.819,1.511,2015,0.0,0.0,70.709,301.134,726.058,1236.943,1495.986,0.0,6.816,10.386,37.89,79.749,141.486,145.186,0.0,-19.809653846153843,-75.85496774193548,-153.50206666666665,-264.0193548387097,-380.82916666666665,-453.86684615384615,0.0,0.2621538461538461,0.11516129032258064,0.9168000000000001,1.3502903225806453,2.0579,0.2846153846153846,0.0,12768980.576923076,18017260.403225806,20679464.266666666,22909199.822580647,20577538.05,23922424.153846152,0.0,-1.1846153846153844,5.5202580645161285,12.639966666666668,18.70722580645161,22.0295,24.926384615384617,0.0,4.874038461538461,12.491935483870968,19.564533333333333,25.24125806451613,27.565766666666665,31.083538461538463,0.0,-6.0305,-1.009483870967742,5.736833333333333,12.049903225806453,16.611666666666668,18.68769230769231,0.0,4.0,1.0,0.0,0.0,0.0,0.0,0.0,0.0,0.0,0.0,0.0,0.0,0.0,0.0,19.0,27.0,18.0,12.0,3.0,6.0,0.0,19.2825,52.363,107.605,199.418,324.423,458.3275,0.0,0.427,1.1524999999999999,2.06,3.521,5.5295000000000005,7.309,0.0,2.865,2.483,3.474,3.224,3.7119999999999997,3.2,6.482
CN012,14.794,1.439,2015,0.0,0.0,108.256,391.731,874.337,1455.07,1733.411,0.0,9.450000000000001,20.853,55.668,124.66,172.242,176.298,0.0,-20.26176,-80.9948064516129,-158.03119999999998,-260.33309677419356,-394.13259999999997,-483.67553846153845,0.0,0.37800000000000006,0.3678387096774194,1.1604999999999999,2.2255483870967745,1.5860666666666667,0.312,0.0,12682393.08,17811129.81451613,20302332.983333334,22859535.741935484,20755394.433333334,24706414.153846152,0.0,0.63984,7.558032258064516,14.449166666666667,20.56793548387097,24.357766666666667,26.410846153846155,0.0,6.56432,14.425064516129034,20.988233333333334,26.5701935483871,29.965266666666665,32.69592307692308,0.0,-4.1457999999999995,1.1995483870967742,8.1405,14.75283870967742,18.965766666666664,20.344615384615388,0.0,1.0,0.0,0.0,0.0,0.0,0.0,0.0,0.0,0.0,0.0,0.0,0.0,0.0,0.0,17.0,29.0,18.0,18.0,9.0,9.0,0.0,16.7325,48.767,119.952,234.835,356.858,472.818,0.0,0.33599999999999997,0.9705,2.046,3.4975,5.2509999999999994,6.6455,0.0,3.621,2.778,4.117,3.959,3.8245,2.964,4.998
CN013,14.781,1.481,2015,0.0,0.0,87.917,318.894,738.351,1267.69,1528.218,0.0,5.949,13.237,53.011,108.532,166.91400000000002,172.224,0.0,-20.39564,-81.04270967741935,-152.68136666666666,-246.06348387096773,-376.0459,-453.1688461538461,0.0,0.23796,0.2350967741935484,1.3258,1.791,1.9460666666666666,0.40846153846153843,0.0,13047314.4,17890363.16129032,20465853.333333332,22796437.387096774,21233589.3,24344820.307692308,0.0,-0.41948,6.472967741935484,12.6642,18.530870967741937,22.644633333333335,25.040615384615386,0.0,5.80612,13.108677419354839,19.13113333333333,24.609,28.148500000000002,31.046846153846154,0.0,-5.51472,0.09729032258064516,6.379166666666666,12.489741935483872,17.281466666666667,19.112076923076923,0.0,3.0,1.0,0.0,0.0,0.0,0.0,0.0,0.0,0.0,0.0,0.0,0.0,0.0,0.0,16.0,21.0,13.0,9.0,2.0,4.0,0.0,22.5205,66.833,149.275,260.145,376.257,497.5375,0.0,0.426,1.252,2.349,3.783,5.4384999999999994,7.0585,0.0,3.375,2.842,3.8635,3.767,3.54,3.394,5.193
CN014,14.597,1.473,2015,0.0,0.0,57.848,236.0,591.419,1039.631,1284.283,0.0,9.379,17.61,56.557,101.309,157.76,166.326,0.0,-19.74012,-71.31912903225806,-133.6701,-230.65393548387095,-354.8598666666667,-418.8088571428571,0.0,0.37516,0.2655161290322581,1.2982333333333334,1.4436129032258065,1.8817,0.6118571428571429,0.0,13558233.88,17541822.612903226,20416370.3,22706125.322580647,20830213.583333332,24557533.285714287,0.0,-1.5756000000000001,4.985709677419354,10.723166666666666,16.465129032258066,19.9404,22.475142857142856,0.0,4.5774799999999995,11.39551612903226,17.25926666666667,22.76274193548387,25.401833333333336,28.47107142857143,0.0,-6.638719999999999,-1.1836774193548387,4.362799999999999,10.039580645161289,14.620066666666666,16.5115,0.0,10.0,1.0,0.0,0.0,0.0,0.0,0.0,0.0,0.0,0.0,0.0,0.0,0.0,0.0,15.0,13.0,9.0,8.0,1.0,4.0,0.0,15.6225,43.15,82.944,139.254,230.675,354.39250000000004,0.0,0.345,0.9684999999999999,1.654,2.6799999999999997,4.1685,5.814,0.0,4.002,3.798,4.087,3.988,3.8165,4.010999999999999,5.145
CN015,13.312,1.479,2015,0.0,0.0,23.978,160.713,462.04,899.484,1145.248,0.0,9.881,13.003,38.342,86.755,209.22,219.549,0.0,-11.495391304347827,-51.708290322580645,-128.30693333333335,-243.65467741935484,-321.46006666666665,-370.55864285714284,0.0,0.4296086956521739,0.10070967741935484,0.8446333333333335,1.5617096774193546,4.082166666666667,0.7377857142857142,0.0,11976107.260869564,17249293.677419353,20361777.55,21847483.64516129,21418800.9,24113079.42857143,0.0,-7.2865652173913045,0.11703225806451613,8.370633333333334,14.720225806451612,19.581466666666664,22.55457142857143,0.0,-1.0990434782608696,6.723354838709677,15.033966666666666,20.884645161290322,25.2153,28.400214285714288,0.0,-12.515521739130433,-6.185870967741936,1.5955000000000001,8.342032258064517,14.308866666666667,16.631285714285713,0.0,22.0,13.0,0.0,0.0,0.0,0.0,0.0,0.0,0.0,0.0,0.0,0.0,0.0,0.0,11.0,18.0,7.0,0.0,0.0,1.0,0.0,20.1605,54.090999999999994,94.90599999999999,143.647,230.65,358.7025,0.0,0.381,1.0310000000000001,1.731,2.5490000000000004,3.9539999999999997,5.568,0.0,3.976,3.919,4.0705,3.69,4.2835,3.9435000000000002,6.734
CN021,14.162,1.52,2015,0.0,0.0,29.512999999999998,203.884,573.192,1039.543,1269.464,0.0,18.134999999999998,30.808,80.71,143.87800000000001,268.26,282.33,0.0,-10.810538461538462,-46.451903225806454,-93.74340000000001,-192.2528064516129,-259.72956666666664,-299.97684615384617,0.0,0.6974999999999999,0.40880645161290324,1.6634,2.037677419354839,4.146066666666666,1.0823076923076924,0.0,11951934.365384616,17011609.29032258,19756831.191666666,22058192.129032258,20495130.833333332,22657764.384615384,0.0,-4.538076923076924,2.077935483870968,10.458866666666667,16.91316129032258,20.545033333333333,22.686230769230768,0.0,0.8404230769230769,8.000193548387097,16.79276666666667,22.796161290322583,25.5829,27.953384615384614,0.0,-9.204423076923076,-3.374290322580645,4.0651,11.054387096774192,16.1172,17.592307692307692,0.0,17.0,6.0,0.0,0.0,0.0,0.0,0.0,0.0,0.0,0.0,0.0,0.0,0.0,0.0,17.0,18.0,15.0,9.0,2.0,4.0,0.0,17.241,48.336,90.919,152.546,270.818,430.82950000000005,0.0,0.405,1.1405,1.916,2.9909999999999997,4.766500000000001,6.885,0.0,4.493,4.466,4.6155,4.335,4.848,4.428,5.807
CN022,13.895,1.483,2015,0.0,0.0,19.339,159.03,462.211,917.494,1157.519,0.0,18.982,33.153,65.035,143.321,252.684,282.185,0.0,-5.604035714285715,-24.732354838709675,-80.7755,-178.28190322580645,-234.61803333333333,-269.88714285714286,0.0,0.6779285714285714,0.4571290322580645,1.0627333333333333,2.5253548387096774,3.6454333333333335,2.107214285714286,0.0,11169667.285714285,16584276.838709677,20213133.075,20865767.580645163,21324502.9,21901314.285714287,0.0,-9.041928571428572,-0.8009999999999999,8.6997,14.780032258064516,20.1761,22.144642857142856,0.0,-2.9855714285714288,4.888967741935484,14.991233333333332,20.604258064516127,25.3598,27.17892857142857,0.0,-14.576571428571429,-6.715,1.9799333333333335,9.02783870967742,15.383700000000001,17.3355,0.0,26.0,15.0,0.0,0.0,0.0,0.0,0.0,0.0,0.0,0.0,0.0,0.0,0.0,0.0,12.0,14.0,13.0,6.0,2.0,3.0,0.0,13.704,43.134,83.227,135.227,233.924,388.1395,0.0,0.4945,1.3125,2.106,3.101,4.6240000000000006,6.6685,0.0,5.2325,5.253,5.036,4.923,5.210000000000001,4.8605,7.384
CN023,14.269,1.486,2015,0.0,0.0,8.830000000000002,109.445,336.716,780.065,980.25,0.0,19.823999999999998,35.057,61.459,144.29,254.532,278.032,0.0,-1.9865357142857145,-9.092096774193548,-56.24876666666667,-118.62096774193549,-150.6324,-188.96583333333334,0.0,0.708,0.49138709677419357,0.8800666666666667,2.671967741935484,3.6747333333333336,1.9583333333333333,0.0,10063164.794642856,15440610.838709677,19289297.633333333,18890728.48387097,21480502.833333332,22454689.666666668,0.0,-11.779607142857143,-2.8302903225806455,6.514633333333333,12.330096774193548,19.7783,21.682083333333335,0.0,-5.596392857142858,2.802451612903226,12.413533333333334,17.77532258064516,24.963233333333335,26.843999999999998,0.0,-17.545285714285715,-8.619967741935485,0.20156666666666662,6.972354838709678,14.926466666666666,16.670583333333333,0.0,27.0,15.0,1.0,0.0,0.0,0.0,0.0,0.0,0.0,0.0,0.0,0.0,0.0,0.0,10.0,9.0,7.0,1.0,0.0,2.0,0.0,10.054,33.531,68.173,114.818,211.128,369.47900000000004,0.0,0.492,1.5865,2.388,3.404,5.1105,7.2325,0.0,5.5715,5.646,5.4885,5.479,5.4495000000000005,5.231999999999999,5.815
CN031,12.706,1.42,2015,18.022,66.125,220.808,512.814,960.588,1508.862,0.0,14.489,110.095,196.861,261.629,420.545,913.229,0.0,-3.0033333333333334,-7.981285714285716,51.71535483870968,71.34796666666666,56.901161290322584,268.5576,0.0,1.2074166666666668,3.4145,2.798903225806452,2.158933333333333,5.126322580645161,16.4228,0.0,8443571.104166666,10780580.370535715,14907098.459677419,18351763.55,18468734.451612905,14883160.533333333,0.0,5.666166666666666,6.154714285714285,9.86058064516129,14.733533333333332,19.44432258064516,23.2758,0.0,9.025416666666667,9.853464285714285,13.721903225806452,19.450499999999998,23.20341935483871,26.565966666666668,0.0,2.6305833333333335,2.7175714285714285,6.2729354838709686,10.462433333333333,15.988483870967743,20.54736666666667,0.0,0.0,0.0,0.0,0.0,0.0,0.0,0.0,0.0,0.0,0.0,0.0,0.0,0.0,0.0,3.0,11.0,14.0,13.0,11.0,4.0,0.0,23.629,76.875,180.394,311.189,431.762,522.469,0.0,0.338,1.303,2.868,4.412,6.0745000000000005,7.2125,0.0,6.4775,6.442,6.654,6.507,6.297,7.1685,0.0,6.118
CN032,13.994,1.439,2015,0.0,24.129999999999995,164.965,438.904,903.136,1464.337,1694.561,0.0,30.844,68.417,158.534,250.739,529.043,566.648,-1.343,-15.830678571428573,-34.19287096774194,-41.20476666666666,-76.61709677419356,-93.0669,31.29958333333333,0.0,1.1015714285714286,1.2120322580645162,3.0039000000000002,2.974354838709677,9.2768,3.1337499999999996,11622658.0,11758357.205357144,15349798.637096774,18871370.2,20013860.887096774,18379277.133333333,17672561.375,0.029,4.534607142857142,9.224612903225808,14.131300000000001,19.97522580645161,23.7067,24.185333333333332,3.477,9.3405,14.246741935483872,19.615799999999997,24.726193548387094,27.982599999999998,28.093166666666665,-3.013,0.257,4.4072258064516125,8.896733333333334,15.187096774193549,19.80503333333333,20.68583333333333,0.0,0.0,0.0,0.0,0.0,0.0,0.0,0.0,0.0,0.0,0.0,0.0,0.0,0.0,1.0,11.0,14.0,11.0,11.0,5.0,0.0,0.0,68.99799999999999,197.875,376.058,567.853,702.421,812.018,0.0,0.986,2.994,5.078,7.3925,9.119499999999999,10.493500000000001,5.413,5.3955,5.332,5.3965,5.163,5.098,5.7465,5.583
CN033,12.565,1.447,2015,32.448,100.196,280.133,614.134,1097.255,1497.49,0.0,52.673,153.034,271.225,331.135,572.072,929.367,0.0,24.607315789473684,21.990964285714284,109.32896774193549,123.50583333333333,162.85990322580645,354.68754545454544,0.0,2.772263157894737,3.5843214285714287,3.8126129032258067,1.997,7.772161290322581,16.24068181818182,0.0,9321381.407894736,10706208.36607143,13275520.467741935,17799215.2,16539628.451612903,13279446.954545455,0.0,6.288263157894737,6.955678571428571,10.720258064516129,16.133366666666667,20.584548387096774,23.1925,0.0,10.142000000000001,10.931964285714287,14.832967741935484,21.173,24.71583870967742,26.60859090909091,0.0,2.8357894736842106,3.330321428571428,7.040451612903225,11.584200000000001,16.97667741935484,20.328318181818183,0.0,0.0,0.0,0.0,0.0,0.0,0.0,0.0,0.0,0.0,0.0,0.0,0.0,0.0,0.0,8.0,10.0,7.0,6.0,3.0,0.0,0.0,23.655,73.642,162.12,273.402,390.875,502.28200000000004,0.0,0.811,2.188,4.175000000000001,6.0600000000000005,8.0515,10.213000000000001,0.0,7.215,7.204000000000001,7.488,7.3100000000000005,7.299,7.9,0.0,4.474
CN034,13.843,1.492,2015,0.0,36.073,196.547,490.077,983.178,1555.154,1705.133,4.002,46.113,102.201,195.065,302.655,623.45,644.106,2.251,-12.611571428571429,-12.688064516129034,-2.7909333333333337,-29.124548387096773,-6.349033333333332,141.88825,1.3339999999999999,1.5039642857142856,1.809290322580645,3.095466666666667,3.4706451612903226,10.693166666666666,2.582,9321827.166666666,11714553.401785715,14666161.25,18435295.65,19245207.66129032,17342226.583333332,18387220.125,-0.35533333333333333,5.130357142857143,9.919870967741936,14.784333333333333,20.90648387096774,24.06586666666667,23.747374999999998,2.8683333333333336,10.030464285714286,14.75132258064516,20.29276666666667,25.51125806451613,28.311533333333333,27.979125,-3.0483333333333333,0.758357142857143,5.185870967741936,9.344866666666666,16.09358064516129,20.1352,19.876875,0.0,0.0,0.0,0.0,0.0,0.0,0.0,0.0,0.0,0.0,0.0,0.0,0.0,0.0,2.0,13.0,15.0,13.0,5.0,5.0,0.0,0.0,78.405,213.763,388.367,568.699,699.185,786.64,0.0,1.081,3.1535,5.225,7.468,9.292,10.727,6.072,5.9605,5.928,6.0440000000000005,5.877,5.9195,6.5845,5.629
CN035,11.511,1.369,2015,122.98,289.78499999999997,555.634,947.056,1460.036,1520.192,0.0,48.535000000000004,106.318,214.686,333.165,730.787,748.233,0.0,-1.037733333333333,-17.511035714285715,34.94132258064516,34.72666666666667,204.46445161290322,365.796,0.0,1.6178333333333335,2.0636785714285715,3.495741935483871,3.9493,12.826516129032258,5.815333333333334,0.0,11630167.108333332,12010199.901785715,12084044.927419355,16601860.916666666,13274863.612903226,18252010.666666668,0.0,9.099333333333334,10.95732142857143,13.575774193548387,18.0474,21.54774193548387,25.052000000000003,0.0,14.629566666666667,15.9505,17.881645161290322,23.087300000000003,25.373290322580644,29.377,0.0,4.6545,6.909607142857142,10.053258064516129,13.6375,18.57722580645161,21.871,0.0,0.0,0.0,0.0,0.0,0.0,0.0,0.0,0.0,0.0,0.0,0.0,0.0,0.0,0.0,13.0,9.0,0.0,2.0,1.0,0.0,0.0,68.192,174.367,300.285,443.972,599.118,702.52,0.0,1.2149999999999999,3.2845,5.6895,7.909,10.3835,12.307,0.0,7.4795,7.5415,8.051,7.923,8.391,8.555,0.0,4.17
CN036,11.508,1.358,2015,84.626,195.685,428.179,817.151,1368.722,1484.019,0.0,36.691,168.207,337.771,477.62,847.821,912.035,0.0,-8.146258064516129,-5.8741071428571425,133.05870967741936,232.20736666666664,376.4066774193548,530.4183333333333,0.0,1.1835806451612905,4.697,5.469806451612903,4.661633333333333,11.941967741935482,10.702333333333334,0.0,9507615.173387097,10361498.924107144,11185926.491935484,16240705.575,14041047.758064516,15836991.833333334,0.0,7.425129032258065,8.797392857142857,12.43351612903226,17.965733333333333,22.79261290322581,24.216166666666666,0.0,12.10358064516129,13.144464285714287,16.123322580645162,22.452033333333336,26.443774193548386,27.8445,0.0,3.3472258064516134,5.060821428571429,8.900612903225806,13.435066666666668,19.415548387096774,20.802,0.0,0.0,0.0,0.0,0.0,0.0,0.0,0.0,0.0,0.0,0.0,0.0,0.0,0.0,0.0,14.0,9.0,2.0,2.0,1.0,0.0,0.0,74.413,179.059,281.3,401.91499999999996,546.4929999999999,652.995,0.0,1.2085,3.183,5.183999999999999,7.101,9.2605,11.041,0.0,7.474,7.4825,7.879,7.838,8.23,8.5275,0.0,3.907
CN037,14.446,1.493,2015,0.0,7.5329999999999995,142.295,410.111,881.142,1471.601,1767.869,0.0,12.33,26.983,80.957,124.603,199.825,214.694,0.0,-17.9768,-73.20332258064516,-128.0195,-219.44409677419355,-364.2787333333334,-415.53207142857144,0.0,0.4932,0.47267741935483865,1.7991333333333333,1.4079354838709677,2.5073999999999996,1.0620714285714286,0.0,12586585.65,17149191.16129032,19500643.425,22113848.548387095,21825247.133333333,22148268.64285714,0.0,3.04948,8.881806451612904,13.927200000000001,20.194548387096773,24.681966666666668,26.162,0.0,8.73948,14.987483870967743,19.7638,25.75551612903226,30.01016666666667,31.416571428571427,0.0,-1.7499600000000002,3.143258064516129,8.3879,14.840838709677419,19.646933333333333,21.21592857142857,0.0,0.0,0.0,0.0,0.0,0.0,0.0,0.0,0.0,0.0,0.0,0.0,0.0,0.0,0.0,15.0,21.0,14.0,15.0,5.0,2.0,0.0,43.7315,127.774,272.05899999999997,441.497,572.917,681.9225,0.0,0.593,1.8105000000000002,3.324,5.2995,6.965,8.308,0.0,4.32,4.077,4.377,4.088,3.5025,4.1215,6.353
CN041,14.925,1.468,2015,0.0,30.57,194.329,490.094,991.258,1582.785,1831.439,0.0,13.887,50.105,116.713,180.99,345.107,351.425,0.0,-21.719555555555555,-65.61861290322581,-78.19149999999999,-150.6063548387097,-244.1128666666667,-219.92341666666667,0.0,0.5143333333333333,1.1683225806451614,2.220266666666667,2.073451612903226,5.470566666666667,0.5265,0.0,12397825.879629629,15308543.072580645,18831456.191666666,21137968.64516129,18528040.233333334,21751150.5,0.0,4.899555555555556,10.11741935483871,14.858833333333333,21.16658064516129,24.717566666666666,25.721166666666665,0.0,10.641,15.591612903225805,20.487000000000002,26.645967741935483,29.460233333333335,30.535916666666665,0.0,-0.32966666666666666,4.918612903225807,9.3482,15.822387096774195,20.250533333333333,21.003333333333334,0.0,0.0,0.0,0.0,0.0,0.0,0.0,0.0,0.0,0.0,0.0,0.0,0.0,0.0,0.0,16.0,16.0,7.0,8.0,5.0,1.0,0.0,69.7005,197.263,386.836,578.56,713.484,835.871,0.0,1.115,3.121,5.348,7.663,9.288499999999999,10.7975,0.0,4.189,4.085,4.291,4.136,3.8905000000000003,4.3095,5.462
CN042,13.08,1.433,2015,0.0,64.053,261.085,589.271,1111.839,1688.283,1771.365,21.311999999999998,68.654,140.549,285.066,434.526,727.779,732.851,16.190199999999997,3.4370714285714286,13.427709677419355,90.6503,93.84477419354839,188.09573333333336,277.3135,4.2623999999999995,1.6907857142857143,2.3191935483870965,4.817233333333333,4.821290322580645,9.7751,1.268,5498580.375,10716934.513392856,13742416.008064516,16847057.216666665,17914722.14516129,15596000.516666668,16757265.75,-0.08180000000000001,6.597035714285714,11.302709677419355,15.939533333333333,21.857032258064514,24.2148,25.7705,3.1752,11.399857142857144,15.918612903225805,20.889966666666666,26.324193548387097,27.879166666666666,29.63925,-2.9204,2.0382142857142855,6.657161290322581,10.876666666666667,17.41196774193548,20.719966666666668,22.03525,0.0,0.0,0.0,0.0,0.0,0.0,0.0,0.0,0.0,0.0,0.0,0.0,0.0,0.0,1.0,12.0,8.0,8.0,5.0,3.0,0.0,0.0,72.907,190.948,325.348,458.82,601.765,727.976,0.0,1.0185,2.8505000000000003,4.746,6.633,8.994,10.813,6.491,6.33,6.353,6.603,6.503,7.0335,7.052,4.84
CN043,12.106,1.391,2015,62.736000000000004,165.542,389.431,757.114,1298.362,1564.896,0.0,33.726,151.127,275.517,439.584,706.627,868.605,0.0,-4.232826086956522,7.974357142857142,101.79132258064516,214.27286666666666,320.8254193548387,448.0222857142857,0.0,1.4663478260869565,4.192892857142857,4.01258064516129,5.4689000000000005,8.614290322580645,11.569857142857144,0.0,7841643.342391305,9279660.05357143,10416503.41935484,14985158.875,14286386.838709677,14033893.17857143,0.0,7.056086956521739,8.375321428571429,12.203935483870968,17.2561,22.459612903225807,24.038142857142855,0.0,10.913434782608697,12.350071428571429,15.914,21.6087,25.94925806451613,27.34992857142857,0.0,3.3501739130434784,4.617178571428572,8.408709677419356,12.821366666666668,18.904516129032256,20.880714285714284,0.0,0.0,0.0,0.0,0.0,0.0,0.0,0.0,0.0,0.0,0.0,0.0,0.0,0.0,0.0,7.0,9.0,0.0,1.0,0.0,0.0,0.0,42.647,112.378,196.798,297.362,422.863,548.4065,0.0,0.869,2.27,4.0045,5.636,7.5365,9.507000000000001,0.0,7.436,7.420999999999999,7.59,7.696,7.92,8.288,0.0,5.421
CN044,11.814,1.393,2015,207.77599999999998,536.22,982.329,1512.662,2176.386,2246.053,0.0,49.25300000000001,91.714,160.36100000000002,238.03,640.461,655.669,0.0,11.79426086956522,-24.43642857142857,-25.755322580645164,-74.66596666666666,45.57383870967742,199.62433333333334,0.0,2.141434782608696,1.5164642857142856,2.21441935483871,2.5889666666666664,12.981645161290322,5.069333333333334,0.0,12958230.043478262,12133751.75,12272002.677419355,18610612.766666666,15573199.35483871,19030976.666666668,0.0,14.033739130434784,16.73014285714286,19.390612903225808,22.677766666666667,26.410451612903227,28.222333333333335,0.0,18.815217391304348,20.792357142857146,22.878935483870965,27.073066666666666,29.994967741935486,32.272666666666666,0.0,10.202434782608696,13.321071428571429,16.50967741935484,18.8446,23.707903225806454,25.441666666666666,0.0,0.0,0.0,0.0,0.0,0.0,0.0,0.0,0.0,0.0,0.0,0.0,0.0,0.0,0.0,9.0,6.0,0.0,4.0,0.0,0.0,0.0,65.3575,164.95999999999998,275.894,398.876,543.008,647.449,0.0,1.125,2.995,5.1305000000000005,7.123,9.232500000000002,10.717,0.0,6.678,6.612,6.684,6.4675,7.398,7.428,0.0,4.35
CN045,12.411,1.496,2015,179.674,466.46000000000004,848.642,1361.236,2010.459,2121.563,0.0,52.453,103.77199999999999,212.991,289.543,665.174,718.409,0.0,10.514583333333333,-1.263178571428572,28.211258064516127,9.666699999999999,111.59170967741935,272.2406,0.0,2.185541666666667,1.8328214285714284,3.523193548387097,2.551733333333333,12.117129032258065,10.647,0.0,10210798.84375,9772772.732142856,9333270.814516129,17480712.116666667,14680287.193548387,15341379.6,0.0,12.486416666666665,15.242357142857143,17.328451612903226,22.08646666666667,25.942677419354837,27.220799999999997,0.0,16.985125,19.264035714285715,20.68548387096774,26.780066666666666,29.75174193548387,30.8632,0.0,8.765791666666667,11.762607142857144,14.449677419354838,17.8213,22.638096774193546,24.2928,0.0,0.0,0.0,0.0,0.0,0.0,0.0,0.0,0.0,0.0,0.0,0.0,0.0,0.0,0.0,6.0,3.0,0.0,4.0,0.0,0.0,0.0,62.710499999999996,154.927,257.777,375.812,516.676,623.179,0.0,1.09,2.8585000000000003,5.01,6.95,9.246,10.964,0.0,7.2524999999999995,7.23,7.273,6.9685,7.426,7.689,0.0,4.497
CN050,12.526,1.429,2015,32.251999999999995,159.386,437.903,834.22,1325.427,1888.79,1909.155,22.777,70.268,125.979,238.636,408.88100000000003,620.397,624.289,4.5051000000000005,8.721285714285715,9.949290322580643,35.56106666666666,72.64,149.03416666666666,216.143,2.2777000000000003,1.6961071428571428,1.7971290322580644,3.7552333333333334,5.4917741935483875,7.050533333333333,3.892,3999634.5625,7997187.142857143,11174946.85483871,15506838.441666666,14684913.14516129,14043017.6,15569735.0,7.9873,9.532749999999998,13.98441935483871,18.21056666666667,20.845387096774193,23.77876666666667,25.365,10.2917,12.78657142857143,17.57058064516129,22.583333333333332,24.5118064516129,26.8325,28.686,5.5953,6.058821428571428,9.918387096774195,13.563333333333333,17.0438064516129,20.726633333333332,22.623,0.0,0.0,0.0,0.0,0.0,0.0,0.0,0.0,0.0,0.0,0.0,0.0,0.0,0.0,1.0,5.0,3.0,2.0,3.0,0.0,0.0,0.0,48.653999999999996,137.197,257.156,406.262,590.457,731.546,0.575,1.765,3.6755,5.585,7.78,10.727,0.0,6.964,6.887499999999999,6.843,6.859,6.869,7.032,7.186,5.507
CN051,12.899,1.434,2015,0.0,104.137,371.84000000000003,740.756,1241.169,1788.329,2030.0,5.063000000000001,32.128,81.783,176.22,257.207,427.338,468.349,1.9114999999999998,-9.686178571428572,-32.05664516129032,-38.43026666666666,-77.96941935483872,-93.57026666666667,-25.017076923076925,2.5315000000000003,0.9666071428571429,1.6017741935483871,3.1479,2.6124838709677416,5.671033333333333,3.154692307692308,6459030.0,10015006.410714285,12454304.612903226,16031338.6,18154525.01612903,13953650.533333333,15852913.461538462,4.1,8.694214285714285,13.635580645161289,17.2972,21.14235483870968,23.238666666666667,23.59007692307692,6.7170000000000005,12.763214285714286,17.741967741935483,21.924333333333333,25.695935483870965,26.941033333333333,27.31946153846154,1.7965,4.653535714285715,9.29058064516129,12.559633333333332,16.535193548387095,19.8282,19.732538461538464,0.0,0.0,0.0,0.0,0.0,0.0,0.0,0.0,0.0,0.0,0.0,0.0,0.0,0.0,0.0,0.0,0.0,1.0,0.0,0.0,0.0,0.0,69.919,182.459,307.705,433.83299999999997,580.269,736.508,0.0,1.08,3.0469999999999997,4.921,6.735,9.1595,11.222999999999999,6.864000000000001,6.674,6.554,6.5169999999999995,6.235,6.2155000000000005,6.554,5.461
CN052,13.061,1.533,2015,19.641,107.155,312.822,609.907,1023.563,1483.208,1559.9759999999999,19.756,61.424,137.09,233.156,417.723,689.499,743.325,2.414625,1.4329999999999994,-20.975677419354838,-44.74236666666666,5.530161290322579,160.05213333333333,248.81533333333334,2.4695,1.4881428571428572,2.4408387096774193,3.2022,5.953774193548387,9.0592,8.971,9113243.75,11879380.92857143,14408453.774193548,16605555.05,16355786.983870968,15240615.266666668,10587248.916666666,6.43925,7.490749999999999,11.63441935483871,14.902833333333332,18.34374193548387,20.3215,17.794666666666668,11.5905,12.94707142857143,17.442,20.14466666666667,23.168774193548387,24.165333333333333,20.979666666666667,2.9638750000000003,3.2654285714285716,7.142967741935483,10.204233333333333,14.288290322580645,17.191666666666666,15.439,0.0,0.0,0.0,0.0,0.0,0.0,0.0,0.0,0.0,0.0,0.0,0.0,0.0,0.0,0.0,0.0,0.0,1.0,0.0,0.0,0.0,0.0,56.623000000000005,147.887,253.108,375.75,530.767,654.381,0.389,1.4375,3.07,4.696,6.640000000000001,9.178,11.0,8.202,8.141,7.968,7.752000000000001,7.872,8.193999999999999,8.2395,3.311
CN053,12.971,1.41,2015,2.9930000000000003,140.418,456.738,777.653,1232.66,1694.72,1907.432,5.457,25.126,60.483999999999995,151.67499999999998,250.364,439.469,523.58,3.788,-18.308357142857144,-122.28735483870967,-194.49673333333334,-232.11148387096776,-207.05456666666666,-158.26006666666666,5.457,0.7024642857142858,1.1405806451612903,3.0397000000000003,3.1835161290322582,6.3035,5.6074,10872168.0,16760098.714285715,20681609.225806452,19525378.266666666,21497496.51612903,18405876.533333335,17932167.1,7.993,9.892750000000001,15.203870967741935,15.697166666666668,19.67764516129032,20.401999999999997,19.180799999999998,12.136,16.178428571428572,21.75177419354839,21.265633333333334,25.338645161290323,24.990233333333332,23.7192,5.079,4.560464285714286,9.057612903225806,10.830833333333334,14.574709677419355,16.645966666666666,15.352,0.0,0.0,0.0,0.0,0.0,0.0,0.0,0.0,0.0,0.0,0.0,0.0,0.0,0.0,0.0,3.0,1.0,0.0,0.0,0.0,0.0,0.0,77.773,191.34300000000002,298.529,406.297,535.612,669.4304999999999,0.0,1.234,3.1195,4.765,6.506,8.709499999999998,10.650500000000001,8.043,7.7935,7.216,7.1075,6.92,7.2989999999999995,7.403,4.925
CN054,13.005,1.461,2015,0.0,0.0,0.9619999999999997,13.789000000000001,156.137,397.151,521.514,2.148,39.263,95.422,225.291,313.07,464.829,547.286,0.382,-17.136321428571428,-34.96709677419355,-44.21953333333333,-51.031193548387094,-44.96436666666667,-17.369428571428568,2.148,1.3255357142857143,1.8115806451612904,4.328966666666667,2.8315806451612904,5.058633333333333,5.889785714285714,16980478.0,18940616.25,21695269.612903226,22095841.266666666,23537845.096774194,20843980.2,20510748.92857143,-3.701,-0.6758571428571428,2.9376451612903223,5.150633333333333,9.591870967741936,13.033800000000001,13.883071428571428,0.776,4.96425,8.474,10.162266666666666,15.254645161290323,18.140933333333333,18.684642857142855,-7.094,-5.870392857142858,-2.4015483870967738,0.41766666666666663,4.579548387096774,8.793833333333334,10.013714285714286,0.0,3.0,0.0,0.0,0.0,0.0,0.0,0.0,0.0,0.0,0.0,0.0,0.0,0.0,0.0,2.0,2.0,0.0,0.0,0.0,0.0,0.0,44.366,108.643,173.978,256.496,367.51800000000003,482.09950000000003,0.0,0.8405,2.0115,3.0090000000000003,4.141500000000001,5.621,6.958,5.473,5.4505,5.419,5.519,5.548,5.795,5.928,1.854
CN061,12.801,1.465,2015,0.0,4.181,121.266,377.459,806.923,1312.425,1586.353,0.0,13.649000000000001,49.025,113.445,157.194,264.874,270.11,0.0,-22.315037037037037,-62.25038709677419,-90.32313333333333,-187.18316129032257,-284.25736666666666,-312.72957142857143,0.0,0.5055185185185186,1.1411612903225805,2.1473333333333335,1.411258064516129,3.5893333333333337,0.374,0.0,12906029.907407407,15019861.741935484,19252023.666666668,21689258.903225806,18494705.25,23754160.5,0.0,2.295888888888889,7.999193548387097,13.539766666666667,18.853677419354838,21.850066666666667,24.566285714285716,0.0,7.85925925925926,13.420774193548386,19.538433333333334,24.95277419354839,26.8186,30.054000000000002,0.0,-2.971,2.406161290322581,7.541033333333333,12.518032258064517,16.824833333333334,18.966857142857144,0.0,0.0,0.0,0.0,0.0,0.0,0.0,0.0,0.0,0.0,0.0,0.0,0.0,0.0,0.0,12.0,5.0,8.0,9.0,4.0,4.0,0.0,31.6685,91.912,191.839,317.841,445.364,567.1120000000001,0.0,0.614,1.6655,2.871,4.560499999999999,6.3765,7.8785,0.0,4.022,4.025,4.2275,3.878,3.768,3.8075,4.716
CN062,12.84,1.465,2015,0.0,0.0,50.415,228.62,572.467,1001.362,1333.426,0.0,7.111,24.253,62.016,98.839,154.47,184.649,0.0,-17.533105263157896,-61.80232258064516,-130.97740000000002,-251.20348387096774,-365.24446666666665,-440.74266666666665,0.0,0.37426315789473685,0.5529677419354838,1.2587666666666666,1.1878387096774194,1.8543666666666667,1.4370952380952382,0.0,14669457.210526315,18043723.64516129,20803320.366666667,22544707.64516129,20929579.866666667,22873848.714285713,0.0,-0.21273684210526314,4.810387096774194,10.875166666666667,16.091838709677422,19.296499999999998,20.81257142857143,0.0,5.759368421052631,11.002064516129034,17.127599999999997,22.265032258064515,24.8172,26.656619047619046,0.0,-6.077210526315789,-1.881451612903226,4.227166666666666,9.359322580645161,13.4695,14.745190476190476,0.0,2.0,2.0,0.0,0.0,0.0,0.0,0.0,0.0,0.0,0.0,0.0,0.0,0.0,0.0,6.0,7.0,8.0,3.0,1.0,1.0,0.0,14.745999999999999,39.147999999999996,74.936,136.033,242.434,392.434,0.0,0.28300000000000003,0.77,1.3760000000000001,2.249,3.7520000000000002,5.421,0.0,3.244,2.908,3.2555,2.982,3.332,3.433,5.616
CN063,13.39,1.445,2015,0.0,0.0,30.156,130.84,356.078,666.831,880.897,0.0,9.044,19.037,55.673,101.29899999999999,181.801,271.772,0.0,-15.36661111111111,-57.23690322580645,-130.11633333333333,-215.03503225806452,-290.19713333333334,-286.2482857142857,0.0,0.5024444444444445,0.3223548387096774,1.2211999999999998,1.4718064516129032,2.6834,4.2843333333333335,0.0,15918805.722222222,19655411.322580647,22104454.366666667,22558453.48387097,20365482.916666668,21739057.88095238,0.0,-1.375,3.2349032258064514,8.0387,12.24116129032258,15.358433333333332,15.193619047619048,0.0,4.502833333333333,9.470096774193548,14.0899,18.332516129032257,20.576433333333334,20.616380952380954,0.0,-7.381166666666666,-3.809516129032258,1.4740666666666666,6.0124516129032255,10.323933333333335,10.53790476190476,0.0,7.0,5.0,0.0,0.0,0.0,0.0,0.0,0.0,0.0,0.0,0.0,0.0,0.0,0.0,7.0,13.0,8.0,3.0,2.0,1.0,0.0,14.744,39.914,77.297,136.42600000000002,228.811,356.039,0.0,0.20950000000000002,0.633,1.173,1.9205,3.069,4.416,0.0,4.2145,4.169,4.213,4.2,4.303,4.767,6.775
CN064,12.016,1.441,2015,0.0,0.0,80.858,279.029,665.02,1153.937,1473.899,0.0,4.074,12.748000000000001,58.252,76.935,102.81,118.325,0.0,-22.555571428571426,-82.52638709677419,-149.61206666666666,-288.60538709677417,-452.09680000000003,-559.8952222222222,0.0,0.194,0.2798064516129032,1.5168,0.6026774193548387,0.8625,0.8619444444444444,0.0,14809015.095238095,18366862.19354839,20168843.55,22986006.548387095,22490049.466666665,23994959.555555556,0.0,0.3554285714285714,5.974741935483871,11.536766666666667,17.45132258064516,21.297233333333335,22.775666666666666,0.0,6.630428571428571,12.502548387096775,17.87976666666667,23.815548387096776,26.977233333333334,28.712833333333336,0.0,-5.775857142857143,-0.9651612903225807,4.832400000000001,10.114032258064517,14.894200000000001,16.323055555555555,0.0,4.0,2.0,0.0,0.0,0.0,0.0,0.0,0.0,0.0,0.0,0.0,0.0,0.0,0.0,11.0,15.0,10.0,8.0,9.0,6.0,0.0,14.1485,37.147999999999996,67.199,111.711,197.763,320.994,0.0,0.246,0.6579999999999999,1.142,1.7805,2.9825,4.362,0.0,3.021,2.648,3.7119999999999997,2.668,2.516,2.8600000000000003,7.518
CN065,13.176,1.431,2015,0.0,0.0,21.766,240.52,651.561,1148.195,1664.626,0.0,7.263,39.929,70.681,118.942,166.26,191.347,0.0,-4.175533333333333,-30.196806451612904,-75.61006666666667,-177.4606451612903,-294.7621,-417.10284,0.0,0.4842,1.0537419354838709,1.0250666666666666,1.5568064516129032,1.5772666666666666,1.00348,0.0,12134566.766666668,15455248.322580645,20999272.333333332,22477154.19354839,23648021.5,25352135.84,0.0,-2.756133333333333,2.1993548387096773,11.698933333333335,18.259387096774194,21.554466666666666,25.65724,0.0,2.6164,7.943516129032258,17.864533333333334,23.89251612903226,27.037066666666664,31.64072,0.0,-8.090666666666667,-3.6715161290322578,4.7792666666666666,12.059548387096774,15.754966666666666,19.1898,0.0,8.0,2.0,0.0,0.0,0.0,0.0,0.0,0.0,0.0,0.0,0.0,0.0,0.0,0.0,4.0,10.0,5.0,0.0,1.0,3.0,0.0,6.133,21.541,57.239000000000004,123.608,252.19799999999998,438.591,0.0,0.247,0.736,1.362,2.2375000000000003,3.8099999999999996,5.697,0.0,3.329,2.984,3.061,2.907,2.9645,2.688,10.211
CN011,14.819,1.511,2016,0.0,0.0,67.205,318.879,731.681,1269.839,1513.459,0.0,12.945,13.459,31.242,82.095,189.218,203.538,0.0,-14.279407407407406,-70.458,-172.68853333333334,-272.14,-388.1235,-412.32424999999995,0.0,0.47944444444444445,0.016580645161290323,0.5927666666666667,1.6404193548387098,3.5707666666666666,1.1933333333333334,0.0,13315069.222222222,18102315.774193548,21182126.7,22294404.33870968,21927318.5,21966873.833333332,0.0,-1.875037037037037,5.8434838709677415,13.389133333333332,18.316193548387098,22.9386,25.301666666666666,0.0,3.975777777777778,12.635064516129033,20.324233333333332,24.915225806451613,28.883333333333333,30.160749999999997,0.0,-6.764111111111111,-0.5286774193548387,6.590933333333334,11.437225806451613,17.0127,20.163833333333333,0.0,7.0,0.0,0.0,0.0,0.0,0.0,0.0,0.0,0.0,0.0,0.0,0.0,0.0,0.0,22.0,28.0,16.0,19.0,7.0,6.0,0.0,17.658,48.909,104.533,200.21699999999998,330.763,470.1205,0.0,0.457,1.1925,2.2809999999999997,3.886,5.7715,7.6945,0.0,3.758,3.112,2.8865,3.44,3.7119999999999997,3.6814999999999998,6.621
CN012,14.794,1.439,2016,0.0,0.0,116.132,443.788,928.298,1522.98,1790.297,0.0,10.351,10.924,20.561,66.467,174.546,181.94,0.0,-18.40765384615385,-83.91741935483871,-207.42746666666665,-334.58096774193547,-463.2803333333333,-502.2630833333333,0.0,0.39811538461538465,0.018483870967741938,0.32123333333333337,1.4808387096774194,3.602633333333334,0.6161666666666666,0.0,13227114.5,18123203.80645161,21220945.966666665,22081593.903225806,21911061.033333335,22445635.25,0.0,0.4563846153846154,8.101516129032257,15.921866666666666,20.629354838709677,24.822733333333336,27.276416666666666,0.0,6.2715,14.77441935483871,22.5736,27.125451612903227,30.5922,32.31725,0.0,-4.3102307692307695,1.7563870967741935,9.5515,14.138870967741935,19.252133333333333,22.359166666666667,0.0,0.0,0.0,0.0,0.0,0.0,0.0,0.0,0.0,0.0,0.0,0.0,0.0,0.0,0.0,22.0,30.0,22.0,21.0,10.0,6.0,0.0,15.753,46.427,117.67699999999999,236.131,363.529,488.278,0.0,0.394,1.0125,2.1705,3.701,5.2355,6.670999999999999,0.0,4.119,2.836,2.6475,3.887,4.0705,4.151,5.406
CN013,14.781,1.481,2016,0.0,0.0,89.068,367.389,787.103,1329.92,1571.924,0.0,13.091000000000001,14.729000000000001,33.835,73.69800000000001,166.27,208.044,0.0,-14.492038461538462,-76.34774193548388,-185.20473333333334,-296.9639677419355,-407.6755,-448.8878333333334,0.0,0.5035000000000001,0.05283870967741936,0.6368666666666666,1.2859032258064516,3.085733333333333,3.4811666666666667,0.0,13526704.23076923,18193396.741935484,21001680.9,21797305.48387097,22328636.4,21008367.916666668,0.0,-0.9948846153846154,6.839741935483871,14.277366666666667,18.53916129032258,23.0939,25.167,0.0,5.047153846153846,13.485838709677418,20.8417,24.826387096774194,28.982133333333334,30.08983333333333,0.0,-6.043807692307693,0.6578387096774194,8.0143,12.107935483870968,17.469033333333336,20.32058333333333,0.0,6.0,0.0,0.0,0.0,0.0,0.0,0.0,0.0,0.0,0.0,0.0,0.0,0.0,0.0,18.0,21.0,10.0,15.0,4.0,1.0,0.0,19.6745,61.669,145.39600000000002,257.746,374.475,499.42499999999995,0.0,0.435,1.215,2.5694999999999997,4.155,5.672499999999999,7.282,0.0,3.8235,3.069,2.9935,3.369,3.9074999999999998,4.015,5.496
CN014,14.597,1.473,2016,0.0,0.0,51.152,274.873,604.872,1058.353,1281.818,0.0,11.346,21.262,66.409,104.314,190.604,269.473,0.0,-15.87753846153846,-73.33196774193547,-150.1094,-240.3314193548387,-315.13536666666664,-349.22892307692314,0.0,0.43638461538461537,0.3198709677419355,1.5049,1.2227419354838711,2.8763333333333336,6.0668461538461536,0.0,13966823.451923076,17504731.43548387,20602762.133333333,21705962.096774194,22870488.333333332,19517848.46153846,0.0,-2.3718846153846154,4.891258064516129,12.457366666666667,15.645129032258065,20.116033333333334,22.189615384615387,0.0,3.537846153846154,11.314064516129031,19.0243,22.004161290322582,25.982533333333333,26.936,0.0,-7.568999999999999,-1.0551935483870967,5.761833333333333,9.309774193548387,14.4787,17.634076923076922,0.0,14.0,0.0,0.0,0.0,0.0,0.0,0.0,0.0,0.0,0.0,0.0,0.0,0.0,0.0,16.0,15.0,9.0,12.0,3.0,0.0,0.0,15.447,42.658,82.315,139.493,236.071,369.87850000000003,0.0,0.37,0.999,1.839,2.908,4.323499999999999,5.9385,0.0,4.0915,3.706,3.9050000000000002,3.848,4.145,4.449,5.471
CN015,13.312,1.479,2016,0.0,0.0,13.709999999999999,111.965,447.881,898.408,1154.24,0.0,3.8440000000000003,12.862,30.243,77.455,142.693,157.456,0.0,-11.5695,-51.23735483870968,-141.376,-246.9069677419355,-374.0921333333333,-452.46792307692306,0.0,0.16016666666666668,0.2909032258064516,0.5793666666666667,1.522967741935484,2.1746,1.1356153846153847,0.0,12190880.729166666,16985751.64516129,19788506.9,21944020.774193548,22556796.933333334,23331981.384615384,0.0,-9.075291666666667,0.7825806451612902,8.077066666666665,15.836,20.017566666666667,24.679384615384613,0.0,-3.1795833333333334,7.2376774193548385,14.447633333333332,22.314806451612903,25.970933333333335,30.566230769230767,0.0,-14.198,-5.273,1.5759333333333332,9.275967741935483,14.211266666666667,18.554923076923078,0.0,24.0,10.0,0.0,0.0,0.0,0.0,0.0,0.0,0.0,0.0,0.0,0.0,0.0,0.0,11.0,13.0,5.0,5.0,0.0,3.0,0.0,19.59,53.808,95.367,144.459,230.437,355.547,0.0,0.4,1.0585,1.859,2.693,3.899,5.42,0.0,3.974,3.875,3.634,3.723,3.925,3.678,6.669
CN021,14.162,1.52,2016,0.0,0.0,34.123000000000005,194.252,563.098,1057.156,1294.111,0.0,10.141,22.494,64.57600000000001,180.487,281.217,286.285,0.0,-12.241666666666665,-52.593322580645165,-133.20353333333335,-163.8941612903226,-270.4884,-308.89000000000004,0.0,0.3755925925925926,0.39848387096774196,1.4027333333333334,3.7390645161290323,3.357666666666667,0.4223333333333333,0.0,12319829.277777778,17713508.98387097,19497922.533333335,21182302.330645163,21661072.766666666,24002874.833333332,0.0,-5.170925925925927,3.2504516129032255,10.3303,16.898258064516128,21.4686,24.74625,0.0,0.4428518518518519,9.50867741935484,16.339199999999998,23.028612903225806,26.993133333333333,30.176416666666668,0.0,-9.98788888888889,-2.5731612903225805,4.2369,10.90232258064516,16.432033333333333,19.678083333333333,0.0,22.0,4.0,0.0,0.0,0.0,0.0,0.0,0.0,0.0,0.0,0.0,0.0,0.0,0.0,17.0,21.0,7.0,15.0,4.0,6.0,0.0,19.3885,53.121,96.147,156.184,274.746,437.0995,0.0,0.42500000000000004,1.1825,2.0825,3.178,4.786,6.897,0.0,4.526,4.436,4.412,4.77,4.664,4.5095,6.488
CN022,13.895,1.483,2016,0.0,0.0,14.210999999999999,107.17,427.594,867.184,1110.922,0.0,10.844999999999999,24.973,74.452,209.972,351.678,370.342,0.0,-8.267862068965517,-35.644290322580645,-99.82266666666666,-101.84690322580644,-163.00006666666667,-172.71369230769233,0.0,0.3739655172413793,0.455741935483871,1.6493,4.371612903225807,4.723533333333333,1.4356923076923078,0.0,11366135.689655172,16380453.677419355,18309633.966666665,20238780.919354837,21398297.466666665,23542210.230769232,0.0,-9.452655172413793,0.5979032258064515,7.7132000000000005,15.336258064516128,19.653000000000002,23.749076923076924,0.0,-3.610103448275862,6.363483870967742,13.456833333333332,21.248483870967743,24.903666666666666,28.786076923076923,0.0,-14.796448275862069,-5.14458064516129,1.4671999999999998,9.472903225806453,14.768233333333335,18.885307692307695,0.0,27.0,11.0,0.0,0.0,0.0,0.0,0.0,0.0,0.0,0.0,0.0,0.0,0.0,0.0,12.0,17.0,8.0,7.0,2.0,6.0,0.0,17.961,54.087,95.949,147.661,254.361,419.4345,0.0,0.494,1.316,2.2095000000000002,3.203,4.6355,6.6935,0.0,5.118,5.06,4.928,5.286,5.235,4.981,7.747
CN023,14.269,1.486,2016,0.0,0.0,2.1160000000000005,56.0,334.795,734.226,936.167,0.0,7.722,23.376,62.033,164.685,301.94,325.758,0.0,-3.6512068965517237,-19.038354838709676,-67.97203333333333,-98.45251612903225,-126.1564,-123.24463636363636,0.0,0.26627586206896553,0.5049677419354838,1.2885666666666666,3.3113548387096774,4.575166666666666,2.1652727272727272,0.0,10578375.086206896,15751381.935483871,17973461.916666668,19099191.69354839,19203860.333333332,22924092.0,0.0,-14.204931034482758,-2.099032258064516,5.720533333333333,13.993387096774194,18.31436666666667,23.358272727272723,0.0,-7.880413793103449,3.737290322580645,11.336,19.67383870967742,23.0682,28.17981818181818,0.0,-20.22689655172414,-8.171000000000001,-0.39563333333333334,8.352483870967742,13.948366666666667,18.51281818181818,0.0,29.0,13.0,0.0,0.0,0.0,0.0,0.0,0.0,0.0,0.0,0.0,0.0,0.0,0.0,7.0,11.0,3.0,5.0,0.0,2.0,0.0,9.198,35.241,72.783,120.024,220.25,383.54949999999997,0.0,0.9810000000000001,1.9520000000000002,2.89,3.9010000000000002,5.429,7.487,0.0,5.46,5.483,5.2965,5.422,5.6579999999999995,5.395,5.994
CN031,12.706,1.42,2016,1.3579999999999997,59.451,221.746,537.405,992.705,1520.864,0.0,38.553,59.222,103.524,314.337,603.405,961.923,0.0,10.592,6.224068965517243,-22.006838709677417,19.846799999999998,168.807,358.1348275862069,0.0,3.2127499999999998,0.7127241379310345,1.4290967741935483,7.0271,9.324774193548386,12.362689655172415,0.0,8041741.666666667,14343139.48275862,15595393.64516129,16316756.941666666,16427336.758064516,14402135.103448275,0.0,1.38275,6.016931034482759,10.185709677419355,15.521966666666666,19.687096774193545,23.212379310344826,0.0,4.7292499999999995,10.816620689655172,14.456290322580644,19.600733333333334,23.340451612903227,26.381068965517244,0.0,-1.8078333333333332,1.6602413793103448,6.231645161290322,12.2041,16.327451612903225,20.533275862068965,0.0,2.0,0.0,0.0,0.0,0.0,0.0,0.0,0.0,0.0,0.0,0.0,0.0,0.0,0.0,3.0,20.0,11.0,8.0,8.0,3.0,0.0,19.0,58.293000000000006,131.712,231.729,336.402,426.98900000000003,0.0,0.293,0.917,1.8355,3.008,4.376,5.63,0.0,7.1355,6.863,6.584,6.914,7.048,7.524,0.0,6.843
CN032,13.994,1.439,2016,0.0,34.961,184.591,521.428,972.319,1540.204,1759.69,1.596,25.604,59.182,161.546,291.706,458.203,665.097,0.686,-14.115379310344828,-46.57132258064516,-76.32693333333333,-87.42493548387098,-72.57726666666667,95.52990909090909,1.596,0.8278620689655172,1.0831612903225807,3.4121333333333337,4.198709677419354,5.5499,18.808545454545456,5443282.5,13832433.784482758,17064664.76612903,17635005.266666666,17876593.225806452,18664297.0,13547359.863636363,-1.651,4.492241379310345,9.676709677419355,16.227899999999998,19.544870967741936,23.9295,24.953272727272726,1.059,10.319310344827587,15.192225806451614,21.4146,24.342806451612905,28.129433333333335,28.042363636363635,-3.921,-0.584,4.54883870967742,11.428033333333333,15.008709677419354,19.996366666666667,22.519909090909092,0.0,0.0,0.0,0.0,0.0,0.0,0.0,0.0,0.0,0.0,0.0,0.0,0.0,0.0,0.0,15.0,13.0,9.0,6.0,2.0,0.0,0.0,63.628,183.565,355.422,539.042,672.016,790.466,0.0,0.738,2.3295000000000003,4.8045,7.0760000000000005,8.532499999999999,10.0945,5.629,5.527,5.397,5.3045,5.264,5.507,6.32,5.266
CN033,12.565,1.447,2016,6.1339999999999995,86.953,276.701,620.916,1104.542,1497.741,0.0,79.169,115.899,178.22299999999998,425.226,702.096,896.056,0.0,22.339315789473684,49.25106896551724,32.21164516129032,112.16900000000001,282.67554838709674,436.99157142857143,0.0,4.166789473684211,1.266551724137931,2.0104516129032257,8.233433333333332,8.931290322580645,9.236190476190476,0.0,8378665.927631579,14028407.426724138,14631853.959677419,14414733.1,15447006.370967742,15116621.523809524,0.0,2.7014736842105265,7.0232068965517245,11.052677419354838,16.473833333333335,20.60083870967742,23.723761904761904,0.0,6.048736842105264,12.139586206896551,15.729903225806451,20.593733333333333,24.45632258064516,27.398857142857143,0.0,-0.39263157894736844,2.414068965517241,6.693483870967742,12.916466666666668,16.978290322580644,20.675285714285714,0.0,1.0,0.0,0.0,0.0,0.0,0.0,0.0,0.0,0.0,0.0,0.0,0.0,0.0,0.0,6.0,14.0,8.0,4.0,5.0,0.0,0.0,19.645,61.337999999999994,135.216,229.458,340.651,457.692,0.0,0.776,2.024,4.0365,6.181,8.153,9.917,0.0,8.019,7.802,7.527,7.7585,7.947,8.145,0.0,4.382
CN034,13.843,1.492,2016,0.0,53.802,233.727,591.825,1052.105,1630.257,1764.602,8.105,36.601,78.623,195.54,327.873,531.109,730.997,4.2860000000000005,-6.913344827586207,-34.68354838709678,-46.33076666666667,-52.27296774193548,-13.534200000000002,179.14742857142855,2.7016666666666667,0.9826206896551724,1.3555483870967742,3.8972333333333333,4.268806451612903,6.774533333333333,28.55542857142857,5348012.25,14084323.094827587,16126332.758064516,16957982.516666666,17098235.241935484,18449321.083333332,11215178.714285715,0.4126666666666668,5.474137931034483,10.723935483870967,16.936600000000002,19.84774193548387,24.271733333333334,24.19214285714286,3.2906666666666666,11.540862068965517,16.055225806451613,21.9321,24.62674193548387,28.39333333333333,27.25814285714286,-2.001,0.133,5.71158064516129,12.103399999999999,15.185451612903227,20.242166666666666,21.720714285714287,0.0,0.0,0.0,0.0,0.0,0.0,0.0,0.0,0.0,0.0,0.0,0.0,0.0,0.0,0.0,18.0,11.0,6.0,7.0,1.0,0.0,0.0,71.441,204.252,378.935,552.078,682.03,778.268,0.0,1.001,2.901,5.4135,7.548,9.034500000000001,10.429,6.232,6.052,5.913,5.9625,5.97,6.2645,6.974,5.273
CN035,11.511,1.369,2016,125.327,239.556,460.779,877.712,1410.601,1452.565,0.0,208.627,281.097,499.363,852.798,1075.996,1092.906,0.0,63.054766666666666,185.17037931034483,253.16516129032257,474.8437666666667,677.324193548387,732.9214999999999,0.0,6.954233333333334,2.498965517241379,7.040838709677419,11.781166666666667,7.199935483870968,8.455,0.0,7194541.616666666,12022435.0,12625919.403225806,13731267.9,16281632.790322581,18169037.0,0.0,8.655866666666666,8.847172413793103,12.135580645161289,18.897766666666666,22.189967741935483,25.982,0.0,12.135533333333333,14.100586206896553,16.99732258064516,22.885833333333334,26.372451612903227,30.642,0.0,5.8246,4.606965517241379,8.093741935483871,15.639299999999999,18.670387096774196,22.8695,0.0,0.0,0.0,0.0,0.0,0.0,0.0,0.0,0.0,0.0,0.0,0.0,0.0,0.0,0.0,1.0,8.0,5.0,0.0,1.0,0.0,0.0,68.924,177.709,300.153,427.02,576.07,685.956,0.0,1.3330000000000002,3.408,5.689500000000001,8.133000000000001,10.55,12.042,0.0,8.6035,8.449,8.415,8.6615,8.595,8.6095,0.0,4.183
CN036,11.508,1.358,2016,59.635999999999996,166.809,398.336,814.528,1335.665,1426.895,0.0,125.845,182.402,327.618,727.062,1123.367,1197.343,0.0,34.6718064516129,93.47168965517241,135.20387096774192,353.8718,660.2473548387096,833.4361999999999,0.0,4.059516129032258,1.9502413793103448,4.684387096774194,13.3148,12.784032258064517,14.7952,0.0,6824038.302419355,13332280.48275862,12537393.524193548,12953369.3,14960582.790322581,14319778.6,0.0,5.890032258064516,8.312862068965517,12.432903225806452,18.873066666666666,21.810870967741938,23.246000000000002,0.0,8.98274193548387,13.570620689655172,17.001193548387096,22.621166666666667,25.859483870967743,26.811799999999998,0.0,3.146225806451613,3.5459310344827584,8.104451612903226,15.2591,18.05035483870968,19.8382,0.0,0.0,0.0,0.0,0.0,0.0,0.0,0.0,0.0,0.0,0.0,0.0,0.0,0.0,0.0,6.0,14.0,7.0,2.0,4.0,0.0,0.0,66.66900000000001,166.746,266.26800000000003,377.784,520.931,632.624,0.0,1.396,3.252,5.1535,7.3655,9.511,10.953,0.0,8.391,8.279,8.131,8.555,8.625,8.785,0.0,4.29
CN037,14.446,1.493,2016,0.0,8.568999999999999,158.971,502.563,963.304,1552.83,1828.44,0.0,24.236,32.117,58.646,104.996,219.415,258.42,0.0,-10.609307692307691,-69.90090322580645,-173.8431,-275.1511612903226,-354.33169999999996,-384.37646153846157,0.0,0.9321538461538462,0.25422580645161286,0.8843,1.4951612903225806,3.813966666666667,3.0003846153846156,0.0,13424773.39423077,18322804.19354839,19663854.583333332,20027891.758064516,21914313.0,18773681.153846152,0.0,3.065653846153846,9.577419354838709,16.453066666666665,19.862612903225806,24.650866666666666,26.200769230769232,0.0,9.226576923076923,15.940129032258065,22.458000000000002,25.51751612903226,29.9802,30.351923076923075,0.0,-1.9553076923076924,3.5759999999999996,10.892333333333333,14.341806451612904,19.743066666666667,22.41976923076923,0.0,0.0,0.0,0.0,0.0,0.0,0.0,0.0,0.0,0.0,0.0,0.0,0.0,0.0,0.0,16.0,23.0,14.0,15.0,8.0,0.0,0.0,34.085,105.102,238.669,396.301,522.127,640.3935,0.0,0.582,1.7199999999999998,3.7,5.646,7.0995,8.499500000000001,0.0,4.4145,4.102,3.673,3.892,4.128500000000001,4.377,6.439
CN041,14.925,1.468,2016,0.0,38.717,229.754,605.882,1086.908,1695.881,1934.168,0.0,23.827,43.875,86.376,161.438,277.19,306.343,0.0,-15.982071428571427,-71.64867741935484,-149.56766666666667,-238.48512903225804,-268.1074,-303.8441818181818,0.0,0.8509642857142857,0.6467096774193548,1.4166999999999998,2.4213548387096773,3.8584,2.650272727272727,0.0,13713947.473214285,17028445.35483871,17966535.283333335,18771625.26612903,21116416.433333334,18956267.90909091,0.0,5.256964285714285,11.066225806451612,17.5376,20.51696774193548,25.2991,26.662454545454544,0.0,11.569,16.948774193548388,22.945966666666667,25.821806451612904,30.438266666666667,30.605999999999998,0.0,-0.32007142857142856,5.4917741935483875,12.266633333333335,15.219290322580646,20.28506666666667,22.93136363636364,0.0,0.0,0.0,0.0,0.0,0.0,0.0,0.0,0.0,0.0,0.0,0.0,0.0,0.0,0.0,20.0,14.0,11.0,9.0,4.0,0.0,0.0,53.3835,163.169,340.415,511.776,635.695,762.881,0.0,0.9165000000000001,2.7925,5.284000000000001,7.352,8.7765,10.434000000000001,0.0,4.1095,3.84,3.934,3.698,4.1259999999999994,4.128,5.264
CN042,13.08,1.433,2016,0.0,87.195,305.262,696.175,1172.546,1757.218,1816.084,8.624,38.031,99.128,240.777,392.014,660.981,748.04,-1.0576,-9.455724137931036,-27.663709677419355,-2.889733333333334,17.908677419354834,79.84596666666667,251.90866666666662,1.7248,1.0140344827586207,1.9708709677419356,4.721633333333333,4.8786129032258065,8.965566666666666,29.019666666666666,6342207.7,13461255.362068966,14690613.58064516,15310014.4125,16775093.08064516,17421192.3,10670059.0,2.821,7.387482758620689,11.978451612903225,18.030433333333335,20.366806451612902,24.489066666666666,24.622,5.9079999999999995,13.008793103448276,16.969774193548385,22.5,24.8781935483871,28.455466666666666,27.310666666666666,-0.06699999999999999,1.92,7.0767741935483865,13.644933333333334,15.851161290322581,20.474800000000002,22.42533333333333,0.0,0.0,0.0,0.0,0.0,0.0,0.0,0.0,0.0,0.0,0.0,0.0,0.0,0.0,0.0,21.0,7.0,4.0,7.0,3.0,0.0,0.0,69.42099999999999,186.559,321.926,454.253,597.833,722.715,0.0,1.029,2.683,4.862,6.6,8.562999999999999,10.3,6.391,6.317,6.317,6.577,6.551,6.834,7.557,4.483
CN043,12.106,1.391,2016,4.944999999999999,121.134,360.513,764.303,1251.91,1504.633,0.0,65.349,107.234,240.383,516.536,750.957,841.747,0.0,19.08478260869565,30.424655172413797,67.05125806451613,201.8478,364.3646129032258,443.50038461538463,0.0,2.8412608695652177,1.4443103448275862,4.295129032258065,9.2051,7.561967741935484,6.983846153846154,0.0,6936201.347826087,13182145.612068966,12381188.495967742,13030029.933333334,15088332.322580645,17344213.384615384,0.0,3.8681304347826084,8.616620689655173,12.66758064516129,18.459666666666667,20.729258064516127,24.44023076923077,0.0,6.736434782608695,13.735137931034483,16.967032258064513,22.1941,24.59941935483871,28.33653846153846,0.0,1.2026521739130436,3.6136551724137935,8.323548387096773,14.811333333333334,16.834612903225807,20.666999999999998,0.0,0.0,0.0,0.0,0.0,0.0,0.0,0.0,0.0,0.0,0.0,0.0,0.0,0.0,0.0,3.0,14.0,4.0,0.0,3.0,0.0,0.0,41.03,113.903,209.15,313.653,440.293,570.913,0.0,0.986,2.4485,4.212,6.3655,8.278,9.814,0.0,7.731,7.56,7.627,7.9525,7.977,7.996,0.0,5.399
CN044,11.814,1.393,2016,167.287,403.197,780.843,1337.726,1981.666,2031.269,0.0,230.195,268.14799999999997,432.145,683.888,907.944,909.158,0.0,69.47117391304347,182.2378275862069,197.65083870967743,316.112,441.80412903225806,494.5635,0.0,10.008478260869564,1.3087241379310346,5.290225806451613,8.391433333333334,7.227612903225807,0.607,0.0,6858927.0,11810315.379310345,13231097.370967742,15635131.366666667,17743499.225806452,24164319.0,0.0,12.203260869565218,13.134827586206898,17.182129032258064,23.56276666666667,25.77225806451613,29.8015,0.0,15.245826086956521,17.589827586206898,21.246709677419357,27.040166666666668,29.409741935483872,33.427,0.0,9.579,9.412827586206896,13.829387096774195,20.783966666666668,22.646451612903224,26.179000000000002,0.0,0.0,0.0,0.0,0.0,0.0,0.0,0.0,0.0,0.0,0.0,0.0,0.0,0.0,0.0,2.0,6.0,5.0,0.0,0.0,0.0,0.0,68.12299999999999,172.856,283.11899999999997,401.358,552.0699999999999,666.177,0.0,1.259,2.987,4.3260000000000005,6.16,8.492,9.886,0.0,7.689,7.489,7.407,7.4925,7.444,7.324,0.0,4.475
CN045,12.411,1.496,2016,121.905,320.38,680.701,1220.3029999999999,1836.607,1929.389,0.0,132.341,157.854,254.154,427.927,701.211,755.01,0.0,46.041791666666676,73.47062068965518,55.15074193548387,105.78063333333334,225.6829677419355,312.60625,0.0,5.514208333333333,0.8797586206896553,3.106451612903226,5.792433333333333,8.815612903225807,13.44975,0.0,6155474.375,12021281.681034483,11906489.322580645,14508492.433333334,16505273.677419355,19810299.0,0.0,9.943,11.84396551724138,16.62325806451613,22.986733333333333,24.880774193548387,28.1955,0.0,12.805791666666666,16.70258620689655,20.52477419354839,26.826833333333333,28.778000000000002,32.254000000000005,0.0,7.526,7.668413793103449,13.140193548387098,19.59016666666667,21.419451612903227,24.286749999999998,0.0,0.0,0.0,0.0,0.0,0.0,0.0,0.0,0.0,0.0,0.0,0.0,0.0,0.0,0.0,2.0,11.0,2.0,0.0,2.0,0.0,0.0,65.714,167.28300000000002,276.007,390.26300000000003,535.362,648.2139999999999,0.0,1.301,3.274,5.4745,7.95,10.23,11.647,0.0,7.8995,7.619,7.408,7.4285,7.511,7.676,0.0,4.572
CN050,12.526,1.429,2016,1.8860000000000001,96.425,350.923,729.025,1218.152,1790.662,0.0,21.352,61.016999999999996,148.939,291.53000000000003,454.098,727.152,0.0,6.1271,8.629310344827589,15.940741935483874,65.9102,123.62993548387098,203.52750000000003,0.0,2.1352,1.367758620689655,2.836193548387097,4.753033333333334,5.244129032258065,9.101799999999999,0.0,8003727.025,10037063.25862069,11633124.41935484,12805997.583333334,15761688.725806452,16813680.366666667,0.0,3.5157,8.145275862068965,13.209612903225807,17.6034,20.778290322580645,24.083666666666666,0.0,6.4174999999999995,12.39451724137931,17.08974193548387,21.0793,24.718129032258062,27.6838,0.0,0.5263,3.8369310344827587,9.028903225806452,13.932066666666666,16.58525806451613,20.235866666666666,0.0,0.0,0.0,0.0,0.0,0.0,0.0,0.0,0.0,0.0,0.0,0.0,0.0,0.0,0.0,2.0,5.0,7.0,1.0,3.0,2.0,0.0,0.0,49.376999999999995,131.107,240.671,394.808,589.587,0.0,0.52,1.6745,3.5599999999999996,5.885,8.243,10.8335,0.0,6.9625,6.874,6.829,7.026999999999999,6.977,6.9775,0.0,5.569
CN051,12.899,1.434,2016,0.11099999999999977,72.97,317.998,680.8389999999999,1142.685,1712.546,1959.486,3.66,28.657,88.43900000000001,168.087,321.425,467.229,558.09,0.6970000000000001,-13.382413793103447,-39.41345161290322,-43.08886666666667,-30.32177419354839,-21.740233333333332,24.891333333333332,1.83,0.8619655172413793,1.9284516129032259,2.654933333333333,4.946387096774194,4.860133333333334,7.571750000000001,7669060.75,11742378.655172413,12338519.64516129,14826164.416666666,16438989.370967742,18599842.0,17515036.166666668,5.01,7.3581379310344825,12.904129032258066,17.0947,19.898258064516128,23.995366666666666,25.578333333333333,8.0785,12.020137931034483,17.09283870967742,21.313433333333332,24.098870967741934,28.226200000000002,29.286749999999998,1.8529999999999998,2.738137931034483,8.567064516129033,12.896633333333334,15.464612903225808,19.7528,21.963916666666666,0.0,0.0,0.0,0.0,0.0,0.0,0.0,0.0,0.0,0.0,0.0,0.0,0.0,0.0,0.0,3.0,1.0,0.0,0.0,0.0,0.0,0.0,75.351,185.462,300.706,424.225,576.191,736.3185000000001,0.0,1.1524999999999999,2.931,5.0255,6.91,9.064,11.3175,6.7255,6.598,6.488,6.6055,6.551,6.4655000000000005,6.9475,5.67
CN052,13.061,1.533,2016,0.47499999999999964,43.330999999999996,219.327,516.622,907.814,1362.29,1440.272,12.45,42.126,126.086,301.514,489.838,764.853,820.777,-2.746,-13.578275862068965,-24.461967741935485,12.646500000000003,87.19293548387097,216.68460000000002,339.4424,1.55625,1.0233103448275862,2.708387096774193,5.8476,6.074967741935485,9.167166666666667,11.1848,10792897.875,11840994.844827587,14441940.774193548,14974208.816666666,17110749.66129032,17062175.183333334,16174849.8,1.8725,4.85951724137931,10.639451612903224,14.909833333333333,17.619096774193547,20.1492,20.5964,6.93025,10.042310344827586,16.102516129032256,20.016166666666667,22.511548387096774,24.313433333333332,24.303,-1.9453749999999999,0.5976896551724138,6.097290322580645,10.730133333333333,13.387935483870969,16.533733333333334,17.6204,0.0,0.0,0.0,0.0,0.0,0.0,0.0,0.0,0.0,0.0,0.0,0.0,0.0,0.0,0.0,2.0,0.0,0.0,0.0,0.0,0.0,0.0,57.181,144.038,242.603,369.93,536.636,668.363,0.418,1.5015,3.1385,4.9485,6.953,9.4485,11.429,8.252,8.109,7.971,7.9915,7.981,8.25,8.392,4.382
CN053,12.971,1.41,2016,1.4420000000000002,74.83,331.171,680.653,1098.921,1530.181,1739.781,3.603,51.027,85.05,175.863,324.752,558.171,678.84,2.097,-13.472551724137931,-61.965612903225804,-137.13956666666667,-169.5866451612903,-68.37310000000001,42.36892857142857,3.603,1.635310344827586,1.097516129032258,3.0271,4.802870967741936,7.780633333333333,8.619214285714285,8340645.5,12890445.086206896,19358596.129032258,20862564.833333332,19991807.80645161,17772958.733333334,17302770.0,6.442,7.319310344827586,13.269064516129033,16.6494,18.49251612903226,19.375333333333334,19.97142857142857,10.759,12.589172413793104,19.355516129032257,22.71833333333333,23.838645161290323,23.76356666666667,24.164214285714284,2.65,3.1855172413793102,7.686258064516129,11.330833333333334,13.852129032258064,15.873233333333333,16.74742857142857,0.0,0.0,0.0,0.0,0.0,0.0,0.0,0.0,0.0,0.0,0.0,0.0,0.0,0.0,0.0,0.0,1.0,0.0,0.0,0.0,0.0,0.0,74.315,178.986,280.726,385.852,511.683,647.39,0.0,1.2349999999999999,3.0885,4.9495000000000005,6.693,8.8015,10.797,7.977,7.819,7.475,7.1915,6.986,7.806,8.0505,4.999
CN054,13.005,1.461,2016,0.0,0.8220000000000001,2.752,44.144999999999996,163.258,393.558,506.801,0.157,60.125,138.049,303.288,448.39300000000003,657.949,767.069,-1.846,-9.819655172413793,-16.566483870967744,4.649233333333337,39.44067741935484,98.25756666666666,208.83984615384617,0.157,2.067862068965517,2.5136774193548383,5.5079666666666665,4.680806451612903,6.985200000000001,8.393846153846154,18648622.0,18327607.44827586,21817342.774193548,22135038.133333333,23224090.870967742,19876008.0,17405056.230769232,-1.305,1.4222758620689655,2.395032258064516,6.3101666666666665,8.842354838709678,12.676666666666668,13.711,5.87,6.730068965517241,7.630645161290323,11.3804,14.086129032258064,17.614533333333334,18.183230769230768,-7.778,-4.012310344827586,-2.975451612903226,1.0478666666666667,4.260516129032258,8.794866666666667,10.381615384615385,0.0,1.0,0.0,0.0,0.0,0.0,0.0,0.0,0.0,0.0,0.0,0.0,0.0,0.0,0.0,1.0,2.0,0.0,0.0,0.0,0.0,0.0,41.932,102.547,169.714,262.781,390.11199999999997,516.6975,0.0,0.7135,1.819,2.7935,4.001,5.1875,6.2215,5.579,5.522,5.384,5.3695,5.543,5.9879999999999995,6.376,5.843
CN061,12.801,1.465,2016,0.0,5.424000000000001,120.15,431.336,820.71,1367.72,1637.495,0.0,11.61,30.747,72.291,117.19500000000001,184.513,228.981,0.0,-18.926785714285717,-78.32312903225805,-143.1873,-248.52196774193547,-338.1076,-416.29123076923076,0.0,0.41464285714285715,0.6173225806451613,1.3847999999999998,1.4485161290322581,2.243933333333333,3.420615384615384,0.0,14096036.357142856,16093991.274193548,18940934.233333334,19904832.919354837,22742205.633333333,20495364.0,0.0,1.1082500000000002,8.237290322580645,15.372866666666665,17.560451612903226,23.233666666666668,25.751923076923074,0.0,7.302464285714286,13.864967741935484,21.221,23.31132258064516,28.97603333333333,30.593153846153847,0.0,-4.647035714285714,2.5158709677419355,9.133433333333333,11.480322580645161,17.211566666666666,20.916999999999998,0.0,5.0,0.0,0.0,0.0,0.0,0.0,0.0,0.0,0.0,0.0,0.0,0.0,0.0,0.0,18.0,10.0,4.0,7.0,6.0,0.0,0.0,30.6935,87.655,182.64,301.731,421.748,541.875,0.0,0.6675,1.7165,3.1355,4.769,6.3415,7.804,0.0,3.9779999999999998,3.783,3.802,3.667,3.7005,3.598,4.742
CN062,12.84,1.465,2016,0.0,0.0,49.099000000000004,258.947,564.893,1043.43,1400.3120000000001,0.0,5.69,25.795,50.134,90.098,122.93900000000001,176.874,0.0,-12.641300000000001,-64.49512903225806,-141.63923333333332,-256.9757096774194,-382.08386666666667,-495.1092,0.0,0.28450000000000003,0.6485483870967742,0.8112999999999999,1.2891612903225806,1.0947,2.69675,0.0,15503878.6,17629963.64516129,20694930.433333334,21909593.225806452,24341615.1,21695619.2,0.0,-2.5061,5.016870967741935,11.994933333333334,14.869225806451613,20.951233333333334,22.8441,0.0,3.6271,11.11025806451613,18.1447,20.93809677419355,27.144000000000002,28.520049999999998,0.0,-8.408199999999999,-1.5767741935483872,5.099033333333334,8.278870967741934,14.1789,16.7932,0.0,10.0,2.0,0.0,0.0,0.0,0.0,0.0,0.0,0.0,0.0,0.0,0.0,0.0,0.0,9.0,6.0,7.0,6.0,3.0,1.0,0.0,14.566500000000001,38.623,74.464,132.805,229.93,344.29949999999997,0.0,0.31899999999999995,0.7975,1.455,2.338,3.542,5.083,0.0,3.2595,3.186,3.0395000000000003,3.035,2.983,3.358,5.601
CN063,13.39,1.445,2016,0.0,0.0,14.091000000000001,112.993,321.583,655.649,927.53,0.0,8.273,36.864,80.737,142.63400000000001,193.04,265.573,0.0,-7.377578947368422,-53.371870967741934,-104.80256666666668,-182.84406451612904,-250.1736,-314.2663,0.0,0.43542105263157893,0.9222903225806452,1.4624333333333333,1.9966774193548387,1.6802,3.62665,0.0,16999970.157894738,19767674.80645161,21893910.7,22450758.274193548,23498010.266666666,21774238.25,0.0,-4.593842105263158,2.599516129032258,8.0893,11.728709677419356,16.13553333333333,18.594050000000003,0.0,1.5898947368421052,8.786,14.022699999999999,17.864806451612903,21.890833333333333,24.0342,0.0,-10.878368421052631,-4.260645161290323,1.4249333333333334,5.700709677419355,10.197433333333333,13.114949999999999,0.0,14.0,1.0,0.0,0.0,0.0,0.0,0.0,0.0,0.0,0.0,0.0,0.0,0.0,0.0,9.0,11.0,5.0,4.0,2.0,0.0,0.0,14.3835,39.138999999999996,76.079,139.846,245.173,359.1395,0.0,0.1925,0.5940000000000001,1.2469999999999999,2.132,3.34,4.777,0.0,4.196,4.077,4.1645,4.113,4.244,4.4415,6.788
CN064,12.016,1.441,2016,0.0,0.0,62.608000000000004,317.03499999999997,665.117,1173.731,1502.269,0.0,7.882,39.636,48.327,80.94,105.985,129.408,0.0,-14.02781818181818,-64.23348387096775,-146.9051333333333,-284.70087096774193,-420.442,-549.8271176470588,0.0,0.35827272727272724,1.0243225806451612,0.2897,1.052032258064516,0.8348333333333333,1.377823529411765,0.0,15115384.795454545,17199576.29032258,20829067.166666668,22644437.532258064,24349030.766666666,21754412.61764706,0.0,-2.472363636363636,5.378903225806452,13.473066666666666,16.228451612903225,21.9538,24.325764705882353,0.0,4.081772727272727,11.436387096774194,19.799899999999997,22.56051612903226,28.2079,29.872411764705884,0.0,-8.578681818181819,-0.7510967741935484,6.3516666666666675,9.37141935483871,15.109233333333332,18.341117647058823,0.0,10.0,3.0,0.0,0.0,0.0,0.0,0.0,0.0,0.0,0.0,0.0,0.0,0.0,0.0,11.0,14.0,13.0,11.0,7.0,4.0,0.0,13.664,35.96,67.331,118.50999999999999,215.122,342.8835,0.0,0.274,0.696,1.274,2.0140000000000002,3.14,4.494,0.0,3.5155000000000003,3.189,3.1205,3.023,2.952,3.393,7.038
CN065,13.176,1.431,2016,0.0,0.0,58.452999999999996,292.559,632.649,1158.732,1592.827,0.0,2.246,26.597,79.492,156.386,215.35,267.076,0.0,-6.5218125,-32.12696774193548,-85.80839999999999,-135.94887096774193,-241.76020000000003,-333.43879166666665,0.0,0.140375,0.785516129032258,1.7631666666666668,2.480451612903226,1.9654666666666667,2.15525,0.0,13386700.0,15549653.41935484,19937001.366666667,22330906.70967742,23917771.833333332,22209134.166666668,0.0,-5.4250625,5.031612903225806,12.803533333333332,15.970645161290324,22.536099999999998,23.08729166666667,0.0,0.6806874999999999,10.654129032258066,18.5841,21.27532258064516,27.913766666666668,28.284875,0.0,-11.108,-0.9581935483870968,6.383366666666666,10.348,16.705733333333335,17.934583333333332,0.0,13.0,0.0,0.0,0.0,0.0,0.0,0.0,0.0,0.0,0.0,0.0,0.0,0.0,0.0,11.0,13.0,2.0,0.0,0.0,0.0,0.0,5.595,22.247,66.962,145.144,280.129,473.427,0.0,0.16899999999999998,0.6635,1.5215,2.614,4.1385,6.139,0.0,3.314,2.988,3.122,3.349,3.0755,3.1935000000000002,7.46
CN011,14.819,1.511,2017,0.0,0.0,35.278999999999996,304.257,778.939,1319.651,1595.661,0.0,4.678,24.954,26.509,52.789,144.31400000000002,237.79000000000002,0.0,-19.33976923076923,-73.34548387096774,-155.73716666666667,-307.39561290322575,-425.9209666666667,-416.0253846153846,0.0,0.1799230769230769,0.6540645161290323,0.05183333333333333,0.847741935483871,3.0508333333333337,7.1904615384615385,0.0,13003507.98076923,16864455.677419353,20272465.333333332,23982505.370967742,22657852.216666665,21885000.192307692,0.0,-0.6165384615384616,5.22941935483871,13.965933333333334,20.312322580645162,23.023733333333332,26.23153846153846,0.0,5.63673076923077,11.673129032258066,20.931033333333335,27.22183870967742,29.168066666666668,31.17053846153846,0.0,-5.708115384615384,-0.7179354838709677,6.463133333333333,12.924354838709677,16.6915,21.25546153846154,0.0,4.0,0.0,0.0,0.0,0.0,0.0,0.0,0.0,0.0,0.0,0.0,0.0,0.0,0.0,22.0,15.0,22.0,21.0,9.0,3.0,0.0,20.4335,57.161,121.056,221.87,351.284,487.1975,0.0,0.46699999999999997,1.2865,2.336,3.9185000000000003,5.986000000000001,7.909000000000001,0.0,3.7125000000000004,3.364,2.3285,1.902,3.0265,4.21,6.677
CN012,14.794,1.439,2017,0.0,3.5390000000000006,84.973,420.427,945.4209999999999,1545.189,1853.487,0.0,5.157,17.161,23.757,44.097,113.727,182.34,0.0,-20.5802,-83.48725806451613,-180.25683333333333,-351.00464516129034,-504.0816666666667,-542.3921538461539,0.0,0.20628,0.38722580645161286,0.21986666666666668,0.6561290322580645,2.321,5.277923076923077,0.0,12880822.68,16708689.129032258,20407840.733333334,24373784.774193548,22591585.2,23001495.153846152,0.0,1.27072,7.279806451612903,16.1818,21.935290322580645,24.99226666666667,28.715230769230768,0.0,7.5168,13.651741935483871,22.8451,28.701999999999998,31.165399999999998,33.73084615384615,0.0,-3.7132,1.2261290322580645,9.171866666666666,15.046967741935484,18.971466666666668,24.01407692307692,0.0,0.0,0.0,0.0,0.0,0.0,0.0,0.0,0.0,0.0,0.0,0.0,0.0,0.0,0.0,20.0,21.0,23.0,20.0,12.0,4.0,0.0,21.7825,65.639,157.327,285.825,407.174,521.4215,0.0,0.419,1.2080000000000002,2.428,3.906,5.515,6.908,0.0,4.041,3.044,2.271,2.094,3.5599999999999996,4.416,5.923
CN013,14.781,1.481,2017,0.0,1.024,48.526,322.94,803.703,1344.695,1635.002,0.0,6.008000000000001,19.990000000000002,33.177,63.469,143.038,189.055,0.0,-19.23936,-78.79190322580645,-160.53343333333333,-307.4299032258064,-432.2579333333333,-474.7640769230769,0.0,0.24032000000000003,0.4510322580645162,0.43956666666666666,0.9771612903225806,2.6523,3.539769230769231,0.0,13217233.88,16897029.870967742,20218166.3,24171042.677419353,22736775.583333332,22928387.307692308,0.0,0.26783999999999997,5.90541935483871,14.147133333333333,20.508483870967744,23.033066666666667,27.331307692307693,0.0,6.66544,12.136612903225807,20.811633333333337,27.28690322580645,29.185033333333333,32.74215384615385,0.0,-5.12372,0.09335483870967742,7.170166666666666,13.416,17.03506666666667,21.991692307692308,0.0,3.0,0.0,0.0,0.0,0.0,0.0,0.0,0.0,0.0,0.0,0.0,0.0,0.0,0.0,19.0,17.0,16.0,15.0,7.0,0.0,0.0,29.195500000000003,86.623,185.333,304.26,419.758,539.6935000000001,0.0,0.517,1.517,2.782,4.3245000000000005,5.9765,7.57,0.0,3.82,3.497,3.1435,2.559,3.418,3.897,5.743
CN014,14.597,1.473,2017,0.0,0.4269999999999996,13.475000000000001,204.787,612.132,1071.128,1345.261,0.0,12.708000000000002,33.587,66.511,99.863,170.635,204.265,0.0,-15.5132,-63.304096774193546,-114.55993333333332,-233.4128064516129,-341.06613333333337,-399.01449999999994,0.0,0.5083200000000001,0.6735161290322581,1.0974666666666666,1.0758709677419354,2.359066666666666,2.402142857142857,0.0,13536510.46,16788868.0,19652731.483333334,23603276.48387097,22896659.183333334,23662727.785714287,0.0,-0.64688,3.6398709677419356,11.377066666666668,18.14016129032258,20.299866666666667,24.58092857142857,0.0,5.56168,9.470580645161291,17.846133333333334,24.92277419354839,26.595233333333333,30.79207142857143,0.0,-6.05404,-1.5964516129032258,4.6658333333333335,10.719806451612904,14.386566666666665,18.25464285714286,0.0,7.0,0.0,0.0,0.0,0.0,0.0,0.0,0.0,0.0,0.0,0.0,0.0,0.0,0.0,17.0,9.0,11.0,14.0,1.0,1.0,0.0,17.139,47.722,89.77199999999999,147.357,245.086,375.78499999999997,0.0,0.398,1.096,1.863,2.8805,4.489000000000001,6.2045,0.0,3.921,3.799,3.9690000000000003,3.188,3.916,3.87,5.412
CN015,13.312,1.479,2017,0.0,0.0,0.13900000000000023,138.552,491.688,971.548,1252.419,0.0,6.102,13.544,22.226,52.065,89.359,136.344,0.0,-11.211,-52.776322580645164,-142.50286666666668,-283.3048709677419,-431.08883333333335,-512.9509285714286,0.0,0.265304347826087,0.24006451612903226,0.2894,0.9625483870967741,1.2431333333333332,3.3560714285714286,0.0,12354717.739130436,16754765.58064516,20464125.566666666,23176170.580645163,23346884.1,22778782.07142857,0.0,-7.213217391304347,-0.2781612903225807,9.564866666666667,16.391483870967743,20.995333333333335,25.062214285714283,0.0,-1.1331304347826088,6.103483870967742,16.2741,23.12374193548387,27.2027,30.845499999999998,0.0,-12.502521739130435,-5.9591935483870975,2.3889666666666667,9.115129032258064,14.553,19.468071428571427,0.0,22.0,8.0,0.0,0.0,0.0,0.0,0.0,0.0,0.0,0.0,0.0,0.0,0.0,0.0,12.0,12.0,10.0,8.0,0.0,0.0,0.0,20.017,55.223,99.12899999999999,151.5,236.507,357.8025,0.0,0.39,1.104,1.848,2.718,4.050000000000001,5.5504999999999995,0.0,4.055,3.952,3.593,3.402,3.5025,3.9775,6.72
CN021,14.162,1.52,2017,0.0,0.0,8.513000000000002,211.791,603.309,1106.994,1377.683,0.0,11.359,14.171,25.402,58.999,106.274,169.591,0.0,-13.43826923076923,-60.93961290322581,-159.20646666666667,-296.4641290322581,-433.12666666666667,-481.9017692307692,0.0,0.43688461538461537,0.09070967741935483,0.3743666666666667,1.083774193548387,1.5758333333333332,4.8705384615384615,0.0,12343844.711538462,17588987.774193548,20765133.433333334,23014588.129032258,22560711.816666666,21125802.769230768,0.0,-4.190269230769231,2.2263870967741934,11.775933333333334,17.62961290322581,21.789499999999997,25.82223076923077,0.0,1.4773846153846153,8.721354838709678,18.311933333333332,24.160516129032256,27.554033333333333,30.522846153846157,0.0,-8.979692307692307,-3.4435806451612905,4.8008,11.182806451612905,15.9896,21.603307692307695,0.0,17.0,3.0,0.0,0.0,0.0,0.0,0.0,0.0,0.0,0.0,0.0,0.0,0.0,0.0,17.0,18.0,16.0,15.0,5.0,0.0,0.0,19.2475,53.507999999999996,99.245,161.974,267.931,412.9395,0.0,0.441,1.226,2.044,3.1290000000000004,4.752000000000001,6.73,0.0,4.827500000000001,4.55,3.996,4.005,4.1705000000000005,4.816,6.647
CN022,13.895,1.483,2017,0.0,0.0,0.051000000000000156,127.025,452.137,890.526,1168.15,0.0,16.919,23.009,44.172,112.306,176.433,269.14,0.0,-5.480142857142857,-31.831451612903226,-113.2263,-213.71332258064518,-301.5493333333333,-331.7377142857143,0.0,0.6042500000000001,0.1964516129032258,0.7054333333333334,2.1978709677419355,2.137566666666667,6.621928571428571,0.0,11645936.875,16797731.35483871,20183857.266666666,22047358.032258064,22117148.133333333,21167457.285714287,0.0,-8.959214285714285,-0.7988709677419356,9.0717,15.487483870967743,19.61296666666667,24.830285714285715,0.0,-3.312214285714286,5.199967741935484,15.616999999999999,21.718645161290322,24.84606666666667,29.672571428571427,0.0,-14.216,-6.463806451612903,2.054933333333333,9.07325806451613,14.556199999999999,20.4075,0.0,27.0,9.0,0.0,0.0,0.0,0.0,0.0,0.0,0.0,0.0,0.0,0.0,0.0,0.0,11.0,9.0,10.0,10.0,2.0,2.0,0.0,16.447,49.673,92.663,148.308,250.471,407.368,0.0,0.5,1.3315000000000001,2.155,3.1765,4.7255,6.713,0.0,5.3134999999999994,5.221,4.8614999999999995,4.803,4.9275,5.339,7.807
CN023,14.269,1.486,2017,0.0,0.0,0.0,71.601,374.843,789.825,1029.341,0.0,11.222,19.674,50.509,105.517,195.885,231.302,0.0,-3.7122142857142855,-23.11035483870968,-86.77243333333332,-164.10190322580644,-241.08933333333334,-279.0824166666667,0.0,0.40078571428571425,0.27264516129032257,1.0278333333333334,1.774451612903226,3.0122666666666666,2.951416666666667,0.0,10681170.285714285,15655448.193548387,18848208.433333334,21956461.06451613,21011676.066666666,22948365.5,0.0,-11.788714285714287,-2.587612903225806,7.007633333333333,14.772354838709678,18.832733333333334,24.959666666666667,0.0,-5.9975000000000005,3.2590967741935484,13.359166666666665,20.92932258064516,23.898766666666667,30.184416666666667,0.0,-17.426392857142854,-8.338806451612903,0.32713333333333333,8.181516129032259,13.947333333333335,19.888166666666667,0.0,27.0,10.0,0.0,0.0,0.0,0.0,0.0,0.0,0.0,0.0,0.0,0.0,0.0,0.0,12.0,5.0,5.0,9.0,2.0,3.0,0.0,10.895,39.266000000000005,79.503,131.059,231.995,394.27750000000003,0.0,0.49000000000000005,1.318,2.167,3.2095000000000002,4.9165,7.068,0.0,5.484,5.503,5.2475000000000005,5.081,5.173,5.0305,6.316
CN031,12.706,1.42,2017,13.285,60.953,203.129,533.321,1018.869,1564.058,0.0,1.062,29.698999999999998,110.616,206.446,292.924,472.34,0.0,-10.553333333333333,-26.816285714285716,-51.722032258064516,-28.2545,-51.85654838709678,-66.23626666666668,0.0,0.08850000000000001,1.0227499999999998,2.610225806451613,3.1943333333333332,2.789612903225806,5.980533333333333,0.0,12599107.5,12512607.55357143,14631669.290322581,18953908.083333332,20275559.419354837,16559445.15,0.0,4.6937500000000005,6.229785714285714,9.586322580645161,16.0064,20.66283870967742,23.172966666666664,0.0,9.331416666666668,10.706249999999999,13.660838709677419,20.744433333333333,24.755387096774193,26.411,0.0,0.7727499999999999,2.1845357142857145,5.817354838709678,11.610233333333333,16.827322580645163,20.418066666666668,0.0,0.0,0.0,0.0,0.0,0.0,0.0,0.0,0.0,0.0,0.0,0.0,0.0,0.0,0.0,10.0,15.0,10.0,14.0,14.0,9.0,0.0,23.569,74.26,161.169,266.851,373.18,467.332,0.0,0.346,1.017,2.3705,3.914,5.455,6.789,0.0,6.9075,6.8355,6.708,6.617,6.38,6.6365,0.0,6.925
CN032,13.994,1.439,2017,0.0,31.574,147.984,496.431,1020.446,1601.173,1873.949,1.854,26.271,53.5,102.943,162.094,262.872,396.5,0.785,-11.040928571428571,-56.46054838709678,-101.04756666666667,-181.9173870967742,-255.8805,-239.85816666666668,1.854,0.8720357142857144,0.8783548387096773,1.6481,1.9080967741935484,3.359266666666666,11.135666666666667,11273479.0,12865787.17857143,16213305.016129032,20125129.683333334,21365555.096774194,20550604.6,16771728.583333334,0.302,4.825142857142858,8.74983870967742,16.6149,21.903709677419354,24.357566666666667,27.731333333333335,4.15,10.319107142857144,14.111225806451612,22.1696,27.420774193548386,28.953599999999998,31.285749999999997,-4.049,0.11610714285714288,3.74741935483871,11.011433333333335,16.417193548387097,19.956,24.666666666666668,0.0,0.0,0.0,0.0,0.0,0.0,0.0,0.0,0.0,0.0,0.0,0.0,0.0,0.0,0.0,14.0,13.0,11.0,14.0,8.0,1.0,0.0,70.438,197.15800000000002,363.291,535.111,662.977,783.7045,0.0,1.0465,2.9235,4.982,7.1195,8.7345,10.26,5.836,5.679,5.41,5.157500000000001,4.737,4.745,5.692,5.855
CN033,12.565,1.447,2017,24.233,90.817,253.168,614.062,1123.645,1512.578,0.0,17.011,46.44,186.669,333.077,440.224,717.651,0.0,-3.0798421052631575,-18.919642857142858,-10.799419354838712,67.11146666666667,92.12535483870968,143.33177272727272,0.0,0.8953157894736842,1.0510357142857143,4.5235161290322585,4.8802666666666665,3.456354838709677,12.610318181818183,0.0,10985987.842105264,13014891.330357144,12512107.362903226,18543799.6,19855388.129032258,14318817.875,0.0,5.677368421052631,7.057250000000001,10.237129032258064,17.0298,21.43816129032258,22.678772727272726,0.0,10.226894736842105,11.9745,14.171129032258065,22.103533333333335,25.98974193548387,25.91590909090909,0.0,1.737,2.6641785714285717,6.574290322580645,12.110266666666666,17.034032258064514,20.064363636363638,0.0,0.0,0.0,0.0,0.0,0.0,0.0,0.0,0.0,0.0,0.0,0.0,0.0,0.0,0.0,11.0,10.0,7.0,11.0,7.0,0.0,0.0,27.307,84.599,176.864,283.241,403.69100000000003,527.651,0.0,0.679,2.1519999999999997,4.055,5.881,7.864999999999999,9.776,0.0,7.666,7.543,7.54,7.573,7.395,7.648,0.0,4.44
CN034,13.843,1.492,2017,0.0,48.188,189.285,553.636,1093.403,1690.768,1871.154,5.984999999999999,33.674,72.477,144.10999999999999,220.256,354.14300000000003,423.932,1.6193333333333335,-7.917642857142857,-46.95209677419355,-63.543533333333336,-124.12306451612903,-164.6116,-157.62275,1.9949999999999999,0.9888928571428571,1.2517096774193548,2.3877666666666664,2.4563225806451614,4.4629,8.723625,9027249.916666666,12886061.69642857,15148190.338709677,19253553.608333334,21431349.35483871,20032559.683333334,16236152.625,1.5416666666666667,5.508035714285714,9.551516129032258,17.145033333333334,22.411838709677422,24.912166666666668,27.54825,5.376666666666666,11.143249999999998,14.721967741935483,22.520766666666667,27.774419354838713,29.345866666666666,30.956999999999997,-1.7463333333333333,0.6728928571428572,4.562903225806451,11.5461,16.90916129032258,20.649566666666665,24.673875,0.0,0.0,0.0,0.0,0.0,0.0,0.0,0.0,0.0,0.0,0.0,0.0,0.0,0.0,1.0,13.0,12.0,15.0,9.0,2.0,0.0,0.0,80.99199999999999,213.882,367.48199999999997,518.654,649.136,756.6610000000001,0.0,1.174,3.115,5.088,7.093500000000001,8.8855,10.508,6.456,6.234500000000001,5.977,5.8865,5.526,5.461,6.3115000000000006,5.264
CN035,11.511,1.369,2017,182.991,337.481,576.7040000000001,965.039,1488.425,1541.534,0.0,58.275999999999996,104.216,287.582,452.37,599.082,690.865,0.0,7.1829,-6.839571428571429,45.4151935483871,137.2615,221.77303225806452,276.33033333333333,0.0,1.9425333333333332,1.6407142857142856,5.915032258064516,5.492933333333334,4.732645161290322,30.594333333333335,0.0,9385826.208333334,13434246.705357144,11223446.443548387,16730571.833333334,18253402.548387095,9213979.166666666,0.0,11.0997,10.498321428571428,12.716870967741936,17.9445,21.883419354838708,22.703000000000003,0.0,15.636766666666666,16.087035714285715,17.011612903225807,22.951766666666668,26.578741935483873,25.198666666666668,0.0,7.385166666666667,5.968464285714285,9.218774193548386,13.5021,17.828903225806453,20.992,0.0,0.0,0.0,0.0,0.0,0.0,0.0,0.0,0.0,0.0,0.0,0.0,0.0,0.0,0.0,9.0,9.0,4.0,7.0,1.0,0.0,0.0,76.092,199.799,345.145,497.572,664.794,779.133,0.0,1.3399999999999999,3.627,6.181,8.448,10.940999999999999,12.762,0.0,8.311,8.214,8.489,8.389,8.322,8.586,0.0,4.251
CN036,11.508,1.358,2017,105.93,221.368,429.98199999999997,832.545,1392.142,1507.338,0.0,52.581,92.232,313.44100000000003,510.119,664.009,781.721,0.0,14.775032258064517,3.092535714285716,58.242387096774195,211.20793333333333,293.7961612903226,350.9795,0.0,1.6961612903225807,1.416107142857143,7.135774193548388,6.555933333333333,4.964193548387097,19.618666666666666,0.0,8751502.818548387,12338671.785714285,10761841.33064516,16687462.525,19364036.903225806,12288544.666666666,0.0,8.407935483870968,9.036464285714287,11.72948387096774,18.418766666666667,23.051516129032258,24.199333333333332,0.0,12.309774193548387,13.98625,15.42690322580645,23.2222,27.60358064516129,27.3055,0.0,4.95658064516129,4.6669285714285715,8.391193548387097,13.685733333333333,18.50232258064516,21.542833333333334,0.0,0.0,0.0,0.0,0.0,0.0,0.0,0.0,0.0,0.0,0.0,0.0,0.0,0.0,0.0,10.0,10.0,5.0,8.0,9.0,0.0,0.0,78.173,196.582,316.219,443.911,597.781,710.2909999999999,0.0,1.448,3.5370000000000004,5.665,7.562,9.755500000000001,11.497,0.0,8.047,7.9285,8.213,8.209499999999998,8.114,8.3255,0.0,4.319
CN037,14.446,1.493,2017,0.0,24.946,123.431,457.814,986.438,1581.831,1913.05,0.0,11.158000000000001,25.557000000000002,61.27,99.525,174.929,239.817,0.0,-20.5052,-82.64303225806452,-154.00133333333332,-267.27758064516127,-398.74716666666666,-446.1172142857143,0.0,0.44632000000000005,0.4644838709677419,1.1904333333333335,1.2340322580645162,2.5134666666666665,4.634857142857143,0.0,13147396.56,16707408.935483871,20300474.083333332,23612405.322580647,22660055.266666666,21850662.214285713,0.0,3.7344,8.123612903225807,16.1461,22.052387096774194,24.846433333333334,28.6585,0.0,9.91312,14.18483870967742,22.4696,28.278935483870967,30.4619,33.30385714285715,0.0,-1.35524,2.4421612903225802,9.9048,15.77509677419355,19.437566666666665,24.187,0.0,0.0,0.0,0.0,0.0,0.0,0.0,0.0,0.0,0.0,0.0,0.0,0.0,0.0,0.0,16.0,18.0,11.0,19.0,9.0,1.0,0.0,55.3465,157.688,315.205,482.43,610.641,726.9925000000001,0.0,0.761,2.277,4.076,6.0325,7.632,9.0885,0.0,4.494,4.213,4.156499999999999,3.63,3.846,4.1935,6.655
CN041,14.925,1.468,2017,0.0,47.809,185.429,546.631,1097.709,1705.263,1988.057,0.0,18.695,34.881,83.572,146.337,244.67,309.61,0.0,-17.842185185185183,-74.41474193548387,-123.99116666666667,-214.6391612903226,-290.88266666666664,-335.93216666666666,0.0,0.6924074074074075,0.5221290322580645,1.6230333333333333,2.024677419354839,3.2777666666666665,5.411666666666666,0.0,12888958.805555556,15299541.677419355,18750492.8,22282847.951612905,21219588.391666666,21499421.083333332,0.0,5.349851851851851,9.439354838709678,17.040066666666668,22.776709677419355,25.2518,28.566166666666664,0.0,11.527185185185184,14.958903225806452,22.8965,28.705354838709678,30.3295,33.10991666666667,0.0,-0.04222222222222221,4.144193548387097,11.013333333333332,16.492129032258063,20.366966666666666,23.885916666666663,0.0,0.0,0.0,0.0,0.0,0.0,0.0,0.0,0.0,0.0,0.0,0.0,0.0,0.0,0.0,18.0,12.0,13.0,15.0,5.0,1.0,0.0,76.7605,215.831,409.473,590.925,724.809,856.531,0.0,1.254,3.4275,5.703,7.902500000000001,9.602,11.377,0.0,4.205,3.968,4.0105,3.582,3.816,3.8514999999999997,5.427
CN042,13.08,1.433,2017,5.8580000000000005,80.668,257.693,623.373,1158.487,1741.774,1830.234,6.284,41.041000000000004,125.896,258.755,359.911,557.328,571.291,-1.7740000000000002,-6.742500000000001,-13.826967741935487,40.660399999999996,31.899,51.06873333333333,75.00825,1.2568,1.2413214285714285,2.737258064516129,4.428633333333334,3.2630967741935484,6.580566666666667,3.4907500000000002,6673354.9,11976788.53125,12676171.879032258,16473326.9,20844546.241935484,17594461.333333332,21398792.5,4.7928,6.799285714285714,10.71048387096774,17.18933333333333,22.261741935483872,24.4429,27.115,7.9664,12.033249999999999,15.232774193548387,22.2145,27.32716129032258,28.2638,31.3245,1.8339999999999996,1.8433928571428573,6.254548387096774,11.947866666666666,17.021129032258063,20.72073333333333,22.806,0.0,0.0,0.0,0.0,0.0,0.0,0.0,0.0,0.0,0.0,0.0,0.0,0.0,0.0,2.0,12.0,12.0,10.0,7.0,0.0,0.0,0.0,81.608,212.523,353.432,485.38300000000004,634.816,766.688,0.0,1.1244999999999998,2.904,4.836,6.6129999999999995,8.784,10.573,6.568,6.509499999999999,6.542,6.656000000000001,6.511,6.592499999999999,6.432,4.489
CN043,12.106,1.391,2017,44.465,143.965,341.383,731.242,1274.159,1536.737,0.0,27.09,82.716,285.637,443.127,598.779,754.49,0.0,7.261130434782609,-1.8034999999999999,62.6288064516129,184.17066666666668,238.4904193548387,304.191,0.0,1.1778260869565218,1.9866428571428572,6.545838709677419,5.249666666666667,5.0210322580645155,11.122214285714287,0.0,8045631.9619565215,11201836.473214285,9673803.443548387,15487814.258333333,19152563.548387095,13603241.07142857,0.0,6.863173913043479,8.214642857142858,11.368322580645161,17.9953,22.51345161290323,23.755571428571425,0.0,10.468739130434782,12.71567857142857,14.897032258064517,22.7264,27.219516129032257,27.035285714285713,0.0,3.401478260869565,3.7513571428571426,7.968387096774194,13.201799999999999,17.83558064516129,20.608071428571428,0.0,0.0,0.0,0.0,0.0,0.0,0.0,0.0,0.0,0.0,0.0,0.0,0.0,0.0,0.0,7.0,8.0,2.0,8.0,8.0,0.0,0.0,44.894000000000005,123.892,221.3,326.822,456.271,588.1800000000001,0.0,0.9430000000000001,2.6875,4.5145,6.18,8.052,9.9295,0.0,7.795,7.715999999999999,7.997,7.954,7.794,8.15,0.0,5.445
CN044,11.814,1.393,2017,230.5,522.124,935.886,1450.955,2073.0,2143.763,0.0,33.957,84.178,205.176,342.866,521.2139999999999,543.963,0.0,0.45043478260869596,-21.698892857142855,-20.288032258064515,11.639833333333334,90.7386129032258,109.16266666666667,0.0,1.476391304347826,1.7936071428571427,3.903161290322581,4.589666666666667,5.75316129032258,7.583000000000001,0.0,10155565.043478262,12336826.642857144,11587583.91935484,16400341.433333334,17382798.225806452,18094379.0,0.0,15.021739130434783,15.415142857142856,18.347161290322582,22.168966666666666,25.065967741935484,28.587666666666667,0.0,18.95491304347826,19.858642857142858,22.077709677419353,26.196033333333332,28.795354838709677,31.814999999999998,0.0,11.818173913043477,11.694392857142857,15.319354838709677,18.5305,21.937645161290323,25.94033333333333,0.0,0.0,0.0,0.0,0.0,0.0,0.0,0.0,0.0,0.0,0.0,0.0,0.0,0.0,0.0,5.0,5.0,2.0,4.0,1.0,0.0,0.0,73.703,189.282,315.23400000000004,449.938,611.716,727.341,0.0,1.272,3.3755,5.697,7.808,10.209,11.982,0.0,7.0,6.929,7.088,7.093,7.517,7.195,0.0,4.518
CN045,12.411,1.496,2017,191.813,456.966,808.544,1304.538,1904.522,2022.445,0.0,72.686,114.222,288.155,378.539,566.553,608.582,0.0,40.195875,21.023714285714288,38.77235483870968,94.92763333333333,150.4798064516129,175.8432,0.0,3.0285833333333336,1.4834285714285715,5.610741935483871,3.0128,6.064967741935484,8.4058,0.0,8219225.010416667,10897282.357142856,9109113.596774194,15075229.133333333,17828437.258064516,19310709.4,0.0,12.992208333333332,14.469750000000001,16.341225806451614,21.533133333333335,24.354322580645164,28.584600000000002,0.0,16.616208333333333,18.72589285714286,20.085225806451614,25.621766666666666,28.557645161290324,32.984,0.0,9.928458333333333,10.744142857142858,13.163387096774194,17.764466666666667,20.549999999999997,24.744400000000002,0.0,0.0,0.0,0.0,0.0,0.0,0.0,0.0,0.0,0.0,0.0,0.0,0.0,0.0,0.0,4.0,7.0,1.0,3.0,3.0,0.0,0.0,68.40350000000001,173.223,286.10699999999997,405.904,555.171,667.822,0.0,1.26,3.293,5.521000000000001,7.487,9.749500000000001,11.438,0.0,7.2545,7.114000000000001,7.227,7.1815,7.256,7.224,0.0,4.595
CN050,12.526,1.429,2017,34.622,132.119,337.074,711.501,1192.875,1730.898,1751.747,11.842,67.32600000000001,161.823,305.111,466.076,633.683,634.026,-2.7712999999999997,6.621964285714284,34.18267741935484,89.5801,163.88603225806455,222.53856666666667,234.577,1.1842000000000001,1.9815714285714285,3.048290322580645,4.776266666666667,5.19241935483871,5.5869,0.343,6090672.35,8415683.72767857,9074236.266129032,14083629.216666667,17230676.903225806,15097997.508333333,23749488.0,8.4622,8.48175,11.611451612903226,17.480900000000002,20.528193548387097,22.9341,25.849,11.4756,12.051,14.877870967741936,21.603599999999997,24.739,26.138966666666665,30.351,5.0656,4.7798928571428565,8.214903225806452,13.1355,16.140677419354837,19.662899999999997,20.885,0.0,0.0,0.0,0.0,0.0,0.0,0.0,0.0,0.0,0.0,0.0,0.0,0.0,0.0,2.0,5.0,1.0,2.0,5.0,1.0,0.0,0.0,51.382,132.002,241.113,393.182,588.329,732.96,0.54,1.598,2.832,4.242,6.4775,9.466000000000001,0.0,6.854,6.897,6.938,6.949999999999999,6.94,6.971,6.735,5.647
CN051,12.899,1.434,2017,4.904,90.937,279.937,632.744,1110.988,1643.485,1907.216,3.836,40.88,102.47,182.619,275.243,405.728,545.355,0.8579999999999999,-3.385357142857143,-11.167838709677419,-19.19633333333333,-30.979999999999997,-40.873599999999996,27.274615384615387,1.918,1.323,1.9867741935483871,2.6716333333333333,2.9878709677419355,4.349500000000001,10.740538461538462,6394524.25,10156984.482142856,11314739.241935484,14852900.55,17791791.096774194,16346238.9,19435891.692307692,7.452,8.072607142857143,11.096774193548388,16.760233333333336,20.427225806451613,22.7499,25.287,10.4555,12.04257142857143,15.005645161290323,21.298866666666665,24.942129032258066,26.679166666666667,29.46053846153846,4.145,4.0409999999999995,7.162483870967742,12.115433333333334,15.648387096774194,18.968133333333334,21.109615384615385,0.0,0.0,0.0,0.0,0.0,0.0,0.0,0.0,0.0,0.0,0.0,0.0,0.0,0.0,0.0,0.0,0.0,0.0,0.0,0.0,1.0,0.0,68.675,173.316,292.75,425.627,581.079,742.4815,0.0,1.1415000000000002,2.934,4.792,6.737,9.169,11.4055,6.6505,6.5915,6.573,6.59,6.402,6.506,6.576,5.73
CN052,13.061,1.533,2017,20.527,88.016,221.639,515.898,891.275,1297.453,1390.63,9.577,56.557,152.067,223.232,350.766,691.32,717.499,-2.5405,-4.82625,1.3495483870967742,-4.4445666666666686,3.3410645161290295,98.88316666666667,265.54183333333333,1.197125,1.677857142857143,3.080967741935484,2.3721666666666663,4.114,11.351799999999999,4.363166666666667,8726759.125,10806356.42857143,11862071.693548387,15274304.083333334,18219594.822580647,13168057.766666668,18063537.0,7.565875,6.4773571428571435,9.307967741935485,14.808633333333335,17.108935483870965,18.539266666666666,20.5295,12.598749999999999,11.616249999999999,14.343322580645163,20.020233333333334,22.31316129032258,22.206566666666667,24.445666666666668,3.97325,2.6126785714285714,5.45274193548387,10.197333333333335,12.544225806451612,15.5222,16.890833333333333,0.0,0.0,0.0,0.0,0.0,0.0,0.0,0.0,0.0,0.0,0.0,0.0,0.0,0.0,0.0,3.0,0.0,0.0,2.0,1.0,0.0,0.0,58.911,145.197,244.804,369.944,522.742,639.916,0.474,1.59,3.241,4.8580000000000005,6.7125,9.341999999999999,11.242,8.0115,7.9695,7.913,7.7405,7.628,7.955,8.231,4.384
CN053,12.971,1.41,2017,5.417,134.558,365.945,672.698,1066.917,1498.281,1699.3990000000001,0.42,28.849999999999998,108.345,204.934,280.981,576.897,746.422,-2.047,-33.06478571428572,-71.92587096774194,-99.39516666666667,-133.65445161290324,-106.25996666666667,103.92966666666666,0.42,1.0153571428571428,2.5643548387096775,3.2196333333333333,2.4531290322580643,9.863866666666667,11.301666666666666,13674080.0,15048417.57142857,17877913.93548387,17832859.466666665,20418917.93548387,16851111.333333332,14372583.033333333,10.417,9.612178571428572,12.464096774193548,15.2251,17.716741935483874,19.378800000000002,18.407866666666667,16.004,15.660714285714286,18.355548387096775,20.745366666666666,23.312354838709677,23.86006666666667,22.0748,5.982,4.742785714285715,7.324967741935484,10.5608,12.84767741935484,15.869633333333333,15.608933333333333,0.0,0.0,0.0,0.0,0.0,0.0,0.0,0.0,0.0,0.0,0.0,0.0,0.0,0.0,0.0,4.0,1.0,0.0,0.0,0.0,0.0,0.0,82.253,194.696,298.694,407.961,532.718,659.0540000000001,0.0,1.3025,3.2590000000000003,4.961,6.7620000000000005,8.932,10.981,7.682,7.564,7.345,7.274,7.013,7.6365,8.197,5.176
CN054,13.005,1.461,2017,0.0,0.0,1.5040000000000004,41.929,174.443,411.058,524.95,1.202,58.781,173.726,280.942,410.118,583.372,710.888,-0.803,-13.877821428571428,20.76925806451613,17.337400000000002,4.949322580645161,42.308,145.677,1.202,2.0563928571428574,3.7079032258064513,3.5738666666666665,4.166967741935483,5.775133333333333,9.108285714285715,17363804.0,18957217.39285714,20945267.903225806,22415299.2,21860491.677419353,20692419.433333334,15915180.857142856,-0.3,1.5165714285714285,2.385612903225806,6.241366666666667,9.274645161290323,12.887166666666667,13.135142857142856,5.161,7.2710357142857145,7.4511290322580646,11.563233333333333,14.555483870967741,17.9876,17.18207142857143,-5.28,-4.128178571428571,-2.706354838709677,0.9738,4.539193548387097,8.668800000000001,10.019357142857142,0.0,0.0,0.0,0.0,0.0,0.0,0.0,0.0,0.0,0.0,0.0,0.0,0.0,0.0,0.0,6.0,1.0,0.0,0.0,0.0,0.0,0.0,43.78,108.157,176.428,261.562,375.426,496.743,0.0,0.8605,2.0149999999999997,3.225,4.4695,5.8245000000000005,7.1295,5.184,5.140000000000001,5.222,5.172,5.306,5.718,6.206,6.154
CN061,12.801,1.465,2017,0.0,10.531,59.6,329.26,773.42,1308.16,1619.711,0.0,22.161,59.088,107.33,162.59,254.214,278.803,0.0,-13.835851851851851,-45.90841935483871,-83.6768,-172.0567741935484,-238.72023333333334,-328.28957142857143,0.0,0.8207777777777778,1.1911935483870968,1.6080666666666665,1.7825806451612902,3.0541333333333336,1.756357142857143,0.0,13391762.777777778,15146588.661290323,18656246.983333334,21951295.403225806,22276183.333333332,24244543.35714286,0.0,2.196851851851852,6.09658064516129,13.988666666666667,19.32774193548387,22.824666666666666,27.253642857142857,0.0,8.154592592592593,11.387967741935483,19.966366666666666,25.735387096774193,28.229333333333333,33.3055,0.0,-3.448185185185185,0.9119354838709677,7.634,12.498387096774193,17.205266666666667,20.786642857142855,0.0,2.0,0.0,0.0,0.0,0.0,0.0,0.0,0.0,0.0,0.0,0.0,0.0,0.0,0.0,14.0,7.0,7.0,10.0,3.0,5.0,0.0,38.373,107.619,209.324,329.929,456.79,576.1255,0.0,0.7329999999999999,1.8054999999999999,3.131,4.786999999999999,6.6845,8.196,0.0,3.934,3.903,3.927,3.565,3.7039999999999997,3.1639999999999997,4.605
CN062,12.84,1.465,2017,0.0,0.5789999999999997,16.173,185.68200000000002,538.552,997.472,1404.938,0.0,5.757,26.645,57.003,92.097,139.873,165.102,0.0,-17.084473684210526,-58.36129032258064,-124.57130000000001,-234.334,-346.16299999999995,-475.2684761904761,0.0,0.303,0.6738064516129033,1.0119333333333334,1.1320645161290324,1.5925333333333331,1.2013809523809524,0.0,15556832.263157895,17571824.548387095,20162989.6,23265217.387096774,23305491.383333333,24188307.61904762,0.0,0.05894736842105257,3.1577741935483874,10.6503,16.38290322580645,20.29733333333333,24.403142857142857,0.0,6.594421052631579,8.82825806451613,16.545466666666666,22.70651612903226,26.074099999999998,30.670619047619045,0.0,-6.208473684210526,-2.8934193548387097,4.004566666666666,9.252,13.883333333333333,17.39609523809524,0.0,5.0,0.0,0.0,0.0,0.0,0.0,0.0,0.0,0.0,0.0,0.0,0.0,0.0,0.0,9.0,8.0,6.0,5.0,4.0,2.0,0.0,16.0835,42.597,78.766,137.754,242.526,389.296,0.0,0.29100000000000004,0.7735,1.3780000000000001,2.2465,3.7485,5.359,0.0,2.865,2.898,3.199,2.883,3.0655,2.623,5.54
CN063,13.39,1.445,2017,0.0,0.0,1.8579999999999997,77.691,285.871,583.447,901.748,0.0,4.902,35.236,74.71,136.44299999999998,202.897,221.182,0.0,-16.179055555555557,-42.43883870967742,-95.91766666666668,-160.90787096774196,-210.89306666666664,-300.76971428571426,0.0,0.2723333333333333,0.978516129032258,1.3157999999999999,1.9913870967741938,2.2151333333333336,0.8707142857142858,0.0,16392942.944444444,19593434.451612905,20897699.466666665,23111095.580645163,21772732.083333332,25759951.523809522,0.0,-1.4404444444444444,-0.17709677419354838,7.186966666666667,11.715483870967741,14.9192,20.157190476190475,0.0,4.6955,5.248806451612903,12.790633333333334,17.395290322580646,20.238933333333332,26.44109523809524,0.0,-7.437277777777778,-5.667677419354839,0.7984333333333334,5.637516129032258,9.726400000000002,13.16,0.0,8.0,4.0,0.0,0.0,0.0,0.0,0.0,0.0,0.0,0.0,0.0,0.0,0.0,0.0,9.0,8.0,6.0,2.0,0.0,6.0,0.0,15.8205,42.976,80.129,142.302,246.189,377.781,0.0,0.23099999999999998,0.6970000000000001,1.297,2.144,3.5555000000000003,4.902,0.0,4.123,4.133,4.125,4.134,4.3614999999999995,3.912,6.48
CN064,12.016,1.441,2017,0.0,2.7430000000000003,22.302,249.037,651.1030000000001,1157.859,1528.732,0.0,10.743,29.169,43.203,70.975,118.837,133.088,0.0,-15.949333333333335,-59.83980645161291,-142.07433333333336,-271.75048387096774,-400.1725666666667,-533.0077222222221,0.0,0.5115714285714286,0.5943870967741937,0.46780000000000005,0.8958709677419354,1.5954000000000002,0.7917222222222222,0.0,15352179.42857143,17125653.677419353,20541249.833333332,23392753.822580647,24090022.3,24780396.611111112,0.0,-0.6394285714285713,3.645967741935484,12.557833333333333,17.969870967741937,21.891866666666665,25.604055555555554,0.0,6.152285714285715,9.317903225806452,18.607366666666667,24.42151612903226,27.8475,32.10633333333333,0.0,-7.000761904761904,-2.0166451612903225,5.5600000000000005,10.358290322580645,15.1318,18.08727777777778,0.0,8.0,0.0,0.0,0.0,0.0,0.0,0.0,0.0,0.0,0.0,0.0,0.0,0.0,0.0,17.0,12.0,13.0,18.0,10.0,7.0,0.0,14.9375,40.046,72.904,121.955,216.922,343.063,0.0,0.26,0.7225,1.228,1.903,3.146,4.486,0.0,2.911,3.557,2.9930000000000003,2.619,3.1965,2.6639999999999997,7.014
CN065,13.176,1.431,2017,0.0,0.0,18.432,195.94,608.057,1122.952,1609.615,0.0,11.646,27.395,93.07900000000001,140.37,205.691,227.455,0.0,-0.16740000000000002,-21.18490322580645,-54.553666666666665,-133.44919354838711,-251.91933333333333,-363.11796000000004,0.0,0.7764000000000001,0.5080322580645161,2.1894666666666667,1.5255161290322579,2.1773666666666665,0.87056,0.0,12032634.7,16528206.903225806,18524172.366666667,24064027.93548387,22903631.9,24392311.12,0.0,-3.9794666666666667,0.7794193548387096,10.867566666666667,18.294096774193548,22.163166666666665,24.46652,0.0,1.3369333333333333,6.336193548387096,16.236466666666665,24.605870967741936,27.657733333333333,30.07164,0.0,-9.176066666666665,-4.672387096774194,4.9853,11.461612903225806,16.428533333333334,18.46364,0.0,13.0,1.0,0.0,0.0,0.0,0.0,0.0,0.0,0.0,0.0,0.0,0.0,0.0,0.0,4.0,7.0,1.0,4.0,0.0,1.0,0.0,3.991,15.954999999999998,50.497,115.162,240.522,434.86400000000003,0.0,0.2415,0.71,1.3780000000000001,2.3105,3.9415000000000004,5.948,0.0,3.597,3.299,3.5054999999999996,3.049,3.029,2.858,7.575
CN011,14.819,1.511,2018,0.0,0.0,79.427,315.136,763.821,1343.956,1591.614,0.0,0.269,3.8689999999999998,50.242,81.326,114.824,187.678,0.0,-20.287846153846154,-75.03158064516128,-148.667,-241.976,-371.1496333333333,-433.45576923076925,0.0,0.010346153846153847,0.11612903225806452,1.5457666666666665,1.002709677419355,1.1165999999999998,5.604153846153846,0.0,13488486.461538462,17037607.0,18952062.091666665,21509912.51612903,22418193.2,16027328.653846154,0.0,-3.5636153846153844,5.569677419354838,12.5233,19.473709677419354,24.337833333333332,24.050615384615387,0.0,2.909615384615385,12.468322580645161,19.279433333333333,25.766838709677423,30.4082,28.292384615384613,0.0,-8.745999999999999,-0.7309354838709677,5.9026000000000005,12.742290322580645,17.907533333333333,20.269000000000002,0.0,14.0,0.0,0.0,0.0,0.0,0.0,0.0,0.0,0.0,0.0,0.0,0.0,0.0,0.0,24.0,22.0,19.0,16.0,11.0,0.0,0.0,20.599,54.265,108.189,206.541,342.55899999999997,481.115,0.0,0.41100000000000003,1.199,2.048,3.637,5.8355,7.685499999999999,0.0,3.904,3.779,3.729,3.434,3.027,4.054,6.77
CN012,14.794,1.439,2018,0.0,0.0,110.437,405.871,914.426,1546.997,1821.739,0.0,0.46099999999999997,8.716,65.338,99.286,152.285,257.802,0.0,-22.565839999999998,-78.54416129032259,-163.51186666666666,-261.8317096774194,-392.84950000000003,-467.0805384615385,0.0,0.018439999999999998,0.2662903225806451,1.8874,1.0950967741935485,1.7666333333333335,8.116692307692308,0.0,13260131.48,16625527.370967742,19190932.566666666,21650924.919354837,22483101.383333333,16723084.884615384,0.0,-1.31304,7.1249677419354835,14.760866666666667,21.404999999999998,26.0857,26.134,0.0,4.93048,13.928451612903226,21.226166666666664,27.534709677419354,31.959266666666668,30.582692307692305,0.0,-6.222,1.0695161290322581,8.570400000000001,14.998354838709679,20.3761,22.54023076923077,0.0,5.0,0.0,0.0,0.0,0.0,0.0,0.0,0.0,0.0,0.0,0.0,0.0,0.0,0.0,20.0,23.0,18.0,17.0,13.0,1.0,0.0,18.695999999999998,50.616,113.905,228.079,359.694,483.8775,0.0,0.364,1.0015,1.795,3.2775,5.0725,6.508,0.0,3.942,3.751,4.016,3.924,3.9935,4.561,5.919
CN013,14.781,1.481,2018,0.0,0.0,105.359,367.36,816.73,1400.55,1659.784,0.0,1.877,10.299,70.315,114.223,161.591,224.969,0.0,-21.3462,-79.585,-162.82536666666664,-245.53387096774193,-365.9338333333333,-440.2978461538462,0.0,0.07508,0.27167741935483875,2.0005333333333333,1.4163870967741936,1.5789333333333333,4.875230769230769,0.0,13444415.84,17030402.20967742,19314797.733333334,21343471.56451613,22674775.9,17099660.0,0.0,-2.1826,7.053483870967741,13.524466666666665,19.495806451612903,24.460666666666665,24.94107692307692,0.0,4.4592,14.067419354838709,20.02466666666667,25.596967741935483,30.411166666666666,29.37069230769231,0.0,-7.678999999999999,0.7890322580645162,7.205266666666666,13.256354838709678,18.463233333333335,20.92976923076923,0.0,10.0,0.0,0.0,0.0,0.0,0.0,0.0,0.0,0.0,0.0,0.0,0.0,0.0,0.0,17.0,17.0,16.0,14.0,5.0,0.0,0.0,22.625,65.63,144.60399999999998,255.57299999999998,373.256,500.78799999999995,0.0,0.413,1.1835,2.249,3.7824999999999998,5.515,7.021,0.0,3.905,3.811,3.824,3.824,3.2125,3.964,5.647
CN014,14.597,1.473,2018,0.0,0.49099999999999966,98.128,324.579,708.559,1207.098,1443.193,0.0,3.756,17.33,68.86,123.76599999999999,179.439,257.802,0.0,-21.18732,-77.63774193548387,-152.54696666666666,-232.23087096774194,-337.8650333333334,-378.32828571428576,0.0,0.15023999999999998,0.43787096774193546,1.7176666666666665,1.7711612903225806,1.8557666666666668,5.597357142857143,0.0,14079269.26,17380202.887096774,19862611.5,21540645.29032258,22849103.3,16966996.535714287,0.0,-2.10692,7.247129032258065,12.141666666666667,17.386451612903226,21.617966666666668,21.863928571428573,0.0,4.465,14.248032258064518,18.4359,23.481709677419353,27.671933333333335,26.247357142857144,0.0,-7.84016,0.5388709677419354,5.512666666666666,10.963548387096774,15.2585,17.7915,0.0,11.0,0.0,0.0,0.0,0.0,0.0,0.0,0.0,0.0,0.0,0.0,0.0,0.0,0.0,19.0,13.0,12.0,10.0,7.0,0.0,0.0,16.628,46.659,89.523,151.143,256.229,398.992,0.0,0.373,1.0514999999999999,1.811,2.923,4.612500000000001,6.3865,0.0,4.42,4.324,4.2555,4.151,3.7615,4.703,5.617
CN015,13.312,1.479,2018,0.0,0.0,35.523,189.359,539.363,1027.652,1280.768,0.0,3.4619999999999997,14.334,43.531,79.978,145.488,197.164,0.0,-11.74586956521739,-48.09651612903226,-135.81483333333333,-261.572,-378.3239666666667,-426.85242857142856,0.0,0.15052173913043476,0.3507096774193548,0.9732333333333333,1.175709677419355,2.183666666666667,3.6911428571428573,0.0,12317642.304347826,16828020.70967742,19327916.666666668,22382701.612903226,22437606.466666665,19599770.0,0.0,-10.834826086956522,0.21854838709677427,9.365933333333334,16.290451612903226,21.2763,23.079714285714285,0.0,-4.773304347826087,7.148193548387097,15.988833333333334,22.96548387096774,27.128733333333333,28.011285714285716,0.0,-16.03991304347826,-6.324322580645162,2.481333333333333,9.085354838709678,15.505966666666666,18.663857142857143,0.0,23.0,13.0,0.0,0.0,0.0,0.0,0.0,0.0,0.0,0.0,0.0,0.0,0.0,0.0,9.0,13.0,10.0,9.0,0.0,0.0,0.0,20.130499999999998,54.004,96.187,148.463,239.124,374.6825,0.0,0.344,1.0105,1.722,2.584,3.9685,5.5405,0.0,4.029,3.944,3.825,3.534,3.636,4.179,7.215
CN021,14.162,1.52,2018,0.0,0.0,46.765,231.334,620.325,1129.537,1372.093,0.0,8.897,27.544,59.86,96.971,174.156,234.33,0.0,-14.415807692307693,-43.788548387096775,-123.43873333333333,-247.41254838709676,-340.7319,-388.4718461538462,0.0,0.3421923076923077,0.6015161290322582,1.0772,1.1971290322580646,2.5728333333333335,4.6287692307692305,0.0,12621324.615384616,16674272.161290323,18854001.833333332,21498241.01612903,21014511.166666668,15606257.192307692,0.0,-8.289538461538461,1.967225806451613,10.692033333333335,17.54809677419355,21.973733333333332,23.658153846153844,0.0,-2.431807692307692,8.075612903225807,16.851566666666667,23.592354838709678,27.122,27.445692307692305,0.0,-13.257192307692309,-3.7238387096774197,4.7347,11.504967741935484,17.3825,20.419307692307694,0.0,24.0,9.0,0.0,0.0,0.0,0.0,0.0,0.0,0.0,0.0,0.0,0.0,0.0,0.0,19.0,20.0,11.0,11.0,4.0,0.0,0.0,19.777,53.141999999999996,96.06,157.835,267.991,416.178,0.0,0.42,1.1735,1.958,3.0585,4.871,6.8365,0.0,4.6245,4.673,4.423,4.061,4.429,4.749,6.129
CN022,13.895,1.483,2018,0.0,0.0,27.165,179.066,514.363,987.554,1237.633,0.0,11.303999999999998,34.722,69.761,123.416,236.573,313.692,0.0,-8.733321428571427,-19.728032258064516,-86.98733333333332,-201.56787096774195,-276.10543333333334,-275.3007857142857,0.0,0.40371428571428564,0.7554193548387097,1.1679666666666668,1.7308064516129034,3.7719,5.5085,0.0,11576313.267857144,16340651.322580645,19002329.35,21270330.129032258,20950035.666666668,16043771.714285715,0.0,-13.175749999999999,-1.6928387096774191,9.264066666666668,15.816032258064517,20.773033333333334,22.862785714285714,0.0,-7.214571428571429,4.5843225806451615,15.386133333333333,21.89422580645161,25.803600000000003,26.568857142857144,0.0,-18.551607142857144,-8.047193548387096,2.483366666666667,9.554387096774192,16.1477,19.722357142857142,0.0,28.0,16.0,0.0,0.0,0.0,0.0,0.0,0.0,0.0,0.0,0.0,0.0,0.0,0.0,11.0,19.0,10.0,7.0,2.0,0.0,0.0,20.597,56.495000000000005,98.793,152.47,247.90699999999998,393.75,0.0,0.4925,1.2905,2.073,3.061,4.641500000000001,6.4985,0.0,5.156499999999999,5.196,4.917,4.575,5.0365,5.5489999999999995,6.617
CN023,14.269,1.486,2018,0.0,0.0,12.161999999999999,115.26299999999999,414.379,845.387,1042.624,0.0,6.491,24.508,70.389,114.905,231.943,285.912,0.0,-4.918785714285714,-13.02183870967742,-61.52830000000001,-145.30780645161292,-217.65543333333335,-208.7755,0.0,0.23182142857142857,0.5811935483870968,1.5293666666666668,1.436,3.9012666666666664,4.497416666666667,0.0,10828304.19642857,15806595.935483871,18367216.466666665,21802231.16129032,20311389.033333335,17124882.25,0.0,-16.82775,-4.786483870967742,7.169866666666667,14.648903225806452,19.366933333333336,21.43641666666667,0.0,-10.486500000000001,1.3913870967741937,13.346933333333334,20.97558064516129,24.330333333333332,25.403499999999998,0.0,-22.479142857142858,-11.352225806451612,0.4346333333333333,7.80441935483871,14.752533333333334,17.8325,0.0,28.0,19.0,0.0,0.0,0.0,0.0,0.0,0.0,0.0,0.0,0.0,0.0,0.0,0.0,14.0,12.0,12.0,4.0,0.0,0.0,0.0,10.600000000000001,35.028999999999996,72.051,123.166,225.75900000000001,387.2125,0.0,0.4825,1.6019999999999999,2.428,3.4225000000000003,5.217499999999999,7.3315,0.0,5.3580000000000005,5.34,5.1705000000000005,4.906,5.226,5.574,6.303
CN031,12.706,1.42,2018,3.543000000000001,34.316,223.91899999999998,562.726,1064.614,1641.368,0.0,39.525,93.581,161.049,234.785,363.114,469.935,0.0,16.971500000000002,15.805214285714285,47.49445161290323,9.181800000000003,-5.30348387096774,-33.337066666666665,0.0,3.2937499999999997,1.9305714285714284,2.1763870967741936,2.457866666666667,4.139645161290323,3.5606999999999998,0.0,7587525.791666667,12311390.30357143,14993015.58064516,19805281.016666666,16998635.06451613,19139124.566666666,0.0,2.2630833333333333,4.687035714285714,11.11174193548387,16.293566666666667,21.18993548387097,24.225133333333336,0.0,5.188416666666667,8.932392857142856,15.570838709677421,21.077733333333335,25.08809677419355,27.757266666666666,0.0,-0.25508333333333333,0.6358571428571428,7.259709677419354,11.917966666666667,17.540935483870967,21.0473,0.0,0.0,0.0,0.0,0.0,0.0,0.0,0.0,0.0,0.0,0.0,0.0,0.0,0.0,0.0,2.0,15.0,15.0,15.0,8.0,8.0,0.0,20.361,64.867,149.674,259.594,368.174,464.82,0.0,0.351,1.143,2.436,3.6719999999999997,5.196,6.563,0.0,6.653,6.5815,6.85,6.7035,6.777,6.5865,0.0,6.93
CN032,13.994,1.439,2018,0.0,21.46,193.525,532.5840000000001,1018.509,1621.916,1876.856,0.014,26.396,95.732,140.628,309.21,416.443,589.494,-1.185,-20.99739285714286,-17.244935483870968,-71.24476666666666,-75.50683870967742,-116.72096666666667,-18.98141666666667,0.014,0.9422142857142858,2.2366451612903226,1.4965333333333333,5.438129032258065,3.5744333333333334,14.420916666666669,10288677.0,12958701.625,15559673.024193548,19492337.766666666,17701162.967741936,21227919.366666667,14020973.583333334,0.033,3.4105714285714286,10.480580645161291,16.30196666666667,20.674999999999997,25.113566666666667,26.245,5.019,8.724785714285714,16.00535483870968,21.970133333333333,25.205129032258064,29.802833333333336,29.336916666666667,-3.924,-1.3829642857142856,5.312193548387096,10.729966666666666,16.369548387096774,20.581433333333333,23.764916666666664,0.0,0.0,0.0,0.0,0.0,0.0,0.0,0.0,0.0,0.0,0.0,0.0,0.0,0.0,1.0,16.0,11.0,14.0,6.0,5.0,0.0,0.0,57.775000000000006,179.467,356.601,534.706,656.342,770.552,0.0,0.839,2.7104999999999997,4.82,7.0195,8.564,10.1245,5.686,5.545999999999999,5.718,5.420999999999999,5.674,5.193,6.3135,5.816
CN033,12.565,1.447,2018,27.319,73.123,300.591,683.02,1226.754,1630.665,0.0,70.333,118.201,192.495,289.939,463.896,575.773,0.0,15.857473684210525,41.87535714285714,67.34390322580646,46.42803333333333,59.767967741935486,101.48840909090909,0.0,3.701736842105263,1.7095714285714283,2.3965806451612903,3.2481333333333335,5.611516129032258,5.085318181818182,0.0,7727113.065789473,12239325.419642856,14246300.85483871,18924118.916666668,16657346.790322581,17654792.681818184,0.0,4.302157894736842,5.496499999999999,12.33767741935484,17.747633333333333,22.539806451612904,23.35959090909091,0.0,7.705578947368421,9.901642857142857,17.499806451612905,22.821166666666667,26.65641935483871,27.067772727272725,0.0,1.2480526315789475,1.3363214285714287,7.890258064516129,12.814033333333333,18.76448387096774,19.992272727272727,0.0,0.0,0.0,0.0,0.0,0.0,0.0,0.0,0.0,0.0,0.0,0.0,0.0,0.0,0.0,3.0,15.0,7.0,10.0,5.0,2.0,0.0,21.27,66.279,150.85,263.811,390.077,519.042,0.0,0.8200000000000001,2.2805,4.297499999999999,6.072,8.106,10.221,0.0,7.627,7.582,7.655,7.5425,7.644,7.572,0.0,4.183
CN034,13.843,1.492,2018,0.0,30.693,230.644,597.084,1112.459,1735.962,1904.564,0.015,32.742999999999995,110.13199999999999,165.427,359.797,478.248,607.007,-1.9789999999999999,-20.7155,-3.228548387096773,-50.13463333333333,-38.31203225806451,-48.7815,6.083000000000007,0.005,1.1688571428571426,2.4964193548387095,1.8431666666666666,6.2700000000000005,3.9483666666666664,16.094875,13960042.666666666,12556373.223214285,15464487.33064516,19160432.225,17259076.83870968,21659856.966666665,12083982.875,-3.1943333333333332,3.892571428571429,11.436838709677419,17.21466666666667,21.625,25.783433333333335,26.07525,2.598333333333333,9.233785714285714,16.90583870967742,22.710766666666665,25.909387096774193,30.332066666666666,28.992375,-8.345666666666666,-1.0465357142857141,6.167451612903226,11.617866666666666,17.445096774193548,21.0772,23.84525,2.0,3.0,0.0,0.0,0.0,0.0,0.0,0.0,0.0,0.0,0.0,0.0,0.0,0.0,3.0,17.0,9.0,13.0,4.0,6.0,0.0,0.0,47.778000000000006,159.252,326.257,490.952,613.125,707.141,0.0,0.815,2.659,4.707,6.816000000000001,8.4765,9.793,6.532,6.4015,6.526,6.1815,6.502,6.0035,6.987,5.231
CN035,11.511,1.369,2018,125.941,254.746,551.938,965.888,1552.672,1602.046,0.0,126.401,164.69899999999998,265.793,353.951,495.676,512.539,0.0,51.99536666666667,61.01210714285714,74.83870967741936,61.20126666666667,68.45203225806452,82.24066666666666,0.0,4.2133666666666665,1.3677857142857142,3.261096774193548,2.9386,4.571774193548387,5.6209999999999996,0.0,9691416.033333333,12735190.107142856,16043891.709677419,17410240.833333332,19409767.16129032,10813142.333333334,0.0,8.851166666666666,9.19407142857143,14.58683870967742,18.798333333333336,23.928516129032257,21.458,0.0,13.581700000000001,14.312357142857142,20.163967741935483,23.971466666666668,28.653322580645163,24.223333333333333,0.0,5.201866666666667,5.032357142857143,9.691064516129032,14.245466666666665,20.04667741935484,19.507666666666665,0.0,0.0,0.0,0.0,0.0,0.0,0.0,0.0,0.0,0.0,0.0,0.0,0.0,0.0,0.0,9.0,8.0,7.0,4.0,3.0,0.0,0.0,71.00999999999999,185.948,327.593,480.197,642.133,756.431,0.0,1.278,3.396,5.858,8.063,10.573,12.383,0.0,7.7669999999999995,7.8655,8.008,7.8605,8.012,8.074,0.0,4.362
CN036,11.508,1.358,2018,47.607,134.376,419.791,845.891,1450.842,1554.363,0.0,88.97,134.276,266.439,462.487,658.413,711.7040000000001,0.0,28.178580645161293,35.754714285714286,99.20712903225805,156.17633333333333,233.83667741935483,282.69033333333334,0.0,2.87,1.6180714285714284,4.263322580645162,6.534933333333333,6.320193548387096,8.881833333333335,0.0,7760246.826612903,12402534.0,13886539.193548387,17130852.3,17351530.241935484,12769533.5,0.0,5.215387096774193,7.513678571428572,14.206935483870968,19.203333333333333,24.514548387096774,22.253500000000003,0.0,9.048322580645161,12.220571428571429,19.288645161290322,23.79143333333333,28.231709677419353,25.323666666666668,0.0,2.03,3.222928571428571,9.641903225806452,14.579333333333333,20.991999999999997,19.670333333333335,0.0,0.0,0.0,0.0,0.0,0.0,0.0,0.0,0.0,0.0,0.0,0.0,0.0,0.0,0.0,9.0,15.0,7.0,7.0,0.0,0.0,0.0,72.69200000000001,177.62,289.536,416.678,567.937,683.247,0.0,1.295,3.334,5.4575000000000005,7.3420000000000005,9.612000000000002,11.370000000000001,0.0,7.815,7.8165,8.001,8.0015,8.173,8.2365,0.0,4.471
CN037,14.446,1.493,2018,0.0,11.809999999999999,169.38899999999998,493.752,985.138,1616.444,1921.423,0.0,5.009,35.741,82.776,156.651,244.883,290.687,0.0,-24.4352,-68.9208064516129,-157.81980000000001,-231.55906451612904,-337.8821,-375.1082142857143,0.0,0.20036,0.9913548387096774,1.5678333333333334,2.3830645161290325,2.9410666666666665,3.271714285714286,0.0,13177440.12,16322360.91935484,19744876.333333332,20319567.80645161,22571834.2,18243347.75,0.0,2.2110399999999997,9.78041935483871,15.794666666666666,20.85116129032258,26.043533333333336,26.784214285714285,0.0,8.51736,16.11309677419355,22.03936666666667,26.309774193548385,31.666133333333335,30.853214285714284,0.0,-3.12408,4.070645161290322,9.940633333333333,15.730483870967742,20.550433333333334,23.075285714285712,0.0,4.0,0.0,0.0,0.0,0.0,0.0,0.0,0.0,0.0,0.0,0.0,0.0,0.0,0.0,15.0,14.0,16.0,11.0,9.0,1.0,0.0,39.738,118.582,254.308,404.573,523.182,641.778,0.0,0.5740000000000001,1.744,3.409,5.3035,6.907500000000001,8.343,0.0,4.214,4.411,4.197,4.347,3.893,4.4190000000000005,6.626
CN041,14.925,1.468,2018,0.0,29.149,225.622,585.294,1104.797,1763.696,2023.952,0.0,11.158,50.631,114.509,226.909,318.459,369.752,0.0,-26.29474074074074,-57.46212903225806,-123.73463333333332,-169.2045483870968,-233.52843333333334,-257.19875,0.0,0.4132592592592592,1.2733225806451614,2.1292666666666666,3.6258064516129034,3.0516666666666667,4.274416666666666,0.0,13309313.925925925,15634773.435483871,18918854.108333334,18211468.451612905,22460876.116666667,16088855.0,0.0,4.268,11.312032258064516,16.989066666666666,21.758161290322583,26.9633,26.688,0.0,10.303962962962963,17.045032258064516,22.918366666666667,26.722225806451615,32.277166666666666,30.312166666666666,0.0,-1.2632222222222222,5.932483870967742,11.2568,17.01825806451613,21.504633333333334,23.302833333333336,0.0,1.0,0.0,0.0,0.0,0.0,0.0,0.0,0.0,0.0,0.0,0.0,0.0,0.0,0.0,16.0,11.0,12.0,7.0,7.0,1.0,0.0,50.8515,160.041,341.032,516.016,640.146,768.9755,0.0,0.866,2.8985000000000003,5.05,7.2475000000000005,8.8325,10.443000000000001,0.0,4.526,4.598,4.4565,4.508,4.107,4.4695,6.0
CN042,13.08,1.433,2018,0.0,52.599,286.548,678.38,1213.876,1853.392,1942.051,6.588,39.615,137.689,264.517,491.415,582.314,631.834,3.9576000000000002,-17.039714285714286,23.218645161290322,18.678366666666662,74.24974193548387,83.39719999999998,94.90074999999999,1.3176,1.1795357142857144,3.1636774193548387,4.2276,7.319290322580645,3.0299666666666667,12.379999999999999,12317002.6,12291460.61607143,13956897.935483871,17857805.616666667,16143028.225806452,21105235.533333335,15338981.25,-2.8918,6.021821428571428,12.54674193548387,18.061066666666665,22.27406451612903,26.3172,27.16475,1.7466000000000002,11.133035714285715,17.453612903225807,23.224133333333334,26.312677419354838,30.5658,30.5475,-7.504600000000001,0.9573571428571429,7.884870967741935,12.9885,18.307612903225806,21.944633333333332,24.221,3.0,0.0,0.0,0.0,0.0,0.0,0.0,0.0,0.0,0.0,0.0,0.0,0.0,0.0,3.0,15.0,9.0,9.0,3.0,7.0,0.0,0.0,47.305,143.196,271.307,401.988,548.079,674.358,0.0,0.832,2.5825,4.413,6.3695,8.657499999999999,10.421,7.084,6.9704999999999995,7.185,7.156,7.398,7.1295,7.2010000000000005,4.14
CN043,12.106,1.391,2018,18.979,109.018,379.89,800.619,1378.95,1646.017,0.0,49.769999999999996,93.725,238.517,412.783,597.958,634.021,0.0,2.553565217391304,7.506178571428571,64.3444193548387,123.52573333333333,183.56770967741934,224.46057142857143,0.0,2.1639130434782605,1.5698214285714285,4.670709677419355,5.808866666666666,5.973387096774193,2.575928571428572,0.0,8074395.315217392,11840556.651785715,12734997.370967742,16357582.708333334,15673335.870967742,18729932.785714287,0.0,3.759304347826087,7.7284999999999995,13.737806451612904,19.0243,23.65583870967742,24.076214285714286,0.0,7.547913043478261,12.187107142857142,18.43935483870968,23.668966666666666,27.350548387096772,27.89057142857143,0.0,0.17778260869565218,3.204214285714286,9.342419354838709,14.441366666666665,20.026096774193547,20.221714285714285,0.0,0.0,0.0,0.0,0.0,0.0,0.0,0.0,0.0,0.0,0.0,0.0,0.0,0.0,0.0,8.0,11.0,3.0,6.0,0.0,0.0,0.0,39.7335,106.402,201.647,314.387,447.932,581.323,0.0,0.935,2.317,4.184,5.861,7.9105,9.7255,0.0,7.783,7.775,7.989,7.9985,8.053,8.006,0.0,5.646
CN044,11.814,1.393,2018,193.438,462.749,918.385,1430.071,2113.379,2179.739,0.0,23.906,46.726,117.996,238.138,355.069,372.856,0.0,-21.589434782608695,-56.22960714285715,-85.13893548387098,-123.3956,-81.02964516129032,-111.97866666666668,0.0,1.039391304347826,0.8150000000000001,2.299032258064516,4.004733333333333,3.771967741935484,5.928999999999999,0.0,10107684.239130436,12962759.82142857,16714271.774193548,16327162.283333333,20493312.903225806,19303898.666666668,0.0,13.410347826086957,14.61825,19.697935483870967,22.0562,27.042193548387097,27.12,0.0,17.642,18.96357142857143,24.345580645161288,26.12843333333333,31.03632258064516,31.067333333333334,0.0,9.998782608695652,10.893678571428572,15.680870967741937,18.49073333333333,23.706258064516128,24.383,0.0,0.0,0.0,0.0,0.0,0.0,0.0,0.0,0.0,0.0,0.0,0.0,0.0,0.0,0.0,8.0,10.0,5.0,1.0,0.0,0.0,0.0,68.476,175.765,298.168,427.735,580.833,696.47,0.0,1.198,3.1755,5.42,7.459,9.583,11.29,0.0,6.824,6.7364999999999995,6.713,6.7435,6.839,6.876,0.0,4.542
CN045,12.411,1.496,2018,154.732,383.087,813.69,1302.334,1952.2,2050.105,0.0,56.954,84.183,176.887,268.399,466.046,514.626,0.0,5.14975,-11.303464285714286,-16.898548387096774,-38.23233333333334,34.42625806451613,67.589,0.0,2.373083333333333,0.9724642857142857,2.9904516129032257,3.0504000000000002,6.375709677419355,9.716,0.0,7405899.541666667,10329033.098214285,14260862.225806452,15149519.466666667,17501666.66129032,14509083.4,0.0,11.426250000000001,13.155535714285715,18.89041935483871,21.288133333333334,25.96341935483871,24.581,0.0,15.157791666666668,17.065428571428573,23.428290322580647,25.503033333333335,29.88067741935484,28.101800000000004,0.0,8.390875,9.614392857142857,14.879709677419354,17.3774,22.640612903225808,22.2738,0.0,0.0,0.0,0.0,0.0,0.0,0.0,0.0,0.0,0.0,0.0,0.0,0.0,0.0,0.0,5.0,8.0,3.0,4.0,0.0,0.0,0.0,58.54050000000001,147.258,255.399,379.092,523.708,633.119,0.0,1.1869999999999998,3.147,5.2985,7.339,9.672,11.42,0.0,7.464,7.325,7.315,7.195,7.384,7.566,0.0,4.678
CN050,12.526,1.429,2018,9.503,93.06299999999999,380.167,788.536,1292.002,1868.238,1890.375,17.582,48.746,156.224,312.21,512.812,632.493,638.204,6.7467,0.563607142857143,14.701612903225806,70.7535,147.08516129032256,194.31386666666668,208.345,1.7582,1.113,3.4670322580645165,5.199533333333333,6.4710322580645165,3.9893666666666667,5.711,6628511.9,9005120.82142857,11790299.612903226,16943738.441666666,14785565.524193548,16536734.083333334,18750754.0,4.775399999999999,7.82025,14.26141935483871,18.6123,21.24083870967742,24.207866666666668,27.137,7.6107,11.458535714285714,18.361129032258066,23.287133333333333,24.972516129032257,27.676499999999997,30.691,1.9951,4.034642857142857,10.04441935483871,13.6613,17.47848387096774,20.65876666666667,23.662,0.0,0.0,0.0,0.0,0.0,0.0,0.0,0.0,0.0,0.0,0.0,0.0,0.0,0.0,1.0,3.0,4.0,6.0,3.0,1.0,0.0,0.0,52.482,145.392,269.19100000000003,430.749,625.611,764.063,0.422,1.6185,3.6035,5.537,7.84,10.751999999999999,0.0,6.867,6.818,6.91,6.993,7.105,6.9555,6.85,5.682
CN051,12.899,1.434,2018,0.0,78.695,359.502,745.374,1234.46,1773.924,2016.9950000000001,1.3179999999999998,19.101,82.087,180.962,310.79699999999997,503.94,772.039,-1.115,-15.80875,-45.264483870967744,-60.0094,-53.67970967741935,-28.03423333333333,154.97623076923077,0.6589999999999999,0.6351071428571429,2.031806451612903,3.2958333333333334,4.188225806451613,6.4381,20.622999999999998,10639298.25,11295390.535714285,13351297.741935484,17486920.316666666,16398700.370967742,15724654.016666668,11760665.538461538,3.1755,7.421892857142857,14.058290322580646,17.862399999999997,20.776967741935483,22.982133333333334,23.697769230769232,7.1125,11.671178571428571,18.58925806451613,22.842733333333335,25.049387096774193,26.804466666666666,26.666923076923077,-0.475,3.0486428571428568,9.489451612903226,12.767766666666667,16.51974193548387,19.312666666666665,21.062769230769234,0.0,0.0,0.0,0.0,0.0,0.0,0.0,0.0,0.0,0.0,0.0,0.0,0.0,0.0,0.0,0.0,0.0,1.0,0.0,0.0,0.0,0.0,68.726,182.81099999999998,310.579,443.642,595.846,750.038,0.0,1.12,3.0134999999999996,4.878,6.7715,9.242,11.537500000000001,6.578,6.5115,6.431,6.388,6.374,6.492,7.532,5.745
CN052,13.061,1.533,2018,4.446999999999999,74.69,287.293,588.899,1002.135,1427.826,1531.7,14.92,45.44,165.432,252.184,420.62,656.35,694.849,3.956,-5.535964285714286,-27.278161290322583,-7.107666666666665,21.541000000000004,123.84463333333333,195.8803333333333,1.865,1.09,3.870709677419355,2.8917333333333333,5.43341935483871,7.857666666666666,6.4165,9222700.875,11924419.089285715,14845057.35483871,17744570.866666667,17007921.080645163,15071962.816666666,16036663.0,1.7939999999999998,5.578142857142857,11.858161290322581,15.053533333333332,18.330193548387097,19.189700000000002,22.31233333333333,6.760125,10.845571428571429,17.427806451612902,20.70266666666667,23.014225806451613,23.104666666666667,25.955833333333334,-1.5910000000000002,1.4377142857142857,7.265096774193548,10.239266666666667,14.228193548387097,16.0085,19.357499999999998,0.0,0.0,0.0,0.0,0.0,0.0,0.0,0.0,0.0,0.0,0.0,0.0,0.0,0.0,0.0,0.0,0.0,1.0,0.0,2.0,0.0,0.0,53.448,142.76,254.344,390.814,552.349,673.426,0.434,1.5405,3.2904999999999998,5.014,7.0305,9.73,11.563,8.004,7.936999999999999,7.829,7.7829999999999995,7.828,7.9895,8.05,4.301
CN053,12.971,1.41,2018,0.0,126.992,386.425,713.9350000000001,1126.753,1536.388,1762.517,0.641,19.733,76.536,143.282,290.653,583.014,683.334,-0.768,-21.547678571428573,-109.45570967741935,-164.7635,-197.62370967741936,-66.54076666666667,44.248533333333334,0.641,0.6818571428571428,1.8323548387096773,2.2248666666666663,4.753903225806452,9.745366666666666,6.688000000000001,9604147.0,15571453.035714285,19944363.129032258,20916470.666666668,20087390.677419353,15656241.75,17707121.466666665,2.209,8.817285714285715,13.368806451612903,15.917,18.316709677419354,18.6545,20.075266666666668,6.159,14.859107142857143,19.730129032258066,21.945133333333334,23.52025806451613,22.799366666666668,24.061,-0.336,3.652142857142857,7.728709677419355,10.647433333333334,13.900774193548388,15.536733333333334,16.9988,0.0,0.0,0.0,0.0,0.0,0.0,0.0,0.0,0.0,0.0,0.0,0.0,0.0,0.0,0.0,6.0,2.0,0.0,0.0,0.0,0.0,0.0,73.765,181.01,285.976,395.174,524.252,659.0045,0.0,1.242,3.1375,4.8069999999999995,6.584,8.838000000000001,10.972999999999999,7.752,7.576499999999999,7.238,7.0675,7.107,7.903499999999999,8.167,5.187
CN054,13.005,1.461,2018,0.0,0.0,0.0,20.023,148.65,393.663,519.782,0.224,60.617000000000004,122.072,198.511,311.426,467.555,608.226,-2.091,0.7071428571428573,-12.250354838709677,-52.3943,-67.73754838709678,-53.93633333333334,16.545071428571426,0.224,2.156892857142857,1.9824193548387097,2.5479666666666665,3.6424193548387094,5.2043,10.04792857142857,18032408.0,17948837.25,22191785.548387095,23618173.666666668,22618077.29032258,20976808.333333332,16410273.142857144,2.875,1.21625,2.148064516129032,5.257833333333334,9.14858064516129,13.1671,14.0085,9.025,6.1572499999999994,7.3953225806451615,10.635033333333332,14.439451612903225,18.149066666666666,18.308214285714286,-3.949,-4.055714285714286,-3.054806451612903,0.28966666666666663,4.577548387096774,8.9115,10.704857142857142,0.0,0.0,0.0,0.0,0.0,0.0,0.0,0.0,0.0,0.0,0.0,0.0,0.0,0.0,0.0,0.0,4.0,1.0,0.0,0.0,0.0,0.0,44.272999999999996,110.56,177.803,259.92,368.092,482.0235,0.0,0.7389999999999999,2.118,3.21,4.2425,5.7155000000000005,6.382,5.641,5.6445,5.594,5.52,5.542,5.6365,6.066000000000001,6.518
CN061,12.801,1.465,2018,0.0,12.780999999999999,184.512,484.183,914.624,1464.417,1715.929,0.0,6.1979999999999995,33.595,84.479,146.203,229.022,335.563,0.0,-21.08788888888889,-70.00880645161291,-148.4231,-223.5626129032258,-322.43076666666667,-304.68157142857143,0.0,0.22955555555555554,0.883774193548387,1.6961333333333333,1.9910967741935484,2.7606333333333333,7.610071428571429,0.0,14140810.055555556,16519850.129032258,19496912.833333332,19913698.83870968,21944444.6,14612694.892857144,0.0,0.9867777777777778,10.357290322580646,14.989033333333333,18.885193548387097,23.326433333333334,22.965142857142858,0.0,7.083925925925926,16.54261290322581,21.072466666666667,24.51558064516129,28.8814,26.62142857142857,0.0,-4.6994444444444445,4.142225806451613,8.561833333333334,12.941225806451612,17.381700000000002,19.515142857142855,0.0,7.0,0.0,0.0,0.0,0.0,0.0,0.0,0.0,0.0,0.0,0.0,0.0,0.0,0.0,16.0,8.0,11.0,9.0,6.0,0.0,0.0,27.231500000000004,85.004,185.851,307.659,433.329,562.598,0.0,0.595,1.7085,3.109,4.8025,6.609500000000001,8.2585,0.0,4.131,4.029,4.0280000000000005,3.906,3.7104999999999997,4.8505,4.953
CN062,12.84,1.465,2018,0.0,0.0,96.389,298.523,656.453,1141.911,1493.378,0.0,6.008,14.816,49.065999999999995,84.258,128.73,217.125,0.0,-13.66236842105263,-70.4391935483871,-171.8338,-281.0153548387097,-416.7716,-457.30485714285714,0.0,0.3162105263157895,0.2841290322580645,1.1416666666666666,1.135225806451613,1.4824,4.2092857142857145,0.0,15062160.605263159,18609420.870967742,20955316.683333334,22740856.903225806,22447462.366666667,18888169.14285714,0.0,-1.6292631578947367,7.778096774193549,11.4641,16.54612903225806,21.181933333333333,21.73652380952381,0.0,5.1739999999999995,14.582225806451612,17.964466666666667,22.846741935483873,26.8917,26.959285714285713,0.0,-8.32736842105263,0.34374193548387094,4.2561333333333335,9.28632258064516,14.675733333333334,16.309476190476193,0.0,8.0,0.0,0.0,0.0,0.0,0.0,0.0,0.0,0.0,0.0,0.0,0.0,0.0,0.0,6.0,13.0,12.0,8.0,2.0,0.0,0.0,16.039,44.111000000000004,84.983,149.064,254.332,401.78499999999997,0.0,0.315,0.865,1.5110000000000001,2.4444999999999997,3.9195,5.64,0.0,3.317,2.852,2.8535,3.043,2.782,3.891,5.826
CN063,13.39,1.445,2018,0.0,0.0,29.195,133.144,377.72,720.964,978.269,0.0,7.566999999999999,17.344,71.477,126.258,175.48,279.135,0.0,-11.167666666666667,-60.040290322580645,-135.63033333333334,-194.12529032258064,-271.1044,-300.8815238095238,0.0,0.42038888888888887,0.3153870967741935,1.8044333333333333,1.7671290322580644,1.6407333333333334,4.935952380952381,0.0,16238231.888888888,19811573.548387095,22003963.4,22852843.419354837,21362588.133333333,18690843.92857143,0.0,-3.4653888888888886,4.799225806451613,7.7717,12.889548387096776,16.441466666666667,17.25261904761905,0.0,3.1594444444444445,11.208967741935485,14.358733333333333,18.71848387096774,21.768233333333335,22.177142857142858,0.0,-10.298222222222222,-2.593451612903226,0.8455999999999998,6.501935483870968,10.915133333333333,12.491428571428571,0.0,13.0,0.0,0.0,0.0,0.0,0.0,0.0,0.0,0.0,0.0,0.0,0.0,0.0,0.0,10.0,13.0,11.0,4.0,0.0,0.0,0.0,16.101,43.813,83.709,150.69,256.994,394.831,0.0,0.2355,0.7010000000000001,1.309,2.225,3.6125,5.015,0.0,4.3985,4.212,4.157500000000001,4.333,4.285,4.799,6.249
CN064,12.016,1.441,2018,0.0,0.7859999999999996,135.016,383.378,792.826,1321.123,1653.962,0.0,3.061,10.973,37.647,71.126,94.705,149.389,0.0,-18.92104761904762,-87.03270967741936,-200.20316666666668,-327.3772903225806,-486.6832,-557.7249444444445,0.0,0.14576190476190476,0.2552258064516129,0.8891333333333333,1.0799677419354838,0.7859666666666667,3.0380000000000003,0.0,14747268.904761905,18419310.83870968,21012862.833333332,23872454.072580647,23086083.466666665,20059106.444444444,0.0,-1.086095238095238,9.171774193548387,13.1029,18.208,22.6099,23.491055555555555,0.0,5.479523809523809,15.993483870967742,19.641833333333334,24.89690322580645,28.6225,28.72088888888889,0.0,-7.427666666666666,1.8948709677419355,5.8346,10.334838709677419,15.651633333333333,18.02861111111111,0.0,9.0,0.0,0.0,0.0,0.0,0.0,0.0,0.0,0.0,0.0,0.0,0.0,0.0,0.0,14.0,18.0,18.0,14.0,9.0,3.0,0.0,14.964500000000001,40.314,75.397,128.455,224.666,355.197,0.0,0.267,0.7395,1.26,2.0105000000000004,3.249,4.6955,0.0,3.491,3.083,3.1185,3.092,2.5220000000000002,3.892,7.549
CN065,13.176,1.431,2018,0.0,0.0,74.78,263.617,591.295,1114.08,1585.643,0.0,10.928,59.382999999999996,104.901,152.881,189.836,227.908,0.0,-3.0932666666666666,-11.768032258064515,-52.19996666666667,-138.50006451612904,-267.6833,-392.338,0.0,0.7285333333333334,1.5630645161290322,1.5172666666666668,1.5477419354838708,1.2318333333333333,1.52288,0.0,11823126.0,14669846.387096774,20247935.133333333,23626168.387096774,24019778.4,24016406.08,0.0,-3.0111333333333334,6.315290322580645,11.286266666666668,15.570258064516128,22.426166666666667,23.86252,0.0,2.6227333333333336,11.919580645161291,17.471799999999998,21.855451612903227,28.104033333333334,29.16748,0.0,-8.597066666666667,0.24600000000000005,4.5539,8.938806451612903,16.2932,18.28788,0.0,9.0,0.0,0.0,0.0,0.0,0.0,0.0,0.0,0.0,0.0,0.0,0.0,0.0,0.0,2.0,5.0,9.0,2.0,0.0,0.0,0.0,6.658,24.258,64.529,128.053,242.48,427.772,0.0,0.2275,0.7455,1.439,2.362,3.7870000000000004,5.641,0.0,3.375,3.313,3.157,3.029,2.814,2.79,8.009
CN011,14.819,1.511,2019,0.0,0.0,45.281000000000006,256.438,700.128,1264.682,1506.696,0.0,5.982,14.676,56.111000000000004,84.039,119.714,202.44,0.0,-14.1975,-69.96754838709678,-160.6961,-261.52351612903226,-393.49983333333336,-442.92769230769227,0.0,0.2300769230769231,0.2804516129032258,1.3811666666666667,0.9009032258064517,1.1891666666666665,6.363538461538462,0.0,12507643.211538462,17446731.16129032,19515624.716666665,23871516.903225806,22366309.933333334,20874270.307692308,0.0,-3.1430384615384614,5.931064516129032,12.038566666666666,19.312580645161294,23.818466666666666,23.61646153846154,0.0,2.822307692307692,13.081322580645162,18.59423333333333,26.42274193548387,29.644133333333336,28.967384615384617,0.0,-7.8699615384615385,-0.8546774193548388,5.369466666666667,11.465935483870968,18.004733333333334,18.362384615384617,0.0,14.0,0.0,0.0,0.0,0.0,0.0,0.0,0.0,0.0,0.0,0.0,0.0,0.0,0.0,17.0,23.0,19.0,25.0,10.0,3.0,0.0,21.691499999999998,58.686,115.47800000000001,211.24200000000002,347.164,482.456,0.0,0.492,1.322,2.225,3.7655000000000003,6.082,7.8605,0.0,2.1315,2.303,2.3019999999999996,3.096,3.1799999999999997,3.842,6.782
CN012,14.794,1.439,2019,0.0,0.1769999999999996,107.243,372.044,899.089,1510.543,1782.147,0.0,3.371,10.869,44.538,70.291,102.677,170.113,0.0,-16.34,-80.84932258064515,-192.27463333333333,-321.1347096774193,-466.39186666666666,-546.8736923076923,0.0,0.13484,0.24187096774193548,1.1222999999999999,0.830741935483871,1.0795333333333332,5.187384615384615,0.0,12227869.54,17848957.451612905,19443103.433333334,24119751.419354837,22585294.433333334,21220270.0,0.0,-1.17884,8.445322580645161,13.826699999999999,22.001451612903224,25.3818,25.892615384615382,0.0,4.56572,15.200612903225807,19.985333333333333,28.85077419354839,31.331033333333334,31.20923076923077,0.0,-5.56052,1.7701290322580645,7.708333333333333,14.675129032258063,19.842733333333335,20.88223076923077,0.0,5.0,0.0,0.0,0.0,0.0,0.0,0.0,0.0,0.0,0.0,0.0,0.0,0.0,0.0,21.0,22.0,19.0,22.0,14.0,5.0,0.0,19.051000000000002,55.082,130.655,253.872,384.32,501.34350000000006,0.0,0.387,1.085,2.022,3.534,5.212,6.5335,0.0,2.957,2.67,2.858,3.238,3.8449999999999998,4.403,6.372
CN013,14.781,1.481,2019,0.0,0.0,73.268,290.33,745.222,1328.296,1578.459,0.0,5.431,13.305,61.227000000000004,84.623,123.019,167.316,0.0,-13.1208,-73.12964516129033,-165.61563333333334,-271.858,-415.8854,-501.7006153846154,0.0,0.21724,0.254,1.5974000000000002,0.7547096774193549,1.2798666666666667,3.407461538461538,0.0,12341931.82,18094279.580645163,19237335.116666667,24404087.64516129,23226175.7,21740301.692307692,0.0,-2.55336,7.2105483870967735,12.226333333333335,19.67393548387097,24.435799999999997,24.243307692307692,0.0,3.28964,13.951741935483872,18.5247,26.509838709677418,30.404400000000003,29.80461538461538,0.0,-7.051480000000001,0.7161935483870968,6.076,12.378483870967742,18.561466666666668,19.001692307692306,0.0,11.0,0.0,0.0,0.0,0.0,0.0,0.0,0.0,0.0,0.0,0.0,0.0,0.0,0.0,13.0,19.0,9.0,17.0,2.0,1.0,0.0,25.616500000000002,75.404,161.674,273.163,388.848,506.18649999999997,0.0,0.447,1.3075,2.476,3.966,5.665,7.140000000000001,0.0,2.969,2.625,3.419,3.004,3.181,3.808,5.829
CN014,14.597,1.473,2019,0.0,0.0,40.833,229.273,593.24,1105.842,1341.95,0.0,9.11,16.581,78.525,89.642,136.242,164.911,0.0,-13.13184,-67.40551612903225,-148.04316666666668,-232.55806451612904,-374.11493333333334,-459.62314285714285,0.0,0.3644,0.241,2.0648,0.35861290322580647,1.5533333333333335,2.0477857142857143,0.0,12763791.38,18292689.612903226,19107234.85,23991021.51612903,22996295.333333332,23113869.785714287,0.0,-2.66368,5.377129032258065,11.243799999999998,16.740870967741934,22.08673333333333,21.864857142857144,0.0,3.31192,12.178032258064516,17.8157,23.275129032258064,28.057666666666666,27.7945,0.0,-7.3558,-1.2891612903225806,4.731733333333334,9.629612903225807,15.866133333333332,16.133857142857142,0.0,13.0,0.0,0.0,0.0,0.0,0.0,0.0,0.0,0.0,0.0,0.0,0.0,0.0,0.0,9.0,18.0,9.0,12.0,4.0,1.0,0.0,17.389499999999998,48.269999999999996,90.723,146.952,236.369,354.182,0.0,0.38,1.062,1.8090000000000002,2.7945,4.2995,5.8485,0.0,3.487,3.101,4.0489999999999995,3.422,3.4065000000000003,3.1915,5.477
CN015,13.312,1.479,2019,0.0,0.0,6.243,127.14,458.892,915.798,1145.6490000000001,0.0,2.17,10.499,25.263,97.234,164.301,212.364,0.0,-12.146739130434783,-64.78183870967742,-156.67036666666667,-277.9681935483871,-376.3141,-423.7817857142857,0.0,0.09434782608695652,0.26867741935483874,0.4921333333333333,2.3216451612903226,2.2355666666666667,3.4330714285714286,0.0,12516180.695652174,16931641.70967742,20650228.033333335,22524480.70967742,22011569.033333335,21413883.0,0.0,-7.729826086956522,0.839741935483871,8.846466666666666,15.701677419354839,20.2302,21.417928571428572,0.0,-1.152304347826087,7.527483870967742,15.766133333333332,22.468,25.96946666666667,26.732857142857142,0.0,-13.203739130434782,-5.3754838709677415,1.6164333333333334,8.628129032258064,14.420666666666667,16.331357142857144,0.0,17.0,2.0,0.0,0.0,0.0,0.0,0.0,0.0,0.0,0.0,0.0,0.0,0.0,0.0,14.0,14.0,6.0,4.0,0.0,0.0,0.0,23.1695,60.8,103.662,153.805,242.847,377.25700000000006,0.0,0.41100000000000003,1.1135000000000002,1.82,2.6645000000000003,4.0969999999999995,5.782,0.0,3.655,3.642,3.513,3.599,3.8105,4.16,7.209
CN021,14.162,1.52,2019,0.0,0.0,16.304000000000002,169.142,573.946,1052.97,1291.366,0.0,3.435,19.904999999999998,36.661,121.627,192.511,226.844,0.0,-14.482730769230768,-67.4587741935484,-157.4059,-274.11187096774194,-347.8271666666667,-407.3242307692308,0.0,0.1321153846153846,0.5312903225806451,0.5585333333333333,2.740838709677419,2.3628,2.641,0.0,12678751.942307692,17077495.258064516,19544631.266666666,23199895.70967742,21904659.1,21432076.153846152,0.0,-5.847961538461538,3.2899032258064516,9.9727,18.058193548387095,20.967466666666667,23.338153846153848,0.0,0.3578846153846155,9.66925806451613,16.226666666666667,24.783967741935484,25.969133333333332,28.280846153846156,0.0,-10.830538461538461,-2.533354838709678,3.619066666666667,11.069645161290323,16.340133333333334,18.997153846153847,0.0,16.0,0.0,0.0,0.0,0.0,0.0,0.0,0.0,0.0,0.0,0.0,0.0,0.0,0.0,17.0,20.0,16.0,16.0,8.0,0.0,0.0,21.28,57.478,102.381,162.227,272.496,423.9595,0.0,0.453,1.2570000000000001,2.052,3.0780000000000003,4.855,6.902,0.0,4.5135,4.284,3.965,4.157,4.5225,4.441,7.045
CN022,13.895,1.483,2019,0.0,0.0,7.826,112.883,453.92,889.242,1133.41,0.0,3.589,20.412,29.774,130.836,232.884,274.041,0.0,-12.764785714285713,-59.38858064516129,-137.5094,-247.8421612903226,-280.1717,-313.83921428571426,0.0,0.12817857142857142,0.5426774193548387,0.31206666666666666,3.2600645161290323,3.4016,2.9397857142857147,0.0,11857315.17857143,16565349.161290323,19489405.3,21809324.129032258,21261766.5,22287723.285714287,0.0,-8.22825,0.702774193548387,7.953333333333333,16.001193548387096,19.510733333333334,22.440571428571428,0.0,-2.158857142857143,7.053193548387097,14.337366666666666,22.562096774193545,24.6322,27.40135714285714,0.0,-13.66117857142857,-5.417032258064516,0.8184666666666668,9.405290322580646,14.578333333333335,18.045285714285715,0.0,24.0,2.0,0.0,0.0,0.0,0.0,0.0,0.0,0.0,0.0,0.0,0.0,0.0,0.0,19.0,15.0,12.0,7.0,3.0,0.0,0.0,29.877000000000002,74.108,117.57,170.489,269.626,423.64050000000003,0.0,0.5415,1.427,2.203,3.137,4.734,6.795999999999999,0.0,5.1055,4.959,4.687,4.637,5.1535,5.080500000000001,7.217
CN023,14.269,1.486,2019,0.0,0.0,0.5279999999999996,79.922,357.993,752.364,948.616,0.0,0.586,12.269000000000002,32.161,146.03900000000002,265.974,313.164,0.0,-10.928928571428571,-52.88383870967741,-113.01960000000001,-198.32825806451615,-204.22133333333335,-184.48316666666668,0.0,0.02092857142857143,0.3768709677419355,0.6630666666666667,3.673483870967742,3.9978333333333333,3.9324999999999997,0.0,11087318.535714285,15565378.903225806,20016751.033333335,19977472.548387095,19903836.65,20452206.25,0.0,-10.556857142857142,-1.2331612903225806,6.644666666666667,13.970032258064515,18.145699999999998,21.354333333333333,0.0,-4.173214285714286,5.004903225806451,13.258066666666666,20.034290322580645,23.035266666666665,25.948083333333333,0.0,-16.325857142857142,-7.360354838709677,-0.5586666666666666,7.937032258064516,13.3036,17.21925,0.0,26.0,14.0,1.0,0.0,0.0,0.0,0.0,0.0,0.0,0.0,0.0,0.0,0.0,0.0,24.0,13.0,10.0,2.0,0.0,0.0,0.0,27.533,69.53999999999999,110.29599999999999,158.239,253.412,408.25100000000003,0.0,0.505,1.385,2.199,3.1855,4.9315,7.0965,0.0,5.4925,5.345,5.1865000000000006,5.096,5.4485,5.755000000000001,6.706
CN031,12.706,1.42,2019,9.335,44.376,216.449,534.009,995.166,1538.064,0.0,9.834999999999999,127.39099999999999,193.289,255.118,352.341,549.801,0.0,-9.37225,30.02392857142857,73.76835483870967,36.6849,2.0319999999999983,-9.194533333333338,0.0,0.8195833333333332,4.198428571428571,2.125741935483871,2.060966666666667,3.136225806451613,6.582,0.0,10119027.458333334,8244230.004464285,15157065.532258065,16711452.6,20982605.51612903,18293880.991666667,0.0,5.386,5.745607142857144,10.55074193548387,15.585333333333333,19.876032258064516,23.096600000000002,0.0,9.981833333333332,8.958499999999999,14.977741935483872,19.771866666666664,24.265387096774194,26.608966666666667,0.0,1.3978333333333335,2.6694285714285715,6.625806451612903,11.7005,15.57567741935484,20.12926666666667,0.0,0.0,0.0,0.0,0.0,0.0,0.0,0.0,0.0,0.0,0.0,0.0,0.0,0.0,0.0,7.0,7.0,12.0,12.0,17.0,8.0,0.0,19.431,61.238,138.7,234.185,330.772,423.196,0.0,0.335,1.051,2.4135,3.851,5.335,6.677,0.0,7.0,7.2095,7.114,6.7925,6.512,6.3975,0.0,6.795
CN032,13.994,1.439,2019,0.0,6.537000000000002,174.848,469.521,958.845,1554.312,1799.262,13.364,62.5,89.031,148.487,198.576,293.716,331.78,12.297,20.22275,-1.8910322580645151,-62.477,-134.9331935483871,-206.2323,-238.82516666666666,13.364,1.754857142857143,0.8558387096774193,1.9818666666666667,1.6157741935483871,3.1713333333333336,3.172,10707565.0,9726766.160714285,16896611.80645161,17296862.066666666,21595594.096774194,21362427.6,19854515.583333332,0.447,3.092,10.429387096774192,14.822433333333333,20.78464516129032,24.8489,25.412499999999998,3.51,7.350178571428572,15.838032258064516,19.9592,26.063129032258065,29.681566666666665,29.44483333333333,-2.056,-0.7529642857142858,5.347354838709678,9.999500000000001,15.127032258064515,20.1922,21.779916666666665,0.0,0.0,0.0,0.0,0.0,0.0,0.0,0.0,0.0,0.0,0.0,0.0,0.0,0.0,0.0,10.0,14.0,8.0,15.0,10.0,3.0,0.0,79.99600000000001,220.4,399.358,574.889,699.7620000000001,814.5255,0.0,1.1265,3.171,5.31,7.4745,8.9635,10.364,5.866,5.702500000000001,5.369,5.226,4.793,4.839,4.985,6.169
CN033,12.565,1.447,2019,21.872,71.806,269.733,626.266,1104.151,1504.19,0.0,19.07,173.783,304.768,412.984,531.429,737.781,0.0,-1.0870000000000006,49.204,150.02712903225807,168.85753333333332,181.01151612903226,214.2009090909091,0.0,1.0036842105263157,5.5254642857142855,4.2253225806451615,3.6072,3.820806451612903,9.379636363636363,0.0,10324912.092105264,6335033.629464285,13416187.209677419,15499351.766666668,19340209.080645163,16087213.386363637,0.0,5.854736842105263,6.3128214285714295,11.384741935483872,16.884433333333334,20.41564516129032,23.18359090909091,0.0,10.436105263157895,9.326642857142858,15.712870967741935,21.4274,24.92135483870968,26.811454545454545,0.0,1.6862105263157894,3.54325,7.431967741935484,12.756633333333333,16.034903225806453,20.124363636363636,0.0,0.0,0.0,0.0,0.0,0.0,0.0,0.0,0.0,0.0,0.0,0.0,0.0,0.0,0.0,9.0,3.0,5.0,4.0,9.0,2.0,0.0,21.978,69.043,153.942,262.749,384.525,506.412,0.0,0.7485,1.7025000000000001,3.194,5.05,7.0655,9.128,0.0,7.839,8.013,7.974,7.782,7.576,7.5335,0.0,4.229
CN034,13.843,1.492,2019,0.0,8.151,197.572,523.355,1028.981,1654.133,1828.801,23.801,85.17999999999999,124.986,183.528,243.557,367.404,383.173,10.388,36.80885714285715,31.723290322580645,-22.06833333333333,-89.60541935483872,-153.54576666666665,-164.455875,7.933666666666666,2.1921071428571426,1.2840645161290323,1.9514,1.9364193548387096,4.128233333333333,1.9711249999999998,6148161.75,8576045.375,16271342.266129032,17279430.15,21410310.967741936,21118076.316666666,20997463.0,3.0,3.05375,11.110354838709677,15.859433333333333,21.31051612903226,25.8384,26.8335,5.819333333333333,6.999499999999999,16.338322580645162,20.934033333333332,26.49641935483871,30.590466666666664,31.112375,0.22066666666666665,-0.5392857142857143,6.0642258064516135,11.016533333333333,15.658903225806451,20.963233333333335,22.825625,0.0,0.0,0.0,0.0,0.0,0.0,0.0,0.0,0.0,0.0,0.0,0.0,0.0,0.0,0.0,5.0,8.0,8.0,13.0,8.0,0.0,0.0,76.48400000000001,211.825,382.475,548.575,676.1659999999999,771.983,0.0,1.2585,3.3205,5.352,7.374499999999999,9.184,10.394,6.307,6.2425,5.931,5.7695,5.369,5.4765,5.5344999999999995,5.372
CN035,11.511,1.369,2019,154.531,332.283,605.161,1013.655,1505.108,1556.787,0.0,45.166,194.652,389.551,582.181,764.971,824.042,0.0,15.114333333333333,32.89925,195.40729032258065,277.09486666666663,370.88193548387096,470.6903333333333,0.0,1.5055333333333332,5.338785714285714,6.287064516129032,6.421,5.896451612903227,19.690333333333335,0.0,9198617.633333333,7713412.660714285,12166102.35483871,14231151.983333332,14514695.806451613,10720975.333333334,0.0,10.151033333333334,11.348285714285714,13.802516129032258,18.616466666666668,20.85332258064516,22.226333333333333,0.0,14.638833333333334,15.063892857142857,18.357516129032255,23.048533333333335,24.798032258064516,25.197,0.0,6.490433333333333,8.297714285714287,9.993419354838709,15.062800000000001,17.744967741935486,20.349999999999998,0.0,0.0,0.0,0.0,0.0,0.0,0.0,0.0,0.0,0.0,0.0,0.0,0.0,0.0,0.0,10.0,0.0,1.0,1.0,0.0,0.0,0.0,70.9525,186.362,322.395,464.911,614.7379999999999,717.508,0.0,1.367,3.633,6.17,8.34,10.725,12.584,0.0,8.452,8.389,8.481,8.4905,8.491,8.761,0.0,4.407
CN036,11.508,1.358,2019,42.181,92.385,334.621,741.125,1270.912,1392.393,0.0,83.534,230.904,434.081,642.834,847.436,886.251,0.0,47.17606451612904,97.15307142857144,249.74561290322583,351.8799333333333,460.1384516129032,530.048,0.0,2.694645161290323,5.263214285714286,6.554096774193548,6.958433333333334,6.6000645161290326,6.469166666666666,0.0,7148796.064516129,5291831.955357143,11675447.903225806,13849265.866666667,16318328.629032258,18794354.833333332,0.0,5.974225806451613,6.33225,12.814064516129031,18.550133333333335,22.089903225806452,25.24683333333333,0.0,9.42858064516129,9.210178571428571,16.947064516129032,22.769366666666667,26.01767741935484,29.53933333333333,0.0,3.0871935483870967,3.9145357142857145,8.997548387096774,14.662466666666667,18.45293548387097,21.304333333333336,0.0,0.0,0.0,0.0,0.0,0.0,0.0,0.0,0.0,0.0,0.0,0.0,0.0,0.0,0.0,9.0,1.0,3.0,1.0,1.0,1.0,0.0,66.77000000000001,165.023,263.619,377.875,522.326,634.174,0.0,1.5705,3.651,5.4585,7.369,9.506499999999999,11.195,0.0,7.997,8.2335,8.313,8.341999999999999,8.26,8.264,0.0,4.258
CN037,14.446,1.493,2019,0.0,5.159000000000001,162.53,437.073,945.4209999999999,1592.151,1894.309,0.0,6.686,18.197,58.608,66.588,124.111,161.376,0.0,-13.93784,-76.23416129032258,-166.47223333333332,-284.301935483871,-435.2986,-526.8245714285714,0.0,0.26744,0.3713225806451613,1.3470333333333333,0.25741935483870965,1.917433333333333,2.661785714285714,0.0,11435840.1,18014499.451612905,18695023.4,23549762.032258064,23261437.533333335,21942294.714285713,0.0,1.43284,10.076483870967742,14.151433333333333,21.39832258064516,26.557666666666666,26.582714285714285,0.0,6.64904,16.427225806451613,19.962966666666667,27.7041935483871,32.293166666666664,31.714928571428572,0.0,-2.88316,4.107290322580646,8.835466666666667,14.950967741935484,20.990866666666665,21.740571428571428,0.0,0.0,0.0,0.0,0.0,0.0,0.0,0.0,0.0,0.0,0.0,0.0,0.0,0.0,0.0,15.0,19.0,12.0,19.0,10.0,2.0,0.0,46.628,136.356,283.84,446.843,570.771,675.6969999999999,0.0,0.625,2.012,3.846,5.798500000000001,7.442500000000001,8.7135,0.0,4.179,3.731,4.1165,3.077,3.253,3.787,6.594
CN041,14.925,1.468,2019,0.0,9.355,216.188,541.341,1074.574,1744.418,2010.723,0.0,16.268,28.521,75.222,85.516,201.594,213.028,0.0,-9.164888888888889,-60.68677419354839,-148.15596666666667,-254.2404193548387,-375.6940333333333,-433.3825,0.0,0.6025185185185186,0.39525806451612905,1.5567,0.33206451612903226,3.869266666666667,0.9528333333333334,0.0,10440207.370370371,17046677.79032258,18237482.016666666,22023391.83870968,21980299.45,21746061.083333332,0.0,2.364444444444444,11.672032258064517,15.838433333333334,22.20106451612903,27.32813333333333,27.192083333333333,0.0,7.0542592592592595,17.84616129032258,21.467466666666667,27.939774193548388,32.5647,31.99025,0.0,-1.705814814814815,5.845419354838709,10.4838,16.205193548387097,21.9851,22.3785,0.0,0.0,0.0,0.0,0.0,0.0,0.0,0.0,0.0,0.0,0.0,0.0,0.0,0.0,0.0,9.0,17.0,6.0,12.0,6.0,5.0,0.0,64.96600000000001,188.71,373.078,547.058,667.515,781.665,0.0,0.8220000000000001,2.6935000000000002,4.897,6.9665,8.502,9.9925,0.0,4.094,3.644,3.8834999999999997,3.213,3.485,3.466,5.912
CN042,13.08,1.433,2019,0.0,21.392,241.514,599.4639999999999,1099.467,1715.403,1806.276,15.812999999999999,60.332,122.449,232.42499999999998,356.192,621.095,624.845,3.302600000000001,17.729357142857143,18.81732258064516,18.008999999999997,4.401677419354836,54.9999,140.29975,3.1626,1.5899642857142857,2.003774193548387,3.6658666666666666,3.992483870967742,8.8301,0.9375,4689475.725,7573014.205357143,14657840.137096774,16388501.291666666,18299028.822580647,18444117.566666666,21269868.25,3.8188000000000004,3.680428571428571,12.100709677419355,16.931666666666665,21.129129032258067,25.531200000000002,27.718249999999998,6.3768,7.2305,17.45777419354839,22.03376666666667,25.73625806451613,29.570800000000002,32.0295,1.1502000000000001,0.2049285714285714,7.001225806451613,12.0241,16.394806451612904,21.428,23.384999999999998,0.0,0.0,0.0,0.0,0.0,0.0,0.0,0.0,0.0,0.0,0.0,0.0,0.0,0.0,1.0,4.0,9.0,7.0,10.0,3.0,2.0,0.0,53.553,150.15300000000002,274.767,400.089,536.288,657.111,0.0,0.9125,2.632,4.4350000000000005,6.293,8.3205,10.042,6.32,6.4915,6.357,6.36,6.161,6.391,6.385,4.223
CN043,12.106,1.391,2019,22.635999999999996,61.189,295.347,680.121,1177.902,1464.388,0.0,34.75,152.677,302.826,450.757,641.748,722.144,0.0,9.952478260869565,47.972249999999995,153.51306451612902,204.87986666666666,283.4246129032258,339.0932142857143,0.0,1.5108695652173914,4.211678571428572,4.843516129032258,4.931033333333334,6.161,5.742571428571429,0.0,6669387.9130434785,5231890.825892857,11796582.806451613,13574489.333333334,15102002.725806452,18311882.85714286,0.0,5.351391304347826,5.029464285714285,12.553483870967742,17.8258,21.057451612903225,25.463285714285714,0.0,8.490086956521738,7.880821428571429,17.060032258064517,22.1876,24.78416129032258,29.246714285714287,0.0,2.321173913043478,2.2834642857142855,8.230709677419354,13.665066666666666,17.25748387096774,21.833285714285715,0.0,0.0,0.0,0.0,0.0,0.0,0.0,0.0,0.0,0.0,0.0,0.0,0.0,0.0,0.0,5.0,0.0,1.0,2.0,3.0,3.0,0.0,34.6075,93.248,174.777,276.79,397.08,516.576,0.0,0.745,1.7355,3.0805,4.79,6.776999999999999,8.513,0.0,7.714,7.898,7.867,7.8785,7.832,7.84,0.0,5.698
CN044,11.814,1.393,2019,244.883,602.372,1055.249,1620.408,2235.706,2297.436,0.0,10.443,106.175,280.401,500.475,757.9,807.015,0.0,-16.432130434782607,-38.160357142857144,59.090483870967745,134.05513333333334,260.7858387096774,383.7006666666667,0.0,0.45404347826086955,3.419,5.620193548387097,7.335800000000001,8.304032258064517,16.371666666666666,0.0,12053498.130434783,10579974.94642857,12280477.096774194,15661579.516666668,15277452.838709677,13088982.333333334,0.0,15.647086956521738,17.767464285714286,19.608935483870965,23.838633333333334,24.84832258064516,25.576666666666664,0.0,20.02521739130435,21.70885714285714,23.26448387096774,27.46193333333333,28.16109677419355,28.828666666666667,0.0,12.057608695652174,14.565642857142858,16.474032258064515,20.9451,22.293225806451613,23.427000000000003,0.0,0.0,0.0,0.0,0.0,0.0,0.0,0.0,0.0,0.0,0.0,0.0,0.0,0.0,0.0,7.0,1.0,0.0,0.0,0.0,0.0,0.0,68.7615,177.13,299.464,428.838,579.103,687.886,0.0,1.325,3.3635,5.761,7.946,10.275500000000001,11.933,0.0,7.057,6.9615,7.357,7.4,7.649,8.134,0.0,4.627
CN045,12.411,1.496,2019,176.955,426.74,802.547,1337.787,1918.892,2019.674,0.0,45.174,167.519,360.873,579.166,803.876,841.932,0.0,17.044958333333334,30.39292857142857,165.24619354838708,264.64099999999996,372.60319354838714,474.7464,0.0,1.88225,4.369464285714286,6.2372258064516135,7.276433333333333,7.248709677419355,7.611199999999999,0.0,7474423.84375,7428768.767857143,9835661.516129032,14073219.833333334,13960631.85483871,18018437.5,0.0,12.373125,13.920892857142858,17.122806451612902,22.841333333333335,23.745322580645162,25.156399999999998,0.0,15.718416666666668,17.742392857142857,20.881709677419355,26.693066666666667,26.95983870967742,29.0562,0.0,9.449583333333333,10.732642857142858,13.819193548387096,19.46783333333333,20.986516129032257,21.7506,0.0,0.0,0.0,0.0,0.0,0.0,0.0,0.0,0.0,0.0,0.0,0.0,0.0,0.0,0.0,3.0,0.0,0.0,0.0,0.0,0.0,0.0,61.7455,158.387,271.476,397.987,547.432,654.537,0.0,1.2810000000000001,3.393,5.7855,8.028,10.3735,12.152000000000001,0.0,7.7675,7.612,7.784,7.804,7.714,7.874,0.0,4.503
CN050,12.526,1.429,2019,26.845,120.91799999999999,349.842,772.1129999999999,1219.128,1767.552,1788.61,12.709,35.274,136.404,252.757,428.166,629.465,629.5,-2.8089,-7.491142857142857,-5.949161290322582,29.570933333333333,98.15812903225806,180.0238666666667,241.739,1.2709,0.8058928571428572,3.262258064516129,3.8784333333333336,5.658354838709678,6.709966666666667,0.035,5560029.575,7511574.232142857,10646545.564516129,15258850.808333334,12681719.193548387,14407435.95,24822470.0,7.6845,8.358142857142857,12.384645161290322,19.075699999999998,19.419838709677418,23.2808,26.058,10.087900000000001,11.395785714285713,16.125580645161293,23.230733333333333,22.828580645161292,26.51536666666667,30.707,5.1835,5.109464285714286,8.446290322580644,14.4588,15.822322580645162,19.9481,20.467,0.0,0.0,0.0,0.0,0.0,0.0,0.0,0.0,0.0,0.0,0.0,0.0,0.0,0.0,2.0,0.0,3.0,4.0,1.0,3.0,1.0,0.0,50.387,138.346,259.715,419.634,609.24,747.085,0.0,1.2510000000000001,3.285,5.282,7.6065000000000005,10.197,0.0,6.9175,6.8785,6.878,6.8445,6.908,7.038,6.882,5.693
CN051,12.899,1.434,2019,2.3579999999999997,89.569,308.46,715.678,1156.951,1693.504,1927.599,4.251,33.449,74.056,160.63,284.76099999999997,423.99399999999997,492.42,2.2145,-13.299642857142857,-28.543387096774193,-68.36746666666666,-38.91903225806452,-31.5998,1.5305384615384647,2.1255,1.0427857142857142,1.3099032258064516,2.8858,4.004225806451613,4.6411,5.263538461538461,7745276.75,9588486.339285715,12902814.822580645,16252903.1,14409322.903225806,15044276.0,14837377.923076924,6.179,8.114678571428572,12.061,18.573933333333333,19.234612903225806,22.8851,23.007307692307695,9.448,11.98625,16.435,23.2285,23.23958064516129,26.582133333333335,26.732769230769232,2.502,4.18725,7.530516129032258,13.832933333333333,15.240387096774194,19.259566666666668,19.29769230769231,0.0,0.0,0.0,0.0,0.0,0.0,0.0,0.0,0.0,0.0,0.0,0.0,0.0,0.0,0.0,1.0,0.0,1.0,0.0,0.0,0.0,0.0,75.807,194.142,324.218,459.348,608.148,759.9635000000001,0.0,1.21,3.054,4.977,6.7995,9.136,11.263,6.9175,6.741,6.653,6.468,6.6,6.6434999999999995,6.74,5.76
CN052,13.061,1.533,2019,18.689,97.572,260.93,599.452,959.855,1420.426,1511.274,14.9,63.454,134.368,231.737,378.322,646.894,688.79,0.29462499999999997,-9.51067857142857,-12.86474193548387,-26.36213333333333,-3.433451612903224,112.60386666666666,193.90616666666668,1.8625,1.7340714285714287,2.2875483870967743,3.245633333333333,4.728548387096774,8.9524,6.982666666666667,9566757.8125,12669393.82142857,13442228.758064516,17524418.25,13343651.870967742,15734464.1,16419803.166666666,7.336125,7.691071428571428,10.269612903225807,16.284066666666668,16.625903225806454,20.35236666666667,20.141333333333332,12.403375,13.619321428571428,15.62616129032258,22.080866666666665,21.087967741935483,24.639466666666667,23.625,3.396875,2.97625,5.943161290322581,11.521366666666667,13.11432258064516,16.7606,16.906333333333333,0.0,0.0,0.0,0.0,0.0,0.0,0.0,0.0,0.0,0.0,0.0,0.0,0.0,0.0,0.0,0.0,1.0,1.0,0.0,2.0,0.0,0.0,58.282,147.204,252.74,382.735,535.557,654.55,0.436,1.5455,3.3035,4.971,6.9915,9.5685,11.438,8.1375,7.99,7.896,7.708,7.779,8.120999999999999,8.0955,4.378
CN053,12.971,1.41,2019,3.9480000000000004,204.787,457.416,837.001,1291.2259999999999,1758.992,1971.844,0.119,15.359,56.666000000000004,104.95,188.284,403.85200000000003,574.035,-2.557,-51.83439285714286,-122.32625806451613,-213.87640000000002,-323.20364516129035,-312.95076666666665,-189.81393333333335,0.119,0.5442857142857143,1.332483870967742,1.6094666666666666,2.6881935483870967,7.1856,11.345533333333332,18234142.0,18423561.92857143,19319598.580645163,22951800.9,20331503.06451613,18482799.0,14508910.733333332,8.948,12.172821428571428,13.149322580645162,17.652833333333334,19.65241935483871,20.5922,19.190133333333332,17.178,18.797357142857145,19.424709677419354,24.114166666666666,25.552290322580646,25.377466666666667,22.878800000000002,1.647,6.094964285714285,7.579354838709678,11.762366666666667,14.523000000000001,16.6088,16.403133333333333,0.0,0.0,0.0,0.0,0.0,0.0,0.0,0.0,0.0,0.0,0.0,0.0,0.0,0.0,0.0,8.0,2.0,0.0,0.0,0.0,0.0,0.0,78.84700000000001,189.488,293.477,396.381,509.03499999999997,630.3895,0.0,1.2694999999999999,3.206,4.862,6.5264999999999995,8.553,10.443000000000001,7.69,7.3785,7.241,6.8635,6.624,7.2485,7.852,5.162
CN054,13.005,1.461,2019,0.0,0.0,0.0,25.362000000000002,166.338,432.244,550.728,0.069,95.86,180.894,241.25,372.399,459.841,628.102,-1.66,4.846071428571428,36.50387096774194,14.961233333333334,11.726483870967744,-26.298666666666666,11.962571428571428,0.069,3.4211071428571427,2.7430322580645163,2.0118666666666667,4.230612903225807,2.9147333333333334,12.018642857142856,18814560.0,18142485.32142857,22140150.774193548,24337128.7,21892644.741935484,22599690.333333332,15111125.785714285,-5.105,-1.9247142857142858,1.8364516129032258,5.078133333333333,9.547612903225806,13.863533333333333,13.463142857142858,1.668,3.7890714285714284,7.203451612903225,10.559533333333333,14.805483870967743,19.614866666666668,17.730214285714286,-10.661,-6.995607142857144,-3.258516129032258,-0.11613333333333335,4.7264193548387095,8.890966666666666,10.276928571428572,1.0,12.0,0.0,0.0,0.0,0.0,0.0,0.0,0.0,0.0,0.0,0.0,0.0,0.0,0.0,1.0,1.0,2.0,0.0,0.0,0.0,0.0,42.736999999999995,105.815,172.341,252.527,356.394,465.56100000000004,0.0,0.7965,1.9775,3.165,4.295999999999999,5.915,7.1285,5.314,5.3235,5.333,5.322,5.354,5.282,5.9505,5.458
CN061,12.801,1.465,2019,0.0,0.4950000000000001,103.397,404.993,803.767,1338.034,1605.768,0.0,13.642,26.626,69.361,115.731,212.223,230.319,0.0,-15.241111111111111,-60.425677419354834,-152.4109,-221.80429032258064,-331.7458,-369.26885714285714,0.0,0.5052592592592592,0.4188387096774194,1.4244999999999999,1.495806451612903,3.2164,1.2925714285714285,0.0,12001596.907407407,16888876.629032258,18421146.75,20189084.16129032,19386934.65,23266811.464285713,0.0,0.4318888888888889,8.20325806451613,15.0532,17.86367741935484,22.8089,24.12385714285714,0.0,5.41362962962963,14.37516129032258,21.16486666666667,23.64525806451613,27.923099999999998,29.565428571428573,0.0,-4.01862962962963,1.8675483870967744,8.7081,11.686903225806452,17.35076666666667,18.083285714285715,0.0,1.0,0.0,0.0,0.0,0.0,0.0,0.0,0.0,0.0,0.0,0.0,0.0,0.0,0.0,8.0,9.0,10.0,6.0,6.0,4.0,0.0,30.636499999999998,88.71000000000001,181.46800000000002,294.815,412.549,532.141,0.0,0.5634999999999999,1.5989999999999998,2.787,4.23,5.9239999999999995,7.473000000000001,0.0,3.913,3.685,3.7325,3.835,3.678,3.7264999999999997,5.179
CN062,12.84,1.465,2019,0.0,0.0,26.388,261.466,555.991,997.033,1336.246,0.0,7.946,14.974,44.476,97.339,168.904,209.52100000000002,0.0,-11.38678947368421,-58.11803225806452,-157.47956666666667,-233.84406451612904,-349.21360000000004,-421.0538571428571,0.0,0.4182105263157895,0.22670967741935485,0.9833999999999999,1.705258064516129,2.3855,1.9341428571428574,0.0,14465134.05263158,18974804.451612905,20583993.466666665,21674550.096774194,20623813.733333334,22218517.04761905,0.0,-2.3587894736842103,4.80883870967742,12.835933333333333,14.500806451612902,19.7014,21.153000000000002,0.0,3.1243157894736844,11.199645161290324,19.353533333333335,20.29309677419355,25.034066666666668,26.89704761904762,0.0,-7.7147894736842115,-1.9578709677419355,5.571066666666667,8.380645161290323,13.879166666666666,15.091809523809523,0.0,10.0,0.0,0.0,0.0,0.0,0.0,0.0,0.0,0.0,0.0,0.0,0.0,0.0,0.0,5.0,9.0,7.0,4.0,0.0,2.0,0.0,15.518,42.125,80.589,142.926,251.185,408.762,0.0,0.277,0.784,1.386,2.3049999999999997,3.8335,5.655,0.0,3.402,2.939,2.9835000000000003,3.425,3.361,3.493,6.014
CN063,13.39,1.445,2019,0.0,0.0,3.436,147.737,335.132,632.258,856.799,0.0,9.779,22.675,53.91,138.194,250.962,311.616,0.0,-10.683555555555555,-43.40809677419355,-126.77289999999999,-164.02683870967743,-224.24506666666667,-226.6290476190476,0.0,0.5432777777777777,0.41600000000000004,1.0411666666666666,2.7188387096774194,3.7589333333333332,2.888285714285714,0.0,15652844.666666666,19498221.096774194,21965602.233333334,22451153.258064516,19664104.383333333,20436838.666666668,0.0,-3.2598333333333334,2.0257741935483873,9.770533333333333,11.045,14.9042,15.692428571428572,0.0,1.7740555555555555,7.489806451612903,16.092433333333336,16.525935483870967,19.82656666666667,20.68247619047619,0.0,-8.96261111111111,-4.1978064516129034,2.3560000000000003,5.667483870967742,10.228266666666666,11.102952380952381,0.0,13.0,2.0,0.0,0.0,0.0,0.0,0.0,0.0,0.0,0.0,0.0,0.0,0.0,0.0,5.0,11.0,9.0,2.0,1.0,0.0,0.0,15.625999999999998,42.903,84.61699999999999,158.375,274.139,422.985,0.0,0.22549999999999998,0.716,1.362,2.3025,3.7695,5.4719999999999995,0.0,4.528,4.486,4.1935,4.52,4.7435,4.998,6.762
CN064,12.016,1.441,2019,0.0,0.0,34.128,313.253,654.018,1139.524,1450.057,0.0,5.394,9.528,37.872,71.309,152.467,171.792,0.0,-14.146285714285714,-70.39716129032257,-184.12366666666668,-283.6770322580645,-420.4631,-479.8629444444444,0.0,0.25685714285714284,0.1333548387096774,0.9448000000000001,1.0786129032258063,2.7052666666666667,1.073611111111111,0.0,13971648.80952381,18862354.83870968,20871839.533333335,21942260.596774194,21067746.2,23123907.333333332,0.0,-1.981809523809524,5.278290322580646,14.304166666666667,15.99241935483871,21.183533333333333,22.251833333333334,0.0,3.7203809523809523,11.949612903225805,21.058,21.94551612903226,26.908900000000003,27.894444444444446,0.0,-7.382523809523809,-1.6206129032258063,6.781899999999999,9.194064516129034,14.729633333333334,15.843333333333334,0.0,11.0,0.0,0.0,0.0,0.0,0.0,0.0,0.0,0.0,0.0,0.0,0.0,0.0,0.0,7.0,17.0,12.0,11.0,10.0,5.0,0.0,14.7255,39.576,72.508,120.41,213.417,344.765,0.0,0.264,0.7250000000000001,1.222,1.9260000000000002,3.2765,4.773,0.0,2.927,2.467,2.5164999999999997,3.306,3.567,3.7845000000000004,7.688
CN065,13.176,1.431,2019,0.0,0.0,36.272,270.348,603.911,1081.563,1568.134,0.0,4.977,13.225,75.381,128.13400000000001,180.25900000000001,205.845,0.0,-4.0982,-36.47512903225807,-97.00893333333333,-153.11374193548386,-256.34566666666666,-388.16724,0.0,0.33180000000000004,0.2660645161290323,2.0718666666666667,1.7017096774193547,1.7375,1.02344,0.0,12590838.666666666,16700467.838709677,18838529.266666666,23345271.93548387,23229504.266666666,24423103.68,0.0,-5.802133333333333,3.926322580645161,12.802533333333335,15.760096774193547,20.921733333333336,24.46284,0.0,-0.004666666666666656,10.45883870967742,18.565466666666666,21.47116129032258,26.186466666666668,30.10244,0.0,-11.2808,-2.5828064516129037,6.318733333333333,9.604903225806451,15.491433333333333,18.52956,0.0,15.0,1.0,0.0,0.0,0.0,0.0,0.0,0.0,0.0,0.0,0.0,0.0,0.0,0.0,9.0,12.0,3.0,2.0,0.0,0.0,0.0,5.992,22.631,62.623000000000005,128.433,251.505,442.142,0.0,0.198,0.6745000000000001,1.343,2.2885,3.9385000000000003,5.84,0.0,3.276,2.808,3.0999999999999996,3.09,3.1505,2.508,8.608
CN011,14.819,1.511,2020,0.0,0.0,57.318,267.622,686.052,1251.478,1462.684,0.0,18.633,37.625,56.723,93.809,135.974,189.155,0.0,-7.898296296296296,-46.693774193548386,-137.31723333333332,-255.1784193548387,-383.2162666666666,-426.7584166666666,0.0,0.6901111111111111,0.6126451612903226,0.6365999999999999,1.1963225806451612,1.4055,4.43175,0.0,11876102.814814815,17826912.580645163,21688579.033333335,21371375.629032258,22484403.766666666,16875012.25,0.0,-1.0023333333333333,5.603322580645162,12.010133333333332,18.49774193548387,23.847533333333335,22.6005,0.0,5.074296296296296,12.607000000000001,19.067066666666665,24.645290322580646,29.830933333333334,26.88025,0.0,-5.8159629629629634,-0.7928064516129032,4.724833333333334,12.470032258064515,17.9109,18.696416666666668,0.0,7.0,0.0,0.0,0.0,0.0,0.0,0.0,0.0,0.0,0.0,0.0,0.0,0.0,0.0,20.0,19.0,22.0,9.0,14.0,0.0,0.0,22.012999999999998,62.336,128.98,231.527,364.217,497.44899999999996,0.0,0.484,1.331,2.5505,4.171,6.035,7.889,0.0,3.602,3.164,2.098,3.127,2.7305,3.9985,6.785
CN012,14.794,1.439,2020,0.0,0.07000000000000028,105.277,383.12399999999997,848.281,1468.414,1709.78,0.0,19.105,38.602000000000004,62.525000000000006,119.52300000000001,149.287,191.059,0.0,-7.043423076923077,-50.76174193548387,-156.64573333333334,-273.9276129032258,-408.0773,-484.8114166666667,0.0,0.7348076923076923,0.6289354838709678,0.7974333333333334,1.8386451612903225,0.9921333333333333,3.481,0.0,11325562.413461538,17617140.16129032,22040179.666666668,21674450.919354837,22530030.066666666,18185230.75,0.0,0.9563076923076923,7.976870967741935,14.261566666666665,20.005064516129032,25.671100000000003,25.113833333333332,0.0,6.79576923076923,14.651677419354838,20.8609,25.965709677419355,31.7229,29.8035,0.0,-3.602615384615385,1.5608387096774192,7.5154,14.346903225806452,20.0502,21.072333333333333,0.0,1.0,0.0,0.0,0.0,0.0,0.0,0.0,0.0,0.0,0.0,0.0,0.0,0.0,0.0,17.0,19.0,23.0,14.0,17.0,2.0,0.0,21.859,67.58,163.006,300.194,435.308,553.5615,0.0,0.41700000000000004,1.221,2.598,4.229,5.843,7.3535,0.0,4.1785,3.918,2.3605,3.892,2.5385,4.237500000000001,6.133
CN013,14.781,1.481,2020,0.0,0.4790000000000001,84.802,303.669,731.587,1300.974,1518.305,0.0,13.151,28.314,51.432,112.666,159.175,222.563,0.0,-13.48523076923077,-63.93354838709678,-158.1085,-262.1483225806452,-395.4254333333334,-434.1251666666667,0.0,0.5058076923076923,0.48912903225806453,0.7706,1.975290322580645,1.5503,5.282333333333334,0.0,12052286.48076923,17822920.01612903,21951193.933333334,22230008.79032258,22237893.6,17899394.916666668,0.0,0.5091923076923077,7.064903225806452,12.295566666666668,18.803806451612903,23.979566666666663,23.110916666666668,0.0,6.64826923076923,13.71016129032258,19.0288,25.045064516129035,29.9219,27.704583333333332,0.0,-4.432423076923077,0.9120967741935485,5.648066666666667,12.79741935483871,18.195866666666667,19.24425,0.0,3.0,0.0,0.0,0.0,0.0,0.0,0.0,0.0,0.0,0.0,0.0,0.0,0.0,0.0,15.0,16.0,15.0,5.0,5.0,0.0,0.0,32.5565,95.68299999999999,196.469,314.809,434.995,560.705,0.0,0.539,1.5805,3.067,4.602,6.1005,7.711,0.0,3.6734999999999998,3.361,2.9545000000000003,3.577,2.6895,4.3555,6.005
CN014,14.597,1.473,2020,0.0,0.0,63.958999999999996,217.444,605.069,1096.33,1304.164,0.0,9.978,27.523,52.689,105.257,169.765,238.165,0.0,-18.99673076923077,-72.91138709677419,-145.7421,-252.08932258064516,-373.7465,-395.6275384615385,0.0,0.38376923076923075,0.5659677419354838,0.8388666666666666,1.695741935483871,2.1502666666666665,5.261538461538462,0.0,13389657.884615384,17823850.887096774,21888727.866666667,23409507.0,21490115.366666667,18976454.96153846,0.0,0.0946153846153846,5.987967741935484,9.973633333333334,17.504032258064516,21.375366666666665,20.98723076923077,0.0,6.676615384615384,12.703935483870968,16.9352,24.179548387096776,27.281833333333335,26.003615384615387,0.0,-5.358615384615385,-0.21929032258064515,3.2757,10.556967741935484,15.389000000000001,16.61646153846154,0.0,6.0,0.0,0.0,0.0,0.0,0.0,0.0,0.0,0.0,0.0,0.0,0.0,0.0,0.0,16.0,17.0,15.0,5.0,4.0,0.0,0.0,18.3815,51.914,98.09100000000001,156.678,249.385,378.6515,0.0,0.389,1.0815000000000001,1.9745000000000001,2.962,4.2595,5.9415,0.0,3.3805,3.409,3.635,3.464,3.5515,4.404,5.625
CN015,13.312,1.479,2020,0.0,0.0,10.943999999999999,112.937,431.904,894.493,1122.553,0.0,5.167,13.679,36.549,89.023,155.106,177.235,0.0,-11.724125,-51.92651612903226,-143.8042,-250.86477419354839,-349.93823333333336,-410.9667692307693,0.0,0.21529166666666666,0.2745806451612903,0.7623333333333334,1.6927096774193549,2.2027666666666668,1.702230769230769,0.0,11836095.9375,16782164.387096774,20552684.8,21533054.16129032,22166046.333333332,22834895.076923076,0.0,-6.5597916666666665,0.22958064516129034,7.9135,15.28925806451613,20.419633333333334,22.543076923076924,0.0,-0.38654166666666673,6.550677419354838,14.764800000000001,21.588967741935484,26.194433333333333,28.110384615384614,0.0,-12.015208333333334,-5.672322580645161,0.9365,8.843322580645163,14.6605,16.904307692307693,0.0,22.0,14.0,0.0,0.0,0.0,0.0,0.0,0.0,0.0,0.0,0.0,0.0,0.0,0.0,12.0,11.0,12.0,1.0,0.0,0.0,0.0,18.461,52.601,95.891,147.16500000000002,238.599,373.49350000000004,0.0,0.368,1.0375,1.843,2.699,3.9240000000000004,5.5455000000000005,0.0,3.998,3.853,3.5025,3.625,3.8085,3.727,7.173
CN021,14.162,1.52,2020,0.0,0.0,22.451,153.813,497.849,1017.751,1236.968,0.0,15.816,34.619,58.834,141.887,171.072,192.98,0.0,-8.620333333333333,-38.93358064516129,-124.90893333333334,-211.83116129032257,-299.60213333333337,-379.10058333333336,0.0,0.5857777777777778,0.6065483870967742,0.8071666666666667,2.6791290322580643,0.9728333333333334,1.8256666666666668,0.0,11309633.185185185,16350477.725806452,20520154.6,19378861.580645163,22571470.7,21146977.583333332,0.0,-4.254518518518519,2.8548709677419355,9.171766666666667,16.097935483870966,22.330066666666667,23.268083333333333,0.0,1.018777777777778,8.380774193548387,15.724933333333333,21.608935483870965,27.75133333333333,28.01608333333333,0.0,-8.807222222222222,-2.592258064516129,2.7252333333333336,10.96274193548387,17.1608,18.737416666666665,0.0,15.0,1.0,0.0,0.0,0.0,0.0,0.0,0.0,0.0,0.0,0.0,0.0,0.0,0.0,15.0,12.0,16.0,5.0,7.0,2.0,0.0,19.2655,54.334,100.57300000000001,163.683,278.971,430.7795,0.0,0.43,1.2195,2.156,3.228,4.7940000000000005,6.8195,0.0,4.584,4.567,4.0575,4.241,4.060499999999999,3.8745,6.646
CN022,13.895,1.483,2020,0.0,0.0,9.277000000000001,91.295,392.193,849.288,1076.5910000000001,0.0,13.466,28.983999999999998,59.065999999999995,134.845,223.879,255.549,0.0,-6.699275862068966,-28.694193548387098,-103.60086666666666,-158.14945161290322,-219.46783333333332,-249.28953846153848,0.0,0.4643448275862069,0.5005806451612903,1.0027333333333333,2.444483870967742,2.9678,2.436153846153846,0.0,10817929.22413793,15603332.161290323,18896901.766666666,19421025.241935484,20847131.166666668,21777588.076923076,0.0,-8.815310344827587,-0.0970645161290323,6.703,14.706387096774195,20.2365,22.484846153846153,0.0,-3.6150344827586207,5.183225806451613,13.020066666666667,20.32512903225806,25.222833333333334,27.39546153846154,0.0,-13.868275862068966,-5.514290322580646,0.49413333333333337,9.20490322580645,15.4609,17.654307692307693,0.0,27.0,11.0,0.0,0.0,0.0,0.0,0.0,0.0,0.0,0.0,0.0,0.0,0.0,0.0,18.0,11.0,7.0,4.0,2.0,5.0,0.0,16.091,52.627,97.275,150.945,255.918,418.92499999999995,0.0,0.443,1.2355,2.1425,3.07,4.465,6.521000000000001,0.0,5.343,5.284,5.0145,5.103,5.025499999999999,4.87,6.936
CN023,14.269,1.486,2020,0.0,0.0,3.58,67.35300000000001,349.918,740.15,923.065,0.0,10.68,20.869,57.771,114.471,268.05400000000003,301.659,0.0,-4.922793103448276,-23.900935483870967,-81.60629999999999,-143.20329032258064,-166.4294,-148.763,0.0,0.3682758620689655,0.3286774193548387,1.2300666666666666,1.8290322580645162,5.119433333333333,3.055,0.0,10162084.051724138,15244614.225806452,19028447.55,20993279.032258064,18064030.733333334,21812886.454545453,0.0,-12.00206896551724,-2.136032258064516,5.8794,14.115,18.00773333333333,21.628636363636364,0.0,-6.440551724137931,3.4720645161290324,12.114566666666667,20.165451612903226,22.4473,26.546000000000003,0.0,-17.35155172413793,-7.9110000000000005,-0.6056333333333334,7.948548387096774,13.9912,16.97972727272727,0.0,28.0,16.0,0.0,0.0,0.0,0.0,0.0,0.0,0.0,0.0,0.0,0.0,0.0,0.0,14.0,11.0,8.0,2.0,0.0,0.0,0.0,8.014,33.338,73.855,125.182,226.578,387.744,0.0,0.43849999999999995,1.182,2.105,3.143,4.7115,6.7995,0.0,5.699,5.689,5.446,5.298,5.665,5.508,6.654
CN031,12.706,1.42,2020,19.233,110.969,308.286,587.141,1090.071,1659.192,0.0,72.5,131.85399999999998,252.39,300.44,418.518,845.588,0.0,39.134166666666665,63.274793103448275,74.70570967741935,78.31863333333332,34.968612903225804,172.1773448275862,0.0,6.041666666666667,2.046689655172414,3.888258064516129,1.6016666666666666,3.808967741935484,14.72655172413793,0.0,7905631.6875,11769896.353448275,15025042.548387097,21211450.525,18807879.30645161,14604228.25862069,0.0,6.378416666666666,7.985172413793103,11.365064516129033,14.295166666666667,21.223548387096773,24.624862068965516,0.0,9.450166666666666,12.136965517241379,15.447903225806451,18.9685,25.072741935483872,27.69813793103448,0.0,3.7283333333333335,4.074931034482758,7.616709677419355,9.784233333333333,17.74067741935484,21.976827586206895,0.0,0.0,0.0,0.0,0.0,0.0,0.0,0.0,0.0,0.0,0.0,0.0,0.0,0.0,0.0,5.0,12.0,11.0,15.0,9.0,2.0,0.0,24.323,77.399,170.422,277.951,380.293,472.32,0.0,0.372,1.1219999999999999,2.458,4.1815,5.641,7.047,0.0,6.9945,6.8,6.758,6.5440000000000005,6.343,6.942,0.0,6.897
CN032,13.994,1.439,2020,0.0,57.717,233.751,511.928,1020.855,1616.889,1835.259,0.0,38.774,83.521,112.014,194.245,491.495,570.804,-1.525,-13.01341379310345,-37.642967741935486,-94.38363333333334,-155.72490322580646,-165.2321,-16.74209090909091,0.0,1.3370344827586207,1.4434516129032258,0.9497666666666666,2.652612903225806,9.908333333333333,7.209909090909091,14043418.0,11442354.129310345,15813397.5,21209495.45,20669673.951612905,17129768.933333334,16799854.318181816,2.688,6.286413793103448,10.678516129032257,14.272566666666668,21.417,24.8678,24.85181818181818,10.044,11.395241379310345,15.881483870967743,20.3168,26.60674193548387,28.973633333333336,28.31927272727273,-3.518,1.7769655172413792,5.615548387096774,8.449466666666666,16.51648387096774,21.005,21.816,0.0,0.0,0.0,0.0,0.0,0.0,0.0,0.0,0.0,0.0,0.0,0.0,0.0,0.0,1.0,14.0,12.0,14.0,6.0,3.0,0.0,0.0,91.303,253.094,443.73199999999997,618.115,735.129,841.56,0.0,1.2755,3.5789999999999997,6.103,8.107,9.3935,10.9595,5.411,5.414,5.341,4.994,4.912,5.7145,5.788,6.048
CN033,12.565,1.447,2020,22.853,145.015,366.456,673.601,1209.641,1633.907,0.0,104.059,190.90800000000002,348.648,400.16,579.903,870.146,0.0,43.39621052631579,107.68003448275861,150.07706451612904,180.4192,162.7472258064516,308.40542857142856,0.0,5.47678947368421,2.994793103448276,5.088387096774194,1.7170666666666667,5.7981612903225805,13.821095238095237,0.0,7450332.1644736845,11225707.465517242,11977643.717741935,20077008.708333332,17515067.225806452,13973908.904761905,0.0,6.143105263157895,9.111620689655172,12.143258064516129,15.238166666666666,22.291612903225804,25.203142857142854,0.0,9.237631578947367,13.500275862068964,16.22825806451613,20.389,26.424225806451613,28.369714285714288,0.0,3.4639473684210524,5.056931034482759,8.417225806451613,10.244499999999999,18.517967741935486,22.547190476190476,0.0,0.0,0.0,0.0,0.0,0.0,0.0,0.0,0.0,0.0,0.0,0.0,0.0,0.0,0.0,4.0,9.0,3.0,11.0,7.0,0.0,0.0,27.065,86.531,190.437,310.224,434.802,553.514,0.0,0.6140000000000001,1.921,4.0555,6.0835,8.077,9.813,0.0,7.504,7.515,7.564,7.3915,7.306,7.909,0.0,4.094
CN034,13.843,1.492,2020,0.0,76.467,275.73,586.291,1137.227,1755.563,1901.533,0.184,42.794,103.937,131.932,197.024,532.176,596.134,-2.7443333333333335,-12.30351724137931,-32.62458064516129,-74.51656666666666,-152.46351612903226,-147.5675,25.76599999999999,0.06133333333333333,1.4693103448275862,1.9723548387096774,0.9331666666666667,2.099741935483871,11.171733333333332,9.136857142857142,13495102.0,11089323.0,14693588.411290323,20283612.6,20852258.741935484,16462439.05,16196325.357142856,3.1376666666666666,7.128517241379311,11.427838709677419,15.352033333333333,22.772129032258064,25.6112,25.852857142857143,9.842,12.30110344827586,16.55535483870968,21.428766666666668,28.06358064516129,29.649766666666665,29.38228571428571,-2.4133333333333336,2.5749310344827587,6.393322580645161,9.228366666666666,17.321322580645163,21.691666666666666,22.71742857142857,0.0,0.0,0.0,0.0,0.0,0.0,0.0,0.0,0.0,0.0,0.0,0.0,0.0,0.0,2.0,12.0,10.0,15.0,7.0,1.0,0.0,0.0,83.363,231.651,406.332,564.614,681.035,771.597,0.0,1.2205,3.4930000000000003,5.9915,7.939,9.386500000000002,10.687,6.024,5.995,5.945,5.6035,5.367,6.4085,6.52,5.372
CN035,11.511,1.369,2020,173.836,374.174,664.623,997.423,1555.759,1593.032,0.0,53.718,148.252,372.489,473.473,717.913,753.755,0.0,-11.048499999999999,36.42489655172413,110.12067741935483,218.0575,249.57848387096774,360.0825,0.0,1.7906000000000002,3.2597931034482754,7.233451612903226,3.366133333333333,7.88516129032258,17.921,0.0,10400086.116666667,11989533.051724138,10913507.177419355,17866793.533333335,16521401.516129032,14403066.0,0.0,10.794533333333334,11.90703448275862,14.369322580645163,16.093333333333334,23.01083870967742,23.6365,0.0,15.759766666666668,17.00855172413793,18.241999999999997,21.43326666666667,27.38,27.7575,0.0,6.8853,7.555793103448275,10.959129032258065,11.3764,19.575032258064518,21.095,0.0,0.0,0.0,0.0,0.0,0.0,0.0,0.0,0.0,0.0,0.0,0.0,0.0,0.0,0.0,7.0,10.0,2.0,10.0,0.0,0.0,0.0,69.806,182.95999999999998,317.923,464.603,626.6030000000001,740.515,0.0,1.258,3.4385000000000003,5.803,8.0985,10.452,11.905,0.0,7.1555,7.634,8.066,8.154,8.175,8.6035,0.0,4.465
CN036,11.508,1.358,2020,67.67399999999999,230.591,502.152,860.773,1450.3799999999999,1548.594,0.0,142.978,268.663,501.028,589.247,860.027,995.9159999999999,0.0,38.80032258064516,156.2488275862069,257.28651612903224,351.4130333333333,403.48248387096777,554.3196,0.0,4.612193548387097,4.33396551724138,7.495645161290323,2.940633333333333,8.734838709677419,27.1778,0.0,7263571.879032258,10287738.987068966,10587655.741935484,18342138.3,17359697.903225806,13018335.6,0.0,7.075645161290322,10.567724137931034,13.760032258064516,16.95403333333333,24.01958064516129,24.6428,0.0,10.590967741935483,15.089793103448276,17.331290322580646,22.308699999999998,28.141,27.9702,0.0,4.096548387096774,6.49248275862069,10.313935483870969,11.822166666666668,20.07606451612903,22.3514,0.0,0.0,0.0,0.0,0.0,0.0,0.0,0.0,0.0,0.0,0.0,0.0,0.0,0.0,0.0,7.0,7.0,2.0,12.0,1.0,0.0,0.0,67.83000000000001,171.686,279.7,402.913,549.604,657.857,0.0,1.191,3.1155,5.148,7.3515,9.49,10.933,0.0,7.235,7.419,7.805,7.6845,7.878,8.644,0.0,4.34
CN037,14.446,1.493,2020,0.0,31.282,186.08,453.092,944.846,1549.306,1808.016,0.0,34.913,43.847,72.284,139.276,238.54399999999998,298.484,0.0,-10.248884615384615,-53.738064516129036,-146.85330000000002,-243.48480645161288,-350.7529666666667,-369.6463076923077,0.0,1.3428076923076921,0.2881935483870968,0.9479000000000001,2.1610322580645165,3.3089333333333335,4.610769230769231,0.0,11269742.35576923,17019410.83870968,21714814.933333334,22031714.975806452,20695469.7,18674564.384615384,0.0,4.536653846153846,9.92132258064516,13.9004,20.863032258064518,25.148666666666667,24.900769230769228,0.0,9.941807692307693,16.123677419354838,20.085066666666666,26.839548387096773,30.433633333333333,29.140076923076926,0.0,-0.1303076923076924,4.2492580645161295,7.767766666666668,15.236548387096775,20.1834,21.136846153846154,0.0,0.0,0.0,0.0,0.0,0.0,0.0,0.0,0.0,0.0,0.0,0.0,0.0,0.0,0.0,11.0,21.0,19.0,8.0,6.0,2.0,0.0,54.2725,157.05,312.939,474.844,601.894,722.7795,0.0,0.812,2.305,4.4355,6.272,7.746,9.338999999999999,0.0,4.1815,3.63,3.7415000000000003,3.936,4.0405,4.541,6.705
CN041,14.925,1.468,2020,0.0,59.946,265.069,581.553,1152.127,1783.934,2025.47,0.0,29.574,55.046,77.414,110.243,282.31,321.824,0.0,-16.045214285714287,-60.847419354838706,-136.9665,-260.99725806451613,-357.73273333333333,-333.235,0.0,1.0562142857142858,0.8216774193548387,0.7455999999999999,1.059,5.735566666666667,3.5921818181818184,0.0,11972170.589285715,15667305.806451613,20557838.1,22173035.19354839,18722084.458333332,20356719.136363637,0.0,6.283571428571428,11.616870967741935,15.549466666666666,23.405612903225805,26.060233333333333,26.957818181818183,0.0,11.935035714285714,17.336387096774192,21.8726,29.570548387096775,30.7498,31.222727272727273,0.0,1.2478214285714286,6.108161290322581,9.368066666666667,17.13193548387097,21.3842,22.89390909090909,0.0,0.0,0.0,0.0,0.0,0.0,0.0,0.0,0.0,0.0,0.0,0.0,0.0,0.0,0.0,16.0,14.0,15.0,11.0,5.0,0.0,0.0,79.3275,224.822,421.512,591.851,709.0210000000001,831.96,0.0,1.3385,3.6310000000000002,6.235,8.156,9.435500000000001,11.0945,0.0,3.863,3.774,3.6425,3.307,4.2925,4.165,6.135
CN042,13.08,1.433,2020,2.3789999999999996,106.524,337.957,677.841,1226.426,1840.682,1901.984,0.02,51.15,142.428,187.743,284.961,630.379,684.883,-4.1086,-10.106965517241381,-11.552290322580644,-15.835833333333332,-55.50861290322581,-0.15503333333333177,172.37866666666665,0.004,1.763103448275862,2.944451612903226,1.5105,3.1360645161290326,11.513933333333334,18.168000000000003,12389968.3,11137203.439655172,12905140.733870968,18247463.05,19142046.93548387,16204578.166666666,15646590.5,4.6972,8.29896551724138,12.46558064516129,16.32946666666667,22.696290322580648,25.475199999999997,25.433999999999997,10.9926,13.253034482758622,17.296322580645164,21.85986666666667,27.704064516129034,29.11143333333333,28.977333333333334,-0.9208000000000001,3.674793103448276,7.613935483870968,10.6555,17.62309677419355,21.8491,22.284000000000002,0.0,0.0,0.0,0.0,0.0,0.0,0.0,0.0,0.0,0.0,0.0,0.0,0.0,0.0,5.0,11.0,8.0,11.0,8.0,1.0,0.0,0.0,74.09100000000001,196.567,331.69100000000003,459.038,594.975,711.339,0.0,1.154,3.12,5.2875,7.015,9.163,10.905,6.239,6.261,6.305,6.2475000000000005,6.116,6.845000000000001,7.115,4.143
CN043,12.106,1.391,2020,20.037999999999997,162.221,419.17199999999997,775.846,1333.52,1605.873,0.0,122.31700000000001,227.03,400.506,498.515,668.574,792.3629999999999,0.0,59.73821739130435,135.23393103448277,201.02522580645163,274.3473666666667,293.0682258064516,356.11215384615383,0.0,5.318130434782609,3.610793103448276,5.596,3.266966666666667,5.485774193548387,9.52223076923077,0.0,7249271.097826087,9298573.60775862,10135888.290322581,16778609.166666668,17242807.30645161,16190853.538461538,0.0,5.248913043478261,9.824137931034482,13.288741935483872,16.889133333333334,22.989483870967742,25.95023076923077,0.0,8.642,13.947344827586207,17.235548387096774,21.87926666666667,27.213483870967742,29.266384615384617,0.0,1.9611739130434782,5.87248275862069,9.517903225806451,11.838266666666668,18.896967741935484,22.901384615384618,0.0,0.0,0.0,0.0,0.0,0.0,0.0,0.0,0.0,0.0,0.0,0.0,0.0,0.0,0.0,7.0,3.0,3.0,8.0,1.0,0.0,0.0,41.882999999999996,116.118,211.86599999999999,319.851,442.908,558.7574999999999,0.0,0.862,2.481,4.282,6.157,8.040000000000001,9.654,0.0,7.385,7.468,7.647,7.538,7.615,7.907,0.0,5.808
CN044,11.814,1.393,2020,233.037,581.86,1054.285,1517.353,2197.896,2241.813,0.0,40.111,124.207,250.653,344.56,533.248,552.933,0.0,-9.054347826086955,8.77193103448276,19.966677419354838,54.48159999999999,38.77335483870967,97.154,0.0,1.7439565217391304,2.8998620689655175,4.078903225806451,3.1302333333333334,6.086709677419355,9.842500000000001,0.0,10705884.108695652,12634952.034482758,12817474.790322581,15796125.033333333,19281879.548387095,18001264.5,0.0,15.13204347826087,17.028379310344828,20.239516129032257,20.4356,26.953,26.9585,0.0,19.25517391304348,21.258275862068967,23.69151612903226,24.4125,30.78141935483871,30.482,0.0,11.659260869565218,13.409413793103448,17.378064516129033,16.903766666666666,23.825161290322583,24.783,0.0,0.0,0.0,0.0,0.0,0.0,0.0,0.0,0.0,0.0,0.0,0.0,0.0,0.0,0.0,2.0,5.0,0.0,3.0,0.0,0.0,0.0,63.4405,165.148,287.32,422.127,575.982,685.283,0.0,1.13,3.0359999999999996,5.263999999999999,7.5355,9.69,10.932,0.0,6.232,6.487,6.732,6.961,6.975,7.359500000000001,0.0,4.722
CN045,12.411,1.496,2020,180.282,478.032,886.765,1298.984,1958.3700000000001,2043.802,0.0,84.743,191.306,360.998,483.016,685.074,735.616,0.0,21.462374999999998,90.1943103448276,146.47687096774195,223.4716,236.58664516129033,311.70175,0.0,3.530958333333333,3.674586206896552,5.473935483870968,4.067266666666667,6.518,12.6355,0.0,8101086.833333333,9560751.25862069,9941335.258064516,13492419.916666666,18619466.51612903,17506916.75,0.0,12.51175,15.267241379310345,18.18493548387097,18.740633333333335,26.270516129032256,26.358,0.0,16.352,18.945793103448274,21.665290322580645,22.6983,30.347870967741937,29.90575,0.0,9.265,11.904206896551724,15.138483870967741,15.2533,22.666451612903224,23.69925,0.0,0.0,0.0,0.0,0.0,0.0,0.0,0.0,0.0,0.0,0.0,0.0,0.0,0.0,0.0,2.0,2.0,0.0,3.0,0.0,0.0,0.0,55.4285,141.403,245.105,368.93399999999997,519.314,629.347,0.0,1.154,3.0279999999999996,5.1165,7.4625,9.702,11.047,0.0,6.899,7.06,7.216,7.249499999999999,7.107,7.4395,0.0,4.579
CN050,12.526,1.429,2020,24.447,151.959,417.713,742.592,1266.494,1841.806,0.0,16.266,96.29,189.808,312.271,464.646,712.506,0.0,6.3565000000000005,21.68186206896552,54.912225806451616,95.0413,136.48964516129033,212.88880000000003,0.0,1.6265999999999998,2.759448275862069,3.016709677419355,4.0821000000000005,4.915322580645161,8.261999999999999,0.0,7096783.6,7709910.637931035,10573614.612903226,13320725.166666666,16956435.612903226,15152691.25,0.0,7.4447,9.373758620689655,13.572709677419356,15.8293,21.900064516129035,24.17706666666667,0.0,10.385200000000001,12.758724137931035,17.449548387096776,19.855133333333335,25.964322580645163,27.3774,0.0,4.5004,5.914827586206896,9.505387096774193,11.541766666666666,17.611903225806454,20.83053333333333,0.0,0.0,0.0,0.0,0.0,0.0,0.0,0.0,0.0,0.0,0.0,0.0,0.0,0.0,0.0,0.0,3.0,2.0,4.0,1.0,1.0,0.0,0.0,56.837,147.978,266.31899999999996,423.133,615.01,0.0,0.551,1.8085,3.8920000000000003,6.1905,8.403,11.078,0.0,7.035,6.996,6.971,6.9295,6.858,7.0285,0.0,5.695
CN051,12.899,1.434,2020,2.659,110.522,361.771,675.426,1196.226,1763.296,1993.266,4.356,39.759,91.64,152.661,244.101,437.767,541.123,1.2115,-3.5570000000000004,-30.775612903225806,-49.15,-100.04670967741934,-90.2295,-1.3611666666666646,2.178,1.2207931034482757,1.6735806451612902,2.0340333333333334,2.9496774193548387,6.455533333333333,8.613,7905794.25,10392273.844827587,12882695.822580645,14932143.766666668,18247104.629032258,16012625.466666667,14976427.958333334,6.3294999999999995,8.719413793103449,13.104806451612903,15.455166666666667,21.799999999999997,23.902333333333335,24.164166666666663,9.6345,12.987793103448276,17.60558064516129,20.115099999999998,26.591548387096772,27.926066666666667,27.564833333333336,2.6005,4.352724137931035,8.418516129032257,10.788566666666666,16.801322580645163,19.959366666666664,20.80875,0.0,0.0,0.0,0.0,0.0,0.0,0.0,0.0,0.0,0.0,0.0,0.0,0.0,0.0,0.0,0.0,1.0,1.0,0.0,0.0,0.0,0.0,84.184,210.442,336.983,462.67,607.732,760.361,0.0,1.3155000000000001,3.263,5.251,7.055,9.1775,11.35,6.8225,6.674,6.498,6.401,6.148,6.340999999999999,6.599500000000001,5.79
CN052,13.061,1.533,2020,0.0,89.533,290.828,514.243,942.259,1411.579,1490.762,25.34,91.043,167.563,264.254,395.816,702.913,755.923,14.782625000000001,25.634655172413794,29.35090322580645,33.1176,9.655096774193549,150.1196,268.67420000000004,3.1675,2.2656206896551727,2.4683870967741934,3.2230333333333334,4.243935483870968,10.236566666666667,10.602,8872935.5,10357004.22413793,14070466.629032258,14737387.166666666,18043934.06451613,16156855.0,16485173.0,2.823875,7.735448275862069,11.493387096774194,12.447166666666668,18.806967741935484,20.644000000000002,20.8366,6.52075,12.74651724137931,17.021709677419356,17.733066666666666,24.027548387096775,24.75793333333333,24.6584,0.1185,3.8903448275862065,7.075290322580646,8.022233333333334,14.341870967741936,17.363433333333333,17.698,0.0,0.0,0.0,0.0,0.0,0.0,0.0,0.0,0.0,0.0,0.0,0.0,0.0,0.0,0.0,0.0,1.0,4.0,0.0,0.0,0.0,0.0,63.588,160.625,269.222,396.49,547.332,665.307,0.517,1.623,3.3815,5.2165,7.154,9.4185,11.337,8.071,8.013,7.88,7.7509999999999994,7.5,7.9575,8.139,4.394
CN053,12.971,1.41,2020,2.529,138.474,423.156,705.681,1140.195,1612.276,1815.462,1.69,43.634,79.814,175.721,277.194,445.461,592.625,-0.323,-11.394275862068966,-73.45577419354838,-142.58043333333336,-200.9093870967742,-177.64656666666667,-94.92921428571428,1.69,1.446344827586207,1.1670967741935483,3.1969,3.273322580645161,5.6089,10.511714285714287,13442596.0,14747956.103448275,20014036.677419353,19155385.35,21818175.0,19081192.433333334,14621382.57142857,7.529,9.687758620689655,14.183290322580646,14.417499999999999,19.01658064516129,20.736033333333335,19.51328571428571,12.756,15.471793103448276,20.71874193548387,20.349033333333335,24.689806451612903,25.537166666666668,23.12364285714286,3.739,4.853758620689654,8.220387096774193,9.535866666666667,14.034548387096775,16.799366666666668,16.919285714285714,0.0,0.0,0.0,0.0,0.0,0.0,0.0,0.0,0.0,0.0,0.0,0.0,0.0,0.0,0.0,1.0,0.0,1.0,0.0,0.0,0.0,0.0,75.537,185.84,292.386,399.674,522.61,649.348,0.0,1.2235,3.1135,4.974,6.66,8.442499999999999,10.337499999999999,7.522,7.41,7.064,6.9585,6.783,7.242,7.7145,5.204
CN054,13.005,1.461,2020,0.0,0.0,0.9260000000000002,6.368000000000001,82.906,301.377,414.483,2.868,59.971000000000004,135.417,229.562,430.95,625.14,746.166,1.066,-5.966103448275862,-9.676451612903227,-25.572400000000002,-10.173548387096774,102.4035,192.22,2.868,1.9690689655172415,2.4337419354838707,3.1381666666666663,6.4963870967741935,6.473,9.309692307692307,15621596.0,18356657.310344826,21715456.903225806,23276004.333333332,21648468.096774194,19734136.2,17326514.46153846,-1.843,-0.710448275862069,1.9793870967741938,4.316233333333333,7.466483870967743,12.282366666666666,13.700461538461537,2.832,4.697241379310345,7.441967741935484,9.2686,12.456096774193549,17.123866666666668,17.967076923076924,-6.242,-5.647068965517241,-3.3445483870967743,-0.1325,3.397967741935484,8.462166666666667,10.370384615384616,0.0,3.0,0.0,0.0,0.0,0.0,0.0,0.0,0.0,0.0,0.0,0.0,0.0,0.0,0.0,3.0,0.0,0.0,0.0,0.0,0.0,0.0,43.429,108.46799999999999,175.694,259.056,372.126,490.015,0.0,0.7244999999999999,1.882,3.06,4.11,5.3505,6.344,5.442,5.458,5.488,5.4675,5.514,5.8335,6.216,6.211
CN061,12.801,1.465,2020,0.0,16.929,139.629,388.772,846.419,1377.675,1627.1779999999999,0.0,14.43,32.475,54.539,96.367,207.153,239.785,0.0,-21.403107142857145,-76.93545161290322,-156.38706666666667,-270.90999999999997,-365.41176666666667,-397.49984615384614,0.0,0.5153571428571428,0.5820967741935484,0.7354666666666667,1.3492903225806452,3.6928666666666667,2.510153846153846,0.0,13620158.49107143,16504781.677419355,20427009.016666666,22612493.19354839,19207301.183333334,19900803.46153846,0.0,2.949214285714286,8.872677419354838,13.304766666666668,19.7628064516129,22.70853333333333,24.19253846153846,0.0,9.365285714285715,14.96016129032258,19.80206666666667,26.049677419354836,28.052433333333333,29.16446153846154,0.0,-2.8595357142857147,2.763709677419355,6.691533333333334,13.016483870967743,17.337333333333333,18.97107692307692,0.0,2.0,0.0,0.0,0.0,0.0,0.0,0.0,0.0,0.0,0.0,0.0,0.0,0.0,0.0,17.0,9.0,7.0,8.0,3.0,2.0,0.0,38.564499999999995,109.892,215.131,335.16499999999996,457.751,584.9035,0.0,0.7589999999999999,2.053,3.54,5.146,6.7204999999999995,8.339500000000001,0.0,4.095,3.927,3.6485,3.414,4.04,3.938,5.258
CN062,12.84,1.465,2020,0.0,0.0,35.489999999999995,202.766,547.885,1005.875,1343.822,0.0,4.095000000000001,14.081,25.196,61.423,120.899,158.403,0.0,-19.331899999999997,-76.84261290322581,-169.1125,-296.8812258064516,-423.8721,-510.2613,0.0,0.20475000000000004,0.32212903225806455,0.3705,1.1686129032258066,1.9825333333333333,1.8752,0.0,15653766.25,18284680.16129032,21832230.766666666,23380289.612903226,22033501.6,21748647.6,0.0,-0.18485,4.636,10.4955,16.132870967741933,20.266333333333332,21.89735,0.0,6.8653,10.938709677419354,17.1625,22.383387096774193,26.2258,27.510250000000003,0.0,-6.92565,-1.8601935483870968,3.2264,9.387645161290322,13.716000000000001,15.749199999999998,0.0,6.0,0.0,0.0,0.0,0.0,0.0,0.0,0.0,0.0,0.0,0.0,0.0,0.0,0.0,12.0,9.0,10.0,6.0,1.0,0.0,0.0,17.505499999999998,46.677,85.64099999999999,145.289,249.524,375.70050000000003,0.0,0.318,0.8880000000000001,1.579,2.484,3.7985,5.581,0.0,3.2720000000000002,3.14,2.809,3.142,3.1105,3.162,6.163
CN063,13.39,1.445,2020,0.0,0.0,4.592,61.247,256.116,565.647,803.9780000000001,0.0,3.323,19.477,46.296,122.69800000000001,207.37199999999999,264.322,0.0,-17.83494736842105,-63.17148387096774,-121.09746666666666,-192.35525806451614,-249.14636666666667,-280.6399,0.0,0.17489473684210527,0.5210967741935484,0.8939666666666667,2.4645806451612904,2.8224666666666662,2.8475,0.0,17158674.10526316,18777201.225806452,21817200.3,23216614.64516129,21116072.783333335,20813907.55,0.0,-2.0197894736842104,1.8573225806451612,6.040733333333334,11.256225806451612,15.3177,16.91655,0.0,4.767789473684211,7.562548387096774,11.700700000000001,17.20983870967742,20.921,22.231,0.0,-8.714157894736841,-3.967129032258064,0.3178,5.589903225806451,10.009866666666666,11.904900000000001,0.0,12.0,0.0,0.0,0.0,0.0,0.0,0.0,0.0,0.0,0.0,0.0,0.0,0.0,0.0,14.0,9.0,3.0,4.0,0.0,0.0,0.0,17.149,45.624,81.886,140.318,242.358,359.799,0.0,0.2455,0.729,1.401,2.266,3.504,5.155,0.0,4.564,4.511,4.4905,4.557,4.6434999999999995,4.782,6.921
CN064,12.016,1.441,2020,0.0,4.143999999999999,67.245,265.819,664.63,1187.156,1500.961,0.0,3.7560000000000002,11.242,15.877,30.411,69.765,89.08,0.0,-23.16272727272727,-92.57974193548388,-198.55273333333335,-351.377935483871,-514.5287000000001,-624.9934705882353,0.0,0.17072727272727273,0.24148387096774196,0.1545,0.46883870967741936,1.3118,1.1361764705882353,0.0,15134136.409090908,18309801.19354839,22717183.966666665,24333757.322580647,23975640.666666668,21727965.411764707,0.0,0.7225454545454545,6.0764516129032256,11.591466666666667,17.864870967741936,22.41753333333333,23.459117647058825,0.0,8.290090909090909,12.624548387096773,18.409299999999998,24.448612903225808,28.687033333333332,29.211411764705883,0.0,-6.1134545454545455,-0.5953548387096774,3.8407666666666667,10.295064516129033,14.942133333333334,17.128,0.0,5.0,0.0,0.0,0.0,0.0,0.0,0.0,0.0,0.0,0.0,0.0,0.0,0.0,0.0,15.0,14.0,19.0,10.0,9.0,4.0,0.0,14.937000000000001,39.545,71.572,117.352,207.745,336.38,0.0,0.253,0.6965,1.2445,1.889,2.8945,4.378,0.0,2.9385,2.808,2.3845,2.291,3.2664999999999997,3.042,7.718
CN065,13.176,1.431,2020,0.0,0.0,19.084999999999997,295.698,730.513,1213.845,1647.175,0.0,10.613,33.594,60.252,91.919,127.735,162.08,0.0,-2.23675,-28.20448387096774,-95.21610000000001,-213.69454838709677,-365.77363333333335,-483.4983333333333,0.0,0.6633125,0.7413225806451613,0.8886000000000001,1.021516129032258,1.1938666666666669,1.4310416666666665,0.0,11665936.8125,16610482.548387097,20999484.8,23485319.129032258,24605429.766666666,23505805.333333332,0.0,-1.869125,3.3728387096774193,14.220433333333334,19.026290322580646,21.111066666666666,23.05541666666667,0.0,3.2357500000000003,9.496129032258064,20.847766666666665,24.947709677419354,26.903066666666668,28.32225,0.0,-7.169625,-3.0991935483870967,6.806533333333333,12.509225806451614,15.076333333333334,17.582666666666665,0.0,8.0,3.0,0.0,0.0,0.0,0.0,0.0,0.0,0.0,0.0,0.0,0.0,0.0,0.0,4.0,11.0,5.0,2.0,1.0,0.0,0.0,7.051,25.473,66.494,138.456,272.012,465.40999999999997,0.0,0.226,0.7285,1.4855,2.504,3.9779999999999998,5.936999999999999,0.0,3.0725,2.91,2.566,2.637,2.523,2.7725,8.833
CN011,14.819,1.511,2021,0.0,6.3660000000000005,74.761,285.414,671.399,1198.575,1438.19,0.0,13.528,39.461,45.518,62.341,120.322,351.957,0.0,-19.50823076923077,-45.717387096774196,-128.44013333333334,-259.32893548387096,-382.2215,-344.68915384615383,0.0,0.5203076923076924,0.8365483870967741,0.20190000000000002,0.5426774193548387,1.9327,17.818076923076923,0.0,12650267.48076923,15780141.14516129,19118027.966666665,22727809.870967742,21240927.633333333,18764295.96153846,0.0,0.6323846153846154,6.077129032258064,12.021766666666668,17.451129032258066,22.572533333333336,23.431923076923077,0.0,7.535615384615385,11.79558064516129,18.26086666666667,23.950548387096774,28.3802,28.190461538461538,0.0,-5.22926923076923,0.6721612903225805,5.7612,11.004129032258064,16.8648,19.229230769230767,0.0,5.0,0.0,0.0,0.0,0.0,0.0,0.0,0.0,0.0,0.0,0.0,0.0,0.0,0.0,21.0,16.0,14.0,9.0,10.0,0.0,0.0,22.7045,60.996,123.61500000000001,225.59,358.87600000000003,497.80150000000003,0.0,0.454,1.2915,2.313,3.8645000000000005,5.987,7.7775,0.0,2.908,3.652,2.6870000000000003,2.327,3.5309999999999997,4.452,6.789
CN012,14.794,1.439,2021,0.0,11.331,133.567,407.096,869.4449999999999,1459.322,1726.597,0.0,14.379,33.855,46.458,53.882,126.467,351.055,0.0,-21.61528,-58.52487096774193,-154.94473333333332,-307.2870967741935,-453.90913333333333,-441.7416923076923,0.0,0.57516,0.628258064516129,0.4201,0.23948387096774193,2.4195,17.276,0.0,12474477.93,15995303.758064516,18634845.133333333,23159938.096774194,21470479.233333334,19271093.307692308,0.0,2.4132000000000002,8.247225806451613,14.117633333333334,19.914483870967743,24.662566666666667,25.559615384615384,0.0,9.64592,14.026903225806452,20.06886666666667,26.372645161290322,30.550133333333335,30.339923076923075,0.0,-3.6326,2.8156451612903224,8.338433333333333,13.719612903225807,19.289266666666666,21.505307692307692,0.0,1.0,0.0,0.0,0.0,0.0,0.0,0.0,0.0,0.0,0.0,0.0,0.0,0.0,0.0,19.0,20.0,19.0,18.0,11.0,0.0,0.0,18.4135,55.497,141.043,279.801,420.621,544.023,0.0,0.387,1.0699999999999998,2.207,3.8875,5.705,7.2205,0.0,2.68,4.101,3.3565,2.271,3.8505000000000003,4.912,6.371
CN013,14.781,1.481,2021,0.0,13.594000000000001,104.075,325.63,734.844,1288.413,1547.999,0.0,18.221,41.841,56.959,76.607,135.122,253.254,0.0,-22.959919999999997,-54.73761290322581,-139.29906666666665,-271.7009032258064,-401.52563333333336,-440.2308461538462,0.0,0.72884,0.7619354838709678,0.5039333333333332,0.6338064516129032,1.9505000000000001,9.087076923076923,0.0,12952611.88,16230914.64516129,19074503.3,23132499.951612905,22246084.033333335,20129655.46153846,0.0,2.42524,7.148064516129033,12.385166666666667,18.200451612903223,23.452299999999997,24.968153846153847,0.0,9.4352,13.034935483870969,18.4163,24.64290322580645,29.405166666666666,30.052076923076925,0.0,-3.7017200000000003,1.676225806451613,6.621733333333333,11.788290322580645,17.8039,20.403923076923075,0.0,2.0,0.0,0.0,0.0,0.0,0.0,0.0,0.0,0.0,0.0,0.0,0.0,0.0,0.0,16.0,15.0,8.0,5.0,4.0,0.0,0.0,26.4505,80.299,176.28199999999998,295.225,415.554,542.323,0.0,0.446,1.4035000000000002,2.663,4.245,5.952,7.533,0.0,2.415,3.85,3.1855,2.664,3.46,4.236,5.984
CN014,14.597,1.473,2021,0.0,8.357000000000001,71.26,220.423,575.801,1070.426,1321.813,0.0,22.218,51.102000000000004,74.919,111.773,168.108,242.103,0.0,-23.50928,-51.051806451612904,-107.71903333333333,-217.92332258064513,-330.8054,-384.7477857142857,0.0,0.88872,0.931741935483871,0.7939,1.1888387096774193,1.8778333333333335,5.285357142857142,0.0,13432379.26,16276835.032258065,18108474.433333334,23804573.112903226,22705737.983333334,22203297.07142857,0.0,2.10228,6.057548387096774,9.972100000000001,16.463806451612903,21.4875,22.956214285714285,0.0,9.00836,11.903387096774193,15.604833333333334,23.2381935483871,27.4171,28.766785714285714,0.0,-4.0424,0.5011612903225806,4.581433333333334,9.547548387096773,15.468766666666665,17.37107142857143,0.0,1.0,0.0,0.0,0.0,0.0,0.0,0.0,0.0,0.0,0.0,0.0,0.0,0.0,0.0,18.0,12.0,5.0,9.0,7.0,1.0,0.0,18.0465,49.95,93.314,150.46,248.017,385.581,0.0,0.372,1.036,1.772,2.738,4.2445,5.984999999999999,0.0,2.392,4.029,3.676,3.315,3.3965,3.9865000000000004,5.515
CN015,13.312,1.479,2021,0.0,0.0,17.828000000000003,119.68299999999999,433.535,889.739,1137.196,0.0,5.595,19.908,43.235,67.807,154.536,229.397,0.0,-13.262739130434783,-54.280419354838706,-129.82606666666666,-247.26174193548385,-350.87106666666665,-378.0205,0.0,0.2432608695652174,0.46170967741935487,0.7775666666666666,0.7926451612903226,2.8909666666666665,5.347214285714286,0.0,12081261.608695652,16440396.451612903,19495045.166666668,22623819.16129032,22143383.533333335,18840920.07142857,0.0,-6.617217391304348,1.785,8.131633333333333,15.12425806451613,20.206799999999998,22.6755,0.0,-0.46960869565217395,8.195612903225806,14.4237,21.541935483870965,25.822433333333333,27.460285714285714,0.0,-12.001782608695652,-4.287258064516129,1.6126,8.433935483870968,14.595400000000001,18.398642857142857,0.0,19.0,6.0,0.0,0.0,0.0,0.0,0.0,0.0,0.0,0.0,0.0,0.0,0.0,0.0,11.0,6.0,5.0,3.0,1.0,0.0,0.0,20.7905,57.147999999999996,100.794,153.751,249.47299999999998,391.8985,0.0,0.363,1.056,1.78,2.644,4.0745,5.7844999999999995,0.0,4.075,4.178,4.0785,3.789,4.055,4.517,7.121
CN021,14.162,1.52,2021,0.0,0.0,33.887,193.258,532.727,994.302,1228.561,0.0,5.746,19.121,58.754,102.627,264.569,334.458,0.0,-15.79973076923077,-60.599,-140.58093333333332,-236.19232258064517,-270.3165333333333,-244.87576923076924,0.0,0.22100000000000003,0.4314516129032258,1.3211000000000002,1.415258064516129,5.398066666666667,5.376076923076923,0.0,12298372.365384616,16386142.096774194,19088460.233333334,20984817.85483871,19991807.816666666,16864739.769230768,0.0,-3.7066538461538463,3.7672258064516133,10.2766,15.950612903225807,20.385833333333334,23.019923076923078,0.0,2.206153846153846,9.939645161290324,16.291633333333333,21.897806451612905,25.164133333333332,26.80330769230769,0.0,-8.824307692307691,-1.9003225806451614,4.176466666666666,10.113774193548387,16.108866666666668,19.992461538461537,0.0,13.0,5.0,0.0,0.0,0.0,0.0,0.0,0.0,0.0,0.0,0.0,0.0,0.0,0.0,18.0,16.0,13.0,6.0,1.0,0.0,0.0,21.7455,58.608999999999995,105.803,171.691,289.784,449.567,0.0,0.432,1.21,2.03,3.144,4.986,7.138,0.0,4.905,4.774,4.5440000000000005,4.545,5.0045,5.491,7.372
CN022,13.895,1.483,2021,0.0,0.0,11.797,119.702,426.715,859.046,1111.381,0.0,8.923,28.444,49.923,94.92999999999999,232.513,300.698,0.0,-7.290357142857142,-37.58196774193548,-109.54943333333334,-197.1936451612903,-229.48943333333332,-225.72628571428572,0.0,0.3186785714285714,0.6297096774193549,0.7159666666666666,1.4518387096774192,4.5861,4.870357142857143,0.0,11196351.767857144,15703512.193548387,19375433.533333335,21212119.548387095,20165670.033333335,17762250.85714286,0.0,-9.579535714285713,0.952290322580645,8.174766666666667,14.903645161290322,19.411033333333332,23.02392857142857,0.0,-4.0553928571428575,6.829935483870968,14.3887,20.82783870967742,24.116633333333333,27.024214285714287,0.0,-14.818071428571429,-4.808903225806452,1.4028,8.690677419354838,15.113966666666666,19.735714285714288,0.0,27.0,7.0,0.0,0.0,0.0,0.0,0.0,0.0,0.0,0.0,0.0,0.0,0.0,0.0,16.0,13.0,13.0,5.0,2.0,0.0,0.0,18.835,56.979,101.757,157.289,261.43,419.1085,0.0,0.465,1.295,2.091,3.064,4.736000000000001,6.8759999999999994,0.0,5.544499999999999,5.439,5.134,5.03,5.449999999999999,5.7505,7.267
CN023,14.269,1.486,2021,0.0,0.0,0.6799999999999997,75.479,351.23,785.801,988.983,0.0,11.969,42.599,66.553,130.73499999999999,237.27,303.515,0.0,-2.5285,-18.701709677419355,-62.3705,-121.83800000000001,-164.80003333333335,-164.47091666666668,0.0,0.4274642857142857,0.9880645161290322,0.7984666666666667,2.0703870967741937,3.5511666666666666,5.520416666666667,0.0,10135535.339285715,14696987.129032258,19318061.833333332,21223994.548387095,20915703.166666668,17264143.583333332,0.0,-13.66307142857143,-1.480774193548387,6.580266666666666,13.895193548387097,19.4857,21.931833333333334,0.0,-8.277107142857142,4.254096774193549,12.785833333333333,19.554774193548386,24.432333333333336,25.789083333333334,0.0,-19.00117857142857,-7.236064516129033,-0.14139999999999997,7.9401935483870965,14.655233333333333,18.587666666666667,0.0,28.0,8.0,0.0,0.0,0.0,0.0,0.0,0.0,0.0,0.0,0.0,0.0,0.0,0.0,7.0,15.0,8.0,2.0,2.0,0.0,0.0,13.936,43.991,83.756,135.128,240.187,403.82449999999994,0.0,0.45049999999999996,1.267,2.0949999999999998,3.11,4.9015,7.127000000000001,0.0,5.8415,5.89,5.684,5.561,5.727,5.9879999999999995,6.36
CN031,12.706,1.42,2021,36.623999999999995,152.108,342.73199999999997,658.5889999999999,1151.426,1729.81,0.0,17.224,71.228,163.166,239.035,404.423,562.946,0.0,5.4510000000000005,4.032249999999999,20.454612903225804,24.001600000000003,25.793161290322583,78.85263333333333,0.0,1.4353333333333333,1.9287142857142856,2.965741935483871,2.528966666666667,5.335096774193548,5.2841,0.0,8713608.989583334,11591632.107142856,13016746.379032258,17884018.5,19301930.08870968,17033709.583333332,0.0,7.917750000000001,9.036857142857142,11.149161290322581,15.528566666666666,20.897967741935485,24.279466666666668,0.0,11.516166666666665,13.3215,14.777967741935484,19.3114,24.983548387096775,27.635466666666666,0.0,4.578833333333333,5.393035714285714,7.676516129032258,11.9467,17.171064516129032,21.4244,0.0,0.0,0.0,0.0,0.0,0.0,0.0,0.0,0.0,0.0,0.0,0.0,0.0,0.0,0.0,3.0,17.0,5.0,9.0,11.0,7.0,0.0,20.917,67.07,156.675,268.213,372.928,473.98,0.0,0.292,1.1404999999999998,2.7399999999999998,4.323,5.8145,7.42,0.0,6.484999999999999,6.452999999999999,6.663,6.531000000000001,6.731,7.095000000000001,0.0,6.706
CN032,13.994,1.439,2021,3.430999999999999,85.089,247.546,531.573,1015.047,1637.86,1901.355,0.503,34.965,89.867,144.88,255.56,350.416,503.903,-1.237,-21.916607142857142,-31.80496774193548,-71.23,-90.36580645161291,-133.47916666666666,-96.40716666666667,0.503,1.2307857142857144,1.7710322580645161,1.8337666666666665,3.5703225806451617,3.1618666666666666,12.790583333333332,11325020.0,12462136.00892857,14404603.556451613,16289057.691666666,20355510.758064516,20272594.45,16748093.833333334,8.431,7.598214285714286,10.197387096774195,14.467566666666666,20.59593548387097,25.76043333333333,26.957916666666666,14.306,13.005892857142857,15.04225806451613,19.2115,25.651129032258062,30.373633333333334,30.701999999999998,2.584,2.9546428571428573,5.56174193548387,9.873033333333334,15.499419354838711,21.35056666666667,23.829333333333334,0.0,0.0,0.0,0.0,0.0,0.0,0.0,0.0,0.0,0.0,0.0,0.0,0.0,0.0,0.0,17.0,11.0,11.0,13.0,5.0,0.0,0.0,76.756,225.736,414.284,595.094,725.63,843.0905,0.0,1.081,3.2489999999999997,5.515000000000001,7.745000000000001,9.4205,11.0655,5.536,5.4315,5.558,5.3865,5.256,5.1690000000000005,5.9805,5.994
CN033,12.565,1.447,2021,58.173,209.376,434.365,780.525,1309.092,1738.259,0.0,20.494,92.303,249.78300000000002,331.583,623.881,853.615,0.0,-8.18121052631579,1.813142857142857,57.208451612903225,106.0344,162.70906451612902,344.1046818181818,0.0,1.0786315789473684,2.5646071428571426,5.080000000000001,2.7266666666666666,9.428967741935484,10.442454545454545,0.0,10134526.684210526,10804363.47767857,12042100.435483871,15689434.0,17015399.048387095,14498984.522727273,0.0,7.818789473684212,10.400107142857141,12.257709677419355,16.538666666666668,22.050548387096775,24.50759090909091,0.0,12.882157894736842,14.996571428571428,16.184290322580644,20.476499999999998,26.17309677419355,28.148863636363636,0.0,3.2650526315789477,6.5035357142857135,8.632290322580646,12.807799999999999,18.353774193548386,21.395454545454545,0.0,0.0,0.0,0.0,0.0,0.0,0.0,0.0,0.0,0.0,0.0,0.0,0.0,0.0,0.0,8.0,10.0,3.0,6.0,1.0,2.0,0.0,26.44,84.80000000000001,192.133,319.556,447.918,574.088,0.0,0.577,1.9315000000000002,3.885,5.7940000000000005,7.6845,9.655,0.0,7.117,7.213,7.577,7.491,7.79,8.105,0.0,4.41
CN034,13.843,1.492,2021,5.7010000000000005,111.15899999999999,291.052,591.587,1095.118,1738.303,1906.148,0.536,33.382,115.345,167.58,301.533,407.283,548.866,-3.5636666666666668,-25.57803571428571,-24.464645161290324,-39.81066666666666,-47.810419354838714,-84.4268,-44.255250000000004,0.17866666666666667,1.1730714285714285,2.6439677419354837,1.7411666666666668,4.321064516129033,3.525,17.697875,12754484.0,12233229.223214285,13267950.370967742,15347222.425,19681722.129032258,20235979.266666666,14243195.1875,6.622,8.719142857142858,10.802999999999999,15.017833333333334,21.242935483870966,26.439500000000002,25.980625,13.218333333333334,14.156892857142855,15.410129032258064,19.508266666666668,26.194064516129032,31.0707,29.044375,0.1466666666666668,3.9971428571428573,6.350193548387097,10.560466666666667,16.187,21.789933333333334,23.48625,0.0,0.0,0.0,0.0,0.0,0.0,0.0,0.0,0.0,0.0,0.0,0.0,0.0,0.0,2.0,12.0,6.0,9.0,12.0,7.0,0.0,0.0,90.39699999999999,249.422,432.908,602.068,728.34,821.785,0.0,1.2915,3.6695,5.966,8.1305,9.818999999999999,11.185,6.085,5.998,6.157,6.021,5.959,5.7755,6.9399999999999995,5.408
CN035,11.511,1.369,2021,117.58800000000001,356.38,681.756,1083.741,1633.305,1689.928,0.0,8.327,86.23,187.239,290.986,680.304,723.0409999999999,0.0,-25.31673333333333,-42.84939285714285,-14.035516129032255,-14.65753333333333,108.84274193548387,311.51399999999995,0.0,0.2775666666666667,2.7822500000000003,3.2583548387096775,3.4582333333333333,12.558645161290322,14.245666666666667,0.0,13016654.35,12894852.419642856,13074730.975806452,14561178.983333332,15673846.903225806,13509690.666666666,0.0,8.500333333333334,13.528285714285715,15.495999999999999,18.3995,22.727870967741936,23.874333333333336,0.0,14.805900000000001,19.013857142857145,20.171548387096774,22.8205,26.884612903225808,27.532,0.0,3.3175999999999997,8.847464285714286,11.593548387096773,14.765233333333333,19.3518064516129,21.240333333333336,0.0,0.0,0.0,0.0,0.0,0.0,0.0,0.0,0.0,0.0,0.0,0.0,0.0,0.0,0.0,14.0,6.0,2.0,2.0,1.0,0.0,0.0,71.56700000000001,187.87900000000002,329.69,482.853,643.354,752.268,0.0,1.234,3.3289999999999997,5.6739999999999995,7.916,10.274000000000001,12.006,0.0,7.438,7.4925,7.756,7.7044999999999995,8.165,8.544,0.0,4.513
CN036,11.508,1.358,2021,68.606,264.118,539.239,910.557,1454.787,1569.063,0.0,17.416999999999998,105.326,296.488,448.15,841.156,895.198,0.0,-21.89390322580645,-14.100642857142857,61.21483870967742,176.5419,338.6043548387097,524.6945,0.0,0.5618387096774193,3.1396071428571424,6.166516129032258,5.055400000000001,12.677612903225805,9.007,0.0,11024615.064516129,10564518.879464285,11061643.072580645,11687731.766666668,14775343.193548387,19015672.416666668,0.0,6.315516129032258,11.982571428571429,13.874870967741934,17.377266666666667,22.555806451612902,24.046000000000003,0.0,11.741354838709677,16.53342857142857,17.53625806451613,21.018533333333334,26.43716129032258,28.3395,0.0,1.5893225806451612,7.865214285714286,10.40874193548387,14.228266666666666,19.188774193548387,19.865,0.0,0.0,0.0,0.0,0.0,0.0,0.0,0.0,0.0,0.0,0.0,0.0,0.0,0.0,0.0,21.0,5.0,3.0,3.0,2.0,2.0,0.0,76.886,189.93200000000002,305.405,427.94,568.855,675.884,0.0,1.192,3.115,5.2105,7.215,9.397,11.095,0.0,7.476,7.5365,7.888,7.9785,8.363,8.370999999999999,0.0,4.283
CN037,14.446,1.493,2021,0.0,55.332,203.906,472.323,938.406,1565.726,1882.398,0.0,42.854,70.164,108.088,150.819,224.768,300.16700000000003,0.0,-20.79688,-38.721580645161296,-108.33633333333334,-197.95393548387096,-315.4976,-368.1435714285714,0.0,1.71416,0.8809677419354839,1.2641333333333333,1.3784193548387098,2.4649666666666668,5.385642857142857,0.0,12833947.96,15470038.387096774,17810473.391666666,22340215.29032258,21454994.766666666,20317510.92857143,0.0,6.16812,9.419451612903226,13.947233333333335,20.034935483870967,25.910666666666668,27.619428571428575,0.0,12.381279999999999,15.17874193548387,19.3916,25.98732258064516,31.380666666666666,32.29692857142857,0.0,0.63056,4.151032258064515,8.758133333333335,14.047774193548387,20.757033333333332,23.491357142857144,0.0,0.0,0.0,0.0,0.0,0.0,0.0,0.0,0.0,0.0,0.0,0.0,0.0,0.0,0.0,18.0,18.0,11.0,8.0,6.0,1.0,0.0,44.661500000000004,136.38,289.374,455.88599999999997,591.508,713.393,0.0,0.645,2.044,3.8890000000000002,5.9875,7.7995,9.410499999999999,0.0,4.014,4.393,4.2364999999999995,3.959,3.9400000000000004,4.1285,6.645
CN041,14.925,1.468,2021,0.0,92.30799999999999,269.981,566.391,1077.703,1740.207,2012.971,0.0,42.787,90.289,136.458,193.555,281.32099999999997,342.952,0.0,-24.197925925925922,-35.46222580645161,-74.44523333333333,-145.49825806451614,-247.6,-276.18850000000003,0.0,1.5847037037037037,1.5323225806451612,1.5389666666666666,1.8418387096774194,2.925533333333333,5.135916666666667,0.0,12547625.787037037,13697876.758064516,16298688.475,20984787.79032258,20525944.8,18606223.333333332,0.0,8.224481481481481,10.60474193548387,14.880333333333335,21.493935483870967,27.083466666666666,27.730333333333334,0.0,14.320629629629629,15.708677419354839,19.893766666666668,27.058774193548388,32.29333333333333,32.00491666666667,0.0,2.731888888888889,5.885290322580646,10.017033333333334,15.808129032258066,21.990666666666666,23.89825,0.0,0.0,0.0,0.0,0.0,0.0,0.0,0.0,0.0,0.0,0.0,0.0,0.0,0.0,0.0,16.0,10.0,11.0,14.0,9.0,0.0,0.0,74.1945,212.315,404.468,584.074,712.468,833.117,0.0,1.2105000000000001,3.4225000000000003,5.642,7.846,9.4875,11.104500000000002,0.0,3.685,4.264,4.1175,3.817,3.6645000000000003,4.1725,5.325
CN042,13.08,1.433,2021,9.242,142.918,348.957,664.122,1162.588,1803.698,1886.896,3.0700000000000003,45.806,147.60999999999999,266.18,453.681,552.271,592.73,-2.8232000000000004,-16.293964285714285,-1.787806451612902,57.38603333333334,117.04445161290323,115.98913333333333,126.27825,0.6140000000000001,1.5262857142857145,3.2840000000000003,3.9523333333333337,6.0484193548387095,3.2863333333333333,10.11475,9831013.8,11462215.254464285,11311290.290322581,12781138.75,16614939.233870968,19614457.116666667,12984083.375,6.8484,9.721964285714284,11.64641935483871,15.505500000000001,21.079548387096775,26.370333333333335,25.7995,11.5486,14.930428571428573,15.94216129032258,19.615666666666666,25.36616129032258,30.4715,28.62325,2.1217999999999995,4.993821428571429,7.430032258064516,11.634633333333333,16.941870967741934,22.28643333333333,23.609,0.0,0.0,0.0,0.0,0.0,0.0,0.0,0.0,0.0,0.0,0.0,0.0,0.0,0.0,3.0,10.0,6.0,3.0,9.0,7.0,0.0,0.0,72.547,194.752,324.506,449.914,591.454,715.818,0.0,1.115,3.1100000000000003,5.151,7.114000000000001,9.457,11.317,6.738,6.649,6.686,7.0009999999999994,7.114,6.837,7.0725,4.242
CN043,12.106,1.391,2021,59.172,227.631,471.881,800.923,1317.181,1613.235,0.0,27.648,115.149,253.993,437.275,748.564,812.422,0.0,-14.467652173913041,12.434785714285715,63.890354838709676,188.64669999999998,344.1822903225806,447.64135714285715,0.0,1.2020869565217391,3.1250357142857146,4.47883870967742,6.109399999999999,10.04158064516129,4.561285714285714,0.0,9825494.847826088,10137118.825892856,9797410.620967742,9699425.108333332,14865513.612903226,20483158.25,0.0,7.367565217391305,11.016392857142858,12.879032258064516,15.968066666666667,21.653483870967744,26.146714285714285,0.0,11.981260869565219,15.44775,16.502741935483872,19.180666666666664,25.387806451612906,30.473285714285712,0.0,2.7559565217391304,6.886357142857143,9.309000000000001,12.998633333333334,18.111677419354837,21.660785714285712,0.0,0.0,0.0,0.0,0.0,0.0,0.0,0.0,0.0,0.0,0.0,0.0,0.0,0.0,0.0,13.0,7.0,2.0,2.0,1.0,3.0,0.0,44.014,121.497,216.709,311.968,424.801,543.577,0.0,0.812,2.4295,4.3415,6.066,7.973,9.756,0.0,7.7,7.7465,7.84,8.153500000000001,8.354,8.2,0.0,5.888
CN044,11.814,1.393,2021,207.962,572.435,1055.033,1594.921,2290.062,2358.403,0.0,7.781000000000001,93.832,142.805,265.601,395.149,423.68399999999997,0.0,-26.60704347826087,-38.72853571428572,-53.771580645161286,-93.88606666666666,-76.16312903225806,-70.60000000000001,0.0,0.338304347826087,3.0732499999999994,1.579774193548387,4.0932,4.178967741935484,9.511666666666667,0.0,13496655.608695652,14562093.535714285,13982923.016129032,15222853.133333333,20298051.548387095,17625972.0,0.0,14.04182608695652,18.016892857142857,20.567677419354837,22.996266666666667,27.423903225806452,27.78033333333333,0.0,19.243347826086957,23.016107142857145,24.431709677419356,26.67553333333333,31.28041935483871,31.491,0.0,9.523695652173913,13.604,17.329870967741936,19.961533333333332,24.248548387096776,24.995666666666665,0.0,0.0,0.0,0.0,0.0,0.0,0.0,0.0,0.0,0.0,0.0,0.0,0.0,0.0,0.0,12.0,11.0,0.0,0.0,0.0,0.0,0.0,66.5385,173.93,300.529,433.985,587.847,698.388,0.0,1.095,2.997,5.038500000000001,7.082000000000001,9.3655,11.026,0.0,6.266,6.265000000000001,6.327,6.5295000000000005,6.617,6.715,0.0,4.684
CN045,12.411,1.496,2021,173.436,505.758,931.131,1407.652,2052.458,2150.882,0.0,11.298,86.29799999999999,166.53799999999998,322.009,529.363,626.951,0.0,-25.57225,-35.822607142857144,-19.066774193548394,-2.044600000000007,80.9168064516129,187.2018,0.0,0.47075,2.6785714285714284,2.5883870967741935,5.182366666666667,6.688838709677419,19.5176,0.0,10733531.645833334,12011472.767857144,10844953.467741935,11603067.466666667,17264460.30645161,16019826.8,0.0,12.183708333333334,16.868642857142856,18.721709677419355,20.88403333333333,25.8001935483871,24.684800000000003,0.0,16.874791666666667,21.60235714285714,22.28777419354839,24.421266666666668,29.700032258064518,28.913400000000003,0.0,7.909458333333333,12.590785714285715,15.522387096774194,17.937366666666666,22.415903225806453,21.148400000000002,0.0,0.0,0.0,0.0,0.0,0.0,0.0,0.0,0.0,0.0,0.0,0.0,0.0,0.0,0.0,10.0,6.0,0.0,0.0,0.0,1.0,0.0,62.20349999999999,156.79500000000002,261.317,372.178,515.96,629.62,0.0,1.053,2.7835,4.71,6.678,8.988,10.755,0.0,6.681,6.6905,6.835,7.04,7.258,7.635,0.0,4.636
CN050,12.526,1.429,2021,30.301000000000002,207.136,477.779,813.765,1295.502,1867.965,1887.916,14.39,72.771,178.349,314.162,473.948,611.525,619.516,3.2620999999999993,0.5068928571428571,32.220225806451616,97.54696666666668,186.54322580645163,202.71396666666666,238.726,1.439,2.085035714285714,3.405741935483871,4.5271,5.154387096774194,4.5859,7.991,6537791.975,9226426.17857143,10441985.209677419,9924268.816666666,13089772.467741935,16668472.658333333,15002090.0,8.030100000000001,11.315535714285714,13.730419354838709,16.19953333333333,20.53990322580645,24.0821,24.951,11.1175,15.561535714285714,17.39212903225806,19.381466666666665,24.039709677419356,27.570833333333333,27.146,4.906499999999999,7.046107142857143,9.723709677419356,12.9327,16.964225806451612,20.4055,22.772,0.0,0.0,0.0,0.0,0.0,0.0,0.0,0.0,0.0,0.0,0.0,0.0,0.0,0.0,1.0,3.0,2.0,2.0,3.0,3.0,0.0,0.0,66.12899999999999,169.152,290.145,443.693,629.765,767.409,0.496,1.7494999999999998,3.6645000000000003,5.695,7.954000000000001,10.906,0.0,7.069,7.021,6.956,6.9955,7.056,6.782,7.112,5.736
CN051,12.899,1.434,2021,5.671,156.988,408.536,728.415,1205.857,1749.924,2004.606,1.1749999999999998,34.226,92.197,180.512,274.421,420.395,515.09,-1.6044999999999998,-17.233107142857143,-26.694548387096777,-23.494333333333334,-17.474870967741936,-24.634666666666664,25.450846153846154,0.5874999999999999,1.1803928571428572,1.8700322580645163,2.943833333333333,3.0293225806451614,4.865799999999999,7.28423076923077,10340002.0,11060975.892857144,11826022.338709677,11954186.283333333,15486234.741935484,16098237.6,16218927.0,7.8355,10.404178571428572,13.114451612903226,15.662633333333334,20.40135483870968,23.135566666666666,24.59092307692308,12.2655,15.265857142857143,17.274193548387096,19.546733333333336,24.556967741935484,26.969966666666668,27.972538461538463,3.8175,5.607,8.801870967741936,11.772433333333334,16.19432258064516,19.362666666666666,21.29476923076923,0.0,0.0,0.0,0.0,0.0,0.0,0.0,0.0,0.0,0.0,0.0,0.0,0.0,0.0,0.0,0.0,1.0,0.0,0.0,0.0,0.0,0.0,78.34100000000001,194.912,315.234,443.335,587.41,737.9495,0.0,1.2525,3.1420000000000003,4.792,6.753500000000001,9.0135,11.142,6.8225,6.7115,6.583,6.4735,6.437,6.470000000000001,6.635,5.865
CN052,13.061,1.533,2021,5.424,107.772,316.339,577.16,975.939,1431.861,1524.747,19.396,82.587,141.178,262.203,424.367,648.988,723.259,4.42675,23.73817857142857,22.629096774193545,23.470866666666666,59.11154838709677,128.50446666666664,247.8285,2.4245,2.2568214285714285,1.8900322580645161,4.034166666666667,5.231096774193548,7.487366666666667,12.3785,6898303.625,9662826.857142856,14371518.612903226,12513972.383333333,15747629.483870968,16708474.066666666,14086813.0,5.339625,8.655285714285714,11.704354838709676,13.694033333333334,17.86383870967742,20.197400000000002,20.480999999999998,9.290125,13.588607142857143,17.21532258064516,18.522133333333333,22.685,24.39336666666667,23.939666666666668,2.6142499999999997,4.959321428571428,7.349483870967742,10.012833333333333,13.895064516129032,16.71,18.05633333333333,0.0,0.0,0.0,0.0,0.0,0.0,0.0,0.0,0.0,0.0,0.0,0.0,0.0,0.0,0.0,0.0,0.0,0.0,0.0,1.0,0.0,0.0,58.873000000000005,154.55599999999998,266.018,401.126,559.765,682.102,0.427,1.505,3.245,4.837,6.769,9.099499999999999,10.871,8.1155,8.094999999999999,7.925,7.807,7.811,7.8885000000000005,8.3155,4.662
CN053,12.971,1.41,2021,4.273999999999999,156.612,452.796,797.44,1242.238,1688.99,1914.138,1.995,41.325,58.192,144.943,239.894,457.847,537.87,-0.062,-11.624678571428571,-88.56270967741935,-175.55273333333335,-231.95029032258063,-214.5984333333333,-120.15226666666668,1.995,1.404642857142857,0.5440967741935484,2.8917,3.0629354838709677,7.2651,5.334866666666667,12340896.0,15138384.625,20287085.580645163,20108104.116666667,21047546.032258064,17797967.266666666,18602599.533333335,9.274,10.440642857142858,14.554322580645161,16.488133333333334,19.34832258064516,19.89173333333333,20.009866666666667,14.266,16.521964285714287,21.076516129032257,22.59573333333333,25.078774193548387,24.45633333333333,24.285466666666665,5.419,5.456857142857143,8.617451612903226,11.2403,14.403645161290324,16.276766666666667,16.747333333333334,0.0,0.0,0.0,0.0,0.0,0.0,0.0,0.0,0.0,0.0,0.0,0.0,0.0,0.0,0.0,2.0,3.0,1.0,0.0,0.0,0.0,0.0,75.676,186.253,293.434,403.291,529.136,663.4355,0.0,1.2269999999999999,3.091,4.723,6.43,8.451,10.344999999999999,7.632,7.4895,6.998,6.8195,6.7,7.3420000000000005,7.606,5.282
CN054,13.005,1.461,2021,0.0,0.0,0.0,25.313,160.079,403.929,521.918,0.627,22.613,85.296,149.073,296.113,473.61,589.998,-1.267,-22.842178571428573,-53.88996774193548,-83.34213333333334,-93.16358064516129,-44.916466666666665,32.99464285714286,0.627,0.7852142857142858,2.0220322580645163,2.1259,4.743225806451613,5.916566666666667,8.313428571428572,18870582.0,19080333.714285713,21329559.419354837,23277347.133333333,21318462.612903226,20397097.866666667,17227982.64285714,-2.989,-0.04367857142857142,2.8816451612903227,5.475300000000001,9.347290322580646,13.128333333333334,13.427785714285715,3.039,6.078821428571429,8.668903225806451,11.3064,14.623451612903226,18.18323333333333,17.912357142857143,-7.435,-5.353071428571428,-2.570193548387097,0.37543333333333334,4.873870967741936,8.991999999999999,10.099785714285714,0.0,0.0,0.0,0.0,0.0,0.0,0.0,0.0,0.0,0.0,0.0,0.0,0.0,0.0,0.0,3.0,0.0,0.0,0.0,0.0,0.0,0.0,44.411,109.89500000000001,175.27,253.745,358.91,473.677,0.0,0.8009999999999999,1.9295,2.842,3.7355,5.0475,6.0440000000000005,5.029,4.9935,5.003,4.9715,5.235,5.441,6.0245,6.197
CN061,12.801,1.465,2021,0.0,28.922,152.545,366.43,803.637,1370.951,1660.822,0.0,28.256999999999998,62.077,128.809,177.003,248.147,299.677,0.0,-24.18248148148148,-51.16225806451613,-80.92426666666667,-152.56835483870967,-256.97880000000004,-305.9402142857143,0.0,1.0465555555555555,1.090967741935484,2.2244,1.5546451612903225,2.371466666666667,3.6807142857142856,0.0,12851633.5,14875395.387096774,15399025.083333334,22114177.81451613,21120658.7,22437642.39285714,0.0,4.715777777777778,8.844193548387098,12.1295,19.103451612903225,23.910466666666665,25.705071428571426,0.0,11.360037037037037,14.089612903225808,16.959666666666667,25.421322580645164,29.304666666666666,31.0745,0.0,-1.3942592592592593,3.4376774193548387,7.3187999999999995,12.222548387096774,18.228833333333334,20.094642857142855,0.0,0.0,0.0,0.0,0.0,0.0,0.0,0.0,0.0,0.0,0.0,0.0,0.0,0.0,0.0,14.0,9.0,3.0,11.0,7.0,1.0,0.0,37.8405,107.643,211.084,334.926,467.072,599.4385,0.0,0.7055,1.9415,3.259,4.9125,6.748,8.41,0.0,3.807,4.122,4.2315000000000005,3.842,3.5255,3.5149999999999997,5.088
CN062,12.84,1.465,2021,0.0,1.037,57.263,185.818,530.867,991.245,1383.535,0.0,7.74,25.412,73.132,105.83,143.491,168.368,0.0,-19.94057894736842,-70.30951612903225,-123.5255,-223.19570967741936,-362.08663333333334,-472.52938095238096,0.0,0.4073684210526316,0.5700645161290323,1.5906666666666667,1.0547741935483872,1.2553666666666667,1.1846190476190475,0.0,14304393.342105264,17594726.06451613,18459107.433333334,23438574.64516129,22038614.8,24243810.476190478,0.0,2.2685789473684213,5.804870967741936,9.217766666666668,16.130612903225806,20.345933333333335,23.680476190476192,0.0,8.711315789473684,12.209032258064516,14.492700000000001,22.494935483870968,26.3784,29.744285714285713,0.0,-4.045894736842105,-0.9039354838709677,3.6373333333333333,9.046290322580646,14.035933333333332,17.009476190476192,0.0,0.0,0.0,0.0,0.0,0.0,0.0,0.0,0.0,0.0,0.0,0.0,0.0,0.0,0.0,7.0,11.0,3.0,6.0,4.0,0.0,0.0,16.4445,43.224000000000004,78.661,135.157,236.767,391.873,0.0,0.312,0.855,1.389,2.269,3.729,5.55,0.0,3.213,3.072,3.6845,3.173,3.0620000000000003,2.715,6.113
CN063,13.39,1.445,2021,0.0,0.0,21.523999999999997,74.158,287.106,610.505,910.397,0.0,4.999,17.71,99.90899999999999,145.516,212.892,234.259,0.0,-16.019777777777776,-66.53745161290323,-98.27293333333334,-160.93109677419355,-241.51046666666667,-300.39647619047616,0.0,0.2777222222222222,0.4100322580645161,2.7399666666666667,1.4711935483870968,2.2458666666666667,1.0174761904761904,0.0,15968939.722222222,19477331.677419353,20378275.8,23339896.0,19732275.7,24531973.38095238,0.0,-0.04483333333333331,3.6801612903225807,6.047266666666667,11.869290322580644,15.779966666666667,19.280571428571427,0.0,6.037444444444445,10.118548387096775,11.438899999999999,17.880709677419354,21.193566666666666,25.360190476190475,0.0,-6.356777777777777,-3.2621612903225805,0.8312333333333333,5.69341935483871,10.610966666666666,13.021809523809525,0.0,4.0,1.0,0.0,0.0,0.0,0.0,0.0,0.0,0.0,0.0,0.0,0.0,0.0,0.0,8.0,16.0,5.0,3.0,1.0,1.0,0.0,16.5205,44.182,81.289,143.337,247.91899999999998,393.807,0.0,0.243,0.7055,1.325,2.2375,3.649,5.251,0.0,4.6855,4.556,4.7989999999999995,4.58,4.5755,4.505,6.77
CN064,12.016,1.441,2021,0.0,8.553,91.73100000000001,255.606,648.965,1171.015,1553.348,0.0,11.527000000000001,45.057,82.563,102.281,126.747,132.674,0.0,-24.124380952380953,-76.59496774193548,-125.3918,-242.3364193548387,-405.9756,-540.4718333333334,0.0,0.548904761904762,1.0816129032258064,1.2502,0.6360645161290323,0.8155333333333333,0.3292777777777778,0.0,14105907.738095239,16979282.862903226,18571829.483333334,24388434.322580647,23190559.916666668,25087231.333333332,0.0,3.2451904761904764,6.929806451612904,10.4625,17.689,22.401666666666664,26.240722222222225,0.0,10.024142857142857,13.35325806451613,15.536,24.366741935483873,28.4936,32.70838888888889,0.0,-3.1140476190476187,0.3407741935483871,5.036533333333334,9.772774193548388,15.4623,18.921555555555557,0.0,0.0,0.0,0.0,0.0,0.0,0.0,0.0,0.0,0.0,0.0,0.0,0.0,0.0,0.0,11.0,17.0,7.0,16.0,10.0,5.0,0.0,15.136500000000002,40.016999999999996,72.05,117.46,206.428,337.4495,0.0,0.258,0.728,1.232,1.92,3.084,4.5745000000000005,0.0,2.736,3.318,3.959,2.993,2.831,1.9315,7.169
CN065,13.176,1.431,2021,0.0,0.0,16.537,190.519,606.0409999999999,1087.7649999999999,1594.953,0.0,10.331999999999999,46.741,74.106,110.886,158.108,179.704,0.0,-4.601,-17.964774193548386,-65.2638,-173.6663870967742,-313.65206666666666,-444.78064,0.0,0.6888,1.1744838709677419,0.9121666666666666,1.1864516129032259,1.5740666666666667,0.86384,0.0,11625612.733333332,15417358.806451613,21774345.266666666,24056157.548387095,24604810.933333334,24081097.0,0.0,-3.169,2.1472903225806452,10.609133333333334,18.403935483870967,21.057466666666667,25.28752,0.0,2.4382666666666664,7.558032258064516,17.0331,24.525,26.5977,30.93436,0.0,-8.655266666666668,-3.499290322580645,3.6293333333333333,11.73283870967742,15.2093,19.2848,0.0,9.0,2.0,0.0,0.0,0.0,0.0,0.0,0.0,0.0,0.0,0.0,0.0,0.0,0.0,5.0,6.0,5.0,6.0,0.0,2.0,0.0,5.366,19.956,55.589,118.10499999999999,245.927,446.794,0.0,0.2345,0.7330000000000001,1.347,2.1755,3.7585,5.796,0.0,2.98,3.072,2.9695,2.677,2.669,2.241,9.121
CN011,14.819,1.511,2022,0.0,0.0,32.132999999999996,266.398,679.199,1210.757,1464.276,0.0,5.802,32.974,41.967,55.565,167.529,265.987,0.0,-14.736,-58.70396774193548,-135.19503333333333,-257.67629032258066,-363.4060666666667,-326.2236923076923,0.0,0.22315384615384615,0.8765161290322581,0.2997666666666667,0.4386451612903226,3.732133333333333,7.5736923076923075,0.0,12905914.23076923,15870369.016129032,21090152.366666667,23361762.16129032,19454509.716666665,18585141.230769232,0.0,-3.913884615384615,4.380387096774194,12.808833333333332,18.316161290322583,22.7186,24.501461538461538,0.0,2.7274999999999996,10.69841935483871,19.701833333333333,25.503612903225804,28.0513,29.098230769230767,0.0,-9.152884615384615,-1.2588064516129034,5.660966666666667,10.477290322580645,17.442166666666665,20.116923076923076,0.0,19.0,0.0,0.0,0.0,0.0,0.0,0.0,0.0,0.0,0.0,0.0,0.0,0.0,0.0,21.0,19.0,21.0,14.0,5.0,2.0,0.0,22.285,60.702,128.039,241.033,387.645,534.5755,0.0,0.473,1.2825,2.297,4.038,6.28,8.2285,0.0,3.9335,3.842,3.174,3.023,3.774,4.526,6.557
CN012,14.794,1.439,2022,0.0,2.3499999999999996,71.34700000000001,386.836,867.062,1461.349,1736.229,0.0,4.5489999999999995,22.012,29.973,55.512,159.006,300.159,0.0,-16.81548,-70.37377419354839,-170.94696666666667,-303.0245161290323,-433.42876666666666,-392.8017692307692,0.0,0.18195999999999998,0.5633225806451613,0.2653666666666667,0.8238387096774195,3.4498,10.857923076923075,0.0,12786856.98,15874172.790322581,21114486.933333334,22987219.451612905,20773946.266666666,17342793.423076924,0.0,-1.47544,6.48016129032258,15.516300000000001,20.49116129032258,24.80956666666667,26.144615384615385,0.0,4.7069600000000005,12.687161290322582,22.071833333333334,27.449548387096776,30.28943333333333,30.38423076923077,0.0,-6.27696,0.8216129032258064,8.812133333333334,13.319225806451614,19.7172,22.226923076923075,0.0,6.0,0.0,0.0,0.0,0.0,0.0,0.0,0.0,0.0,0.0,0.0,0.0,0.0,0.0,20.0,17.0,22.0,18.0,12.0,4.0,0.0,17.061,51.838,138.46800000000002,287.757,445.882,578.658,0.0,0.386,1.0545,2.124,3.9789999999999996,6.0035,7.696,0.0,4.314,4.177,3.3979999999999997,3.356,4.181,5.409,6.613
CN013,14.781,1.481,2022,0.0,2.2729999999999997,62.38,327.854,748.763,1324.795,1581.494,0.0,4.758,27.599,38.356,63.145,173.373,267.887,0.0,-14.826479999999998,-67.29296774193548,-157.4173,-282.67109677419353,-416.1689666666667,-396.3731538461538,0.0,0.19032,0.7368064516129033,0.35856666666666664,0.7996451612903226,3.6742666666666666,7.270307692307692,0.0,13296345.82,16031630.41935484,21173283.366666667,22959055.612903226,22018506.366666667,18219127.384615384,0.0,-2.70204,6.035677419354839,13.849133333333333,18.577709677419353,24.20106666666667,24.746076923076924,0.0,3.69888,12.162290322580645,20.546066666666665,25.464935483870967,29.973866666666666,29.349153846153847,0.0,-7.69016,0.49580645161290327,7.067233333333333,11.395387096774193,18.5363,20.54853846153846,0.0,15.0,0.0,0.0,0.0,0.0,0.0,0.0,0.0,0.0,0.0,0.0,0.0,0.0,0.0,19.0,14.0,12.0,8.0,4.0,0.0,0.0,25.87,76.404,167.769,291.051,423.198,560.508,0.0,0.458,1.3285,2.572,4.21,5.9915,7.742000000000001,0.0,4.139,3.939,3.2445000000000004,3.262,3.5404999999999998,4.734,6.061
CN014,14.597,1.473,2022,0.0,0.0,59.098,270.267,609.697,1139.671,1391.289,0.0,6.4079999999999995,27.416,50.375,91.235,153.211,259.205,0.0,-13.758919999999998,-64.9738064516129,-150.7388,-241.2944516129032,-375.31596666666667,-399.8409285714286,0.0,0.25632,0.6776774193548387,0.7653,1.3180645161290323,2.0658666666666665,7.571,0.0,13486029.52,16358030.225806452,21008922.9,22919877.258064516,24216609.033333335,19636183.535714287,0.0,-3.3275200000000003,5.957,12.038966666666665,15.949354838709677,22.6658,22.972714285714286,0.0,2.84268,12.286935483870968,18.9816,22.68916129032258,29.1253,28.026357142857144,0.0,-8.40108,0.03551612903225805,4.8978,8.866483870967741,15.872266666666667,18.07542857142857,0.0,17.0,0.0,0.0,0.0,0.0,0.0,0.0,0.0,0.0,0.0,0.0,0.0,0.0,0.0,12.0,15.0,14.0,8.0,7.0,1.0,0.0,17.985,49.812,94.991,157.586,259.048,397.494,0.0,0.374,1.0055,1.753,2.779,4.3225,6.1015,0.0,4.224,4.033,3.4095,3.94,3.3845,4.673,5.629
CN015,13.312,1.479,2022,0.0,0.0,1.4340000000000002,123.85,432.014,887.146,1141.695,0.0,4.077999999999999,20.916999999999998,36.07,63.957,180.057,229.659,0.0,-8.634217391304347,-46.61835483870968,-133.4389,-258.69303225806453,-339.33253333333334,-364.96264285714284,0.0,0.17730434782608692,0.5431935483870968,0.5051,0.8995806451612903,3.8699999999999997,3.543,0.0,12344463.52173913,16398833.806451613,20169225.1,23221638.93548387,20534333.066666666,20676534.785714287,0.0,-9.932956521739131,0.11738709677419355,8.955833333333334,14.940774193548387,20.17106666666667,23.182071428571426,0.0,-3.8937391304347826,5.899709677419355,15.7588,21.632193548387097,25.584433333333333,28.226357142857143,0.0,-14.91508695652174,-5.377935483870968,1.9708999999999999,7.691806451612903,14.8031,18.25257142857143,0.0,23.0,9.0,0.0,0.0,0.0,0.0,0.0,0.0,0.0,0.0,0.0,0.0,0.0,0.0,9.0,13.0,8.0,3.0,0.0,0.0,0.0,19.3615,53.465,96.227,148.211,242.525,386.8775,0.0,0.346,1.0030000000000001,1.714,2.5620000000000003,3.99,5.785,0.0,4.247,4.279,4.032,3.92,4.493,4.535,7.387
CN021,14.162,1.52,2022,0.0,0.0,8.986999999999998,198.539,557.262,1017.015,1262.6019999999999,0.0,4.577999999999999,40.7,54.944,99.405,304.34,436.807,0.0,-13.227615384615385,-48.99796774193548,-119.2162,-247.80432258064516,-268.88173333333333,-155.00292307692308,0.0,0.17607692307692305,1.165225806451613,0.4748,1.434225806451613,6.831166666666666,10.18976923076923,0.0,12852401.153846154,16122655.91935484,21092825.033333335,23466725.48387097,17348746.65,16524162.153846154,0.0,-7.281807692307693,2.133032258064516,11.245933333333333,16.571709677419353,20.325100000000003,23.89130769230769,0.0,-1.3452692307692307,7.551161290322581,17.538966666666667,22.940193548387096,24.502666666666666,27.62069230769231,0.0,-12.110884615384615,-2.8398064516129033,4.5364,10.174806451612902,16.7093,20.698076923076922,0.0,23.0,0.0,0.0,0.0,0.0,0.0,0.0,0.0,0.0,0.0,0.0,0.0,0.0,0.0,18.0,12.0,16.0,6.0,1.0,0.0,0.0,21.307000000000002,57.448,104.905,173.098,292.798,450.922,0.0,0.413,1.1985000000000001,2.062,3.2075,5.1005,7.269,0.0,5.105,5.121,4.914,4.541,5.404999999999999,5.751,7.104
CN022,13.895,1.483,2022,0.0,0.0,1.0090000000000003,132.375,429.427,863.151,1118.085,0.0,5.635,35.365,65.44200000000001,129.91,341.708,446.753,0.0,-7.225357142857143,-30.04267741935484,-90.58649999999999,-191.05770967741935,-165.24836666666667,-93.93242857142856,0.0,0.20124999999999998,0.9590322580645162,1.0025666666666666,2.0796129032258066,7.059933333333333,7.503214285714286,0.0,11643051.857142856,15321077.887096774,20291977.316666666,22340557.51612903,18628026.233333334,17174947.75,0.0,-11.769785714285714,-0.7326774193548388,9.0708,14.582322580645162,19.45746666666667,23.209571428571426,0.0,-6.064285714285715,4.184677419354839,15.402700000000001,20.66058064516129,23.8035,27.13471428571429,0.0,-16.62035714285714,-5.715806451612903,2.1213333333333333,8.299870967741935,15.626066666666667,19.906214285714288,0.0,27.0,10.0,0.0,0.0,0.0,0.0,0.0,0.0,0.0,0.0,0.0,0.0,0.0,0.0,15.0,12.0,13.0,3.0,0.0,1.0,0.0,20.516,58.269,102.92099999999999,160.505,265.223,423.27099999999996,0.0,0.4615,1.2625,2.082,3.0605,4.547000000000001,6.613,0.0,5.5184999999999995,5.575,5.372999999999999,5.159,5.939500000000001,5.987500000000001,7.289
CN023,14.269,1.486,2022,0.0,0.0,0.0,71.574,322.884,753.403,975.517,0.0,6.28,26.265,67.956,134.989,236.723,277.54,0.0,-3.875857142857143,-23.179677419354835,-75.91843333333333,-139.31606451612902,-175.93086666666667,-187.4416666666667,0.0,0.22428571428571428,0.6446774193548387,1.3897000000000002,2.1623548387096774,3.3911333333333333,3.4014166666666665,0.0,10508054.25,14953499.967741935,18961269.833333332,21307877.774193548,20302335.033333335,19518235.083333332,0.0,-13.766357142857142,-2.479935483870968,6.729133333333333,13.106774193548388,19.350633333333334,23.5095,0.0,-8.06325,2.544064516129032,12.899466666666665,19.028419354838707,24.288433333333334,27.74508333333333,0.0,-18.711714285714287,-7.870645161290323,0.1696666666666666,6.860387096774193,14.694366666666667,19.746,0.0,28.0,16.0,0.0,0.0,0.0,0.0,0.0,0.0,0.0,0.0,0.0,0.0,0.0,0.0,14.0,14.0,8.0,1.0,0.0,0.0,0.0,7.987,29.755,65.249,115.175,215.476,377.98,0.0,0.45499999999999996,1.206,2.0,2.9894999999999996,4.654999999999999,6.832000000000001,0.0,5.7315000000000005,5.84,5.6955,5.607,5.6895,5.657,6.764
CN031,12.706,1.42,2022,13.652,34.822,251.123,575.671,1021.399,1628.671,0.0,52.686,105.96,262.91,428.543,474.328,605.961,0.0,21.481416666666664,56.057857142857145,71.20341935483872,139.2704666666667,139.40506451612902,112.52576666666666,0.0,4.3905,1.902642857142857,5.062903225806451,5.5211,1.4769354838709678,4.387766666666667,0.0,6377139.302083333,10424738.39732143,14928045.588709677,18585200.491666667,19393008.870967742,19542269.766666666,0.0,5.6295,4.923785714285714,11.977451612903225,15.818266666666666,19.37832258064516,25.2424,0.0,8.287333333333335,8.451607142857144,16.40593548387097,20.307133333333333,23.343032258064518,28.7335,0.0,3.011083333333333,1.5890000000000002,8.063516129032259,11.607666666666667,15.701290322580645,22.218166666666665,0.0,0.0,0.0,0.0,0.0,0.0,0.0,0.0,0.0,0.0,0.0,0.0,0.0,0.0,0.0,2.0,13.0,11.0,17.0,14.0,6.0,0.0,22.792,73.18900000000001,166.782,283.001,397.302,498.907,0.0,0.38,1.3375,2.849,4.476,6.1295,7.91,0.0,6.974,6.921,6.972,7.033,6.78,6.5555,0.0,6.344
CN032,13.994,1.439,2022,0.0,15.227,199.081,533.849,1018.848,1684.967,1973.628,0.0,16.102,111.512,172.756,181.106,317.924,384.814,-1.457,-11.53075,-39.20938709677419,-63.92673333333333,-151.05006451612903,-270.7502333333333,-254.06408333333331,0.0,0.5750714285714286,3.077741935483871,2.0414666666666665,0.2693548387096774,4.5606,5.574166666666667,12272831.0,12154834.285714285,15870602.137096774,19814389.683333334,22106182.903225806,21732913.533333335,19010838.333333332,2.112,3.274857142857143,10.93058064516129,16.158933333333334,20.645129032258065,27.203966666666666,29.055083333333332,7.859,8.212928571428572,16.371451612903225,21.794766666666664,26.228354838709677,32.224000000000004,32.748333333333335,-3.109,-1.2613928571428572,6.060193548387097,10.6375,14.911129032258065,22.456033333333334,25.614666666666665,0.0,0.0,0.0,0.0,0.0,0.0,0.0,0.0,0.0,0.0,0.0,0.0,0.0,0.0,1.0,10.0,10.0,14.0,18.0,5.0,0.0,0.0,72.425,207.13,389.738,574.127,699.248,810.119,0.0,1.115,3.0385,5.264,7.4905,8.9975,10.4815,5.573,5.574999999999999,5.66,5.3585,4.834,4.73,5.5009999999999994,5.976
CN033,12.565,1.447,2022,31.64,60.736000000000004,321.175,677.038,1124.554,1543.083,0.0,83.321,203.18099999999998,387.435,522.3969999999999,689.885,913.948,0.0,19.22942105263158,123.54042857142858,177.06929032258066,244.61839999999998,283.31922580645164,442.6154545454545,0.0,4.385315789473684,4.280714285714286,5.943677419354838,4.498733333333333,5.402838709677419,10.184681818181817,0.0,6627496.407894737,8898649.66517857,13350473.717741935,16973399.683333334,16299099.338709677,16223576.022727273,0.0,6.051368421052632,5.226964285714286,13.40125806451613,16.8621,19.436,24.024045454545455,0.0,9.122631578947368,8.6355,18.048903225806452,21.733833333333333,23.509354838709676,27.582272727272724,0.0,3.167894736842105,2.1246071428571427,9.097548387096774,12.284133333333333,15.640548387096773,20.842954545454546,0.0,0.0,0.0,0.0,0.0,0.0,0.0,0.0,0.0,0.0,0.0,0.0,0.0,0.0,0.0,3.0,5.0,7.0,8.0,7.0,0.0,0.0,25.984,84.452,193.68699999999998,324.981,458.256,582.824,0.0,0.7475,2.2745,4.182,6.079,8.241,10.328,0.0,7.624,7.8875,7.911,7.853,7.712,7.914,0.0,4.351
CN034,13.843,1.492,2022,0.0,17.976,238.201,602.2330000000001,1098.3220000000001,1787.252,1978.623,0.758,28.827,162.732,242.499,260.51800000000003,392.866,452.142,-1.4403333333333335,-3.2098571428571434,-9.800064516129032,-5.2902333333333305,-73.27512903225806,-169.36403333333334,-162.72275,0.25266666666666665,1.0024642857142856,4.319516129032258,2.6589,0.5812580645161289,4.411600000000001,7.4095,10602912.0,11082256.17857143,15161515.459677419,19483114.75,20789567.612903226,21951439.6,18316405.75,1.6913333333333334,3.6043214285714282,12.104032258064517,17.134400000000003,21.002870967741934,27.964333333333332,28.921375,6.419,8.291928571428572,17.42551612903226,22.6213,26.506967741935483,32.876866666666665,32.510125,-2.4130000000000003,-0.7601428571428571,7.170548387096774,11.5025,15.24425806451613,23.0446,25.551875,0.0,0.0,0.0,0.0,0.0,0.0,0.0,0.0,0.0,0.0,0.0,0.0,0.0,0.0,1.0,7.0,8.0,13.0,11.0,4.0,0.0,0.0,80.85900000000001,221.77100000000002,395.503,564.668,689.996,784.859,0.0,1.3679999999999999,3.3355,5.551,7.646000000000001,9.186,10.481,6.21,6.199,6.244,5.9335,5.526,5.3795,6.0575,5.398
CN035,11.511,1.369,2022,154.042,238.612,573.336,954.419,1399.398,1455.846,0.0,67.953,249.70000000000002,435.636,577.968,952.83,992.058,0.0,3.482999999999999,114.85442857142857,179.53867741935483,263.10543333333334,453.82206451612905,636.1993333333334,0.0,2.2651,6.490964285714286,5.997935483870968,4.7444,12.092322580645162,13.076,0.0,8396312.025,8137404.125,13677597.08064516,16596414.4,12548599.782258065,13081587.0,0.0,10.134733333333333,7.798571428571429,15.797548387096773,17.702766666666665,19.354161290322583,23.816000000000003,0.0,14.062999999999999,11.479249999999999,20.895,22.905033333333332,23.231548387096773,27.586666666666662,0.0,7.0039,4.952142857142857,11.243870967741936,13.1929,16.20616129032258,21.55333333333333,0.0,0.0,0.0,0.0,0.0,0.0,0.0,0.0,0.0,0.0,0.0,0.0,0.0,0.0,0.0,3.0,6.0,6.0,6.0,6.0,0.0,0.0,68.65350000000001,180.673,326.35200000000003,483.95,645.178,751.8340000000001,0.0,1.291,3.5655,6.0135000000000005,8.248000000000001,10.333,11.856,0.0,7.9665,8.428,8.321,8.2965,8.643,8.756,0.0,4.505
CN036,11.508,1.358,2022,69.098,105.405,421.581,818.482,1303.012,1425.359,0.0,111.647,240.94299999999998,443.43399999999997,660.696,927.788,1081.328,0.0,20.24990322580645,138.89214285714286,206.18880645161292,310.4165333333333,465.4013225806451,681.8938333333333,0.0,3.6015161290322584,4.617714285714285,6.531967741935484,7.242066666666667,8.615870967741936,25.59,0.0,6478642.766129033,7861686.379464285,12284420.741935484,16035017.458333334,13870130.112903226,13200359.0,0.0,6.984774193548387,5.442678571428572,15.199225806451613,18.23003333333333,20.63,25.391166666666667,0.0,10.189322580645163,8.813035714285714,19.840806451612906,23.244766666666667,24.628870967741936,28.748,0.0,4.269774193548387,2.6153214285714284,10.875322580645161,13.499166666666667,16.925064516129034,22.589833333333335,0.0,0.0,0.0,0.0,0.0,0.0,0.0,0.0,0.0,0.0,0.0,0.0,0.0,0.0,0.0,5.0,6.0,4.0,8.0,6.0,0.0,0.0,77.777,189.652,311.289,444.255,590.0889999999999,695.365,0.0,1.2974999999999999,3.519,5.6419999999999995,7.604,9.7575,11.505,0.0,7.518,7.952500000000001,7.92,7.871,8.242,8.812000000000001,0.0,3.975
CN037,14.446,1.493,2022,0.0,14.857999999999999,157.429,486.615,978.046,1632.129,1941.427,0.0,1.619,32.792,47.533,56.596,213.975,341.507,0.0,-19.4764,-80.87483870967742,-167.95416666666668,-306.54125806451617,-456.2165333333333,-379.55892857142857,0.0,0.06476,1.0055806451612903,0.4913666666666667,0.29235483870967743,5.245966666666667,9.109428571428571,0.0,13320192.52,16053371.524193548,20375563.6,23133193.967741936,22652796.966666665,17066997.214285713,0.0,1.9629599999999998,9.427806451612904,15.972866666666667,20.852612903225808,26.802766666666667,27.092714285714287,0.0,7.69592,15.371225806451612,22.193833333333334,27.18064516129032,32.470099999999995,31.063357142857143,0.0,-2.9494,4.124516129032258,10.070233333333334,14.426322580645161,21.498933333333333,23.485142857142854,0.0,0.0,0.0,0.0,0.0,0.0,0.0,0.0,0.0,0.0,0.0,0.0,0.0,0.0,0.0,16.0,18.0,19.0,17.0,7.0,1.0,0.0,36.8825,114.356,259.80899999999997,431.206,566.459,685.8135,0.0,0.5720000000000001,1.6709999999999998,3.513,5.623,7.2675,8.835,0.0,4.844,4.66,4.288,3.805,3.77,5.5055,6.779
CN041,14.925,1.468,2022,0.0,23.015,224.426,600.83,1104.873,1827.229,2107.508,0.0,6.249,63.814,106.301,118.499,193.041,286.678,0.0,-16.489333333333335,-62.28470967741936,-129.2353,-235.1334193548387,-394.4421,-408.29316666666665,0.0,0.23144444444444442,1.8569354838709677,1.4162333333333335,0.39348387096774196,2.4847333333333332,7.803083333333333,0.0,12116301.351851853,14844901.120967742,19781888.333333332,21939976.06451613,23178769.933333334,18601502.708333332,0.0,3.467037037037037,11.492387096774193,17.5468,21.259451612903227,29.078533333333333,28.356583333333333,0.0,8.83625925925926,17.185741935483872,23.57266666666667,27.271774193548385,34.753,32.65116666666666,0.0,-1.4163703703703703,6.293387096774193,11.730966666666665,15.036483870967743,23.304433333333336,24.448833333333337,0.0,0.0,0.0,0.0,0.0,0.0,0.0,0.0,0.0,0.0,0.0,0.0,1.0,0.0,0.0,15.0,11.0,12.0,17.0,8.0,0.0,0.0,64.98049999999999,188.79399999999998,375.216,556.37,680.441,800.6030000000001,0.0,1.1675,3.123,5.384,7.621,9.100000000000001,10.646,0.0,4.958,4.653,4.3155,3.991,3.7125,4.9465,5.898
CN042,13.08,1.433,2022,0.0,24.750999999999998,280.862,668.74,1154.272,1824.642,1917.985,11.948,36.781,227.142,372.532,410.349,536.471,574.98,7.869,4.691499999999999,25.61235483870968,99.13570000000001,87.99170967741935,39.351533333333336,38.93225,2.3896,0.886892857142857,6.140677419354838,4.846333333333334,1.2199032258064517,4.204066666666667,9.62725,7122713.8,10832831.92857143,13214105.217741935,17407028.575,18548170.29032258,20367259.166666668,16498188.25,2.0010000000000003,4.643178571428571,13.261645161290323,17.929266666666667,20.662322580645164,27.345666666666666,28.33575,4.966600000000001,9.119821428571429,18.24341935483871,23.102899999999998,25.580903225806452,31.458866666666665,32.0605,-1.0231999999999999,0.2611785714285714,8.434096774193549,12.93,15.71048387096774,23.353099999999998,25.4005,0.0,0.0,0.0,0.0,0.0,0.0,0.0,0.0,0.0,0.0,0.0,0.0,0.0,0.0,1.0,9.0,10.0,10.0,6.0,4.0,0.0,0.0,68.068,181.49099999999999,309.823,441.426,589.702,718.3199999999999,0.0,1.0985,2.809,4.641,6.483499999999999,8.717,10.516,6.856,6.6845,6.688,6.805,6.788,6.526999999999999,6.8555,4.026
CN043,12.106,1.391,2022,18.745,48.557,343.686,748.086,1226.682,1517.084,0.0,97.349,185.764,361.873,573.307,753.906,861.783,0.0,25.311782608695655,113.13835714285713,160.73161290322582,250.70809999999997,368.1457741935484,477.175,0.0,4.232565217391304,3.1576785714285713,5.680935483870968,7.0478,5.825774193548387,7.705500000000001,0.0,5574951.733695652,8673000.638392856,11694494.508064516,16072058.85,14599446.629032258,16519643.32142857,0.0,4.9537826086956525,5.0349642857142864,14.520290322580646,18.48,20.43858064516129,25.743,0.0,7.739260869565217,8.536821428571429,18.843645161290322,23.2963,24.400838709677416,29.192928571428574,0.0,2.365869565217391,1.5549642857142858,10.28467741935484,13.8436,16.472645161290323,22.678428571428572,0.0,0.0,0.0,0.0,0.0,0.0,0.0,0.0,0.0,0.0,0.0,0.0,0.0,0.0,0.0,4.0,7.0,6.0,5.0,5.0,0.0,0.0,47.047,122.794,222.907,335.11,455.79400000000004,573.556,0.0,1.0150000000000001,3.04,4.9005,6.699,8.683,10.588999999999999,0.0,7.63,7.6995000000000005,7.679,7.811,8.065,8.1645,0.0,5.734
CN044,11.814,1.393,2022,226.546,433.616,917.301,1424.499,2000.617,2067.439,0.0,38.69,186.299,290.233,370.089,684.466,707.928,0.0,-7.163695652173913,49.842035714285714,75.33467741935483,81.14833333333333,197.06577419354838,289.17900000000003,0.0,1.682173913043478,5.27175,3.3527096774193548,2.6618666666666666,10.141193548387097,7.820666666666667,0.0,9126322.239130436,9383248.25892857,13958741.532258065,17704883.633333333,15482472.741935484,18452118.0,0.0,14.849826086956522,12.395357142857142,20.60274193548387,21.9066,23.584451612903226,27.274,0.0,18.30421739130435,16.191785714285714,24.836387096774192,26.40266666666667,27.15606451612903,31.11766666666667,0.0,11.928826086956521,9.3955,16.884677419354837,18.000533333333333,20.739387096774195,24.858,0.0,0.0,0.0,0.0,0.0,0.0,0.0,0.0,0.0,0.0,0.0,0.0,0.0,0.0,0.0,2.0,5.0,2.0,7.0,2.0,0.0,0.0,65.9255,169.187,297.222,439.925,596.136,701.426,0.0,1.188,3.3514999999999997,5.614,7.747,9.798,11.2,0.0,6.618,7.080500000000001,6.993,7.086,7.753,7.76,0.0,4.807
CN045,12.411,1.496,2022,155.471,271.382,720.482,1196.021,1732.561,1842.493,0.0,100.891,256.778,345.892,458.933,781.263,836.975,0.0,26.899375000000003,129.88739285714286,170.15829032258065,166.56666666666666,291.4532580645161,436.5844,0.0,4.203791666666667,5.567392857142857,2.8746451612903225,3.7680333333333333,10.39774193548387,11.1424,0.0,6723229.572916667,8312693.080357143,12066990.758064516,16483138.95,14048250.08064516,16555272.2,0.0,11.477958333333333,9.114142857142857,19.48709677419355,20.8513,22.307741935483868,26.986399999999996,0.0,14.530375,12.632464285714287,23.586000000000002,25.609333333333332,25.918032258064517,30.403399999999998,0.0,8.983875,6.366535714285715,15.611548387096773,16.604566666666667,19.36016129032258,24.312199999999997,0.0,0.0,0.0,0.0,0.0,0.0,0.0,0.0,0.0,0.0,0.0,0.0,0.0,0.0,0.0,3.0,6.0,1.0,6.0,2.0,0.0,0.0,59.94,149.472,262.109,393.973,534.178,631.157,0.0,1.256,3.2175000000000002,5.3445,7.441,9.832,11.577,0.0,7.1259999999999994,7.409,7.35,7.181,7.623,7.884,0.0,4.55
CN050,12.526,1.429,2022,16.874000000000002,67.489,392.668,762.424,1229.359,1820.408,1841.058,22.388,56.877,189.418,368.476,521.582,693.091,702.739,8.6973,15.91025,8.161193548387097,94.0479,175.16109677419354,240.00563333333332,283.718,2.2388000000000003,1.2317500000000001,4.275516129032258,5.9685999999999995,4.938903225806452,5.716966666666667,9.648,4735084.325,8913882.74107143,11742917.096774194,15027553.65,14842754.64516129,16075843.35,15320757.0,6.6414,6.688678571428571,15.489645161290321,17.3252,20.062419354838713,24.701633333333334,25.65,8.7567,10.081357142857144,19.90274193548387,21.831333333333337,24.04141935483871,28.1712,28.526,4.4423,3.258035714285714,10.887387096774194,12.5002,16.01425806451613,21.077733333333335,22.914,0.0,0.0,0.0,0.0,0.0,0.0,0.0,0.0,0.0,0.0,0.0,0.0,0.0,0.0,0.0,5.0,7.0,4.0,3.0,1.0,0.0,0.0,65.994,176.326,312.186,474.884,659.668,794.769,0.468,1.7790000000000001,3.8485,5.899,8.2235,11.231,0.0,7.4195,7.3740000000000006,7.24,7.2485,7.223,7.224,7.477,5.725
CN051,12.899,1.434,2022,0.0,38.263,345.42,681.925,1122.313,1684.719,1975.992,3.2489999999999997,57.869,117.204,258.054,407.347,584.686,626.693,0.7005,13.958964285714286,-12.66009677419355,8.500733333333335,57.45667741935485,107.76096666666668,133.51292307692307,1.6244999999999998,1.9507142857142856,1.9140322580645162,4.694999999999999,4.815903225806452,5.9113,3.2313076923076927,8819873.25,10174168.732142856,13422417.951612903,15890116.516666668,15728355.758064516,16870062.083333332,21557215.923076924,4.516,5.888857142857143,14.908290322580644,16.216833333333334,19.206064516129032,23.746866666666666,27.405615384615388,8.176,9.654535714285714,19.604709677419354,21.0011,23.56167741935484,27.627599999999997,31.766846153846153,0.2405,2.0375,10.039645161290322,11.365533333333333,14.858451612903227,19.923133333333332,22.872307692307693,0.0,0.0,0.0,0.0,0.0,0.0,0.0,0.0,0.0,0.0,0.0,0.0,0.0,0.0,0.0,0.0,1.0,0.0,1.0,0.0,0.0,0.0,79.77199999999999,206.56,343.34,484.552,641.625,799.519,0.0,1.2045,3.142,5.042,7.131,9.777999999999999,11.931,7.165,7.114,6.722,6.753,6.814,6.8855,6.754,5.64
CN052,13.061,1.533,2022,2.7569999999999997,20.817,274.51,528.178,848.915,1286.106,1382.89,31.597,105.195,184.797,311.281,541.087,769.381,799.621,11.288,45.794607142857146,31.709709677419355,54.75663333333333,128.04816129032258,312.57750000000004,361.888,3.949625,2.6285,2.5678064516129036,4.2161333333333335,7.413096774193549,7.609800000000001,5.04,7879980.1875,10843337.714285715,14476289.08064516,16026758.983333332,12977825.274193548,15112218.283333333,20996404.333333332,3.434625,3.44525,13.183645161290322,13.4556,15.346354838709678,19.573033333333335,21.130666666666666,7.51525,8.346571428571428,19.232741935483872,18.8319,19.58006451612903,23.381933333333333,25.938999999999997,0.7260000000000001,-0.11042857142857142,8.277451612903226,8.799533333333333,11.718935483870967,16.469733333333334,17.1415,0.0,0.0,0.0,0.0,0.0,0.0,0.0,0.0,0.0,0.0,0.0,0.0,0.0,0.0,0.0,0.0,2.0,2.0,2.0,0.0,0.0,0.0,62.355999999999995,164.731,283.67,416.64,575.658,703.451,0.418,1.499,3.341,5.219,7.2635000000000005,9.9515,11.876,8.329,8.327,8.06,7.934,8.082,8.385000000000002,8.276499999999999,4.818
CN053,12.971,1.41,2022,0.0,78.63300000000001,396.086,683.886,1031.281,1444.875,1674.597,5.019,67.175,110.397,193.533,422.087,640.709,708.736,3.788,7.885428571428571,-60.3681935483871,-87.97916666666667,-65.99351612903226,83.87526666666666,145.9796,5.019,2.219857142857143,1.394258064516129,2.7712,7.372709677419355,7.287400000000001,4.5351333333333335,9797342.0,14784407.089285715,19891121.64516129,19399877.366666667,15423727.758064516,15738129.066666666,22150352.6,3.484,7.255249999999999,15.240419354838709,14.593333333333334,16.206290322580646,18.78646666666667,20.314799999999998,6.64,12.965285714285715,21.995903225806455,20.514233333333333,20.908516129032257,22.853833333333334,25.4776,1.515,2.8347142857142855,9.022774193548388,9.524666666666667,12.524258064516129,15.648133333333334,16.139400000000002,0.0,0.0,0.0,0.0,0.0,0.0,0.0,0.0,0.0,0.0,0.0,0.0,0.0,0.0,0.0,1.0,3.0,0.0,0.0,0.0,0.0,0.0,85.251,207.041,322.829,438.891,575.645,721.9445000000001,0.0,1.3265,3.305,5.112,6.954000000000001,9.307,11.4295,8.015,7.869,7.351,7.3225,7.646,8.004,7.972,5.352
CN054,13.005,1.461,2022,0.0,0.0,12.965,54.362,198.691,436.727,571.921,0.324,69.571,110.177,302.696,461.842,679.537,713.333,-1.48,12.871857142857143,-25.096129032258062,29.257766666666665,72.82138709677419,131.8104,187.067,0.324,2.4731071428571427,1.3098709677419356,6.4173,5.133741935483871,7.2565,2.414,18251038.0,17980243.5,22356013.16129032,21882960.2,21695226.80645161,18941246.566666666,23476507.0,-3.427,-2.5743571428571426,3.4071612903225805,6.3799,9.655774193548387,12.934533333333333,14.656714285714285,2.492,2.3552500000000003,9.857516129032257,11.569233333333333,15.068032258064516,17.9144,20.044428571428572,-9.033,-6.704785714285714,-2.6517419354838707,0.8219666666666666,4.851258064516129,8.897066666666666,10.010857142857143,1.0,5.0,0.0,0.0,0.0,0.0,0.0,0.0,0.0,0.0,0.0,0.0,0.0,0.0,0.0,3.0,4.0,1.0,0.0,0.0,0.0,0.0,44.245,110.324,181.625,272.245,391.145,515.7025,0.0,0.662,1.8175,2.791,3.6605,5.0329999999999995,6.2915,5.103,5.119,5.001,5.269,5.63,5.907,5.724,6.221
CN061,12.801,1.465,2022,0.0,1.5040000000000004,158.664,450.229,877.226,1480.825,1778.823,0.0,11.859,43.713,89.741,128.407,188.54,261.873,0.0,-11.591259259259258,-60.68774193548387,-140.07163333333335,-226.465,-353.66813333333334,-422.4855714285714,0.0,0.43922222222222224,1.027548387096774,1.5342666666666667,1.247290322580645,2.0044333333333335,5.238071428571429,0.0,12751743.907407407,15328468.193548387,19446945.633333333,22330707.06451613,24294558.916666668,20983072.92857143,0.0,-0.003888888888888905,10.000290322580646,14.718833333333333,18.77409677419355,25.119966666666667,26.285571428571426,0.0,5.176592592592592,15.723516129032257,21.111766666666664,24.922806451612903,31.285033333333335,31.305857142857143,0.0,-4.747962962962963,4.1579354838709675,8.043866666666666,12.235903225806451,18.221966666666667,21.14707142857143,0.0,1.0,0.0,0.0,0.0,0.0,0.0,0.0,0.0,0.0,0.0,0.0,0.0,0.0,0.0,7.0,10.0,10.0,7.0,8.0,3.0,0.0,28.902,86.61,184.394,306.51099999999997,434.772,566.3405,0.0,0.5865,1.6095,2.9179999999999997,4.513999999999999,6.3525,7.949,0.0,4.309,4.141,3.8289999999999997,3.772,3.385,3.7430000000000003,5.19
CN062,12.84,1.465,2022,0.0,0.0,69.812,248.988,607.803,1112.471,1479.896,0.0,7.515000000000001,21.887,49.398,76.949,105.513,176.045,0.0,-8.836368421052631,-62.723419354838704,-158.77466666666666,-266.0689032258065,-413.1422,-530.355,0.0,0.3955263157894737,0.46361290322580645,0.9170333333333333,0.888741935483871,0.9521333333333334,3.3586666666666667,0.0,14961799.0,17758102.419354837,21061177.866666667,23410948.80645161,24479036.333333332,21331219.214285713,0.0,-3.513,6.670290322580645,10.972533333333333,16.574677419354842,21.822266666666668,22.496428571428574,0.0,2.346421052631579,12.993193548387096,17.435499999999998,22.936709677419355,28.115366666666667,28.23847619047619,0.0,-9.063157894736841,-0.14093548387096774,4.0324333333333335,9.38816129032258,14.609833333333334,16.676142857142857,0.0,12.0,1.0,0.0,0.0,0.0,0.0,0.0,0.0,0.0,0.0,0.0,0.0,0.0,0.0,7.0,8.0,8.0,8.0,8.0,2.0,0.0,15.899000000000001,42.521,78.79599999999999,136.118,240.138,395.211,0.0,0.291,0.806,1.395,2.243,3.7039999999999997,5.397,0.0,3.358,3.169,2.6775,2.927,2.7955,3.395,6.182
CN063,13.39,1.445,2022,0.0,0.0,39.711,131.945,364.441,730.595,1009.887,0.0,6.965,14.104,46.536,89.349,146.383,211.973,0.0,-10.226833333333333,-64.71254838709677,-154.88976666666667,-229.0964193548387,-320.0596,-395.69195238095244,0.0,0.3869444444444444,0.23029032258064516,1.0810666666666668,1.3810645161290322,1.9011333333333333,3.1233333333333335,0.0,16450694.666666666,19546198.70967742,22302070.033333335,22982439.451612905,23380007.85,21092900.69047619,0.0,-4.9015,4.915387096774194,7.819566666666666,12.42893548387097,17.205133333333333,18.299619047619046,0.0,0.6605,11.509548387096775,13.9834,18.673548387096773,22.934233333333335,24.115714285714287,0.0,-10.148444444444443,-2.4562580645161294,1.2413666666666667,6.221677419354839,11.177766666666665,12.905380952380952,0.0,15.0,2.0,0.0,0.0,0.0,0.0,0.0,0.0,0.0,0.0,0.0,0.0,0.0,0.0,7.0,14.0,7.0,3.0,3.0,1.0,0.0,16.226,43.555,81.177,139.906,233.812,361.278,0.0,0.22899999999999998,0.669,1.268,2.0785,3.3375000000000004,4.665,0.0,4.596,4.271,4.0145,4.153,4.223,4.413,6.542
CN064,12.016,1.441,2022,0.0,0.0,114.437,338.51,741.498,1297.113,1646.5720000000001,0.0,6.478,12.224,27.688,43.136,72.024,120.25,0.0,-11.303666666666667,-78.99309677419355,-195.43566666666666,-331.22432258064515,-502.40476666666666,-617.2318888888889,0.0,0.30847619047619046,0.18535483870967742,0.5154666666666666,0.49832258064516133,0.9629333333333333,2.679222222222222,0.0,14809913.42857143,18286627.967741936,20747924.2,23923652.43548387,25231777.4,21739715.5,0.0,-2.8703333333333334,8.341129032258063,12.4691,17.999612903225806,23.520500000000002,24.41438888888889,0.0,2.996904761904762,14.953967741935482,19.19523333333333,24.708193548387094,30.0061,30.178888888888892,0.0,-8.583095238095238,1.3548387096774193,5.1604,10.217967741935484,15.723700000000001,18.49427777777778,0.0,12.0,1.0,0.0,0.0,0.0,0.0,0.0,0.0,0.0,0.0,0.0,0.0,0.0,0.0,9.0,16.0,16.0,16.0,14.0,3.0,0.0,14.776499999999999,39.655,72.713,120.131,212.312,344.59450000000004,0.0,0.252,0.6855,1.181,1.8655,3.0715,4.5465,0.0,3.581,2.872,2.2315,2.575,2.0755,3.832,7.567
CN065,13.176,1.431,2022,0.0,0.0,6.121,249.061,702.588,1246.666,1715.986,0.0,5.604,61.373,92.456,141.523,175.097,202.684,0.0,-2.5662,-11.00648387096774,-61.904599999999995,-159.11967741935484,-281.2881,-423.01419999999996,0.0,0.3736,1.799,1.0361,1.5828064516129032,1.1191333333333333,1.10348,0.0,13241868.866666667,13807094.790322581,21725120.366666667,21612414.80645161,24865260.066666666,24376076.52,0.0,-5.690666666666667,3.3523225806451613,13.098,19.62990322580645,23.135933333333334,23.772800000000004,0.0,0.675,7.900483870967743,19.824566666666666,25.320548387096775,28.92526666666667,29.29456,0.0,-11.4742,-1.7005483870967741,5.672866666666667,13.502354838709676,17.019833333333334,17.94148,0.0,15.0,1.0,0.0,0.0,0.0,0.0,0.0,0.0,0.0,0.0,0.0,0.0,0.0,0.0,10.0,2.0,12.0,0.0,1.0,1.0,0.0,7.322,24.546999999999997,60.833,128.97,272.062,480.8,0.0,0.21050000000000002,0.7290000000000001,1.342,2.2575000000000003,4.0440000000000005,6.126,0.0,2.821,3.202,2.74,2.791,2.4885,2.451,9.432
