adm_id,awc,bulk_density,year,max_cum_gdd1,max_cum_gdd2,max_cum_gdd3,max_cum_gdd4,max_cum_gdd5,max_cum_gdd6,max_cum_gdd7,max_cum_prec1,max_cum_prec2,max_cum_prec3,max_cum_prec4,max_cum_prec5,max_cum_prec6,max_cum_prec7,mean_cum_cwb1,mean_cum_cwb2,mean_cum_cwb3,mean_cum_cwb4,mean_cum_cwb5,mean_cum_cwb6,mean_cum_cwb7,mean_prec1,mean_prec2,mean_prec3,mean_prec4,mean_prec5,mean_prec6,mean_prec7,mean_rad1,mean_rad2,mean_rad3,mean_rad4,mean_rad5,mean_rad6,mean_rad7,mean_tavg1,mean_tavg2,mean_tavg3,mean_tavg4,mean_tavg5,mean_tavg6,mean_tavg7,mean_tmax1,mean_tmax2,mean_tmax3,mean_tmax4,mean_tmax5,mean_tmax6,mean_tmax7,mean_tmin1,mean_tmin2,mean_tmin3,mean_tmin4,mean_tmin5,mean_tmin6,mean_tmin7,tmin<0.395p1,tmin<0.395p2,tmin<0.395p3,tmin<0.395p4,tmin<0.395p5,tmin<0.395p6,tmin<0.395p7,tmax>36.485p1,tmax>36.485p2,tmax>36.485p3,tmax>36.485p4,tmax>36.485p5,tmax>36.485p6,tmax>36.485p7,prec<6.425p1,prec<6.425p2,prec<6.425p3,prec<6.425p4,prec<6.425p5,prec<6.425p6,prec<6.425p7,median_cum_fpar1,median_cum_fpar2,median_cum_fpar3,median_cum_fpar4,median_cum_fpar5,median_cum_fpar6,median_cum_fpar7,median_cum_ndvi1,median_cum_ndvi2,median_cum_ndvi3,median_cum_ndvi4,median_cum_ndvi5,median_cum_ndvi6,median_cum_ndvi7,median_ssm1,median_ssm2,median_ssm3,median_ssm4,median_ssm5,median_ssm6,median_ssm7,yield,stage2_tabpfn_base_prediction,stage2_tabpfn_base_prediction_variance,stage2_tabpfn_base_prediction_std,stage2_tabpfn_base_n_repeats,stage2_tabpfn_base_split,stage2_tabpfn_cn_finetuned_prediction,stage2_tabpfn_cn_finetuned_prediction_variance,stage2_tabpfn_cn_finetuned_prediction_std,stage2_tabpfn_cn_finetuned_n_repeats,stage2_tabpfn_cn_finetuned_split
CN011,14.819,1.511,2003,0.0,0.0,26.123,209.884,606.155,1095.953,1330.561,0.0,4.736,41.976,71.562,136.004,214.084,228.922,0.0,-18.65796153846154,-44.06345161290322,-98.94183333333334,-180.7540322580645,-250.20016666666663,-317.78776923076924,0.0,0.1821538461538461,1.2012903225806453,0.9862,2.078774193548387,2.6026666666666665,1.1413846153846154,0.0,11951791.634615384,14918232.951612905,18496295.7,20248575.580645163,22948688.23333333,21701670.846153848,0.0,-0.6701923076923078,3.9568387096774194,12.408633333333334,19.10293548387097,22.6466,24.366769230769236,0.0,5.167653846153846,9.11358064516129,18.5317,25.17667741935484,28.41573333333333,29.52123076923077,0.0,-5.548461538461538,-0.8430645161290323,5.9351666666666665,12.960709677419354,16.77413333333333,18.97646153846154,0.0,26.0,20.0,0.0,0.0,0.0,0.0,0.0,0.0,0.0,0.0,0.0,0.0,0.0,0.0,26.0,29.0,28.0,30.0,27.0,12.0,0.0,14.736,41.548,86.084,161.065,272.783,397.482,0.0,0.347,1.028,1.823,3.1125,5.099,6.8605,0.0,3.533,3.756,3.677,3.723,3.633,3.714,4.281,4.5882164,0.00041777413669499223,0.020439523886211054,5,train,4.6257933,0.0013536736228900211,0.03679230385406738,5,train
CN012,14.794,1.439,2003,0.0,0.0,42.69599999999999,299.166,751.959,1285.536,1534.712,0.0,8.575999999999999,38.587,75.2,132.646,217.905,237.075,0.0,-19.23428,-49.12445161290322,-125.9233,-223.06106451612905,-309.5468,-372.7941538461538,0.0,0.3430399999999999,0.9680967741935484,1.2204333333333333,1.853096774193548,2.8419666666666665,1.4746153846153844,0.0,11645279.46,15126127.14516129,18701313.766666666,21646023.032258064,23143531.23333333,21385271.846153848,0.0,1.08584,5.566096774193548,14.869,20.92622580645161,24.1059,25.487384615384617,0.0,6.689439999999999,11.18909677419355,20.85986666666667,26.962935483870968,29.7115,30.343076923076925,0.0,-3.61512,0.6551612903225807,8.786399999999999,15.336741935483872,18.8002,20.728,0.0,24.0,17.0,0.0,0.0,0.0,0.0,0.0,0.0,0.0,0.0,0.0,0.0,0.0,0.0,25.0,30.0,28.0,28.0,25.0,12.0,0.0,12.936,37.799,88.854,170.805,264.502,369.4255,0.0,0.296,0.8899999999999999,1.6909999999999998,2.624,3.9015,5.2865,0.0,3.451,3.86,3.613,3.89,3.874,3.653,5.189,5.183861299999999,1.9462271720000976e-05,0.0044116064783705465,5,train,5.20126974,1.3047579917998634e-05,0.0036121433966550434,5,train
CN013,14.781,1.481,2003,0.0,0.0,32.94,217.797,611.257,1097.173,1321.643,0.0,7.256,38.873000000000005,84.172,136.013,216.553,244.238,0.0,-15.01204,-43.28487096774193,-101.31223333333334,-178.03203225806453,-259.9300333333333,-322.2973846153846,0.0,0.29024,1.0199032258064515,1.509966666666667,1.6722903225806451,2.6846666666666663,2.1296153846153847,0.0,12046949.7,15431827.064516127,18795010.4,21057764.322580647,22549924.0,21418213.384615384,0.0,-0.45764,4.511483870967742,12.4819,19.01225806451613,22.5172,23.58692307692308,0.0,5.29628,9.87335483870968,18.401633333333333,24.945709677419355,28.1247,28.682923076923075,0.0,-5.3493200000000005,-0.3301290322580645,6.6801,13.314612903225806,17.113,18.707692307692305,0.0,25.0,20.0,0.0,0.0,0.0,0.0,0.0,0.0,0.0,0.0,0.0,0.0,0.0,0.0,25.0,30.0,29.0,29.0,26.0,12.0,0.0,15.07,45.813,105.025,192.099,290.926,400.649,0.0,0.335,0.9845,1.902,3.0985,4.6645,6.087999999999999,0.0,3.796,3.941,3.9245,3.977,3.7715,3.794,4.314,4.49212476,0.00015580281596299124,0.012482099821864559,5,train,4.5344394999999995,0.00037874482649500945,0.019461367539178983,5,train
CN014,14.597,1.473,2003,0.0,0.0,27.251999999999995,139.153,458.859,855.893,1050.94,0.0,15.511,49.038,90.406,139.355,243.481,288.756,0.0,-8.81472,-29.20864516129032,-75.39963333333334,-146.07487096774193,-206.65716666666668,-242.55642857142857,0.0,0.62044,1.081516129032258,1.3789333333333331,1.579,3.4708666666666668,3.2339285714285717,0.0,12418975.36,15682172.79032258,18355743.28333333,20566035.080645163,22474873.4,20383089.785714287,0.0,-1.30768,2.9738709677419357,9.832966666666666,16.633096774193547,19.554466666666663,20.25192857142857,0.0,4.30276,8.129548387096774,15.8668,22.5203870967742,25.219866666666668,25.208642857142856,0.0,-6.217280000000001,-1.7554193548387096,4.068866666666667,10.668451612903224,14.155666666666669,15.658714285714286,0.0,25.0,26.0,0.0,0.0,0.0,0.0,0.0,0.0,0.0,0.0,0.0,0.0,0.0,0.0,25.0,31.0,29.0,29.0,25.0,11.0,0.0,13.2515,36.509,71.701,122.808,198.399,297.9305,0.0,0.286,0.8420000000000001,1.476,2.3955,3.719,5.0995,0.0,4.355,4.457,4.4635,4.46,4.4875,4.506500000000001,5.21,5.1283549200000005,0.00012006852552700358,0.010957578451784116,5,train,5.15158908,7.508091621200101e-05,0.008664924478147575,5,train
CN015,13.312,1.479,2003,0.0,0.0,1.4059999999999997,82.472,374.986,784.106,999.939,0.0,5.206,24.55,47.364,79.307,165.015,201.577,0.0,-10.256,-40.49,-105.26146666666666,-224.7202258064516,-339.3516,-386.8844285714285,0.0,0.2263478260869565,0.6239999999999999,0.7604666666666666,1.0304193548387095,2.856933333333333,2.611571428571428,0.0,11880034.304347826,16202975.35483871,18887444.433333334,22650063.096774194,22414397.3,22173922.14285714,0.0,-7.303826086956522,-0.684,8.666699999999999,15.755935483870967,19.95733333333333,21.736642857142854,0.0,-1.0674347826086956,5.437612903225807,15.205533333333332,22.447032258064517,26.0036,27.291500000000003,0.0,-12.869608695652174,-6.206838709677419,1.9616,8.843032258064516,13.9697,16.409214285714288,0.0,23.0,30.0,10.0,1.0,0.0,0.0,0.0,0.0,0.0,0.0,0.0,0.0,0.0,0.0,23.0,31.0,30.0,30.0,27.0,12.0,0.0,19.3675,52.415,92.432,137.756,205.694,303.8405,0.0,0.357,1.011,1.696,2.4105,3.5460000000000003,4.843,0.0,3.822,3.839,3.6825,3.238,3.729,3.8205,5.585,5.69460812,0.00020381901539698826,0.014276519722852214,5,train,5.691503920000001,0.00020602665083199677,0.014353628490106492,5,train
CN021,14.162,1.52,2003,0.0,0.0,4.625,139.819,480.765,908.864,1123.067,0.0,3.162,22.534,58.012,99.575,226.175,278.042,0.0,-16.73723076923077,-54.948,-128.43283333333335,-225.6082258064516,-285.48363333333333,-299.1335384615385,0.0,0.1216153846153846,0.6249032258064516,1.1826,1.340741935483871,4.22,3.989769230769231,0.0,12077325.923076924,15749266.70967742,18478672.73333333,21888294.16129032,21593864.433333334,21734084.0,0.0,-3.5243076923076924,1.532258064516129,10.728733333333334,17.31825806451613,20.589966666666665,22.797153846153847,0.0,2.3380384615384617,7.047193548387097,16.6368,23.41245161290323,25.691066666666664,27.627769230769232,0.0,-8.476269230769232,-3.410516129032258,4.668866666666667,11.503806451612904,15.8798,18.455615384615385,0.0,26.0,27.0,2.0,0.0,0.0,0.0,0.0,0.0,0.0,0.0,0.0,0.0,0.0,0.0,26.0,31.0,28.0,30.0,23.0,11.0,0.0,17.130000000000003,46.932,86.519,140.81,234.237,364.3085,0.0,0.383,1.071,1.81,2.865,4.401,6.167999999999999,0.0,4.709,4.716,4.4265,4.279,4.805,4.69,6.322,6.12693254,0.00102889160743802,0.03207634030618237,5,train,6.16834978,0.00063600829715201,0.025219204927039433,5,train
CN022,13.895,1.483,2003,0.0,0.0,0.0,93.59199999999998,383.509,794.4259999999999,1012.636,0.0,4.929,21.274,48.081,88.646,225.056,295.606,0.0,-9.526,-43.64525806451613,-108.85106666666668,-213.23174193548388,-279.8429333333333,-264.66364285714286,0.0,0.1760357142857143,0.527258064516129,0.8935666666666666,1.308548387096774,4.547,5.039285714285714,0.0,11554834.44642857,16012679.35483871,18727485.133333333,22135077.870967746,20774946.766666666,21211712.785714287,0.0,-7.685285714285714,-0.7134838709677419,9.1324,15.67216129032258,20.017233333333333,21.90642857142857,0.0,-1.622642857142857,5.231483870967741,15.229433333333333,21.970290322580645,25.0337,26.374785714285714,0.0,-13.388535714285714,-6.287129032258065,2.7847,9.37183870967742,15.173666666666666,17.717428571428574,0.0,28.0,31.0,9.0,1.0,0.0,0.0,0.0,0.0,0.0,0.0,0.0,0.0,0.0,0.0,28.0,31.0,29.0,29.0,23.0,11.0,0.0,21.168,57.279,97.981,150.18,240.251,376.681,0.0,0.4575,1.242,2.0,2.844,4.2805,6.038,0.0,5.1845,5.114,4.791,4.396,5.2905,5.463,6.148,6.2683807,0.00034916002643499015,0.018685824210748377,5,train,6.2879228,0.0007458827987000154,0.027310854960986033,5,train
CN023,14.269,1.486,2003,0.0,0.0,0.0,60.315,306.524,716.6129999999999,891.485,0.0,5.349,17.252000000000002,44.114,72.173,151.622,220.773,0.0,-4.087714285714286,-33.72690322580645,-87.64623333333334,-197.09483870967745,-306.1722,-316.4433333333333,0.0,0.1910357142857142,0.3839677419354839,0.8954,0.9051290322580644,2.6483,5.762583333333333,0.0,10748374.267857144,15724355.225806452,19045560.133333333,23050600.129032254,21082009.1,19226896.33333333,0.0,-12.502107142857144,-1.8124193548387095,7.710533333333333,14.240903225806452,19.98963333333333,20.892666666666667,0.0,-5.6355,4.426451612903226,14.068766666666669,20.946645161290324,25.5038,25.371583333333334,0.0,-18.996285714285712,-7.920645161290322,0.8615999999999999,7.134612903225807,14.468866666666669,16.796833333333336,0.0,28.0,31.0,15.0,2.0,0.0,0.0,0.0,0.0,0.0,0.0,0.0,0.0,0.0,0.0,28.0,31.0,29.0,31.0,29.0,7.0,0.0,16.681,48.19,85.989,134.31900000000002,216.304,340.0375,0.0,0.4684999999999999,1.2845,2.098,3.114,4.663,6.437,0.0,5.313000000000001,5.301,5.109,4.599,4.886,5.5435,4.046,4.38508592,0.0005099471735320094,0.02258200995332367,5,train,4.43412854,0.0009652278614980228,0.03106811647811986,5,train
CN032,13.994,1.439,2003,0.0,6.189999999999997,86.70799999999998,321.113,716.841,1249.568,1462.374,7.995,62.558,154.739,270.875,332.016,515.34,798.021,7.407,8.52125,39.769451612903225,39.6321,56.15525806451613,-25.62633333333333,191.83391666666665,7.995,1.9486785714285717,2.9735806451612907,3.8712,1.9722903225806447,6.1108,23.55675,3645925.0,10839060.910714284,14766359.298387095,16517752.416666666,18849757.241935484,21502299.5,13090594.666666666,1.274,4.162214285714286,8.095225806451612,14.1335,19.08541935483871,24.077566666666662,24.053833333333333,3.639,8.712285714285715,12.874193548387098,18.812366666666662,23.576032258064515,28.765833333333333,27.419083333333333,-0.945,0.0036071428571428,3.702225806451613,9.738166666666666,14.852193548387095,19.585733333333334,21.31175,1.0,13.0,5.0,0.0,0.0,0.0,0.0,0.0,0.0,0.0,0.0,0.0,0.0,0.0,0.0,25.0,26.0,23.0,29.0,23.0,1.0,0.0,40.859,125.774,261.439,420.214,540.192,645.5765,0.0,0.7729999999999999,2.21,4.053,6.266,7.936,9.462,0.0,5.8740000000000006,5.873,5.9005,5.757,5.1080000000000005,7.0215,4.365,4.43992494,9.942923936299886e-05,0.009971421130561023,5,train,4.49641314,0.00011224065038801002,0.010594368805549956,5,train
CN034,13.843,1.492,2003,0.0,15.380999999999997,118.902,369.447,799.713,1357.896,1507.409,11.305,82.161,191.464,321.767,404.245,666.141,813.679,2.477666666666667,19.466535714285715,68.27287096774195,91.92243333333334,135.00067741935484,74.12476666666666,286.301375,3.768333333333333,2.530571428571428,3.5259032258064518,4.3434333333333335,2.66058064516129,8.729866666666668,18.44225,7865737.0,9874285.82142857,14397410.241935484,15334294.141666668,18323602.467741936,21360073.933333334,13116601.875,0.7806666666666667,4.736107142857143,8.819967741935484,14.6715,20.199548387096776,24.9261,25.009125,4.415666666666667,9.139964285714289,13.569258064516127,19.21153333333333,24.504451612903228,29.539566666666666,28.138,-2.666333333333333,0.6995714285714286,4.247612903225806,10.3691,15.927806451612904,20.4348,22.356375,3.0,10.0,5.0,0.0,0.0,0.0,0.0,0.0,0.0,0.0,0.0,0.0,0.0,0.0,2.0,25.0,26.0,21.0,27.0,22.0,1.0,0.0,42.804,131.346,262.072,403.998,519.001,603.694,0.0,0.8295,2.3455,4.179,6.224,7.944500000000001,9.421,0.0,6.609,6.589,6.656499999999999,6.513,5.9005,7.7425,4.154,4.1697117,5.617239582500163e-05,0.007494824602684283,5,train,4.20145934,6.667234362799715e-05,0.008165313443340504,5,train
CN037,14.446,1.493,2003,0.0,0.0,61.404,290.225,700.966,1240.922,1484.057,0.0,20.452,56.459,124.891,175.989,263.169,392.012,0.0,-11.0206,-34.85141935483871,-86.87253333333334,-137.0619677419355,-244.80886666666663,-253.80707142857145,0.0,0.8180799999999999,1.1615161290322582,2.2810666666666664,1.6483225806451614,2.906,9.20307142857143,0.0,11498657.7,15287535.725806452,18864413.4,21237444.129032254,22704315.6,17888413.67857143,0.0,2.58212,6.904903225806452,13.947366666666666,19.569709677419358,24.31853333333333,23.686785714285715,0.0,8.02264,12.32083870967742,19.55333333333333,24.9678064516129,29.7781,27.88228571428571,0.0,-2.06772,2.0945161290322583,8.791033333333333,14.55925806451613,19.305233333333334,20.113214285714285,0.0,22.0,10.0,0.0,0.0,0.0,0.0,0.0,0.0,0.0,0.0,0.0,0.0,0.0,0.0,24.0,30.0,27.0,28.0,29.0,9.0,0.0,19.482,63.1,153.92,275.49,384.14,491.15,0.0,0.373,1.185,2.456,4.0755,5.679,7.0335,0.0,4.408,4.462,4.347,4.446,4.1695,4.893,5.865,5.9126063,4.291426694999774e-05,0.006550898178875759,5,train,5.90303602,2.1504947651999982e-05,0.00463734273609359,5,train
CN041,14.925,1.468,2003,0.0,7.400999999999998,100.943,351.891,795.294,1372.527,1585.701,0.0,42.038,94.958,158.67,214.578,366.748,507.402,0.0,2.042666666666667,-0.8301935483870964,-33.818133333333336,-69.9001935483871,-166.524,-77.97383333333333,0.0,1.556962962962963,1.7070967741935483,2.123733333333333,1.8034838709677417,5.072333333333333,11.721166666666669,0.0,10331229.361111112,14344674.33064516,16929418.741666667,19064379.322580647,21853680.716666665,15949198.541666666,0.0,3.921148148148148,8.256741935483872,14.684933333333332,20.62332258064516,25.5611,24.0845,0.0,9.01962962962963,13.475741935483873,19.805433333333333,25.59029032258065,30.8898,27.776916666666665,0.0,-0.7196666666666667,3.405774193548387,9.689666666666666,15.780806451612904,20.4303,20.837666666666667,0.0,14.0,5.0,0.0,0.0,0.0,0.0,0.0,0.0,0.0,0.0,0.0,0.0,0.0,0.0,24.0,28.0,28.0,30.0,24.0,5.0,0.0,35.2675,114.068,260.449,423.561,538.45,640.2764999999999,0.0,0.6685,2.148,3.977,6.1105,7.699999999999999,9.1145,0.0,4.59,4.568,4.4435,4.425,4.278499999999999,5.5055,3.211,3.3743785,0.000290466258170005,0.017043070679018058,5,train,3.41186288,0.00035679734692699864,0.018889080097426625,5,train
CN042,13.08,1.433,2003,0.0,28.486,153.51299999999998,432.75,888.811,1471.869,1546.874,10.069,96.334,196.838,350.695,475.387,737.651,774.796,-1.6911999999999998,14.613535714285716,74.8121935483871,115.3075,183.32793548387096,160.517,305.93975,2.0138,3.080892857142857,3.242064516129032,5.128566666666667,4.022322580645161,8.742133333333333,9.28625,9490965.8,8880207.99107143,12733881.362903226,13652444.091666669,16772885.70967742,19528660.475,13288797.25,4.3284,5.911499999999999,9.686903225806452,15.6279,21.03164516129032,25.755266666666667,25.07125,8.602,10.101714285714284,14.17174193548387,20.01523333333333,25.17961290322581,29.952333333333332,28.014,-0.1262,1.744,5.219387096774193,11.2083,16.91164516129032,21.62313333333333,22.22625,4.0,10.0,4.0,0.0,0.0,0.0,0.0,0.0,0.0,0.0,0.0,0.0,0.0,0.0,5.0,22.0,25.0,21.0,24.0,20.0,2.0,0.0,54.415000000000006,151.629,272.232,395.734,515.247,617.024,0.0,0.958,2.6185,4.302,6.2615,8.222,9.767,0.0,7.041,7.043,7.1025,7.207,6.867,7.8,4.91,4.79691072,1.1036173076998453e-05,0.0033220736110144296,5,train,4.82143696,1.8059521528002175e-05,0.0042496495770830535,5,train
CN046,11.719,1.364,2003,110.914,538.3679999999999,1053.986,1675.173,2364.312,2519.963,0.0,2.181,13.08,37.891,84.269,237.541,246.062,0.0,-13.849875,-62.735,-156.8618387096774,-262.8410333333333,-343.926935483871,-333.5322857142857,0.0,0.272625,0.38925,0.8003548387096774,1.5459333333333334,4.944258064516129,1.2172857142857143,0.0,13635537.9375,15057293.25,15507564.096774194,21180688.866666667,20894050.54838709,21962696.0,0.0,20.18425,21.586214285714284,22.95283870967742,27.026233333333334,28.550290322580643,28.555857142857143,0.0,25.091625,26.09507142857143,27.42983870967742,31.96466666666667,33.08851612903226,32.57271428571429,0.0,16.538375000000002,18.17832142857143,19.44309677419355,23.19793333333333,25.04893548387097,24.65657142857143,0.0,0.0,0.0,0.0,0.0,0.0,0.0,0.0,0.0,0.0,0.0,0.0,0.0,0.0,0.0,8.0,28.0,31.0,29.0,22.0,6.0,0.0,0.0,79.749,204.455,338.534,486.337,591.241,0.0,0.505,1.7985,3.847,5.696,7.646000000000001,9.125,0.0,0.0,6.3100000000000005,6.31,6.157500000000001,6.457,6.08,0.0,3.087,3.251507,0.00034295613313500275,0.01851907484554784,5,train,3.3044997799999996,0.0007306667893119966,0.027030848845568955,5,train
CN051,12.899,1.434,2003,0.0,91.10099999999998,258.572,566.944,995.357,1480.07,1702.297,2.468,32.165,84.279,164.241,314.717,485.011,562.695,0.361,-8.88782142857143,-24.940516129032257,-38.80823333333333,-23.228677419354835,7.610166666666672,73.99192307692309,1.234,1.0606071428571429,1.6810967741935483,2.6654,4.854064516129032,5.676466666666667,5.975692307692308,8064615.25,9188206.57142857,12728740.5,15012962.083333334,15919427.774193548,16535595.366666667,14934370.846153846,5.709,9.573607142857142,11.702129032258066,16.599066666666666,20.139774193548387,22.4771,23.414384615384616,9.1785,13.175321428571428,15.866903225806452,20.7969,23.92419354838709,26.16433333333333,26.491846153846154,2.065,5.766107142857143,7.213225806451613,12.1128,16.336709677419353,18.64003333333333,20.411461538461538,0.0,0.0,0.0,0.0,0.0,0.0,0.0,0.0,0.0,0.0,0.0,0.0,0.0,0.0,2.0,28.0,31.0,26.0,25.0,21.0,8.0,0.0,68.088,174.387,280.3,386.595,524.975,681.0045,0.0,1.061,2.74,4.25,5.861,8.096,10.177,0.0,6.4775,6.446,6.299,6.337,6.390000000000001,6.523,4.454,4.5669305399999995,8.395696195298836e-05,0.00916280317113646,5,train,4.57446756,0.00011897317658300038,0.010907482596043891,5,train
CN052,13.061,1.533,2003,4.705999999999998,102.43,239.191,514.9559999999999,859.1039999999999,1229.492,1318.166,17.331,53.785,134.203,252.573,451.954,713.245,760.371,1.477875,-7.115571428571429,-33.776645161290325,-47.950066666666665,2.5134838709677485,173.99470000000002,244.31900000000005,2.166375,1.3019285714285715,2.594129032258065,3.9456666666666655,6.431645161290323,8.7097,7.854333333333334,9615886.625,13072440.767857144,14567957.741935484,17509782.4,14929027.338709677,14935508.383333333,18351907.0,5.418875,9.046464285714285,10.233645161290324,15.512166666666667,17.421548387096774,18.66626666666667,21.099,10.563875,14.508892857142856,15.635258064516128,21.17833333333333,21.660806451612903,22.22543333333333,24.71633333333333,1.731875,4.134571428571428,5.446354838709677,10.757866666666668,13.76774193548387,15.389466666666666,18.085666666666665,1.0,0.0,3.0,0.0,0.0,0.0,0.0,0.0,0.0,0.0,0.0,0.0,0.0,0.0,8.0,28.0,30.0,25.0,19.0,11.0,4.0,0.0,48.167,125.716,207.091,294.688,407.265,510.267,0.32,1.1949999999999998,2.6485000000000003,3.886,5.2515,7.451,9.102,0.0,7.5065,7.541,7.336,7.546,7.862999999999999,7.785500000000001,4.661,4.435905780000001,0.000532707682726984,0.023080461059670883,5,train,4.486101,0.0005014163323400038,0.022392327532885094,5,train
CN053,12.971,1.41,2003,2.965,125.014,333.924,673.924,1054.037,1413.746,1617.309,2.48,30.233,92.146,131.005,274.675,544.324,608.236,0.24,-21.89325,-98.0947741935484,-185.9211,-258.2582258064516,-118.87243333333332,-46.69586666666667,2.48,0.9911785714285716,1.9971935483870968,1.2953,4.634516129032257,8.9883,4.2608,13848300.0,17281197.660714287,19428010.774193548,23359392.9,19605553.5,15915530.433333334,18573130.73333333,9.285,10.653357142857145,13.059032258064516,17.653333333333332,18.581709677419354,18.3103,19.890866666666668,14.252,16.598785714285714,18.861032258064515,23.925,23.64525806451613,22.1075,23.739,5.529,5.046321428571429,7.675129032258065,11.770033333333334,14.199193548387097,15.1877,16.718666666666667,0.0,0.0,0.0,0.0,0.0,0.0,0.0,0.0,0.0,0.0,0.0,0.0,0.0,0.0,1.0,28.0,29.0,29.0,22.0,8.0,12.0,0.0,69.935,170.255,259.928,342.081,443.105,563.6445,0.0,1.13,2.795,4.175,5.547000000000001,7.5385,9.415,0.0,7.0455000000000005,6.999,6.505,6.481,7.3245,7.301,3.749,3.8411824799999996,1.1395896767000403e-05,0.003375780912174308,5,train,3.86183592,4.7263465617000066e-05,0.006874842952169894,5,train
CN054,13.005,1.461,2003,0.0,0.0,0.0,9.424,72.09799999999998,239.698,327.701,1.028,59.966,122.902,197.685,315.487,542.835,658.664,-0.844,-0.242428571428571,-10.79432258064516,-37.39456666666667,-48.55422580645161,-8.449399999999999,101.93864285714288,1.028,2.104928571428572,2.0301935483870968,2.492766666666667,3.800064516129032,7.578266666666667,8.2735,16965302.0,18414399.32142857,21664800.29032258,23115026.0,23251183.677419357,19992307.3,17918857.07142857,-0.491,-0.9690714285714286,1.604354838709677,5.569500000000001,8.140322580645162,11.906666666666666,12.605928571428572,3.78,3.655892857142857,6.53658064516129,10.790533333333334,13.212903225806452,16.617166666666666,16.694357142857143,-5.517,-5.6582857142857135,-3.268193548387097,0.3493666666666666,3.774,8.219933333333334,9.645785714285712,1.0,28.0,31.0,20.0,0.0,0.0,0.0,0.0,0.0,0.0,0.0,0.0,0.0,0.0,1.0,28.0,30.0,26.0,28.0,13.0,4.0,0.0,40.595,101.96,167.442,249.974,361.882,474.2205,0.0,0.826,2.0435,3.065,4.2535,5.774,6.976,0.0,6.257,6.171,6.0,5.98,6.2225,6.5025,4.924,5.28283582,0.00035829974931200293,0.018928807392754647,5,train,5.35637708,0.00020166406965199766,0.01420084749766709,5,train
CN061,12.801,1.465,2003,0.0,3.211999999999999,67.041,261.33,662.437,1184.0929999999998,1409.263,0.0,18.109,55.42,106.643,164.832,234.566,296.971,0.0,-11.46037037037037,-37.98270967741935,-76.84396666666666,-153.74290322580643,-265.27366666666666,-310.34607142857146,0.0,0.6707037037037037,1.2035806451612905,1.7074333333333334,1.877064516129032,2.3244666666666665,4.4575000000000005,0.0,11958418.787037035,14953719.161290323,17411143.216666665,19534168.30645161,22927221.0,17983699.25,0.0,2.573074074074074,6.405258064516128,12.7963,19.258935483870967,23.70853333333333,22.40357142857143,0.0,7.852962962962963,11.722096774193547,18.6512,24.797806451612903,29.692733333333333,27.192,0.0,-2.3414444444444444,1.1914193548387098,6.977033333333334,13.34983870967742,17.481166666666663,17.96892857142857,0.0,21.0,17.0,0.0,0.0,0.0,0.0,0.0,0.0,0.0,0.0,0.0,0.0,0.0,0.0,27.0,30.0,28.0,28.0,26.0,10.0,0.0,24.5,74.376,159.923,267.481,370.352,468.1465,0.0,0.513,1.364,2.449,3.954,5.4705,6.7775,0.0,3.974,4.054,4.004,3.72,3.556,4.047000000000001,3.935,4.0309745800000005,3.7395588592003536e-05,0.006115193258761618,5,train,4.0561535399999995,5.2242729038000723e-05,0.0072279131869441215,5,train
CN062,12.84,1.465,2003,0.0,0.0,33.622,133.209,421.479,840.707,1147.862,0.0,6.172,29.334,59.512,110.212,154.6,195.434,0.0,-12.299105263157896,-49.51783870967742,-120.53643333333332,-212.7312580645161,-345.18846666666667,-431.9610476190476,0.0,0.3248421052631579,0.7471612903225806,1.0059333333333331,1.6354838709677415,1.4796000000000002,1.9444761904761905,0.0,14075038.47368421,17118837.048387095,20076477.2,21918214.93548387,24016531.466666665,22049677.23809524,0.0,0.0460526315789473,3.307967741935484,9.426466666666666,15.619032258064516,20.294266666666665,20.946428571428573,0.0,5.853315789473684,9.052612903225803,15.6915,21.687129032258067,26.625566666666668,26.728,0.0,-5.853736842105263,-2.5655161290322583,3.0032,9.20025806451613,13.504933333333334,15.308809523809524,0.0,19.0,24.0,4.0,0.0,0.0,0.0,0.0,0.0,0.0,0.0,0.0,0.0,0.0,0.0,19.0,31.0,30.0,30.0,27.0,20.0,0.0,14.165,37.159,71.704,134.048,232.661,351.626,0.0,0.257,0.688,1.191,1.9845,3.285,4.602,0.0,3.182,3.215,3.122,3.012,2.5250000000000004,3.209,4.984,4.9396952800000005,7.640513089700096e-05,0.008741002854192473,5,train,5.00918122,4.514301485699929e-05,0.006718855174581402,5,train
CN064,12.016,1.441,2003,0.0,0.0,43.639,193.141,523.091,977.24,1256.895,0.0,5.183,25.132,42.63,103.525,150.352,176.084,0.0,-15.38452380952381,-62.55170967741936,-154.8579,-261.65500000000003,-396.4416,-478.4939444444444,0.0,0.2468095238095238,0.643516129032258,0.5832666666666667,1.9643548387096772,1.5609,1.4295555555555557,0.0,14153347.0,17062457.79032258,20605833.966666665,21694213.79032258,24598846.85,22518149.83333333,0.0,0.8686666666666667,4.668903225806451,11.302366666666668,16.963548387096775,21.4583,21.85638888888889,0.0,6.985047619047619,10.66683870967742,17.7375,23.223,28.06676666666667,27.67088888888889,0.0,-5.435428571428572,-1.2972580645161291,4.6654,10.451516129032258,14.622366666666666,16.139388888888888,0.0,20.0,24.0,0.0,0.0,0.0,0.0,0.0,0.0,0.0,0.0,0.0,0.0,0.0,0.0,21.0,31.0,30.0,29.0,28.0,18.0,0.0,13.182,34.055,64.298,119.31,209.347,306.977,0.0,0.219,0.5965,1.023,1.6975,2.8385,3.9575,0.0,3.049,3.121,2.8225,3.249,2.1505,3.229,6.801,6.943102059999999,0.00043879942053798396,0.020947539725179758,5,train,6.926523260000001,0.0006593761545129912,0.025678320710533064,5,train
CN065,13.176,1.431,2003,0.0,0.0,8.375,84.448,369.949,818.173,1196.517,0.0,17.246,43.725,94.877,147.892,200.663,271.471,0.0,2.2995333333333337,-7.965387096774193,-32.873,-104.09706451612904,-207.0440333333333,-299.13616,0.0,1.1497333333333333,0.8541612903225806,1.7050666666666667,1.710161290322581,1.7590333333333334,2.83232,0.0,11171329.666666666,16031870.70967742,19895237.73333333,22742001.90322581,23482293.23333333,22649018.04,0.0,-4.921133333333334,-0.2194193548387096,7.182266666666666,15.529709677419357,21.2608,21.45376,0.0,-0.7851333333333333,4.959290322580645,12.646033333333332,20.856870967741933,26.544500000000003,26.339520000000004,0.0,-9.597133333333334,-5.505129032258064,1.3436666666666668,9.699774193548386,15.7185,16.63328,0.0,15.0,24.0,13.0,0.0,0.0,0.0,0.0,0.0,0.0,0.0,0.0,0.0,0.0,0.0,15.0,31.0,29.0,31.0,29.0,22.0,0.0,2.732,12.006,40.684,93.22,188.843,330.63,0.0,0.1895,0.5755,1.165,1.925,3.226,4.774,0.0,3.844,3.636,3.593,3.477,3.514,3.712,6.782,7.29070254,0.0005012772177580329,0.02238922101722239,5,train,7.24032362,0.0006053420937269835,0.024603700813637438,5,train
CN011,14.819,1.511,2004,0.0,0.0,22.056999999999995,252.477,617.039,1114.734,1315.757,0.0,13.947,17.125,47.649,76.681,216.2,258.838,0.0,-19.095333333333333,-72.56067741935483,-175.74663333333334,-278.054,-391.7771,-363.58225,0.0,0.5165555555555555,0.102516129032258,1.0174666666666667,0.936516129032258,4.650633333333333,3.5531666666666664,0.0,13187041.5,17599537.419354837,20609694.866666667,21657520.580645163,20511677.683333334,21064330.25,0.0,0.4417037037037037,4.56158064516129,13.9473,18.08006451612903,22.90983333333333,23.071916666666667,0.0,6.458555555555556,10.737967741935485,20.716666666666665,24.49516129032258,28.538166666666665,28.04475,0.0,-4.85825925925926,-1.3535161290322582,7.018366666666666,11.541387096774194,17.413866666666667,18.36458333333333,0.0,27.0,21.0,1.0,0.0,0.0,0.0,0.0,0.0,0.0,0.0,0.0,1.0,0.0,0.0,26.0,31.0,29.0,29.0,22.0,9.0,0.0,15.4485,43.513,89.17099999999999,162.002,267.697,398.3795,0.0,0.368,1.0015,1.894,3.211,4.7620000000000005,6.5725,0.0,4.119,3.956,3.703,3.698,3.836,4.3415,4.651,4.90026332,0.0009831477686070276,0.03135518726793109,5,train,4.95060322,0.0009157216878519865,0.030260893705440797,5,train
CN012,14.794,1.439,2004,0.0,3.381,69.134,347.677,771.024,1304.418,1524.748,0.0,6.255,12.354,40.865,71.318,256.603,303.39,0.0,-26.10146153846154,-92.45480645161292,-207.94776666666667,-333.8961612903226,-442.3596666666666,-385.7341666666666,0.0,0.240576923076923,0.1967419354838709,0.9503666666666668,0.9823548387096774,6.176166666666666,3.8989166666666666,0.0,13085870.817307692,17302586.29032258,20839829.916666668,22251974.85483871,20028289.891666666,22370116.625,0.0,2.774730769230769,6.981870967741935,15.604766666666666,19.97635483870968,24.0998,24.680833333333336,0.0,9.029423076923075,12.971290322580646,21.97843333333333,26.10474193548387,29.5761,29.5385,0.0,-2.8438461538461537,1.249,9.262633333333332,13.942225806451614,19.195766666666668,20.384916666666665,0.0,23.0,11.0,0.0,0.0,0.0,0.0,0.0,0.0,0.0,0.0,0.0,2.0,0.0,0.0,26.0,31.0,28.0,29.0,22.0,9.0,0.0,14.3365,41.189,93.582,177.111,282.927,410.4515,0.0,0.3369999999999999,0.9185,1.8525,3.039,4.3855,6.0605,0.0,4.3525,4.171,3.534,3.994,4.3405000000000005,4.581,5.062,5.13422756,2.8942883788000565e-05,0.005379859086258725,5,train,5.14778602,3.579233359200291e-05,0.0059826694369656515,5,train
CN013,14.781,1.481,2004,0.0,1.5579999999999998,44.47099999999999,276.007,640.687,1123.607,1330.573,0.0,10.260000000000002,17.964000000000002,50.16,90.916,217.218,275.963,0.0,-22.810153846153845,-84.82122580645162,-185.76386666666667,-289.9297419354839,-391.2003666666667,-384.2885833333333,0.0,0.3946153846153847,0.248516129032258,1.0732,1.3147096774193547,4.210066666666666,4.895416666666667,0.0,13427965.153846154,17418251.967741936,20915180.433333334,22537279.19354839,20530620.78333333,22144597.33333333,0.0,1.8231153846153847,5.7861290322580645,14.023666666666664,18.083870967741937,22.41733333333333,23.567166666666665,0.0,8.09776923076923,11.927322580645162,20.605966666666667,24.223290322580645,27.967666666666663,28.931,0.0,-3.8475,0.0264193548387096,7.5957,12.003032258064517,17.189533333333333,18.868583333333333,0.0,24.0,13.0,0.0,0.0,0.0,0.0,0.0,0.0,0.0,0.0,0.0,0.0,0.0,0.0,26.0,31.0,28.0,29.0,24.0,9.0,0.0,17.301499999999997,53.616,120.553,206.785,304.046,424.541,0.0,0.359,1.0299999999999998,2.131,3.417,4.6995000000000005,6.2895,0.0,4.574,4.366,4.1240000000000006,4.129,4.373,4.5995,4.4,4.59827456,4.31702141430004e-05,0.0065704044124391915,5,train,4.68037794,6.45134836979946e-05,0.008032028616607052,5,train
CN014,14.597,1.473,2004,0.0,0.0,23.259999999999994,218.259,522.286,927.206,1127.716,0.0,19.784,34.367999999999995,57.062,104.166,194.175,235.638,0.0,-17.555346153846155,-69.52580645161291,-157.44106666666667,-256.4601612903226,-357.58716666666663,-388.7218461538462,0.0,0.7609230769230769,0.4704516129032258,0.7564666666666666,1.5194838709677418,3.0003,3.1894615384615386,0.0,14222934.5,17146335.741935484,21354551.866666667,23081112.967741936,21300000.9,23341432.384615384,0.0,0.2849615384615385,4.352032258064517,12.701833333333331,16.12732258064516,19.81733333333333,21.74384615384616,0.0,6.60726923076923,10.479774193548389,19.7754,22.448096774193548,25.6138,27.54792307692308,0.0,-5.523807692307693,-1.3585483870967745,5.529066666666667,9.77783870967742,14.313566666666668,16.332846153846155,0.0,25.0,23.0,4.0,0.0,0.0,0.0,0.0,0.0,0.0,0.0,0.0,0.0,0.0,0.0,25.0,31.0,29.0,31.0,27.0,11.0,0.0,14.0345,38.708,75.235,125.978,200.285,302.8035,0.0,0.309,0.8835,1.6385,2.59,3.743,5.078,0.0,5.372999999999999,5.19,4.9155,4.741,4.4665,4.759,5.613,5.4024224,0.00024539560808000706,0.015665107981753815,5,train,5.42180022,0.0003357439189420017,0.01832331626485778,5,train
CN015,13.312,1.479,2004,0.0,0.0,4.731999999999999,97.241,356.196,812.3,1001.892,0.0,6.737,13.479,25.02,64.39,123.991,169.555,0.0,-12.481458333333334,-55.938096774193546,-147.33736666666667,-258.9885806451613,-405.6277666666667,-446.28269230769234,0.0,0.2807083333333333,0.2174838709677419,0.3847,1.27,1.9867,3.504923076923077,0.0,12048100.291666666,16814529.0,20385764.066666663,21933795.19354839,22592956.23333333,18834622.230769232,0.0,-6.666625,-1.5603870967741935,8.7524,14.673387096774194,21.523466666666664,20.904,0.0,-0.5282916666666667,4.47083870967742,15.285333333333334,20.751193548387096,27.512866666666664,25.36223076923077,0.0,-12.151833333333334,-7.208870967741936,1.9181333333333328,8.203290322580646,15.1995,16.729307692307692,0.0,24.0,29.0,8.0,0.0,0.0,0.0,0.0,0.0,0.0,0.0,0.0,0.0,0.0,0.0,24.0,31.0,30.0,31.0,28.0,11.0,0.0,17.1465,47.618,86.184,130.126,200.941,304.57000000000005,0.0,0.338,0.961,1.717,2.502,3.5555000000000003,4.875500000000001,0.0,4.31,4.201,3.9045,3.822,3.6195,4.499,5.658,5.6998891,3.611049645999848e-05,0.0060092009834917725,5,train,5.698998680000001,4.080115276199988e-05,0.006387578004376923,5,train
CN021,14.162,1.52,2004,0.0,0.0,11.691999999999997,161.291,474.447,949.301,1137.892,0.0,18.784,33.436,58.714,97.104,197.013,267.228,0.0,-11.414,-50.76996774193548,-130.58656666666667,-244.1215806451613,-373.7834,-352.08,0.0,0.6957037037037038,0.4726451612903226,0.8425999999999999,1.2383870967741937,3.3303000000000003,5.85125,0.0,12132825.120370371,17311537.80645161,20553556.83333333,21822841.01612903,21454566.9,19444666.916666668,0.0,-3.387407407407407,1.1912258064516128,10.917933333333334,16.421806451612905,22.148466666666664,22.035916666666665,0.0,1.8921111111111115,6.956967741935483,16.8404,21.91674193548387,27.4146,25.8275,0.0,-8.392037037037037,-4.0761290322580646,4.8608,10.747354838709676,17.1847,18.67458333333333,0.0,27.0,28.0,5.0,0.0,0.0,0.0,0.0,0.0,0.0,0.0,0.0,0.0,0.0,0.0,26.0,31.0,28.0,29.0,22.0,7.0,0.0,17.806,48.59,88.049,142.232,237.369,374.4335,0.0,0.395,1.087,1.924,2.967,4.321,6.1530000000000005,0.0,5.004,4.89,4.5395,4.36,4.0555,5.5095,6.753,6.55542574,0.0005123083906630107,0.022634230507419743,5,train,6.5972129,0.000707027464184987,0.026589988044092593,5,train
CN022,13.895,1.483,2004,0.0,0.0,5.267,80.449,345.393,808.593,987.692,0.0,27.235,54.038,65.163,120.02,188.308,280.16,0.0,-0.693896551724138,-18.10490322580645,-85.1084,-180.16487096774196,-312.0667666666667,-295.9674615384616,0.0,0.9391379310344828,0.8646129032258065,0.3708333333333333,1.7695806451612903,2.2762666666666664,7.065538461538462,0.0,10683694.310344828,16853523.19354839,20208490.8,20829168.54838709,22965949.23333333,15894777.461538462,0.0,-8.25606896551724,-1.816516129032258,8.045866666666667,14.86658064516129,21.76,20.096846153846155,0.0,-3.1691724137931034,3.7893548387096776,14.017333333333331,20.236193548387096,27.2415,23.725846153846152,0.0,-13.600620689655171,-7.220258064516129,1.5,9.037580645161292,16.200333333333333,16.982846153846154,0.0,29.0,28.0,12.0,0.0,0.0,0.0,0.0,0.0,0.0,0.0,0.0,0.0,0.0,0.0,29.0,30.0,30.0,30.0,25.0,7.0,0.0,18.271,51.899,90.922,139.991,227.116,361.691,0.0,0.458,1.2455,2.099,3.035,4.3555,6.126,0.0,5.432,5.356,4.9855,4.84,4.474,5.768,6.238,6.43670896,0.00012253903938299915,0.01106973528965346,5,train,6.4715021,4.587074729999965e-05,0.00677279464475335,5,train
CN023,14.269,1.486,2004,0.0,0.0,0.0,25.634,239.977,684.069,829.6949999999999,0.0,18.823,40.726,63.911,142.913,174.031,239.679,0.0,4.8966206896551725,-7.694193548387096,-53.165,-106.0918064516129,-225.0952,-264.37836363636364,0.0,0.6490689655172414,0.7065483870967741,0.7728333333333333,2.548451612903225,1.0372666666666666,5.968,0.0,9946678.706896553,15747297.064516127,19246678.53333333,19902332.06451613,24248788.3,12540179.318181818,0.0,-13.154689655172414,-4.518903225806452,5.430933333333333,13.218709677419357,21.123066666666663,19.558727272727275,0.0,-7.870655172413793,1.1558709677419354,11.042433333333332,18.539967741935484,26.90083333333333,22.915272727272725,0.0,-18.691,-10.250064516129031,-0.6969,7.612258064516129,14.8837,16.736545454545453,0.0,29.0,29.0,21.0,0.0,0.0,0.0,0.0,0.0,0.0,0.0,0.0,0.0,0.0,0.0,29.0,31.0,30.0,27.0,28.0,7.0,0.0,8.375,30.368,62.369,105.81,190.998,329.581,0.0,0.271,0.8745,1.811,2.784,4.172499999999999,6.0185,0.0,5.546,5.634,5.49,5.411,4.898,5.711,4.311,4.46202772,0.00023568498159699973,0.015352035096266545,5,train,4.45983006,0.0001811484890829953,0.013459141469016339,5,train
CN031,12.706,1.42,2004,0.2139999999999995,56.645,146.57,401.695,821.951,1316.036,0.0,1.962,82.119,132.363,264.538,438.858,625.911,0.0,-9.2295,-29.57134482758621,-12.848193548387094,-23.49143333333333,41.60867741935484,64.67744827586208,0.0,0.1635,2.764034482758621,1.620774193548387,4.405833333333334,5.623225806451613,6.450103448275862,0.0,13517322.75,13737875.422413792,14910272.733870968,18562355.316666663,20293289.129032254,19030905.24137931,0.0,1.1061666666666663,7.489413793103449,9.001451612903226,14.824166666666668,19.876645161290323,23.357413793103447,0.0,5.606166666666667,12.29351724137931,13.108064516129032,19.440800000000003,24.094806451612904,26.90386206896552,0.0,-3.1135,3.2856896551724137,5.053645161290323,10.4237,16.011677419354836,20.172310344827583,0.0,10.0,7.0,2.0,0.0,0.0,0.0,0.0,0.0,0.0,0.0,0.0,0.0,0.0,0.0,12.0,25.0,28.0,25.0,23.0,22.0,0.0,24.054,76.187,171.372,287.195,400.761,494.69,0.0,0.304,1.1185,2.814,4.6525,6.239,7.153,0.0,6.275499999999999,6.165,6.209,6.0565,6.476,6.31,0.0,6.139,6.1737762400000005,0.00015643676356299279,0.01250746831149265,5,train,6.1811096,6.539537429998991e-05,0.008086740647503783,5,train
CN032,13.994,1.439,2004,0.0,43.14,142.254,422.77,843.986,1383.029,1607.132,0.25,24.529,55.814,124.529,243.897,371.055,443.532,-1.152,-26.599827586206896,-68.76425806451613,-134.1926,-148.18780645161291,-176.78233333333336,-173.5563636363636,0.25,0.8372068965517241,1.0091935483870969,2.2905,3.85058064516129,4.2386,6.588818181818183,13492658.0,14076066.206896553,16484761.322580645,19678418.83333333,20009923.40322581,20924071.4,20186043.0,3.819,6.361206896551724,9.085387096774191,15.670533333333331,19.907612903225804,24.2881,26.693,9.928,12.162103448275865,14.439354838709678,21.4608,25.006032258064515,28.887533333333334,31.071818181818177,-2.149,1.299793103448276,4.131064516129032,10.052833333333332,14.956806451612904,19.9352,22.845181818181818,1.0,10.0,5.0,0.0,0.0,0.0,0.0,0.0,0.0,0.0,0.0,0.0,0.0,0.0,1.0,27.0,30.0,26.0,24.0,24.0,7.0,0.0,54.314,163.908,316.252,472.321,590.194,714.4544999999999,0.0,0.768,2.451,4.6945,6.615,7.895,9.4325,5.86,5.703,5.508,5.202,5.41,5.1885,5.346,5.566,5.4739575,6.426682752999925e-05,0.008016659374702112,5,train,5.49187266,5.324643610800417e-05,0.007297015561721393,5,train
CN033,12.565,1.447,2004,4.170999999999999,90.69299999999998,199.731,495.298,954.117,1303.52,0.0,34.626,117.331,187.314,311.256,526.986,598.1129999999999,0.0,15.043578947368422,1.6497241379310357,25.7403870967742,32.732400000000005,100.5941935483871,129.2414761904762,0.0,1.8224210526315787,2.851896551724138,2.257516129032258,4.1314,6.959032258064517,3.387,0.0,10823069.256578946,13881413.103448275,13384911.483870968,17879900.333333332,19369879.85483871,18202102.14285714,0.0,2.986210526315789,8.694758620689655,9.73767741935484,16.172233333333335,21.12061290322581,22.95823809523809,0.0,6.876368421052632,14.06793103448276,14.13516129032258,21.35843333333333,25.74041935483871,26.830714285714286,0.0,-0.7168421052631578,3.930137931034483,5.493709677419355,11.257,16.815322580645162,19.225952380952386,0.0,14.0,7.0,2.0,0.0,0.0,0.0,0.0,0.0,0.0,0.0,0.0,0.0,0.0,0.0,16.0,25.0,26.0,24.0,21.0,16.0,0.0,20.57,66.34700000000001,149.608,250.84,366.298,485.451,0.0,0.6005,1.8010000000000002,3.53,5.475,7.401,9.19,0.0,6.983,6.935,7.084,6.926,7.337,7.091,0.0,4.125,4.17062272,1.9462166971995757e-05,0.004411594606488198,5,train,4.1734699200000005,1.770573716200123e-05,0.004207818575224131,5,train
CN034,13.843,1.492,2004,0.0,65.45599999999999,184.073,503.982,949.789,1497.988,1650.388,0.485,31.829,73.708,147.759,281.883,414.462,435.625,-2.975,-30.64565517241379,-63.110451612903226,-122.93953333333334,-122.94283870967742,-126.30353333333332,-148.09557142857142,0.1616666666666666,1.0808275862068966,1.3509354838709675,2.468366666666667,4.3265806451612905,4.419300000000001,3.023285714285714,13201860.0,14099354.293103447,15983804.661290323,19409082.1,19672036.080645163,20346543.08333333,22391208.285714287,4.420000000000001,7.493551724137932,9.886612903225808,16.983633333333334,20.70087096774193,24.5933,28.09142857142857,10.896333333333333,13.345862068965518,15.078032258064516,22.6685,25.741129032258065,29.0804,32.68214285714286,-1.6243333333333334,2.269655172413793,4.956838709677419,11.281833333333331,15.820032258064517,20.2012,23.777142857142856,3.0,9.0,3.0,0.0,0.0,0.0,0.0,0.0,0.0,0.0,0.0,0.0,0.0,0.0,3.0,27.0,30.0,26.0,23.0,24.0,6.0,0.0,51.29600000000001,161.167,307.202,445.065,558.232,658.917,0.0,0.7484999999999999,2.476,4.5905,6.346,7.74,9.106,6.28,6.124,5.985,5.688,5.943,5.9905,5.532,4.844,4.720365859999999,0.0002648170998279918,0.01627320189231338,5,train,4.77927456,0.00017105750678300018,0.013078895472592484,5,train
CN035,11.511,1.369,2004,73.976,222.155,410.141,765.713,1243.255,1272.824,0.0,37.202,127.345,236.339,427.387,677.922,697.254,0.0,-10.2775,20.004931034482755,33.344709677419345,109.0152,219.66348387096772,292.5955,0.0,1.2400666666666669,3.1083793103448274,3.5159354838709675,6.368266666666667,8.081774193548387,9.666,0.0,10786479.983333332,13787724.543103447,12664368.153225806,16985051.283333335,17402715.85483871,11272816.0,0.0,7.903499999999999,10.879620689655171,12.384064516129031,18.1724,21.72458064516129,21.1045,0.0,12.755066666666666,16.869413793103448,17.039645161290323,23.280166666666663,26.56841935483871,24.403,0.0,4.112266666666667,5.909862068965517,8.438322580645162,13.5995,17.63506451612903,18.844,0.0,4.0,1.0,0.0,0.0,0.0,0.0,0.0,0.0,0.0,0.0,0.0,0.0,0.0,0.0,29.0,24.0,26.0,20.0,19.0,1.0,0.0,56.831,148.034,252.48,365.95,511.694,625.333,0.0,1.06,2.888,4.8875,7.123,9.393,10.736,0.0,7.0675,7.302,7.534,7.871499999999999,7.973,8.206,0.0,3.351,3.3339283199999996,5.6065278511999934e-05,0.0074876751072679385,5,train,3.3565035,2.554352979499911e-05,0.00505406072331933,5,train
CN036,11.508,1.358,2004,17.198999999999998,149.171,307.695,690.213,1194.84,1275.967,0.0,52.168,165.44,275.769,482.985,797.45,840.34,0.0,10.900387096774192,16.771275862068965,71.95496774193549,140.066,316.45935483870966,400.4636,0.0,1.682838709677419,3.905931034482759,3.559,6.9072000000000005,10.144032258064517,8.578,0.0,8361095.427419355,13003236.456896553,11930742.927419355,16983035.125,18358407.16129032,14193073.0,0.0,5.304741935483871,10.478344827586207,11.429741935483872,19.0706,22.598290322580645,22.5454,0.0,8.962096774193547,15.66893103448276,15.658161290322582,23.95693333333333,27.000419354838712,26.0074,0.0,1.9857741935483872,5.369241379310345,7.465032258064516,14.337,18.401225806451613,19.3644,0.0,11.0,3.0,0.0,0.0,0.0,0.0,0.0,0.0,0.0,0.0,0.0,0.0,0.0,0.0,27.0,23.0,22.0,18.0,18.0,4.0,0.0,61.253,152.246,243.25,342.127,465.716,567.04,0.0,1.1415,2.8815,4.561,6.452999999999999,8.366,9.64,0.0,6.882,6.849,7.27,7.417,7.703,7.936,0.0,3.343,3.41203152,0.00011688740479700078,0.010811447858497065,5,train,3.4283929,6.296275283500163e-05,0.007934907235437704,5,train
CN037,14.446,1.493,2004,0.0,21.861999999999995,123.07399999999998,394.64,806.1229999999999,1338.455,1589.031,0.0,14.329,27.29,56.351,127.113,204.973,297.739,0.0,-24.809192307692307,-83.45551612903226,-180.00846666666666,-274.89580645161294,-359.9576333333333,-385.0516923076924,0.0,0.5511153846153847,0.4180967741935484,0.9687,2.2826451612903225,2.595333333333333,7.135846153846154,0.0,13672066.211538462,16707219.516129032,21022264.23333333,21743005.322580647,21445215.2,21696029.923076924,0.0,5.026346153846154,8.725548387096774,15.3722,19.59364516129032,24.0644,25.595076923076924,0.0,11.440307692307693,14.586096774193548,21.482000000000003,25.40532258064516,29.2732,30.55907692307693,0.0,-0.5696153846153846,3.4012258064516128,9.5687,13.89090322580645,19.2341,21.439,0.0,16.0,8.0,0.0,0.0,0.0,0.0,0.0,0.0,0.0,0.0,0.0,0.0,0.0,0.0,25.0,31.0,28.0,26.0,27.0,10.0,0.0,24.477,80.029,188.963,316.205,427.572,550.3035,0.0,0.436,1.36,3.0215,4.641,5.9145,7.458,0.0,5.26,5.031,4.7395,4.815,4.7965,4.755,6.107,6.10212674,4.055315362300032e-05,0.006368135804377943,5,train,6.10007374,6.48671093879975e-05,0.008054012005702344,5,train
CN041,14.925,1.468,2004,0.0,61.533,194.101,520.667,979.175,1536.522,1772.316,0.0,26.4,56.159,79.047,158.791,239.533,309.539,0.0,-24.42125,-73.6786129032258,-163.7738,-251.9843548387097,-329.79876666666667,-379.058,0.0,0.9428571428571428,0.9599677419354838,0.7629333333333334,2.572387096774193,2.6914,6.364181818181819,0.0,13771871.42857143,16241728.0,20680094.066666663,21738740.20967742,20678998.116666667,22791502.0,0.0,7.376107142857143,10.363451612903226,17.20553333333333,21.11058064516129,24.898233333333334,27.755818181818185,0.0,13.70375,16.024548387096775,23.259166666666665,26.945225806451614,30.122466666666664,33.26936363636364,0.0,1.5352857142857144,5.088645161290322,11.369,15.434516129032255,19.9828,22.890090909090908,0.0,9.0,3.0,0.0,0.0,0.0,0.0,0.0,0.0,0.0,0.0,0.0,0.0,0.0,0.0,27.0,29.0,29.0,28.0,27.0,8.0,0.0,42.009,140.46699999999998,304.362,455.714,557.81,670.5625,0.0,0.6905,2.393,4.698,6.527,7.6835,9.112,0.0,5.135,4.91,4.508,4.382,4.3195,4.25,4.339,4.497746,0.0003702258688749984,0.01924125434775494,5,train,4.56455834,0.0005929398093279983,0.02435035542508565,5,train
CN042,13.08,1.433,2004,0.0,103.755,271.932,653.035,1142.605,1693.452,1762.086,0.111,39.904,91.484,166.541,297.524,572.616,575.615,-4.6240000000000006,-29.692,-54.77012903225806,-106.41386666666668,-112.34767741935484,-73.34043333333334,12.878999999999996,0.0222,1.3721724137931035,1.6638709677419354,2.5019,4.2252580645161295,9.169733333333332,0.9996666666666668,12511262.6,12730605.172413792,13963012.508064516,18901276.3,19439803.25806452,18913982.95,23333146.666666668,4.3740000000000006,9.504551724137931,11.728225806451611,19.023433333333333,22.11258064516129,24.681566666666665,29.198,10.2608,15.060724137931036,16.61216129032258,24.6188,27.009516129032257,28.81433333333333,33.88,-1.287,4.1594482758620686,6.860677419354839,13.666,17.255709677419354,20.559966666666664,24.951000000000004,4.0,7.0,0.0,0.0,0.0,0.0,0.0,0.0,0.0,0.0,0.0,0.0,0.0,0.0,5.0,26.0,28.0,26.0,21.0,19.0,3.0,0.0,61.494,172.187,301.082,416.484,534.175,647.561,0.0,0.87,2.597,4.6425,6.172,7.8975,9.538,6.287,6.149,5.996,5.739000000000001,5.909,6.313000000000001,6.134,5.011,4.8809286,0.00010498750380000096,0.010246340995692119,5,train,4.90932084,9.889045468300899e-05,0.00994436798811312,5,train
CN043,12.106,1.391,2004,3.155999999999999,135.22799999999998,319.499,720.122,1214.783,1438.578,0.0,50.275,144.119,245.473,417.524,673.832,719.616,0.0,25.77313043478261,19.87755172413793,50.52896774193548,87.25316666666666,232.16009677419356,276.00115384615384,0.0,2.1858695652173914,3.236,3.269483870967742,5.735033333333333,8.267999999999999,3.5218461538461545,0.0,8459169.717391305,11881787.456896553,11667616.120967742,17538282.058333334,17416552.19354839,18952200.96153846,0.0,4.381304347826087,10.633827586206896,12.264225806451616,19.6741,22.276806451612902,23.535,0.0,7.852086956521738,15.512206896551724,16.33574193548387,24.6243,26.503129032258062,27.467769230769232,0.0,0.7702608695652174,5.827586206896552,8.119741935483871,14.941533333333332,18.25283870967742,19.452846153846156,0.0,11.0,1.0,0.0,0.0,0.0,0.0,0.0,0.0,0.0,0.0,0.0,0.0,0.0,0.0,21.0,25.0,24.0,20.0,19.0,10.0,0.0,38.458,109.644,203.921,305.318,420.598,536.969,0.0,0.825,2.213,3.9065,5.7170000000000005,7.47,8.964500000000001,0.0,6.965,6.74,6.842,6.9175,7.292,7.24,0.0,4.581,4.71301574,0.00012612464615799717,0.011230522969033863,5,train,4.704698840000001,0.00010189112778800376,0.010094113521652298,5,train
CN044,11.814,1.393,2004,137.777,407.943,767.304,1260.343,1838.148,1878.001,0.0,35.033,103.254,168.481,335.894,581.653,589.217,0.0,-6.613391304347825,2.5305862068965523,-40.41,16.430866666666667,87.0293870967742,146.303,0.0,1.5231739130434785,2.352448275862069,2.104096774193549,5.580433333333334,7.927709677419355,3.782,0.0,10039293.456521738,12563108.112068966,13316933.661290323,16538097.133333333,17994537.580645163,20255209.0,0.0,12.310304347826088,15.636068965517245,17.912290322580642,22.75463333333333,24.958870967741937,26.2465,0.0,16.227043478260867,20.28896551724138,21.78487096774193,26.73773333333333,28.859516129032254,30.226,0.0,9.002608695652174,11.697793103448276,14.711225806451614,19.174266666666664,21.42541935483871,22.698,0.0,0.0,0.0,0.0,0.0,0.0,0.0,0.0,0.0,0.0,0.0,0.0,0.0,0.0,0.0,22.0,26.0,29.0,20.0,18.0,2.0,0.0,49.55850000000001,127.112,212.919,309.022,445.34,557.13,0.0,0.983,2.607,4.074,5.899,8.112,9.442,0.0,6.111,6.266,6.042,6.625,7.018,7.0920000000000005,0.0,4.065,4.1449964800000005,0.00022208601195699982,0.014902550518518628,5,train,4.146790579999999,0.0001433527810719974,0.01197300217455912,5,train
CN045,12.411,1.496,2004,103.559,338.116,643.8299999999999,1109.516,1644.732,1721.604,0.0,54.597,110.352,183.939,320.185,559.998,564.75,0.0,9.670833333333334,9.794068965517244,-13.157548387096773,38.063766666666666,88.75354838709679,150.484,0.0,2.274875,1.922586206896552,2.373774193548387,4.541533333333334,7.735903225806451,1.188,0.0,7556735.729166667,10670628.844827589,10253457.774193548,15420742.583333334,16343557.451612905,20075229.75,0.0,10.555583333333333,14.38751724137931,16.18174193548387,21.84286666666667,23.58503225806452,25.538,0.0,13.793958333333334,18.86562068965517,19.934193548387096,26.1018,27.556483870967742,29.41275,0.0,7.624791666666667,10.30006896551724,13.017967741935484,17.835033333333335,20.043612903225807,21.52325,0.0,0.0,0.0,0.0,0.0,0.0,0.0,0.0,0.0,0.0,0.0,0.0,0.0,0.0,0.0,22.0,27.0,28.0,20.0,16.0,4.0,0.0,38.5975,100.213,170.87900000000002,254.099,377.333,483.402,0.0,0.982,2.5185,3.891,5.4695,7.407,8.637,0.0,6.6905,6.687,6.601,6.7775,7.032,6.971500000000001,0.0,3.002,3.18057066,7.027398395800094e-05,0.00838295794800385,5,train,3.1981599199999997,4.211085001700012e-05,0.006489287327357305,5,train
CN046,11.719,1.364,2004,83.62299999999999,449.224,943.279,1501.343,2148.423,2277.955,0.0,1.266,63.905,79.392,200.573,346.36,361.792,0.0,-10.793,-8.937137931034483,-95.1471935483871,-120.79803333333332,-151.4221935483871,-161.33433333333332,0.0,0.15825,2.159965517241379,0.4995806451612903,4.039366666666667,4.702806451612903,2.572,0.0,11569064.9375,13828026.89224138,17223189.241935484,19757434.8,20615877.25806452,23423387.0,0.0,16.772875,18.92693103448276,22.25725806451613,24.92213333333333,27.193548387096776,27.908666666666665,0.0,20.608875,23.168310344827585,26.80283870967742,29.2939,31.374774193548387,31.8695,0.0,13.427,15.545103448275862,18.725,21.5209,23.76432258064516,24.3225,0.0,0.0,0.0,0.0,0.0,0.0,0.0,0.0,0.0,0.0,0.0,0.0,0.0,0.0,0.0,8.0,25.0,31.0,21.0,21.0,5.0,0.0,0.0,75.548,198.208,335.76800000000003,495.854,610.259,0.0,0.498,1.8395,3.3345,5.058999999999999,7.089,8.362,0.0,6.0600000000000005,6.259,5.739,6.4255,6.486,6.109999999999999,0.0,3.406,3.47295546,0.0003468919025830041,0.018625034297498733,5,train,3.54199952,0.00027284089414700475,0.016517896177994484,5,train
CN050,12.526,1.429,2004,4.432999999999998,94.044,287.092,657.2909999999999,1086.785,1575.717,0.0,5.712,94.227,191.288,308.855,554.399,789.346,0.0,-3.0635,12.152862068965517,52.54277419354839,83.22263333333333,157.68732258064514,318.32710000000003,0.0,0.5711999999999999,3.052241379310345,3.131,3.9189,7.920774193548387,7.831566666666666,0.0,8049502.75,8571344.146551725,9646229.322580645,17215340.358333334,15336193.129032258,15039680.516666668,0.0,5.8097,9.07493103448276,12.547354838709678,18.659966666666666,20.17464516129032,22.617733333333334,0.0,9.4218,12.698241379310346,15.908967741935484,23.08783333333333,23.916451612903224,25.89963333333333,0.0,1.9357,5.203344827586206,8.855677419354839,13.781133333333337,16.21541935483871,19.206200000000003,0.0,1.0,0.0,0.0,0.0,0.0,0.0,0.0,0.0,0.0,0.0,0.0,0.0,0.0,0.0,10.0,25.0,25.0,20.0,17.0,19.0,0.0,0.0,41.991,112.789,194.496,302.623,461.624,0.0,0.426,1.4580000000000002,3.1095,4.9675,6.8100000000000005,9.229500000000002,0.0,6.7355,6.706,6.727,6.598,6.643,6.7795,0.0,4.948,4.99617166,3.7879903607998526e-05,0.006154665190568739,5,train,4.9974655,5.930461349999545e-05,0.007700948870106556,5,train
CN051,12.899,1.434,2004,2.172,77.56099999999999,249.421,580.592,991.833,1449.968,1669.04,1.245,35.044,100.145,189.689,304.996,470.468,505.683,-1.446,-10.842068965517242,-25.226,-34.616933333333336,-32.55470967741935,-3.8632666666666657,21.423333333333336,0.6225,1.1654827586206895,2.100032258064516,2.9848,3.7195806451612894,5.515733333333333,2.934583333333333,7975133.75,11439934.034482758,11535655.241935484,17393635.716666665,16152890.741935484,15181872.9,20579408.875,7.406000000000001,8.230793103448276,11.863645161290323,17.359033333333333,19.58583870967742,21.591166666666663,24.576,10.852,12.534310344827588,15.838387096774191,22.0788,23.72232258064516,25.2518,28.953666666666667,4.0200000000000005,3.817241379310345,7.645645161290323,12.380433333333334,15.18758064516129,18.001466666666666,19.962333333333333,0.0,5.0,0.0,0.0,0.0,0.0,0.0,0.0,0.0,0.0,0.0,0.0,0.0,0.0,2.0,29.0,30.0,25.0,26.0,20.0,11.0,0.0,68.932,178.675,291.056,402.006,537.223,694.1705,0.0,1.0795,2.714,4.641,6.321,8.410499999999999,10.5415,6.704000000000001,6.606,6.522,6.394,6.302,6.444,6.308999999999999,4.754,4.846689759999999,8.815439121299957e-05,0.009389056992744243,5,train,4.869208179999999,0.0001368230686269961,0.011697139335196281,5,train
CN052,13.061,1.533,2004,3.02,61.243,176.72,428.239,757.366,1125.229,1198.229,6.313,76.87100000000001,170.06,279.161,469.914,658.546,721.006,-2.21675,-4.17806896551724,8.907903225806454,47.98263333333333,64.57887096774193,162.6266666666667,214.7024,0.789125,2.4330344827586203,3.0060967741935487,3.6367,6.1533225806451615,6.287733333333334,12.492,10888322.75,12312167.672413792,11846287.14516129,17557984.266666666,16666807.403225806,15464579.716666669,20204852.0,3.632125,6.772448275862069,9.751032258064516,14.703966666666666,16.937,18.5821,20.92,8.652375,12.04748275862069,14.790451612903226,19.918433333333333,21.68761290322581,22.460066666666663,25.725,-0.3843749999999999,2.3929310344827583,5.752451612903226,10.017933333333334,12.605193548387096,15.070133333333333,17.0434,6.0,11.0,0.0,0.0,0.0,0.0,0.0,0.0,0.0,0.0,0.0,0.0,0.0,0.0,8.0,28.0,27.0,24.0,21.0,20.0,3.0,0.0,46.882000000000005,121.666,207.47,310.894,438.515,547.274,0.369,1.2360000000000002,2.525,4.077500000000001,5.689,7.7505,9.438,7.821,7.74,7.644,7.593500000000001,7.538,7.713,7.637,4.726,4.40785748,0.00029858155875200725,0.01727951268849927,5,train,4.48571402,7.04845864119991e-05,0.008395509895890725,5,train
CN053,12.971,1.41,2004,3.7639999999999993,102.713,338.944,593.771,934.169,1291.196,1463.7279999999998,0.011,37.895,66.756,213.451,375.402,582.055,710.188,-3.282,-16.079965517241376,-90.68745161290325,-98.10363333333332,-103.0898064516129,-12.8149,75.35214285714287,0.011,1.3063448275862068,0.931,4.889833333333333,5.224225806451613,6.888433333333333,9.152357142857143,18430644.0,16200490.931034485,18067858.677419357,18855018.95,18571981.56451613,16629270.983333332,17408524.0,10.084,9.203827586206897,13.940354838709675,14.814233333333334,17.30058064516129,18.2209,18.643714285714285,16.864,15.025827586206898,20.184870967741936,20.18616666666667,22.385,22.325166666666668,22.83892857142857,3.673,4.046448275862069,8.344548387096774,10.329066666666668,12.83841935483871,14.988533333333333,15.335,0.0,2.0,0.0,0.0,0.0,0.0,0.0,0.0,0.0,0.0,0.0,0.0,0.0,0.0,1.0,28.0,31.0,20.0,22.0,17.0,6.0,0.0,71.715,170.899,260.664,351.667,466.365,596.5125,0.0,1.1565,2.859,4.5235,6.106,8.058,9.9925,7.478,7.427,6.969,7.1515,7.209,7.6485,7.816,3.831,3.8919289999999997,2.9840729044999323e-05,0.005462666843676202,5,train,3.9191085,7.270706521999986e-05,0.008526843801782688,5,train
CN054,13.005,1.461,2004,0.0,0.0,0.9609999999999994,1.1279999999999983,87.794,254.613,331.723,0.63,51.94,193.523,287.189,456.229,656.477,799.778,-1.156,-13.544448275862068,-4.025967741935482,37.88526666666667,60.65245161290323,123.0907,225.58815384615383,0.63,1.7693103448275862,4.567193548387097,3.1222,5.452903225806451,6.674933333333334,11.023153846153848,16864916.0,19181526.620689657,20514609.677419357,23488774.73333333,22129159.774193548,20107982.166666668,15708007.692307692,-2.777,-1.2028620689655174,3.819709677419355,4.845666666666667,9.092612903225806,11.880633333333332,12.251538461538464,2.288,3.889896551724138,8.856419354838708,9.997000000000002,14.29883870967742,16.4524,15.817153846153843,-7.972,-6.255379310344828,-1.8703870967741936,-0.1021333333333333,4.416354838709678,8.231166666666667,9.73553846153846,1.0,29.0,30.0,14.0,0.0,0.0,0.0,0.0,0.0,0.0,0.0,0.0,0.0,0.0,1.0,27.0,23.0,26.0,21.0,19.0,1.0,0.0,40.152,100.124,169.419,263.119,385.09,502.64699999999993,0.0,0.8160000000000001,1.8605,3.0090000000000003,4.231,5.6935,6.941,6.169,6.099,6.037,6.0395,6.129,6.591,6.955,4.97,5.33262762,0.0001600759903720019,0.01265211406730124,5,train,5.4230231799999995,0.00013244124200199542,0.011508311865864403,5,train
CN061,12.801,1.465,2004,0.0,5.516999999999999,83.32999999999998,388.383,795.1959999999999,1300.961,1551.487,0.0,19.19,44.875,62.561,107.287,174.381,206.846,0.0,-22.066321428571428,-74.66303225806452,-169.11313333333334,-289.157064516129,-404.44096666666667,-479.8664615384615,0.0,0.6853571428571429,0.8285483870967741,0.5895333333333334,1.442774193548387,2.2364666666666664,2.4973076923076927,0.0,14060740.30357143,15711458.387096774,21131725.133333333,22015390.580645163,21472274.216666665,24185977.615384616,0.0,3.226178571428572,7.92641935483871,16.488433333333333,19.443,23.178833333333333,25.59123076923077,0.0,9.63942857142857,13.714806451612905,23.23413333333333,25.776129032258066,28.936666666666667,31.814153846153847,0.0,-2.802892857142857,1.999032258064516,9.155566666666664,12.644225806451614,17.166666666666668,19.244615384615383,0.0,24.0,8.0,0.0,0.0,0.0,0.0,0.0,0.0,0.0,0.0,0.0,0.0,0.0,0.0,27.0,30.0,29.0,29.0,27.0,11.0,0.0,22.8715,71.54599999999999,159.047,265.205,363.463,459.4895,0.0,0.487,1.4115,2.7805,4.248,5.509,6.734999999999999,0.0,4.576499999999999,4.435,3.8855,3.651,3.6085,3.465,3.886,3.94297906,6.0828844593001854e-05,0.007799284877025704,5,train,3.97457686,6.022624348799942e-05,0.007760556905789649,5,train
CN062,12.84,1.465,2004,0.0,0.0,10.623,207.908,490.126,893.154,1209.994,0.0,7.483,24.12,35.727000000000004,69.455,107.643,137.523,0.0,-20.30435,-69.2258064516129,-169.4408,-300.52125806451613,-433.8418,-556.9594,0.0,0.37415,0.5366774193548387,0.3868999999999999,1.088,1.2729333333333333,1.494,0.0,15024097.5,17615962.80645161,22406181.4,23156005.19354839,23470646.066666663,25042769.8,0.0,1.45435,3.7882258064516128,12.841366666666666,15.350451612903225,19.754266666666663,22.162,0.0,8.1399,9.894032258064517,19.960166666666662,21.87622580645161,25.98903333333333,28.63115,0.0,-5.29135,-2.4043225806451614,4.917833333333333,8.265516129032259,13.199633333333333,15.12745,0.0,20.0,28.0,3.0,1.0,0.0,0.0,0.0,0.0,0.0,0.0,0.0,0.0,0.0,0.0,20.0,31.0,30.0,30.0,29.0,19.0,0.0,13.696000000000002,36.259,72.788,138.766,238.344,337.08000000000004,0.0,0.248,0.6775,1.3095,2.202,3.3725,4.663,0.0,3.5225,3.5,2.9805,3.023,2.9615,2.7765,5.024,4.92063894,0.0002983427865679997,0.017272602194458128,5,train,4.99958912,0.0002812433572719966,0.01677031178219405,5,train
CN063,13.39,1.445,2004,0.0,0.0,0.7859999999999996,97.789,249.027,500.756,702.9939999999999,0.0,8.14,24.923,47.657,118.296,182.318,226.022,0.0,-17.062684210526317,-61.90383870967742,-140.84153333333333,-219.68941935483872,-287.4945,-347.34155,0.0,0.428421052631579,0.5413870967741936,0.7577999999999999,2.2786774193548385,2.134066666666667,2.1852,0.0,16860756.0,19112753.16129032,22993428.666666668,22796375.274193548,23180165.716666665,24653120.25,0.0,-0.617421052631579,2.2204838709677417,8.800866666666668,10.767129032258064,14.710966666666668,16.4319,0.0,5.603526315789473,8.723870967741936,15.484366666666666,16.78361290322581,20.510766666666665,22.5557,0.0,-7.51,-4.314322580645161,1.3118333333333332,4.858290322580645,9.3719,10.68315,0.0,19.0,31.0,13.0,4.0,0.0,0.0,0.0,0.0,0.0,0.0,0.0,0.0,0.0,0.0,19.0,31.0,29.0,27.0,27.0,17.0,0.0,13.0755,34.982,70.581,138.071,245.854,350.56,0.0,0.1815,0.5515,1.1145,1.878,3.053,4.278,0.0,4.202,4.184,4.0065,4.165,4.1145,4.0905000000000005,7.405,7.54957514,0.0001184372270029988,0.010882886887356627,5,train,7.437926539999999,0.00021929725542799426,0.014808688511410937,5,train
CN064,12.016,1.441,2004,0.0,0.3429999999999999,30.619999999999997,272.625,601.106,1037.527,1323.427,0.0,1.74,9.739,13.653,43.015,82.762,101.688,0.0,-26.81254545454545,-98.98032258064516,-219.4583,-366.7813225806452,-513.3824666666667,-628.9367647058823,0.0,0.079090909090909,0.2580322580645161,0.1304666666666666,0.9471612903225808,1.3249,1.1132941176470588,0.0,15231760.636363637,18040132.096774194,21822460.066666663,23646575.29032258,23584092.466666665,24476640.529411763,0.0,1.9428636363636365,5.082032258064516,14.3687,16.913451612903227,20.867366666666666,23.13764705882353,0.0,9.171227272727272,11.579645161290324,21.729666666666667,23.80287096774193,27.3568,29.76494117647059,0.0,-5.059454545454545,-1.267774193548387,6.462066666666667,9.261,14.056166666666666,16.217470588235294,0.0,22.0,20.0,3.0,0.0,0.0,0.0,0.0,0.0,0.0,0.0,0.0,0.0,0.0,0.0,22.0,31.0,30.0,30.0,28.0,16.0,0.0,12.9275,33.135000000000005,63.357,120.227,213.358,315.9865,0.0,0.213,0.5765,1.0995,1.867,2.9370000000000003,4.093500000000001,0.0,3.864,3.523,3.0795000000000003,3.066,3.2065,3.112,6.265,6.56120332,0.0009671036808469983,0.031098290641882527,5,train,6.54739234,0.0011861597011230108,0.03444066928970764,5,train
CN065,13.176,1.431,2004,0.0,0.0,2.6660000000000004,159.253,489.088,936.519,1337.421,0.0,14.989,62.893,101.553,153.824,192.724,256.356,0.0,0.3080625,-4.653290322580646,-50.905433333333335,-132.39325806451612,-255.15923333333333,-370.8660833333333,0.0,0.9368125,1.5452903225806451,1.2886666666666666,1.6861612903225809,1.2966666666666666,2.651333333333333,0.0,11532400.0,14759935.967741936,20115150.5,23566358.774193548,25274068.933333334,22920625.791666668,0.0,-1.945625,2.054741935483871,11.539566666666667,16.95983870967742,21.234366666666663,23.02425,0.0,2.892875,6.948129032258064,17.585966666666664,22.667161290322586,26.8812,28.286708333333333,0.0,-7.040375,-3.0571612903225804,4.926366666666667,10.64041935483871,15.130133333333331,17.609083333333334,0.0,16.0,29.0,0.0,0.0,0.0,0.0,0.0,0.0,0.0,0.0,0.0,0.0,0.0,0.0,16.0,30.0,29.0,30.0,30.0,22.0,0.0,4.825,18.319,52.157,110.588,210.026,351.277,0.0,0.2204999999999999,0.6885,1.4045,2.256,3.4425,4.909,0.0,4.0995,4.025,3.812,3.637,3.356,3.566,6.978,7.03659324,0.0003460656343630042,0.018602839416685942,5,train,7.04258912,0.00044615192797199817,0.02112230877465809,5,train
CN011,14.819,1.511,2005,0.0,0.0,22.657,218.836,559.443,1053.366,1301.452,0.0,13.723,14.791,31.71,104.723,222.079,237.988,0.0,-7.630384615384615,-55.608870967741936,-150.3015,-260.8948387096774,-319.6351,-359.2428461538462,0.0,0.5278076923076923,0.0344516129032258,0.5639666666666667,2.3552580645161294,3.9118666666666666,1.2237692307692307,0.0,12418534.442307692,18281625.29032258,21184472.78333333,21702324.870967746,22844277.366666667,22649452.53846154,0.0,-5.510615384615384,3.3711290322580645,12.8178,17.307322580645163,22.7841,25.40353846153846,0.0,-0.454576923076923,10.095290322580643,19.935,23.53751612903226,28.675866666666668,31.057769230769228,0.0,-9.530346153846152,-2.601677419354839,5.674833333333334,11.084032258064516,16.964966666666665,19.781615384615385,0.0,26.0,24.0,0.0,0.0,0.0,0.0,0.0,0.0,0.0,0.0,0.0,0.0,0.0,0.0,26.0,31.0,29.0,27.0,23.0,13.0,0.0,16.5,45.511,93.427,172.36,283.199,411.0445,0.0,0.386,1.03,1.827,3.0885,5.0,6.759499999999999,0.0,4.275499999999999,4.026,3.71,3.791,3.66,3.563,5.228,5.428699920000001,0.0002144512907320097,0.014644155514470942,5,train,5.43160458,0.00026833232571700337,0.016380852411184327,5,train
CN012,14.794,1.439,2005,0.0,0.0,41.267,315.091,710.217,1260.76,1538.109,0.0,8.924,10.231,26.251,107.665,185.79,207.734,0.0,-11.13224,-65.6766129032258,-178.8836,-303.27248387096773,-386.1546666666666,-461.4969230769231,0.0,0.35696,0.0421612903225806,0.534,2.626258064516129,2.6041666666666665,1.688,0.0,12364173.16,18149076.774193548,21299411.683333334,21666122.64516129,23434852.633333333,22412922.07692308,0.0,-3.1936,5.129096774193549,15.447466666666664,19.066000000000003,24.671433333333333,27.65453846153846,0.0,1.61808,11.607967741935484,21.79983333333333,25.012806451612903,30.617466666666665,33.07892307692308,0.0,-6.752079999999999,-0.5776774193548387,8.946,13.517290322580646,19.3584,22.60346153846154,0.0,25.0,18.0,0.0,0.0,0.0,0.0,0.0,0.0,0.0,0.0,0.0,0.0,1.0,0.0,25.0,31.0,29.0,27.0,27.0,12.0,0.0,15.1935,42.245,97.842,190.888,296.20300000000003,414.5885,0.0,0.363,0.9225,1.761,2.966,4.5235,6.0195,0.0,4.518,4.239,3.4135,4.031,3.8975,3.815,5.269,5.255747680000001,2.1553759362001178e-05,0.0046426026495922715,5,train,5.269421939999999,2.7617228858001482e-05,0.005255209687348496,5,train
CN013,14.781,1.481,2005,0.0,0.0,25.92,251.091,607.9069999999999,1143.555,1395.77,0.0,14.017,16.433,33.03,102.595,181.142,213.819,0.0,-6.20716,-54.03941935483871,-159.69926666666666,-274.1565161290323,-375.5309,-432.0953076923077,0.0,0.5606800000000001,0.0779354838709677,0.5532333333333334,2.244032258064516,2.6182333333333334,2.5136153846153846,0.0,12408273.86,18083333.0,21868098.85,22200056.580645163,23441063.4,22529250.0,0.0,-4.84012,3.7943870967741935,13.8257,17.830193548387097,24.174933333333332,25.721153846153847,0.0,0.1419599999999999,10.504096774193547,20.5576,23.919451612903227,30.3476,31.211,0.0,-8.64376,-1.977032258064516,7.0922,11.930967741935484,18.16723333333333,20.374384615384617,0.0,25.0,21.0,0.0,0.0,0.0,0.0,0.0,0.0,0.0,0.0,0.0,1.0,0.0,0.0,24.0,31.0,29.0,27.0,26.0,11.0,0.0,18.046,52.902,118.718,210.614,310.93,426.078,0.0,0.389,1.081,2.044,3.2575,4.819,6.316,0.0,4.761,4.511,4.048500000000001,4.088,3.878,4.134,4.459,4.61835884,0.00010154622850299927,0.010077014860711444,5,train,4.63438838,3.755773722199805e-05,0.0061284367682140645,5,train
CN014,14.597,1.473,2005,0.0,0.0,15.776999999999996,186.955,506.032,987.025,1229.961,0.0,12.38,22.674,46.931,107.793,171.536,203.754,0.0,-6.68396,-55.74354838709677,-139.2982,-249.58451612903227,-354.9414666666667,-406.7993571428571,0.0,0.4952,0.3320645161290322,0.8085666666666668,1.963290322580645,2.1247666666666665,2.3012857142857146,0.0,12923752.14,18157401.22580645,22392788.2,22554881.66129032,24087050.95,23383566.785714287,0.0,-4.939080000000001,2.9115161290322584,11.848866666666668,16.6128064516129,22.3531,23.672571428571427,0.0,0.4532,9.768225806451612,18.8966,22.816322580645163,28.7795,29.59321428571429,0.0,-9.23444,-3.036064516129032,4.7173,10.313870967741936,15.468166666666669,17.55635714285714,0.0,25.0,24.0,3.0,0.0,0.0,0.0,0.0,0.0,0.0,0.0,0.0,0.0,0.0,0.0,25.0,31.0,29.0,29.0,27.0,13.0,0.0,13.5615,37.656,72.261,118.818,189.176,286.819,0.0,0.292,0.8355,1.444,2.2590000000000003,3.535,4.917,0.0,5.266,5.083,4.802,4.585,4.3615,4.339,5.205,5.113814339999999,9.411469917300168e-05,0.009701273069705939,5,train,5.1361307,6.622765872999584e-05,0.008138037769019989,5,train
CN015,13.312,1.479,2005,0.0,0.0,0.0,69.868,314.502,747.201,968.894,0.0,5.198,10.053,37.793,98.849,190.52,251.978,0.0,-6.701478260869566,-44.95412903225807,-128.00616666666667,-219.479,-301.36746666666664,-334.28492857142857,0.0,0.226,0.1566129032258064,0.9246666666666667,1.969548387096774,3.0557000000000003,4.389857142857143,0.0,12402667.347826088,17390862.774193548,19575318.933333334,21996759.967741936,22043577.766666666,19545456.92857143,0.0,-12.568130434782608,-2.5332580645161293,8.058133333333334,14.211419354838709,20.7433,22.155214285714287,0.0,-6.878913043478261,3.7972258064516127,14.6312,20.43467741935484,26.525033333333333,26.830357142857142,0.0,-17.227217391304347,-8.189290322580645,1.566366666666667,7.955322580645162,15.045766666666667,17.896714285714285,0.0,23.0,31.0,13.0,0.0,0.0,0.0,0.0,0.0,0.0,0.0,0.0,0.0,0.0,0.0,23.0,31.0,30.0,28.0,28.0,11.0,0.0,16.6645,47.726,86.744,130.889,210.231,329.26750000000004,0.0,0.353,0.9815,1.638,2.384,3.7175,5.2395,0.0,4.266,4.224,3.9925,4.032,4.086,4.406499999999999,5.904,5.88855588,4.001641417199776e-05,0.006325852841475034,5,train,5.8875686,6.980082630000286e-05,0.008354688881101609,5,train
CN021,14.162,1.52,2005,0.0,0.0,1.364999999999999,116.184,380.543,811.1519999999999,1026.823,0.0,11.493,13.578,76.572,175.528,321.63100000000003,390.497,0.0,-5.9355,-46.10035483870968,-112.9648,-155.86406451612905,-177.53323333333336,-162.30946153846156,0.0,0.4420384615384615,0.067258064516129,2.0998,3.1921290322580647,4.8701,5.297384615384615,0.0,12667042.538461538,17660808.322580647,19810476.216666665,21154181.14516129,19277765.366666667,20144039.69230769,0.0,-10.150115384615386,-0.4340967741935484,10.038833333333336,14.847709677419354,20.67363333333333,22.910076923076925,0.0,-4.8865384615384615,5.38016129032258,15.996233333333333,20.35841935483871,25.1775,26.963538461538462,0.0,-14.56503846153846,-5.69616129032258,4.001933333333333,9.695032258064517,16.845266666666667,19.397846153846157,0.0,26.0,31.0,2.0,0.0,0.0,0.0,0.0,0.0,0.0,0.0,0.0,0.0,0.0,0.0,26.0,31.0,27.0,25.0,23.0,9.0,0.0,14.5945,42.364,80.537,133.716,240.45,393.8815,0.0,0.375,1.0455,1.764,2.724,4.4955,6.5565,0.0,5.1595,5.044,4.7795000000000005,5.055,5.1715,5.272,6.335,6.21266492,0.00021809277989200254,0.014767964649605664,5,train,6.241075260000001,0.0001362484875779987,0.011672552744708362,5,train
CN022,13.895,1.483,2005,0.0,0.0,0.0,70.282,294.806,704.324,911.066,0.0,7.967,15.361,91.89,166.343,365.698,491.887,0.0,-4.070678571428571,-33.58474193548387,-80.51086666666667,-108.25396774193548,-124.31746666666666,-30.41142857142857,0.0,0.2845357142857143,0.238516129032258,2.5509666666666666,2.401709677419355,6.645166666666666,9.0135,0.0,11897965.75,16835064.096774194,18742415.58333333,20355824.35483871,18634010.766666666,16699816.142857144,0.0,-14.450321428571428,-3.492322580645161,7.744466666666667,13.562709677419356,19.9706,21.087285714285716,0.0,-9.090535714285714,1.78358064516129,13.5382,18.763709677419357,24.4474,24.9005,0.0,-18.892392857142852,-8.756967741935485,1.6251666666666666,8.329129032258063,16.119433333333333,18.064857142857143,0.0,28.0,31.0,12.0,0.0,0.0,0.0,0.0,0.0,0.0,0.0,0.0,0.0,0.0,0.0,28.0,31.0,27.0,28.0,19.0,6.0,0.0,10.248,36.988,75.378,122.711,213.884,359.169,0.0,0.4624999999999999,1.2155,1.971,2.858,4.314,6.182,0.0,5.359500000000001,5.347,5.1645,5.249,5.759,6.4385,6.489,6.715289680000001,0.0002237554401170019,0.01495845714360281,5,train,6.7433760000000005,0.0002603446665000061,0.01613519961140878,5,train
CN023,14.269,1.486,2005,0.0,0.0,0.0,28.14,201.133,618.378,788.345,0.0,7.089,19.749,106.972,182.235,279.641,338.692,0.0,-2.914142857142857,-22.910967741935483,-47.51643333333333,-52.31032258064516,-85.84093333333334,-102.64483333333334,0.0,0.2531785714285714,0.4083870967741935,2.907433333333333,2.4278387096774194,3.246866666666667,4.920916666666667,0.0,11072594.0,16223334.0,16706227.133333333,19891807.43548387,21306239.466666665,15336364.958333334,0.0,-17.458464285714285,-5.555741935483871,5.487800000000001,11.843806451612904,20.228166666666667,20.483916666666666,0.0,-11.318714285714284,0.0003548387096774,10.8239,17.121,25.48463333333333,24.221,0.0,-22.75467857142857,-11.256645161290324,0.0346666666666666,6.375935483870967,15.3116,17.26033333333333,0.0,28.0,31.0,17.0,0.0,0.0,0.0,0.0,0.0,0.0,0.0,0.0,0.0,0.0,0.0,28.0,31.0,26.0,29.0,26.0,9.0,0.0,8.134,30.422,63.189,103.945,189.006,330.616,0.0,0.883,1.5795,2.387,3.2975000000000003,4.9175,6.8445,0.0,5.255,5.333,5.4,5.46,5.6525,5.6555,4.697,4.761348,0.00025837168952001733,0.01607394442941798,5,train,4.81918178,5.620336624699791e-05,0.007496890438508349,5,train
CN031,12.706,1.42,2005,0.0,2.546,70.783,363.063,771.125,1335.379,0.0,47.772,171.685,227.211,300.133,433.476,479.526,0.0,26.423666666666666,89.51310714285714,109.29396774193548,78.29986666666667,88.64625806451613,21.869166666666665,0.0,3.981,4.425464285714286,1.7911612903225804,2.4307333333333334,4.301387096774193,1.535,0.0,6946623.5625,9249852.566964284,16471174.524193548,20910971.266666666,19327305.5,22511050.1,0.0,3.5987500000000003,3.609178571428572,7.739548387096774,16.062666666666665,19.483290322580643,25.128466666666668,0.0,6.612666666666667,6.6738928571428575,12.453774193548387,20.9444,23.394129032258064,29.0674,0.0,0.4645833333333333,0.7112857142857143,3.4871290322580646,11.5984,15.880354838709676,21.6326,0.0,5.0,13.0,8.0,0.0,0.0,0.0,0.0,0.0,0.0,0.0,0.0,0.0,0.0,0.0,10.0,21.0,28.0,25.0,24.0,27.0,0.0,22.006,67.916,153.967,269.783,388.873,485.803,0.0,0.271,1.046,2.407,4.0,5.6785,7.156000000000001,0.0,6.470000000000001,6.674,6.483,6.0325,5.914,5.292,0.0,6.612,6.56915614,3.5872141342999816e-05,0.005989335634525738,5,train,6.5646632600000006,2.5108322088001755e-05,0.005010820500477118,5,train
CN032,13.994,1.439,2005,0.0,0.0,63.585,376.393,807.279,1417.323,1662.397,0.0,63.189,103.485,165.445,228.7,324.647,524.662,-1.564,17.31657142857143,3.5225483870967738,-54.08213333333333,-110.69993548387096,-213.40036666666663,-189.56758333333332,0.0,2.25675,1.2998709677419356,2.065333333333333,2.040483870967742,3.198233333333333,16.667916666666667,12665502.0,10600222.388392856,17229233.54032258,21032530.183333334,21363656.16129032,23311611.166666668,14846445.5,-0.058,1.3059999999999998,7.28525806451613,16.746933333333335,20.219548387096776,26.6548,26.742833333333333,5.211,5.143464285714286,13.152612903225808,22.849,25.300967741935484,31.8379,30.091083333333334,-4.822,-2.1573571428571428,1.92058064516129,10.928266666666667,14.96367741935484,21.6418,24.021416666666667,1.0,24.0,10.0,0.0,0.0,0.0,0.0,0.0,0.0,0.0,0.0,0.0,0.0,0.0,1.0,24.0,30.0,27.0,27.0,25.0,5.0,0.0,67.364,183.024,341.149,513.647,640.652,756.964,0.0,1.029,2.816,4.778,6.965999999999999,8.624,10.1865,5.572,5.803,5.609,5.2185,4.999,4.508,5.8765,4.721,4.8019767799999995,4.128841475200327e-05,0.006425606177786129,5,train,4.83225508,4.781679089200299e-05,0.0069149686110641885,5,train
CN033,12.565,1.447,2005,0.0,11.279999999999998,103.386,432.657,856.305,1245.187,0.0,63.332,211.207,302.961,411.956,674.348,786.704,0.0,18.313315789473688,111.17496428571428,158.26506451612906,169.9694,276.7683225806452,334.52154545454545,0.0,3.333263157894737,5.28125,2.9598064516129035,3.633166666666667,8.464258064516128,5.107090909090909,0.0,8388605.914473684,8737869.017857144,14938770.838709677,19596439.45,15392350.822580645,20346838.227272727,0.0,3.2474736842105263,4.43525,8.702967741935483,17.2957,19.98606451612903,23.996454545454547,0.0,6.737157894736842,7.663607142857143,13.54341935483871,22.6205,23.706774193548387,28.138590909090908,0.0,0.2144736842105263,1.5785714285714283,4.144129032258064,12.295233333333332,16.49074193548387,20.26963636363637,0.0,9.0,10.0,7.0,0.0,0.0,0.0,0.0,0.0,0.0,0.0,0.0,0.0,0.0,0.0,16.0,18.0,25.0,24.0,21.0,14.0,0.0,18.521,58.165,133.409,231.072,343.66700000000003,462.36,0.0,0.6040000000000001,2.0245,3.7045,5.333,7.338,9.213,0.0,7.323,7.6065,7.414,7.1505,7.301,6.876,0.0,4.124,4.17948432,1.6860574256998824e-05,0.004106162960355912,5,train,4.192747,2.1001394979996292e-05,0.004582727897224129,5,train
CN034,13.843,1.492,2005,0.0,0.0,84.04499999999999,427.607,884.544,1514.245,1687.597,0.112,60.243,106.094,187.902,269.361,361.305,485.121,-2.667666666666667,15.50657142857143,0.6686129032258062,-43.9839,-70.24551612903225,-166.75333333333336,-188.08325,0.0373333333333333,2.147535714285714,1.4790645161290326,2.726933333333333,2.627709677419355,3.0648,15.477,11532101.333333334,10217836.080357144,16677955.29032258,20617286.216666665,20582120.967741936,23497918.7,15858084.25,0.7746666666666666,1.6223928571428572,8.17458064516129,17.772066666666667,21.05990322580645,27.310033333333333,27.989,5.021333333333334,5.476678571428572,13.974096774193548,23.8079,25.89883870967742,32.325,31.30925,-2.965666666666666,-1.8212857142857144,2.693290322580645,12.015866666666666,15.945774193548388,22.367866666666668,25.244,3.0,24.0,8.0,0.0,0.0,0.0,0.0,0.0,0.0,0.0,0.0,0.0,0.0,0.0,3.0,24.0,29.0,26.0,25.0,26.0,4.0,0.0,57.768,161.887,306.46500000000003,461.308,583.047,673.521,0.0,0.9115,2.617,4.471,6.5145,8.205,9.528,6.023,6.260999999999999,6.025,5.6895,5.682,5.029,6.113,3.953,4.0616094799999996,7.347194508700323e-05,0.008571577747824681,5,train,4.0982311199999994,6.232431466700077e-05,0.007894575014970772,5,train
CN035,11.511,1.369,2005,43.21199999999999,130.57299999999998,288.096,649.829,1127.255,1179.753,0.0,54.833,197.094,360.335,475.638,832.956,874.503,0.0,-5.241833333333333,50.54257142857143,135.276,210.12756666666667,394.9082258064517,510.772,0.0,1.8277666666666663,5.08075,5.265838709677419,3.843433333333333,11.526387096774194,13.848999999999998,0.0,9259232.183333334,8060332.508928572,13319084.620967742,17059829.6,13511602.217741936,15763958.166666666,0.0,7.104566666666667,9.047142857142855,11.209225806451611,18.377766666666663,21.72083870967742,23.819333333333333,0.0,11.359,12.972785714285717,16.249967741935485,23.57,25.473612903225806,27.869333333333334,0.0,3.7995,5.781571428571428,6.834870967741936,13.888233333333334,18.69193548387097,20.742,0.0,6.0,0.0,2.0,0.0,0.0,0.0,0.0,0.0,0.0,0.0,0.0,0.0,0.0,0.0,27.0,22.0,22.0,24.0,10.0,1.0,0.0,52.0185,130.347,226.251,333.77,467.909,575.885,0.0,1.046,2.899,4.915000000000001,6.744,8.9225,10.667,0.0,7.3735,8.0,8.192,8.138,8.563,8.554,0.0,3.369,3.38417296,1.15794246230002e-05,0.0034028553632207467,5,train,3.4142764400000005,1.716250859300057e-05,0.00414276581440474,5,train
CN036,11.508,1.358,2005,0.3529999999999997,14.305999999999996,153.90099999999998,553.6709999999999,1057.812,1178.419,0.0,73.344,240.604,381.197,531.104,993.703,1027.9,0.0,5.224064516129032,113.17289285714286,192.61683870967744,260.22156666666666,477.39383870967737,671.508,0.0,2.365935483870968,5.973571428571428,4.535258064516129,4.9969,14.922548387096771,5.6995,0.0,8830757.306451613,7319246.450892857,12195648.588709677,17503009.25,13746320.629032258,20948839.5,0.0,3.699774193548387,4.963928571428572,10.45941935483871,19.645666666666667,22.582612903225808,26.421166666666664,0.0,7.18758064516129,8.09442857142857,14.913451612903224,24.56513333333333,25.957806451612903,30.714166666666667,0.0,0.7353225806451613,2.337142857142857,6.206354838709677,14.6912,19.448129032258063,22.3715,0.0,12.0,5.0,5.0,0.0,0.0,0.0,0.0,0.0,0.0,0.0,0.0,0.0,0.0,0.0,25.0,16.0,22.0,23.0,10.0,4.0,0.0,52.848,123.364,203.674,298.627,423.829,529.974,0.0,1.1175000000000002,2.963,4.6465,6.236,8.1805,9.8,0.0,7.217,7.775,7.709,7.656000000000001,8.283,8.0885,0.0,3.786,3.73542494,5.295179958000141e-06,0.00230112580229768,5,train,3.7651188400000004,1.0173359578001074e-05,0.0031895704378491273,5,train
CN037,14.446,1.493,2005,0.0,0.0,44.595,332.907,740.92,1337.722,1618.227,0.0,24.453,33.208,63.035,127.071,243.592,334.429,0.0,-0.87,-46.57235483870968,-145.52149999999995,-241.02912903225808,-359.4981333333333,-344.6415714285714,0.0,0.97812,0.2824193548387096,0.9942333333333334,2.065677419354839,3.884033333333333,6.488357142857143,0.0,11606339.44,17306367.677419353,21629540.6,22467505.177419357,23945738.883333333,19237495.5,0.0,-0.96344,6.131903225806451,15.9304,19.481709677419357,26.2134,26.35607142857143,0.0,3.38868,12.579322580645162,22.5606,25.23067741935484,32.228633333333335,30.73692857142857,0.0,-4.44268,0.5330645161290322,9.5787,13.743,20.543266666666668,22.400214285714288,0.0,25.0,15.0,0.0,0.0,0.0,0.0,0.0,0.0,0.0,0.0,0.0,2.0,0.0,0.0,24.0,31.0,29.0,27.0,26.0,8.0,0.0,32.0165,92.607,204.597,346.785,465.85,577.99,0.0,0.5569999999999999,1.591,3.051,4.808,6.378,7.7805,0.0,5.381,5.151,4.702,4.495,4.021,5.1065000000000005,6.353,6.2941110600000005,1.9211909897998746e-05,0.004383139274309994,5,train,6.29227896,3.3365231502994675e-05,0.00577626449385714,5,train
CN041,14.925,1.468,2005,0.0,0.3949999999999996,84.19899999999998,426.262,873.558,1505.639,1741.4489999999998,0.0,21.927,44.198,89.324,150.467,266.166,427.966,0.0,-2.977740740740741,-48.96825806451613,-128.88433333333333,-203.2171612903226,-303.977,-273.3564166666667,0.0,0.8121111111111111,0.7184193548387097,1.5042,1.9723548387096772,3.856633333333333,13.483333333333333,0.0,11134446.76851852,16653535.524193548,21033650.83333333,20733880.56451613,23375994.73333333,16221480.25,0.0,0.4377037037037037,8.247967741935485,17.7221,20.74890322580645,27.389366666666668,25.97083333333333,0.0,4.915148148148148,14.547709677419354,24.29573333333333,25.904,32.9268,29.65108333333333,0.0,-3.359,2.419548387096774,11.498133333333334,15.446903225806452,21.9489,22.601916666666668,0.0,27.0,7.0,0.0,0.0,0.0,0.0,0.0,0.0,0.0,0.0,0.0,2.0,0.0,0.0,27.0,30.0,27.0,28.0,27.0,6.0,0.0,48.0485,144.691,306.043,469.928,581.086,688.6665,0.0,0.7310000000000001,2.2665,4.196,6.319,7.8035,9.2535,0.0,4.889,4.65,4.335,4.184,3.7965,4.977,5.175,5.213743340000001,0.00022205250282799718,0.014901426201139177,5,train,5.2591426,0.000135211072174998,0.011628029591250531,5,train
CN042,13.08,1.433,2005,0.0,3.549999999999998,126.18999999999998,516.733,1000.04,1625.474,1722.097,0.645,56.619,100.671,224.793,350.2,453.308,455.639,-3.0614,10.642714285714288,-9.213451612903222,-31.546266666666664,-6.55451612903226,-45.31463333333333,-89.70575,0.129,1.9990714285714288,1.421032258064516,4.1374,4.045387096774194,3.4369333333333336,0.58275,11858549.8,9568385.495535716,14894238.29032258,19059885.35833333,18608542.5,21390541.7,24311242.5,2.0252000000000003,2.654285714285714,9.913419354838709,19.3381,21.91054838709677,27.1678,30.47575,6.4032,6.624892857142856,15.20790322580645,24.825533333333333,26.22006451612903,31.366266666666668,33.915,-1.9332,-1.1059285714285714,4.672709677419356,13.9429,17.60841935483871,23.068266666666663,27.28175,5.0,23.0,5.0,0.0,0.0,0.0,0.0,0.0,0.0,0.0,0.0,0.0,0.0,0.0,5.0,26.0,29.0,25.0,22.0,25.0,4.0,0.0,54.948,155.971,289.302,427.227,559.862,674.936,0.0,0.667,2.065,3.829,5.7745,7.7605,9.406,6.033,6.1465,5.966,5.867,5.991,5.624499999999999,5.4605,5.003,4.89028658,2.1523218701998193e-05,0.004639312309168051,5,train,4.91332626,3.2717338777997224e-05,0.005719907235086704,5,train
CN043,12.106,1.391,2005,0.0,10.817999999999998,159.37099999999998,572.453,1073.413,1343.087,0.0,66.505,224.973,317.432,467.12,783.996,898.469,0.0,19.88047826086957,113.13871428571429,164.33712903225808,208.07006666666663,345.18925806451614,489.5283571428572,0.0,2.891521739130434,5.659571428571428,2.982548387096774,4.989599999999999,10.221806451612904,8.176642857142857,0.0,7676951.396739131,7226501.120535715,12142563.088709677,17453677.225,15068021.306451611,17186734.464285713,0.0,3.5490434782608697,3.794178571428571,10.883387096774191,20.0894,22.48,25.58242857142857,0.0,6.861434782608695,6.957535714285714,15.057064516129032,24.8872,25.96709677419355,29.028285714285715,0.0,0.4726521739130435,0.5859642857142857,6.681967741935485,15.206133333333334,19.13132258064516,22.116000000000003,0.0,13.0,17.0,2.0,0.0,0.0,0.0,0.0,0.0,0.0,0.0,0.0,0.0,0.0,0.0,21.0,18.0,25.0,25.0,13.0,11.0,0.0,36.193,90.983,167.41899999999998,266.665,392.641,520.1635,0.0,0.6905,1.5005,2.521,3.86,5.7325,7.5945,0.0,7.086,7.336,7.172,7.1155,7.559,7.6225,0.0,4.832,4.94742306,0.0001433635618579937,0.011973452378407561,5,train,4.954950139999999,0.00010594005080299943,0.010292718338854874,5,train
CN044,11.814,1.393,2005,165.901,400.81,717.451,1194.563,1823.454,1886.615,0.0,27.759,100.507,214.313,352.642,594.283,620.149,0.0,-14.828608695652171,-22.996214285714284,-9.547483870967744,31.39733333333333,125.409,170.68433333333334,0.0,1.206913043478261,2.5981428571428573,3.6711612903225808,4.610966666666667,7.794870967741935,8.622,0.0,10363026.58695652,9605212.82142857,12623554.79032258,16099176.05,18241392.22580645,17049100.0,0.0,13.53308695652174,14.709607142857145,16.534225806451612,22.22373333333333,26.606806451612904,27.37366666666667,0.0,17.657521739130434,18.617642857142854,20.694935483870967,26.25636666666667,30.53774193548387,30.99233333333333,0.0,10.25691304347826,11.618285714285715,13.045548387096774,18.79393333333333,23.427935483870968,24.58533333333333,0.0,0.0,0.0,0.0,0.0,0.0,0.0,0.0,0.0,0.0,0.0,0.0,0.0,0.0,0.0,23.0,24.0,23.0,22.0,16.0,1.0,0.0,45.9155,111.061,181.374,266.351,389.397,489.291,0.0,0.924,2.418,4.101,5.568,7.3715,9.032,0.0,5.859,5.931,6.201,6.462,7.051,7.493,0.0,4.5,4.46199192,3.758935533700103e-05,0.006131015848699221,5,train,4.4868121,2.48134717450008e-05,0.004981312251304952,5,train
CN045,12.411,1.496,2005,97.152,255.235,536.204,989.554,1613.723,1713.1219999999998,0.0,45.842,112.471,199.099,299.359,552.676,635.716,0.0,5.955958333333334,20.541392857142856,17.156161290322576,31.368766666666662,88.73409677419355,183.337,0.0,1.9100833333333331,2.379607142857143,2.794451612903226,3.342,8.171516129032259,16.608,0.0,6907831.833333333,8427272.6875,9983968.806451611,14862015.016666668,18125878.0,14499532.8,0.0,10.278,11.965821428571427,15.38351612903226,21.43166666666667,26.45448387096774,26.1998,0.0,13.651791666666666,15.852464285714284,19.31509677419355,25.5473,30.47822580645161,29.794600000000003,0.0,7.507833333333333,8.752928571428571,11.95716129032258,17.6938,22.883387096774197,23.5382,0.0,0.0,0.0,0.0,0.0,0.0,0.0,0.0,0.0,0.0,0.0,0.0,0.0,0.0,0.0,23.0,26.0,28.0,27.0,15.0,0.0,0.0,33.988,81.42699999999999,137.583,215.512,332.571,429.53,0.0,0.918,2.3925,4.0865,5.769,7.6335,9.214,0.0,6.5775,6.5525,6.382,6.498,7.069,7.684,0.0,3.682,3.7670866,0.00014142209636499925,0.011892102268522553,5,train,3.78521852,0.00022193800365200006,0.014897583819264117,5,train
CN046,11.719,1.364,2005,121.021,522.049,965.962,1531.047,2222.275,2379.18,0.0,2.189,21.955,52.74,96.122,212.479,258.029,0.0,-15.798375,-66.32828571428571,-135.62993548387098,-224.7293,-310.270870967742,-331.589,0.0,0.273625,0.7059285714285713,0.9930645161290322,1.4460666666666666,3.7534516129032256,6.507142857142857,0.0,15727886.25,14133234.267857144,16381889.129032258,19789865.016666666,22253483.51612903,19771136.14285714,0.0,21.447625,20.64242857142857,20.639774193548387,25.156166666666664,28.61767741935484,28.735,0.0,27.184875,25.40492857142857,25.316580645161288,29.8109,33.29854838709678,33.05742857142857,0.0,17.314,17.170607142857143,16.934806451612904,21.5024,25.06006451612903,25.63642857142857,0.0,0.0,0.0,0.0,0.0,0.0,0.0,0.0,0.0,0.0,0.0,0.0,0.0,0.0,0.0,8.0,28.0,31.0,29.0,25.0,5.0,0.0,0.0,72.227,176.175,290.032,425.784,525.255,0.0,0.431,1.531,3.157,4.572,6.2860000000000005,7.85,0.0,5.378,5.379,5.532,5.339,5.208,5.645,0.0,4.182,4.03289302,1.9398456052001267e-05,0.004404367837953736,5,train,4.0927831,3.268425099000008e-05,0.00571701416737794,5,train
CN050,12.526,1.429,2005,2.6329999999999982,30.788999999999994,192.416,540.1229999999999,985.949,1541.728,1565.773,5.126,52.268,145.796,285.993,504.25,634.443,634.645,-2.8509,-3.1613214285714286,19.44187096774193,62.12646666666667,140.50819354838708,235.19416666666663,213.023,0.5126,1.683642857142857,3.0170322580645164,4.673233333333333,7.040548387096774,4.339766666666666,0.202,6102185.425,7413901.044642857,10434706.70967742,16142603.116666667,13912033.935483873,19498495.866666667,24840732.0,6.2896,7.030107142857142,11.533774193548387,17.910233333333334,20.701483870967746,24.845966666666666,30.365,8.9725,10.10675,15.185935483870969,22.296766666666667,23.82390322580645,28.4074,33.738,3.4415,3.8639642857142857,7.495451612903226,13.1831,17.37290322580645,20.9626,25.089,0.0,0.0,0.0,0.0,0.0,0.0,0.0,0.0,0.0,0.0,0.0,0.0,0.0,0.0,10.0,28.0,28.0,23.0,18.0,23.0,1.0,0.0,36.886,103.828,190.971,315.825,496.943,640.841,0.352,1.39,3.0115,4.579,6.504,9.371,0.0,6.6775,6.654,6.623,6.583,6.675,6.3615,5.872,5.064,5.15108776,7.57318633480019e-05,0.008702405606957304,5,train,5.1474389,2.9225251595002128e-05,0.00540603843817283,5,train
CN051,12.899,1.434,2005,0.4539999999999997,25.477999999999994,172.28799999999998,508.544,951.652,1483.107,1715.213,1.307,38.095,94.946,148.557,263.049,410.595,539.992,-1.2025,-5.909750000000001,-17.385,-43.41686666666667,-70.73870967741935,-73.6767,13.18730769230769,0.6535,1.3138571428571428,1.833903225806452,1.7870333333333333,3.6932903225806455,4.9182,9.953615384615384,7779223.0,9068879.482142856,11802819.048387095,17608653.433333334,16270932.870967742,18601723.4,15453804.615384616,6.498,6.875571428571428,11.055806451612904,17.528533333333332,20.613806451612906,24.03516666666667,24.174307692307693,9.863,10.40317857142857,15.140096774193548,22.282366666666668,24.605129032258063,28.0487,27.589692307692307,3.594,3.2299642857142854,6.795612903225806,12.544966666666664,16.771548387096775,19.94803333333333,20.988,0.0,2.0,0.0,0.0,0.0,0.0,0.0,0.0,0.0,0.0,0.0,0.0,0.0,0.0,2.0,28.0,29.0,29.0,28.0,24.0,7.0,0.0,66.11,176.586,295.293,417.409,563.922,721.1020000000001,0.0,1.002,2.824,4.482,6.160500000000001,8.411,10.4705,6.599,6.5525,6.444,6.1915,6.246,6.141,6.6,4.854,4.9822356999999995,0.0001357631204800012,0.011651743237816443,5,train,4.99595114,0.00014416713977800317,0.012006962137776698,5,train
CN052,13.061,1.533,2005,4.805,36.559,131.35399999999998,381.838,759.709,1169.291,1267.647,7.643,56.886,143.506,243.919,476.844,719.01,730.545,-3.8885,-14.752642857142858,-6.573806451612904,-11.3858,37.26522580645161,193.22316666666663,245.563,0.955375,1.7586785714285715,2.794193548387097,3.3471,7.513709677419355,8.0722,1.9225,11588116.625,12228552.089285716,12401403.048387095,16860060.783333335,17366033.096774194,16488284.7,21194151.666666668,6.0265,5.807535714285714,8.817483870967742,14.6635,18.509387096774194,19.97273333333333,22.712666666666667,11.59325,11.342642857142858,13.800774193548389,19.901266666666668,23.204096774193548,23.975133333333336,26.597166666666663,1.71825,1.353035714285714,4.77583870967742,10.025666666666666,14.788064516129031,16.53996666666667,19.262,0.0,8.0,2.0,0.0,0.0,0.0,0.0,0.0,0.0,0.0,0.0,0.0,0.0,0.0,8.0,28.0,30.0,26.0,14.0,13.0,6.0,0.0,40.622,105.177,184.679,284.349,413.911,522.903,0.333,1.15,2.5775,3.892,5.493,7.737999999999999,9.279,7.846,7.704,7.651,7.433999999999999,7.5,8.026499999999999,7.884,4.785,4.451765480000001,0.00037634617088700567,0.01939964357628783,5,train,4.50617308,0.00023903894386699653,0.015460884317108015,5,train
CN053,12.971,1.41,2005,6.305,150.941,322.969,623.131,1040.611,1442.97,1639.503,0.063,20.049,108.237,168.591,241.982,544.706,659.341,-3.439,-46.47703571428571,-82.20403225806452,-129.16389999999998,-234.41783870967743,-177.26016666666666,-62.0268,0.063,0.7137857142857144,2.8447741935483872,2.0118,2.367451612903226,10.0908,7.642333333333334,17886946.0,17751314.92857143,17074974.66129032,21119220.5,23600308.0,17683499.533333335,17108597.933333334,12.625,11.48557142857143,11.56558064516129,16.3254,19.787096774193547,19.731966666666665,19.4222,19.284,17.695607142857142,17.13041935483871,22.3209,25.55,24.120066666666663,23.248266666666662,6.257,5.711357142857144,6.671548387096775,10.964433333333334,14.820129032258064,16.217266666666667,16.5604,0.0,0.0,1.0,0.0,0.0,0.0,0.0,0.0,0.0,0.0,0.0,0.0,0.0,0.0,1.0,28.0,25.0,29.0,29.0,8.0,7.0,0.0,69.89,170.709,265.849,355.931,460.8,579.2115,0.0,1.1165,2.882,4.369,5.8395,7.7645,9.563,7.582,7.377000000000001,7.265,6.9545,6.489,7.5545,7.738,3.799,3.89188104,5.698973548300049e-05,0.00754915462041946,5,train,3.9227715400000003,9.916364586300152e-05,0.009958094489559813,5,train
CN054,13.005,1.461,2005,0.0,0.0,0.0,0.2919999999999998,60.17999999999999,256.445,356.915,1.009,138.387,290.17900000000003,391.954,466.351,556.067,641.542,-0.819,38.47446428571429,112.9176129032258,147.0786,124.11525806451613,71.3608,62.99364285714286,1.009,4.906357142857144,4.896516129032258,3.3925,2.399903225806452,2.990533333333333,6.105357142857143,16021283.0,17602083.714285713,20480903.54838709,23175399.4,24268387.16129032,22652094.433333334,20451224.07142857,0.034,-0.2552142857142857,2.8480967741935483,4.9883,8.124483870967742,12.862166666666669,13.49642857142857,4.985,4.2504285714285714,7.246806451612904,9.7779,13.17083870967742,18.0545,18.235,-5.877,-5.149035714285715,-2.131741935483871,0.1677666666666666,3.643935483870968,8.402566666666667,9.823857142857142,1.0,28.0,31.0,16.0,0.0,0.0,0.0,0.0,0.0,0.0,0.0,0.0,0.0,0.0,1.0,22.0,21.0,24.0,31.0,27.0,8.0,0.0,39.45,99.283,168.197,257.141,368.121,470.7255,0.0,0.783,1.877,2.811,4.048500000000001,5.484500000000001,6.5325,6.282,6.298,6.336,6.252,6.177,6.058,6.09,4.94,5.0877522200000005,0.0009187305278619988,0.030310567923778644,5,train,5.21427726,0.00022599880692799438,0.01503325669733589,5,train
CN061,12.801,1.465,2005,0.0,0.0,62.182,355.319,771.223,1334.538,1590.328,0.0,13.312,29.526,55.871,107.587,174.855,231.292,0.0,-11.648814814814816,-62.499903225806456,-151.55409999999998,-275.14448387096775,-381.1314333333333,-415.77278571428576,0.0,0.493037037037037,0.523032258064516,0.8781666666666668,1.6682580645161291,2.242266666666666,4.031214285714285,0.0,12373879.648148147,16771598.629032258,21271589.15,20710549.54838709,23238426.716666665,20002828.0,0.0,-0.5996666666666667,6.920999999999999,16.091233333333335,19.73625806451613,25.097166666666663,24.590714285714284,0.0,4.476592592592592,13.290612903225806,23.07363333333333,25.55603225806452,31.2387,29.66471428571429,0.0,-5.218111111111112,0.6170322580645161,8.691033333333333,13.71758064516129,18.389766666666667,19.385214285714287,0.0,27.0,13.0,0.0,0.0,0.0,0.0,0.0,0.0,0.0,0.0,0.0,2.0,0.0,0.0,27.0,31.0,29.0,30.0,28.0,11.0,0.0,27.663,83.537,177.304,287.059,388.449,486.806,0.0,0.5815,1.636,2.891,4.345,5.8695,7.137499999999999,0.0,4.36,4.099,3.7795,3.621,3.46,3.7955,4.19,4.26960244,0.00011145501938799839,0.010557225932412283,5,train,4.2951120000000005,0.00013651895278000037,0.01168413252150113,5,train
CN062,12.84,1.465,2005,0.0,0.0,12.640999999999998,175.63799999999998,483.141,935.41,1263.938,0.0,7.112,30.196,39.839,83.103,117.497,168.168,0.0,-11.164684210526316,-49.72696774193549,-138.79343333333333,-270.7806774193548,-403.9551333333333,-490.7969523809524,0.0,0.3743157894736842,0.7446451612903225,0.3214333333333333,1.3956129032258062,1.1464666666666663,2.4129047619047617,0.0,14919354.684210526,17426592.70967742,22622661.2,22472196.83870968,24104410.6,20909087.95238095,0.0,-3.094684210526316,3.2086129032258066,11.352066666666667,16.239451612903228,21.395633333333333,21.964190476190478,0.0,2.9061052631578947,9.28141935483871,18.2628,22.62290322580645,27.815266666666663,27.59104761904762,0.0,-8.96921052631579,-3.0170967741935484,3.7999666666666663,9.35332258064516,14.507666666666667,16.021809523809527,0.0,19.0,24.0,6.0,0.0,0.0,0.0,0.0,0.0,0.0,0.0,0.0,0.0,0.0,0.0,19.0,31.0,30.0,30.0,29.0,18.0,0.0,14.398,38.203,75.028,140.927,245.054,371.576,0.0,0.244,0.71,1.244,2.091,3.4495,4.815,0.0,3.348,3.48,2.873,2.958,2.6545,3.153,5.126,5.11081202,0.0001413756865619964,0.011890150821667335,5,train,5.15250664,6.387900599300056e-05,0.007992434297071235,5,train
CN063,13.39,1.445,2005,0.0,0.0,0.0,76.06899999999999,258.892,562.936,778.487,0.0,8.526,41.457,56.64,116.888,164.578,242.127,0.0,-10.252666666666666,-44.88451612903226,-103.9795,-197.51712903225803,-281.31236666666666,-317.4954761904761,0.0,0.4736666666666667,1.062290322580645,0.5061,1.9434838709677416,1.5896666666666666,3.692809523809524,0.0,16063397.5,18739438.612903222,22663029.466666665,23202318.51612903,22893387.5,18712368.30952381,0.0,-3.293722222222222,1.4959354838709678,7.597666666666667,12.196516129032258,16.4548,16.584333333333333,0.0,2.1323333333333334,7.04,13.639633333333334,18.0,22.262066666666662,21.53971428571429,0.0,-8.924111111111111,-4.267387096774193,0.9488333333333332,6.271064516129032,10.646133333333331,11.954714285714283,0.0,18.0,30.0,15.0,0.0,0.0,0.0,0.0,0.0,0.0,0.0,0.0,0.0,0.0,0.0,18.0,31.0,30.0,28.0,29.0,17.0,0.0,12.782,34.256,68.058,133.734,242.743,371.514,0.0,0.176,0.538,1.023,1.762,3.0495,4.388,0.0,4.205,4.273,4.114,4.246,4.0920000000000005,4.488,8.165,7.81873796,0.001039769438728008,0.032245456094277966,5,train,7.73390744,0.0007218754495879992,0.026867739941945232,5,train
CN064,12.016,1.441,2005,0.0,0.0,32.602,230.413,587.758,1106.603,1444.388,0.0,7.123,15.056,19.646,52.838,67.619,94.496,0.0,-13.10652380952381,-66.66196774193548,-181.5351,-333.7433225806452,-493.0508333333333,-613.5002777777778,0.0,0.3391904761904762,0.2559032258064516,0.153,1.0707096774193547,0.4927,1.4931666666666663,0.0,14243129.952380951,18294788.93548387,22723628.5,23129534.75806452,24833996.666666668,23820401.888888888,0.0,-3.4329047619047617,4.029677419354838,12.775266666666663,17.84725806451613,23.614833333333333,25.085833333333333,0.0,2.850857142857143,10.582354838709678,20.1535,24.494612903225807,30.369633333333336,31.24261111111111,0.0,-9.477095238095238,-2.5700967741935483,4.8904,10.437161290322582,16.266933333333334,18.6745,0.0,21.0,22.0,4.0,0.0,0.0,0.0,0.0,0.0,0.0,0.0,0.0,0.0,0.0,0.0,21.0,31.0,30.0,30.0,30.0,17.0,0.0,12.949000000000002,33.373000000000005,62.682,118.06,210.756,311.87350000000004,0.0,0.209,0.5840000000000001,0.997,1.6885,2.8725,3.999,0.0,3.993,3.754,3.072,3.215,2.4455,2.4605,6.81,6.95767678,2.5746311976999258e-05,0.005074082377829439,5,train,6.9436508,4.524988069999854e-05,0.006726803156031737,5,train
CN065,13.176,1.431,2005,0.0,0.0,11.596999999999998,174.47899999999998,487.85,950.696,1387.106,0.0,11.757,38.999,74.867,146.509,195.217,220.309,0.0,-0.1696,-17.69293548387097,-63.65983333333334,-158.31629032258064,-255.95196666666664,-381.17684,0.0,0.7837999999999999,0.8787741935483872,1.1956,2.311032258064516,1.6236,1.00368,0.0,11942620.533333331,15737926.806451611,21342635.3,22292254.612903222,24752143.933333334,24142434.72,0.0,-7.772866666666667,4.019451612903226,10.984466666666666,16.42874193548387,21.7482,23.7764,0.0,-2.319666666666667,9.975096774193547,17.4341,21.832838709677414,27.381433333333334,29.31476,0.0,-12.894866666666667,-2.0448064516129034,3.8537666666666666,10.459709677419356,15.907766666666667,18.04416,0.0,15.0,25.0,8.0,0.0,0.0,0.0,0.0,0.0,0.0,0.0,0.0,0.0,0.0,0.0,15.0,31.0,30.0,28.0,30.0,25.0,0.0,4.475,18.368,55.605,121.593,230.492,373.65,0.0,0.1714999999999999,0.6355,1.242,2.1425,3.589,5.093,0.0,3.959,3.856,3.6415,3.661,3.5425,3.266,7.161,7.41182188,0.000182056704467003,0.013492839006932641,5,train,7.3584996,0.00023363872892500232,0.015285245464990162,5,train
CN011,14.819,1.511,2006,0.0,0.0,21.052,160.75199999999998,530.457,1032.303,1267.06,0.0,6.426,8.459999999999999,21.477,131.245,239.772,298.87,0.0,-14.54969230769231,-73.94012903225806,-173.95666666666665,-256.5988387096774,-309.4642666666667,-314.15415384615386,0.0,0.2471538461538461,0.0656129032258064,0.4339,3.5409032258064514,3.617566666666667,4.546,0.0,12461035.538461538,18354057.80645161,21185863.066666663,20528490.14516129,21426603.33333333,19607021.923076924,0.0,-3.0022692307692305,4.859032258064516,10.892833333333334,18.245967741935484,23.0482,24.37823076923077,0.0,2.796346153846154,11.726709677419356,17.476833333333335,24.276451612903227,28.6447,28.878692307692308,0.0,-7.739115384615385,-1.6625806451612903,4.324766666666666,12.215225806451611,17.31543333333333,19.803,0.0,26.0,25.0,0.0,0.0,0.0,0.0,0.0,0.0,0.0,0.0,0.0,0.0,0.0,0.0,26.0,31.0,30.0,26.0,24.0,11.0,0.0,15.625,43.203,83.026,142.36,238.367,365.4645,0.0,0.367,0.994,1.671,2.613,4.3870000000000005,6.183999999999999,0.0,4.0045,3.804,3.653,3.642,3.5725,4.082,5.368,5.378829619999999,3.267882743200032e-05,0.005716539812858852,5,train,5.3943283399999995,6.033584218001036e-06,0.002456335526348352,5,train
CN012,14.794,1.439,2006,0.0,0.0,57.65599999999999,252.902,685.848,1274.313,1531.091,0.0,11.069,14.06,31.127,94.002,183.737,247.628,0.0,-11.55992,-75.18745161290323,-178.95416666666668,-308.09851612903225,-426.03856666666667,-447.4826153846154,0.0,0.44276,0.0964838709677419,0.5689,2.028225806451613,2.9911666666666665,4.914692307692308,0.0,12092256.32,18046508.70967742,20798186.666666668,21328867.0,22087393.5,21755896.615384616,0.0,-0.6766,6.948193548387097,12.8043,20.286,25.9355,26.07215384615385,0.0,4.84664,13.580354838709678,19.064466666666664,26.444064516129032,31.7711,30.91607692307692,0.0,-5.34216,0.7993548387096774,6.980099999999999,14.336290322580645,20.22076666666667,21.667538461538463,0.0,25.0,15.0,0.0,0.0,0.0,0.0,0.0,0.0,0.0,0.0,0.0,0.0,0.0,0.0,24.0,31.0,30.0,28.0,26.0,9.0,0.0,13.8695,39.608,89.705,170.153,266.391,376.787,0.0,0.324,0.894,1.668,2.7025,4.0515,5.577,0.0,4.304,4.011,3.569,3.251,3.558,4.383,5.283,5.280780760000001,1.8744929807998386e-05,0.004329541523995166,5,train,5.29246692,2.572541328699892e-05,0.005072022603163251,5,train
CN013,14.781,1.481,2006,0.0,0.0,37.742,206.169,582.077,1106.898,1351.717,0.0,8.047,11.55,28.108,102.655,195.363,240.623,0.0,-15.18192,-74.7685806451613,-177.0196,-280.32312903225807,-382.9337666666667,-404.0809230769231,0.0,0.32188,0.113,0.5519333333333333,2.404741935483871,3.0902666666666665,3.481538461538462,0.0,12676135.16,18266697.774193548,21324456.933333334,21326037.06451613,22858079.4,20877277.153846152,0.0,-1.6102,5.878709677419355,11.860066666666668,18.44606451612903,23.81403333333333,25.15223076923077,0.0,4.17684,12.491903225806452,18.39803333333333,24.434516129032257,29.72113333333333,29.83207692307692,0.0,-6.583600000000001,-0.336258064516129,5.542433333333333,12.698967741935483,18.092366666666667,20.73376923076923,0.0,25.0,16.0,0.0,0.0,0.0,0.0,0.0,0.0,0.0,0.0,0.0,0.0,0.0,0.0,25.0,31.0,30.0,27.0,26.0,10.0,0.0,17.446,52.043,114.01,196.38,290.545,404.2335,0.0,0.372,1.059,1.971,3.0535,4.526999999999999,6.0565,0.0,4.421,4.111,3.898,3.977,3.7135,4.458,4.817,4.8988986599999995,9.550550077800122e-05,0.009772691583079926,5,train,4.95520032,3.3253095586998117e-05,0.005766549712522915,5,train
CN014,14.597,1.473,2006,0.0,0.0,22.204999999999995,182.29,494.92,942.783,1187.625,0.0,10.658,16.865000000000002,45.001,120.8,184.747,233.602,0.0,-16.69624,-71.27270967741936,-164.74533333333332,-260.06693548387096,-354.04356666666666,-404.4022142857143,0.0,0.42632,0.2002258064516129,0.9378666666666666,2.4451290322580648,2.1315666666666666,3.489642857142857,0.0,13301197.84,18741510.870967746,21957207.83333333,21654584.30645161,23898106.33333333,21612427.85714286,0.0,-2.03964,4.856064516129033,11.318933333333332,16.40483870967742,21.248766666666665,23.808714285714284,0.0,3.764240000000001,11.693129032258064,18.09423333333333,22.73325806451613,27.470133333333333,28.9305,0.0,-7.19392,-1.7197096774193548,4.099433333333334,10.198354838709678,14.961133333333333,18.943142857142856,0.0,25.0,21.0,3.0,0.0,0.0,0.0,0.0,0.0,0.0,0.0,0.0,0.0,0.0,0.0,25.0,31.0,29.0,27.0,27.0,12.0,0.0,14.0485,38.841,74.795,123.773,199.956,305.4825,0.0,0.315,0.8655,1.484,2.354,3.7005,5.1485,0.0,4.953,4.741,4.5045,4.577,4.241,4.6705000000000005,5.284,5.2378868,2.445294477999979e-05,0.004944991888769869,5,train,5.24571668,2.5370110117000563e-05,0.005036875034880314,5,train
CN015,13.312,1.479,2006,0.0,0.0,0.0,40.78999999999999,342.435,756.12,994.134,0.0,4.857,12.208,30.734,55.628,127.04,176.889,0.0,-11.88226086956522,-53.91754838709677,-132.28560000000002,-254.46106451612903,-381.8924333333334,-440.6415714285714,0.0,0.2111739130434782,0.2371290322580645,0.6175333333333334,0.8030322580645162,2.3804000000000003,3.5606428571428568,0.0,12167467.260869564,16958675.83870968,19643767.23333333,22871095.129032254,21985346.2,21702048.42857143,0.0,-9.07,-1.713741935483871,5.827966666666667,16.050483870967742,20.1095,23.321,0.0,-3.187043478260869,4.586774193548387,11.947533333333332,22.813354838709675,25.78533333333333,28.9195,0.0,-14.450695652173913,-7.648322580645162,-0.3087666666666667,8.771129032258065,14.452866666666669,18.013357142857142,0.0,23.0,31.0,20.0,0.0,0.0,0.0,0.0,0.0,0.0,0.0,0.0,0.0,0.0,0.0,23.0,31.0,30.0,31.0,27.0,12.0,0.0,17.908,49.491,88.113,130.378,198.965,302.22799999999995,0.0,0.354,0.989,1.643,2.3505000000000003,3.5135,4.8655,0.0,4.191,4.096,3.938,3.601,3.7655,4.1025,5.896,5.9247347,0.0001385106252000056,0.011769053708773939,5,train,5.9310653,0.00011517703283000064,0.010732056318804922,5,train
CN021,14.162,1.52,2006,0.0,0.0,0.2919999999999998,56.797,384.635,817.7139999999999,1042.064,0.0,17.907,24.854,62.033,101.952,235.56,267.078,0.0,-6.468346153846154,-43.33883870967742,-107.4558,-190.73106451612904,-271.9428,-274.885,0.0,0.6887307692307693,0.2240967741935484,1.2393,1.2877096774193548,4.4536,2.4244615384615384,0.0,11916553.403846154,17179907.032258064,18962909.0,22039120.25806452,21002258.5,20548281.923076924,0.0,-6.559653846153846,0.6850967741935484,7.1395333333333335,16.89541935483871,20.755966666666662,23.577692307692303,0.0,-1.3658846153846154,6.198483870967743,12.477966666666669,22.821483870967743,25.695633333333333,27.73715384615385,0.0,-11.511,-4.574709677419355,1.9851666666666667,11.105258064516129,16.314566666666668,19.84730769230769,0.0,26.0,31.0,10.0,0.0,0.0,0.0,0.0,0.0,0.0,0.0,0.0,0.0,0.0,0.0,26.0,31.0,28.0,29.0,24.0,11.0,0.0,16.713500000000003,46.409,84.081,134.151,232.479,375.147,0.0,0.397,1.0925,1.794,2.682,4.297499999999999,6.2715,0.0,5.097,4.947,4.818,4.577,4.731,5.127,6.109,6.078600079999999,0.00022739978001700212,0.015079780502945065,5,train,6.0886961,0.00011999895193000048,0.010954403312367154,5,train
CN022,13.895,1.483,2006,0.0,0.0,0.0,33.739,319.907,705.454,947.658,0.0,10.692,23.868,63.687,100.211,237.005,268.49,0.0,-6.907785714285715,-38.50003225806452,-88.85283333333334,-168.58883870967742,-237.661,-252.30300000000005,0.0,0.3818571428571428,0.4250322580645161,1.3273,1.178193548387097,4.5598,2.2489285714285714,0.0,11461448.714285716,16440519.516129032,18769459.08333333,22472709.580645163,20605974.266666666,20806070.92857143,0.0,-10.92775,-2.316903225806452,5.080233333333333,15.551225806451614,19.171566666666667,23.62028571428571,0.0,-5.582392857142857,3.11141935483871,10.538466666666666,21.741935483870968,24.03853333333333,28.484714285714286,0.0,-16.258892857142857,-7.785580645161291,-0.4851666666666667,9.200064516129032,14.727333333333332,19.255,0.0,28.0,31.0,20.0,0.0,0.0,0.0,0.0,0.0,0.0,0.0,0.0,0.0,0.0,0.0,28.0,31.0,29.0,31.0,23.0,14.0,0.0,17.615000000000002,52.52,91.021,137.718,227.749,367.869,0.0,0.4589999999999999,1.246,1.956,2.8310000000000004,4.3665,6.23,0.0,5.518,5.438,5.2745,4.976,5.365,5.1795,7.072,6.82412418,0.0006918710748419849,0.02630344226222083,5,train,6.83234862,0.0005257247800270024,0.022928689016753715,5,train
CN023,14.269,1.486,2006,0.0,0.0,0.0,13.585,283.854,641.7719999999999,848.389,0.0,8.676,30.292,67.215,92.097,234.467,278.114,0.0,-3.374428571428571,-16.858290322580643,-57.6854,-135.1785806451613,-197.0884,-202.9655,0.0,0.3098571428571429,0.6972903225806452,1.2307666666666668,0.8026451612903226,4.745666666666667,3.63725,0.0,10851133.232142856,14855671.306451611,18236954.98333333,22609545.41935484,18925203.15,20944224.83333333,0.0,-15.386357142857142,-5.418064516129032,3.657166666666667,15.038354838709678,18.2506,23.538083333333333,0.0,-9.409964285714285,0.0965483870967742,9.089566666666666,21.53774193548387,22.9004,28.54725,0.0,-21.139285714285712,-11.119064516129033,-2.055266666666667,7.875774193548387,13.973033333333335,18.59958333333333,0.0,28.0,31.0,22.0,0.0,0.0,0.0,0.0,0.0,0.0,0.0,0.0,0.0,0.0,0.0,28.0,30.0,29.0,31.0,23.0,10.0,0.0,11.511,36.838,69.836,112.312,194.475,327.61,0.0,0.492,1.2975,2.053,2.9635,4.558,6.377000000000001,0.0,5.3505,5.433,5.2925,4.93,5.558999999999999,5.1875,4.59,4.7891627,0.0003421234450750091,0.0184965792803699,5,train,4.8133656600000005,0.0001819937632980036,0.013490506413697138,5,train
CN031,12.706,1.42,2006,8.724999999999998,27.584999999999997,152.22199999999998,421.385,828.742,1369.813,0.0,9.791,70.609,117.839,269.467,459.368,540.251,0.0,-1.9319166666666667,1.4283571428571429,3.6588064516129024,25.51243333333333,79.6158064516129,63.3865,0.0,0.8159166666666667,2.1720714285714284,1.523548387096774,5.054266666666667,6.12583870967742,2.6961,0.0,10138256.666666666,10512331.214285716,17437755.06451613,19462822.216666665,18848084.85483871,20191037.33333333,0.0,5.774416666666667,4.929714285714286,10.03467741935484,15.2921,19.46054838709677,24.3557,0.0,9.247166666666669,8.451285714285714,14.670709677419357,19.875733333333336,23.298483870967743,28.07496666666667,0.0,2.547,1.7269285714285714,5.626709677419354,10.936666666666667,15.928129032258065,21.3858,0.0,2.0,9.0,3.0,0.0,0.0,0.0,0.0,0.0,0.0,0.0,0.0,0.0,0.0,0.0,12.0,24.0,28.0,21.0,23.0,26.0,0.0,18.936,63.053,150.214,263.527,375.236,471.568,0.0,0.0,0.8280000000000001,2.197,3.3575,4.715999999999999,5.977,0.0,6.618,6.612,6.431,6.337,6.281,6.174,0.0,6.854,6.8102542,3.894157832499884e-05,0.006240318767899509,5,train,6.8000163,1.6012183899999458e-05,0.004001522697673907,5,train
CN032,13.994,1.439,2006,0.0,8.923999999999998,126.105,396.224,817.834,1392.824,1638.317,1.05,39.832,49.216,131.525,224.157,344.868,498.445,0.375,1.842178571428572,-39.5591935483871,-86.16236666666667,-138.27732258064515,-223.57433333333336,-121.62475,1.05,1.3850714285714285,0.3027096774193548,2.7436333333333334,2.9881290322580645,4.0237,12.798083333333333,4034286.0,11590958.517857144,18633594.870967746,20225179.03333333,20996490.85483871,22072166.65,16451512.666666666,1.704,2.9419642857142856,9.679580645161291,15.323966666666667,19.92032258064516,25.48633333333333,26.77775,3.854,7.1867857142857146,15.683612903225807,20.6794,25.001064516129038,30.2812,30.262583333333332,-0.098,-0.8384642857142858,4.103225806451613,10.1894,15.06816129032258,21.0174,23.811833333333336,1.0,22.0,6.0,0.0,0.0,0.0,0.0,0.0,0.0,0.0,0.0,0.0,0.0,0.0,1.0,26.0,31.0,24.0,27.0,24.0,4.0,0.0,51.043,157.40800000000002,311.58,474.22,594.9449999999999,704.6754999999999,0.0,0.945,2.6965000000000003,4.61,6.712,8.3355,9.902,5.851,5.8035,5.529,5.3495,4.969,4.679,6.2940000000000005,5.208,5.2185726599999995,5.418119742800171e-05,0.007360787826584985,5,train,5.2494838,1.9114629980000475e-05,0.004372028131199578,5,train
CN033,12.565,1.447,2006,23.387999999999995,54.53599999999999,208.304,517.276,948.031,1328.206,0.0,77.196,167.771,231.405,377.408,585.667,730.211,0.0,44.18884210526316,67.56964285714285,103.74770967741937,129.8671666666667,186.71480645161293,279.7005909090909,0.0,4.062947368421052,3.2348214285714287,2.052709677419355,4.866766666666667,6.718032258064516,6.570181818181819,0.0,7729080.513157895,9962942.42857143,15695826.903225806,18227055.841666665,16707401.951612905,18065481.15909091,0.0,6.886684210526316,5.893,10.994354838709675,16.619066666666665,20.21532258064516,23.60068181818182,0.0,10.228105263157897,9.76075,15.88941935483871,21.50153333333333,24.12525806451613,27.339272727272725,0.0,3.956421052631579,2.353857142857143,6.209419354838709,12.013866666666669,16.50941935483871,20.293181818181814,0.0,2.0,7.0,3.0,0.0,0.0,0.0,0.0,0.0,0.0,0.0,0.0,0.0,0.0,0.0,15.0,21.0,29.0,23.0,20.0,15.0,0.0,18.505,59.199,133.29399999999998,228.711,336.164,449.956,0.0,0.5385,1.8025,3.5915,5.246,7.198,9.089,0.0,7.437,7.4815,7.35,7.1515,7.179,7.431,0.0,4.262,4.2497698800000006,4.221339526998056e-06,0.0020545898683187493,5,train,4.2749041,1.5062230530001985e-05,0.0038810089577327677,5,train
CN034,13.843,1.492,2006,0.0,11.161999999999995,161.281,461.81,915.577,1518.903,1685.424,2.815,46.468,58.009,158.392,261.841,350.588,479.01,-0.5273333333333333,3.1726785714285706,-33.526774193548384,-64.6331,-106.57093548387095,-199.5296,-136.381875,0.9383333333333334,1.5590357142857143,0.3722903225806451,3.3461,3.337064516129032,2.9582333333333333,16.05275,6433514.833333333,11171278.526785716,18041847.612903222,19890254.1,21011010.10483871,22396280.03333333,16756091.625,3.878666666666666,3.51425,10.838193548387096,16.337633333333333,20.957645161290323,26.430866666666667,27.135125,8.173333333333334,7.710392857142857,16.80793548387097,21.638666666666666,26.06416129032258,31.1563,30.770625,0.1906666666666666,-0.2153214285714285,5.242516129032258,11.0834,15.940838709677418,21.845666666666663,23.973875,2.0,17.0,4.0,0.0,0.0,0.0,0.0,0.0,0.0,0.0,0.0,0.0,1.0,0.0,3.0,26.0,31.0,23.0,27.0,24.0,3.0,0.0,52.651,160.65,304.539,444.826,558.291,647.543,0.0,0.9665,2.8265,4.727,6.6035,8.2485,9.748,6.328,6.3095,5.995,5.9515,5.559,5.1865,6.6735,4.296,4.33868316,5.512837710299626e-05,0.007424848624921336,5,train,4.39141738,6.873806996199489e-05,0.008290842536316493,5,train
CN035,11.511,1.369,2006,118.167,236.377,438.963,786.928,1225.873,1268.595,0.0,36.526,128.922,300.577,531.909,928.327,982.306,0.0,-5.317366666666667,-14.37807142857143,75.7925806451613,197.0126,400.6763870967742,623.4046666666667,0.0,1.2175333333333331,3.299857142857143,5.537258064516129,7.711066666666666,12.78767741935484,17.993,0.0,10129077.633333333,10051328.017857144,12632040.66935484,14163383.366666667,13921976.435483873,11236264.666666666,0.0,9.7773,10.518142857142855,12.68883870967742,17.918833333333335,20.47951612903226,20.560666666666663,0.0,14.817366666666668,15.050214285714286,17.484451612903225,22.31406666666667,24.32983870967742,24.153,0.0,5.6777,6.712607142857143,8.663903225806452,14.022933333333333,17.42358064516129,17.804333333333332,0.0,3.0,0.0,1.0,0.0,0.0,0.0,0.0,0.0,0.0,0.0,0.0,0.0,0.0,0.0,28.0,23.0,19.0,16.0,15.0,1.0,0.0,59.723,158.22,273.375,390.689,531.877,639.066,0.0,1.109,3.1135,5.3055,7.256,9.532,11.246,0.0,7.7935,7.89,8.312,8.311,8.432,8.678,0.0,3.337,3.4909761799999997,7.663241134200064e-05,0.008753994022273528,5,train,3.506042,8.172951713999924e-05,0.009040437884306227,5,train
CN036,11.508,1.358,2006,44.081,88.74,276.597,649.694,1137.45,1229.12,0.0,78.241,185.93,297.451,547.068,809.244,898.969,0.0,21.814258064516128,59.872214285714286,128.26251612903226,241.09626666666665,398.238935483871,485.118,0.0,2.5239032258064515,3.846035714285714,3.597451612903226,8.320566666666666,8.457290322580645,14.954166666666666,0.0,8510317.459677419,7874706.946428572,12985217.798387095,16197783.841666669,16222465.85483871,10583705.166666666,0.0,6.44158064516129,6.7313214285714285,12.15583870967742,18.756566666666668,22.054064516129035,21.598333333333333,0.0,10.29548387096774,10.382,16.532258064516128,23.1624,25.808032258064515,24.5505,0.0,2.9718064516129035,3.4931785714285715,8.011129032258065,14.391633333333337,18.470806451612905,19.1355,0.0,6.0,5.0,3.0,0.0,0.0,0.0,0.0,0.0,0.0,0.0,0.0,0.0,0.0,0.0,28.0,20.0,24.0,16.0,19.0,2.0,0.0,58.448,148.273,239.17,333.621,454.645,556.609,0.0,1.0855,3.0425000000000004,4.9225,6.565,8.499500000000001,10.076,0.0,7.433,7.664,7.661,7.8325,7.959,8.581,0.0,4.129,4.0467591999999994,5.579667192500188e-05,0.007469716990957682,5,train,4.08967498,2.183629581199877e-05,0.0046729322498832325,5,train
CN037,14.446,1.493,2006,0.0,0.7749999999999995,91.04399999999998,334.659,750.586,1324.229,1608.5739999999998,0.0,9.618,14.754,49.963,113.206,195.405,276.299,0.0,-14.31516,-77.511,-169.90913333333336,-262.62193548387097,-392.0659333333333,-384.9692857142857,0.0,0.38472,0.1656774193548387,1.1736333333333333,2.0400967741935485,2.7399666666666667,5.778142857142858,0.0,12805041.64,18385689.0,21393294.1,22113918.370967746,23786664.3,19474691.82142857,0.0,1.71772,8.582548387096773,14.400233333333334,19.737,25.441433333333336,26.630357142857143,0.0,6.96324,15.141,20.587066666666665,25.39058064516129,31.101766666666663,30.639357142857143,0.0,-2.6290000000000004,2.7955483870967743,8.738833333333334,14.436870967741935,20.322966666666662,23.128357142857144,0.0,20.0,7.0,0.0,0.0,0.0,0.0,0.0,0.0,0.0,0.0,0.0,0.0,0.0,0.0,25.0,31.0,29.0,28.0,24.0,13.0,0.0,21.6575,71.63499999999999,174.29500000000002,307.324,426.171,540.2065,0.0,0.434,1.398,2.816,4.517,6.1145000000000005,7.636,0.0,5.146,4.816,4.5625,4.334,4.0005,5.258,6.15,6.232694759999999,2.1734686033002052e-05,0.004662047407845833,5,train,6.21893856,2.915280493300297e-05,0.005399333748991904,5,train
CN041,14.925,1.468,2006,0.0,9.447,162.144,460.153,915.222,1531.443,1783.894,0.0,16.291,23.921,83.932,172.423,263.76,344.074,0.0,-12.564296296296297,-71.1131935483871,-144.3872,-205.64274193548388,-328.5295,-312.54016666666666,0.0,0.6033703703703703,0.2461290322580645,2.000366666666667,2.854548387096774,3.044566666666667,6.692833333333334,0.0,12137379.796296297,18237280.43548387,20364607.23333333,21753073.822580647,23790341.73333333,19974450.25,0.0,3.4383703703703703,10.972193548387098,16.217866666666666,20.999645161290324,26.8607,27.35758333333333,0.0,8.511703703703704,17.482806451612902,22.145666666666667,26.560774193548387,32.33683333333333,31.19233333333333,0.0,-0.8917407407407407,4.902064516129032,10.550066666666668,15.531290322580643,21.456,23.84583333333333,0.0,17.0,5.0,0.0,0.0,0.0,0.0,0.0,0.0,0.0,0.0,0.0,1.0,0.0,0.0,27.0,31.0,26.0,24.0,26.0,9.0,0.0,39.731,130.848,285.56100000000004,435.469,542.869,651.034,0.0,0.743,2.422,4.389,6.3555,7.814,9.3415,0.0,5.023,4.647,4.5325,4.32,3.828,5.0025,5.603,5.43676804,0.00024330693002799726,0.015598298946615853,5,train,5.45710636,0.00013112310046799113,0.011450899548419378,5,train
CN042,13.08,1.433,2006,0.7459999999999996,21.437,206.828,546.562,1045.7,1663.717,1761.854,2.572,56.226,86.644,205.962,329.135,382.767,388.892,-3.2304000000000004,3.724,-11.326999999999998,-20.98703333333333,-31.43345161290322,-119.50806666666666,-181.265,0.5144,1.9162142857142856,0.981225806451613,3.9772666666666665,3.973322580645161,1.7877333333333332,1.53125,9733875.95,9618975.191964284,15981922.120967742,18269729.683333334,20253080.346774194,21824303.966666665,22766895.5,4.6586,4.865321428571429,12.15441935483871,17.644466666666666,22.421225806451613,26.920566666666662,30.85425,10.1296,9.015214285714285,17.64667741935484,22.8391,27.28316129032258,31.29243333333333,34.41825,0.058,1.1374642857142858,6.79958064516129,12.572233333333331,17.48548387096774,22.563166666666667,27.4525,3.0,13.0,2.0,0.0,0.0,0.0,0.0,0.0,0.0,0.0,0.0,0.0,0.0,0.0,5.0,25.0,29.0,24.0,25.0,26.0,4.0,0.0,56.824,166.177,297.612,418.655,543.938,659.051,0.0,0.877,2.555,4.366,6.0775,7.906499999999999,9.509,6.2,6.233499999999999,6.05,6.109999999999999,5.99,5.8495,5.6845,4.718,4.7501127599999995,5.816977730300021e-05,0.007626911386859048,5,train,4.767512399999999,3.36825426949988e-05,0.005803666314925317,5,train
CN043,12.106,1.391,2006,12.564,47.523,244.124,627.226,1139.614,1390.503,0.0,55.559,167.578,252.056,419.361,593.914,661.149,0.0,20.274,60.32103571428571,110.19580645161292,167.4809,229.21109677419355,239.2346428571429,0.0,2.415608695652174,4.000678571428572,2.725096774193549,5.576833333333334,5.630741935483871,4.8025,0.0,8145721.451086956,7279355.366071428,12955864.362903226,16160348.575,18101901.56451613,16642577.25,0.0,5.496782608695653,6.108178571428572,12.49425806451613,19.090066666666665,22.84864516129032,24.24064285714286,0.0,9.304521739130434,9.415142857142856,16.882838709677422,23.582766666666664,27.05377419354839,27.68242857142857,0.0,1.7406521739130436,2.9325357142857142,7.93558064516129,14.669100000000002,18.597612903225805,20.7465,0.0,7.0,7.0,2.0,0.0,0.0,0.0,0.0,0.0,0.0,0.0,0.0,0.0,0.0,0.0,21.0,21.0,27.0,21.0,25.0,9.0,0.0,34.607,94.824,177.94,275.29200000000003,393.504,516.6055,0.0,0.764,2.4445,4.3215,5.922,7.7325,9.571,0.0,7.036,7.2905,7.205,7.255,7.199,7.3835,0.0,5.11,5.177965779999999,0.00011891648160200014,0.010904883383237078,5,train,5.18332848,6.706007205700538e-05,0.008189021434640734,5,train
CN044,11.814,1.393,2006,203.439,481.745,841.3199999999999,1341.109,1915.211,1973.256,0.0,17.8,73.141,196.505,374.147,650.656,689.5649999999999,0.0,-16.950260869565216,-59.94785714285714,-44.44183870967741,23.6983,117.91603225806452,243.021,0.0,0.773913043478261,1.9764642857142856,3.979483870967742,5.9214,8.919645161290322,12.969666666666669,0.0,11948451.891304348,11406730.75,12513986.258064516,16233027.616666667,17553587.70967742,13768819.666666666,0.0,15.165173913043477,16.2595,17.919193548387096,22.97963333333333,24.83941935483871,25.668333333333333,0.0,19.784217391304345,20.444535714285717,21.914129032258064,26.88883333333333,28.553193548387096,29.002,0.0,11.135652173913044,12.879428571428573,14.524387096774191,19.478866666666665,21.57587096774193,23.253666666666664,0.0,0.0,0.0,0.0,0.0,0.0,0.0,0.0,0.0,0.0,0.0,0.0,0.0,0.0,0.0,23.0,25.0,24.0,18.0,13.0,0.0,0.0,53.0495,135.063,224.868,326.002,462.622,568.386,0.0,1.03,2.741,4.6095,6.351,8.411999999999999,9.963,0.0,6.0,5.938000000000001,6.403,6.702999999999999,7.055,7.806,0.0,4.517,4.486469959999999,1.5791337133000077e-05,0.003973831543107996,5,train,4.503722600000001,1.4270022799999292e-05,0.003777568371320272,5,train
CN045,12.411,1.496,2006,150.444,334.415,651.521,1138.4,1690.008,1788.876,0.0,29.773,100.763,196.42,306.856,560.798,605.879,0.0,-8.218624999999998,-23.07417857142857,2.229,18.978,69.28145161290323,176.09380000000002,0.0,1.2405416666666669,2.535357142857143,3.085709677419355,3.6812,8.19167741935484,9.0162,0.0,10630609.520833334,6939434.598214285,10300176.85483871,15631949.066666666,17032849.98387097,15372429.6,0.0,12.588500000000002,12.890392857142857,16.549225806451613,22.5493,24.113806451612906,26.0936,0.0,17.080875,16.452392857142858,20.450161290322583,26.900066666666664,28.285,29.779200000000003,0.0,8.56775,9.907178571428572,13.09216129032258,18.5156,20.402774193548385,22.701,0.0,0.0,0.0,0.0,0.0,0.0,0.0,0.0,0.0,0.0,0.0,0.0,0.0,0.0,0.0,23.0,25.0,24.0,25.0,14.0,1.0,0.0,45.1875,111.483,185.77,277.581,403.846,503.113,0.0,0.857,2.5665,4.2575,5.909,7.862499999999999,9.238,0.0,6.614,6.5815,6.604,6.5955,6.999,7.402,0.0,3.845,3.92935828,6.816446943700134e-05,0.008256177652945782,5,train,3.9607068599999997,9.640130892999885e-06,0.0031048560180787586,5,train
CN046,11.719,1.364,2006,98.634,498.445,990.578,1581.453,2228.422,2392.231,0.0,2.536,34.702,88.868,194.449,318.901,329.394,0.0,-11.913125,-51.33985714285715,-111.46219354838708,-148.4015,-203.36235483870968,-211.36557142857143,0.0,0.317,1.148785714285714,1.747290322580645,3.519366666666667,4.01458064516129,1.499,0.0,11986663.25,13052561.19642857,16232766.693548389,20075872.6,21699965.35483871,22637450.0,0.0,18.64925,20.598964285714285,22.19525806451613,26.015833333333333,27.189967741935483,29.72128571428572,0.0,22.405875,24.703535714285717,26.65909677419355,30.582,31.513322580645163,33.931714285714285,0.0,15.58175,17.524214285714287,18.800612903225804,22.3597,23.584709677419355,26.13457142857143,0.0,0.0,0.0,0.0,0.0,0.0,0.0,0.0,0.0,0.0,0.0,0.0,0.0,0.0,0.0,8.0,28.0,28.0,24.0,23.0,7.0,0.0,0.0,76.368,200.268,343.253,497.208,602.783,0.0,0.491,1.456,2.839,4.502,6.436,7.827,0.0,5.621,5.6685,5.701,5.5875,5.49,5.553,0.0,3.749,3.80713922,7.21314576069992e-05,0.008493024055482194,5,train,3.8673459,0.000144912414119998,0.012037957223715243,5,train
CN050,12.526,1.429,2006,14.471,55.203,236.452,572.335,1037.81,1572.764,1593.919,5.765,86.277,178.189,306.954,440.358,546.4830000000001,548.943,-3.8441,13.473357142857145,56.66909677419355,96.3814,126.99670967741936,99.8084,104.647,0.5765,2.8754285714285714,2.964903225806452,4.292166666666666,4.303354838709677,3.5375,2.46,8887214.925,6573149.973214285,10907248.185483873,15334785.241666667,19522665.30645161,17980159.016666666,21378458.0,7.4656,7.408535714285714,12.096,17.5161,21.33532258064516,24.1518,27.475,11.2945,10.163357142857144,16.00093548387097,21.81363333333333,25.601064516129032,27.6659,30.818,3.4761,4.45125,7.801451612903226,12.683133333333334,16.58651612903226,20.433066666666665,22.907,1.0,0.0,0.0,0.0,0.0,0.0,0.0,0.0,0.0,0.0,0.0,0.0,0.0,0.0,10.0,24.0,27.0,21.0,22.0,23.0,1.0,0.0,31.509,92.978,182.51,308.423,484.283,623.946,0.472,1.5315,3.2435,5.031,6.973000000000001,9.698,0.0,6.573,6.6985,6.714,6.676,6.458,6.422,6.658,4.552,4.684766659999999,7.779860541799792e-05,0.008820351774050621,5,train,4.69081508,0.00031050393577699686,0.017621121864881274,5,train
CN051,12.899,1.434,2006,6.515000000000001,46.209,220.596,542.048,988.233,1503.594,1757.632,0.589,55.751,102.014,163.71,269.828,400.346,507.195,-2.1745,2.785892857142857,-1.301161290322581,-35.45236666666666,-69.72909677419355,-89.41720000000001,-39.22015384615384,0.2945,1.9700714285714285,1.4923548387096774,2.0565333333333333,3.4231612903225805,4.3506,8.219153846153846,10640749.0,8174556.866071428,13941395.08064516,17048329.966666665,19255161.69354839,16662328.716666669,18960108.307692308,9.5775,7.375285714285715,11.84783870967742,17.03506666666667,20.713064516129037,23.4987,25.861384615384612,14.3885,10.867607142857144,16.397129032258064,21.8008,25.449290322580644,27.393866666666668,29.443846153846152,5.0845,3.811392857142857,6.861677419354838,11.898133333333334,15.595,19.4484,22.37284615384615,0.0,1.0,0.0,0.0,0.0,0.0,0.0,0.0,0.0,0.0,0.0,0.0,0.0,0.0,2.0,26.0,29.0,29.0,24.0,24.0,4.0,0.0,68.138,180.851,297.988,412.918,552.225,711.6215,0.0,1.1165,2.9065,4.378,6.0665,8.180499999999999,10.1715,6.4765,6.5585,6.418,6.2055,5.987,6.1005,6.425,4.282,4.4964165199999995,0.0001878059769519937,0.013704232081805741,5,train,4.51100218,0.00031940188811200356,0.017871818265414507,5,train
CN052,13.061,1.533,2006,10.238,36.397,168.219,439.449,775.598,1163.658,1257.369,2.879,72.729,138.351,210.014,363.387,639.282,662.6610000000001,-5.926125,0.8596071428571431,9.717193548387096,-27.16306666666667,-28.98467741935484,96.55033333333331,168.65149999999997,0.359875,2.494642857142857,2.1168387096774195,2.3887666666666667,4.947516129032258,9.1965,3.8965,12478373.6875,8996216.401785715,13189367.967741936,18283815.966666665,18482383.85483871,15855297.55,19088859.0,6.074125,5.672035714285714,10.141225806451612,15.361,17.163516129032256,19.255333333333333,21.9385,12.31625,10.4295,15.547935483870967,21.1559,22.088967741935484,23.134866666666667,25.67533333333333,0.957375,2.1791071428571427,5.664612903225807,10.336733333333331,12.603064516129033,16.0237,18.669166666666666,4.0,5.0,5.0,0.0,0.0,0.0,0.0,0.0,0.0,0.0,0.0,0.0,0.0,0.0,8.0,26.0,30.0,28.0,18.0,11.0,6.0,0.0,47.198,125.342,215.323,311.869,430.928,539.46,0.355,1.2055,2.5785,3.995,5.55,7.6595,9.401,7.7855,7.877499999999999,7.732,7.409000000000001,7.281,7.7635,7.737,4.582,4.38181086,0.00027602093843799135,0.016613877886814725,5,train,4.4305638,0.00022744314269999892,0.015081218210078353,5,train
CN053,12.971,1.41,2006,4.83,119.71399999999998,348.45399999999995,661.507,999.732,1385.04,1591.947,0.089,34.745,68.481,121.299,276.258,526.769,676.318,-2.635,-26.997642857142857,-85.94109677419355,-193.75826666666663,-252.67425806451607,-126.35593333333333,-16.340066666666655,0.089,1.2377142857142858,1.0882580645161288,1.7606,4.998677419354839,8.350366666666666,9.969933333333334,17226086.0,14721018.285714284,19859509.19354839,21698227.0,20027110.04838709,17748171.9,18007604.933333334,11.15,10.423,13.647,16.755100000000002,17.230483870967742,19.1636,20.1138,18.856,16.40625,20.231935483870966,23.028766666666662,22.604322580645164,23.32183333333333,24.2842,4.949,5.345,7.63874193548387,11.0796,12.717096774193548,15.774766666666666,16.989733333333334,0.0,0.0,0.0,0.0,0.0,0.0,0.0,0.0,0.0,0.0,0.0,0.0,0.0,0.0,1.0,27.0,30.0,28.0,22.0,12.0,3.0,0.0,75.959,183.152,277.077,362.017,471.359,607.3130000000001,0.0,1.188,2.991,4.464,5.94,7.9115,9.937,7.53,7.463,6.988,6.5405,6.581,7.333,7.739,3.82,3.9174121200000003,0.00018347388861199957,0.013545253360937903,5,train,3.95909714,0.0003331693603929953,0.018252927447206798,5,train
CN054,13.005,1.461,2006,0.0,0.0,0.0,0.0,75.74499999999999,268.497,378.671,0.0,91.657,169.5,322.749,453.781,595.48,669.816,-2.227,-4.455392857142857,18.405290322580644,60.94056666666666,58.86612903225806,91.21783333333332,120.88378571428572,0.0,3.2734642857142857,2.5110645161290326,5.1083,4.22683870967742,4.7233,5.309714285714286,19470520.0,18025117.35714286,21214600.51612903,22834323.633333333,23092168.129032254,21002846.566666663,21056139.85714286,1.677,1.9575,2.155548387096774,4.302133333333333,8.736677419354839,12.745066666666666,14.189571428571428,9.58,7.159678571428572,7.060774193548387,9.114666666666666,14.038225806451614,17.845133333333333,18.90492857142857,-4.923,-3.832035714285714,-2.963,-0.3197,3.910774193548388,8.547066666666666,10.196928571428572,1.0,28.0,31.0,19.0,0.0,0.0,0.0,0.0,0.0,0.0,0.0,0.0,0.0,0.0,1.0,22.0,28.0,19.0,24.0,21.0,11.0,0.0,41.242,103.051,169.704,252.802,368.27,486.8455,0.0,0.7995000000000001,1.991,2.955,4.247,5.801,7.063,5.896,5.8855,5.861,5.913,5.962,6.1045,6.347,5.015,5.29231738,0.0005449328831469947,0.0233437975305432,5,train,5.40117036,0.00016970718097300135,0.013027170873716264,5,train
CN061,12.801,1.465,2006,0.0,1.351,87.173,350.366,759.975,1311.494,1595.02,0.0,21.009,32.989000000000004,60.511,137.426,186.896,259.355,0.0,-11.62451851851852,-61.05148387096774,-165.47306666666665,-259.8821612903226,-374.1052333333333,-426.4963571428571,0.0,0.7781111111111111,0.3864516129032258,0.9174,2.481129032258065,1.649,5.175642857142857,0.0,12258917.925925924,18100970.5,20709710.75,21972949.93548387,23721907.5,21720159.64285714,0.0,1.3954074074074074,8.026709677419355,14.980733333333337,19.533193548387096,24.703966666666663,26.57185714285714,0.0,6.628407407407408,14.838225806451613,21.691466666666667,26.023612903225807,30.91866666666667,31.546142857142858,0.0,-3.552407407407407,1.2218064516129032,7.763866666666667,12.80732258064516,17.9754,21.749285714285715,0.0,25.0,10.0,3.0,0.0,0.0,0.0,0.0,0.0,0.0,0.0,0.0,1.0,0.0,0.0,27.0,31.0,29.0,27.0,28.0,12.0,0.0,25.738,79.81,171.452,278.003,385.04,495.179,0.0,0.5485,1.576,2.699,4.1235,5.6625,7.024000000000001,0.0,4.38,4.155,3.8235,3.813,3.4405,4.24,4.037,4.11529016,0.00010775447297300185,0.010380485199305563,5,train,4.1451308,8.42915230949998e-05,0.00918104150382732,5,train
CN062,12.84,1.465,2006,0.0,0.0,7.450999999999997,158.893,452.537,891.347,1233.1,0.0,11.962,21.07,36.733,81.987,109.04,184.347,0.0,-8.918263157894737,-55.34532258064516,-152.8489,-267.08693548387095,-408.24103333333335,-512.9250952380952,0.0,0.629578947368421,0.2938064516129032,0.5221,1.4598064516129032,0.9017666666666668,3.586047619047619,0.0,14263234.368421054,19236331.22580645,22062892.9,23357948.93548387,23875033.7,19829291.64285714,0.0,-2.107421052631578,3.2452580645161286,10.796733333333332,15.792387096774194,20.947,22.59395238095238,0.0,3.538105263157895,9.865903225806452,17.587966666666667,22.372387096774197,27.266666666666666,27.78428571428572,0.0,-7.581736842105263,-3.485290322580645,3.493666666666667,8.865419354838709,14.039666666666667,17.64842857142857,0.0,19.0,29.0,6.0,0.0,0.0,0.0,0.0,0.0,0.0,0.0,0.0,0.0,0.0,0.0,19.0,31.0,30.0,29.0,30.0,19.0,0.0,13.8955,37.072,71.634,130.657,227.389,351.789,0.0,0.259,0.7195,1.222,2.031,3.3355,4.678,0.0,3.609,3.311,2.877,2.973,2.4545000000000003,3.446,4.222,4.64596662,0.0012326781461520035,0.03510951646138129,5,train,4.70517982,0.0008384523979420224,0.028956042511745668,5,train
CN063,13.39,1.445,2006,0.0,0.0,0.1879999999999997,52.839,227.8,517.115,798.6899999999999,0.0,11.316,19.462,49.995,103.644,143.392,201.849,0.0,-7.932777777777777,-52.761645161290325,-131.0541,-204.4631935483871,-298.50626666666665,-377.0272380952381,0.0,0.6286666666666667,0.2627741935483871,1.0177666666666665,1.7306129032258064,1.3249333333333335,2.7836666666666665,0.0,15198263.555555556,20013637.451612905,22413756.633333333,24032736.129032254,22728743.633333333,20886231.47619048,0.0,-3.029611111111111,1.3550967741935482,6.768433333333333,11.838870967741936,15.963833333333334,19.72833333333333,0.0,2.2989444444444445,7.620290322580645,13.212333333333332,18.144516129032255,21.65576666666667,25.184380952380952,0.0,-8.2385,-5.03316129032258,0.2551666666666666,5.521612903225806,10.224866666666664,14.397190476190476,0.0,18.0,31.0,15.0,0.0,0.0,0.0,0.0,0.0,0.0,0.0,0.0,0.0,0.0,0.0,18.0,31.0,30.0,29.0,29.0,19.0,0.0,13.134,34.978,69.012,132.824,238.065,359.646,0.0,0.1815,0.5549999999999999,1.024,1.737,2.909,4.084,0.0,4.3740000000000006,4.205,4.0535,3.994,3.6975,3.841,7.407,7.6871301,0.0009413002600499905,0.03068061700895193,5,train,7.5979585400000005,0.0009896365428430113,0.031458489201533685,5,train
CN064,12.016,1.441,2006,0.0,0.0,28.824,229.065,586.3059999999999,1080.946,1412.437,0.0,6.792,10.586,15.947,51.843,69.598,111.303,0.0,-17.07442857142857,-78.31887096774194,-200.52156666666667,-343.7143225806452,-511.4587666666666,-623.2297777777778,0.0,0.3234285714285714,0.1223870967741935,0.1787,1.1579354838709677,0.5918333333333333,2.3169444444444443,0.0,14386415.904761905,19237636.096774194,21897788.53333333,23682583.16129032,25108543.6,22452178.722222224,0.0,-0.9699047619047618,4.825903225806452,12.537299999999998,17.843903225806454,22.808,24.736166666666666,0.0,4.803904761904762,11.763548387096774,19.543966666666662,24.50332258064516,29.5721,30.543444444444447,0.0,-6.59547619047619,-2.161483870967742,4.936333333333334,10.712774193548388,15.446966666666668,19.01983333333333,0.0,21.0,22.0,3.0,0.0,0.0,0.0,0.0,0.0,0.0,0.0,0.0,0.0,0.0,0.0,21.0,31.0,30.0,29.0,30.0,16.0,0.0,12.923,33.013000000000005,60.043000000000006,108.988,197.922,302.558,0.0,0.206,0.5720000000000001,0.953,1.597,2.7145,3.824,0.0,3.847,3.26,2.7885,2.981,2.181,3.244,6.966,7.0478983,0.0002043261703300057,0.014294270542074041,5,train,7.052312720000001,0.0002863594676520252,0.016922159071821336,5,train
CN065,13.176,1.431,2006,0.0,0.0,8.221,164.69299999999998,478.883,931.766,1328.95,0.0,10.799,30.176,77.699,123.135,170.767,209.509,0.0,-2.9184,-26.944774193548387,-69.45886666666667,-153.5160322580645,-277.66453333333334,-395.45992,0.0,0.7199333333333333,0.6250645161290322,1.5840999999999998,1.4656774193548388,1.5877333333333332,1.54968,0.0,12104451.7,16526063.387096774,20898454.366666667,23888916.35483871,24249960.33333333,23602349.2,0.0,-4.795,2.7900000000000005,11.0185,16.455161290322582,21.4161,22.20736,0.0,0.8363999999999999,8.783999999999999,17.057233333333333,22.25477419354839,26.840866666666667,27.43148,0.0,-10.1562,-3.265,4.326899999999999,10.179806451612905,15.728166666666668,16.90452,0.0,15.0,28.0,5.0,0.0,0.0,0.0,0.0,0.0,0.0,0.0,0.0,0.0,0.0,0.0,15.0,31.0,30.0,30.0,29.0,25.0,0.0,5.664,21.014,58.119,120.769,225.836,369.669,0.0,0.261,0.739,1.358,2.2175,3.591,5.11,0.0,3.854,3.738,3.6335,3.387,3.172,3.17,7.161,7.445309539999999,0.0002764602660079963,0.016627094334489004,5,train,7.4309433600000006,0.0002071388384030068,0.014392318729204366,5,train
CN011,14.819,1.511,2007,0.0,0.0,15.781,179.13899999999998,592.042,1128.621,1365.603,0.0,2.544,47.936,64.613,110.309,178.707,225.8,0.0,-20.46257692307692,-32.67374193548387,-102.38903333333332,-229.44251612903224,-342.5364666666667,-370.4766153846154,0.0,0.0978461538461538,1.464258064516129,0.5559,1.4740645161290322,2.279933333333333,3.6225384615384617,0.0,12416036.557692308,15389164.322580645,20014199.933333334,23298784.387096774,21597269.53333333,20911100.923076924,0.0,1.4187692307692308,3.484741935483871,11.724066666666666,19.639451612903223,24.205966666666665,24.54938461538461,0.0,7.594846153846154,8.82716129032258,18.2646,26.226612903225806,29.997,29.539,0.0,-3.958076923076923,-1.400032258064516,5.380933333333333,12.856935483870968,18.215,19.602615384615383,0.0,25.0,21.0,1.0,0.0,0.0,0.0,0.0,0.0,0.0,0.0,0.0,0.0,0.0,0.0,26.0,29.0,30.0,29.0,27.0,10.0,0.0,16.0045,44.541,90.449,161.339,261.259,386.4985,0.0,0.367,1.0445,1.809,3.005,4.636,6.3825,0.0,3.8605,4.037,3.767,3.268,3.402,3.949,5.507,5.388743979999999,0.00036927064740199767,0.019216416091508783,5,train,5.44546874,0.00024470657353800075,0.015643099869846792,5,train
CN012,14.794,1.439,2007,0.0,1.0299999999999994,33.535999999999994,265.6,739.527,1317.054,1573.058,0.0,0.643,55.632000000000005,65.744,130.185,218.048,260.197,0.0,-22.58208,-35.54538709677419,-118.2825,-266.5660322580645,-393.3466666666666,-401.6880769230769,0.0,0.02572,1.7738387096774195,0.3370666666666667,2.078741935483871,2.9287666666666667,3.242230769230769,0.0,12492355.38,15504742.338709677,20913537.216666665,23289166.0,21705174.73333333,21425187.769230768,0.0,3.3914,5.272322580645161,14.055466666666666,21.60796774193548,25.5709,26.012615384615383,0.0,9.94792,10.678838709677418,20.3295,28.11890322580645,31.30653333333333,30.92738461538461,0.0,-2.35876,0.4846129032258065,8.087266666666666,15.278903225806452,20.156366666666667,21.625615384615383,0.0,23.0,14.0,0.0,0.0,0.0,0.0,0.0,0.0,0.0,0.0,0.0,0.0,0.0,0.0,25.0,29.0,30.0,27.0,27.0,11.0,0.0,15.5865,45.704,107.005,198.382,298.083,417.0685,0.0,0.2525,0.7050000000000001,1.469,2.7085,4.13,5.7015,0.0,4.066,4.46,4.021,3.005,3.364,4.437,5.246,5.2291457999999995,3.3848065379999136e-05,0.0058179090212892755,5,train,5.24204138,3.0475950602001316e-05,0.005520502749025791,5,train
CN013,14.781,1.481,2007,0.0,0.0,32.63999999999999,216.641,635.414,1167.962,1410.937,0.0,4.542,54.691,68.081,122.152,191.124,224.798,0.0,-19.92656,-30.08661290322581,-113.3361,-247.92593548387097,-370.31146666666666,-406.1596153846154,0.0,0.1816799999999999,1.617709677419355,0.4463333333333333,1.7442258064516127,2.299066666666667,2.590307692307692,0.0,12926131.02,15938812.75,20997224.23333333,23506016.35483871,22081837.766666666,22462286.615384616,0.0,2.51076,4.549870967741935,12.4315,19.828806451612905,24.0716,25.010384615384616,0.0,8.81252,10.040483870967742,18.829833333333333,26.264935483870968,29.8745,30.30730769230769,0.0,-3.1558,-0.3698387096774193,6.283233333333333,13.39651612903226,18.492,20.07338461538461,0.0,23.0,16.0,0.0,0.0,0.0,0.0,0.0,0.0,0.0,0.0,0.0,0.0,0.0,0.0,25.0,29.0,30.0,29.0,27.0,12.0,0.0,21.5065,64.388,138.095,228.467,325.199,443.276,0.0,0.398,1.315,2.337,3.595,5.112500000000001,6.751,0.0,4.107,4.413,3.985,3.447,3.5540000000000003,3.969,5.092,5.006425439999999,9.351779058800331e-05,0.009670459688556864,5,train,5.06369046,8.63224855480044e-05,0.00929098948164319,5,train
CN014,14.597,1.473,2007,0.0,0.0,37.643,165.20899999999995,526.125,977.488,1210.209,0.0,11.159,57.793,83.33800000000001,123.936,180.443,202.982,0.0,-16.51936,-26.255419354838715,-106.24426666666666,-229.2296129032258,-351.616,-409.522,0.0,0.44636,1.5043225806451612,0.8514999999999999,1.3096129032258064,1.8835666666666664,1.6099285714285714,0.0,13351696.29,16387281.04032258,21413662.03333333,24192745.612903222,21754292.2,22851840.0,0.0,1.63156,3.5663225806451613,10.329433333333332,17.962451612903227,21.36543333333333,22.94292857142857,0.0,7.634919999999999,8.957870967741936,16.912466666666667,24.61619354838709,27.2681,28.52657142857143,0.0,-4.08656,-1.4346774193548388,3.8487,10.795903225806452,15.566433333333332,17.278357142857143,0.0,25.0,21.0,3.0,0.0,0.0,0.0,0.0,0.0,0.0,0.0,0.0,0.0,0.0,0.0,25.0,30.0,28.0,29.0,26.0,13.0,0.0,14.886499999999998,41.36,79.798,129.087,202.658,307.447,0.0,0.336,0.9745,1.634,2.5025000000000004,3.849,5.3445,0.0,4.629,4.882,4.49,4.109,4.047499999999999,4.2515,5.04,5.050582199999999,0.00016021973019999896,0.012657793259490334,5,train,5.07310622,0.00022658969910198759,0.015052896701365741,5,train
CN015,13.312,1.479,2007,0.0,0.0,0.0,62.14,355.18,834.851,1059.474,0.0,4.646,29.782,47.205,81.687,127.026,187.885,0.0,-11.585,-40.78329032258064,-104.43606666666666,-236.54048387096773,-369.66816666666665,-432.53085714285714,0.0,0.2019999999999999,0.8108387096774193,0.5807666666666667,1.112322580645161,1.5113,4.347071428571428,0.0,12285628.739130436,15827393.58064516,20512958.666666668,21917224.35483871,23204638.0,20203311.57142857,0.0,-4.93795652173913,-2.3596451612903224,7.350533333333333,15.772903225806452,22.30903333333333,22.3645,0.0,1.603,3.1108387096774197,13.6181,22.12961290322581,28.5505,27.4175,0.0,-10.918347826086958,-7.415774193548388,0.8923333333333333,9.068129032258064,15.932033333333331,17.45207142857143,0.0,23.0,31.0,15.0,0.0,0.0,0.0,0.0,0.0,0.0,0.0,0.0,0.0,0.0,0.0,23.0,31.0,29.0,30.0,30.0,11.0,0.0,20.2065,53.987,94.242,139.721,213.481,320.0835,0.0,0.379,1.0485000000000002,1.723,2.4935,3.7505,5.1005,0.0,4.084,4.122,3.9925,3.623,3.4635,4.251,5.666,5.81652962,0.0001735029695219988,0.013172052593350773,5,train,5.82859632,0.00013108205501199206,0.011449107170954077,5,train
CN021,14.162,1.52,2007,0.0,0.0,1.298,91.278,418.977,921.355,1128.468,0.0,9.108,72.335,96.242,153.966,197.101,320.451,0.0,-16.54692307692308,-13.313709677419352,-61.50013333333333,-171.6271935483871,-291.8666,-294.0948461538461,0.0,0.3503076923076923,2.0395806451612906,0.7969,1.8620645161290323,1.4378333333333333,9.48846153846154,0.0,12296134.038461538,15822743.435483873,20231461.6,21920355.951612905,23260843.28333333,16995492.076923076,0.0,-0.786,0.2670645161290322,8.8141,16.89093548387097,23.06593333333333,22.251769230769234,0.0,5.060384615384615,5.437354838709677,14.726633333333332,22.8671935483871,28.846466666666668,26.07907692307693,0.0,-6.295807692307692,-4.218354838709677,2.9246,11.021483870967742,17.5034,19.08623076923077,0.0,26.0,28.0,6.0,0.0,0.0,0.0,0.0,0.0,0.0,0.0,0.0,0.0,0.0,0.0,26.0,30.0,30.0,28.0,28.0,5.0,0.0,18.0015,48.314,87.935,144.289,244.75,385.8615,0.0,0.411,1.101,1.863,2.879,4.522,6.281,0.0,4.811,4.975,4.8205,4.418,3.9855,5.636,5.843,5.87007004,9.981203914800224e-05,0.009990597537084669,5,train,5.88544028,0.00023910723124700683,0.015463092551200966,5,train
CN022,13.895,1.483,2007,0.0,0.0,0.0,55.043,316.123,803.882,1012.735,0.0,11.701,63.117,92.511,150.071,178.884,279.054,0.0,-9.860357142857143,-18.099612903225804,-48.455733333333335,-145.10025806451614,-253.1189666666667,-290.6021428571429,0.0,0.4178928571428572,1.65858064516129,0.9798,1.8567741935483872,0.9604333333333333,7.155,0.0,11559809.107142856,15487396.129032258,19720163.933333334,20566937.80645161,23549561.5,17297619.0,0.0,-5.073571428571428,-2.7918387096774198,6.590133333333333,14.741935483870968,22.578633333333336,21.238071428571427,0.0,0.6172500000000001,2.162387096774194,12.214933333333333,20.43983870967742,28.238433333333333,25.15892857142857,0.0,-10.946678571428572,-7.640451612903226,0.8995333333333332,9.012290322580643,16.89196666666667,17.887714285714285,0.0,28.0,31.0,15.0,0.0,0.0,0.0,0.0,0.0,0.0,0.0,0.0,0.0,0.0,0.0,28.0,29.0,29.0,29.0,30.0,6.0,0.0,22.728,58.55,96.308,143.823,230.679,368.6035,0.0,0.4815,1.2645,2.022,2.964,4.4365000000000006,6.1585,0.0,5.3445,5.326,5.3515,4.99,4.464,5.59,6.169,6.2270917400000005,0.00011908505880800103,0.010912610082285586,5,train,6.232589819999999,0.00014804458014700515,0.0121673571553976,5,train
CN023,14.269,1.486,2007,0.0,0.0,0.0,38.32,253.316,698.1569999999999,884.17,0.0,16.661,61.883,92.676,170.737,222.478,251.605,0.0,-0.3363571428571427,-0.380193548387097,-23.62026666666667,-85.62922580645161,-148.862,-217.78091666666668,0.0,0.5950357142857143,1.458774193548387,1.0264333333333333,2.5180967741935483,1.7247,2.42725,0.0,10528952.80357143,14675889.274193548,19206335.066666663,18539136.322580647,22864124.5,20508991.08333333,0.0,-10.088142857142858,-5.336774193548387,5.3440666666666665,13.255354838709676,21.14803333333333,21.82108333333333,0.0,-3.9095714285714287,-0.2413870967741935,11.1129,18.63416129032258,26.676033333333333,26.69175,0.0,-16.345607142857144,-10.50864516129032,-0.6847333333333333,7.735612903225807,15.543066666666666,17.24,0.0,28.0,31.0,22.0,0.0,0.0,0.0,0.0,0.0,0.0,0.0,0.0,0.0,0.0,0.0,27.0,29.0,29.0,28.0,28.0,11.0,0.0,17.963,44.026,74.522,118.138,208.695,354.1705,0.0,0.483,1.247,2.058,3.016,4.694,6.6475,0.0,5.341,5.459,5.48,5.32,4.837,5.047,3.921,4.22992792,0.00014301003013199193,0.011958680116634608,5,train,4.278502860000001,0.000197328696193003,0.014047373284461512,5,train
CN031,12.706,1.42,2007,0.8659999999999988,74.56599999999999,221.555,461.618,924.974,1451.146,0.0,4.383,54.455,152.992,259.896,306.96,450.749,0.0,-5.452000000000001,-19.445857142857143,2.740870967741932,-13.843233333333336,-56.05493548387097,-72.01746666666666,0.0,0.36525,1.7882857142857145,3.178612903225807,3.5634666666666663,1.5181935483870967,4.792966666666668,0.0,11710607.833333334,13484530.0,14914961.266129032,18460733.416666668,21134482.72580645,16704861.133333333,0.0,4.9262500000000005,8.586714285714285,10.750645161290322,14.3221,21.26696774193548,23.859066666666667,0.0,8.970333333333334,13.03617857142857,14.72732258064516,18.800366666666665,25.62032258064516,26.954733333333333,0.0,1.2385,4.492928571428571,7.002774193548388,10.065333333333331,17.046419354838708,21.3684,0.0,5.0,4.0,2.0,0.0,0.0,0.0,0.0,0.0,0.0,0.0,0.0,0.0,0.0,0.0,12.0,25.0,23.0,26.0,29.0,24.0,0.0,22.375,77.628,188.485,315.123,425.995,517.862,0.0,0.323,1.27,3.2,4.956,6.593,7.5455,0.0,6.178,6.228999999999999,6.427,6.202,5.795,6.0275,0.0,6.41,6.4140235599999995,2.7737874093000124e-05,0.005266675810508952,5,train,6.42258468,6.791144311998714e-06,0.0026059824082289417,5,train
CN032,13.994,1.439,2007,0.0,36.88099999999999,158.927,415.971,906.144,1442.652,1671.53,0.031,43.666,111.45,162.678,221.69,342.84000000000003,581.665,-1.965,-7.536142857142857,-0.5512903225806475,-57.68586666666667,-141.257,-218.79233333333332,-70.40850000000002,0.031,1.5583928571428571,2.1865806451612904,1.7075999999999998,1.9036129032258065,4.038333333333333,19.902083333333334,13392869.0,12352760.08482143,15450799.25,19748011.03333333,22891797.56451613,18596474.466666665,14561240.666666666,2.893,6.97725,9.64548387096774,14.888133333333334,22.13203225806452,24.2036,25.39316666666667,10.075,12.158035714285717,14.633935483870967,20.411133333333336,27.78922580645161,28.436766666666664,28.58366666666667,-2.501,2.4062142857142854,4.986677419354838,9.5103,16.61458064516129,20.443766666666665,22.751416666666668,1.0,7.0,6.0,0.0,0.0,0.0,0.0,0.0,0.0,0.0,0.0,0.0,0.0,0.0,1.0,24.0,26.0,28.0,28.0,23.0,4.0,0.0,65.513,196.916,371.294,546.572,667.452,782.3035,0.0,0.9915,3.1405,5.289,7.486499999999999,9.082,10.4635,5.45,5.545999999999999,5.611,5.2205,4.694,4.855499999999999,6.547,5.042,5.16267728,4.2690095587003366e-05,0.0065337658044196355,5,train,5.16001472,4.693873869200065e-05,0.006851185203452075,5,train
CN033,12.565,1.447,2007,1.906,103.042,277.339,537.183,1028.384,1397.293,0.0,35.072,93.731,212.205,347.373,450.39,613.018,0.0,11.895263157894735,4.115892857142858,37.90170967741936,51.25643333333333,54.76629032258065,102.24863636363638,0.0,1.8458947368421053,2.0949642857142856,3.821741935483871,4.5056,3.3231290322580644,7.392181818181817,0.0,9535612.131578946,13011890.8125,14467142.79032258,16958478.375,20186036.19354839,14823753.681818182,0.0,5.2352105263157895,9.717857142857143,11.793709677419356,14.981466666666668,22.165193548387094,23.08859090909091,0.0,9.162947368421053,14.690678571428572,16.03293548387097,19.654433333333333,26.887967741935487,26.23068181818182,0.0,1.6541052631578947,5.143535714285714,7.761709677419355,10.498,17.64603225806452,20.558818181818182,0.0,5.0,3.0,1.0,0.0,0.0,0.0,0.0,0.0,0.0,0.0,0.0,0.0,0.0,0.0,17.0,25.0,23.0,24.0,25.0,16.0,0.0,21.689,72.149,165.831,274.149,387.938,504.895,0.0,0.6575000000000001,2.0115,4.0405,5.841,7.79,9.883,0.0,7.124,7.133,7.273,7.118,6.885,7.291499999999999,0.0,4.229,4.30223126,4.965351767300023e-05,0.00704652521978033,5,train,4.3178122000000005,6.808076169999415e-05,0.008251106695467835,5,train
CN034,13.843,1.492,2007,0.0,51.728,191.406,470.945,988.45,1542.246,1699.661,0.0,56.789,137.656,211.707,297.384,426.027,576.284,-4.447,-7.873499999999999,15.951258064516132,-20.085666666666665,-91.62858064516128,-140.5596,-49.503375,0.0,2.028178571428572,2.6086129032258065,2.468366666666667,2.763774193548387,4.2881,18.782125,14068697.666666666,11912277.09375,15097548.088709677,19519756.23333333,22642541.0,18521055.8,13715874.5,4.655666666666666,7.753142857142857,10.367774193548389,15.637966666666667,23.013709677419357,24.779866666666667,25.996875,11.961666666666666,12.872535714285714,15.203096774193549,21.1133,28.55367741935484,28.9266,28.985375,-1.0313333333333334,3.1005000000000003,5.830935483870968,10.254766666666669,17.39309677419355,21.0943,23.61975,3.0,5.0,5.0,0.0,0.0,0.0,0.0,0.0,0.0,0.0,0.0,0.0,0.0,0.0,3.0,25.0,25.0,26.0,27.0,21.0,1.0,0.0,67.355,198.951,362.281,519.394,640.457,733.629,0.0,0.985,2.9615,4.994,7.055,8.725,9.999,5.87,6.0075,6.119,5.7865,5.288,5.549,7.2005,3.519,3.8493983800000002,0.0007875042881319989,0.028062506804132786,5,train,3.88561414,0.00047807338272299693,0.0218648892684824,5,train
CN035,11.511,1.369,2007,60.82399999999999,233.733,468.855,766.784,1257.274,1311.316,0.0,54.422,128.759,248.282,468.023,586.936,622.812,0.0,5.954066666666666,0.721571428571427,49.13051612903226,121.5445,175.2889677419355,210.12266666666665,0.0,1.8140666666666665,2.6548928571428574,3.8555806451612895,7.324699999999999,3.8359032258064514,11.958666666666668,0.0,10479825.158333331,13213761.892857144,11960226.661290323,15130594.25,19311274.274193548,15597078.0,0.0,8.206533333333333,12.486785714285714,13.904580645161287,16.250966666666667,22.142258064516128,24.334000000000003,0.0,12.949033333333334,17.996464285714286,18.153258064516127,21.0692,27.191129032258065,28.587333333333333,0.0,4.4643,7.639821428571427,10.196870967741935,12.064833333333333,17.782258064516128,21.703000000000003,0.0,2.0,2.0,0.0,0.0,0.0,0.0,0.0,0.0,0.0,0.0,0.0,0.0,0.0,0.0,28.0,24.0,26.0,20.0,22.0,1.0,0.0,63.2045,166.031,286.75,416.106,566.449,677.477,0.0,1.145,3.0975,5.577,7.678,9.901,11.599,0.0,7.8185,7.8035,8.171,8.143,7.87,8.327,0.0,3.411,3.49408884,0.0003413517029429997,0.01847570574952415,5,train,3.5007132400000005,0.00020638663763299707,0.014366162940500051,5,train
CN036,11.508,1.358,2007,6.186999999999998,153.485,370.018,684.9549999999999,1236.319,1345.828,0.0,49.706,158.38299999999998,327.63,519.003,635.164,704.798,0.0,11.265870967741936,22.281892857142854,110.05045161290322,188.73513333333327,230.14858064516127,274.90116666666665,0.0,1.6034193548387097,3.881321428571429,5.4595806451612905,6.379099999999999,3.747129032258064,11.605666666666666,0.0,9246662.181451611,12282263.598214284,12373598.120967742,16020274.666666666,19872873.25806452,13083928.666666666,0.0,5.310967741935484,11.578178571428571,13.29190322580645,16.817899999999998,24.10593548387097,24.5715,0.0,9.371064516129032,16.4165,17.16816129032258,21.48353333333333,28.67041935483871,27.8265,0.0,1.7893225806451614,6.926142857142857,9.57341935483871,12.4457,19.74977419354839,21.925666666666668,0.0,8.0,2.0,0.0,0.0,0.0,0.0,0.0,0.0,0.0,0.0,0.0,0.0,0.0,0.0,29.0,23.0,22.0,23.0,23.0,2.0,0.0,63.519,160.474,265.516,377.641,508.319,612.952,0.0,1.157,3.042,5.0565,6.834,8.749,10.386,0.0,7.115,7.266500000000001,7.576,7.5115,7.365,7.773,0.0,3.662,3.7064526800000004,5.38673123619992e-05,0.0073394354252898225,5,train,3.72400426,3.585058346799874e-05,0.005987535675718245,5,train
CN037,14.446,1.493,2007,0.0,17.06,103.364,347.773,817.586,1360.399,1625.738,0.0,12.566,81.887,105.723,166.517,267.097,324.065,0.0,-19.04204,-20.289193548387097,-98.9067,-218.8856129032258,-328.689,-323.415,0.0,0.50264,2.2361612903225807,0.7945333333333333,1.9610967741935483,3.3526666666666665,4.0691428571428565,0.0,12739350.94,15577295.225806452,21125797.9,23498903.48387097,21511522.9,19402685.35714286,0.0,5.911320000000001,7.994354838709677,14.466966666666668,21.47525806451613,24.413766666666668,25.272785714285718,0.0,11.68428,13.382451612903226,20.600933333333334,27.584225806451613,29.57873333333333,29.56235714285714,0.0,0.8815999999999999,3.1142903225806453,8.647366666666667,15.57758064516129,19.7831,21.597357142857145,0.0,10.0,8.0,0.0,0.0,0.0,0.0,0.0,0.0,0.0,0.0,0.0,0.0,0.0,0.0,25.0,28.0,29.0,27.0,26.0,11.0,0.0,40.5355,119.85,248.117,389.503,505.246,626.983,0.0,0.5780000000000001,1.8155,3.4530000000000003,5.2445,6.834,8.4905,0.0,4.742,5.049,4.625500000000001,4.231,4.1715,4.781,6.189,6.23093228,3.97295029370016e-05,0.006303134374023895,5,train,6.2345431,5.014920594500181e-05,0.0070816104061859975,5,train
CN041,14.925,1.468,2007,0.0,38.35699999999999,156.042,449.187,975.012,1538.069,1772.706,0.0,35.051,102.53,125.804,192.609,308.114,459.807,0.0,-11.320037037037038,1.422967741935478,-78.1346,-210.47806451612905,-296.82373333333334,-212.6386666666667,0.0,1.298185185185185,2.176741935483871,0.7758,2.155,3.8501666666666665,12.641083333333334,0.0,12002108.61574074,14983487.657258064,20917493.53333333,23463366.774193548,20978138.683333334,17985532.875,0.0,7.163222222222223,9.630064516129032,16.0915,23.282096774193548,25.08856666666667,25.87308333333333,0.0,12.939444444444446,14.69041935483871,22.040366666666667,29.178290322580647,29.97743333333333,29.88233333333333,0.0,2.009777777777778,4.8510967741935485,10.303033333333332,17.369032258064518,20.585733333333334,22.255916666666668,0.0,8.0,4.0,0.0,0.0,0.0,0.0,0.0,0.0,0.0,0.0,0.0,0.0,0.0,0.0,25.0,28.0,30.0,27.0,24.0,5.0,0.0,67.774,196.086,381.411,551.011,662.382,777.4395,0.0,1.0805,2.9225,5.095,7.1645,8.683499999999999,10.3935,0.0,4.51,4.744,4.2765,3.756,4.003500000000001,5.002000000000001,5.695,5.587945599999999,4.3704719300004075e-05,0.006610954492356159,5,train,5.574908880000001,6.30413517669984e-05,0.007939858422352277,5,train
CN042,13.08,1.433,2007,4.781999999999998,85.47699999999999,243.115,568.211,1119.6,1694.927,1779.323,0.027,77.879,169.713,256.257,392.119,530.934,587.819,-6.8932,-2.879321428571428,45.53180645161291,17.315833333333334,-37.235451612903226,-36.94796666666666,25.627250000000004,0.0054,2.780428571428572,2.9623870967741937,2.8848,4.3826451612903226,4.627166666666667,14.22125,14373870.0,11052521.77232143,12937706.762096774,18745713.883333333,20938548.870967746,19352173.85,16593887.75,6.852199999999999,9.13342857142857,11.33974193548387,17.156533333333336,24.10674193548387,25.497566666666668,27.419,14.162,13.956178571428572,15.652387096774191,22.3159,29.240193548387097,29.3579,30.674,0.2025999999999998,4.474142857142857,7.101,12.081033333333332,19.068870967741937,21.724833333333333,24.6655,2.0,2.0,1.0,0.0,0.0,0.0,0.0,0.0,0.0,0.0,0.0,0.0,0.0,0.0,5.0,23.0,25.0,26.0,25.0,21.0,1.0,0.0,71.84100000000001,193.797,330.23,455.44,581.68,696.586,0.0,0.9755,2.9015,4.756,6.452,8.682,10.464,5.735,6.0,6.146,5.85,5.42,5.9365,6.843500000000001,4.7,4.69575474,3.743062831299982e-05,0.006118057560451668,5,train,4.716435339999999,5.514582591799799e-05,0.007426023560291066,5,train
CN043,12.106,1.391,2007,13.214,146.248,334.683,660.033,1226.564,1481.9779999999998,0.0,30.031,168.658,301.969,414.132,534.508,648.315,0.0,4.917260869565218,20.63942857142857,135.83006451612903,147.3543,128.4641935483871,170.4517142857143,0.0,1.305695652173913,4.950964285714286,4.300354838709677,3.7387666666666655,3.883096774193549,8.129071428571429,0.0,9783627.293478262,10348495.232142856,11177617.298387095,15528704.758333333,19849141.41935484,14647820.857142856,0.0,5.5208260869565216,11.071214285714287,12.341225806451613,17.165000000000003,24.595193548387098,24.56385714285714,0.0,9.805434782608696,15.23242857142857,16.071548387096776,21.6185,29.22864516129032,27.60514285714285,0.0,1.3827826086956525,6.790571428571428,8.520451612903226,12.8381,20.00167741935484,21.67664285714286,0.0,7.0,0.0,0.0,0.0,0.0,0.0,0.0,0.0,0.0,0.0,0.0,0.0,0.0,0.0,22.0,20.0,23.0,21.0,24.0,7.0,0.0,39.314,106.486,191.056,289.1,409.855,534.418,0.0,0.839,2.3155,3.945,5.295,7.122,8.966000000000001,0.0,6.912,7.177,7.247,7.1235,6.845,7.2325,0.0,5.28,5.24174752,9.59831988370004e-05,0.009797101552857375,5,train,5.2527414,8.943995103498985e-05,0.009457269745280075,5,train
CN044,11.814,1.393,2007,157.57399999999998,491.439,886.37,1316.156,1908.443,1973.641,0.0,29.201,80.335,163.061,313.612,496.369,515.684,0.0,-8.753652173913043,-47.65264285714286,-39.788,-36.59763333333333,22.79987096774193,58.21666666666667,0.0,1.269608695652174,1.8262142857142856,2.66858064516129,5.018366666666667,5.8953870967741935,6.438333333333333,0.0,12085754.347826088,13168814.19642857,12581647.274193548,14881260.0,19355849.48387097,21140281.33333333,0.0,13.171043478260868,18.24375,19.05970967741936,20.6462,25.42603225806452,28.052666666666667,0.0,17.841,22.678821428571432,22.642258064516128,24.645566666666664,29.47387096774193,32.20633333333333,0.0,9.28317391304348,14.405178571428571,15.982870967741936,17.154833333333332,21.750903225806454,24.96733333333333,0.0,0.0,0.0,0.0,0.0,0.0,0.0,0.0,0.0,0.0,0.0,0.0,0.0,0.0,0.0,22.0,25.0,30.0,23.0,19.0,1.0,0.0,59.4665,147.463,237.269,335.375,469.494,578.182,0.0,1.0510000000000002,2.801,4.619,6.247,8.428,10.077,0.0,6.302,6.188000000000001,6.375,6.4030000000000005,6.486,6.479,0.0,4.455,4.430005339999999,1.8688622157996794e-05,0.00432303390664436,5,train,4.45040996,1.5819540582999482e-05,0.003977378606946978,5,train
CN045,12.411,1.496,2007,105.918,424.902,766.029,1165.144,1729.984,1832.319,0.0,24.874,102.468,216.083,347.121,507.478,558.984,0.0,-11.754375,-41.75103571428571,10.090032258064513,21.25983333333333,58.66312903225806,101.089,0.0,1.0364166666666663,2.7712142857142856,3.665,4.367933333333334,5.172806451612903,10.3012,0.0,10575467.333333334,10888795.80357143,10043015.274193548,14194087.016666668,18893698.467741936,16924393.4,0.0,10.73325,17.712285714285716,17.32409677419355,19.623833333333334,24.54064516129032,26.787,0.0,15.274333333333333,22.120464285714288,21.035612903225807,23.9904,29.041387096774194,30.7286,0.0,6.889583333333333,13.526392857142856,14.134096774193548,15.801233333333332,20.3428064516129,23.871,0.0,0.0,0.0,0.0,0.0,0.0,0.0,0.0,0.0,0.0,0.0,0.0,0.0,0.0,0.0,23.0,24.0,26.0,22.0,22.0,1.0,0.0,47.6515,119.055,195.773,283.924,405.719,509.479,0.0,0.823,2.333,4.404999999999999,6.156,8.0275,9.552,0.0,6.527,6.519,6.694,6.52,6.464,6.773,0.0,4.162,4.14959384,4.635281640299884e-05,0.006808290270177883,5,train,4.17483348,4.00598144970008e-05,0.006329282305048559,5,train
CN046,11.719,1.364,2007,78.86099999999999,517.086,1055.014,1601.772,2236.319,2398.731,0.0,0.568,8.225,47.662,124.047,304.706,316.629,0.0,-13.618875,-77.564,-158.25006451612904,-245.7108,-216.14929032258064,-233.119,0.0,0.071,0.2734642857142857,1.2721612903225803,2.5461666666666667,5.827709677419355,1.7032857142857143,0.0,16524962.25,17069269.60714286,16932900.35483871,18276407.0,19084292.41935484,24391229.14285714,0.0,16.177625,21.970892857142854,23.672516129032257,24.545266666666667,26.78925806451613,29.52171428571429,0.0,21.05875,27.106464285714285,28.13641935483871,28.8623,30.583451612903225,33.95742857142857,0.0,12.401375,18.13864285714286,20.202548387096773,21.15963333333333,23.72087096774193,25.94071428571429,0.0,0.0,0.0,0.0,0.0,0.0,0.0,0.0,0.0,0.0,0.0,0.0,0.0,0.0,0.0,8.0,28.0,31.0,28.0,18.0,7.0,0.0,0.0,85.59100000000001,220.385,362.502,515.685,630.763,0.0,0.505,1.758,3.561,5.2,7.274,8.935,0.0,5.7330000000000005,5.44,5.382,5.266,5.791,5.053,0.0,3.967,4.013531540000001,7.912359730799661e-05,0.00889514459174198,5,train,4.051575680000001,6.709227439700101e-05,0.008190987388404465,5,train
CN050,12.526,1.429,2007,16.336,145.778,349.107,647.002,1138.975,1634.922,1655.735,3.262,68.967,142.165,284.812,427.933,651.998,654.546,-4.3786000000000005,-0.5358928571428566,31.66745161290323,64.2187,66.86448387096775,145.0783,217.673,0.3262,2.3466071428571427,2.361225806451613,4.7549,4.616806451612904,7.468833333333333,2.548,10735812.4,8459002.535714285,10762365.637096774,15032253.175,19065352.830645163,15391630.533333331,22228282.0,7.9034,10.94292857142857,12.879,16.249833333333335,22.19009677419355,22.851566666666667,27.133,12.6664,14.50525,16.366903225806453,20.2641,26.46267741935484,25.997533333333333,30.901,3.1692,7.063714285714285,8.94441935483871,11.963866666666666,17.53548387096774,19.575,22.888,0.0,0.0,0.0,0.0,0.0,0.0,0.0,0.0,0.0,0.0,0.0,0.0,0.0,0.0,10.0,26.0,27.0,23.0,25.0,18.0,1.0,0.0,56.051,151.756,255.368,382.342,559.447,700.976,0.457,1.5835,3.6645,5.344,7.3045,10.072,0.0,6.448,6.5395,6.472,6.57,6.299,6.691,6.867,5.149,5.21868862,0.00011484378789699637,0.010716519392834427,5,train,5.22238918,8.246158252200455e-05,0.00908083600347482,5,train
CN051,12.899,1.434,2007,4.058999999999999,111.352,300.259,589.482,1069.464,1558.642,1799.037,1.908,25.641,61.956,138.598,245.406,407.03,577.921,-2.1,-15.94182142857143,-43.266451612903225,-85.4123,-117.3830322580645,-109.00053333333334,18.982846153846157,0.954,0.8476071428571429,1.1714516129032255,2.554733333333333,3.4454193548387098,5.387466666666667,13.145461538461538,13885740.0,10798088.94642857,13157812.870967742,16132459.45,19081958.06451613,16494886.4,15468120.76923077,8.349499999999999,10.151892857142856,12.413774193548386,15.960766666666666,21.803290322580647,22.62593333333333,24.81192307692308,14.374,14.307535714285716,16.589000000000002,20.419733333333333,26.511709677419358,26.37933333333333,28.11130769230769,2.334,5.86175,7.891322580645161,11.2924,16.63735483870968,18.769266666666667,21.57215384615385,0.0,0.0,0.0,0.0,0.0,0.0,0.0,0.0,0.0,0.0,0.0,0.0,0.0,0.0,2.0,28.0,31.0,29.0,27.0,24.0,5.0,0.0,78.62,198.675,312.545,420.244,555.242,709.7764999999999,0.0,1.143,2.868,4.382,5.9945,8.153,10.251,6.3565000000000005,6.3305,6.215,6.099,5.797,6.0505,6.684,4.756,4.81350348,1.9811962737000486e-05,0.00445106310188931,5,train,4.86774254,2.2848215608002686e-05,0.004779980712095257,5,train
CN052,13.061,1.533,2007,0.6999999999999993,93.878,255.257,449.632,811.505,1209.645,1303.451,15.711,64.961,121.488,247.616,373.956,667.666,690.423,-1.5623750000000003,-2.661964285714286,-25.839806451612905,-29.8863,-25.575096774193547,98.39816666666668,174.919,1.963875,1.7589285714285714,1.8234516129032257,4.204266666666666,4.075483870967742,9.790333333333333,3.7928333333333337,11778814.9375,13136103.30357143,14744563.338709677,14922781.616666667,19558417.870967746,16344706.066666666,18648736.33333333,4.982375,9.470714285714283,11.124870967741934,12.708766666666666,17.993322580645163,19.59133333333333,21.95433333333333,10.3735,15.100535714285714,16.846870967741935,17.76066666666667,23.376967741935484,23.605933333333333,25.5585,0.47,4.617178571428572,6.324322580645162,8.3772,12.91825806451613,16.217499999999998,18.8755,4.0,0.0,1.0,0.0,0.0,0.0,0.0,0.0,0.0,0.0,0.0,0.0,0.0,0.0,7.0,28.0,30.0,24.0,23.0,12.0,5.0,0.0,55.378,147.189,241.092,347.149,490.168,607.931,0.365,1.331,2.874,4.3,5.944,8.376999999999999,10.242,7.8885,7.7165,7.479,7.4415,7.268,7.6875,7.647,4.538,4.332347159999999,0.00023708892565298942,0.015397692218413427,5,train,4.38416104,0.00014366378122800146,0.011985982697634828,5,train
CN053,12.971,1.41,2007,0.0,102.837,346.382,587.3249999999999,931.014,1333.001,1542.168,11.863,47.649,70.108,214.405,378.789,583.555,699.413,10.397,0.8921428571428572,-91.88093548387096,-133.846,-107.43793548387096,-28.2383,33.17193333333333,11.863,1.2780714285714283,0.7244838709677419,4.8099,5.302709677419355,6.8255333333333335,7.723866666666667,9843486.0,17226950.625,20546825.29032258,18677252.933333334,19000023.596774194,19387126.016666666,17675947.133333333,5.879,9.711821428571428,14.176290322580646,14.351433333333334,17.406741935483872,19.719566666666665,20.264466666666667,10.227,15.876357142857144,20.769967741935485,20.171266666666668,22.613129032258065,24.35353333333333,24.259400000000003,2.89,4.1685,7.827129032258064,9.6745,12.715677419354838,15.815333333333331,17.087333333333333,0.0,0.0,0.0,0.0,0.0,0.0,0.0,0.0,0.0,0.0,0.0,0.0,0.0,0.0,0.0,26.0,31.0,22.0,22.0,17.0,8.0,0.0,75.031,185.651,283.544,380.889,508.252,645.3145,0.0,1.191,2.978,4.473,6.009,8.2105,10.248,7.955,7.361499999999999,6.715,6.959,7.005,7.29,7.602,3.889,3.9392741799999995,8.343116697699883e-05,0.009134066289282055,5,train,3.96421942,0.00014983121919199792,0.012240556326899441,5,train
CN054,13.005,1.461,2007,0.0,0.0,0.0,2.2009999999999987,110.221,286.753,396.816,2.996,49.343,113.381,251.381,354.455,493.383,573.254,1.478,-0.3471071428571433,-14.379225806451611,-10.713500000000002,-8.117258064516129,-11.866666666666667,1.6161428571428595,2.996,1.65525,2.065741935483871,4.6,3.324967741935484,4.630933333333333,5.705071428571428,12989074.0,18966060.14285714,22327732.25806452,23058394.633333333,23904558.032258064,22238552.566666663,20335101.35714286,-1.127,-2.8937142857142857,2.314774193548387,5.183666666666666,9.804516129032258,12.2044,14.181642857142858,2.069,2.1523214285714287,7.738483870967742,10.270066666666668,15.524129032258063,17.4121,19.07792857142857,-5.043,-7.602464285714285,-3.2236129032258067,0.0527,4.520677419354838,7.776866666666667,10.23542857142857,1.0,28.0,31.0,21.0,0.0,0.0,0.0,0.0,0.0,0.0,0.0,0.0,0.0,0.0,1.0,27.0,28.0,16.0,26.0,24.0,10.0,0.0,40.464,100.961,166.287,254.082,375.392,496.69000000000005,0.0,0.6985,1.958,3.014,4.143,5.7735,7.121,5.72,5.7195,5.665,5.696,5.808,6.179,6.236,5.03,5.23018668,0.0004544346669069901,0.02131747327679784,5,train,5.3776656,0.00017133138598000367,0.013089361557387116,5,train
CN061,12.801,1.465,2007,0.0,7.165999999999999,88.736,311.659,775.514,1281.84,1525.74,0.0,16.384999999999998,60.268,72.32900000000001,113.273,173.497,257.054,0.0,-17.611555555555555,-33.88738709677419,-127.85273333333332,-269.9746129032258,-390.9881,-399.7516428571429,0.0,0.6068518518518518,1.4155806451612905,0.4020333333333333,1.3207741935483872,2.0074666666666667,5.968357142857143,0.0,12788115.796296297,15540944.741935484,20904788.7,22959671.91935484,20232022.133333333,19295833.5,0.0,4.44562962962963,6.908290322580646,13.690233333333332,21.28306451612903,23.197533333333336,23.74142857142857,0.0,10.462037037037035,11.917451612903228,19.95086666666667,27.894967741935485,28.6238,28.69607142857143,0.0,-1.2511851851851854,1.8191290322580644,6.882433333333334,13.92132258064516,17.6894,18.761785714285715,0.0,21.0,10.0,2.0,0.0,0.0,0.0,0.0,0.0,0.0,0.0,0.0,0.0,0.0,0.0,27.0,29.0,30.0,28.0,28.0,10.0,0.0,36.0145,102.979,198.961,303.028,402.955,510.7995,0.0,0.687,2.037,3.286,4.669499999999999,6.077999999999999,7.4655,0.0,4.023,4.29,3.7085,3.339,3.468,4.102,4.28,4.32089244,3.6823794788001156e-05,0.0060682612656345935,5,train,4.360680520000001,0.0001075960943370049,0.010372853721951587,5,train
CN062,12.84,1.465,2007,0.0,0.0,26.157,136.733,484.106,894.95,1208.761,0.0,3.797,33.525,57.312,92.228,143.879,203.539,0.0,-17.60321052631579,-44.68245161290322,-129.219,-253.59145161290323,-382.8042,-458.7777619047619,0.0,0.1998421052631579,0.958967741935484,0.7928999999999999,1.126322580645161,1.7216999999999998,2.8409523809523813,0.0,14797020.736842103,17068723.870967742,21112755.1,23809955.870967746,22137580.23333333,21075925.61904762,0.0,1.8543684210526317,2.708290322580645,9.536966666666666,17.52558064516129,20.0148,21.263380952380952,0.0,8.38821052631579,8.21683870967742,15.689133333333332,24.406193548387098,26.010033333333336,26.70980952380952,0.0,-4.511842105263159,-2.8606774193548388,3.1622666666666666,9.965548387096774,13.599066666666666,15.831714285714286,0.0,19.0,23.0,5.0,0.0,0.0,0.0,0.0,0.0,0.0,0.0,0.0,0.0,0.0,0.0,19.0,30.0,29.0,30.0,28.0,19.0,0.0,15.922,41.684,80.218,143.287,240.745,369.667,0.0,0.279,0.7405,1.297,2.1075,3.4115,4.867,0.0,2.955,3.404,3.217,2.796,3.037,3.263,4.933,4.97588972,0.00016818459402700048,0.01296860031102048,5,train,5.006389,0.00019017242877998847,0.013790301982914966,5,train
CN063,13.39,1.445,2007,0.0,0.0,15.415,52.63,280.884,537.766,756.848,0.0,3.808,38.503,75.996,127.529,239.708,310.074,0.0,-14.36588888888889,-42.88229032258065,-108.70536666666666,-189.75674193548383,-246.1475,-254.4458571428572,0.0,0.2115555555555555,1.1191935483870967,1.2497666666666667,1.6623548387096774,3.7393,3.350761904761905,0.0,16456735.666666666,19046687.41935484,22237503.366666667,23112840.612903222,21143781.666666668,21016317.666666668,0.0,-0.0802222222222222,1.6532580645161292,6.6187000000000005,13.683032258064516,14.882733333333332,16.75247619047619,0.0,5.835111111111111,7.517032258064516,12.979833333333334,20.237677419354835,20.3828,21.830666666666666,0.0,-6.397277777777777,-4.489096774193548,0.5630333333333333,6.8985806451612905,9.603166666666668,12.037857142857144,0.0,18.0,29.0,12.0,0.0,0.0,0.0,0.0,0.0,0.0,0.0,0.0,0.0,0.0,0.0,18.0,30.0,29.0,30.0,22.0,18.0,0.0,13.605999999999998,36.807,75.574,148.88,262.525,395.9,0.0,0.1925,0.5855,1.124,1.9645,3.2465,4.613,0.0,3.994,4.151,4.0585,4.011,4.265000000000001,4.434,8.675,8.3165672,0.0013839380626999688,0.03720131802369331,5,train,8.1594474,0.002861270970299975,0.053490849407164726,5,train
CN064,12.016,1.441,2007,0.0,1.3619999999999992,47.045,196.58,595.451,1035.975,1348.79,0.0,3.244,31.314,40.272,67.328,157.419,170.721,0.0,-19.78690476190476,-50.58270967741936,-154.14536666666666,-311.35590322580646,-440.18843333333336,-510.54766666666666,0.0,0.1544761904761904,0.905483870967742,0.2986,0.8727741935483871,3.003033333333333,0.739,0.0,14254349.904761905,17135009.30645161,21586662.0,24263650.16129032,21885528.775,22520849.222222224,0.0,2.137380952380952,3.9636774193548394,10.948466666666668,19.186806451612902,21.004133333333336,23.69861111111111,0.0,8.841904761904763,9.463451612903226,17.23936666666667,26.46003225806452,27.061466666666668,29.63511111111111,0.0,-3.818571428571429,-1.6920967741935484,4.243666666666667,11.003548387096776,14.481466666666668,17.577555555555556,0.0,19.0,21.0,4.0,0.0,0.0,0.0,0.0,0.0,0.0,0.0,0.0,0.0,0.0,0.0,21.0,29.0,30.0,30.0,26.0,18.0,0.0,13.428999999999998,34.455,62.991,111.025,196.902,306.0045,0.0,0.225,0.6020000000000001,1.026,1.661,2.8085000000000004,4.0515,0.0,3.507,3.907,2.899,2.505,3.6415,3.4745,7.117,7.01588062,0.00024013873812200033,0.015496410491529977,5,train,7.02309174,0.00022248011081299978,0.014915767188213946,5,train
CN065,13.176,1.431,2007,0.0,0.0,11.705999999999998,222.992,551.308,1006.01,1434.735,0.0,9.369,31.813,70.167,148.467,195.291,243.741,0.0,-4.950133333333333,-28.935709677419357,-81.57996666666666,-153.06248387096772,-253.846,-367.98452,0.0,0.6245999999999999,0.724,1.2784666666666666,2.5258064516129037,1.5608,1.938,0.0,11349415.733333332,15827636.70967742,20532114.866666667,22376675.032258064,24545698.866666667,21894724.08,0.0,-2.974133333333333,2.157,13.329866666666668,16.910838709677417,21.476733333333332,23.469,0.0,2.647466666666667,7.887419354838709,19.270666666666667,22.68790322580645,27.14786666666667,28.5024,0.0,-8.320066666666667,-3.8994516129032255,6.1828666666666665,10.555129032258064,15.4213,18.41388,0.0,15.0,23.0,2.0,0.0,0.0,0.0,0.0,0.0,0.0,0.0,0.0,0.0,0.0,0.0,15.0,31.0,29.0,28.0,29.0,23.0,0.0,5.707,20.476,56.085,117.504,219.53,366.289,0.0,0.2175,0.6495,1.276,2.1715,3.5665,5.133,0.0,3.482,3.431,3.2495,3.329,3.2505,3.175,7.619,7.755363320000001,0.0006764230402120078,0.026008134116310762,5,train,7.7401180400000005,0.0008249581392080232,0.028722084520591874,5,train
CN011,14.819,1.511,2008,0.0,0.0,12.924999999999995,208.523,565.7239999999999,1017.323,1233.821,0.0,0.887,17.330000000000002,67.054,111.916,258.25,310.241,0.0,-20.715740740740745,-81.47954838709677,-139.65106666666668,-204.061,-307.14793333333336,-248.80425,0.0,0.0328518518518518,0.5304193548387097,1.6574666666666669,1.4471612903225808,4.8778,4.332583333333333,0.0,14002221.962962965,16710490.483870968,19211761.48333333,22552166.774193548,19376036.816666663,18894125.70833333,0.0,-2.698888888888889,5.564774193548387,12.839933333333333,17.842612903225806,21.3733,24.361500000000003,0.0,3.733333333333333,11.863387096774192,19.1341,24.04116129032258,26.53443333333333,29.03625,0.0,-7.953592592592593,-0.1881290322580645,6.568433333333333,11.549129032258064,16.6239,20.0285,0.0,27.0,18.0,0.0,0.0,0.0,0.0,0.0,0.0,0.0,0.0,0.0,0.0,0.0,0.0,27.0,30.0,28.0,29.0,23.0,9.0,0.0,17.4185,48.224,99.949,183.627,302.879,443.189,0.0,0.376,1.033,2.003,3.44,5.2005,7.1755,0.0,3.82,3.678,3.832,3.821,3.8135,4.295,6.017,6.01946124,0.000251755257407995,0.01586679732674477,5,train,6.01828024,0.0003416019968130073,0.018482478102597805,5,train
CN012,14.794,1.439,2008,0.0,0.7509999999999994,52.39299999999999,308.565,729.259,1236.801,1470.1799999999998,0.0,1.801,21.743,73.238,114.587,261.894,326.266,0.0,-22.3225,-89.58387096774193,-160.4812,-241.92625806451613,-378.2803333333333,-306.9183333333333,0.0,0.0692692307692307,0.6432903225806451,1.7165,1.3338387096774194,4.910233333333333,5.364333333333334,0.0,13953305.576923076,16973799.85483871,19285822.266666666,22268803.70967742,20163694.433333334,18410786.541666668,0.0,-0.4259999999999999,7.780967741935483,14.859066666666669,19.89077419354839,23.238066666666665,25.76825,0.0,5.684615384615385,13.977709677419355,21.017933333333332,26.0261935483871,28.7617,30.095250000000004,0.0,-5.366461538461538,1.984935483870968,9.1607,14.28083870967742,18.41166666666667,21.976250000000004,0.0,25.0,4.0,0.0,0.0,0.0,0.0,0.0,0.0,0.0,0.0,0.0,0.0,0.0,0.0,26.0,30.0,28.0,29.0,22.0,9.0,0.0,16.517500000000002,47.414,111.436,210.024,322.095,450.996,0.0,0.325,0.9505,1.992,3.1,4.233,5.551,0.0,4.103,3.847,4.096500000000001,4.2415,3.468,5.178,5.275,5.294521980000001,3.585739266200185e-05,0.0059881042627865,5,train,5.303005740000001,3.5683966317999695e-05,0.005973605805374146,5,train
CN013,14.781,1.481,2008,0.0,0.0,29.227999999999994,240.722,616.7139999999999,1084.44,1306.883,0.0,1.996,16.301000000000002,60.447,114.211,225.057,289.093,0.0,-19.424884615384617,-85.25164516129033,-155.97986666666665,-232.7036129032258,-339.62596666666667,-325.277,0.0,0.0767692307692307,0.4614516129032258,1.4715333333333334,1.7343225806451614,3.694866666666667,5.336333333333333,0.0,14105704.73076923,17373981.032258064,19416188.55,23107973.451612905,20883548.6,20084921.666666668,0.0,-2.090846153846154,6.679290322580645,13.3698,18.448774193548388,21.910866666666667,24.856916666666667,0.0,4.092807692307693,12.828354838709677,19.5774,24.674741935483876,27.3357,29.62708333333333,0.0,-7.190423076923077,1.024967741935484,7.5764,12.39483870967742,17.051566666666666,20.5245,0.0,26.0,8.0,0.0,0.0,0.0,0.0,0.0,0.0,0.0,0.0,0.0,0.0,0.0,0.0,26.0,31.0,29.0,28.0,24.0,9.0,0.0,17.025,51.973,119.596,212.32,318.919,447.5895,0.0,0.348,1.0185,2.083,3.438,4.798,6.4865,0.0,4.131,3.963,4.1035,4.1785,4.017,4.529999999999999,5.312,5.24097416,0.00015836697159800277,0.012584393970231653,5,train,5.27059748,0.00011728410795199969,0.010829778758220302,5,train
CN014,14.597,1.473,2008,0.0,0.0,12.484999999999996,156.846,471.017,868.326,1083.952,0.0,5.417,27.412,76.497,119.504,215.921,247.293,0.0,-16.78526923076923,-71.24045161290323,-122.4212,-207.4000322580645,-300.2969333333333,-333.92115384615386,0.0,0.2083461538461538,0.7095161290322581,1.6361666666666668,1.3873225806451612,3.2139,2.4132307692307693,0.0,14508294.634615384,17872656.548387095,19793070.0,23982882.51612903,21680067.7,23933905.53846154,0.0,-4.490346153846153,5.212709677419355,11.070966666666669,16.454548387096775,19.56363333333333,22.906615384615385,0.0,1.732269230769231,11.482290322580646,17.193133333333332,23.06167741935484,25.360766666666667,28.50515384615385,0.0,-9.499846153846152,-0.6144516129032257,4.983066666666667,9.595483870967742,14.3222,17.259076923076922,0.0,26.0,22.0,2.0,0.0,0.0,0.0,0.0,0.0,0.0,0.0,0.0,0.0,0.0,0.0,26.0,30.0,28.0,29.0,25.0,10.0,0.0,13.449000000000002,37.879,74.52799999999999,126.313,207.791,320.7175,0.0,0.304,0.8785000000000001,1.6365,2.607,3.732,5.255,0.0,4.7865,4.654,4.7235,4.475,4.436999999999999,4.301,4.953,5.15321688,3.845790537199861e-05,0.0062014438135000955,5,train,5.15778988,6.617725403199832e-05,0.008134940321354442,5,train
CN015,13.312,1.479,2008,0.0,0.0,0.0,119.08599999999998,360.133,781.0419999999999,998.465,0.0,1.743,21.499,48.496,104.099,202.586,245.425,0.0,-12.765458333333331,-60.59925806451613,-129.91913333333335,-234.67087096774196,-323.4995666666666,-336.9799230769231,0.0,0.072625,0.6372903225806452,0.8999,1.7936451612903226,3.2829,3.2953076923076923,0.0,12747867.375,15741803.935483873,19540977.166666668,22175220.096774194,21196271.3,21009728.384615384,0.0,-8.750916666666667,1.6659354838709677,9.7403,14.095709677419354,20.3503,23.044846153846155,0.0,-2.4480416666666667,7.85558064516129,16.455833333333334,20.19161290322581,25.9146,28.07376923076923,0.0,-14.060458333333337,-4.076806451612903,2.9008333333333334,7.798129032258064,14.868166666666667,18.202384615384616,0.0,24.0,30.0,11.0,0.0,0.0,0.0,0.0,0.0,0.0,0.0,0.0,0.0,0.0,0.0,24.0,31.0,29.0,29.0,24.0,11.0,0.0,20.7785,55.245000000000005,95.588,141.664,218.037,335.6745,0.0,0.393,1.0535,1.823,2.624,3.712,5.172499999999999,0.0,3.8555,3.797,3.91,3.79,4.105,4.316,6.005,6.07865658,9.114182381201089e-05,0.009546822707687143,5,train,6.09006628,3.867482458699116e-05,0.006218908633111694,5,train
CN021,14.162,1.52,2008,0.0,0.0,2.876999999999999,151.82299999999998,429.747,842.673,1045.229,0.0,1.79,22.878,56.158,145.668,283.46,366.472,0.0,-16.414703703703704,-67.23554838709678,-137.10866666666666,-189.25287096774196,-222.2408333333333,-173.58641666666665,0.0,0.0662962962962963,0.680258064516129,1.1093333333333333,2.88741935483871,4.593066666666667,6.917666666666666,0.0,13259785.148148147,16221350.870967742,19192877.416666668,21412218.580645163,19468483.0,16133726.166666666,0.0,-6.6317407407407405,3.5274193548387096,11.187766666666668,15.285290322580645,20.0842,23.19966666666667,0.0,-0.2221851851851852,9.33416129032258,17.583133333333333,20.62490322580645,24.82113333333333,26.79608333333333,0.0,-11.780037037037037,-1.949290322580645,5.028033333333334,10.210580645161292,15.851,20.132416666666668,0.0,27.0,25.0,2.0,0.0,0.0,0.0,0.0,0.0,0.0,0.0,0.0,0.0,0.0,0.0,27.0,31.0,29.0,25.0,22.0,6.0,0.0,18.8645,51.621,93.222,149.055,252.244,403.299,0.0,0.407,1.147,2.033,3.097,4.5265,6.526,0.0,4.747,4.628,4.628,4.897,5.121,5.38,6.308,6.29248516,5.7471121603000265e-05,0.007580971019796888,5,train,6.2939630200000005,0.00017198798577200744,0.013114419002457084,5,train
CN022,13.895,1.483,2008,0.0,0.0,0.0,135.703,360.022,778.235,996.324,0.0,2.108,32.193,66.688,187.145,283.802,393.045,0.0,-12.775310344827586,-53.003516129032256,-109.17753333333332,-153.36667741935486,-182.05056666666667,-163.4466923076923,0.0,0.0726896551724138,0.970483870967742,1.1498333333333333,3.8857096774193542,3.2219,8.403307692307692,0.0,12429014.379310343,15501495.29032258,18994990.1,21041659.387096774,21526157.016666666,17998097.923076924,0.0,-10.064,1.6694516129032255,10.2052,13.556096774193549,20.26043333333333,23.096076923076925,0.0,-3.5450344827586204,7.365548387096774,16.682233333333333,18.900354838709674,25.433466666666668,26.927230769230768,0.0,-15.46689655172414,-3.925774193548387,3.709,8.287516129032259,15.427266666666666,19.612615384615385,0.0,29.0,29.0,10.0,0.0,0.0,0.0,0.0,0.0,0.0,0.0,0.0,0.0,0.0,0.0,29.0,31.0,29.0,24.0,26.0,7.0,0.0,21.964,61.203,103.356,154.875,246.934,394.56,0.0,0.4735,1.299,2.161,3.33,4.5875,6.5280000000000005,0.0,5.088,5.009,4.996499999999999,5.23,5.37,5.663,7.127,7.107582959999999,0.0004326964197329894,0.020801356199368095,5,train,7.13937038,0.0002627172877519952,0.0162085560045303,5,train
CN023,14.269,1.486,2008,0.0,0.0,0.0,99.387,287.734,720.62,901.428,0.0,3.098,37.806,73.418,175.972,245.652,300.611,0.0,-8.743103448275862,-35.80616129032258,-78.95956666666666,-127.0353870967742,-174.77926666666664,-195.61354545454543,0.0,0.1068275862068965,1.1196129032258064,1.1870666666666667,3.308193548387097,2.322666666666667,4.996272727272727,0.0,11015227.431034485,13979455.548387095,18568903.03333333,19985019.70967742,22970820.766666666,18551554.818181816,0.0,-12.098896551724138,0.5554516129032259,8.588066666666666,12.395709677419354,20.74953333333333,22.75709090909091,0.0,-5.661965517241379,6.228677419354839,15.183466666666666,17.733451612903224,26.432333333333336,27.035454545454545,0.0,-17.758862068965517,-4.987677419354839,1.7759,7.07641935483871,15.030833333333334,18.653454545454544,0.0,29.0,31.0,15.0,0.0,0.0,0.0,0.0,0.0,0.0,0.0,0.0,0.0,0.0,0.0,29.0,30.0,29.0,25.0,26.0,8.0,0.0,16.165,47.229,84.318,132.36,223.385,374.4365,0.0,0.5,1.3555,2.2955,3.422,4.8225,6.79,0.0,5.004,5.075,5.064,5.144,5.134,5.355,4.976,5.13074,0.00012730173489500528,0.011282807048558673,5,train,5.166616,6.735808698500287e-05,0.008207197267338154,5,train
CN031,12.706,1.42,2008,0.0,9.366,130.36399999999998,381.114,806.261,1291.886,0.0,52.672,88.614,128.70000000000002,186.733,297.738,630.551,0.0,22.908583333333336,39.24965517241379,-1.9214516129032304,-25.20243333333334,-73.78145161290324,7.030137931034478,0.0,4.389333333333333,1.2393793103448276,1.2930967741935486,1.9344333333333328,3.580806451612903,11.476310344827583,0.0,6902375.270833333,13869011.0,17013167.991935484,17654053.366666667,22423209.83870968,16037134.129310343,0.0,1.4549166666666666,3.3190689655172414,10.204774193548388,14.678333333333336,20.03441935483871,23.065689655172413,0.0,3.899,7.638620689655172,14.635096774193547,18.8139,24.65322580645161,26.22655172413793,0.0,-0.54775,-0.5117241379310344,6.080612903225807,11.0505,16.065677419354838,20.450206896551727,0.0,10.0,19.0,0.0,0.0,0.0,0.0,0.0,0.0,0.0,0.0,0.0,0.0,0.0,0.0,8.0,27.0,28.0,27.0,25.0,17.0,0.0,23.407,72.501,164.69299999999998,290.681,417.924,518.421,0.0,0.0,0.694,2.1065,4.237,5.924,6.8165,0.0,6.7185,6.562,6.343,6.306,5.9825,7.085,0.0,5.882,6.07307136,0.00041156980315298957,0.02028718322372501,5,train,6.07984058,0.000224640465342006,0.014988010719972347,5,train
CN032,13.994,1.439,2008,0.0,6.890999999999999,118.156,371.395,823.938,1315.658,1556.164,0.0,10.214,35.784,120.823,231.15,394.161,484.611,-1.172,-19.922758620689656,-76.71087096774193,-110.9925,-145.534,-154.20516666666666,-106.66436363636365,0.0,0.3522068965517241,0.8248387096774193,2.8346333333333336,3.558935483870968,5.4337,8.222727272727273,13922225.0,14693530.379310343,17465690.98387097,18533689.433333334,23327155.032258064,17626557.866666667,20136642.0,-2.819,1.8575172413793104,9.868645161290322,14.7613,20.91816129032258,22.710666666666665,28.18418181818182,2.453,7.331172413793103,15.547419354838713,19.7738,26.34416129032258,26.560466666666667,32.07990909090909,-7.086,-2.9315172413793102,4.6120322580645166,9.942133333333334,15.62635483870968,19.29083333333333,24.91854545454545,1.0,25.0,1.0,0.0,0.0,0.0,0.0,0.0,0.0,0.0,0.0,0.0,0.0,0.0,1.0,28.0,30.0,27.0,25.0,20.0,6.0,0.0,60.335,178.272,350.308,535.627,670.26,783.8935,0.0,0.9385,2.709,5.1615,7.392,8.832,10.3335,5.747,5.593,5.353,5.354,5.1815,5.422499999999999,6.0,5.093,5.1991486,5.4282137580002166e-05,0.007367641249409622,5,train,5.194293480000001,3.2209267452001704e-05,0.005675320911807693,5,train
CN033,12.565,1.447,2008,0.0,13.270999999999995,169.944,452.674,919.843,1287.33,0.0,81.452,139.55,209.518,321.0,446.412,687.092,0.0,25.634736842105266,83.49689655172413,56.03970967741935,84.08393333333333,65.70838709677419,134.273,0.0,4.286947368421052,2.0033793103448274,2.257032258064516,3.716066666666667,4.045548387096774,11.46095238095238,0.0,5595802.40131579,13950919.284482758,16135087.60483871,15859491.616666667,20820797.39516129,15934850.69047619,0.0,1.9376315789473684,3.659931034482759,11.372290322580644,15.744333333333334,21.38996774193548,23.819380952380957,0.0,4.228526315789473,8.109275862068966,16.40525806451613,19.8181,26.336451612903225,27.308619047619047,0.0,0.0264736842105262,-0.3142758620689655,6.75525806451613,11.932800000000002,16.736354838709676,20.658238095238094,0.0,12.0,18.0,0.0,0.0,0.0,0.0,0.0,0.0,0.0,0.0,0.0,0.0,0.0,0.0,13.0,25.0,26.0,23.0,26.0,13.0,0.0,21.034,65.213,145.944,252.306,371.423,487.318,0.0,0.0,1.1355,2.889,4.9585,6.92,8.667,0.0,7.27,7.288,7.095,7.218,6.837,7.582,0.0,4.29,4.3202937200000004,9.01897509199958e-06,0.0030031608501709627,5,train,4.32760662,1.184391891199916e-05,0.003441499515036892,5,train
CN034,13.843,1.492,2008,0.0,10.071999999999996,156.414,434.128,920.587,1439.214,1593.897,0.439,15.009,49.459,139.161,243.194,389.72,445.294,-1.4896666666666667,-19.699758620689657,-68.7296129032258,-96.33943333333332,-130.08829032258063,-160.03956666666667,-119.41942857142858,0.1463333333333333,0.5024137931034482,1.1112903225806452,2.9900666666666664,3.355903225806452,4.884200000000001,7.939142857142857,12179404.0,14924086.155172411,17121815.177419353,18371457.133333333,23291533.25806452,17948516.45,20748743.57142857,-3.0893333333333337,2.0148275862068967,11.005645161290325,15.577133333333334,22.01222580645161,23.607566666666667,28.417571428571428,1.7546666666666668,7.676827586206897,16.585516129032257,20.629566666666665,27.33667741935484,27.63423333333333,32.518142857142855,-6.972666666666666,-2.9787586206896552,5.716483870967743,10.497233333333334,16.391709677419357,19.925933333333333,24.780857142857144,3.0,25.0,0.0,0.0,0.0,0.0,0.0,0.0,0.0,0.0,0.0,0.0,0.0,0.0,3.0,28.0,29.0,27.0,25.0,22.0,5.0,0.0,66.299,191.012,356.083,521.749,651.027,746.307,0.0,1.0665,2.928,5.2895,7.375,8.923,10.239,6.343,6.112,5.846,5.8825,5.669499999999999,5.9510000000000005,6.265,4.065,4.2717424799999995,0.0007834715457970029,0.027990561727071553,5,train,4.3051391,0.0004819718192999963,0.021953856592863048,5,train
CN035,11.511,1.369,2008,71.267,117.42,359.518,720.6329999999999,1178.73,1205.289,0.0,72.236,134.544,252.02,399.285,605.652,630.484,0.0,-16.059533333333334,51.87696551724138,20.41203225806452,102.08653333333334,148.3835483870968,227.274,0.0,2.4078666666666666,2.148551724137931,3.789548387096774,4.908833333333334,6.657,12.416,0.0,9124626.291666666,12376097.51724138,16268147.370967742,15109601.85,18025569.241935484,9632187.5,0.0,7.949366666666666,6.78348275862069,14.129612903225803,18.357166666666668,21.09732258064516,19.5995,0.0,12.636333333333337,11.64251724137931,19.98158064516129,22.8567,26.0231935483871,22.826500000000003,0.0,4.377,2.9495517241379305,9.084709677419356,14.4856,16.974806451612906,17.6515,0.0,2.0,6.0,0.0,0.0,0.0,0.0,0.0,0.0,0.0,0.0,0.0,0.0,0.0,0.0,26.0,26.0,24.0,21.0,17.0,0.0,0.0,59.645,153.918,266.733,393.434,544.018,653.216,0.0,1.194,3.4335000000000004,5.554500000000001,7.9405,10.147,11.45,0.0,7.377499999999999,7.861,7.663,8.0975,8.146,8.494499999999999,0.0,3.683,3.75140952,9.449316599699842e-05,0.009720759538071005,5,train,3.75359054,4.64000989530026e-05,0.0068117618097671764,5,train
CN036,11.508,1.358,2008,31.111,64.464,304.017,663.076,1187.717,1278.809,0.0,74.063,134.63,280.644,440.081,631.757,638.931,0.0,3.1919032258064512,54.826413793103455,57.89351612903226,174.78826666666666,196.4704516129032,234.5222,0.0,2.3891290322580647,2.0885172413793103,4.710129032258065,5.314566666666667,6.183096774193548,1.4348,0.0,7422986.669354838,13447719.00862069,13960679.806451611,15241160.316666666,19794404.29032258,21946357.8,0.0,3.695,5.024,14.04751612903226,18.288633333333333,23.24390322580645,24.5384,0.0,7.3626774193548385,9.67510344827586,18.878806451612903,22.2962,27.600967741935484,28.832600000000003,0.0,0.6879677419354838,0.847896551724138,9.437387096774192,14.3819,19.015193548387096,20.2588,0.0,21.0,17.0,0.0,0.0,0.0,0.0,0.0,0.0,0.0,0.0,0.0,0.0,0.0,0.0,28.0,25.0,23.0,23.0,23.0,5.0,0.0,58.507,142.175,233.261,337.899,469.192,573.987,0.0,0.906,2.6965000000000003,4.228,5.983499999999999,7.993,9.221,0.0,7.196,7.191,7.289,7.634,7.5065,7.294,0.0,3.693,3.6716655000000005,4.958375963500291e-05,0.0070415736618317714,5,train,3.70008862,3.856811639200222e-05,0.006210323372579098,5,train
CN037,14.446,1.493,2008,0.0,3.454999999999999,90.462,340.024,775.271,1281.528,1541.26,0.0,4.144,16.5,96.156,191.808,250.031,360.568,0.0,-20.25815384615385,-90.19048387096774,-151.13173333333333,-192.25870967741932,-279.5549333333333,-288.19176923076924,0.0,0.1593846153846154,0.3985806451612903,2.6552,3.0855483870967744,1.9407666666666663,8.502846153846153,0.0,14311443.538461538,18050256.80645161,19757054.98333333,23267754.774193548,21463474.83333333,18026772.07692308,0.0,0.8266153846153846,9.072838709677418,14.638733333333333,20.360225806451613,23.19523333333333,26.29938461538461,0.0,6.828230769230769,15.40483870967742,20.426133333333333,26.14164516129032,28.1675,30.39707692307692,0.0,-4.119192307692308,3.4254516129032258,9.263466666666666,15.009483870967742,18.762766666666668,22.81738461538461,0.0,23.0,3.0,0.0,0.0,0.0,0.0,0.0,0.0,0.0,0.0,0.0,0.0,0.0,0.0,26.0,31.0,26.0,24.0,26.0,7.0,0.0,27.7265,87.35900000000001,205.779,353.611,480.801,603.452,0.0,0.426,1.429,2.9965,4.892,6.343999999999999,7.8555,0.0,4.825,4.637,4.670999999999999,4.887499999999999,4.4325,5.244,6.567,6.4858367999999995,4.9704259264999454e-05,0.007050124769463265,5,train,6.487623879999999,6.971220230700188e-05,0.008349383348906786,5,train
CN041,14.925,1.468,2008,0.0,9.797,164.88,445.826,937.42,1489.038,1710.174,0.0,5.167,26.072,120.061,196.682,255.463,337.962,0.0,-23.07992857142857,-89.41506451612904,-131.60453333333334,-184.2235483870968,-291.39680000000004,-312.5740909090909,0.0,0.1845357142857142,0.6743548387096775,3.132966666666667,2.4716451612903225,1.9593666666666667,7.499909090909091,0.0,14868862.410714284,17544157.258064516,19082575.15833333,23511585.032258064,21630935.6,17192677.454545453,0.0,2.2192857142857143,11.322677419354838,15.684866666666666,22.17787096774193,24.707266666666666,26.423272727272728,0.0,8.409,17.494870967741935,21.3058,28.03116129032258,29.744466666666664,30.58290909090909,0.0,-3.1396071428571424,5.800741935483871,10.2655,16.47448387096774,20.07903333333333,22.826727272727272,0.0,24.0,0.0,0.0,0.0,0.0,0.0,0.0,0.0,0.0,0.0,0.0,0.0,0.0,0.0,28.0,30.0,26.0,26.0,27.0,6.0,0.0,52.4855,161.228,338.761,513.948,633.13,745.3605,0.0,0.826,2.5455,4.7685,6.874,8.074,9.566,0.0,4.559,4.291,4.4355,4.246,4.0565,4.846,5.729,5.620244359999999,1.373024826800013e-05,0.00370543496340175,5,train,5.624657600000001,9.161520879999988e-06,0.003026800436104103,5,train
CN042,13.08,1.433,2008,0.0,23.936,238.913,557.131,1080.586,1651.897,1718.422,11.122,20.886,68.073,188.77,302.699,431.736,480.322,7.556,-16.6451724137931,-61.643483870967735,-58.1071,-74.51680645161291,-111.7244,-89.25066666666667,2.2244,0.3366896551724138,1.5221612903225803,4.023233333333334,3.6751290322580648,4.301233333333333,16.195333333333334,9705784.7,14969947.387931034,15012128.870967742,17422627.6,21873433.75806452,20449228.1,18419241.0,-1.8164,4.287896551724138,13.254741935483873,16.927266666666664,23.205645161290324,25.3637,28.495,1.7936,10.049586206896551,18.47258064516129,21.837933333333336,28.143516129032257,29.38713333333333,31.764,-5.4732,-1.288689655172414,8.269870967741936,12.040666666666668,17.950322580645164,21.459433333333333,25.23633333333333,5.0,20.0,0.0,0.0,0.0,0.0,0.0,0.0,0.0,0.0,0.0,0.0,0.0,0.0,4.0,29.0,28.0,24.0,27.0,23.0,1.0,0.0,62.443,175.733,316.598,451.226,576.087,685.735,0.0,0.8095,2.5115,4.7885,6.524,8.2715,9.821,6.303,6.03,5.968,6.1395,5.9335,6.025,6.364,4.814,4.75729072,3.103570791200157e-05,0.005570970105107509,5,train,4.78004046,6.298523022799953e-05,0.007936323470474193,5,train
CN043,12.106,1.391,2008,8.065999999999999,41.438,288.758,643.712,1179.89,1425.234,0.0,66.278,107.186,224.157,345.251,498.136,583.382,0.0,21.29182608695652,38.564793103448274,37.482032258064514,95.88473333333332,115.35425806451612,106.10830769230768,0.0,2.881652173913044,1.4106206896551725,3.773258064516129,4.036466666666667,4.931774193548387,6.557384615384615,0.0,5578668.103260869,13181246.387931034,13151342.41935484,15251501.908333331,19641850.112903222,19167769.230769232,0.0,0.5965652173913043,5.377103448275863,14.298064516129031,18.1518,23.616064516129036,25.192615384615387,0.0,3.076521739130435,10.121344827586206,18.85567741935484,22.2293,27.841645161290323,28.890846153846155,0.0,-1.5886521739130437,0.7884137931034483,9.852806451612905,14.022133333333333,19.15983870967742,21.51330769230769,0.0,20.0,15.0,0.0,0.0,0.0,0.0,0.0,0.0,0.0,0.0,0.0,0.0,0.0,0.0,21.0,26.0,24.0,23.0,25.0,8.0,0.0,35.4555,93.83,178.616,283.261,407.889,529.976,0.0,0.7215,1.948,3.328,4.9765,6.79,8.238,0.0,7.083,6.928,7.067,7.2385,7.144500000000001,6.917,0.0,5.31,5.28462642,9.134428281998915e-06,0.003022321670835008,5,train,5.2889538599999995,3.163788254799625e-05,0.005624756221206058,5,train
CN044,11.814,1.393,2008,127.204,272.585,667.879,1156.121,1727.909,1764.764,0.0,68.344,109.532,206.278,325.516,529.131,551.567,0.0,-9.552608695652172,22.44010344827586,-27.30654838709678,11.458133333333327,42.317161290322574,112.389,0.0,2.971478260869565,1.4202758620689655,3.120838709677419,3.9746,6.568225806451613,11.218,0.0,8677517.010869564,11233569.112068966,15560682.29032258,15284335.833333334,17471604.387096774,15635136.5,0.0,11.833521739130434,11.28603448275862,19.071419354838707,22.59473333333333,24.764774193548387,24.7475,0.0,15.799391304347829,15.319965517241378,23.712774193548388,26.17853333333333,28.513193548387097,27.8385,0.0,8.822304347826087,8.019344827586208,15.00609677419355,19.4187,21.543225806451613,22.168,0.0,0.0,0.0,0.0,0.0,0.0,0.0,0.0,0.0,0.0,0.0,0.0,0.0,0.0,0.0,19.0,27.0,28.0,24.0,19.0,0.0,0.0,53.004000000000005,131.414,222.071,328.867,470.618,577.141,0.0,0.7895000000000001,2.3165000000000004,4.183,6.3445,8.599,9.916,0.0,5.919,6.289,6.153,6.3420000000000005,6.6725,7.113,0.0,4.425,4.45219276,2.1067192532999133e-05,0.004589901146321033,5,train,4.4634645200000005,1.6355113797002466e-05,0.004044145620152972,5,train
CN045,12.411,1.496,2008,61.273,159.006,522.76,983.269,1538.97,1615.09,0.0,78.919,145.188,251.135,377.079,589.347,598.472,0.0,0.3886249999999993,55.47134482758621,36.15493548387097,89.29946666666666,120.71916129032256,180.2855,0.0,3.2882916666666664,2.285137931034483,3.4176451612903227,4.198133333333334,6.847354838709678,2.28125,0.0,6320574.916666667,10031032.913793104,13224036.258064516,14164978.933333334,17387497.032258064,20266852.0,0.0,7.835541666666667,9.492620689655173,18.054,21.6703,24.245838709677415,25.35,0.0,11.225499999999998,13.328310344827589,22.529774193548388,25.483066666666662,28.34790322580645,29.7785,0.0,5.323041666666667,6.451620689655173,14.010225806451611,18.039233333333332,20.59393548387097,21.47675,0.0,0.0,0.0,0.0,0.0,0.0,0.0,0.0,0.0,0.0,0.0,0.0,0.0,0.0,0.0,19.0,26.0,26.0,23.0,22.0,4.0,0.0,43.265,107.226,187.169,286.389,416.794,516.407,0.0,1.076,2.7515,4.4185,6.5335,8.722,9.978,0.0,6.44,6.617,6.622,6.7625,6.7795000000000005,6.841,0.0,4.229,4.221627979999999,0.00010357133540200794,0.010177000314533155,5,train,4.23672942,5.813248259200164e-05,0.007624466052911616,5,train
CN046,11.719,1.364,2008,74.972,341.329,827.511,1412.156,2050.715,2169.279,0.0,33.26,63.249,93.033,170.86,338.889,423.586,0.0,20.05175,6.515551724137932,-67.85551612903227,-127.60166666666667,-157.4888387096774,-107.761,0.0,4.1575,1.0341034482758622,0.9607741935483872,2.5942333333333334,5.420290322580645,14.116166666666668,0.0,5590619.0,8650608.50862069,18236528.04838709,20471470.23333333,20311259.096774194,12269502.333333334,0.0,15.6915,15.504724137931037,22.003290322580643,25.80816666666667,26.91867741935484,26.08066666666667,0.0,18.82125,18.417206896551725,26.72464516129033,30.10393333333333,31.05554838709677,28.621,0.0,13.68025,13.134206896551724,18.392322580645164,22.454066666666662,23.579290322580643,24.11133333333333,0.0,0.0,0.0,0.0,0.0,0.0,0.0,0.0,0.0,0.0,0.0,0.0,0.0,0.0,0.0,6.0,29.0,30.0,26.0,19.0,0.0,0.0,0.0,70.223,182.693,326.408,490.11,603.431,0.0,0.521,1.583,3.2350000000000003,5.382,7.505,8.825,0.0,6.3485,5.981,5.533,5.3575,5.8805,7.04,0.0,4.004,4.04027756,6.907642683299928e-05,0.008311222944488933,5,train,4.078158480000001,5.2011598487000864e-05,0.007211906716465547,5,train
CN050,12.526,1.429,2008,0.0,22.216,244.792,571.41,1044.77,1573.076,0.0,16.873,59.934,147.35,283.921,415.404,555.353,0.0,2.7721,4.383137931034483,12.004709677419353,58.85946666666666,94.3986129032258,112.5195,0.0,1.6873,1.4848620689655172,2.819870967741936,4.552366666666667,4.241387096774194,4.6649666666666665,0.0,5287707.525,9574875.25862069,12103940.14516129,13316202.333333334,17664311.80645161,19235193.633333333,0.0,1.6001999999999998,6.070965517241379,13.499870967741934,17.207266666666666,21.58967741935484,23.9302,0.0,3.7275,9.564275862068964,17.44990322580645,20.93726666666667,25.450483870967744,27.834266666666668,0.0,-0.3147,2.4555517241379308,9.219387096774192,13.099733333333337,17.336225806451612,19.818166666666663,0.0,7.0,6.0,0.0,0.0,0.0,0.0,0.0,0.0,0.0,0.0,0.0,0.0,0.0,0.0,10.0,27.0,27.0,25.0,24.0,25.0,0.0,0.0,26.987,87.136,180.273,312.833,496.654,0.0,0.0,0.894,2.5295,4.4855,6.4510000000000005,8.8605,0.0,6.6835,6.616,6.596,6.598000000000001,6.443,6.3965,0.0,5.388,5.36739402,1.052666645699973e-05,0.0032444824636603804,5,train,5.3663975,2.0256754500001807e-05,0.004500750437427275,5,train
CN051,12.899,1.434,2008,0.0,11.129999999999995,204.72,507.461,954.332,1455.25,1677.161,3.352,43.165,108.477,189.179,285.38,449.127,496.349,0.053,-0.5316206896551727,-10.804483870967742,-15.758666666666668,-35.547387096774195,-23.09603333333333,0.8929166666666647,1.676,1.372862068965517,2.1068387096774197,2.6900666666666666,3.1032580645161287,5.458233333333334,3.935166666666667,10920782.5,11041964.844827589,13073859.41935484,15361126.0,17370407.467741936,18768770.666666668,20358801.416666668,0.924,5.002137931034484,12.56483870967742,16.411366666666666,20.73519354838709,23.017266666666668,24.812583333333333,4.5815,8.878310344827586,16.81732258064516,20.654100000000003,25.03458064516129,27.113066666666665,29.0365,-2.408,1.2288275862068967,8.21758064516129,11.916133333333333,16.347,18.662866666666662,20.37775,2.0,11.0,0.0,0.0,0.0,0.0,0.0,0.0,0.0,0.0,0.0,0.0,0.0,0.0,2.0,29.0,28.0,26.0,26.0,21.0,9.0,0.0,58.245000000000005,155.692,270.985,395.023,544.238,706.325,0.0,1.0635,2.7645,4.6530000000000005,6.429,8.419,10.6105,6.593,6.568,6.45,6.379,6.0855,6.2620000000000005,5.952,4.812,4.86785638,0.00010516082520200039,0.010254795229647465,5,train,4.8966230799999995,8.844954951699969e-05,0.00940476206594296,5,train
CN052,13.061,1.533,2008,0.0,9.053,145.063,400.733,735.824,1115.285,1179.271,29.283,78.007,177.07500000000002,268.559,486.474,687.09,772.386,11.007375,24.428379310344827,43.12077419354839,38.96126666666667,83.4866129032258,207.95173333333327,289.7054,3.660375,1.6801379310344826,3.1957419354838708,3.0494666666666665,7.029516129032258,6.687200000000001,17.0592,7685870.0,9969124.879310343,13385515.822580645,16147967.183333334,16353931.274193548,17777983.866666667,11292460.8,-0.93925,2.0924137931034483,10.70741935483871,14.842333333333332,17.12938709677419,18.9687,19.1172,3.253875,6.26196551724138,15.567774193548386,19.996066666666668,21.56203225806452,23.252366666666667,22.0348,-3.84325,-1.0659655172413791,6.537096774193548,10.3883,13.303870967741936,14.919066666666668,16.8666,8.0,21.0,1.0,0.0,0.0,0.0,0.0,0.0,0.0,0.0,0.0,0.0,0.0,0.0,7.0,29.0,26.0,28.0,14.0,19.0,0.0,0.0,35.464,97.494,184.652,298.08,443.891,565.031,0.331,1.2475,2.597,4.219,5.954,8.077,9.858,7.801,7.829,7.844,7.619,7.758,7.8405,8.09,4.515,4.34381872,0.00026132180227700423,0.016165450883814044,5,train,4.405369500000001,0.00013910197799999412,0.011794150160142703,5,train
CN053,12.971,1.41,2008,0.0,19.549,214.203,535.16,881.905,1247.6409999999998,1419.5929999999998,5.559,62.189,123.937,183.239,352.127,628.795,762.666,4.228,5.3517241379310345,-7.895999999999999,-93.50106666666667,-105.10374193548388,18.738466666666667,163.81421428571429,5.559,1.9527586206896552,1.991870967741936,1.9767333333333328,5.448,9.222266666666666,9.562214285714289,8861418.0,12268216.310344828,17878743.419354837,21600459.33333333,17514713.85483871,17455700.366666667,17310070.535714287,3.65,5.699413793103448,12.59916129032258,17.01856666666667,17.50532258064516,18.5112,18.60228571428572,7.241,10.610172413793103,18.29190322580645,23.1626,22.26567741935484,22.7913,22.57642857142857,1.019,1.9499310344827587,7.411774193548387,11.406766666666666,13.366193548387097,14.9448,15.362214285714286,0.0,6.0,0.0,0.0,0.0,0.0,0.0,0.0,0.0,0.0,0.0,0.0,0.0,0.0,1.0,27.0,30.0,27.0,22.0,16.0,6.0,0.0,69.961,169.121,266.802,366.87,495.014,637.615,0.0,1.2895,3.091,4.835,6.423,8.33,10.407,7.828,7.709,7.574,7.0375,7.228,7.6775,7.952,3.74,3.85692036,8.484091308799731e-05,0.009210912717423681,5,train,3.8772920399999995,0.0001596455621080032,0.012635092485138492,5,train
CN054,13.005,1.461,2008,0.0,0.0,0.0,8.887999999999996,111.24,290.739,382.382,5.612,59.905,175.1,289.009,382.888,559.177,632.47,3.924,-0.9584827586206894,-1.9442903225806445,14.3159,22.042806451612904,47.68193333333333,87.29684615384615,5.612,1.8721724137931035,3.715967741935484,3.796966666666667,3.028354838709677,5.8763,5.6379230769230775,15282849.0,19083964.51724138,20655068.25806452,23120546.4,23041900.774193548,20817024.0,20517467.0,-3.858,-1.2915862068965516,2.063322580645161,5.776433333333333,9.62167741935484,12.3033,13.369461538461538,-0.553,3.802379310344828,6.938903225806452,10.702233333333334,14.883903225806453,17.333133333333333,17.975461538461538,-6.732,-6.048103448275862,-3.131516129032258,0.5277666666666667,4.888129032258065,8.374433333333334,9.681153846153846,1.0,29.0,31.0,15.0,0.0,0.0,0.0,0.0,0.0,0.0,0.0,0.0,0.0,0.0,1.0,28.0,24.0,24.0,27.0,18.0,8.0,0.0,41.929,104.484,174.033,269.623,397.354,520.0795,0.0,0.76,1.8155,2.8515,4.032,5.461,6.867,5.856,5.811,5.807,5.841,6.0585,6.3635,6.492,5.572,5.5498790200000006,0.00028060826776200024,0.016751366146138657,5,train,5.67344126,0.0002609950476280048,0.016155341148611033,5,train
CN061,12.801,1.465,2008,0.0,0.0,83.67299999999999,309.595,726.117,1216.16,1464.839,0.0,8.323,35.621,71.685,96.301,176.251,201.544,0.0,-15.940142857142856,-67.61964516129032,-132.32833333333332,-250.9343870967742,-372.2744333333333,-432.0674615384616,0.0,0.29725,0.8805806451612904,1.2021333333333333,0.7940645161290323,2.665,1.9456153846153843,0.0,14344967.92857143,17317625.870967742,19392683.3,23397466.774193548,21907715.633333333,24591741.0,0.0,-2.2464642857142856,8.788774193548386,13.850733333333332,19.756193548387092,22.654766666666667,25.449153846153845,0.0,3.76375,15.030967741935482,19.801666666666662,26.41196774193548,28.4457,31.214923076923075,0.0,-7.357392857142857,2.591548387096774,7.715233333333333,12.510645161290322,16.902266666666666,19.371076923076924,0.0,28.0,6.0,0.0,0.0,0.0,0.0,0.0,0.0,0.0,0.0,0.0,0.0,0.0,0.0,28.0,30.0,29.0,30.0,27.0,11.0,0.0,22.7295,74.212,168.195,280.908,390.067,500.4450000000001,0.0,0.631,1.6189999999999998,2.9425,4.49,5.797499999999999,7.1690000000000005,0.0,4.302,4.134,4.1105,3.5825,3.5540000000000003,3.664,4.178,4.24269124,0.00012398012151299573,0.011134636119469542,5,train,4.2805425999999995,0.00015635188486999232,0.012504074730662494,5,train
CN062,12.84,1.465,2008,0.0,0.0,20.988,164.861,496.127,915.929,1231.194,0.0,3.587,18.423,35.677,48.911,83.845,105.192,0.0,-12.4359,-67.67232258064516,-158.54256666666666,-297.48554838709674,-454.335,-577.30715,0.0,0.17935,0.4785806451612903,0.5751333333333334,0.4269032258064516,1.1644666666666663,1.06735,0.0,15410678.25,18852872.322580647,21610134.7,24318192.129032254,24328131.866666667,23767020.45,0.0,-3.61655,5.588774193548387,10.723466666666669,17.006,20.3134,22.08325,0.0,2.37275,12.327,17.400433333333336,23.79725806451613,26.81883333333333,28.5451,0.0,-9.2956,-1.289548387096774,3.6878,9.527354838709678,13.4091,15.27815,0.0,20.0,25.0,6.0,0.0,0.0,0.0,0.0,0.0,0.0,0.0,0.0,0.0,0.0,0.0,20.0,31.0,30.0,31.0,30.0,20.0,0.0,12.0435,34.508,72.907,140.29,246.258,355.15500000000003,0.0,0.224,0.6995,1.3605,2.273,3.4885,4.906,0.0,3.5700000000000003,3.342,3.16,2.6665,2.784,2.7455,4.763,4.95157256,0.00010249590614799743,0.010124026182700113,5,train,4.98380738,0.0002577185420819944,0.01605361461110844,5,train
CN063,13.39,1.445,2008,0.0,0.0,1.747999999999999,77.95499999999998,280.418,547.093,758.319,0.0,6.888,21.495,52.502,90.261,140.971,186.985,0.0,-9.12142105263158,-54.891322580645166,-127.462,-225.17674193548388,-320.9611333333333,-389.51215,0.0,0.3625263157894737,0.4711935483870968,1.0335666666666667,1.2180322580645162,1.6903333333333337,2.3007,0.0,16623392.157894736,20599110.677419357,22792853.73333333,24328851.64516129,24074659.166666668,22807643.05,0.0,-6.093105263157895,3.192290322580645,7.877866666666666,12.851064516129032,15.209166666666668,16.8813,0.0,-0.2768947368421052,9.339290322580649,14.102633333333332,19.45583870967742,21.338266666666662,22.8183,0.0,-11.477684210526316,-3.528387096774193,1.294,6.258,9.329,11.1531,0.0,19.0,31.0,11.0,0.0,0.0,0.0,0.0,0.0,0.0,0.0,0.0,0.0,0.0,0.0,19.0,31.0,28.0,31.0,27.0,18.0,0.0,12.4925,35.077,74.624,152.038,272.516,385.0315,0.0,0.196,0.5945,1.2495,2.184,3.463,4.809,0.0,4.258,4.212,4.127,3.916,3.994,3.8675,8.786,8.397852799999999,0.00053320459369999,0.023091223304536942,5,train,8.2399401,0.0025913058875500364,0.050904870960940825,5,train
CN064,12.016,1.441,2008,0.0,0.0,48.616,240.915,614.521,1100.556,1404.143,0.0,1.997,9.679,22.787,28.673,42.232,53.915,0.0,-13.129318181818183,-78.94667741935483,-189.3266,-342.8115483870968,-530.6578333333333,-680.6698823529413,0.0,0.0907727272727272,0.2478064516129032,0.4369333333333333,0.1898709677419355,0.4519666666666667,0.6872352941176472,0.0,15472188.590909092,18923121.677419357,20724019.83333333,25068248.80645161,25372350.73333333,24241475.5,0.0,-4.580181818181818,6.973451612903226,12.513433333333332,18.3718064516129,22.521166666666662,24.17805882352941,0.0,1.5992272727272727,13.864064516129032,19.150966666666665,25.51535483870968,29.23453333333333,30.69929411764706,0.0,-10.187863636363636,0.1001612903225806,5.346766666666666,10.42467741935484,15.2242,17.08294117647059,0.0,22.0,15.0,4.0,0.0,0.0,0.0,0.0,0.0,0.0,0.0,0.0,0.0,0.0,0.0,22.0,31.0,30.0,31.0,30.0,16.0,0.0,11.498,31.437,62.134,112.314,198.56,306.803,0.0,0.172,0.522,1.0525,1.743,2.7265,3.908,0.0,3.987,3.778,3.4085,2.685,2.326,2.173,7.191,7.0572208000000005,6.349363257499931e-05,0.007968289187460462,5,train,7.05902238,0.0001531050849070005,0.012373563953324057,5,train
CN065,13.176,1.431,2008,0.0,0.0,20.518,163.588,571.506,1072.432,1498.52,0.0,13.415,35.804,79.286,112.974,144.326,166.119,0.0,-2.14275,-24.809967741935484,-93.1371,-186.7061935483871,-346.48733333333337,-484.060375,0.0,0.8384375000000001,0.7222258064516128,1.4494,1.086709677419355,1.0450666666666666,0.9080416666666666,0.0,11747170.3125,16212618.193548389,20899448.83333333,24008502.22580645,25162138.0,23847964.83333333,0.0,-3.724875,5.696612903225806,10.719033333333334,19.47864516129032,23.017533333333333,24.073666666666668,0.0,1.951875,11.834225806451611,16.994600000000002,25.64554838709677,28.8009,29.41975,0.0,-9.392375,-0.8161290322580645,3.626933333333333,12.426612903225807,16.861966666666667,18.373,0.0,16.0,22.0,6.0,0.0,0.0,0.0,0.0,0.0,0.0,0.0,0.0,0.0,0.0,0.0,16.0,31.0,28.0,31.0,29.0,24.0,0.0,6.231,23.285,59.052,114.092,212.877,357.458,0.0,0.2159999999999999,0.6865,1.3504999999999998,2.14,3.2815000000000003,4.778,0.0,3.5105,3.332,3.0855,2.9295,2.6115,2.6435000000000004,8.612,8.5771876,0.0006237021252999935,0.02497402901615984,5,train,8.6509647,0.0013074198994499713,0.036158261842212096,5,train
CN011,14.819,1.511,2009,0.0,0.0,19.788,215.229,647.187,1146.688,1393.126,0.0,14.465000000000002,27.793000000000003,60.456,78.81700000000001,156.846,178.746,0.0,-10.7,-55.46967741935484,-135.45743333333334,-244.50687096774192,-354.6537,-437.2020769230769,0.0,0.5563461538461539,0.4299354838709678,1.0887666666666669,0.5922903225806452,2.6009666666666664,1.6846153846153844,0.0,12630203.057692308,17714911.70967742,20007703.916666668,22927753.80645161,22818625.266666666,21552863.615384616,0.0,-1.3834615384615383,3.9898387096774193,12.801133333333333,20.254129032258067,22.970033333333333,25.276769230769236,0.0,4.459692307692308,10.34683870967742,19.247966666666667,26.94922580645161,28.96033333333333,30.777538461538462,0.0,-6.143192307692308,-1.6366774193548388,6.3253,12.89351612903226,16.729266666666668,19.730538461538465,0.0,26.0,26.0,2.0,0.0,0.0,0.0,0.0,0.0,0.0,0.0,0.0,0.0,0.0,0.0,25.0,31.0,29.0,30.0,27.0,12.0,0.0,17.280499999999996,48.163,100.401,185.44,299.3,423.0445,0.0,0.393,1.0855,1.912,3.2655,5.12,6.768,0.0,3.8775,3.811,3.697,3.354,3.6475,3.461,5.954,5.855194880000001,0.00027395551650700436,0.016551601629661232,5,train,5.8725773199999995,0.00012509193531199227,0.011184450603940825,5,train
CN012,14.794,1.439,2009,0.0,0.0,38.993,291.711,785.281,1352.664,1626.597,0.0,19.037,30.863,87.952,105.6,176.091,184.932,0.0,-7.550480000000001,-53.65332258064517,-138.02186666666665,-249.90503225806447,-394.4566333333333,-496.162,0.0,0.7614799999999999,0.3814838709677419,1.9029666666666667,0.5692903225806452,2.3497,0.680076923076923,0.0,12338367.97,17538065.80645161,20239936.325,23135607.93548387,23979285.566666663,22196394.07692308,0.0,0.20168,5.906322580645162,14.743933333333333,22.241612903225807,25.232766666666667,27.39176923076923,0.0,5.83548,12.135870967741935,20.995266666666662,28.724,31.164466666666662,32.67153846153846,0.0,-4.287319999999999,0.2312258064516129,8.730333333333334,15.384548387096777,19.4922,22.23369230769231,0.0,25.0,17.0,0.0,0.0,0.0,0.0,0.0,0.0,0.0,0.0,0.0,2.0,0.0,0.0,24.0,31.0,27.0,31.0,27.0,13.0,0.0,16.7405,50.477,120.809,226.586,339.859,459.332,0.0,0.356,1.0535,2.018,3.427,4.975,6.465,0.0,4.23,4.155,4.126,3.894,3.901,3.737,5.349,5.28605388,4.8346586217002005e-05,0.006953170946913502,5,train,5.29480218,3.46754125120017e-05,0.005888583234701,5,train
CN013,14.781,1.481,2009,0.0,0.0,35.523,247.007,659.621,1189.854,1440.358,0.0,13.959,28.216,63.639,103.756,164.216,197.857,0.0,-11.74616,-61.78477419354839,-148.9681,-249.22874193548384,-376.9626,-473.328,0.0,0.55836,0.4599032258064516,1.1807666666666667,1.2940967741935483,2.0153333333333334,2.5877692307692306,0.0,12253820.86,17729285.19354839,20767198.55,22855073.80645161,24262235.73333333,21855857.884615384,0.0,0.01228,5.244935483870967,13.335233333333331,19.630129032258065,23.994433333333333,25.58953846153846,0.0,5.739160000000001,11.367870967741936,19.9158,26.01903225806452,30.145466666666668,30.87715384615385,0.0,-4.83868,-0.3137096774193549,7.1369,13.044967741935483,17.8047,20.273615384615383,0.0,25.0,19.0,1.0,0.0,0.0,0.0,0.0,0.0,0.0,0.0,0.0,2.0,0.0,0.0,24.0,31.0,29.0,29.0,26.0,11.0,0.0,20.3405,60.071,131.262,224.659,328.49,446.7175,0.0,0.391,1.1245,2.138,3.4545,5.021000000000001,6.537,0.0,4.156,4.06,3.97,3.77,3.7965,3.785,5.127,5.0868911400000005,0.00011787252592800148,0.010856911435947218,5,train,5.1234056,5.954808427999942e-05,0.007716740521748766,5,train
CN014,14.597,1.473,2009,0.0,0.0,29.245,202.924,520.256,994.281,1235.304,0.0,14.447,33.7,49.014,109.796,141.328,193.833,0.0,-12.769759999999998,-53.269225806451615,-141.60926666666668,-235.18858064516127,-353.2678666666667,-449.6170714285714,0.0,0.57788,0.6210645161290322,0.5104666666666666,1.9607096774193544,1.0510666666666666,3.750357142857143,0.0,12480898.58,17605952.98387097,21274378.466666665,21954464.43548387,25288425.53333333,23011818.535714287,0.0,0.0036799999999999,4.134709677419354,11.915433333333334,16.556516129032257,22.120833333333334,23.53592857142857,0.0,5.37352,10.27609677419355,18.572733333333336,22.70277419354839,28.707966666666668,29.09142857142857,0.0,-4.75488,-1.5151612903225806,5.219566666666666,10.207967741935484,15.083266666666669,17.79357142857143,0.0,25.0,22.0,2.0,0.0,0.0,0.0,0.0,0.0,0.0,0.0,0.0,0.0,0.0,0.0,25.0,31.0,30.0,27.0,29.0,13.0,0.0,14.5935,40.477,77.31400000000001,125.461,196.806,292.732,0.0,0.3289999999999999,0.915,1.5779999999999998,2.4665,3.779,5.117,0.0,4.497,4.474,4.213,4.238,3.916,4.255,4.515,4.87185154,0.0001485775228880015,0.012189237994559033,5,train,4.89709924,0.00017917536416300032,0.013385640222380113,5,train
CN015,13.312,1.479,2009,0.0,0.0,0.0,104.597,438.883,820.155,1044.025,0.0,4.376,18.453,51.717,70.069,157.048,191.58,0.0,-12.21808695652174,-47.64570967741936,-122.8714,-247.1574193548387,-365.5414,-422.8513571428571,0.0,0.1902608695652174,0.4540967741935484,1.1088,0.592,2.8993,2.4665714285714286,0.0,12362602.717391305,16568589.483870968,19581673.366666667,23155055.22580645,21399484.23333333,21150185.85714286,0.0,-9.0,-2.4726129032258064,9.604633333333334,17.10341935483871,19.029066666666665,22.310714285714287,0.0,-2.988217391304348,3.636806451612903,16.385766666666665,24.03103225806452,24.4345,27.47842857142857,0.0,-14.240608695652174,-8.277612903225807,2.6415,9.602,13.880866666666666,17.344785714285713,0.0,23.0,31.0,6.0,0.0,0.0,0.0,0.0,0.0,0.0,0.0,0.0,0.0,0.0,0.0,23.0,31.0,29.0,31.0,28.0,12.0,0.0,17.9025,48.620000000000005,87.761,136.281,212.385,315.062,0.0,0.352,0.978,1.652,2.454,3.6945,5.0395,0.0,3.959,3.988,3.9215,3.561,4.061999999999999,4.089,5.813,5.84562196,6.74082096530018e-05,0.008210250279559192,5,train,5.846015899999999,1.6025969429999048e-05,0.004003244862608213,5,train
CN021,14.162,1.52,2009,0.0,0.0,2.751999999999999,131.221,494.073,910.839,1123.488,0.0,26.077,41.932,121.026,165.149,260.793,308.163,0.0,-2.561961538461538,-31.874967741935485,-92.23086666666669,-141.37703225806453,-229.61863333333332,-261.18584615384617,0.0,1.0029615384615385,0.5114516129032258,2.6364666666666663,1.4233225806451617,3.188133333333333,3.6438461538461535,0.0,12715234.423076924,17035323.06451613,18428094.541666668,22491764.774193548,20997521.15,19697108.846153848,0.0,-5.775423076923077,0.5427741935483871,10.429866666666667,18.02490322580645,20.2122,22.677615384615383,0.0,0.0515,5.952258064516129,16.5815,24.519129032258064,24.921466666666667,26.96984615384616,0.0,-10.861653846153846,-4.449290322580645,4.542599999999999,11.686451612903229,15.856233333333334,18.962307692307693,0.0,26.0,29.0,3.0,0.0,0.0,0.0,0.0,0.0,0.0,0.0,0.0,0.0,0.0,0.0,24.0,31.0,26.0,29.0,27.0,10.0,0.0,17.983,49.49,91.561,150.941,261.997,412.831,0.0,0.395,1.126,1.883,2.9235,4.680999999999999,6.734,0.0,4.851,4.843,4.6365,4.635,4.811,4.748,4.904,5.14529764,0.0008104917576030044,0.028469136931122525,5,train,5.1556669,0.0010245716427999855,0.03200893067254802,5,train
CN022,13.895,1.483,2009,0.0,0.0,0.0,86.395,407.753,759.8,966.836,0.0,16.968,35.402,103.4,139.265,255.582,328.551,0.0,-5.395428571428572,-27.22525806451613,-77.12286666666667,-143.81464516129031,-222.0953333333333,-222.94042857142855,0.0,0.606,0.5946451612903225,2.2666,1.1569354838709678,3.877233333333333,5.212071428571428,0.0,11635681.339285716,16259979.70967742,18013265.783333335,22637350.41935484,19956005.866666667,18668818.17857143,0.0,-9.82042857142857,-2.968516129032258,8.660833333333333,16.686387096774194,18.0549,21.10828571428572,0.0,-4.182392857142857,2.30741935483871,14.874133333333331,23.18158064516129,22.77313333333333,25.21492857142857,0.0,-15.251607142857145,-8.168290322580646,2.4545666666666666,9.990258064516128,13.912133333333331,17.622857142857143,0.0,28.0,31.0,8.0,0.0,0.0,0.0,0.0,0.0,0.0,0.0,0.0,0.0,0.0,0.0,27.0,31.0,26.0,30.0,25.0,10.0,0.0,21.067,56.393,97.556,149.439,240.735,379.7375,0.0,0.4684999999999999,1.2435,1.992,2.9615,4.4785,6.288500000000001,0.0,5.151,5.181,5.028499999999999,4.807,5.206,5.5435,5.956,6.18012598,0.00015098910935200602,0.012287762585271821,5,train,6.16219554,0.00019184229184800248,0.013850714488718713,5,train
CN023,14.269,1.486,2009,0.0,0.0,0.0,60.263,363.046,682.366,853.919,0.0,9.864,38.679,73.09,97.226,284.607,330.005,0.0,-1.5238214285714289,-8.424225806451613,-50.51393333333333,-159.21345161290324,-201.02553333333333,-150.60091666666668,0.0,0.3522857142857142,0.929516129032258,1.1470333333333331,0.7785806451612903,6.246033333333333,3.7831666666666655,0.0,10726201.0,14916860.032258064,19198681.75,22890582.83870968,17523019.783333335,19496225.33333333,0.0,-14.804714285714285,-6.287290322580645,7.319999999999999,16.0871935483871,16.964000000000002,20.61608333333333,0.0,-9.083357142857142,-0.8774838709677418,13.882666666666667,22.860064516129032,21.3059,24.916,0.0,-20.535607142857145,-12.109870967741935,0.3742666666666666,8.563709677419356,13.246033333333331,16.663333333333334,0.0,28.0,31.0,14.0,0.0,0.0,0.0,0.0,0.0,0.0,0.0,0.0,0.0,0.0,0.0,28.0,30.0,29.0,31.0,20.0,11.0,0.0,8.796,27.313,59.008,106.928,187.156,310.9275,0.0,0.4445,1.1825,1.971,2.93,4.52,6.2665,0.0,5.1505,5.279,5.122,4.653,5.607,5.811,4.614,4.77405074,0.00031005767270799226,0.017608454580342714,5,train,4.7852133,0.0002997676515800197,0.017313799455348316,5,train
CN031,12.706,1.42,2009,4.485999999999998,55.41,160.63899999999998,424.353,867.304,1426.579,0.0,19.592,134.116,219.625,320.184,381.756,582.689,0.0,-0.3592500000000003,16.237035714285714,90.01932258064517,90.86696666666668,36.89270967741936,-20.749433333333336,0.0,1.632666666666667,4.090142857142857,2.758354838709677,3.3519666666666668,1.9861935483870967,6.697766666666666,0.0,9553437.135416666,8149135.892857143,14720977.443548389,20585699.416666668,22997173.90322581,20599717.33333333,0.0,4.009250000000001,7.914857142857143,9.553225806451612,15.110466666666667,20.60874193548387,24.9625,0.0,8.306583333333334,11.10507142857143,13.59432258064516,19.45983333333333,25.26074193548387,28.86903333333333,0.0,0.1744166666666665,4.817892857142858,5.750967741935484,11.168266666666666,16.16458064516129,21.799633333333336,0.0,5.0,0.0,0.0,0.0,0.0,0.0,0.0,0.0,0.0,0.0,0.0,0.0,0.0,0.0,11.0,22.0,26.0,25.0,30.0,23.0,0.0,16.88,58.013,146.909,271.654,398.785,495.112,0.0,0.282,0.0,1.3295,3.072,4.764,5.736,0.0,6.6455,6.6605,6.784,6.533,5.999,5.8365,0.0,5.755,5.879086,0.00035173229318000604,0.018754527271568486,5,train,5.87351428,0.0005804811716770212,0.02409317686974927,5,train
CN032,13.994,1.439,2009,0.0,24.613,112.25,384.777,832.709,1419.671,1664.263,0.004,53.873,94.747,135.199,212.34,347.312,436.368,-1.163,-0.1910714285714288,-3.74667741935484,-65.31070000000001,-138.63609677419356,-208.1413333333333,-199.22583333333333,0.004,1.923892857142857,1.3185161290322582,1.3484000000000005,2.48841935483871,4.499066666666667,7.421333333333333,12043961.0,8959922.955357144,15656834.346774194,20905063.4,21440890.612903222,22180561.48333333,19218875.25,3.292,6.119964285714286,8.687193548387096,15.404233333333334,20.76941935483871,25.8854,26.70266666666667,8.554,10.107964285714289,13.76032258064516,21.091933333333333,26.454451612903224,30.8793,30.72458333333333,-0.369,2.374357142857143,3.877258064516129,9.784266666666667,14.924225806451611,21.30273333333333,22.922833333333333,1.0,4.0,4.0,0.0,0.0,0.0,0.0,0.0,0.0,0.0,0.0,0.0,0.0,0.0,1.0,26.0,29.0,28.0,27.0,21.0,7.0,0.0,56.004000000000005,170.18,339.589,522.186,653.277,766.2505,0.0,0.8635,2.669,4.769,6.9985,8.7165,10.2695,5.474,5.6365,5.548,5.1965,4.989,4.741,5.688,5.406,5.38680918,5.180231852000087e-06,0.0022760122697384755,5,train,5.38244032,2.0792448396998727e-05,0.00455987372599272,5,train
CN033,12.565,1.447,2009,12.537999999999997,95.079,223.666,513.708,977.103,1387.607,0.0,24.254,173.217,296.111,428.43,522.219,621.972,0.0,-7.24721052631579,12.575500000000002,137.92703225806451,173.34146666666666,148.74635483870966,147.67827272727274,0.0,1.2765263157894735,5.320107142857142,3.9643225806451614,4.410633333333333,3.025451612903226,4.534227272727272,0.0,10412805.27631579,8871689.38392857,13474086.056451611,19286721.6,21575452.16129032,20703472.88636364,0.0,4.507263157894737,9.073785714285714,10.32074193548387,15.988066666666668,21.26822580645161,24.97927272727273,0.0,9.37421052631579,12.89575,14.712096774193547,20.7035,26.345322580645163,29.388318181818185,0.0,0.2034210526315789,5.679285714285714,6.158806451612903,11.5317,16.33309677419355,20.97622727272727,0.0,11.0,0.0,0.0,0.0,0.0,0.0,0.0,0.0,0.0,0.0,0.0,0.0,0.0,0.0,18.0,18.0,23.0,23.0,24.0,18.0,0.0,20.166,64.495,147.218,253.624,373.143,489.373,0.0,0.4535,1.605,3.2435,5.024,6.895,8.973,0.0,7.237,7.32,7.634,7.406499999999999,6.878,6.823,0.0,4.31,4.25812554,2.3237514907999215e-05,0.004820530562915167,5,train,4.27615042,3.120406906700027e-05,0.005586060245557711,5,train
CN034,13.843,1.492,2009,1.106999999999999,38.96499999999999,145.20399999999998,443.837,903.725,1516.651,1687.168,1.368,70.826,119.038,173.017,249.203,372.183,404.669,-1.0016666666666667,0.8332857142857147,16.15967741935484,-33.3974,-99.32990322580643,-176.4206,-186.14375,0.4559999999999999,2.480642857142857,1.555225806451613,1.7993,2.4576129032258063,4.099333333333333,4.06075,9115190.5,8433699.75892857,15127822.858870968,20329297.65,20703584.29032258,22286906.45,22064421.5,5.7123333333333335,6.52375,9.381387096774192,16.274433333333334,21.15509677419355,26.750866666666663,27.634625,10.117333333333333,10.422142857142855,14.40709677419355,21.7647,26.648032258064514,31.7528,32.0015,1.9793333333333327,2.922392857142857,4.581967741935483,10.600366666666666,15.443290322580646,21.9799,23.295875,1.0,2.0,4.0,0.0,0.0,0.0,0.0,0.0,0.0,0.0,0.0,0.0,0.0,0.0,3.0,25.0,28.0,27.0,26.0,24.0,6.0,0.0,63.257000000000005,181.565,340.575,501.381,631.773,733.622,0.0,0.9485,2.8805,4.867,6.931,8.600000000000001,10.086,5.951,6.119,6.131,5.806,5.616,5.281499999999999,5.7490000000000006,4.17,4.3699945200000005,0.0009597356370520202,0.03097960033718996,5,train,4.37795024,0.00038398920785800343,0.019595642573235598,5,train
CN035,11.511,1.369,2009,54.09199999999999,289.024,493.92,822.384,1286.761,1333.896,0.0,31.679,65.681,229.88,364.575,521.211,577.454,0.0,-23.4615,-46.529857142857146,1.889870967741936,56.66333333333333,62.02,124.76,0.0,1.0559666666666667,1.214357142857143,5.296741935483872,4.489833333333333,5.0527741935483865,18.747666666666667,0.0,12228365.483333332,12773623.660714284,12449273.322580645,17044379.083333332,18525689.04838709,12166241.5,0.0,7.1548,14.71042857142857,12.928451612903226,17.2688,21.299903225806453,22.031666666666663,0.0,13.107266666666668,20.17667857142857,17.603774193548386,22.244566666666667,26.351935483870967,25.400666666666663,0.0,2.4895,10.003,8.860000000000001,13.0238,16.917967741935485,19.386,0.0,11.0,0.0,0.0,0.0,0.0,0.0,0.0,0.0,0.0,0.0,0.0,0.0,0.0,0.0,28.0,28.0,19.0,23.0,21.0,1.0,0.0,62.582,161.403,281.212,415.837,571.642,684.322,0.0,1.085,3.0090000000000003,5.179500000000001,7.224,9.47,11.168,0.0,7.3585,7.452500000000001,7.901,7.968500000000001,7.783,7.922,0.0,3.846,3.79428676,8.517414258299913e-05,0.009228983832632882,5,train,3.82421214,7.235696571799706e-05,0.008506289773925943,5,train
CN036,11.508,1.358,2009,18.629,152.542,330.752,683.012,1183.974,1287.637,0.0,21.719,174.21,353.231,543.522,736.164,791.463,0.0,-15.826774193548388,-6.945035714285715,154.81325806451613,243.7633,281.7757419354839,385.33366666666666,0.0,0.7006129032258065,5.446107142857143,5.774870967741935,6.3430333333333335,6.2142580645161285,9.2165,0.0,10580511.491935484,8446460.379464285,11880709.403225806,16793427.908333335,18059004.322580647,20421339.20833333,0.0,4.732064516129032,10.948964285714286,11.81574193548387,18.062,22.48006451612903,23.597166666666663,0.0,9.388225806451612,14.841107142857142,16.059064516129034,22.5002,27.02132258064516,28.482166666666668,0.0,0.7070322580645161,7.359464285714286,7.829645161290323,13.9416,18.15854838709677,18.919166666666666,0.0,16.0,0.0,0.0,0.0,0.0,0.0,0.0,0.0,0.0,0.0,0.0,0.0,0.0,0.0,31.0,20.0,19.0,23.0,23.0,4.0,0.0,63.679,154.761,246.467,351.157,487.875,598.326,0.0,1.066,2.617,4.223,5.897,7.869999999999999,9.508,0.0,7.376,7.576,7.901,7.797499999999999,7.644,7.7445,0.0,3.956,3.8633119999999996,5.2382050499999426e-05,0.0072375445076351295,5,train,3.90301144,4.201588844300054e-05,0.006481966402489336,5,train
CN037,14.446,1.493,2009,0.0,10.861999999999998,82.52,338.002,773.173,1362.686,1636.493,0.0,18.321,42.826,88.981,157.862,218.694,382.065,0.0,-9.63152,-55.65225806451613,-130.5272,-206.73087096774196,-315.6686,-369.18828571428566,0.0,0.73284,0.7904838709677419,1.5385,2.221967741935484,2.0277333333333334,11.669357142857145,0.0,11030254.86,16725983.129032258,21297454.53333333,21627435.14516129,24493304.016666666,19867123.89285714,0.0,4.1698,7.787322580645162,14.836066666666666,20.357774193548387,25.970433333333336,25.877642857142856,0.0,9.19072,13.47216129032258,21.1444,26.302129032258065,31.87076666666667,30.37842857142857,0.0,-0.276,2.531548387096774,8.932566666666666,14.471516129032258,20.456433333333333,21.66028571428572,0.0,17.0,9.0,1.0,0.0,0.0,0.0,0.0,0.0,0.0,0.0,0.0,2.0,0.0,0.0,25.0,29.0,29.0,26.0,28.0,8.0,0.0,29.891,94.449,217.435,363.055,485.634,602.3620000000001,0.0,0.505,1.5375,3.047,4.8405000000000005,6.533,8.028500000000001,0.0,4.78,4.645,4.474,4.389,4.098000000000001,4.96,6.478,6.4205767,7.156290599499878e-05,0.008459486154312138,5,train,6.42462762,5.820334317199714e-05,0.007629111558497302,5,train
CN041,14.925,1.468,2009,0.0,31.659,143.51399999999998,432.177,869.723,1484.247,1731.341,0.0,31.346,61.9,114.175,200.688,276.221,370.052,0.0,-7.01262962962963,-35.24816129032258,-98.81243333333332,-160.50970967741938,-234.6122333333333,-289.12216666666666,0.0,1.160962962962963,0.9856129032258064,1.7425,2.790741935483871,2.5177666666666667,7.81925,0.0,9443706.51851852,15566475.403225806,19803950.3,19609827.451612905,23778112.45,19801591.0,0.0,5.922555555555555,9.567935483870968,15.9421,20.434387096774195,26.804133333333333,26.911166666666663,0.0,10.26225925925926,14.87367741935484,21.741333333333333,25.954096774193548,32.47346666666667,31.404666666666667,0.0,1.9955555555555555,4.693354838709677,10.4263,14.991967741935484,21.390666666666668,22.7585,0.0,8.0,4.0,0.0,0.0,0.0,0.0,0.0,0.0,0.0,0.0,0.0,2.0,0.0,0.0,26.0,29.0,28.0,25.0,25.0,5.0,0.0,52.91250000000001,160.509,333.154,502.67,624.882,746.279,0.0,0.8805000000000001,2.574,4.659,6.783,8.373000000000001,10.1155,0.0,4.397,4.304,4.1370000000000005,4.254,3.8775,4.772,5.646,5.58355702,8.379214230199874e-05,0.009153804799207745,5,train,5.56964668,7.522354014700153e-05,0.008673150531784949,5,train
CN042,13.08,1.433,2009,3.478,69.02199999999999,224.659,536.01,982.715,1593.811,1673.024,0.229,87.726,158.751,278.734,429.055,621.442,622.238,-4.7244,-3.21775,36.212870967741935,44.9555,49.93487096774194,72.24606666666666,118.687,0.0458,3.124892857142857,2.2911290322580644,3.9994333333333336,4.849064516129032,6.4129,0.199,12148250.6,7589981.830357143,14045663.451612905,16491725.875,16730330.951612905,21778298.55,23784904.5,6.7082,7.953785714285714,11.073612903225806,16.69836666666667,20.72983870967742,26.689866666666667,26.12325,12.6876,11.549928571428572,15.903096774193548,21.31953333333333,25.10151612903226,30.983933333333333,30.24025,0.8788,4.594035714285715,6.503774193548387,12.023966666666666,16.35432258064516,22.395,21.461,2.0,2.0,0.0,0.0,0.0,0.0,0.0,0.0,0.0,0.0,0.0,0.0,0.0,0.0,5.0,24.0,26.0,25.0,23.0,24.0,4.0,0.0,65.194,178.279,315.597,448.907,581.021,696.95,0.0,0.971,2.6005000000000003,4.421,6.255000000000001,8.184000000000001,9.887,6.093,6.2915,6.3,6.372,6.396,6.319,6.456,4.812,4.74920048,4.7121984551998493e-05,0.00686454547308112,5,train,4.77590906,4.1043902192998484e-05,0.006406551505529202,5,train
CN043,12.106,1.391,2009,15.107,125.821,316.42499999999995,653.597,1124.206,1392.834,0.0,12.391,144.076,270.638,455.872,603.566,691.127,0.0,-13.905608695652177,-12.69407142857143,100.74064516129032,170.31503333333333,225.2187741935484,278.9727857142857,0.0,0.5387391304347826,4.703035714285714,4.082645161290323,6.1744666666666665,4.764322580645161,6.254357142857144,0.0,10866977.489130436,6790189.473214285,12240525.693548389,14406661.75,15201352.20967742,19876084.42857143,0.0,5.452565217391305,9.990642857142856,12.21825806451613,17.55906666666667,21.50093548387097,25.50771428571429,0.0,10.143652173913043,13.148,16.42958064516129,21.351733333333332,25.31293548387097,29.83678571428572,0.0,0.8661739130434781,6.963678571428572,8.04116129032258,13.656933333333336,17.77548387096774,21.301142857142857,0.0,12.0,0.0,0.0,0.0,0.0,0.0,0.0,0.0,0.0,0.0,0.0,0.0,0.0,0.0,23.0,21.0,20.0,22.0,23.0,11.0,0.0,39.685,110.071,201.371,302.29200000000003,426.485,553.2325000000001,0.0,0.764,2.012,3.5145,5.152,6.948,8.907499999999999,0.0,7.121,7.4,7.428,7.502499999999999,7.56,7.577999999999999,0.0,5.67,5.61903284,3.2090699723001084e-05,0.005664865375540807,5,train,5.6158474,1.5093215994999836e-05,0.003884998841055147,5,train
CN044,11.814,1.393,2009,135.29399999999998,518.552,894.584,1354.929,1921.946,1980.557,0.0,13.001,29.817,165.029,304.80400000000003,525.402,557.31,0.0,-29.21613043478261,-78.86521428571429,-81.56048387096774,-40.29936666666666,-13.706258064516131,87.593,0.0,0.5652608695652174,0.6005714285714285,4.361677419354838,4.659166666666667,7.116064516129032,10.636,0.0,12992271.576086955,14064188.357142856,12657171.241935484,15219808.633333333,17017014.596774194,16139317.0,0.0,12.202347826086957,20.007785714285717,18.450064516129032,21.66483333333333,24.61087096774193,25.857,0.0,17.365739130434783,24.619107142857143,22.44667741935484,25.305433333333333,28.325193548387094,29.157666666666668,0.0,7.720434782608695,15.939892857142857,15.08548387096774,18.5356,21.382451612903225,22.73566666666667,0.0,0.0,0.0,0.0,0.0,0.0,0.0,0.0,0.0,0.0,0.0,0.0,0.0,0.0,0.0,23.0,28.0,23.0,23.0,19.0,2.0,0.0,59.331,150.619,251.797,364.901,510.399,621.086,0.0,1.045,2.8125,4.8035,6.7010000000000005,8.843,10.575,0.0,6.08,6.0155,6.522,6.6075,6.295,7.081,0.0,4.481,4.491812919999999,6.454421211999553e-06,0.0025405552959932897,5,train,4.50421546,2.300392448000426e-06,0.001516704469565652,5,train
CN045,12.411,1.496,2009,109.47,469.645,795.956,1240.468,1783.268,1876.016,0.0,13.324,42.139,171.957,344.658,565.119,606.141,0.0,-25.923041666666663,-72.21771428571428,-58.22958064516129,7.865133333333333,63.59519354838709,158.98600000000002,0.0,0.5551666666666667,1.0291071428571428,4.187677419354839,5.7567,7.111645161290323,8.2044,0.0,11839344.760416666,12412859.67857143,11306065.758064516,14237877.766666668,15371232.64516129,20715619.2,0.0,10.765458333333331,19.183392857142856,16.84616129032258,21.137066666666662,23.82967741935484,24.8696,0.0,15.955374999999998,24.23567857142857,20.90061290322581,24.831133333333334,27.40590322580645,29.8684,0.0,6.231083333333333,14.540678571428572,13.279419354838709,17.7327,20.73970967741936,20.23,0.0,0.0,0.0,0.0,0.0,0.0,0.0,0.0,0.0,0.0,0.0,0.0,0.0,0.0,0.0,24.0,28.0,25.0,19.0,21.0,3.0,0.0,54.4855,134.771,220.563,318.861,450.984,559.754,0.0,0.99,2.339,3.8145,5.666,7.561,9.278,0.0,6.763,6.6925,6.806,6.9415,7.119,7.151,0.0,4.209,4.1476926800000005,0.00013234817281200127,0.01150426759128982,5,train,4.17403716,0.00014631571670299946,0.012096103368564584,5,train
CN046,11.719,1.364,2009,75.601,543.41,1069.675,1627.014,2250.049,2399.118,0.0,3.655,12.404,116.514,234.567,409.006,463.728,0.0,-7.712875,-60.62878571428571,-128.7578064516129,-131.65623333333332,-149.18654838709676,-83.42857142857143,0.0,0.456875,0.3124642857142857,3.3583870967741936,3.9351,5.627064516129032,7.817428571428571,0.0,10650703.375,16751208.357142856,16480209.983870968,16611128.25,19608239.41935484,18273721.85714286,0.0,15.770125,23.027464285714284,23.29629032258064,24.897966666666665,26.41790322580645,27.615571428571428,0.0,19.62525,28.03364285714286,27.83258064516129,28.48493333333333,30.30858064516129,31.35928571428571,0.0,12.594625,19.15825,19.856806451612904,22.032833333333333,23.345322580645163,24.65257142857143,0.0,0.0,0.0,0.0,0.0,0.0,0.0,0.0,0.0,0.0,0.0,0.0,0.0,0.0,0.0,8.0,28.0,25.0,26.0,22.0,4.0,0.0,0.0,93.629,243.969,404.896,573.521,688.414,0.0,0.538,1.9125,4.1585,6.347,8.629000000000001,10.317,0.0,6.007,5.677,5.908,6.2170000000000005,5.681,6.782,0.0,4.248,4.23073806,8.33172195800221e-06,0.0028864722340604995,5,train,4.25828978,1.725864024199957e-05,0.004154351964145499,5,train
CN050,12.526,1.429,2009,8.634,141.85,342.45,655.702,1083.233,1612.344,1631.408,7.097,57.47,141.183,276.596,455.326,661.481,661.872,-2.0633,-1.9872142857142865,2.909129032258064,48.4554,130.3472258064516,192.6394,261.123,0.7097,1.7990357142857143,2.7004193548387097,4.513766666666667,5.765483870967743,6.871833333333333,0.391,8152857.125,6997159.566964285,12170549.04032258,12191439.3,13024566.774193548,17365962.616666667,16615040.0,6.3775,11.077714285714285,12.790967741935484,16.761733333333332,20.11132258064516,23.95703333333333,25.384,9.8041,14.038607142857144,16.712677419354836,20.285866666666667,23.387064516129037,27.5226,28.72,2.5828,7.998535714285714,8.446903225806452,12.942866666666667,16.80354838709677,20.199666666666666,21.529,1.0,0.0,0.0,0.0,0.0,0.0,0.0,0.0,0.0,0.0,0.0,0.0,0.0,0.0,10.0,28.0,27.0,25.0,20.0,22.0,1.0,0.0,37.849,104.819,198.447,329.404,508.789,646.912,0.428,1.5285000000000002,3.137,4.993,6.638,9.008,0.0,6.718,6.702,6.613,6.6735,6.709,6.5215,6.549,5.314,5.31434414,7.658869518799817e-05,0.008751496739872452,5,train,5.32600638,7.400141732699495e-05,0.008602407647106416,5,train
CN051,12.899,1.434,2009,3.042,109.254,288.011,590.7719999999999,1008.411,1516.034,1734.947,1.369,27.88,71.485,151.57999999999998,245.638,390.472,496.56,-1.2645,-13.881107142857145,-43.67983870967742,-62.1948,-73.39283870967742,-95.0652,-34.458615384615385,0.6845,0.9468214285714286,1.4066129032258063,2.669833333333333,3.0341290322580643,4.8278,8.160615384615385,8009896.5,9936803.982142856,13869611.79032258,14022473.666666666,15474272.758064516,16873065.5,13686361.692307692,7.841,10.113285714285714,12.086354838709678,16.412033333333333,19.79222580645161,23.240766666666666,23.15946153846153,11.3615,13.909928571428573,16.405451612903224,20.4474,23.72416129032258,27.161800000000003,26.28069230769231,3.542,6.129464285714286,7.359645161290323,12.286766666666669,15.742096774193548,19.25093333333333,20.126769230769234,0.0,0.0,0.0,0.0,0.0,0.0,0.0,0.0,0.0,0.0,0.0,0.0,0.0,0.0,2.0,28.0,31.0,26.0,27.0,23.0,9.0,0.0,65.472,168.70999999999998,279.815,391.854,520.704,661.558,0.0,1.0645,2.67,4.319,5.952500000000001,8.1475,10.2285,6.5435,6.4255,6.265,6.234500000000001,6.123,6.0165,6.244,4.819,4.9048,7.689329333499805e-05,0.008768882102924981,5,train,4.92453378,3.240032277199974e-05,0.005692128140862584,5,train
CN052,13.061,1.533,2009,2.305,126.993,271.902,494.904,822.959,1216.8429999999998,1287.749,6.926,54.674,134.079,267.307,465.521,692.883,731.669,-0.518375,-18.448607142857146,-33.91861290322581,-15.548666666666666,60.76474193548388,143.8091,242.097,0.86575,1.7052857142857143,2.561451612903226,4.440933333333334,6.394,7.578733333333333,6.464333333333333,9923573.0625,13395262.410714284,15183007.79032258,14059180.15,15148150.274193548,16898872.016666666,11283847.083333334,3.47525,10.689321428571429,10.692483870967742,13.745366666666666,16.90241935483871,19.44946666666667,18.137666666666668,8.112874999999999,16.633321428571428,16.343806451612902,18.489766666666664,21.304548387096776,23.6046,21.298666666666666,-0.55825,5.739357142857143,5.64841935483871,9.842899999999998,13.242451612903226,15.744433333333337,15.303666666666668,5.0,0.0,2.0,0.0,0.0,0.0,0.0,0.0,0.0,0.0,0.0,0.0,0.0,0.0,8.0,28.0,29.0,23.0,17.0,13.0,4.0,0.0,53.609,137.494,230.085,341.297,483.358,598.4,0.402,1.3624999999999998,2.8915,4.355,5.9425,8.267,10.021,8.011,7.821,7.619,7.6175,7.761,7.872999999999999,8.042,4.273,4.150442379999999,4.70850606170006e-05,0.006861855479168925,5,train,4.2002264600000006,5.774723464300124e-05,0.007599160127474696,5,train
CN053,12.971,1.41,2009,3.658999999999999,191.651,423.116,710.5899999999999,1078.36,1464.314,1660.108,0.111,7.716,65.288,144.208,292.113,551.656,663.384,-2.487,-50.706285714285706,-133.73941935483873,-179.76576666666668,-213.75932258064515,-148.5901333333333,5.0390666666666695,0.111,0.2716071428571429,1.8571612903225807,2.630666666666667,4.771129032258065,8.651433333333333,7.448533333333333,16558118.0,19042838.60714286,19831996.322580647,18564945.7,19306437.822580647,17569033.0,16133716.933333334,9.979,13.034,13.786612903225809,15.902466666666667,18.18354838709677,19.185133333333333,19.37293333333333,16.192,19.741714285714288,20.09064516129032,21.480566666666668,23.326806451612903,23.51643333333333,23.17353333333333,4.052,6.415535714285714,7.739387096774193,10.956533333333336,13.744903225806452,15.542866666666669,16.307933333333335,0.0,0.0,0.0,0.0,0.0,0.0,0.0,0.0,0.0,0.0,0.0,0.0,0.0,0.0,1.0,28.0,28.0,26.0,22.0,14.0,7.0,0.0,76.893,182.613,275.959,371.263,489.744,620.0045,0.0,1.2095,2.9845,4.487,6.0665,8.1325,10.1295,7.839,7.474500000000001,7.001,6.9005,6.905,7.543,7.785,3.75,3.9687965,0.00021196079271999774,0.014558873332782236,5,train,4.01489126,0.0004184140703779932,0.020455172215798945,5,train
CN054,13.005,1.461,2009,0.0,0.0,0.0,27.262,118.82899999999998,319.847,424.917,2.07,93.794,156.052,221.459,317.001,469.896,571.783,-0.012,-12.87807142857143,13.87741935483871,-10.3752,-55.445193548387095,-65.53483333333334,7.038357142857145,2.07,3.275857142857143,2.008322580645161,2.180233333333333,3.082,5.0965,7.277642857142857,16715764.0,18179483.535714287,22031398.967741936,23573829.4,22988341.451612905,21430194.633333333,18560738.5,1.319,0.8587142857142858,1.6013225806451612,6.310033333333333,9.273774193548388,13.0206,13.825,7.159,6.219964285714285,6.614935483870967,11.6859,14.679870967741936,18.21583333333333,18.554285714285715,-4.02,-4.502892857142857,-3.4332903225806453,0.7116666666666667,4.613612903225806,8.652,10.166,1.0,28.0,31.0,15.0,0.0,0.0,0.0,0.0,0.0,0.0,0.0,0.0,0.0,0.0,1.0,21.0,30.0,29.0,28.0,19.0,7.0,0.0,41.121,101.909,170.278,258.65,369.243,476.2905,0.0,0.8245,1.944,3.057,4.27,5.66,6.4625,5.973,5.885,5.808,5.7895,5.831,5.9215,6.3385,6.343,5.83643802,0.0010913598515570142,0.033035735977226456,5,train,5.9378648599999995,0.0004690764978929916,0.021658173927942115,5,train
CN061,12.801,1.465,2009,0.0,2.4189999999999987,80.41,332.917,693.283,1240.312,1512.859,0.0,21.751,47.661,74.123,169.674,204.717,251.043,0.0,-12.790074074074074,-49.65293548387097,-134.386,-206.46612903225807,-301.8537666666667,-397.271,0.0,0.8055925925925926,0.8358064516129032,0.8820666666666667,3.0822903225806453,1.1681,3.309,0.0,11412205.314814815,16890521.725806452,19804824.066666663,19281999.491935484,24319457.966666665,21718836.785714287,0.0,3.4490000000000003,7.736548387096774,14.684433333333336,17.944709677419358,24.5543,25.787642857142856,0.0,8.285518518518519,13.644870967741936,20.66863333333333,23.34138709677419,30.775133333333333,30.85371428571429,0.0,-1.1516296296296298,1.9471935483870968,8.420533333333333,12.34867741935484,17.7381,20.190428571428573,0.0,24.0,11.0,0.0,0.0,0.0,0.0,0.0,0.0,0.0,0.0,0.0,0.0,0.0,0.0,27.0,29.0,28.0,26.0,27.0,11.0,0.0,28.98,86.35,181.573,293.565,402.773,510.6795,0.0,0.5585,1.585,2.776,4.3245000000000005,5.9325,7.2995,0.0,3.948,3.931,3.685,3.957,3.42,3.6085,4.52,4.58401562,5.4754503621997503e-05,0.007399628613788499,5,train,4.60947758,3.08543206019993e-05,0.005554666560829669,5,train
CN062,12.84,1.465,2009,0.0,0.0,21.62,209.101,500.95,946.345,1282.834,0.0,8.723,22.815,32.554,61.62,79.547,123.291,0.0,-14.621210526315789,-57.71241935483871,-162.88156666666666,-291.419,-440.9995333333334,-564.2875238095238,0.0,0.4591052631578948,0.4545806451612903,0.3246333333333334,0.9376129032258064,0.5975666666666667,2.083047619047619,0.0,13837769.89473684,18342463.80645161,21658205.966666665,22324308.80645161,24995653.766666666,20499599.76190476,0.0,-0.437578947368421,4.291161290322581,12.567233333333332,15.73448387096774,21.1665,22.343285714285717,0.0,5.050368421052632,10.744709677419356,19.09113333333333,21.97561290322581,27.63426666666667,28.09909523809524,0.0,-5.891842105263159,-2.211193548387097,5.2763,9.042032258064516,13.884433333333334,16.535,0.0,19.0,25.0,2.0,0.0,0.0,0.0,0.0,0.0,0.0,0.0,0.0,0.0,0.0,0.0,19.0,31.0,30.0,30.0,30.0,20.0,0.0,14.1065,37.343,73.906,138.727,240.019,362.693,0.0,0.249,0.677,1.239,2.1065,3.4850000000000003,4.892,0.0,3.154,3.021,2.5275,2.785,2.4415,3.075,5.066,5.12801686,0.0001606307737980025,0.012674019638536248,5,train,5.153619239999999,0.00015937098980299964,0.01262422234448521,5,train
CN063,13.39,1.445,2009,0.0,0.0,2.4659999999999997,94.99,251.332,542.675,788.8489999999999,0.0,10.123,33.627,65.606,129.902,185.662,253.962,0.0,-15.312888888888889,-42.19490322580645,-119.15603333333334,-184.0131290322581,-262.7080666666667,-311.6545238095238,0.0,0.5623888888888889,0.7581935483870968,1.0659666666666667,2.074064516129032,1.8586666666666667,3.2523809523809524,0.0,15837445.555555556,19486369.032258064,21647594.966666665,21281494.677419357,23525753.0,18572838.095238097,0.0,-1.3311111111111111,1.114032258064516,9.057,11.349645161290322,16.031433333333332,18.042571428571428,0.0,3.8906111111111112,7.234806451612903,15.244933333333334,16.927096774193547,21.7619,22.92252380952381,0.0,-6.842222222222222,-5.23641935483871,2.2577,5.869258064516129,10.218833333333333,13.239285714285714,0.0,18.0,31.0,7.0,0.0,0.0,0.0,0.0,0.0,0.0,0.0,0.0,0.0,0.0,0.0,18.0,30.0,29.0,30.0,28.0,17.0,0.0,13.608,37.418,78.307,154.874,270.404,401.173,0.0,0.191,0.5885,1.159,2.042,3.4425,4.789,0.0,4.073,4.148,3.9885,4.236,3.96,4.275,8.19,8.1419277,0.0023523227382000102,0.04850074987255362,5,train,8.01255114,0.0037139154101479797,0.06094190192427522,5,train
CN064,12.016,1.441,2009,0.0,0.0,39.883,257.757,602.6999999999999,1109.745,1436.994,0.0,3.396,14.135,19.183,40.665,47.3,70.224,0.0,-22.37690476190476,-80.25912903225806,-197.73466666666667,-344.4145806451613,-515.8049333333333,-662.396888888889,0.0,0.1617142857142857,0.3464193548387096,0.1682666666666666,0.6929677419354838,0.2211666666666666,1.2735555555555556,0.0,14159345.61904762,18133787.43548387,21329733.433333334,22689274.69354839,26149320.866666667,22769267.388888888,0.0,0.9304761904761903,5.300322580645162,13.574033333333334,17.447193548387094,23.2215,24.5005,0.0,7.152571428571429,11.682903225806452,20.35773333333333,23.836161290322583,30.14383333333333,30.66883333333333,0.0,-4.804380952380952,-1.3184516129032258,6.2972,10.440677419354838,15.248666666666669,18.01783333333333,0.0,21.0,24.0,1.0,0.0,0.0,0.0,0.0,0.0,0.0,0.0,0.0,0.0,0.0,0.0,21.0,31.0,30.0,29.0,30.0,17.0,0.0,13.3645,34.815,65.833,120.146,211.749,317.9185,0.0,0.216,0.591,1.032,1.72,2.902,4.0965,0.0,3.438,3.35,2.811,2.784,2.2220000000000004,2.924,7.271,7.1723732600000005,0.0002669292056880074,0.016337968223986952,5,train,7.17437084,0.0005545558976530053,0.023549010545095207,5,train
CN065,13.176,1.431,2009,0.0,0.0,23.373999999999995,190.936,491.247,903.528,1310.983,0.0,8.08,31.811,87.012,143.888,194.138,210.117,0.0,-3.4595333333333333,-23.466,-78.48933333333333,-144.2293870967742,-255.5857333333333,-379.90656,0.0,0.5386666666666666,0.7655161290322581,1.8400333333333332,1.8347096774193548,1.675,0.63916,0.0,12505225.866666667,16093399.225806452,19379400.166666668,23577653.35483871,24293830.23333333,24348590.08,0.0,-6.3314,3.192483870967742,11.905399999999998,16.007451612903225,20.0627,22.6182,0.0,-0.6231333333333333,9.136258064516127,17.797633333333334,21.868935483870967,25.516133333333336,28.16976,0.0,-11.941466666666669,-3.19883870967742,5.3495,9.49783870967742,14.270533333333333,16.72264,0.0,15.0,23.0,0.0,0.0,0.0,0.0,0.0,0.0,0.0,0.0,0.0,0.0,0.0,0.0,15.0,30.0,27.0,29.0,29.0,25.0,0.0,5.099,19.005,56.508,124.516,231.9,374.247,0.0,0.202,0.6365,1.262,2.167,3.5885,5.094,0.0,3.151,3.009,2.91,2.994,2.8625,2.639,8.991,9.0794416,0.0007825434263000257,0.027973977663178787,5,train,9.058022900000001,0.0032981840153000026,0.05742981817227008,5,train
CN011,14.819,1.511,2010,0.0,0.0,3.416999999999999,67.326,445.68,937.471,1184.845,0.0,7.382,36.538,68.227,116.086,188.729,249.894,0.0,-14.191076923076924,-43.48635483870968,-97.8828,-181.82664516129032,-265.5464,-326.4734615384615,0.0,0.2839230769230769,0.940516129032258,1.0563,1.543838709677419,2.4214333333333333,4.705,0.0,12485184.557692308,16211347.935483873,19304025.73333333,21898169.677419357,22945605.9,18145408.384615384,0.0,-3.2039230769230773,1.1571612903225807,7.9347,18.524967741935484,22.71303333333333,25.34876923076923,0.0,2.248423076923077,6.292,13.8963,24.760451612903225,28.285833333333336,30.19323076923077,0.0,-7.522807692307692,-3.266741935483871,2.6065666666666667,12.311129032258064,17.426266666666667,20.268615384615387,0.0,26.0,28.0,7.0,0.0,0.0,0.0,0.0,0.0,0.0,0.0,0.0,0.0,2.0,0.0,26.0,30.0,29.0,28.0,26.0,9.0,0.0,15.239,41.419,81.368,153.333,273.047,404.027,0.0,0.363,0.983,1.728,2.807,4.8885,6.714,0.0,3.806,3.831,3.8005,3.741,3.682,3.38,5.62,5.72036926,5.8779215862997054e-05,0.0076667604542594815,5,train,5.70632944,0.00010869054349300298,0.010425475696245374,5,train
CN012,14.794,1.439,2010,0.0,0.0,16.253,143.39499999999998,582.508,1114.384,1379.0,0.0,5.82,17.106,39.907,92.09,152.592,225.075,0.0,-15.03516,-57.93222580645162,-140.19083333333336,-239.34390322580649,-353.4557666666667,-409.64515384615385,0.0,0.2328,0.3640645161290323,0.7600333333333332,1.6833225806451613,2.0167333333333333,5.575615384615385,0.0,11931488.58,16453355.903225806,19966556.666666668,21671734.080645163,23380021.2,19373303.07692308,0.0,-1.21308,3.283354838709678,10.545033333333333,20.484935483870967,24.0492,26.67507692307692,0.0,4.00012,8.643903225806453,16.41946666666667,26.72441935483871,30.022133333333333,31.60592307692308,0.0,-5.15996,-1.3370000000000002,5.194633333333333,14.760548387096774,18.825733333333336,22.16369230769231,0.0,25.0,22.0,1.0,0.0,0.0,0.0,0.0,0.0,0.0,0.0,0.0,0.0,2.0,0.0,25.0,30.0,30.0,29.0,26.0,8.0,0.0,12.982499999999998,35.443,78.237,163.066,275.399,388.4075,0.0,0.297,0.819,1.3784999999999998,2.3815,4.3165,5.457,0.0,4.089,4.085,4.0045,3.984,3.911,3.937,5.49,5.41235462,5.994190328199876e-05,0.007742215657161634,5,train,5.4183732,8.41444057950056e-05,0.009173025989007422,5,train
CN013,14.781,1.481,2010,0.0,0.0,8.606999999999998,99.384,491.198,1005.028,1258.692,0.0,9.635,25.888,51.427,92.672,137.445,184.917,0.0,-12.6108,-51.20519354838709,-127.9277,-228.97387096774196,-347.69593333333336,-418.3205384615385,0.0,0.3853999999999999,0.5242903225806451,0.8513000000000001,1.3304838709677418,1.4924333333333333,3.651692307692308,0.0,11947393.24,16483037.91935484,19972458.9,22004693.54838709,23380909.03333333,19882907.615384616,0.0,-2.1892,2.482741935483871,9.105233333333333,18.95916129032258,23.447666666666667,25.832615384615387,0.0,3.16908,7.865290322580645,15.0011,25.099129032258062,29.3119,30.828,0.0,-6.42716,-2.224806451612903,3.8139,12.973870967741936,17.9178,20.96938461538461,0.0,25.0,24.0,1.0,0.0,0.0,0.0,0.0,0.0,0.0,0.0,0.0,0.0,0.0,0.0,25.0,30.0,30.0,29.0,28.0,9.0,0.0,14.255,41.034,92.742,179.249,289.611,408.128,0.0,0.323,0.927,1.665,2.8575,4.5495,6.077,0.0,4.077,4.04,3.919,3.814,3.6485,3.912,5.214,5.20570174,0.00020518193652800773,0.01432417315337984,5,train,5.22504008,0.00020996352383200763,0.014490118144170103,5,train
CN014,14.597,1.473,2010,0.0,0.0679999999999996,4.218999999999999,68.55,380.301,831.911,1075.047,0.0,18.597,39.456,82.085,116.9,155.978,201.272,0.0,-9.40672,-42.80129032258064,-109.62166666666668,-195.55067741935483,-311.9402666666667,-376.8912142857143,0.0,0.7438800000000001,0.6728709677419356,1.4209666666666665,1.1230645161290322,1.3026000000000002,3.235285714285714,0.0,12846304.98,16414415.935483873,20209353.383333333,21947048.16129032,23952284.7,21369018.214285716,0.0,-1.79588,2.126161290322581,7.495500000000001,16.376483870967743,21.37366666666667,23.686857142857143,0.0,3.94124,7.545645161290322,13.729233333333331,22.460612903225805,27.6487,28.840714285714284,0.0,-6.41708,-2.7310322580645163,1.8343666666666667,10.158677419354838,15.1323,18.48928571428572,0.0,25.0,26.0,10.0,0.0,0.0,0.0,0.0,0.0,0.0,0.0,0.0,0.0,0.0,0.0,24.0,31.0,28.0,29.0,29.0,12.0,0.0,14.003,37.972,70.771,115.763,191.369,296.52750000000003,0.0,0.303,0.8880000000000001,1.495,2.2655000000000003,3.6025,5.013999999999999,0.0,4.551,4.558,4.4175,4.262,3.7225,4.2365,4.95,4.96978758,6.695773489200081e-05,0.00818277061220714,5,train,4.98551374,9.400871268800332e-05,0.009695809026997352,5,train
CN015,13.312,1.479,2010,0.0,0.0,0.0,19.394,287.538,780.4499999999999,1013.874,0.0,4.611,21.751,51.189,143.306,167.405,192.325,0.0,-8.649304347826087,-35.66777419354839,-98.11733333333332,-147.43396774193548,-254.73286666666667,-355.66221428571424,0.0,0.2004782608695652,0.5529032258064517,0.9812666666666666,2.971516129032258,0.8033,1.78,0.0,12149632.260869564,16470452.903225806,19247493.933333334,19414770.451612905,24449186.73333333,20518900.285714287,0.0,-10.93504347826087,-4.916806451612903,4.021766666666666,14.969806451612904,22.7504,22.993142857142857,0.0,-5.177652173913043,0.8942903225806451,9.8206,20.89874193548387,29.058366666666664,28.124571428571432,0.0,-15.773565217391305,-10.423258064516128,-1.6402333333333334,9.129,16.121866666666666,17.830571428571428,0.0,23.0,30.0,19.0,0.0,0.0,0.0,0.0,0.0,0.0,0.0,0.0,0.0,0.0,0.0,23.0,31.0,29.0,27.0,30.0,14.0,0.0,17.13,47.142,85.35,130.353,213.298,333.4835,0.0,0.352,0.9645,1.63,2.3645,3.7425,5.249499999999999,0.0,3.977,3.961,3.898,4.392,3.781,3.842,6.066,6.0518968,8.931268155500349e-05,0.009450538691260064,5,train,6.0522443,9.727538214499712e-05,0.009862828303534292,5,train
CN021,14.162,1.52,2010,0.0,0.0,2.049999999999999,35.427,324.471,793.102,1010.178,0.0,16.041999999999998,45.059,101.734,202.693,239.089,292.889,0.0,-8.749307692307692,-27.03074193548387,-67.20273333333334,-83.06683870967743,-170.17713333333333,-221.658,0.0,0.6169999999999999,0.936032258064516,1.8891666666666669,3.256741935483871,1.2132,4.138461538461538,0.0,12010472.576923076,16303492.677419355,17779730.183333334,17916742.85483871,23301183.166666668,18041977.384615384,0.0,-7.673923076923076,-1.9981290322580645,5.893,15.644,21.941033333333333,23.018153846153844,0.0,-2.6094615384615385,2.983838709677419,10.846633333333331,20.93122580645161,27.6064,27.25338461538461,0.0,-12.067653846153847,-6.454741935483871,1.3505,10.842129032258065,16.4614,19.433230769230768,0.0,26.0,29.0,13.0,0.0,0.0,0.0,0.0,0.0,0.0,0.0,0.0,0.0,0.0,0.0,25.0,30.0,26.0,25.0,28.0,10.0,0.0,15.6715,43.528,80.009,128.756,228.957,375.7265,0.0,0.391,1.0715,1.803,2.6725000000000003,4.324,6.304,0.0,4.786,4.809,4.909,5.209,4.55,4.922,5.497,5.5672468,0.00012330045359499928,0.011104073738723068,5,train,5.565083,0.00013107469167500103,0.011448785598263294,5,train
CN022,13.895,1.483,2010,0.0,0.0,0.0,14.102,278.324,773.732,989.224,0.0,17.711,52.884,118.286,244.873,279.461,344.318,0.0,-3.913107142857143,-4.037709677419355,-25.350366666666662,-3.6280967741935486,-93.86906666666668,-134.41914285714284,0.0,0.6325357142857142,1.1346129032258063,2.180066666666667,4.083451612903226,1.1529333333333334,4.632642857142857,0.0,11479195.714285716,15538711.483870968,17546050.066666666,18330489.43548387,23657734.0,17513532.85714286,0.0,-13.24875,-6.187129032258065,3.5510333333333337,14.843290322580645,22.8336,21.712285714285716,0.0,-7.829964285714285,-1.0926774193548383,8.320833333333333,20.25467741935484,28.608,25.802071428571427,0.0,-18.19746428571429,-11.509580645161291,-1.1889666666666665,9.68590322580645,17.006333333333334,18.281142857142857,0.0,28.0,30.0,19.0,0.0,0.0,0.0,0.0,0.0,0.0,0.0,0.0,0.0,0.0,0.0,27.0,30.0,25.0,25.0,29.0,10.0,0.0,11.055,32.113,62.438,106.585,200.823,349.4415,0.0,0.4585,1.1785,1.876,2.7205000000000004,4.2475000000000005,6.121499999999999,0.0,5.2065,5.243,5.285,5.632,4.7815,5.453,6.204,6.2319841,0.0002580207538600013,0.016063024430660662,5,train,6.2323045,0.00016639429234500296,0.01289939116179531,5,train
CN023,14.269,1.486,2010,0.0,0.0,0.0,13.262999999999998,260.984,764.7249999999999,945.07,0.0,14.757,44.554,89.775,189.948,233.389,285.093,0.0,-0.709,0.835354838709678,-20.994833333333336,-23.20616129032258,-114.1405,-156.52158333333333,0.0,0.5270357142857143,0.9611935483870968,1.5073666666666667,3.231387096774194,1.4480333333333335,4.308666666666666,0.0,10591250.285714284,15038569.225806452,18118092.23333333,18435825.0,23753235.0,16917959.041666668,0.0,-17.36357142857143,-8.561322580645161,2.6568,14.310999999999998,23.111366666666665,21.34875,0.0,-11.524107142857144,-3.078225806451613,7.5903,19.685129032258065,29.035833333333336,25.391583333333333,0.0,-22.715785714285715,-14.54241935483871,-2.446433333333333,8.874709677419354,17.142666666666667,17.813,0.0,28.0,31.0,23.0,0.0,0.0,0.0,0.0,0.0,0.0,0.0,0.0,0.0,0.0,0.0,28.0,30.0,27.0,26.0,29.0,10.0,0.0,4.305,15.106,37.745,80.014,177.394,332.7025,0.0,1.022,2.052,2.756,3.6725,5.395,7.423,0.0,5.4045000000000005,5.426,5.499499999999999,5.646,5.0455000000000005,5.3895,5.285,5.3110205399999995,0.00022291999510800503,0.014930505520845736,5,train,5.33926016,0.00014649562339299528,0.012103537639590966,5,train
CN031,12.706,1.42,2010,12.825,59.094,140.65099999999998,310.24,719.0559999999999,1218.921,0.0,20.117,97.351,241.326,360.794,437.817,552.929,0.0,-2.3145833333333337,29.614178571428567,95.81574193548389,140.0262,119.07177419354838,70.9078,0.0,1.6764166666666669,2.7583571428571427,4.644354838709678,3.982266666666667,2.4846129032258064,3.8370666666666655,0.0,9559745.5,10089787.39732143,13580325.782258064,16563964.95,19262168.0,18009613.35,0.0,5.949333333333333,6.543,8.437967741935484,11.972966666666668,19.507612903225805,22.982166666666668,0.0,9.527333333333331,10.162464285714284,12.467935483870969,15.975366666666668,23.351290322580645,26.3456,0.0,2.647,3.2645000000000004,4.987967741935484,8.516233333333334,16.05848387096774,20.21183333333333,0.0,4.0,7.0,3.0,0.0,0.0,0.0,0.0,0.0,0.0,0.0,0.0,0.0,0.0,0.0,10.0,23.0,23.0,25.0,27.0,25.0,0.0,20.387,68.117,159.491,274.005,389.927,484.873,0.0,0.329,0.894,2.177,3.844,5.229,6.1615,0.0,6.4025,6.6225000000000005,6.812,6.782,6.418,6.148999999999999,0.0,6.659,6.6595873999999995,3.194417443500115e-05,0.005651917766121615,5,train,6.65342834,2.814172707799781e-05,0.005304877668523357,5,train
CN032,13.994,1.439,2010,0.0,25.936,89.08399999999999,248.666,675.2439999999999,1209.176,1469.638,3.151,71.545,134.707,234.548,304.88100000000003,357.629,467.766,1.92,15.379464285714286,31.07725806451613,20.709733333333336,-17.349387096774194,-84.66253333333334,-128.7159166666667,3.151,2.4426428571428573,2.037483870967742,3.328033333333333,2.268806451612903,1.7582666666666669,9.178083333333332,9384488.0,10453471.066964284,14482311.370967742,18306185.10833333,19899991.741935484,21824342.28333333,17953101.625,5.644,4.401142857142857,7.0400322580645165,11.587566666666667,20.08058064516129,24.117733333333334,28.025166666666667,9.346,8.816285714285714,11.68774193548387,16.438666666666666,24.923548387096773,28.7316,31.75625,2.565,0.4758214285714285,2.8998709677419354,6.932033333333333,15.283161290322582,19.781466666666667,24.842,0.0,13.0,7.0,0.0,0.0,0.0,0.0,0.0,0.0,0.0,0.0,0.0,0.0,0.0,1.0,24.0,28.0,26.0,26.0,29.0,6.0,0.0,49.658,151.754,303.724,485.459,631.707,746.8435,0.0,0.8225,2.4795,4.3870000000000005,6.678000000000001,8.791,10.159,5.721,5.771,5.749,5.641,5.301,5.0435,5.351,5.412,5.344095,5.019201666500098e-05,0.007084632429773684,5,train,5.355202220000001,4.7538451776996995e-05,0.006894813396822063,5,train
CN033,12.565,1.447,2010,29.872,100.405,216.448,419.62,845.704,1196.679,0.0,45.148,167.964,336.151,475.742,656.702,809.828,0.0,-1.2068947368421048,75.88489285714286,178.65793548387097,234.95113333333333,283.7515483870968,322.7095909090909,0.0,2.3762105263157896,4.386285714285714,5.425387096774194,4.653033333333334,5.83741935483871,6.960272727272727,0.0,9732228.967105264,9806297.267857144,13825646.887096774,15413675.208333334,16967283.387096774,16534111.818181818,0.0,6.522263157894737,7.435071428571429,9.58158064516129,13.0864,20.06464516129032,22.27340909090909,0.0,11.065947368421051,11.571285714285713,14.333354838709678,17.488133333333334,24.046096774193547,25.76790909090909,0.0,2.631210526315789,3.8807857142857145,5.467967741935484,9.249,16.39122580645161,19.300727272727272,0.0,5.0,8.0,3.0,0.0,0.0,0.0,0.0,0.0,0.0,0.0,0.0,0.0,0.0,0.0,16.0,19.0,21.0,23.0,20.0,16.0,0.0,20.427,66.494,148.507,244.531,350.759,462.644,0.0,0.671,2.0785,3.9825,5.606,7.502000000000001,9.693,0.0,7.273,7.621499999999999,7.658,7.627499999999999,7.466,7.398999999999999,0.0,4.455,4.416619,1.5169185495001524e-05,0.003894763856128061,5,train,4.43504506,7.068709308000913e-06,0.0026587044416408745,5,train
CN034,13.843,1.492,2010,1.597999999999999,37.93099999999999,125.007,311.732,757.2429999999999,1314.036,1498.424,5.636,92.432,174.553,275.975,353.223,435.493,492.129,-0.3566666666666667,24.28010714285714,60.78429032258064,60.68663333333333,33.496096774193546,-13.853333333333335,-51.45,1.8786666666666667,3.099857142857142,2.649064516129032,3.380733333333333,2.4918709677419355,2.7423333333333333,7.0795,10291469.0,10241307.25892857,14358063.838709677,17879732.916666668,19288866.35483871,21409495.566666663,18975221.375,6.472333333333334,4.939357142857142,7.848161290322581,12.484466666666666,20.691322580645163,24.87976666666667,29.3685,11.023333333333332,9.193035714285717,12.492258064516127,17.353366666666666,25.505774193548387,29.291866666666667,33.045375,2.273,1.047857142857143,3.5168064516129034,7.704133333333333,15.793967741935484,20.51783333333333,26.04475,1.0,11.0,5.0,0.0,0.0,0.0,0.0,0.0,0.0,0.0,0.0,0.0,0.0,0.0,3.0,23.0,27.0,24.0,25.0,28.0,3.0,0.0,54.664,163.058,312.47,481.129,622.1,716.576,0.0,1.0975,2.838,4.702,6.905,9.0905,10.273,6.046,6.248,6.26,6.195,5.855,5.5335,5.888,4.109,4.27541354,0.00014680199872800737,0.0121161874666913,5,train,4.300279420000001,4.073660504699799e-05,0.006382523407477483,5,train
CN035,11.511,1.369,2010,108.424,257.419,490.729,764.6759999999999,1225.03,1264.208,0.0,108.77,261.986,442.717,701.517,987.966,1005.428,0.0,30.4703,128.57492857142856,263.1239032258065,397.3554,546.2727741935485,648.8516666666667,0.0,3.6256666666666666,5.472,5.830032258064516,8.626666666666667,9.240290322580645,5.820666666666667,0.0,8826118.325,9499978.25,14557570.491935484,13602170.691666666,14993993.564516127,12457513.666666666,0.0,9.6734,11.186107142857145,13.721483870967742,15.451566666666666,21.170129032258064,19.37933333333333,0.0,14.2133,15.48567857142857,18.923,19.977866666666667,25.153580645161288,22.99133333333333,0.0,5.9851,7.587714285714286,9.17464516129032,11.8401,17.838290322580644,16.817333333333334,0.0,2.0,0.0,2.0,0.0,0.0,0.0,0.0,0.0,0.0,0.0,0.0,0.0,0.0,0.0,23.0,18.0,18.0,17.0,14.0,2.0,0.0,63.045,167.52100000000002,292.042,416.592,554.922,660.718,0.0,1.182,3.2965,5.4845,7.484,9.5875,11.296,0.0,8.056999999999999,8.376000000000001,8.399,8.484,8.391,8.319,0.0,3.793,3.7425477999999996,0.00012640763612499817,0.011243115054334282,5,train,3.7662986600000004,8.300383993300034e-05,0.009110644320408976,5,train
CN036,11.508,1.358,2010,41.39099999999999,153.82299999999998,337.767,596.722,1086.72,1183.695,0.0,99.01,276.997,562.561,839.303,1180.209,1193.79,0.0,16.213967741935484,143.74939285714285,365.6952258064516,531.5693,728.9141290322581,841.2066666666666,0.0,3.193870967741935,6.356678571428572,9.211741935483872,9.224733333333337,10.996967741935483,2.2635,0.0,8015110.064516129,9258008.8125,13105566.39516129,12520244.45,15432014.064516127,17568111.916666668,0.0,6.344451612903225,9.17067857142857,11.901612903225804,14.951833333333331,22.126387096774195,22.4825,0.0,10.406322580645162,13.259857142857143,16.729451612903226,19.156266666666667,26.16490322580645,26.579666666666668,0.0,2.912709677419355,5.529392857142858,7.547774193548387,11.0621,18.223129032258065,18.703166666666664,0.0,6.0,4.0,3.0,0.0,0.0,0.0,0.0,0.0,0.0,0.0,0.0,0.0,0.0,0.0,23.0,16.0,19.0,15.0,17.0,5.0,0.0,58.203,147.914,239.947,333.689,450.38,549.94,0.0,1.1975,2.7405,4.0545,5.621,7.464,9.01,0.0,7.434,7.919499999999999,8.047,8.293,8.395,8.2045,0.0,3.679,3.73168702,1.751149455699948e-05,0.00418467376948305,5,train,3.7499883600000006,2.22068475130004e-05,0.004712414191579556,5,train
CN037,14.446,1.493,2010,0.0,12.554999999999998,56.78,213.667,644.6899999999999,1191.262,1484.775,0.0,30.841,48.718,82.778,123.747,168.699,220.305,0.0,-4.90736,-36.538225806451614,-119.364,-222.65541935483876,-330.02503333333334,-387.8518571428572,0.0,1.23364,0.5766774193548386,1.1353333333333333,1.3215806451612904,1.4984,3.6861428571428574,0.0,10846907.945,16329677.225806452,20144363.933333334,21789920.0,23285680.216666665,21054454.60714286,0.0,2.1354,5.654516129032258,11.525933333333334,20.22396774193548,24.539066666666667,27.28521428571429,0.0,7.17384,10.825903225806451,17.0509,25.911290322580644,29.846,31.848357142857143,0.0,-2.10296,1.0770645161290324,6.440266666666667,14.74741935483871,19.44153333333333,22.978214285714284,0.0,19.0,11.0,0.0,0.0,0.0,0.0,0.0,0.0,0.0,0.0,0.0,0.0,1.0,0.0,24.0,31.0,29.0,28.0,29.0,11.0,0.0,19.4215,63.376000000000005,162.18800000000002,307.171,443.91,561.0645,0.0,0.372,1.2675,2.568,4.4105,6.2765,7.7165,0.0,4.871,4.78,4.439500000000001,4.238,4.12,4.303,6.381,6.30380606,2.1065222497995487e-05,0.004589686535918928,5,train,6.2972249,1.9124426345000525e-05,0.004373148333294964,5,train
CN041,14.925,1.468,2010,0.0,28.007,123.08299999999998,332.89,784.832,1369.133,1632.419,0.0,38.088,73.861,123.416,180.959,225.892,276.768,0.0,1.851222222222222,-25.013870967741934,-87.96000000000001,-152.72441935483872,-251.372,-323.80083333333334,0.0,1.4106666666666667,1.1539677419354837,1.6518333333333333,1.8562258064516128,1.4977666666666667,4.2396666666666665,0.0,10720709.462962965,15548320.58064516,18890500.6,19707150.66129032,23023252.266666666,19617462.58333333,0.0,3.618148148148148,8.010129032258064,13.271433333333333,20.898774193548388,25.7967,28.2605,0.0,8.469481481481482,13.098483870967742,18.663366666666665,26.13667741935484,30.9925,32.60041666666667,0.0,-0.5627037037037037,3.287774193548387,8.0786,15.781322580645162,20.7045,24.397,0.0,18.0,9.0,0.0,0.0,0.0,0.0,0.0,0.0,0.0,0.0,0.0,0.0,1.0,0.0,25.0,30.0,28.0,28.0,28.0,9.0,0.0,41.095,129.608,287.445,467.779,608.933,726.797,0.0,0.7065,2.311,4.275,6.5305,8.494499999999999,9.797,0.0,4.502,4.417,4.272,4.142,3.8825,4.281000000000001,5.552,5.46255834,8.851561674799975e-05,0.009408273845291693,5,train,5.46249816,9.023368215299766e-05,0.009499141127122896,5,train
CN042,13.08,1.433,2010,4.593999999999999,55.372,197.78,450.21,908.777,1478.196,1576.156,8.058,70.646,165.267,248.14,389.304,485.558,503.867,-0.1451999999999999,13.639107142857144,25.04241935483871,29.772700000000004,41.26412903225807,39.5737,-8.32225,1.6116,2.2352857142857143,3.052290322580645,2.762433333333333,4.553677419354838,3.2084666666666664,4.577249999999999,7617812.2,9604036.77232143,13606071.427419355,16689138.383333333,16630869.806451611,20578435.60833333,20440448.75,7.2388,6.0758214285714285,10.122516129032258,14.6975,21.11248387096774,25.300633333333334,30.81,11.5846,10.284035714285713,14.844032258064518,19.285766666666667,25.34422580645161,29.3442,34.4765,3.2356000000000003,1.8849285714285715,5.378774193548387,10.149466666666664,16.91809677419355,21.3279,27.7575,0.0,10.0,5.0,0.0,0.0,0.0,0.0,0.0,0.0,0.0,0.0,0.0,0.0,0.0,5.0,24.0,26.0,24.0,24.0,28.0,2.0,0.0,55.089,162.30700000000002,296.074,432.7,563.016,672.554,0.0,0.817,2.3705,4.148,6.039,8.1875,9.647,6.155,6.225,6.223,6.266,6.376,6.225,6.0855,4.912,4.80801194,1.145469475799881e-05,0.0033844785060624643,5,train,4.83171946,2.3286766077999367e-05,0.004825636339178427,5,train
CN043,12.106,1.391,2010,29.158999999999995,113.158,289.554,559.141,1032.595,1257.366,0.0,45.105,142.884,324.267,546.897,806.867,912.957,0.0,0.2547391304347828,52.440642857142855,125.36654838709676,253.3333,378.6434193548387,492.9462142857143,0.0,1.9610869565217397,3.492107142857143,5.851064516129033,7.421,8.386129032258063,7.577857142857143,0.0,7707355.641304348,9022834.142857144,12698971.451612905,13274184.466666669,14572035.64516129,15800408.69642857,0.0,6.52895652173913,8.029285714285715,11.62483870967742,15.306233333333331,21.59270967741936,22.375071428571427,0.0,10.211608695652174,11.895642857142857,16.182387096774193,19.371066666666664,25.29690322580645,25.8295,0.0,2.9701304347826087,4.246357142857143,7.256935483870968,11.4299,18.020806451612906,18.9665,0.0,5.0,7.0,2.0,0.0,0.0,0.0,0.0,0.0,0.0,0.0,0.0,0.0,0.0,0.0,21.0,22.0,18.0,20.0,17.0,11.0,0.0,34.458,97.147,186.344,281.70500000000004,391.347,505.9945,0.0,0.945,2.322,4.0760000000000005,5.636,7.399,9.232,0.0,7.126,7.388999999999999,7.409,7.598000000000001,7.784,7.779999999999999,0.0,5.76,5.63896092,3.479389503200083e-05,0.005898635014306346,5,train,5.6399997,2.027473179500128e-05,0.004502747138692254,5,train
CN044,11.814,1.393,2010,201.079,495.099,889.771,1318.406,1913.82,1964.978,0.0,61.161,137.766,204.491,431.706,700.855,765.097,0.0,10.452173913043476,30.776107142857143,19.485096774193547,64.07933333333332,192.5793870967742,329.0536666666667,0.0,2.659173913043478,2.7358928571428573,2.1524193548387096,7.573833333333334,8.682225806451614,21.414,0.0,9220036.847826088,10443258.160714284,15158362.85483871,13428251.583333334,16832614.79032258,11000851.5,0.0,15.062565217391306,16.820714285714285,19.05135483870968,20.607833333333332,25.52690322580645,23.372666666666664,0.0,18.774260869565214,20.74882142857143,23.46287096774194,24.249333333333333,29.17732258064516,26.305666666666667,0.0,11.82582608695652,13.628678571428573,15.288709677419355,17.612033333333333,22.49483870967742,21.134,0.0,0.0,0.0,0.0,0.0,0.0,0.0,0.0,0.0,0.0,0.0,0.0,0.0,0.0,0.0,20.0,26.0,28.0,19.0,14.0,1.0,0.0,54.181,145.923,256.03,367.282,500.078,603.918,0.0,1.114,3.0505,5.176,7.0520000000000005,9.15,10.9,0.0,6.783,6.8580000000000005,6.661,7.1065000000000005,7.247,7.859,0.0,4.443,4.46162502,1.0302459569991871e-06,0.001015010323592419,5,train,4.47135812,2.697066971998802e-06,0.0016422749380048402,5,train
CN045,12.411,1.496,2010,160.906,415.221,774.237,1164.332,1741.362,1827.715,0.0,143.955,193.211,241.4,503.59,801.412,848.21,0.0,48.02491666666666,103.7605,51.02083870967743,120.16943333333332,303.5228064516129,427.2086000000001,0.0,5.998125000000001,1.7591428571428571,1.554483870967742,8.739666666666666,9.607161290322582,9.3596,0.0,7331168.921875,10717712.625,14042002.0,11624281.1,15062559.048387095,16307658.2,0.0,13.024416666666667,15.40267857142857,17.90116129032258,19.32316666666667,24.93387096774193,23.5906,0.0,16.538708333333332,19.922464285714284,22.42961290322581,23.144266666666667,28.55003225806452,26.9324,0.0,9.847916666666666,11.49642857142857,13.942225806451614,15.99,21.62183870967742,20.4886,0.0,0.0,0.0,0.0,0.0,0.0,0.0,0.0,0.0,0.0,0.0,0.0,0.0,0.0,0.0,20.0,28.0,30.0,12.0,16.0,3.0,0.0,43.2375,114.637,203.214,296.538,411.599,506.505,0.0,1.0870000000000002,2.726,4.408,6.09,8.097999999999999,9.689,0.0,6.922499999999999,6.841,6.553,6.9765,7.221,7.325,0.0,3.87,3.98365498,2.7203568827000287e-05,0.005215704058609948,5,train,3.989476,4.255851054500081e-05,0.0065236884156894565,5,train
CN046,11.719,1.364,2010,118.33,560.917,1087.614,1663.123,2348.4,2492.829,0.0,2.997,19.197,39.005,140.39600000000002,318.29200000000003,356.695,0.0,-9.0335,-60.16514285714286,-168.3300322580645,-269.32643333333334,-278.78074193548383,-231.758,0.0,0.374625,0.5785714285714285,0.6389677419354839,3.3797,5.7385806451612895,5.486142857142857,0.0,12559334.75,14238955.089285716,18249437.741935484,18825488.933333334,20784407.48387097,18135910.14285714,0.0,21.11125,22.12667857142857,23.31022580645161,25.503633333333333,28.42570967741936,26.952714285714286,0.0,25.069,26.854535714285717,28.42758064516129,29.7801,32.68022580645161,30.227857142857143,0.0,18.134875,18.62664285714286,19.52258064516129,22.1877,25.217774193548387,24.300571428571427,0.0,0.0,0.0,0.0,0.0,0.0,0.0,0.0,0.0,0.0,0.0,0.0,0.0,0.0,0.0,8.0,28.0,31.0,25.0,21.0,5.0,0.0,0.0,100.952,247.068,387.794,541.487,651.151,0.0,0.603,2.091,3.897,5.359,7.377000000000001,9.192,0.0,6.25,5.986,5.418,5.7105,5.718,6.434,0.0,4.323,4.18691522,0.0003530032896370073,0.0187883817727075,5,train,4.2295292,0.0002479687713250005,0.015747024205385617,5,train
CN050,12.526,1.429,2010,17.296999999999997,89.62699999999998,281.101,546.179,966.874,1456.039,1477.954,8.219999999999999,38.636,133.001,244.092,431.451,588.912,589.871,-2.4915,-10.33532142857143,-11.707580645161288,37.0756,98.17780645161292,175.27113333333332,203.083,0.8219999999999998,1.0862857142857143,3.044032258064516,3.703033333333333,6.04383870967742,5.2487,0.959,7099289.7125,9019714.25892857,11770764.798387095,12658019.4,12429583.822580645,14677423.766666668,21815834.0,8.035,8.603821428571427,12.496580645161291,15.155933333333332,19.890806451612903,22.6255,28.235,11.503,12.22642857142857,16.627870967741938,18.84083333333333,23.420451612903225,25.86133333333333,31.208,4.468999999999999,4.945535714285714,8.13841935483871,11.1399,16.404903225806454,19.3341,24.64,0.0,0.0,0.0,0.0,0.0,0.0,0.0,0.0,0.0,0.0,0.0,0.0,0.0,0.0,10.0,28.0,25.0,22.0,21.0,23.0,1.0,0.0,41.949,113.557,196.162,303.988,462.351,595.681,0.458,1.515,3.249,4.957,6.9015,9.659,0.0,6.615,6.5845,6.573,6.7135,6.749,6.692,6.427,5.433,5.43542712,1.319625497700083e-05,0.0036326649965281455,5,train,5.43105232,3.4367662867002544e-05,0.005862393953582661,5,train
CN051,12.899,1.434,2010,4.859999999999999,69.102,234.316,476.911,883.264,1339.764,1579.774,1.456,26.905,74.882,141.954,255.026,387.754,468.547,-1.2574999999999998,-10.761178571428571,-45.30312903225806,-63.8384,-78.19035483870967,-40.341166666666666,-0.0433076923076893,0.728,0.9088928571428572,1.5476451612903224,2.2357333333333336,3.647483870967742,4.424266666666667,6.214846153846154,9599550.0,10884172.160714284,13393155.596774194,13744676.166666666,14074620.193548389,13672311.116666667,15261982.0,8.75,8.214607142857144,11.626806451612902,14.4065,19.42816129032258,21.53666666666667,24.782307692307693,12.9665,12.212928571428572,16.175451612903228,18.5555,23.336645161290324,24.9404,28.11053846153846,4.6525,4.305821428571429,6.769741935483871,10.019866666666667,15.52751612903226,18.2431,21.579384615384612,0.0,1.0,0.0,0.0,0.0,0.0,0.0,0.0,0.0,0.0,0.0,0.0,0.0,0.0,2.0,28.0,31.0,29.0,27.0,23.0,7.0,0.0,62.504000000000005,162.791,261.002,355.136,465.85,597.6610000000001,0.0,0.96,2.6695,4.047,5.6595,7.772,9.747,6.408,6.378,6.25,6.269500000000001,6.302,6.5375,6.698,4.936,4.9142279,4.54576570199999e-05,0.006742229380553579,5,train,4.94485274,4.640479141300337e-05,0.006812106239116017,5,train
CN052,13.061,1.533,2010,14.814,105.496,269.16,470.52,825.227,1175.635,1273.258,6.626,24.693,73.089,189.749,388.67,668.159,686.725,-6.576875,-37.86582142857143,-110.651,-122.75236666666666,-73.13799999999999,68.54733333333334,183.03733333333332,0.82825,0.64525,1.5611612903225809,3.8886666666666665,6.416806451612903,9.3163,3.094333333333333,12774770.875,15125269.07142857,16540494.048387095,14493539.15,15010758.64516129,11548664.666666666,20027854.83333333,7.949,8.392392857142857,11.272129032258064,13.032,17.762161290322577,18.00026666666667,22.5905,14.663625,14.944392857142857,17.778225806451612,18.441966666666666,22.468258064516128,21.3273,26.7775,2.635625,2.9836071428571427,5.9114516129032255,8.564433333333334,13.860967741935484,15.313433333333334,18.826,1.0,8.0,1.0,0.0,0.0,0.0,0.0,0.0,0.0,0.0,0.0,0.0,0.0,0.0,8.0,28.0,30.0,25.0,21.0,13.0,4.0,0.0,47.874,117.36,185.289,264.884,377.965,480.769,0.351,1.2205,2.4955,3.595,4.927,7.007499999999999,8.695,7.485,7.3255,7.064,7.1865000000000006,7.295,7.8675,7.8795,4.094,4.0496339,0.00015860625088000513,0.012593897366582162,5,train,4.0835044,0.00024685371208001513,0.015711578917474052,5,train
CN053,12.971,1.41,2010,5.015000000000001,162.971,414.369,712.489,1128.626,1505.563,1720.961,0.022,10.884,33.928,142.663,284.652,562.973,637.859,-3.758,-56.71614285714286,-173.23948387096775,-243.0139,-268.56209677419355,-173.18316666666666,-71.88813333333333,0.022,0.3879285714285714,0.7433548387096774,3.6245,4.5802903225806455,9.277366666666666,4.9924,18613362.0,18991133.39285714,20237541.93548387,19890116.266666666,20707509.870967746,14948292.433333334,18006702.933333334,11.335,11.898142857142858,14.429612903225806,16.257333333333335,19.743774193548383,18.884566666666668,20.679866666666666,18.459,18.65217857142857,20.70364516129032,22.4346,25.200387096774197,22.919933333333333,24.829,4.475,5.555428571428571,8.442064516129033,10.710366666666664,14.927709677419356,15.7408,17.311466666666668,0.0,0.0,0.0,0.0,0.0,0.0,0.0,0.0,0.0,0.0,0.0,0.0,0.0,0.0,1.0,28.0,31.0,22.0,23.0,10.0,11.0,0.0,63.586,150.05700000000002,226.99,304.501,400.162,510.22350000000006,0.0,1.04,2.568,3.872,5.224,7.1225000000000005,8.909500000000001,6.908,6.68,6.359,6.452,6.309,7.352,7.411,4.072,4.12863046,9.070071045800176e-05,0.009523692060225476,5,train,4.16760556,0.00014952525049300567,0.012228051786486909,5,train
CN054,13.005,1.461,2010,0.0,0.0,0.8669999999999991,15.189999999999994,103.13599999999998,285.037,391.136,0.542,43.052,222.002,477.804,671.706,845.254,931.645,-1.446,-11.246892857142855,14.03861290322581,163.97586666666666,258.68535483870966,328.43483333333336,376.2765,0.542,1.5182142857142855,5.77258064516129,8.526733333333333,6.254903225806452,5.784933333333333,6.170785714285714,17715452.0,18418702.07142857,20633944.677419357,22019938.466666665,21218119.16129032,20433272.466666665,18367106.42857143,-0.812,0.1708571428571428,3.358064516129033,6.2880666666666665,9.156967741935484,12.383366666666666,13.8985,5.166,5.427035714285714,8.486387096774195,11.259966666666664,13.933935483870968,17.4445,18.522142857142857,-6.717,-5.078928571428572,-2.303451612903226,0.7962333333333333,4.54941935483871,8.305033333333334,10.352285714285712,1.0,28.0,29.0,11.0,0.0,0.0,0.0,0.0,0.0,0.0,0.0,0.0,0.0,0.0,1.0,28.0,20.0,14.0,21.0,21.0,10.0,0.0,40.91,101.061,165.718,253.127,367.432,476.1375,0.0,0.7949999999999999,1.809,2.632,3.6305,4.941000000000001,5.919499999999999,5.525,5.4585,5.511,5.7,5.788,5.9855,6.1375,6.54,5.9437148,0.0017199045463399914,0.041471731894629035,5,train,6.06081188,0.000978722201757002,0.03128453614418795,5,train
CN061,12.801,1.465,2010,0.0,11.267999999999995,71.288,234.186,621.101,1137.068,1402.096,0.0,21.791,53.56,105.518,148.049,203.553,264.384,0.0,-7.610037037037036,-43.53403225806452,-106.16926666666669,-188.9510967741936,-288.2354,-352.5082857142857,0.0,0.807074074074074,1.0248064516129032,1.731933333333333,1.371967741935484,1.8501333333333327,4.345071428571429,0.0,12783583.583333334,15681561.241935484,19315853.48333333,19311742.40322581,22539484.2,20043805.0,0.0,1.4645185185185186,6.358064516129032,11.411633333333333,18.801129032258064,23.5189,25.250571428571423,0.0,6.78862962962963,11.770903225806451,17.210866666666668,24.495451612903228,29.0293,30.005071428571423,0.0,-3.294962962962963,1.0240967741935485,5.423033333333334,12.850516129032258,17.736366666666665,20.333142857142857,0.0,21.0,14.0,3.0,0.0,0.0,0.0,0.0,0.0,0.0,0.0,0.0,0.0,0.0,0.0,26.0,31.0,29.0,30.0,27.0,10.0,0.0,23.5495,71.441,153.092,258.689,373.793,484.9145,0.0,0.475,1.387,2.503,3.875,5.5915,6.8295,0.0,4.101,4.031,3.8625,3.761,3.5805,3.7535,4.501,4.5214876,7.347200338500528e-05,0.008571581148481607,5,train,4.56332722,2.9347237432001725e-05,0.005417309058195012,5,train
CN062,12.84,1.465,2010,0.0,0.0,10.999,88.0,370.7,806.283,1142.099,0.0,9.883,29.882,60.192,103.838,132.476,168.102,0.0,-6.413368421052631,-46.80925806451613,-122.264,-230.47122580645163,-352.41223333333335,-446.9921428571428,0.0,0.5201578947368422,0.6451290322580645,1.0103333333333333,1.4079354838709677,0.9546,1.6964761904761905,0.0,15019153.0,17258997.870967742,21232936.316666663,21541828.032258064,23109330.4,21435818.0,0.0,-2.2734736842105265,2.2047419354838707,7.892466666666666,15.439354838709678,20.83943333333333,22.311238095238096,0.0,3.909894736842105,8.044387096774194,14.135933333333332,21.496290322580645,26.6955,28.057809523809528,0.0,-8.24557894736842,-3.5368709677419354,1.3985999999999998,8.908645161290323,14.386233333333331,16.21609523809524,0.0,19.0,29.0,10.0,0.0,0.0,0.0,0.0,0.0,0.0,0.0,0.0,0.0,0.0,0.0,19.0,31.0,29.0,30.0,29.0,20.0,0.0,14.142999999999995,37.335,69.511,122.521,218.096,352.919,0.0,0.252,0.6995,1.203,1.9305,3.253,4.76,0.0,3.283,3.276,3.0855,3.028,2.8005,3.268,4.872,4.89682912,0.00012624576397201286,0.01123591402476954,5,train,4.95678142,0.0001509087322819992,0.012284491535346475,5,train
CN063,13.39,1.445,2010,0.0,0.0,2.0009999999999994,39.59299999999999,218.71,486.268,716.957,0.0,4.981,22.755,52.579,158.677,217.921,282.098,0.0,-11.398888888888887,-57.229516129032255,-134.3028,-206.0332258064516,-227.5412333333333,-264.80371428571425,0.0,0.2767222222222222,0.5733548387096774,0.9941333333333332,3.422516129032258,1.9748,3.05604761904762,0.0,16586481.333333334,19135476.451612905,22675463.53333333,21475967.90322581,20920902.55,19333279.52380952,0.0,-2.351166666666667,1.6311612903225807,6.220066666666667,12.04409677419355,15.2386,17.305190476190475,0.0,3.9142777777777775,8.213903225806451,12.859233333333332,17.983064516129033,20.2635,22.39304761904762,0.0,-8.783111111111111,-4.606096774193548,-0.2498,6.299,10.344066666666668,12.292904761904762,0.0,18.0,31.0,20.0,0.0,0.0,0.0,0.0,0.0,0.0,0.0,0.0,0.0,0.0,0.0,18.0,31.0,29.0,24.0,28.0,18.0,0.0,14.007,38.318,74.489,140.522,253.872,392.659,0.0,0.204,0.611,1.111,1.851,3.261,4.823,0.0,4.168,4.048,3.894,4.111,4.34,4.53,8.702,8.099160399999999,0.0005563744283000113,0.02358759055732508,5,train,8.0573608,0.0026336587607000044,0.05131918511336676,5,train
CN064,12.016,1.441,2010,0.0,6.777999999999999,34.075,130.755,457.76,930.272,1251.663,0.0,14.172,25.568,58.291,97.042,132.05100000000002,144.98600000000002,0.0,-4.7049047619047615,-59.799032258064514,-154.43386666666666,-266.68,-394.1507,-507.21972222222223,0.0,0.6748571428571429,0.3676129032258065,1.0907666666666669,1.250032258064516,1.1669666666666667,0.7186111111111111,0.0,14228896.452380951,17865055.35483871,21133465.241666667,21859356.451612905,23757951.916666668,22022232.722222224,0.0,-1.4233809523809524,3.7736451612903226,8.918800000000001,16.868548387096773,22.0704,24.17505555555556,0.0,4.359619047619047,9.695354838709678,15.3765,22.980967741935483,28.0228,30.025,0.0,-7.027761904761904,-2.306935483870968,1.9758,10.011322580645162,15.4693,17.917,0.0,17.0,25.0,7.0,0.0,0.0,0.0,0.0,0.0,0.0,0.0,0.0,0.0,0.0,0.0,20.0,31.0,29.0,30.0,28.0,18.0,0.0,12.851499999999998,33.27,60.052,103.081,190.045,307.3505,0.0,0.217,0.6055,1.013,1.578,2.7325,4.072,0.0,3.781,3.376,3.3600000000000003,3.404,3.3675,3.4645,7.422,7.2270939599999995,0.0009025928077080093,0.03004318238316323,5,train,7.199160000000001,0.0009750697768749827,0.03122610729621902,5,train
CN065,13.176,1.431,2010,0.0,0.0,0.8140000000000001,106.055,391.156,847.1709999999999,1269.122,0.0,20.161,67.855,106.654,158.704,208.865,240.533,0.0,1.0032666666666663,5.493516129032257,-21.3292,-107.81435483870968,-221.3644666666667,-341.7158,0.0,1.3440666666666667,1.5385161290322582,1.2933,1.679032258064516,1.6720333333333337,1.26672,0.0,10848493.333333334,15404735.58064516,21163097.9,23442377.096774194,23883032.066666663,23633013.12,0.0,-5.5778,-0.3660322580645161,9.276933333333334,15.516806451612904,21.5205,23.19804,0.0,-0.6945333333333333,5.237935483870968,15.190066666666668,21.21741935483871,27.002,28.80028,0.0,-10.655666666666669,-6.001483870967742,2.9501666666666666,9.430806451612904,15.8657,17.5666,0.0,15.0,31.0,8.0,0.0,0.0,0.0,0.0,0.0,0.0,0.0,0.0,0.0,0.0,0.0,15.0,30.0,30.0,30.0,29.0,25.0,0.0,3.013,12.348,41.31,99.528,205.762,362.472,0.0,0.205,0.673,1.285,2.0995,3.5105,5.158,0.0,3.512,3.504,3.3645,3.349,3.2805,3.03,9.4,8.910148699999999,0.0004412193659500255,0.021005222349454563,5,train,8.9958803,0.002691127858700011,0.05187608175932345,5,train
CN011,14.819,1.511,2011,0.0,0.0,13.347999999999995,167.82,523.1809999999999,1036.868,1271.96,0.0,10.707,11.229,27.796,56.087,162.935,196.231,0.0,-12.891653846153844,-65.46283870967741,-166.35826666666668,-278.93774193548387,-397.94986666666665,-417.3002307692308,0.0,0.4118076923076922,0.0168387096774193,0.5522333333333334,0.9126129032258063,3.5616,2.561230769230769,0.0,12312349.403846154,18316950.06451613,20492393.466666665,22958802.387096774,22826407.566666663,21601614.846153848,0.0,-2.552730769230769,4.005193548387097,11.412066666666668,17.783258064516126,23.4429,24.404,0.0,3.2658461538461534,10.906387096774194,17.9892,24.23748387096774,29.3919,29.335538461538462,0.0,-7.223653846153846,-2.043225806451613,4.755566666666667,11.319258064516127,17.553800000000003,19.806615384615384,0.0,26.0,29.0,2.0,0.0,0.0,0.0,0.0,0.0,0.0,0.0,0.0,0.0,0.0,0.0,26.0,31.0,30.0,30.0,27.0,12.0,0.0,17.0225,46.449,92.784,169.141,282.223,413.9835,0.0,0.411,1.078,1.852,3.1195,5.031000000000001,6.802,0.0,3.831,3.627,3.5175,3.373,3.547,3.822,6.43,6.28968408,0.0002023730058870042,0.014225786652660168,5,train,6.3073502,0.00023437211068499692,0.015309216527471185,5,train
CN012,14.794,1.439,2011,0.0,0.0,37.098,261.55,696.482,1261.702,1523.03,0.0,8.615,8.834,27.502,55.337,133.239,178.22,0.0,-14.60292,-76.16022580645162,-195.59116666666665,-325.7512258064516,-473.89293333333336,-512.2627692307692,0.0,0.3446,0.0070645161290322,0.6222666666666666,0.8979032258064517,2.5967333333333333,3.4600769230769237,0.0,12035404.8,18548876.774193548,20940122.133333333,23270054.54838709,22779438.73333333,21848247.384615384,0.0,-1.05556,6.297967741935484,13.801733333333337,20.35006451612903,25.160666666666668,26.422153846153847,0.0,5.03692,12.933709677419357,20.1846,26.570225806451614,31.02843333333333,31.31492307692308,0.0,-5.57776,0.3163225806451613,7.508166666666667,14.302612903225803,19.66303333333333,21.87823076923077,0.0,25.0,16.0,0.0,0.0,0.0,0.0,0.0,0.0,0.0,0.0,0.0,0.0,0.0,0.0,25.0,31.0,29.0,30.0,26.0,11.0,0.0,14.914,41.164,93.256,183.95,296.682,417.9935,0.0,0.344,0.9085,1.631,2.861,4.5225,6.0065,0.0,4.071,3.421,3.0625,3.115,3.661,3.892,5.584,5.5426085,9.582677908999965e-05,0.00978911533745515,5,train,5.555482700000001,5.200705118000106e-05,0.0072115914457213295,5,train
CN013,14.781,1.481,2011,0.0,0.0,25.608999999999995,200.107,557.687,1083.107,1326.84,0.0,11.218,12.035,29.696,71.665,132.653,169.644,0.0,-14.3764,-69.89970967741935,-180.3116,-287.2756129032258,-423.1018333333333,-472.8366923076923,0.0,0.44872,0.0263548387096774,0.5887,1.3538387096774194,2.0329333333333333,2.8454615384615383,0.0,12111308.8,18690562.93548387,21423283.6,22630163.870967746,23140456.3,21629053.384615384,0.0,-1.80212,4.943225806451613,12.0553,17.85483870967742,23.834,25.06869230769231,0.0,4.12208,11.509935483870969,18.6445,23.98364516129032,29.761000000000003,30.251384615384616,0.0,-6.44136,-1.0298709677419355,5.574233333333334,11.928354838709676,18.107533333333333,20.298615384615385,0.0,25.0,23.0,2.0,0.0,0.0,0.0,0.0,0.0,0.0,0.0,0.0,0.0,0.0,0.0,25.0,31.0,30.0,29.0,27.0,11.0,0.0,17.972,51.952,115.246,207.327,315.355,436.2675,0.0,0.388,1.0675,1.987,3.253,4.891500000000001,6.4025,0.0,4.015,3.834,3.714,3.583,3.5245,4.056,5.584,5.48337698,2.2713191570003864e-06,0.0015070896313757807,5,train,5.4856146,1.1935690684999747e-05,0.003454806895471836,5,train
CN014,14.597,1.473,2011,0.0,0.0,11.707999999999998,155.778,441.057,898.5219999999999,1118.934,0.0,18.474,23.756,40.115,98.217,134.262,197.832,0.0,-13.13924,-57.87577419354838,-150.45226666666667,-253.5054516129032,-380.89436666666666,-417.5239285714286,0.0,0.7389600000000001,0.1703870967741935,0.5453,1.8742580645161289,1.2015,4.5407142857142855,0.0,12616757.8,19184264.29032258,22182585.7,22276853.22580645,23632043.7,21236350.5,0.0,-1.83868,2.362387096774194,10.691566666666668,15.522548387096776,21.56883333333333,22.063714285714287,0.0,3.97536,8.922451612903226,17.627833333333335,21.936096774193548,27.681566666666665,27.251785714285717,0.0,-6.57504,-3.335322580645161,3.7766,9.17567741935484,15.336533333333334,17.25707142857143,0.0,25.0,29.0,5.0,0.0,0.0,0.0,0.0,0.0,0.0,0.0,0.0,0.0,0.0,0.0,25.0,31.0,30.0,28.0,29.0,12.0,0.0,15.121,41.397000000000006,76.759,122.359,196.184,303.3555,0.0,0.348,0.943,1.5759999999999998,2.3975,3.6945,5.134,0.0,4.408,4.378,4.1065000000000005,4.132,3.7875,4.353,5.19,5.1654917000000005,6.105979057999998e-05,0.007814076438069952,5,train,5.1815137,7.069776207000495e-05,0.008408196124615847,5,train
CN015,13.312,1.479,2011,0.0,0.0,0.2139999999999995,56.64399999999999,304.076,754.064,976.456,0.0,6.6690000000000005,9.295,25.138,82.468,128.007,171.474,0.0,-10.07495652173913,-48.679806451612905,-139.668,-238.4497741935484,-349.1911,-433.0180714285714,0.0,0.2899565217391304,0.0847096774193548,0.5281,1.8493548387096772,1.517966666666667,3.1047857142857143,0.0,11920403.782608695,17001934.967741936,20421558.133333333,22038327.51612903,22851794.366666667,21581033.85714286,0.0,-8.645608695652173,-2.363709677419355,7.5546,14.30167741935484,21.3196,22.205142857142857,0.0,-2.5888695652173914,3.789290322580645,14.214766666666666,20.52725806451613,27.2674,27.845785714285714,0.0,-13.77004347826087,-7.959032258064516,0.7850666666666667,7.975,15.163433333333334,16.90292857142857,0.0,23.0,31.0,10.0,0.0,0.0,0.0,0.0,0.0,0.0,0.0,0.0,0.0,0.0,0.0,23.0,31.0,30.0,29.0,29.0,12.0,0.0,15.951,45.684,85.273,131.362,208.669,322.1555,0.0,0.352,0.964,1.638,2.3915,3.6735,5.0440000000000005,0.0,3.967,3.842,3.619,3.798,3.653,3.7465,6.286,6.18792446,0.00023579887694300693,0.015355744102550256,5,train,6.224955,0.00028026088668498846,0.016740994196432553,5,train
CN021,14.162,1.52,2011,0.0,0.0,3.823,80.89399999999999,389.614,813.752,1033.173,0.0,6.162,8.945,36.84,92.528,203.057,229.904,0.0,-14.67403846153846,-60.66919354838709,-151.1922,-235.29325806451612,-305.10450000000003,-330.13046153846153,0.0,0.237,0.089774193548387,0.9298333333333334,1.7963870967741935,3.6843,2.065153846153846,0.0,11949412.26923077,17721796.51612903,20023120.966666665,22498630.16129032,19897592.35,20544808.384615384,0.0,-5.412961538461539,0.4494838709677419,8.664633333333335,16.278709677419354,20.457933333333337,23.19853846153846,0.0,0.1114999999999999,6.168322580645162,14.720466666666663,22.19035483870968,25.1509,27.73592307692308,0.0,-10.020384615384614,-4.574096774193548,2.7865333333333333,10.567096774193548,16.3084,19.09815384615385,0.0,26.0,30.0,7.0,0.0,0.0,0.0,0.0,0.0,0.0,0.0,0.0,0.0,0.0,0.0,26.0,31.0,30.0,27.0,24.0,11.0,0.0,16.871499999999997,48.044,88.009,140.921,246.272,398.0845,0.0,0.402,1.1195,1.863,2.8055000000000003,4.524,6.5775,0.0,5.039,4.799,4.5485,4.612,4.91,4.722,6.373,6.369395819999999,0.0002323720600719988,0.0152437547891587,5,train,6.37127336,0.0005348893247180129,0.02312767443384684,5,train
CN022,13.895,1.483,2011,0.0,0.0,0.9779999999999998,42.353,286.234,701.693,932.697,0.0,8.481,13.818,39.803,128.307,209.028,260.527,0.0,-7.834428571428572,-35.469,-110.86006666666668,-168.0731935483871,-208.9736333333333,-257.28578571428574,0.0,0.3028928571428571,0.1721612903225806,0.8661666666666666,2.854967741935484,2.6907,3.6785,0.0,11367285.80357143,16740072.483870968,19631924.6,20799323.35483871,21066183.7,21326134.5,0.0,-10.305607142857143,-2.740935483870968,6.794866666666667,14.187129032258063,20.16863333333333,22.820285714285717,0.0,-4.763892857142857,2.48083870967742,12.8008,19.70651612903226,25.18263333333333,27.53964285714286,0.0,-15.73607142857143,-7.889161290322581,0.6326,8.858612903225808,15.321,18.4755,0.0,28.0,31.0,12.0,0.0,0.0,0.0,0.0,0.0,0.0,0.0,0.0,0.0,0.0,0.0,28.0,31.0,30.0,26.0,25.0,12.0,0.0,9.675,36.348,74.684,121.065,210.513,356.1085,0.0,0.5035000000000001,1.3105,2.068,2.9555,4.428,6.2485,0.0,5.365,5.249,4.9565,5.125,5.1025,5.1425,7.163,7.200950880000001,0.00043393378305699214,0.020831077337886108,5,train,7.23065852,0.00038210039053700347,0.019547388330337215,5,train
CN023,14.269,1.486,2011,0.0,0.0,0.0,22.600999999999992,225.682,617.89,804.304,0.0,4.949,13.493,47.84,143.015,218.212,284.417,0.0,-4.999714285714285,-22.113064516129032,-81.43983333333334,-110.68335483870968,-132.23823333333334,-170.36066666666667,0.0,0.17675,0.2756129032258064,1.1449,3.0701612903225803,2.5065666666666666,5.517083333333333,0.0,10644726.625,15840997.612903226,18390239.933333334,19771189.580645163,20657348.9,20228537.08333333,0.0,-13.643642857142856,-5.435096774193548,5.4429333333333325,12.871,19.3936,21.8545,0.0,-7.709714285714285,0.1600967741935483,11.333733333333331,18.42983870967742,24.496266666666667,26.367166666666662,0.0,-19.310285714285715,-11.322096774193549,-0.7133333333333333,7.331870967741936,14.377066666666668,17.968083333333333,0.0,28.0,31.0,22.0,0.0,0.0,0.0,0.0,0.0,0.0,0.0,0.0,0.0,0.0,0.0,28.0,31.0,29.0,25.0,27.0,7.0,0.0,5.739,24.648,57.724,101.668,188.792,334.8535,0.0,1.172,1.9175,2.719,3.6445,5.2620000000000005,7.186,0.0,5.322,5.371,5.172,5.385,5.2295,5.509,5.652,5.58105052,8.224175989199561e-05,0.009068724270369874,5,train,5.6471105,0.00023274686179500172,0.015256043451530994,5,train
CN031,12.706,1.42,2011,0.0,21.795,86.67599999999999,332.16,762.486,1267.349,0.0,12.888,33.224000000000004,71.164,108.2,148.952,613.138,0.0,1.353083333333334,-19.474642857142857,-47.03706451612903,-108.85913333333332,-203.9344838709677,-53.94453333333335,0.0,1.074,0.7262857142857142,1.2238709677419355,1.2345333333333337,1.3145806451612905,15.472866666666668,0.0,10974473.895833334,11987942.830357144,17330332.33870968,21498633.3,20396735.40322581,15911806.766666668,0.0,1.327,5.236357142857143,8.076064516129032,14.5028,20.201483870967746,23.148766666666667,0.0,4.99325,9.489571428571429,12.581451612903225,19.262633333333333,24.655161290322575,26.5252,0.0,-1.8505833333333332,1.5553214285714283,3.863709677419355,9.9906,16.27551612903226,20.39613333333333,0.0,10.0,9.0,2.0,0.0,0.0,0.0,0.0,0.0,0.0,0.0,0.0,0.0,0.0,0.0,11.0,27.0,29.0,28.0,28.0,15.0,0.0,19.069,60.614,145.273,267.277,391.497,482.134,0.0,0.286,0.854,2.018,3.43,5.1015,6.2065,0.0,6.0525,6.077,6.081,5.72,5.275,6.689,0.0,6.603,6.626675059999999,2.688436105799321e-05,0.0051850131203299,5,train,6.624950579999999,5.685066441999733e-06,0.002384337736563286,5,train
CN032,13.994,1.439,2011,0.0,5.728999999999998,75.99699999999999,337.621,779.26,1323.14,1572.174,0.0,33.655,56.798,74.34,124.163,298.007,410.442,-1.688,-17.577392857142858,-45.48945161290322,-132.40883333333332,-245.7353225806452,-314.8176666666667,-242.98625,0.0,1.2019642857142858,0.7465483870967742,0.5847333333333332,1.6071935483870967,5.7948,9.369583333333331,14504074.0,12243966.732142856,18250272.35483871,22260985.53333333,21090964.90322581,19628810.066666663,16820128.75,-0.313,3.215357142857143,8.073548387096775,15.0408,20.566419354838708,24.449333333333332,27.07283333333333,7.036,8.586892857142857,13.714129032258064,21.0934,25.883709677419358,29.043966666666662,30.612916666666667,-6.734,-1.4337857142857142,2.6790967741935487,8.945933333333333,15.271806451612903,20.26653333333333,23.976916666666668,1.0,20.0,6.0,0.0,0.0,0.0,0.0,0.0,0.0,0.0,0.0,0.0,0.0,0.0,1.0,26.0,30.0,30.0,28.0,24.0,7.0,0.0,49.471,144.744,293.377,462.447,585.825,690.8810000000001,0.0,0.71,2.1965,4.076,6.161,7.816,9.086,5.166,5.221500000000001,5.173,4.7595,4.484,4.609999999999999,5.643000000000001,5.459,5.40985558,5.4254395562002084e-05,0.007365758315475881,5,train,5.42222358,5.7643545296996254e-05,0.007592334640741032,5,train
CN033,12.565,1.447,2011,0.0,39.039,126.811,404.988,850.461,1220.868,0.0,41.536,72.071,131.29,204.425,268.316,689.236,0.0,11.561631578947368,8.438678571428571,-0.9276129032258058,-31.811666666666667,-76.35077419354838,67.3024090909091,0.0,2.186105263157895,1.0905357142857144,1.910290322580645,2.4378333333333333,2.061,19.132727272727276,0.0,9781790.05263158,12328611.86607143,16422223.58064516,19341518.058333334,18535706.532258064,13537233.113636363,0.0,1.2637894736842106,6.080785714285715,8.943774193548387,15.592566666666666,20.69009677419355,23.15668181818182,0.0,4.6518421052631584,10.894357142857144,13.793774193548384,20.70403333333333,25.1771935483871,26.465818181818182,0.0,-1.814736842105263,1.935,4.47758064516129,10.674766666666669,16.494612903225807,20.500363636363637,0.0,15.0,10.0,0.0,0.0,0.0,0.0,0.0,0.0,0.0,0.0,0.0,0.0,0.0,0.0,18.0,27.0,28.0,26.0,29.0,9.0,0.0,19.902,61.037,136.77,239.503,356.888,469.954,0.0,0.7949999999999999,2.177,4.1610000000000005,5.876,7.863,9.965,0.0,7.163,7.061999999999999,7.01,6.8475,6.605,7.8145,0.0,4.716,4.63917234,4.522823589800229e-05,0.006725194116009016,5,train,4.6483272200000005,2.6676077957001162e-05,0.005164888958825849,5,train
CN034,13.843,1.492,2011,0.0,13.432999999999998,102.009,402.803,863.405,1424.304,1599.281,0.002,34.927,65.341,82.92699999999999,133.035,354.261,417.354,-2.875666666666666,-20.246857142857145,-44.477225806451614,-127.32233333333332,-245.75829032258065,-276.78856666666667,-211.127875,0.0006666666666666,1.2473214285714285,0.9810967741935483,0.5861999999999999,1.6163870967741931,7.3742,7.886625,14067392.666666666,12114246.348214284,17744333.20967742,21947427.016666666,21041129.06451613,19242012.5,18002751.625,-1.1776666666666669,3.99225,8.785967741935485,16.346466666666668,21.178129032258067,25.01663333333333,28.192125,5.270666666666667,9.410357142857142,14.365064516129031,22.309666666666665,26.46916129032258,29.4624,32.00125,-6.426333333333333,-0.7974642857142857,3.213451612903226,10.157766666666667,15.682903225806452,20.8043,24.829875,3.0,19.0,6.0,0.0,0.0,0.0,0.0,0.0,0.0,0.0,0.0,0.0,0.0,0.0,3.0,26.0,30.0,30.0,29.0,19.0,5.0,0.0,51.815,148.024,290.924,445.823,565.116,653.324,0.0,0.807,2.3775000000000004,4.289,6.250500000000001,8.309999999999999,9.581,5.728,5.728,5.741,5.298,4.988,5.3685,5.9835,4.428,4.5215621,0.00047431899789501206,0.021778865854194796,5,train,4.54582938,0.000409612632201985,0.020238889104938172,5,train
CN035,11.511,1.369,2011,2.103999999999999,105.473,251.229,603.629,1043.08,1090.834,0.0,26.766,83.703,168.422,231.61,484.065,502.322,0.0,-7.830699999999999,-18.62385714285714,-9.085354838709678,-36.543933333333335,71.43696774193549,97.65566666666666,0.0,0.8922000000000001,2.033464285714285,2.732870967741935,2.106266666666667,8.143709677419354,6.085666666666666,0.0,9559637.116666667,12411044.13392857,13287755.14516129,18943830.45,15488828.661290323,16132141.666666666,0.0,4.913133333333334,9.694035714285716,11.021806451612903,18.066666666666663,20.495838709677415,22.238,0.0,8.947133333333333,15.134892857142855,16.017387096774193,23.7782,24.75887096774193,25.905666666666665,0.0,2.0228333333333333,5.502928571428571,6.998290322580646,13.083333333333334,16.966483870967743,19.405,0.0,5.0,0.0,0.0,0.0,0.0,0.0,0.0,0.0,0.0,0.0,0.0,0.0,0.0,0.0,30.0,25.0,28.0,27.0,18.0,2.0,0.0,58.578,152.58599999999998,263.508,383.95,529.451,639.449,0.0,1.129,3.0680000000000005,5.275,7.129,9.3955,11.071,0.0,7.6055,7.6545,7.681,7.6105,8.134,7.984,0.0,3.904,3.82989054,7.262199556299936e-05,0.00852185399798655,5,train,3.8655203200000003,4.2810658366999384e-05,0.00654298543227779,5,train
CN036,11.508,1.358,2011,0.0,82.594,220.653,585.89,1070.254,1167.11,0.0,32.202,73.293,145.977,267.592,378.98,504.991,0.0,-7.852516129032258,-14.722214285714289,-11.905741935483874,-17.15196666666667,7.018419354838704,14.607999999999995,0.0,1.038774193548387,1.4675357142857144,2.3446451612903223,4.053833333333333,3.593161290322581,21.00183333333333,0.0,9584182.653225806,12533785.044642856,13968323.782258064,17999249.408333335,17998906.5,10596309.25,0.0,2.142709677419355,8.344357142857143,10.735548387096776,18.494566666666667,21.94464516129032,22.462666666666667,0.0,5.455935483870968,13.466464285714286,15.385580645161289,23.575766666666667,26.43467741935484,25.36383333333333,0.0,-0.6446451612903226,3.943142857142857,6.409806451612903,13.700133333333332,17.633387096774193,20.094166666666663,0.0,24.0,4.0,0.0,0.0,0.0,0.0,0.0,0.0,0.0,0.0,0.0,0.0,0.0,0.0,29.0,26.0,25.0,25.0,25.0,2.0,0.0,62.364,152.701,245.578,350.959,487.79,597.395,0.0,0.855,2.501,4.3665,6.109,8.1195,9.715,0.0,7.363,7.3605,7.342,7.36,7.444,8.2305,0.0,4.061,4.09586,3.8628135664998275e-05,0.006215153712097415,5,train,4.1107646,2.485994417499846e-05,0.004985974746726908,5,train
CN037,14.446,1.493,2011,0.0,2.289999999999999,62.426,291.903,699.462,1263.534,1541.662,0.0,23.481,25.43,44.311,119.444,181.252,252.474,0.0,-16.16252,-63.88487096774194,-177.3653,-262.3573870967742,-392.36696666666666,-406.0569285714286,0.0,0.93924,0.0628709677419354,0.6293666666666666,2.4236451612903225,2.0602666666666667,5.087285714285714,0.0,12055143.0,18897003.387096774,22218394.33333333,21299655.25806452,22977923.933333334,19653089.214285716,0.0,1.26652,7.3626774193548385,13.913166666666664,19.467064516129035,25.122400000000003,26.186285714285717,0.0,6.877039999999999,13.688548387096777,20.4289,24.95490322580645,30.574266666666663,30.671071428571427,0.0,-3.2376400000000003,1.5956774193548386,7.6581,14.233129032258065,20.0025,22.269357142857142,0.0,22.0,11.0,0.0,0.0,0.0,0.0,0.0,0.0,0.0,0.0,0.0,0.0,0.0,0.0,23.0,31.0,29.0,28.0,28.0,10.0,0.0,31.1605,91.655,206.057,355.599,484.521,593.477,0.0,0.537,1.579,3.032,4.823,6.559,7.8925,0.0,4.494,4.399,4.103,4.309,3.681,4.4765,6.605,6.53404264,5.359398117300214e-05,0.007320791020989613,5,train,6.53016882,4.452209447200587e-05,0.006672487877246828,5,train
CN041,14.925,1.468,2011,0.0,10.413999999999998,111.192,417.293,862.221,1464.181,1722.514,0.0,32.207,42.583,54.752,120.384,195.575,249.719,0.0,-18.00351851851852,-59.25087096774194,-166.45896666666667,-277.98606451612903,-396.5324,-420.43375,0.0,1.1928518518518518,0.3347096774193548,0.4056333333333333,2.117161290322581,2.506366666666666,4.512,0.0,11976908.041666666,18189396.096774194,22340849.08333333,20614949.274193548,21684560.3,19154068.25,0.0,3.4748148148148146,9.128419354838709,16.447866666666666,20.672516129032257,26.38533333333333,27.84775,0.0,9.220629629629627,15.406387096774194,23.13263333333333,26.140387096774194,31.56566666666667,32.56525,0.0,-1.4143333333333332,3.202193548387097,10.093566666666668,15.26683870967742,21.42323333333333,23.476250000000004,0.0,22.0,5.0,0.0,0.0,0.0,0.0,0.0,0.0,0.0,0.0,0.0,1.0,0.0,0.0,26.0,31.0,29.0,29.0,28.0,8.0,0.0,53.879000000000005,156.813,323.227,499.033,624.303,730.6320000000001,0.0,0.755,2.5405,4.477,6.5805,8.2335,9.6145,0.0,4.236,4.174,3.7965,3.804,3.4335,3.961,5.612,5.57542814,3.1471079198002795e-05,0.005609909018692085,5,train,5.5734688,4.333679908000134e-05,0.006583069123137121,5,train
CN042,13.08,1.433,2011,0.0,36.646,168.96499999999995,518.632,1012.78,1585.145,1680.446,0.2799999999999999,34.923,69.419,102.557,185.112,495.178,498.484,-4.3704,-24.48332142857143,-51.80912903225807,-114.50726666666668,-210.744,-163.84053333333333,-85.90324999999999,0.0559999999999999,1.23725,1.1127741935483872,1.1046,2.6630645161290323,10.335533333333332,0.8265,12560027.9,11770905.205357144,16115540.39516129,19777890.933333334,20576280.05645161,18329701.166666668,21694720.0,1.4054,6.187178571428572,10.472129032258064,17.97556666666667,22.26025806451613,25.398833333333336,30.14525,6.444599999999999,11.606107142857145,15.708483870967743,23.604366666666667,27.56267741935484,29.343200000000003,33.4875,-3.2198,1.3378214285714285,5.2701935483870965,12.580900000000002,16.85674193548387,21.626966666666664,27.01625,5.0,13.0,1.0,0.0,0.0,0.0,0.0,0.0,0.0,0.0,0.0,0.0,0.0,0.0,5.0,27.0,29.0,29.0,27.0,20.0,4.0,0.0,55.286,149.309,265.659,384.787,505.048,613.572,0.0,0.8665,2.37,3.957,5.5815,7.5365,9.126,6.011,5.991,5.957,5.7295,5.411,6.1005,5.769500000000001,5.025,4.9114599,0.00010174636834500559,0.010086940484854938,5,train,4.93563872,6.960449657199924e-05,0.008342930934150134,5,train
CN043,12.106,1.391,2011,0.0,68.562,202.532,566.007,1072.244,1319.823,0.0,13.721,45.647,102.692,186.975,285.657,506.294,0.0,-10.726130434782608,-32.5095,-42.11109677419355,-64.17706666666668,-97.7401935483871,-59.72721428571429,0.0,0.5965652173913043,1.1402142857142856,1.8401612903225808,2.809433333333333,3.1832903225806453,15.759785714285714,0.0,10097256.195652174,10834100.982142856,13292423.064516127,16587138.858333332,19077725.22580645,13374769.42857143,0.0,2.4668260869565217,7.998928571428571,10.593354838709676,18.43583333333333,22.650225806451616,24.004214285714287,0.0,5.774826086956522,12.769357142857142,15.084129032258064,23.0683,27.626,27.128071428571428,0.0,-0.9066521739130436,3.5533214285714285,6.160064516129032,13.911133333333334,17.601548387096773,21.06571428571429,0.0,19.0,4.0,0.0,0.0,0.0,0.0,0.0,0.0,0.0,0.0,0.0,0.0,0.0,0.0,23.0,28.0,29.0,25.0,26.0,5.0,0.0,36.373000000000005,96.284,177.619,274.04200000000003,393.732,514.518,0.0,0.5605,1.864,3.5655,5.192,6.906499999999999,8.725,0.0,7.103,7.0725,7.088,7.0665,6.891,7.760999999999999,0.0,5.76,5.69489074,3.5514371887998714e-05,0.005959393583914283,5,train,5.68390608,1.7878748736999153e-05,0.004228326943011757,5,train
CN044,11.814,1.393,2011,82.863,323.873,607.459,1084.786,1649.159,1712.666,0.0,11.225,58.501,103.935,164.197,370.562,372.408,0.0,-17.94995652173913,-49.965821428571424,-73.19648387096774,-130.11596666666665,-74.42632258064516,-73.42699999999999,0.0,0.4880434782608695,1.6884285714285716,1.4656129032258065,2.0087333333333333,6.656935483870968,0.6153333333333334,0.0,11049847.043478262,11119928.705357144,12217946.564516127,17966298.166666668,17245406.93548387,21826095.33333333,0.0,9.893652173913043,14.9275,15.467935483870969,22.2309,24.52558064516129,27.489,0.0,13.954652173913043,19.25096428571429,19.606193548387097,26.712566666666664,28.38525806451613,31.592,0.0,6.82195652173913,11.435714285714283,12.196516129032258,18.3079,21.20619354838709,23.62366666666667,0.0,0.0,0.0,0.0,0.0,0.0,0.0,0.0,0.0,0.0,0.0,0.0,0.0,0.0,0.0,23.0,26.0,30.0,27.0,17.0,3.0,0.0,53.56699999999999,133.589,221.494,318.788,450.594,559.188,0.0,1.035,2.7695,4.699,6.463,8.468,10.073,0.0,6.306,6.374499999999999,6.404,6.140000000000001,6.73,6.248,0.0,4.56,4.508727,3.567080838499747e-05,0.005972504364585887,5,train,4.52725048,2.4737237956999327e-05,0.004973654386565207,5,train
CN045,12.411,1.496,2011,17.846999999999994,219.054,422.472,861.478,1398.935,1505.564,0.0,18.548,68.207,169.912,228.073,432.629,440.423,0.0,-9.26175,-30.320821428571428,-2.296483870967742,-16.668100000000003,39.243806451612905,23.0436,0.0,0.7728333333333334,1.7735357142857142,3.280806451612903,1.9387,6.598580645161291,1.5588000000000002,0.0,8758769.0625,9272890.9375,9126049.45967742,14864193.383333333,18479646.54838709,20785960.8,0.0,6.7545,13.505964285714288,12.881870967741936,20.953533333333333,23.65732258064516,27.6458,0.0,9.802916666666668,17.560392857142855,16.68338709677419,25.15666666666667,28.057806451612905,31.925400000000003,0.0,4.4245833333333335,10.096535714285713,9.91367741935484,17.0947,19.702483870967743,23.9022,0.0,0.0,0.0,0.0,0.0,0.0,0.0,0.0,0.0,0.0,0.0,0.0,0.0,0.0,0.0,23.0,26.0,26.0,27.0,18.0,5.0,0.0,44.43300000000001,107.995,175.798,258.715,381.506,486.899,0.0,0.917,2.564,4.4485,6.048,7.974,9.558,0.0,6.69,6.6805,6.814,6.738,6.94,6.53,0.0,4.319,4.23768374,0.00012182542155800287,0.011037455393250876,5,train,4.26588518,6.0478189692000856e-05,0.007776772446973157,5,train
CN046,11.719,1.364,2011,70.39,432.559,832.641,1363.395,2007.439,2165.649,0.0,1.623,20.814,57.99,119.269,233.751,246.638,0.0,-8.774125000000002,-50.1685,-113.22974193548389,-178.64363333333333,-220.84535483870968,-245.96885714285716,0.0,0.202875,0.6853928571428571,1.199225806451613,2.0426333333333333,3.692967741935484,1.841,0.0,10469580.25,13301298.267857144,12305565.387096774,18973850.53333333,19794654.612903222,23487938.285714287,0.0,15.11875,19.254607142857143,19.225870967741933,24.0118,27.09561290322581,28.92142857142857,0.0,17.831,23.66471428571429,22.841,28.1855,31.14370967741936,33.61842857142857,0.0,12.894625,16.071464285714285,16.475225806451615,20.825566666666663,23.99067741935484,25.322857142857146,0.0,0.0,0.0,0.0,0.0,0.0,0.0,0.0,0.0,0.0,0.0,0.0,0.0,0.0,0.0,8.0,28.0,31.0,26.0,23.0,7.0,0.0,0.0,83.517,213.979,357.347,515.399,630.065,0.0,0.574,1.9075,4.083,5.949,8.12,9.676,0.0,6.1715,6.071,6.12,5.798,5.792,5.397,0.0,4.376,4.26531688,2.7597705466997824e-05,0.0052533518316402366,5,train,4.29868508,2.3918442226998358e-05,0.00489064844647398,5,train
CN050,12.526,1.429,2011,0.0,71.90899999999999,200.117,532.206,998.767,1538.962,1561.471,2.657,38.553,104.112,168.041,286.281,469.869,470.834,-4.6822,-13.895535714285714,-17.01967741935484,-8.774766666666668,-42.01609677419355,-16.492500000000003,16.386999999999993,0.2657,1.282,2.1148064516129037,2.1309666666666667,3.814193548387097,6.1196,0.965,8424205.85,8613977.125,11046911.387096774,14031018.108333332,17800498.322580647,18141994.85,21994874.0,3.9718,8.597321428571428,10.40667741935484,17.389633333333332,21.37035483870968,24.3265,28.829,6.9705,12.317392857142858,14.162096774193548,21.344766666666665,25.869,27.78203333333333,31.934,1.0157,4.909857142857143,6.410258064516129,13.1444,16.43232258064516,20.50243333333333,24.624,3.0,2.0,0.0,0.0,0.0,0.0,0.0,0.0,0.0,0.0,0.0,0.0,0.0,0.0,10.0,28.0,28.0,26.0,25.0,24.0,1.0,0.0,33.83,95.808,181.048,304.804,477.503,616.001,0.402,1.485,3.1675,4.853,6.7675,9.514,0.0,6.6465,6.6135,6.574,6.5945,6.295,6.4695,6.028,5.493,5.40821692,8.455894411700341e-05,0.009195593733794648,5,train,5.418896800000001,6.31256896999963e-05,0.00794516769489457,5,train
CN051,12.899,1.434,2011,0.0,51.852,151.13199999999998,472.405,894.336,1401.578,1625.264,2.728,32.423,73.282,108.343,264.608,418.307,526.497,0.1984999999999999,-8.438892857142857,-31.55458064516129,-64.63096666666667,-93.74458064516128,-67.34476666666667,0.4450769230769204,1.364,1.0605357142857144,1.3180322580645163,1.1687,5.040806451612903,5.1233,8.322307692307692,8354094.75,10195715.982142856,12380328.177419355,15620254.75,17667481.403225806,17995844.8,14017784.653846154,3.1445,7.825357142857143,9.490032258064517,17.0291,19.93067741935484,23.228066666666667,23.526615384615383,6.723000000000001,11.941107142857144,13.597967741935484,21.48473333333333,24.47154838709677,27.080433333333332,26.863846153846158,-0.4649999999999999,3.74925,5.207322580645161,12.443333333333332,15.216290322580644,19.14626666666667,20.409230769230767,2.0,3.0,0.0,0.0,0.0,0.0,0.0,0.0,0.0,0.0,0.0,0.0,0.0,0.0,2.0,28.0,30.0,30.0,22.0,23.0,7.0,0.0,58.57299999999999,156.537,266.195,387.23,530.679,685.701,0.0,1.036,2.7295,4.203,6.003,8.3245,10.3985,6.767,6.6530000000000005,6.495,6.337,6.263,6.221,6.552,5.147,5.0547264599999995,9.718435893299778e-05,0.009858212765658783,5,train,5.0707549,0.00013906470330000335,0.011792569834434026,5,train
CN052,13.061,1.533,2011,0.0,56.211,101.483,319.821,664.126,1071.242,1168.657,8.411999999999999,35.478,86.286,155.991,248.38,513.649,524.049,0.109375,-11.970464285714286,-33.608483870967746,-37.04056666666667,-73.77064516129032,-11.543699999999996,54.26833333333334,1.0515,0.9666428571428572,1.6389677419354838,2.3235,2.980290322580645,8.8423,1.7333333333333332,8457957.5,12229328.625,12015295.741935484,14056105.733333332,19505371.629032254,16671693.4,21706896.0,-0.9515,6.756178571428571,6.755387096774194,13.597933333333334,17.426612903225806,19.89053333333333,22.555833333333336,2.2075,12.476964285714288,11.675064516129034,18.46343333333333,23.03067741935484,24.1708,26.731166666666667,-2.9255,2.22625,3.000451612903225,9.690566666666664,12.429580645161291,16.224233333333334,18.732666666666667,8.0,10.0,4.0,0.0,0.0,0.0,0.0,0.0,0.0,0.0,0.0,0.0,0.0,0.0,8.0,28.0,30.0,30.0,28.0,14.0,6.0,0.0,40.888000000000005,109.543,193.974,299.722,431.631,542.379,0.0,0.8755,2.2885,3.58,5.205500000000001,7.4695,9.152,8.0445,7.9735,7.768,7.6875,7.368,7.672,7.4915,2.765,3.2687402,0.0025779500722799597,0.05077351743064449,5,train,3.2943575199999997,0.0017363964010270018,0.04167009000502641,5,train
CN053,12.971,1.41,2011,0.0,117.516,244.668,524.5749999999999,880.4689999999999,1281.65,1481.118,1.879,13.191,73.59,134.652,245.048,470.586,550.6,0.197,-35.261857142857146,-103.1037741935484,-147.21633333333332,-184.9647419354839,-140.54776666666666,-74.2178,1.879,0.404,1.9483548387096772,2.0354,3.561161290322581,7.517933333333334,5.334266666666666,11041521.0,17517366.035714287,15349129.35483871,19173990.766666666,19666904.129032254,17977847.1,17568535.533333335,5.527,10.45025,10.233193548387096,15.650233333333334,17.800451612903224,19.6927,19.617866666666668,10.798,17.308678571428572,15.879483870967745,21.63406666666667,23.284903225806453,24.322166666666664,23.62953333333333,2.08,4.564392857142857,5.688967741935484,10.7169,13.06967741935484,15.8951,16.3442,0.0,0.0,0.0,0.0,0.0,0.0,0.0,0.0,0.0,0.0,0.0,0.0,0.0,0.0,1.0,28.0,29.0,27.0,24.0,15.0,9.0,0.0,76.624,185.678,287.106,385.439,501.168,631.7625,0.0,1.21,3.048,4.62,6.2155000000000005,8.272,10.216,7.907,7.5865,7.239,7.106999999999999,7.184,7.6,7.592,3.979,4.01372528,1.0596896816998822e-05,0.0032552875167946105,5,train,4.03669642,6.007324577700346e-05,0.007750693244929995,5,train
CN054,13.005,1.461,2011,0.0,0.0,0.0,4.681999999999999,90.471,279.884,378.311,3.414,50.341,194.631,246.109,356.445,489.301,605.384,1.681,-10.231892857142856,6.551741935483871,21.41033333333333,-16.997645161290322,-21.97776666666667,22.464071428571422,3.414,1.6759642857142858,4.654516129032258,1.7159333333333333,3.5592258064516127,4.428533333333333,8.291642857142858,14144402.0,19061758.89285714,20544166.387096774,23750166.066666663,23620150.41935484,20808138.5,17406287.07142857,-1.636,-0.1880714285714285,2.371806451612903,5.257333333333333,9.002258064516129,12.633766666666666,13.3505,2.74,5.204785714285714,7.259806451612904,10.730966666666664,14.449516129032258,17.774833333333333,17.787214285714285,-6.059,-5.339785714285715,-2.7226129032258064,0.1996333333333333,4.16,8.408533333333333,10.137142857142855,1.0,28.0,31.0,17.0,2.0,0.0,0.0,0.0,0.0,0.0,0.0,0.0,0.0,0.0,1.0,26.0,24.0,30.0,25.0,25.0,7.0,0.0,40.866,101.589,168.141,256.672,371.414,488.7615,0.0,0.8355000000000001,2.002,2.98,4.34,5.7755,6.9475,5.72,5.631,5.68,5.672499999999999,5.73,5.886,6.1945,6.627,5.9164316999999995,0.0014491578211999997,0.03806780557373907,5,train,6.0657353800000005,0.0010905829015720014,0.03302397464830666,5,train
CN061,12.801,1.465,2011,0.0,2.147,33.474,285.681,657.0509999999999,1186.715,1431.267,0.0,21.516,31.335,48.609,124.396,166.565,239.045,0.0,-17.133222222222223,-60.20732258064516,-147.98613333333333,-255.75770967741937,-371.5277333333333,-399.24642857142857,0.0,0.796888888888889,0.3167419354838709,0.5758,2.4447419354838718,1.4056333333333333,5.177142857142857,0.0,12162893.222222222,18065029.51612903,20997894.616666667,20766287.241935484,22168644.33333333,18981898.64285714,0.0,1.7083333333333333,5.055451612903226,14.721666666666666,18.29967741935484,23.975466666666662,23.788,0.0,7.091222222222222,11.154548387096774,21.094,24.308516129032256,29.65073333333333,28.771,0.0,-3.220111111111111,-0.9591935483870968,8.017199999999999,12.138935483870968,17.99816666666667,19.223142857142857,0.0,25.0,25.0,0.0,0.0,0.0,0.0,0.0,0.0,0.0,0.0,0.0,0.0,0.0,0.0,27.0,31.0,29.0,27.0,27.0,10.0,0.0,28.905,83.96,173.987,287.172,401.381,507.9155,0.0,0.5705,1.64,2.7,4.2125,5.9195,7.2625,0.0,3.922,3.797,3.481,3.836,3.386,3.8325,4.676,4.72399446,5.131517639800034e-05,0.007163461202379778,5,train,4.74995718,5.209630704699812e-05,0.007217777154151971,5,train
CN062,12.84,1.465,2011,0.0,0.0,5.714999999999999,173.101,452.887,895.586,1218.545,0.0,8.23,18.411,24.86,65.23,103.292,150.63,0.0,-13.783894736842106,-54.79854838709678,-149.8491,-278.45438709677416,-412.4257666666666,-479.8387142857143,0.0,0.4331578947368421,0.3284193548387097,0.2149666666666666,1.302258064516129,1.2687333333333333,2.2541904761904763,0.0,13831679.10526316,18872144.83870968,22091437.466666665,22111100.41935484,22451083.33333333,22532572.85714286,0.0,-1.3508421052631578,0.2561935483870967,11.688633333333334,15.345354838709678,21.076633333333334,21.699,0.0,4.410210526315789,6.740258064516129,18.3595,21.464451612903225,26.999566666666663,27.73661904761905,0.0,-6.928526315789473,-6.044677419354838,4.269966666666666,8.827741935483871,14.561933333333334,15.491095238095236,0.0,19.0,30.0,4.0,0.0,0.0,0.0,0.0,0.0,0.0,0.0,0.0,0.0,0.0,0.0,19.0,31.0,30.0,29.0,28.0,18.0,0.0,14.887999999999998,38.824,71.448,123.709,216.04,350.049,0.0,0.256,0.7295,1.203,1.9655,3.257,4.758,0.0,3.21,3.141,2.682,2.952,2.8675,3.305,5.202,5.22965252,1.896630306699822e-05,0.004355031924911483,5,train,5.26228436,5.723521301300281e-05,0.007565395760500756,5,train
CN063,13.39,1.445,2011,0.0,0.0,1.2379999999999995,83.469,251.828,563.869,788.5029999999999,0.0,7.458,17.447,36.379,79.991,148.47,190.541,0.0,-12.558333333333334,-54.84177419354839,-126.78166666666668,-226.8136129032258,-315.9587333333333,-344.42400000000004,0.0,0.4143333333333333,0.3222258064516129,0.6310666666666667,1.4068387096774193,2.282633333333333,2.0033809523809523,0.0,15825285.388888888,19915916.41935484,22540174.133333333,21698216.54838709,22084340.716666665,21868442.47619048,0.0,-1.7279444444444445,-1.0659677419354838,8.201566666666666,11.696516129032258,16.72136666666667,17.01685714285714,0.0,4.044555555555556,5.125903225806451,14.407933333333334,17.817193548387095,22.459966666666663,22.630857142857145,0.0,-7.378277777777778,-6.682129032258065,1.1812,5.605258064516129,10.8295,11.815714285714286,0.0,18.0,30.0,10.0,0.0,0.0,0.0,0.0,0.0,0.0,0.0,0.0,0.0,0.0,0.0,18.0,31.0,30.0,31.0,25.0,20.0,0.0,13.6495,36.596,69.193,124.473,219.503,348.837,0.0,0.1975,0.5835,1.058,1.768,2.9165,4.305,0.0,4.12,4.048,3.9245,4.091,4.0085,4.395,7.421,7.481404380000001,0.0005637527966320059,0.023743479033873825,5,train,7.41467422,0.0002478061295420105,0.015741859151383947,5,train
CN064,12.016,1.441,2011,0.0,0.0,16.403,204.906,529.733,1033.73,1341.338,0.0,8.877,13.177,17.547,40.115,56.39,80.107,0.0,-16.51442857142857,-66.68064516129031,-174.7088666666667,-318.35809677419354,-491.3061666666666,-596.3862777777778,0.0,0.4227142857142857,0.1387096774193548,0.1456666666666666,0.7280000000000001,0.5425,1.317611111111111,0.0,13275376.07142857,18958218.35483871,22195325.85,22043646.322580647,23240069.366666667,22977947.444444444,0.0,-0.5066666666666667,1.548483870967742,12.5988,16.798290322580645,23.1199,23.409333333333333,0.0,5.069761904761905,7.949032258064516,19.086066666666667,22.925387096774195,29.16013333333333,29.555666666666664,0.0,-6.1229523809523805,-4.843935483870968,5.232066666666666,9.760419354838708,16.006733333333333,16.831166666666668,0.0,21.0,29.0,1.0,0.0,0.0,0.0,0.0,0.0,0.0,0.0,0.0,0.0,0.0,0.0,21.0,31.0,30.0,30.0,29.0,17.0,0.0,13.7085,35.703,63.31,103.526,181.907,293.0445,0.0,0.2319999999999999,0.6295000000000001,1.032,1.5975,2.625,3.86,0.0,3.333,2.944,2.317,2.919,2.189,3.5495,7.461,7.463822380000001,8.296016957001006e-06,0.00288028070802153,5,train,7.440773040000001,0.00012706363587299856,0.011272250701301783,5,train
CN065,13.176,1.431,2011,0.0,0.0,0.314,197.859,515.431,981.961,1410.694,0.0,9.043,25.77,53.083,110.426,152.199,186.971,0.0,-3.175533333333333,-18.95235483870968,-82.3835,-167.77525806451615,-285.0353333333333,-398.83584,0.0,0.6028666666666667,0.5395806451612903,0.9104333333333332,1.849774193548387,1.3924333333333334,1.39088,0.0,12006475.733333332,16916864.612903226,20842435.7,22889953.48387097,23243716.933333334,24683267.96,0.0,-6.4172666666666665,-1.6194193548387097,12.3322,16.564258064516128,21.871,23.46932,0.0,-1.2642,4.094741935483871,18.849966666666667,22.35593548387097,27.2476,29.2674,0.0,-11.367733333333332,-7.381258064516128,5.215766666666667,10.362354838709678,16.375066666666665,17.2944,0.0,15.0,31.0,6.0,0.0,0.0,0.0,0.0,0.0,0.0,0.0,0.0,0.0,0.0,0.0,15.0,31.0,30.0,29.0,30.0,23.0,0.0,3.494,14.071,45.834,107.233,216.809,377.336,0.0,0.194,0.6635,1.257,2.1435,3.5765,5.256,0.0,3.484,3.433,3.058,3.28,3.0895,2.854,9.209,9.1398602,0.0007535499141999951,0.027450863633044317,5,train,9.2174532,0.004410985057699984,0.06641524717788817,5,train
CN011,14.819,1.511,2012,0.0,0.0,13.595,207.791,630.1759999999999,1109.629,1333.056,0.0,0.737,22.993,56.871,87.0,189.041,225.0,0.0,-20.490259259259258,-61.02503225806452,-143.86756666666668,-247.09935483870967,-345.1718333333334,-370.1244166666667,0.0,0.0272962962962962,0.7179354838709677,1.1292666666666666,0.9719032258064516,3.401366666666666,2.996583333333333,0.0,13670046.370370371,17233902.725806452,19787702.316666663,22763345.64516129,20534184.066666663,18689400.416666668,0.0,-4.231851851851852,2.5503870967741933,12.716266666666666,19.945322580645165,22.301766666666666,24.938916666666668,0.0,2.2688888888888887,8.61116129032258,19.3966,26.783451612903228,27.91123333333333,29.89858333333333,0.0,-9.254666666666669,-2.4576451612903223,6.084933333333334,12.930290322580644,17.274933333333333,20.37633333333333,0.0,27.0,24.0,3.0,0.0,0.0,0.0,0.0,0.0,0.0,0.0,0.0,0.0,0.0,0.0,27.0,30.0,29.0,30.0,25.0,11.0,0.0,17.564,47.147,94.203,175.43,292.585,421.7985,0.0,0.398,1.0695,1.9665,3.341,4.984,6.721,0.0,3.503,3.571,3.3905000000000003,3.354,3.8645,4.025,6.331,6.29520378,0.0002585272214470066,0.016078781715260847,5,train,6.297945520000001,8.434391635200533e-05,0.009183894400090048,5,train
CN012,14.794,1.439,2012,0.0,0.0,31.394,287.078,769.148,1305.13,1545.778,0.0,0.217,10.094,57.745,73.397,191.442,234.951,0.0,-22.155,-77.55503225806451,-175.66373333333334,-296.0315161290323,-409.0422,-436.2559166666667,0.0,0.0083461538461538,0.3186129032258065,1.5883666666666665,0.5049032258064516,3.934833333333333,3.62575,0.0,13507806.0,17747382.56451613,20166708.183333334,23209476.70967742,21440825.5,19455489.08333333,0.0,-1.9214615384615383,4.596709677419354,14.813666666666666,21.870645161290323,24.186066666666665,26.374,0.0,4.188692307692308,10.814967741935485,21.28183333333333,28.61558064516129,29.92383333333333,30.996333333333336,0.0,-6.525692307692308,-0.5361290322580645,8.617833333333333,15.221258064516128,19.454,22.35925,0.0,26.0,21.0,0.0,0.0,0.0,0.0,0.0,0.0,0.0,0.0,0.0,1.0,0.0,0.0,26.0,31.0,27.0,31.0,24.0,10.0,0.0,16.630000000000003,43.898,95.811,192.947,316.00800000000004,443.8615,0.0,0.352,0.996,1.9175,3.297,4.621,5.903499999999999,0.0,3.8405,3.687,3.4210000000000003,3.396,4.1,4.3785,5.155,5.34764018,0.00029070039322700463,0.017049938217688784,5,train,5.34367558,0.00019006142489200151,0.013786276687053742,5,train
CN013,14.781,1.481,2012,0.0,0.0,24.49,244.135,673.187,1172.588,1400.348,0.0,1.025,14.071,55.849,80.741,173.952,215.129,0.0,-19.84676923076923,-68.8173870967742,-161.62736666666666,-270.9235806451613,-383.4432,-420.93075,0.0,0.0394230769230769,0.4208387096774193,1.3926,0.8029677419354838,3.1070333333333333,3.431416666666667,0.0,13758563.884615384,17372985.35483871,20518855.53333333,23246797.83870968,21689978.58333333,20213301.58333333,0.0,-3.223038461538462,3.5833548387096776,13.5783,20.160387096774198,22.9667,25.3,0.0,3.0603846153846157,9.640096774193548,20.17053333333333,26.63474193548387,28.5983,30.25616666666667,0.0,-7.993961538461538,-1.435483870967742,7.1254333333333335,13.55416129032258,17.813166666666667,20.764416666666666,0.0,26.0,21.0,1.0,0.0,0.0,0.0,0.0,0.0,0.0,0.0,0.0,0.0,0.0,0.0,26.0,31.0,29.0,30.0,25.0,11.0,0.0,19.2165,54.709,121.913,220.872,334.13,461.262,0.0,0.394,1.067,2.0875000000000004,3.5,4.926500000000001,6.5385,0.0,3.8545,3.89,3.6805,3.506,3.6445,4.2715,5.586,5.52392598,6.45585258870019e-05,0.008034832038505964,5,train,5.52171622,2.2884769927002266e-05,0.004783802872924663,5,train
CN014,14.597,1.473,2012,0.0,0.0,13.601,176.22199999999998,527.391,954.439,1172.518,0.0,3.207,26.737,68.096,100.109,176.815,221.48,0.0,-19.14853846153846,-58.10119354838709,-136.39533333333333,-237.1832258064516,-357.42716666666666,-389.1940769230769,0.0,0.1233461538461538,0.7590322580645161,1.3786333333333334,1.0326774193548387,2.5568666666666666,3.435769230769231,0.0,13797152.846153846,16840033.0,21350100.85,23171980.967741936,22908453.633333333,20917956.153846152,0.0,-3.9774615384615375,2.5975483870967744,11.687066666666668,17.648032258064514,20.55493333333333,23.09530769230769,0.0,2.1126153846153843,8.417225806451613,18.67096666666667,23.93990322580645,26.572066666666668,28.29353846153846,0.0,-8.748653846153847,-2.284290322580645,4.718533333333334,11.060258064516129,14.6365,17.99030769230769,0.0,26.0,26.0,1.0,0.0,0.0,0.0,0.0,0.0,0.0,0.0,0.0,0.0,0.0,0.0,26.0,31.0,29.0,30.0,27.0,10.0,0.0,14.207,38.962,76.665,133.984,224.171,348.071,0.0,0.332,0.8865000000000001,1.6375000000000002,2.676,3.9515,5.529,0.0,4.503,4.497,4.284,4.043,3.889,4.3,5.415,5.363376199999999,8.250610787499981e-05,0.009083287283522404,5,train,5.36503702,0.00012380574610200345,0.011126803049483866,5,train
CN015,13.312,1.479,2012,0.0,0.0,1.0099999999999998,95.719,392.618,791.263,998.77,0.0,3.231,20.751,41.137,73.185,186.809,245.522,0.0,-11.47875,-40.74032258064516,-126.38743333333332,-244.95183870967745,-325.7178,-340.0657692307692,0.0,0.134625,0.5651612903225807,0.6795333333333333,1.0338064516129033,3.7874666666666665,4.516384615384616,0.0,12601166.0,16528103.387096774,20183463.2,23080990.322580647,20480825.23333333,19437490.0,0.0,-10.99225,-2.7716129032258063,8.388966666666667,15.897387096774194,19.608166666666666,22.282076923076925,0.0,-4.863083333333334,3.303032258064516,15.051933333333332,22.46483870967742,24.8903,27.00623076923077,0.0,-16.139625,-8.350064516129033,1.3976333333333335,8.92174193548387,14.8101,17.809076923076923,0.0,24.0,31.0,10.0,0.0,0.0,0.0,0.0,0.0,0.0,0.0,0.0,0.0,0.0,0.0,24.0,31.0,30.0,31.0,25.0,9.0,0.0,20.256,54.179,95.089,141.552,221.924,345.503,0.0,0.367,1.011,1.787,2.572,3.7085,5.2585,0.0,3.6495,3.766,3.4770000000000003,3.485,4.181,4.41,6.35,6.434705060000001,0.00037916577041800586,0.01947217939569184,5,train,6.443234800000001,0.0002471127597000059,0.015719820600121552,5,train
CN021,14.162,1.52,2012,0.0,0.0,3.918999999999999,124.48399999999998,467.876,886.54,1086.0929999999998,0.0,8.435,36.41,115.028,140.822,305.6,386.778,0.0,-13.32748148148148,-34.93509677419355,-98.3231,-168.08316129032258,-201.0504666666667,-193.95916666666665,0.0,0.3124074074074074,0.9024193548387096,2.6206,0.8320645161290323,5.4926,6.764833333333333,0.0,12714616.092592591,16491554.79032258,19221827.65,23156407.774193548,19373156.016666666,18910609.666666668,0.0,-7.645888888888889,-0.5901935483870967,9.5645,17.397161290322583,20.275466666666667,22.949416666666668,0.0,-1.8592592592592592,4.5934838709677415,15.3973,23.7578064516129,24.778866666666666,27.002916666666668,0.0,-12.625037037037036,-5.11641935483871,3.8375666666666666,11.105967741935483,16.4631,19.236166666666666,0.0,27.0,29.0,7.0,0.0,0.0,0.0,0.0,0.0,0.0,0.0,0.0,0.0,0.0,0.0,27.0,29.0,29.0,30.0,22.0,10.0,0.0,17.6415,47.433,87.119,145.96,261.339,422.3265,0.0,0.404,1.124,1.9975,3.068,4.699,6.844,0.0,4.744,4.825,4.6215,4.414,5.152,5.0265,6.451,6.511862120000001,0.00033486272577200863,0.01829925478734062,5,train,6.52001228,0.000406312504626995,0.020157194860074033,5,train
CN022,13.895,1.483,2012,0.0,0.0,0.6459999999999999,92.218,383.059,781.619,985.568,0.0,11.162,42.423,98.402,126.798,289.172,357.68,0.0,-8.81355172413793,-20.14432258064516,-74.17473333333334,-154.3423870967742,-187.7512,-163.94953846153845,0.0,0.3848965517241379,1.0084193548387097,1.8659666666666663,0.916,5.412466666666666,5.269846153846154,0.0,11907021.310344828,15950752.58064516,19361082.33333333,23042094.22580645,19333321.933333334,18472080.46153846,0.0,-12.23496551724138,-3.763290322580645,7.714766666666667,15.701967741935484,19.60533333333333,22.00838461538461,0.0,-6.610103448275862,1.5785806451612905,13.554066666666667,21.84841935483871,24.19793333333333,25.966,0.0,-17.551965517241378,-9.164967741935484,1.5213333333333334,9.298677419354838,15.678866666666666,18.453461538461536,0.0,29.0,30.0,10.0,0.0,0.0,0.0,0.0,0.0,0.0,0.0,0.0,0.0,0.0,0.0,28.0,30.0,28.0,31.0,21.0,9.0,0.0,19.971,51.915,89.95400000000001,141.662,244.668,405.3875,0.0,0.4715,1.2195,2.0755,3.039,4.458,6.607,0.0,4.914,5.014,4.8845,4.694,5.364,5.553,7.682,7.40349624,0.00038967653276799876,0.019740226259290918,5,train,7.41247224,0.0008681302267130118,0.02946404973375201,5,train
CN023,14.269,1.486,2012,0.0,0.0,0.0,54.37,305.147,711.358,890.884,0.0,5.138,26.971,69.161,112.577,229.009,268.469,0.0,-6.179413793103448,-24.529741935483877,-73.66686666666666,-129.51006451612903,-178.75463333333337,-193.14581818181816,0.0,0.1771724137931034,0.7042903225806451,1.4063333333333332,1.400516129032258,3.881066666666667,3.5872727272727274,0.0,10814705.827586208,14946142.161290323,18264127.73333333,21563634.032258064,20145325.6,19918560.09090909,0.0,-15.12003448275862,-5.083483870967742,5.636733333333334,14.40958064516129,19.860366666666668,22.640545454545453,0.0,-8.882896551724137,0.6926774193548387,11.602633333333332,20.408645161290323,24.813333333333333,27.096454545454545,0.0,-20.70510344827586,-11.13225806451613,-0.7513333333333333,8.013741935483871,15.3945,18.60154545454545,0.0,29.0,31.0,17.0,0.0,0.0,0.0,0.0,0.0,0.0,0.0,0.0,0.0,0.0,0.0,29.0,31.0,29.0,31.0,22.0,10.0,0.0,19.549,52.575,90.601,137.011,232.718,390.162,0.0,0.488,1.292,2.2015,3.145,4.6455,6.7165,0.0,5.033,5.051,4.9795,4.934,5.3125,5.459,5.383,5.59825716,0.0011120504769529841,0.033347420844092035,5,train,5.63803402,0.00013675695911199268,0.011694313109883482,5,train
CN031,12.706,1.42,2012,0.1139999999999998,5.607999999999997,89.45599999999999,386.593,813.319,1307.558,0.0,14.981,101.455,252.903,373.657,508.615,721.433,0.0,-2.576416666666667,18.757448275862068,102.65764516129032,122.9563,148.26058064516127,163.48513793103447,0.0,1.2484166666666667,2.9818620689655173,4.88541935483871,4.025133333333334,4.353483870967742,7.338551724137932,0.0,9473344.979166666,9344229.969827589,14078483.798387095,18791811.133333333,19991803.40322581,17372064.775862068,0.0,3.395083333333333,3.867793103448276,8.660161290322582,16.224566666666664,20.08535483870968,23.36272413793104,0.0,6.740916666666666,7.058896551724138,12.616096774193547,20.40266666666667,24.06916129032258,26.375655172413797,0.0,0.1471666666666668,0.9555172413793104,5.157967741935484,12.448566666666666,16.639032258064518,20.95579310344828,0.0,5.0,13.0,2.0,0.0,0.0,0.0,0.0,0.0,0.0,0.0,0.0,0.0,0.0,0.0,11.0,26.0,22.0,23.0,26.0,23.0,0.0,21.477,66.962,152.662,272.508,400.459,502.858,0.0,0.0,0.911,2.4805,4.428000000000001,6.203,7.024,0.0,6.3535,6.531,6.748,6.5920000000000005,6.399,6.316,0.0,6.597,6.5526180400000005,3.100916594799898e-05,0.005568587428423745,5,train,6.567551,1.9660598754999945e-05,0.004434027374182521,5,train
CN032,13.994,1.439,2012,0.0,0.3419999999999996,63.82299999999999,364.872,836.516,1392.553,1624.376,0.008,34.623000000000005,98.024,146.738,180.162,247.873,400.85,-1.619,-8.084379310344827,-10.211870967741936,-56.28616666666666,-138.05125806451613,-261.47236666666663,-210.19772727272724,0.008,1.1936206896551724,2.045193548387097,1.6238,1.0781935483870968,2.257033333333333,13.907,13063405.0,11111534.948275862,14814831.29032258,19292496.316666663,21857268.48387097,20578075.6,15571628.454545457,4.242,1.971896551724138,7.500419354838709,16.354966666666666,21.53432258064516,24.854566666666667,27.394818181818184,9.998,6.192724137931035,12.36874193548387,21.786800000000003,26.75,29.32946666666667,30.96236363636364,-0.446,-1.8351724137931036,3.07241935483871,11.143333333333334,16.451548387096775,20.8242,24.33090909090909,1.0,23.0,5.0,0.0,0.0,0.0,0.0,0.0,0.0,0.0,0.0,0.0,0.0,0.0,1.0,28.0,29.0,28.0,29.0,26.0,2.0,0.0,65.43299999999999,180.019,346.096,536.046,667.654,771.8064999999999,0.0,0.951,2.8025,5.1515,7.362,8.8185,10.1245,5.463,5.477,5.573,5.3045,4.799,4.4565,6.272,5.495,5.49695916,1.8652078348003924e-05,0.004318805199126713,5,train,5.49253554,3.8803282297996476e-05,0.0062292280659802845,5,train
CN033,12.565,1.447,2012,0.968,13.778,123.352,455.094,896.3439999999999,1251.224,0.0,97.711,193.61,414.944,548.522,754.851,899.457,0.0,57.52757894736842,99.23341379310344,250.65183870967743,290.17383333333333,355.7992258064516,447.0451904761905,0.0,5.142684210526316,3.306862068965517,7.139806451612904,4.4526,6.655774193548387,6.886,0.0,6653516.993421053,9500058.47413793,13158934.008064516,17565897.85,17034681.79032258,15399434.023809524,0.0,4.280578947368421,4.405413793103448,9.58432258064516,17.378066666666665,20.553870967741933,23.219047619047625,0.0,7.0290526315789466,7.954827586206896,13.850806451612904,21.840266666666665,24.513806451612904,26.413047619047617,0.0,1.762157894736842,1.291103448275862,5.790645161290322,13.168233333333337,16.932967741935485,20.623666666666665,0.0,5.0,12.0,2.0,0.0,0.0,0.0,0.0,0.0,0.0,0.0,0.0,0.0,0.0,0.0,14.0,23.0,19.0,21.0,22.0,13.0,0.0,20.0,60.417,132.185,234.195,359.484,480.975,0.0,0.664,1.837,3.334,5.377000000000001,7.479,9.456,0.0,7.416,7.421,7.723,7.4865,7.425,7.534,0.0,4.701,4.54949626,0.00014925436767800336,0.012216970478723575,5,train,4.58119398,4.78575705120013e-05,0.006917916630894109,5,train
CN034,13.843,1.492,2012,0.0,0.4239999999999995,80.836,409.721,900.429,1485.863,1635.564,0.89,35.402,103.171,149.5,219.026,316.395,414.84,-1.611,-9.260724137931032,-7.722258064516128,-55.9785,-116.17216129032258,-218.88783333333333,-167.45414285714287,0.2966666666666667,1.1900689655172414,2.1860967741935484,1.5443,2.242774193548387,3.245633333333333,14.06357142857143,10300688.0,10904330.948275862,14291595.927419355,19074244.2,20904510.080645163,20979906.45,16163364.857142856,3.497666666666667,2.296586206896552,8.213903225806451,17.282833333333333,22.149290322580647,25.834466666666668,27.705857142857145,8.001333333333333,6.500551724137931,13.097225806451611,22.777833333333334,27.22622580645161,30.415000000000003,31.38,-0.6993333333333333,-1.4853793103448276,3.7073870967741938,11.7194,17.086967741935485,21.469766666666665,24.49871428571428,3.0,21.0,3.0,0.0,0.0,0.0,0.0,0.0,0.0,0.0,0.0,0.0,0.0,0.0,3.0,29.0,28.0,29.0,26.0,23.0,0.0,0.0,80.954,210.994,375.19,550.605,680.006,764.215,0.0,1.1855,2.8520000000000003,5.126,7.202,8.6355,10.188,5.96,5.923,6.055,5.713,5.361,4.778499999999999,6.624,5.197,5.16330312,0.0001297000371720006,0.01138859241399044,5,train,5.1869844,0.0001418791026800003,0.011911301468773271,5,train
CN035,11.511,1.369,2012,51.56999999999999,133.188,352.455,714.3349999999999,1200.453,1230.951,0.0,141.736,293.8,435.911,707.058,932.802,936.745,0.0,58.86623333333333,142.74362068965516,289.00748387096775,352.0594,554.8987741935484,596.817,0.0,4.724533333333333,5.243586206896551,4.584225806451612,9.038233333333332,7.282064516129032,1.9715,0.0,6748856.075,8190976.370689655,13262862.532258064,14131612.9,15019572.306451611,12218531.5,0.0,7.272366666666667,8.754,13.393129032258065,18.38266666666667,22.00122580645161,21.569,0.0,10.4313,12.771137931034485,18.23109677419355,22.568766666666665,25.886129032258065,24.708,0.0,4.8081,5.499241379310345,9.327387096774194,14.775133333333336,18.86574193548387,19.382,0.0,0.0,0.0,0.0,0.0,0.0,0.0,0.0,0.0,0.0,0.0,0.0,0.0,0.0,0.0,22.0,20.0,22.0,14.0,16.0,2.0,0.0,61.078500000000005,158.404,274.117,402.905,551.274,660.623,0.0,1.18,3.3975,5.415,7.564999999999999,9.958,11.384,0.0,8.1595,8.303,8.444,8.423,8.511,8.317,0.0,3.971,3.92540974,7.882166286800334e-05,0.008878156501662005,5,train,3.95590192,7.282594717000751e-06,0.002698628302860687,5,train
CN036,11.508,1.358,2012,3.7029999999999976,19.751999999999995,169.659,542.667,1045.485,1123.739,0.0,79.095,185.379,417.451,691.316,1008.422,1033.915,0.0,20.63025806451613,71.63986206896551,233.25487096774197,339.15693333333337,588.511806451613,687.2444,0.0,2.5514516129032256,3.66496551724138,7.486193548387097,9.128833333333334,10.229225806451613,5.0986,0.0,7155659.737903226,8393536.646551725,11490510.008064516,14996765.866666667,14805031.467741936,10033087.9,0.0,4.683387096774194,5.479,11.023774193548388,18.7536,22.539935483870966,21.9708,0.0,7.386838709677419,8.864517241379309,15.255645161290325,22.817166666666665,26.22148387096774,24.8056,0.0,2.407967741935484,2.5772758620689653,7.304322580645161,14.775833333333331,19.065193548387096,19.7038,0.0,6.0,4.0,0.0,0.0,0.0,0.0,0.0,0.0,0.0,0.0,0.0,0.0,0.0,0.0,27.0,24.0,16.0,17.0,16.0,3.0,0.0,66.152,159.691,251.464,359.406,497.305,603.92,0.0,1.5085,3.452,4.935,6.6905,8.854,10.295,0.0,7.322,7.466,7.95,7.9085,8.193,8.282,0.0,4.069,4.09105664,1.594901357300108e-05,0.0039936216111445865,5,train,4.1079864399999995,4.0630973829992026e-06,0.0020157126241106896,5,train
CN037,14.446,1.493,2012,0.0,0.0,49.867,318.28799999999995,790.304,1349.815,1612.048,0.0,2.258,30.678,86.344,94.146,133.583,311.562,0.0,-20.35138461538461,-62.56593548387097,-137.5339666666667,-240.6045483870968,-391.8996666666666,-385.6865384615385,0.0,0.0868461538461538,0.9167741935483872,1.8555333333333333,0.2516774193548386,1.3145666666666669,13.690692307692306,0.0,12968658.73076923,16154201.096774194,20298832.4,23331395.129032254,22784503.08333333,18850103.46153846,0.0,0.6609615384615384,6.205483870967743,15.267366666666668,21.546322580645164,24.970366666666667,26.49176923076923,0.0,6.017769230769231,11.729806451612903,21.364466666666665,27.39670967741936,30.347,30.98538461538461,0.0,-3.7295769230769222,1.5200967741935485,9.568066666666668,15.862548387096773,19.917966666666665,22.57730769230769,0.0,24.0,15.0,0.0,0.0,0.0,0.0,0.0,0.0,0.0,0.0,0.0,0.0,0.0,0.0,26.0,30.0,29.0,31.0,29.0,7.0,0.0,33.245000000000005,97.631,222.146,381.8,511.393,624.1445,0.0,0.511,1.4325,3.174,5.132,6.612500000000001,7.980499999999999,0.0,4.816,4.761,4.6035,3.989,3.705,5.448,6.609,6.5521359200000004,3.933568651700018e-05,0.006271816843387582,5,train,6.54886626,3.351048488300611e-05,0.005788824136472459,5,train
CN041,14.925,1.468,2012,0.0,1.66,88.34299999999999,413.541,908.251,1522.938,1749.997,0.0,3.4650000000000003,40.258,75.327,105.035,146.169,271.166,0.0,-21.874,-63.67325806451613,-143.6158,-236.1515806451613,-386.8265666666667,-382.40863636363633,0.0,0.12375,1.1868709677419356,1.1689666666666667,0.9583225806451612,1.371133333333333,11.363363636363635,0.0,12808884.714285716,15090056.217741936,19253094.6,21103333.69354839,22261316.1,17365967.181818184,0.0,2.389535714285714,8.149290322580645,17.159933333333335,22.278387096774196,26.80956666666667,26.961727272727277,0.0,7.4215,13.502709677419356,22.994333333333334,27.62658064516129,32.158,31.07536363636364,0.0,-2.108857142857143,3.3531290322580647,11.456766666666663,16.921193548387098,21.511566666666667,23.256454545454545,0.0,22.0,4.0,0.0,0.0,0.0,0.0,0.0,0.0,0.0,0.0,0.0,2.0,0.0,0.0,28.0,30.0,29.0,29.0,28.0,3.0,0.0,56.9775,166.477,343.01800000000003,525.71,651.908,767.4739999999999,0.0,0.679,1.9195,4.293,6.52,7.9215,9.5205,0.0,4.5855,4.558,4.262499999999999,3.939,3.436,5.195,5.643,5.60207476,2.4570436148002195e-05,0.0049568574871587945,5,train,5.5921803400000005,4.744028162799709e-05,0.006887690587417316,5,train
CN042,13.08,1.433,2012,0.0,5.012999999999998,108.057,448.734,931.143,1528.768,1594.26,0.6500000000000001,18.159,92.007,176.144,382.021,540.168,549.289,-3.1174,-21.088689655172413,-28.03693548387097,-54.99223333333333,-1.9535483870967736,2.017599999999994,58.673,0.13,0.6037586206896551,2.3821935483870966,2.8045666666666667,6.641193548387096,5.271566666666667,3.0403333333333333,9720151.9,10014116.706896553,12415357.653225806,16365601.991666667,17667121.137096774,19784554.816666663,19295037.666666668,3.4368000000000003,4.1738965517241375,9.26358064516129,17.675900000000002,21.88158064516129,26.24083333333333,28.150666666666663,7.7286,8.064724137931035,14.094870967741937,22.6082,26.24293548387097,30.36306666666667,31.70233333333333,-0.4544,0.4423103448275862,4.633193548387096,12.768266666666667,17.655225806451615,22.238,24.58533333333333,4.0,18.0,0.0,0.0,0.0,0.0,0.0,0.0,0.0,0.0,0.0,0.0,0.0,0.0,5.0,29.0,29.0,24.0,23.0,25.0,3.0,0.0,69.62,182.17,318.34000000000003,463.162,604.777,722.272,0.0,0.603,1.9145,3.9965,5.97,7.996499999999999,9.669,6.154,6.095,6.225,6.028499999999999,6.404,6.106,6.542,4.762,4.78194642,2.275942268200037e-05,0.004770683670293008,5,train,4.79519704,1.1026305222999904e-05,0.00332058808390922,5,train
CN043,12.106,1.391,2012,0.3999999999999994,8.351999999999997,132.682,492.452,982.021,1218.753,0.0,54.190000000000005,107.509,278.816,488.076,752.291,842.15,0.0,21.733260869565218,34.861,108.77587096774194,186.2327,354.42641935483874,464.8890769230769,0.0,2.3560869565217395,1.838586206896552,5.526032258064515,6.975333333333333,8.52306451612903,6.912230769230769,0.0,7234556.755434782,7433071.224137931,10423840.274193548,14106743.183333334,14579139.217741936,15764514.307692308,0.0,3.811304347826087,5.106137931034483,10.151290322580644,18.31233333333333,22.112548387096776,24.530153846153844,0.0,6.5211304347826085,7.963448275862069,14.115,22.35933333333333,25.58154838709677,27.726923076923075,0.0,1.1663043478260868,2.297206896551724,6.4153548387096775,14.1436,18.68283870967742,21.36292307692308,0.0,7.0,5.0,0.0,0.0,0.0,0.0,0.0,0.0,0.0,0.0,0.0,0.0,0.0,0.0,20.0,27.0,20.0,22.0,19.0,7.0,0.0,38.1085,96.461,171.6,271.251,398.409,522.0155,0.0,0.8254999999999999,1.7439999999999998,2.626,4.182,6.214,7.821999999999999,0.0,7.097,7.146,7.46,7.462,7.845,7.936,0.0,5.775,5.70994912,5.818254724699506e-05,0.007627748504440551,5,train,5.6980184000000005,5.3594063675006744e-05,0.007320796655761362,5,train
CN044,11.814,1.393,2012,131.567,353.155,718.668,1230.372,1853.321,1890.691,0.0,78.259,151.916,236.387,545.824,810.102,824.906,0.0,28.998608695652173,41.2376551724138,83.99996774193548,150.52796666666666,317.67590322580645,416.073,0.0,3.402565217391305,2.5398965517241376,2.724870967741936,10.314566666666668,8.52509677419355,7.401999999999999,0.0,7858057.9130434785,8751367.5,12545416.451612905,15573020.866666667,16950094.64516129,13238191.0,0.0,12.040304347826089,13.960965517241378,18.11074193548387,23.3768,26.415129032258065,25.005000000000003,0.0,15.396999999999998,17.637241379310346,22.02861290322581,27.152800000000003,30.017322580645164,27.874,0.0,9.474304347826086,10.943758620689657,14.949193548387097,20.22833333333333,23.69003225806452,22.7245,0.0,0.0,0.0,0.0,0.0,0.0,0.0,0.0,0.0,0.0,0.0,0.0,0.0,0.0,0.0,20.0,27.0,28.0,13.0,9.0,1.0,0.0,52.98949999999999,130.61,218.63,328.138,470.088,575.185,0.0,1.16,3.018,5.089,7.189,9.339,10.798,0.0,6.846,6.804,7.053,7.313499999999999,7.689,8.1295,0.0,4.62,4.53514502,2.893377125199907e-05,0.005379012107441204,5,train,4.55377198,1.1782369287002433e-05,0.003432545598677814,5,train
CN045,12.411,1.496,2012,64.41999999999999,194.51,496.83,996.032,1590.736,1661.431,0.0,77.32600000000001,138.953,248.161,408.29,733.28,758.819,0.0,29.52583333333333,56.117,101.80374193548388,130.3855333333333,224.90564516129032,366.2405,0.0,3.221916666666667,2.125068965517241,3.522838709677419,5.337633333333333,10.483548387096777,6.38475,0.0,6076118.401041667,6840735.6465517245,10613022.064516127,15134095.883333333,15487869.241935484,11850845.25,0.0,8.863291666666667,10.749724137931036,16.07225806451613,22.960066666666663,25.504,23.99375,0.0,11.446333333333332,14.016068965517242,19.773774193548388,27.072433333333333,29.36109677419355,26.867,0.0,6.814333333333334,8.109413793103448,13.113129032258064,19.1478,22.388387096774192,21.6815,0.0,0.0,0.0,0.0,0.0,0.0,0.0,0.0,0.0,0.0,0.0,0.0,0.0,0.0,0.0,21.0,27.0,28.0,22.0,15.0,2.0,0.0,36.047,81.461,140.12,232.626,363.014,466.741,0.0,1.158,2.632,4.343500000000001,6.3125,8.299,9.781,0.0,6.781000000000001,6.797,6.908,6.8545,7.158,7.432,0.0,4.31,4.24066176,6.672193241300337e-05,0.008168349430148257,5,train,4.275072440000001,3.767825084299907e-05,0.006138261223098856,5,train
CN046,11.719,1.364,2012,80.345,456.977,956.718,1562.207,2235.658,2363.857,0.0,6.882,34.554,60.851,259.216,523.525,572.178,0.0,-2.9315,-34.16193103448276,-95.00909677419357,-109.74336666666666,-76.29103225806452,56.440333333333335,0.0,0.86025,0.9542068965517242,0.8482903225806452,6.612166666666667,8.52609677419355,8.108833333333333,0.0,8285794.1875,10886026.051724138,15811203.870967742,20001687.133333333,19674414.129032254,18788091.83333333,0.0,16.363125,19.307310344827588,22.44067741935484,26.502966666666666,28.04422580645161,27.6865,0.0,19.337375,23.15679310344828,26.70090322580645,30.989733333333334,32.223193548387094,31.15,0.0,13.892625,16.429206896551726,19.23090322580645,23.167266666666663,25.10767741935484,24.9035,0.0,0.0,0.0,0.0,0.0,0.0,0.0,0.0,0.0,0.0,0.0,0.0,0.0,0.0,0.0,8.0,29.0,31.0,22.0,14.0,2.0,0.0,0.0,95.537,245.062,407.436,581.191,698.88,0.0,0.634,2.142,4.478,6.922,9.197,10.739,0.0,6.757,6.611,6.35,6.494,6.601,7.3235,0.0,4.121,4.152523759999999,2.6695691052999656e-05,0.005166787304795859,5,train,4.18651504,1.674514728299867e-05,0.0040920834892507595,5,train
CN050,12.526,1.429,2012,0.5419999999999998,21.718999999999998,189.272,522.425,966.469,1467.047,0.0,3.026,28.15,117.399,228.593,428.074,561.904,0.0,-4.2827,-17.268689655172416,-17.564,-1.339933333333333,69.5824193548387,133.9766,0.0,0.3026,0.8663448275862069,2.879,3.7064666666666666,6.434870967741936,4.460999999999999,0.0,9060636.9,7239765.198275862,10605667.201612905,15091366.583333334,13594375.35483871,14965915.75,0.0,5.1405,6.665206896551724,11.724935483870969,17.4251,20.644,23.00593333333333,0.0,8.2691,9.29693103448276,15.411709677419354,21.636466666666667,23.92341935483871,26.26053333333333,0.0,1.9891,3.891482758620689,7.910677419354839,13.052533333333336,17.32583870967742,19.8816,0.0,0.0,0.0,0.0,0.0,0.0,0.0,0.0,0.0,0.0,0.0,0.0,0.0,0.0,0.0,10.0,29.0,26.0,23.0,19.0,23.0,0.0,0.0,33.104,92.081,183.137,316.323,486.738,0.0,0.455,1.143,2.352,4.3075,6.571,9.159,0.0,6.713,6.675,6.659,6.6385000000000005,6.883,6.782500000000001,0.0,5.455,5.46169558,1.0985764822001564e-05,0.003314478061777082,5,train,5.449989,1.7759770260001974e-05,0.004214234243608437,5,train
CN051,12.899,1.434,2012,0.9989999999999996,16.321999999999996,172.397,508.901,948.861,1419.114,1628.777,0.772,35.488,89.464,131.088,270.314,448.559,615.367,-1.4055,-8.413620689655172,-21.89632258064516,-71.46806666666666,-90.94903225806452,-52.13850000000001,92.81133333333332,0.386,1.197103448275862,1.7411612903225806,1.3874666666666664,4.491161290322581,5.9415,13.900666666666666,10378745.5,8989598.379310345,12519827.225806452,18068850.216666665,14983276.016129032,14302334.716666669,13891187.083333334,6.785,6.312827586206897,11.35467741935484,17.536800000000003,20.51225806451613,21.9951,23.791916666666665,10.9005,9.804172413793102,15.568032258064516,22.29256666666667,24.523387096774197,25.524366666666666,26.88325,2.5975,2.828793103448276,7.0040645161290325,12.6641,16.648806451612902,18.70876666666667,21.0475,0.0,1.0,0.0,0.0,0.0,0.0,0.0,0.0,0.0,0.0,0.0,0.0,0.0,0.0,2.0,29.0,30.0,30.0,25.0,20.0,4.0,0.0,59.489,152.002,260.57800000000003,378.722,511.937,657.239,0.0,0.975,2.4885,4.3205,5.921,7.81,9.9125,6.6185,6.587,6.516,6.2325,6.363,6.474,7.107,5.115,5.02653374,6.275609380300229e-05,0.007921874386974479,5,train,5.0452705600000005,0.00011012654207300126,0.010494119404361724,5,train
CN052,13.061,1.533,2012,0.0,10.886999999999995,122.242,394.509,755.742,1119.791,1192.515,4.728,40.542,113.955,195.663,420.079,691.641,711.642,-2.89525,-13.634862068965518,-25.70706451612903,-43.06446666666667,-14.565193548387096,159.8302666666667,255.8224,0.591,1.2349655172413794,2.3681612903225804,2.7236,7.239225806451612,9.052066666666668,4.0002,9782145.0625,11349183.086206896,14148731.58064516,17415305.583333332,14775017.29032258,12967073.383333333,17397614.2,1.527875,4.462379310344828,9.46935483870968,15.395566666666667,17.972677419354838,18.454966666666667,20.8648,6.244375,9.93710344827586,14.92941935483871,21.0691,22.390129032258063,22.018933333333333,24.4172,-1.429375,0.6566206896551725,4.994870967741936,10.560133333333331,14.547935483870967,15.585633333333332,18.1234,8.0,13.0,2.0,0.0,0.0,0.0,0.0,0.0,0.0,0.0,0.0,0.0,0.0,0.0,8.0,29.0,28.0,27.0,18.0,11.0,4.0,0.0,37.393,106.155,195.532,303.444,434.718,548.084,0.343,1.2425000000000002,2.6505,4.327,5.829,7.86,9.76,7.486,7.431,7.388,7.264,7.466,7.862999999999999,7.976,3.814,4.00954374,0.0008270238841180085,0.028758022952178205,5,train,4.02344658,0.000541352869082007,0.023266990976101895,5,train
CN053,12.971,1.41,2012,2.6210000000000004,126.82099999999998,331.199,654.8299999999999,1061.854,1442.606,1633.8629999999998,0.246,12.762,50.309,95.507,229.138,539.276,623.947,-2.294,-44.91858620689655,-125.10735483870968,-219.0576333333333,-310.80551612903224,-177.77166666666668,-50.258428571428574,0.246,0.4315862068965517,1.2111935483870966,1.5066,4.310677419354839,10.337933333333332,6.047928571428572,14183940.0,17438264.862068966,19032837.29032258,22708239.966666665,19171249.35483871,15167110.783333331,17862357.07142857,8.941,10.602758620689656,12.91283870967742,17.1077,19.4498064516129,19.01173333333333,19.981214285714284,16.009,17.352172413793102,19.35832258064516,23.454066666666662,24.86558064516129,23.084733333333336,23.85742857142857,3.249,4.771793103448276,7.242451612903226,11.375433333333335,14.77532258064516,15.8912,16.98542857142857,0.0,0.0,0.0,0.0,0.0,0.0,0.0,0.0,0.0,0.0,0.0,0.0,0.0,0.0,1.0,29.0,30.0,28.0,23.0,9.0,9.0,0.0,70.46600000000001,167.234,256.079,343.288,447.752,569.2774999999999,0.0,1.1235,2.7985,4.429,5.908,7.656499999999999,9.615,7.091,6.863,6.676,6.3865,6.501,7.6285,7.54,4.535,4.4475111599999995,0.0001600649587929983,0.012651678101856618,5,train,4.51970308,0.00017465156969200806,0.01321558056583244,5,train
CN054,13.005,1.461,2012,0.0,0.0,0.0,0.8489999999999984,102.822,309.861,404.924,0.039,60.672,148.643,289.113,351.905,530.805,626.304,-1.892,-10.732241379310343,-11.218032258064516,-4.6226,-0.6775161290322573,-11.601766666666665,50.06269230769231,0.039,2.090793103448276,2.837774193548387,4.682333333333333,2.0255483870967743,5.963333333333334,7.346076923076922,18350888.0,18456227.137931038,21889470.70967742,22115331.466666665,24706778.19354839,20209621.633333333,19190317.0,-2.423,0.3961379310344828,2.1863548387096774,5.178299999999999,9.520451612903226,13.2213,13.632538461538465,4.37,5.4046551724137935,7.447870967741935,9.938366666666669,15.345322580645162,18.5199,18.323153846153847,-8.391,-4.607448275862068,-2.8269032258064515,0.3971666666666666,4.25916129032258,8.888733333333333,10.17146153846154,1.0,29.0,31.0,14.0,0.0,0.0,0.0,0.0,0.0,0.0,0.0,0.0,0.0,0.0,1.0,27.0,27.0,19.0,30.0,19.0,6.0,0.0,39.486,97.433,160.076,242.264,353.801,472.655,0.0,0.716,1.685,2.8485,4.078,5.249499999999999,6.314,5.464,5.455,5.466,5.544499999999999,5.473,5.605,6.196,6.023,5.78931258,0.0002906151701919989,0.01704743881619755,5,train,5.901198,0.000546064886495006,0.023368031292665754,5,train
CN061,12.801,1.465,2012,0.0,0.0,40.947,300.35,695.869,1212.557,1450.864,0.0,6.58,30.96,67.607,130.399,176.138,263.236,0.0,-17.88775,-58.07587096774194,-139.9335,-222.8201935483871,-342.83506666666665,-364.1412307692308,0.0,0.235,0.7864516129032257,1.2215666666666667,2.0255483870967743,1.5246333333333333,6.699846153846154,0.0,12529786.589285716,15510795.822580645,20881992.33333333,20516736.774193548,22937158.633333333,19672402.846153848,0.0,-0.7859285714285714,5.855354838709677,14.966766666666668,19.07867741935484,23.54293333333333,24.65130769230769,0.0,4.0225357142857145,11.325129032258063,21.337366666666664,24.65222580645161,29.2963,29.50769230769231,0.0,-5.124714285714285,0.8114838709677419,8.347733333333332,13.307032258064517,17.65666666666667,19.680076923076925,0.0,28.0,15.0,0.0,0.0,0.0,0.0,0.0,0.0,0.0,0.0,0.0,0.0,0.0,0.0,28.0,30.0,29.0,28.0,27.0,8.0,0.0,27.216500000000003,79.768,170.696,289.479,412.193,531.4045000000001,0.0,0.521,1.2675,2.6790000000000003,4.254,5.7805,7.260999999999999,0.0,4.2405,4.132,3.8755,3.894,3.462,4.037,4.856,4.78302156,5.6240969942999904e-05,0.007499397972037482,5,train,4.81498858,0.00014594051478199378,0.01208058420698245,5,train
CN062,12.84,1.465,2012,0.0,0.0,10.805999999999996,159.32399999999998,470.779,902.18,1221.183,0.0,3.879,17.529,37.201,78.213,117.758,161.767,0.0,-13.15425,-56.83916129032258,-151.678,-262.3157741935484,-400.3210666666666,-492.56975,0.0,0.19395,0.4403225806451613,0.6557333333333334,1.322967741935484,1.3181666666666667,2.20045,0.0,14768626.3,18063282.25806452,21938963.2,22125742.0,23804126.633333333,21553478.45,0.0,-3.3420499999999995,3.350935483870968,11.137833333333331,16.366935483870968,20.700033333333334,22.27015,0.0,2.0935,9.271516129032255,17.557766666666666,22.42135483870968,26.653,27.70385,0.0,-8.7691,-2.6713870967741937,4.0686,9.734709677419357,14.1829,16.54665,0.0,20.0,28.0,3.0,0.0,0.0,0.0,0.0,0.0,0.0,0.0,0.0,0.0,0.0,0.0,20.0,31.0,30.0,30.0,28.0,18.0,0.0,13.657,36.084,70.504,131.519,236.701,357.94,0.0,0.263,0.6819999999999999,1.3295,2.157,3.4285,5.085,0.0,3.1875,3.088,2.9035,3.122,2.8040000000000003,3.3415,5.542,5.51764048,0.00012143126958699621,0.011019585726650355,5,train,5.5416736,0.00027002899619500817,0.01643255902758326,5,train
CN063,13.39,1.445,2012,0.0,0.0,1.3629999999999995,62.00699999999999,246.03,541.932,754.929,0.0,6.316000000000001,26.112,45.567,124.743,174.497,258.511,0.0,-10.136,-45.488032258064514,-124.14933333333332,-191.39609677419355,-272.8647666666667,-306.27435,0.0,0.332421052631579,0.6385806451612903,0.6485,2.5540645161290323,1.6584666666666663,4.2007,0.0,16073608.263157897,19615340.93548387,23251140.1,21636723.48387097,22854527.666666668,19895786.95,0.0,-4.819473684210526,1.3365806451612905,8.086666666666666,12.256225806451612,16.1834,16.96985,0.0,0.262842105263158,6.679516129032258,14.494933333333334,17.774709677419352,21.8977,21.7713,0.0,-10.196631578947368,-4.330774193548387,1.1666,6.704806451612903,10.7396,12.4475,0.0,19.0,30.0,11.0,0.0,0.0,0.0,0.0,0.0,0.0,0.0,0.0,0.0,0.0,0.0,19.0,31.0,30.0,28.0,27.0,15.0,0.0,13.575,36.082,71.096,138.535,249.122,363.5215,0.0,0.195,0.5660000000000001,1.1825,1.994,3.177,4.522,0.0,4.263,4.265,4.097,4.445,4.3245000000000005,4.625500000000001,7.38,7.43905584,0.0006925951539930053,0.02631720262476628,5,train,7.353335659999999,0.001909551661912993,0.04369841715569333,5,train
CN064,12.016,1.441,2012,0.0,0.0,22.323,211.774,569.7239999999999,1042.709,1347.645,0.0,2.159,12.818,37.351,66.885,109.822,125.305,0.0,-15.409090909090908,-66.38029032258065,-169.34963333333332,-292.7451290322581,-450.3665333333333,-546.3475882352941,0.0,0.0981363636363636,0.3438387096774193,0.8177666666666668,0.9527096774193548,1.4312333333333334,0.9107647058823528,0.0,14735746.863636363,17969555.258064516,21668583.466666665,22995123.580645163,24860894.8,23238013.23529412,0.0,-3.428818181818181,4.246483870967742,12.452766666666667,17.866774193548387,22.086166666666667,24.25741176470588,0.0,2.497227272727273,10.443258064516128,18.966066666666663,24.328774193548387,28.4142,30.20176470588235,0.0,-9.174136363636364,-1.7073548387096773,5.2827,10.65216129032258,15.199066666666663,17.825176470588236,0.0,22.0,26.0,3.0,0.0,0.0,0.0,0.0,0.0,0.0,0.0,0.0,0.0,0.0,0.0,22.0,31.0,29.0,30.0,28.0,16.0,0.0,13.0625,33.93,62.361,108.684,199.142,325.7835,0.0,0.227,0.6065,1.118,1.806,2.814,4.218,0.0,3.18,3.072,2.898,3.395,2.8615000000000004,3.435,7.775,7.63817456,0.000217805480812999,0.014758234339276465,5,train,7.6243093,0.0003396753361350086,0.018430283126827124,5,train
CN065,13.176,1.431,2012,0.0,0.0,10.979,224.477,577.515,1053.055,1456.285,0.0,8.866,29.429,54.428,82.465,123.98,164.06,0.0,-3.45075,-22.966096774193552,-95.51666666666668,-214.6868064516129,-347.8699666666667,-457.7763333333333,0.0,0.554125,0.6633225806451614,0.8333,0.9044193548387096,1.3838333333333332,1.67,0.0,12215455.40625,16272325.483870968,21924182.766666666,24285825.129032254,23645892.33333333,23335189.666666668,0.0,-7.017125,1.4620967741935484,13.4366,17.70832258064516,22.171333333333333,23.12125,0.0,-1.4169375,7.2580967741935485,20.0989,23.85922580645161,27.4896,28.347125,0.0,-12.299625,-4.451741935483871,5.9545,10.886290322580646,16.644133333333333,17.78725,0.0,16.0,29.0,0.0,0.0,0.0,0.0,0.0,0.0,0.0,0.0,0.0,0.0,0.0,0.0,16.0,31.0,30.0,31.0,30.0,24.0,0.0,4.267,17.099,51.508,111.182,221.185,387.933,0.0,0.196,0.611,1.3115,2.152,3.3795,5.077,0.0,3.382,3.283,2.8395,2.792,2.878,2.9705000000000004,9.344,9.1755648,0.0008168113822000032,0.028579912214700787,5,train,9.2362015,0.0025928500385000246,0.05092003572759965,5,train
