crop_name,adm_id,date,ndvi
maize,ZA-A1-0001,20010101,0.358
maize,ZA-A1-0002,20010101,0.531
maize,ZA-A1-0003,20010101,0.326
maize,ZA-A1-0004,20010101,0.418
maize,ZA-A1-0005,20010101,0.618
maize,ZA-A1-0006,20010101,0.377
maize,ZA-A1-0007,20010101,0.514
maize,ZA-A1-0008,20010101,0.592
maize,ZA-A1-0009,20010101,0.462
maize,ZA-A1-0001,20010109,0.37
maize,ZA-A1-0002,20010109,0.543
maize,ZA-A1-0003,20010109,0.321
maize,ZA-A1-0004,20010109,0.407
maize,ZA-A1-0005,20010109,0.631
maize,ZA-A1-0006,20010109,0.371
maize,ZA-A1-0007,20010109,0.507
maize,ZA-A1-0008,20010109,0.583
maize,ZA-A1-0009,20010109,0.44
maize,ZA-A1-0001,20010117,0.359
maize,ZA-A1-0002,20010117,0.552
maize,ZA-A1-0003,20010117,0.339
maize,ZA-A1-0004,20010117,0.423
maize,ZA-A1-0005,20010117,0.656
maize,ZA-A1-0006,20010117,0.416
maize,ZA-A1-0007,20010117,0.532
maize,ZA-A1-0008,20010117,0.594
maize,ZA-A1-0009,20010117,0.461
maize,ZA-A1-0001,20010125,0.358
maize,ZA-A1-0002,20010125,0.577
maize,ZA-A1-0003,20010125,0.38
maize,ZA-A1-0004,20010125,0.43
maize,ZA-A1-0005,20010125,0.678
maize,ZA-A1-0006,20010125,0.422
maize,ZA-A1-0007,20010125,0.522
maize,ZA-A1-0008,20010125,0.551
maize,ZA-A1-0009,20010125,0.418
maize,ZA-A1-0001,20010202,0.362
maize,ZA-A1-0002,20010202,0.547
maize,ZA-A1-0003,20010202,0.39
maize,ZA-A1-0004,20010202,0.432
maize,ZA-A1-0005,20010202,0.616
maize,ZA-A1-0006,20010202,0.43
maize,ZA-A1-0007,20010202,0.518
maize,ZA-A1-0008,20010202,0.562
maize,ZA-A1-0009,20010202,0.452
maize,ZA-A1-0001,20010210,0.351
maize,ZA-A1-0002,20010210,0.554
maize,ZA-A1-0003,20010210,0.419
maize,ZA-A1-0004,20010210,0.465
maize,ZA-A1-0005,20010210,0.653
maize,ZA-A1-0006,20010210,0.474
maize,ZA-A1-0007,20010210,0.541
maize,ZA-A1-0008,20010210,0.589
maize,ZA-A1-0009,20010210,0.447
maize,ZA-A1-0001,20010218,0.366
maize,ZA-A1-0002,20010218,0.561
maize,ZA-A1-0003,20010218,0.426
maize,ZA-A1-0004,20010218,0.454
maize,ZA-A1-0005,20010218,0.659
maize,ZA-A1-0006,20010218,0.479
maize,ZA-A1-0007,20010218,0.532
maize,ZA-A1-0008,20010218,0.57
maize,ZA-A1-0009,20010218,0.477
maize,ZA-A1-0001,20010226,0.362
maize,ZA-A1-0002,20010226,0.546
maize,ZA-A1-0003,20010226,0.433
maize,ZA-A1-0004,20010226,0.463
maize,ZA-A1-0005,20010226,0.665
maize,ZA-A1-0006,20010226,0.51
maize,ZA-A1-0007,20010226,0.557
maize,ZA-A1-0008,20010226,0.571
maize,ZA-A1-0009,20010226,0.525
maize,ZA-A1-0001,20010306,0.356
maize,ZA-A1-0002,20010306,0.545
maize,ZA-A1-0003,20010306,0.417
maize,ZA-A1-0004,20010306,0.442
maize,ZA-A1-0005,20010306,0.656
maize,ZA-A1-0006,20010306,0.485
maize,ZA-A1-0007,20010306,0.536
maize,ZA-A1-0008,20010306,0.541
maize,ZA-A1-0009,20010306,0.544
maize,ZA-A1-0001,20010314,0.358
maize,ZA-A1-0002,20010314,0.55
maize,ZA-A1-0003,20010314,0.421
maize,ZA-A1-0004,20010314,0.417
maize,ZA-A1-0005,20010314,0.659
maize,ZA-A1-0006,20010314,0.473
maize,ZA-A1-0007,20010314,0.536
maize,ZA-A1-0008,20010314,0.507
maize,ZA-A1-0009,20010314,0.544
maize,ZA-A1-0001,20010322,0.382
maize,ZA-A1-0002,20010322,0.563
maize,ZA-A1-0003,20010322,0.443
maize,ZA-A1-0004,20010322,0.445
maize,ZA-A1-0005,20010322,0.652
maize,ZA-A1-0006,20010322,0.506
maize,ZA-A1-0007,20010322,0.525
maize,ZA-A1-0008,20010322,0.508
maize,ZA-A1-0009,20010322,0.554
maize,ZA-A1-0001,20010330,0.396
maize,ZA-A1-0002,20010330,0.582
maize,ZA-A1-0003,20010330,0.457
maize,ZA-A1-0004,20010330,0.45
maize,ZA-A1-0005,20010330,0.658
maize,ZA-A1-0006,20010330,0.52
maize,ZA-A1-0007,20010330,0.529
maize,ZA-A1-0008,20010330,0.512
maize,ZA-A1-0009,20010330,0.538
maize,ZA-A1-0001,20010407,0.418
maize,ZA-A1-0002,20010407,0.578
maize,ZA-A1-0003,20010407,0.475
maize,ZA-A1-0004,20010407,0.447
maize,ZA-A1-0005,20010407,0.633
maize,ZA-A1-0006,20010407,0.489
maize,ZA-A1-0007,20010407,0.476
maize,ZA-A1-0008,20010407,0.475
maize,ZA-A1-0009,20010407,0.545
maize,ZA-A1-0001,20010415,0.437
maize,ZA-A1-0002,20010415,0.576
maize,ZA-A1-0003,20010415,0.462
maize,ZA-A1-0004,20010415,0.438
maize,ZA-A1-0005,20010415,0.625
maize,ZA-A1-0006,20010415,0.467
maize,ZA-A1-0007,20010415,0.452
maize,ZA-A1-0008,20010415,0.46
maize,ZA-A1-0009,20010415,0.521
maize,ZA-A1-0001,20010423,0.469
maize,ZA-A1-0002,20010423,0.574
maize,ZA-A1-0003,20010423,0.465
maize,ZA-A1-0004,20010423,0.441
maize,ZA-A1-0005,20010423,0.606
maize,ZA-A1-0006,20010423,0.468
maize,ZA-A1-0007,20010423,0.423
maize,ZA-A1-0008,20010423,0.442
maize,ZA-A1-0009,20010423,0.478
maize,ZA-A1-0001,20010501,0.464
maize,ZA-A1-0002,20010501,0.569
maize,ZA-A1-0003,20010501,0.425
maize,ZA-A1-0004,20010501,0.405
maize,ZA-A1-0005,20010501,0.588
maize,ZA-A1-0006,20010501,0.407
maize,ZA-A1-0007,20010501,0.402
maize,ZA-A1-0008,20010501,0.413
maize,ZA-A1-0009,20010501,0.488
maize,ZA-A1-0001,20010509,0.459
maize,ZA-A1-0002,20010509,0.535
maize,ZA-A1-0003,20010509,0.395
maize,ZA-A1-0004,20010509,0.358
maize,ZA-A1-0005,20010509,0.547
maize,ZA-A1-0006,20010509,0.37
maize,ZA-A1-0007,20010509,0.356
maize,ZA-A1-0008,20010509,0.378
maize,ZA-A1-0009,20010509,0.457
maize,ZA-A1-0001,20010517,0.482
maize,ZA-A1-0002,20010517,0.505
maize,ZA-A1-0003,20010517,0.373
maize,ZA-A1-0004,20010517,0.332
maize,ZA-A1-0005,20010517,0.522
maize,ZA-A1-0006,20010517,0.34
maize,ZA-A1-0007,20010517,0.338
maize,ZA-A1-0008,20010517,0.345
maize,ZA-A1-0009,20010517,0.431
maize,ZA-A1-0001,20010525,0.49
maize,ZA-A1-0002,20010525,0.486
maize,ZA-A1-0003,20010525,0.364
maize,ZA-A1-0004,20010525,0.315
maize,ZA-A1-0005,20010525,0.49
maize,ZA-A1-0006,20010525,0.329
maize,ZA-A1-0007,20010525,0.321
maize,ZA-A1-0008,20010525,0.325
maize,ZA-A1-0009,20010525,0.413
maize,ZA-A1-0001,20010602,0.486
maize,ZA-A1-0002,20010602,0.456
maize,ZA-A1-0003,20010602,0.357
maize,ZA-A1-0004,20010602,0.304
maize,ZA-A1-0005,20010602,0.469
maize,ZA-A1-0006,20010602,0.319
maize,ZA-A1-0007,20010602,0.307
maize,ZA-A1-0008,20010602,0.312
maize,ZA-A1-0009,20010602,0.393
maize,ZA-A1-0001,20010610,0.512
maize,ZA-A1-0002,20010610,0.445
maize,ZA-A1-0003,20010610,0.348
maize,ZA-A1-0004,20010610,0.293
maize,ZA-A1-0005,20010610,0.46
maize,ZA-A1-0006,20010610,0.308
maize,ZA-A1-0007,20010610,0.29
maize,ZA-A1-0008,20010610,0.304
maize,ZA-A1-0009,20010610,0.378
maize,ZA-A1-0001,20010618,0.512
maize,ZA-A1-0002,20010618,0.445
maize,ZA-A1-0003,20010618,0.348
maize,ZA-A1-0004,20010618,0.293
maize,ZA-A1-0005,20010618,0.46
maize,ZA-A1-0006,20010618,0.308
maize,ZA-A1-0007,20010618,0.29
maize,ZA-A1-0008,20010618,0.304
maize,ZA-A1-0009,20010618,0.378
maize,ZA-A1-0001,20010626,0.364
maize,ZA-A1-0003,20010626,0.229
maize,ZA-A1-0001,20010704,0.515
maize,ZA-A1-0002,20010704,0.395
maize,ZA-A1-0003,20010704,0.301
maize,ZA-A1-0004,20010704,0.268
maize,ZA-A1-0005,20010704,0.384
maize,ZA-A1-0006,20010704,0.265
maize,ZA-A1-0007,20010704,0.261
maize,ZA-A1-0008,20010704,0.268
maize,ZA-A1-0009,20010704,0.324
maize,ZA-A1-0001,20010712,0.53
maize,ZA-A1-0002,20010712,0.374
maize,ZA-A1-0003,20010712,0.291
maize,ZA-A1-0004,20010712,0.262
maize,ZA-A1-0005,20010712,0.367
maize,ZA-A1-0006,20010712,0.262
maize,ZA-A1-0007,20010712,0.254
maize,ZA-A1-0008,20010712,0.263
maize,ZA-A1-0009,20010712,0.318
maize,ZA-A1-0001,20010720,0.545
maize,ZA-A1-0002,20010720,0.375
maize,ZA-A1-0003,20010720,0.292
maize,ZA-A1-0004,20010720,0.26
maize,ZA-A1-0005,20010720,0.369
maize,ZA-A1-0006,20010720,0.258
maize,ZA-A1-0007,20010720,0.251
maize,ZA-A1-0008,20010720,0.26
maize,ZA-A1-0009,20010720,0.307
maize,ZA-A1-0001,20010728,0.553
maize,ZA-A1-0002,20010728,0.354
maize,ZA-A1-0003,20010728,0.287
maize,ZA-A1-0004,20010728,0.25
maize,ZA-A1-0005,20010728,0.349
maize,ZA-A1-0006,20010728,0.246
maize,ZA-A1-0007,20010728,0.244
maize,ZA-A1-0008,20010728,0.254
maize,ZA-A1-0009,20010728,0.297
maize,ZA-A1-0001,20010805,0.586
maize,ZA-A1-0002,20010805,0.356
maize,ZA-A1-0003,20010805,0.301
maize,ZA-A1-0004,20010805,0.245
maize,ZA-A1-0005,20010805,0.342
maize,ZA-A1-0006,20010805,0.24
maize,ZA-A1-0007,20010805,0.231
maize,ZA-A1-0008,20010805,0.245
maize,ZA-A1-0009,20010805,0.288
maize,ZA-A1-0001,20010813,0.597
maize,ZA-A1-0002,20010813,0.35
maize,ZA-A1-0003,20010813,0.318
maize,ZA-A1-0004,20010813,0.241
maize,ZA-A1-0005,20010813,0.332
maize,ZA-A1-0006,20010813,0.241
maize,ZA-A1-0007,20010813,0.229
maize,ZA-A1-0008,20010813,0.238
maize,ZA-A1-0009,20010813,0.282
maize,ZA-A1-0001,20010821,0.582
maize,ZA-A1-0002,20010821,0.339
maize,ZA-A1-0003,20010821,0.33
maize,ZA-A1-0004,20010821,0.244
maize,ZA-A1-0005,20010821,0.329
maize,ZA-A1-0006,20010821,0.239
maize,ZA-A1-0007,20010821,0.232
maize,ZA-A1-0008,20010821,0.24
maize,ZA-A1-0009,20010821,0.283
maize,ZA-A1-0001,20010829,0.621
maize,ZA-A1-0002,20010829,0.35
maize,ZA-A1-0003,20010829,0.352
maize,ZA-A1-0004,20010829,0.256
maize,ZA-A1-0005,20010829,0.331
maize,ZA-A1-0006,20010829,0.238
maize,ZA-A1-0007,20010829,0.243
maize,ZA-A1-0008,20010829,0.247
maize,ZA-A1-0009,20010829,0.282
maize,ZA-A1-0001,20010906,0.596
maize,ZA-A1-0002,20010906,0.34
maize,ZA-A1-0003,20010906,0.36
maize,ZA-A1-0004,20010906,0.25
maize,ZA-A1-0005,20010906,0.331
maize,ZA-A1-0006,20010906,0.236
maize,ZA-A1-0007,20010906,0.239
maize,ZA-A1-0008,20010906,0.245
maize,ZA-A1-0009,20010906,0.277
maize,ZA-A1-0001,20010914,0.585
maize,ZA-A1-0002,20010914,0.356
maize,ZA-A1-0003,20010914,0.385
maize,ZA-A1-0004,20010914,0.259
maize,ZA-A1-0005,20010914,0.342
maize,ZA-A1-0006,20010914,0.241
maize,ZA-A1-0007,20010914,0.25
maize,ZA-A1-0008,20010914,0.253
maize,ZA-A1-0009,20010914,0.281
maize,ZA-A1-0001,20010922,0.576
maize,ZA-A1-0002,20010922,0.389
maize,ZA-A1-0003,20010922,0.401
maize,ZA-A1-0004,20010922,0.275
maize,ZA-A1-0005,20010922,0.382
maize,ZA-A1-0006,20010922,0.244
maize,ZA-A1-0007,20010922,0.266
maize,ZA-A1-0008,20010922,0.264
maize,ZA-A1-0009,20010922,0.278
maize,ZA-A1-0001,20010930,0.579
maize,ZA-A1-0002,20010930,0.411
maize,ZA-A1-0003,20010930,0.411
maize,ZA-A1-0004,20010930,0.289
maize,ZA-A1-0005,20010930,0.406
maize,ZA-A1-0006,20010930,0.254
maize,ZA-A1-0007,20010930,0.277
maize,ZA-A1-0008,20010930,0.267
maize,ZA-A1-0009,20010930,0.27
maize,ZA-A1-0001,20011008,0.522
maize,ZA-A1-0002,20011008,0.434
maize,ZA-A1-0003,20011008,0.424
maize,ZA-A1-0004,20011008,0.299
maize,ZA-A1-0005,20011008,0.441
maize,ZA-A1-0006,20011008,0.262
maize,ZA-A1-0007,20011008,0.29
maize,ZA-A1-0008,20011008,0.273
maize,ZA-A1-0009,20011008,0.273
maize,ZA-A1-0001,20011016,0.466
maize,ZA-A1-0002,20011016,0.478
maize,ZA-A1-0003,20011016,0.426
maize,ZA-A1-0004,20011016,0.333
maize,ZA-A1-0005,20011016,0.497
maize,ZA-A1-0006,20011016,0.273
maize,ZA-A1-0007,20011016,0.341
maize,ZA-A1-0008,20011016,0.326
maize,ZA-A1-0009,20011016,0.288
maize,ZA-A1-0001,20011024,0.462
maize,ZA-A1-0002,20011024,0.473
maize,ZA-A1-0003,20011024,0.439
maize,ZA-A1-0004,20011024,0.386
maize,ZA-A1-0005,20011024,0.533
maize,ZA-A1-0006,20011024,0.303
maize,ZA-A1-0007,20011024,0.383
maize,ZA-A1-0008,20011024,0.365
maize,ZA-A1-0009,20011024,0.315
maize,ZA-A1-0001,20011101,0.46
maize,ZA-A1-0002,20011101,0.476
maize,ZA-A1-0003,20011101,0.393
maize,ZA-A1-0004,20011101,0.372
maize,ZA-A1-0005,20011101,0.56
maize,ZA-A1-0006,20011101,0.322
maize,ZA-A1-0007,20011101,0.389
maize,ZA-A1-0008,20011101,0.388
maize,ZA-A1-0009,20011101,0.357
maize,ZA-A1-0001,20011109,0.424
maize,ZA-A1-0002,20011109,0.501
maize,ZA-A1-0003,20011109,0.416
maize,ZA-A1-0004,20011109,0.416
maize,ZA-A1-0005,20011109,0.595
maize,ZA-A1-0006,20011109,0.345
maize,ZA-A1-0007,20011109,0.464
maize,ZA-A1-0008,20011109,0.469
maize,ZA-A1-0009,20011109,0.414
maize,ZA-A1-0001,20011117,0.424
maize,ZA-A1-0002,20011117,0.535
maize,ZA-A1-0003,20011117,0.395
maize,ZA-A1-0004,20011117,0.405
maize,ZA-A1-0005,20011117,0.622
maize,ZA-A1-0006,20011117,0.361
maize,ZA-A1-0007,20011117,0.445
maize,ZA-A1-0008,20011117,0.494
maize,ZA-A1-0009,20011117,0.503
maize,ZA-A1-0001,20011125,0.448
maize,ZA-A1-0002,20011125,0.559
maize,ZA-A1-0003,20011125,0.37
maize,ZA-A1-0004,20011125,0.406
maize,ZA-A1-0005,20011125,0.617
maize,ZA-A1-0006,20011125,0.39
maize,ZA-A1-0007,20011125,0.583
maize,ZA-A1-0008,20011125,0.582
maize,ZA-A1-0009,20011125,0.596
maize,ZA-A1-0001,20011203,0.424
maize,ZA-A1-0002,20011203,0.539
maize,ZA-A1-0003,20011203,0.365
maize,ZA-A1-0004,20011203,0.436
maize,ZA-A1-0005,20011203,0.636
maize,ZA-A1-0006,20011203,0.404
maize,ZA-A1-0007,20011203,0.539
maize,ZA-A1-0008,20011203,0.554
maize,ZA-A1-0009,20011203,0.575
maize,ZA-A1-0001,20011211,0.41
maize,ZA-A1-0002,20011211,0.548
maize,ZA-A1-0003,20011211,0.387
maize,ZA-A1-0004,20011211,0.456
maize,ZA-A1-0005,20011211,0.673
maize,ZA-A1-0006,20011211,0.423
maize,ZA-A1-0007,20011211,0.579
maize,ZA-A1-0008,20011211,0.654
maize,ZA-A1-0009,20011211,0.577
maize,ZA-A1-0001,20011219,0.409
maize,ZA-A1-0002,20011219,0.549
maize,ZA-A1-0003,20011219,0.355
maize,ZA-A1-0004,20011219,0.433
maize,ZA-A1-0005,20011219,0.647
maize,ZA-A1-0006,20011219,0.402
maize,ZA-A1-0007,20011219,0.559
maize,ZA-A1-0008,20011219,0.619
maize,ZA-A1-0009,20011219,0.575
maize,ZA-A1-0001,20011227,0.386
maize,ZA-A1-0002,20011227,0.558
maize,ZA-A1-0003,20011227,0.361
maize,ZA-A1-0004,20011227,0.455
maize,ZA-A1-0005,20011227,0.664
maize,ZA-A1-0006,20011227,0.411
maize,ZA-A1-0007,20011227,0.566
maize,ZA-A1-0008,20011227,0.606
maize,ZA-A1-0009,20011227,0.532
maize,ZA-A1-0001,20020101,0.377
maize,ZA-A1-0002,20020101,0.586
maize,ZA-A1-0003,20020101,0.37
maize,ZA-A1-0004,20020101,0.47
maize,ZA-A1-0005,20020101,0.685
maize,ZA-A1-0006,20020101,0.43
maize,ZA-A1-0007,20020101,0.558
maize,ZA-A1-0008,20020101,0.624
maize,ZA-A1-0009,20020101,0.512
maize,ZA-A1-0001,20020109,0.379
maize,ZA-A1-0002,20020109,0.551
maize,ZA-A1-0003,20020109,0.396
maize,ZA-A1-0004,20020109,0.466
maize,ZA-A1-0005,20020109,0.654
maize,ZA-A1-0006,20020109,0.436
maize,ZA-A1-0007,20020109,0.559
maize,ZA-A1-0008,20020109,0.627
maize,ZA-A1-0009,20020109,0.511
maize,ZA-A1-0001,20020117,0.398
maize,ZA-A1-0002,20020117,0.547
maize,ZA-A1-0003,20020117,0.396
maize,ZA-A1-0004,20020117,0.481
maize,ZA-A1-0005,20020117,0.647
maize,ZA-A1-0006,20020117,0.441
maize,ZA-A1-0007,20020117,0.595
maize,ZA-A1-0008,20020117,0.623
maize,ZA-A1-0009,20020117,0.49
maize,ZA-A1-0001,20020125,0.423
maize,ZA-A1-0002,20020125,0.594
maize,ZA-A1-0003,20020125,0.468
maize,ZA-A1-0004,20020125,0.496
maize,ZA-A1-0005,20020125,0.716
maize,ZA-A1-0006,20020125,0.482
maize,ZA-A1-0007,20020125,0.581
maize,ZA-A1-0008,20020125,0.635
maize,ZA-A1-0009,20020125,0.51
maize,ZA-A1-0001,20020202,0.428
maize,ZA-A1-0002,20020202,0.569
maize,ZA-A1-0003,20020202,0.459
maize,ZA-A1-0004,20020202,0.523
maize,ZA-A1-0005,20020202,0.677
maize,ZA-A1-0006,20020202,0.487
maize,ZA-A1-0007,20020202,0.617
maize,ZA-A1-0008,20020202,0.67
maize,ZA-A1-0009,20020202,0.531
maize,ZA-A1-0001,20020210,0.431
maize,ZA-A1-0002,20020210,0.56
maize,ZA-A1-0003,20020210,0.472
maize,ZA-A1-0004,20020210,0.525
maize,ZA-A1-0005,20020210,0.67
maize,ZA-A1-0006,20020210,0.531
maize,ZA-A1-0007,20020210,0.594
maize,ZA-A1-0008,20020210,0.631
maize,ZA-A1-0009,20020210,0.505
maize,ZA-A1-0001,20020218,0.415
maize,ZA-A1-0002,20020218,0.565
maize,ZA-A1-0003,20020218,0.467
maize,ZA-A1-0004,20020218,0.51
maize,ZA-A1-0005,20020218,0.694
maize,ZA-A1-0006,20020218,0.516
maize,ZA-A1-0007,20020218,0.585
maize,ZA-A1-0008,20020218,0.638
maize,ZA-A1-0009,20020218,0.501
maize,ZA-A1-0001,20020226,0.418
maize,ZA-A1-0002,20020226,0.563
maize,ZA-A1-0003,20020226,0.481
maize,ZA-A1-0004,20020226,0.52
maize,ZA-A1-0005,20020226,0.686
maize,ZA-A1-0006,20020226,0.508
maize,ZA-A1-0007,20020226,0.604
maize,ZA-A1-0008,20020226,0.631
maize,ZA-A1-0009,20020226,0.503
maize,ZA-A1-0001,20020306,0.407
maize,ZA-A1-0002,20020306,0.601
maize,ZA-A1-0003,20020306,0.518
maize,ZA-A1-0004,20020306,0.539
maize,ZA-A1-0005,20020306,0.704
maize,ZA-A1-0006,20020306,0.541
maize,ZA-A1-0007,20020306,0.6
maize,ZA-A1-0008,20020306,0.653
maize,ZA-A1-0009,20020306,0.482
maize,ZA-A1-0001,20020314,0.397
maize,ZA-A1-0002,20020314,0.574
maize,ZA-A1-0003,20020314,0.487
maize,ZA-A1-0004,20020314,0.5
maize,ZA-A1-0005,20020314,0.673
maize,ZA-A1-0006,20020314,0.484
maize,ZA-A1-0007,20020314,0.558
maize,ZA-A1-0008,20020314,0.609
maize,ZA-A1-0009,20020314,0.454
maize,ZA-A1-0001,20020322,0.371
maize,ZA-A1-0002,20020322,0.612
maize,ZA-A1-0003,20020322,0.501
maize,ZA-A1-0004,20020322,0.514
maize,ZA-A1-0005,20020322,0.674
maize,ZA-A1-0006,20020322,0.517
maize,ZA-A1-0007,20020322,0.542
maize,ZA-A1-0008,20020322,0.542
maize,ZA-A1-0009,20020322,0.505
maize,ZA-A1-0001,20020330,0.386
maize,ZA-A1-0002,20020330,0.543
maize,ZA-A1-0003,20020330,0.423
maize,ZA-A1-0004,20020330,0.402
maize,ZA-A1-0005,20020330,0.6
maize,ZA-A1-0006,20020330,0.404
maize,ZA-A1-0007,20020330,0.433
maize,ZA-A1-0008,20020330,0.453
maize,ZA-A1-0009,20020330,0.394
maize,ZA-A1-0001,20020407,0.382
maize,ZA-A1-0002,20020407,0.532
maize,ZA-A1-0003,20020407,0.407
maize,ZA-A1-0004,20020407,0.409
maize,ZA-A1-0005,20020407,0.569
maize,ZA-A1-0006,20020407,0.398
maize,ZA-A1-0007,20020407,0.428
maize,ZA-A1-0008,20020407,0.447
maize,ZA-A1-0009,20020407,0.404
maize,ZA-A1-0001,20020415,0.381
maize,ZA-A1-0002,20020415,0.51
maize,ZA-A1-0003,20020415,0.375
maize,ZA-A1-0004,20020415,0.368
maize,ZA-A1-0005,20020415,0.559
maize,ZA-A1-0006,20020415,0.367
maize,ZA-A1-0007,20020415,0.412
maize,ZA-A1-0008,20020415,0.424
maize,ZA-A1-0009,20020415,0.411
maize,ZA-A1-0001,20020423,0.416
maize,ZA-A1-0002,20020423,0.503
maize,ZA-A1-0003,20020423,0.356
maize,ZA-A1-0004,20020423,0.345
maize,ZA-A1-0005,20020423,0.541
maize,ZA-A1-0006,20020423,0.346
maize,ZA-A1-0007,20020423,0.382
maize,ZA-A1-0008,20020423,0.402
maize,ZA-A1-0009,20020423,0.391
maize,ZA-A1-0001,20020501,0.445
maize,ZA-A1-0002,20020501,0.496
maize,ZA-A1-0003,20020501,0.337
maize,ZA-A1-0004,20020501,0.34
maize,ZA-A1-0005,20020501,0.515
maize,ZA-A1-0006,20020501,0.341
maize,ZA-A1-0007,20020501,0.364
maize,ZA-A1-0008,20020501,0.377
maize,ZA-A1-0009,20020501,0.387
maize,ZA-A1-0001,20020509,0.468
maize,ZA-A1-0002,20020509,0.47
maize,ZA-A1-0003,20020509,0.292
maize,ZA-A1-0004,20020509,0.28
maize,ZA-A1-0005,20020509,0.47
maize,ZA-A1-0006,20020509,0.281
maize,ZA-A1-0007,20020509,0.3
maize,ZA-A1-0008,20020509,0.319
maize,ZA-A1-0009,20020509,0.345
maize,ZA-A1-0001,20020517,0.482
maize,ZA-A1-0002,20020517,0.437
maize,ZA-A1-0003,20020517,0.29
maize,ZA-A1-0004,20020517,0.27
maize,ZA-A1-0005,20020517,0.425
maize,ZA-A1-0006,20020517,0.268
maize,ZA-A1-0007,20020517,0.292
maize,ZA-A1-0008,20020517,0.3
maize,ZA-A1-0009,20020517,0.332
maize,ZA-A1-0001,20020525,0.531
maize,ZA-A1-0002,20020525,0.443
maize,ZA-A1-0003,20020525,0.281
maize,ZA-A1-0004,20020525,0.265
maize,ZA-A1-0005,20020525,0.42
maize,ZA-A1-0006,20020525,0.256
maize,ZA-A1-0007,20020525,0.285
maize,ZA-A1-0008,20020525,0.294
maize,ZA-A1-0009,20020525,0.331
maize,ZA-A1-0001,20020602,0.529
maize,ZA-A1-0002,20020602,0.412
maize,ZA-A1-0003,20020602,0.266
maize,ZA-A1-0004,20020602,0.247
maize,ZA-A1-0005,20020602,0.403
maize,ZA-A1-0006,20020602,0.237
maize,ZA-A1-0007,20020602,0.269
maize,ZA-A1-0008,20020602,0.278
maize,ZA-A1-0009,20020602,0.327
maize,ZA-A1-0001,20020610,0.579
maize,ZA-A1-0002,20020610,0.407
maize,ZA-A1-0003,20020610,0.276
maize,ZA-A1-0004,20020610,0.25
maize,ZA-A1-0005,20020610,0.399
maize,ZA-A1-0006,20020610,0.244
maize,ZA-A1-0007,20020610,0.269
maize,ZA-A1-0008,20020610,0.279
maize,ZA-A1-0009,20020610,0.323
maize,ZA-A1-0001,20020618,0.59
maize,ZA-A1-0002,20020618,0.397
maize,ZA-A1-0003,20020618,0.262
maize,ZA-A1-0004,20020618,0.24
maize,ZA-A1-0005,20020618,0.391
maize,ZA-A1-0006,20020618,0.229
maize,ZA-A1-0007,20020618,0.257
maize,ZA-A1-0008,20020618,0.266
maize,ZA-A1-0009,20020618,0.318
maize,ZA-A1-0001,20020626,0.624
maize,ZA-A1-0002,20020626,0.38
maize,ZA-A1-0003,20020626,0.258
maize,ZA-A1-0004,20020626,0.236
maize,ZA-A1-0005,20020626,0.376
maize,ZA-A1-0006,20020626,0.228
maize,ZA-A1-0007,20020626,0.252
maize,ZA-A1-0008,20020626,0.259
maize,ZA-A1-0009,20020626,0.311
maize,ZA-A1-0001,20020704,0.638
maize,ZA-A1-0002,20020704,0.368
maize,ZA-A1-0003,20020704,0.252
maize,ZA-A1-0004,20020704,0.23
maize,ZA-A1-0005,20020704,0.357
maize,ZA-A1-0006,20020704,0.221
maize,ZA-A1-0007,20020704,0.239
maize,ZA-A1-0008,20020704,0.248
maize,ZA-A1-0009,20020704,0.294
maize,ZA-A1-0001,20020712,0.662
maize,ZA-A1-0002,20020712,0.371
maize,ZA-A1-0003,20020712,0.26
maize,ZA-A1-0004,20020712,0.231
maize,ZA-A1-0005,20020712,0.347
maize,ZA-A1-0006,20020712,0.227
maize,ZA-A1-0007,20020712,0.235
maize,ZA-A1-0008,20020712,0.245
maize,ZA-A1-0009,20020712,0.29
maize,ZA-A1-0001,20020720,0.648
maize,ZA-A1-0002,20020720,0.346
maize,ZA-A1-0003,20020720,0.26
maize,ZA-A1-0004,20020720,0.227
maize,ZA-A1-0005,20020720,0.333
maize,ZA-A1-0006,20020720,0.222
maize,ZA-A1-0007,20020720,0.233
maize,ZA-A1-0008,20020720,0.24
maize,ZA-A1-0009,20020720,0.281
maize,ZA-A1-0001,20020728,0.655
maize,ZA-A1-0002,20020728,0.345
maize,ZA-A1-0003,20020728,0.273
maize,ZA-A1-0004,20020728,0.23
maize,ZA-A1-0005,20020728,0.331
maize,ZA-A1-0006,20020728,0.22
maize,ZA-A1-0007,20020728,0.233
maize,ZA-A1-0008,20020728,0.245
maize,ZA-A1-0009,20020728,0.28
maize,ZA-A1-0001,20020805,0.642
maize,ZA-A1-0002,20020805,0.341
maize,ZA-A1-0003,20020805,0.291
maize,ZA-A1-0004,20020805,0.228
maize,ZA-A1-0005,20020805,0.341
maize,ZA-A1-0006,20020805,0.217
maize,ZA-A1-0007,20020805,0.231
maize,ZA-A1-0008,20020805,0.238
maize,ZA-A1-0009,20020805,0.276
maize,ZA-A1-0001,20020813,0.662
maize,ZA-A1-0002,20020813,0.366
maize,ZA-A1-0003,20020813,0.314
maize,ZA-A1-0004,20020813,0.239
maize,ZA-A1-0005,20020813,0.356
maize,ZA-A1-0006,20020813,0.219
maize,ZA-A1-0007,20020813,0.228
maize,ZA-A1-0008,20020813,0.234
maize,ZA-A1-0009,20020813,0.279
maize,ZA-A1-0001,20020821,0.662
maize,ZA-A1-0002,20020821,0.382
maize,ZA-A1-0003,20020821,0.357
maize,ZA-A1-0004,20020821,0.242
maize,ZA-A1-0005,20020821,0.37
maize,ZA-A1-0006,20020821,0.222
maize,ZA-A1-0007,20020821,0.245
maize,ZA-A1-0008,20020821,0.257
maize,ZA-A1-0009,20020821,0.277
maize,ZA-A1-0001,20020829,0.656
maize,ZA-A1-0002,20020829,0.383
maize,ZA-A1-0003,20020829,0.381
maize,ZA-A1-0004,20020829,0.255
maize,ZA-A1-0005,20020829,0.401
maize,ZA-A1-0006,20020829,0.234
maize,ZA-A1-0007,20020829,0.256
maize,ZA-A1-0008,20020829,0.258
maize,ZA-A1-0009,20020829,0.274
maize,ZA-A1-0001,20020906,0.658
maize,ZA-A1-0002,20020906,0.403
maize,ZA-A1-0003,20020906,0.415
maize,ZA-A1-0004,20020906,0.271
maize,ZA-A1-0005,20020906,0.423
maize,ZA-A1-0006,20020906,0.244
maize,ZA-A1-0007,20020906,0.267
maize,ZA-A1-0008,20020906,0.268
maize,ZA-A1-0009,20020906,0.276
maize,ZA-A1-0001,20020914,0.632
maize,ZA-A1-0002,20020914,0.412
maize,ZA-A1-0003,20020914,0.422
maize,ZA-A1-0004,20020914,0.278
maize,ZA-A1-0005,20020914,0.424
maize,ZA-A1-0006,20020914,0.239
maize,ZA-A1-0007,20020914,0.26
maize,ZA-A1-0008,20020914,0.271
maize,ZA-A1-0009,20020914,0.268
maize,ZA-A1-0001,20020922,0.615
maize,ZA-A1-0002,20020922,0.443
maize,ZA-A1-0003,20020922,0.442
maize,ZA-A1-0004,20020922,0.294
maize,ZA-A1-0005,20020922,0.423
maize,ZA-A1-0006,20020922,0.245
maize,ZA-A1-0007,20020922,0.269
maize,ZA-A1-0008,20020922,0.276
maize,ZA-A1-0009,20020922,0.27
maize,ZA-A1-0001,20020930,0.567
maize,ZA-A1-0002,20020930,0.441
maize,ZA-A1-0003,20020930,0.428
maize,ZA-A1-0004,20020930,0.297
maize,ZA-A1-0005,20020930,0.458
maize,ZA-A1-0006,20020930,0.244
maize,ZA-A1-0007,20020930,0.263
maize,ZA-A1-0008,20020930,0.28
maize,ZA-A1-0009,20020930,0.266
maize,ZA-A1-0001,20021008,0.523
maize,ZA-A1-0002,20021008,0.451
maize,ZA-A1-0003,20021008,0.427
maize,ZA-A1-0004,20021008,0.291
maize,ZA-A1-0005,20021008,0.482
maize,ZA-A1-0006,20021008,0.242
maize,ZA-A1-0007,20021008,0.281
maize,ZA-A1-0008,20021008,0.292
maize,ZA-A1-0009,20021008,0.273
maize,ZA-A1-0001,20021016,0.476
maize,ZA-A1-0002,20021016,0.448
maize,ZA-A1-0003,20021016,0.394
maize,ZA-A1-0004,20021016,0.298
maize,ZA-A1-0005,20021016,0.467
maize,ZA-A1-0006,20021016,0.244
maize,ZA-A1-0007,20021016,0.285
maize,ZA-A1-0008,20021016,0.296
maize,ZA-A1-0009,20021016,0.279
maize,ZA-A1-0001,20021024,0.442
maize,ZA-A1-0002,20021024,0.448
maize,ZA-A1-0003,20021024,0.404
maize,ZA-A1-0004,20021024,0.302
maize,ZA-A1-0005,20021024,0.481
maize,ZA-A1-0006,20021024,0.255
maize,ZA-A1-0007,20021024,0.291
maize,ZA-A1-0008,20021024,0.315
maize,ZA-A1-0009,20021024,0.284
maize,ZA-A1-0001,20021101,0.407
maize,ZA-A1-0002,20021101,0.451
maize,ZA-A1-0003,20021101,0.37
maize,ZA-A1-0004,20021101,0.31
maize,ZA-A1-0005,20021101,0.508
maize,ZA-A1-0006,20021101,0.261
maize,ZA-A1-0007,20021101,0.311
maize,ZA-A1-0008,20021101,0.36
maize,ZA-A1-0009,20021101,0.314
maize,ZA-A1-0001,20021109,0.388
maize,ZA-A1-0002,20021109,0.451
maize,ZA-A1-0003,20021109,0.336
maize,ZA-A1-0004,20021109,0.297
maize,ZA-A1-0005,20021109,0.487
maize,ZA-A1-0006,20021109,0.253
maize,ZA-A1-0007,20021109,0.294
maize,ZA-A1-0008,20021109,0.345
maize,ZA-A1-0009,20021109,0.316
maize,ZA-A1-0001,20021117,0.368
maize,ZA-A1-0002,20021117,0.475
maize,ZA-A1-0003,20021117,0.297
maize,ZA-A1-0004,20021117,0.304
maize,ZA-A1-0005,20021117,0.48
maize,ZA-A1-0006,20021117,0.26
maize,ZA-A1-0007,20021117,0.307
maize,ZA-A1-0008,20021117,0.353
maize,ZA-A1-0009,20021117,0.314
maize,ZA-A1-0001,20021125,0.36
maize,ZA-A1-0002,20021125,0.42
maize,ZA-A1-0003,20021125,0.281
maize,ZA-A1-0004,20021125,0.273
maize,ZA-A1-0005,20021125,0.47
maize,ZA-A1-0006,20021125,0.244
maize,ZA-A1-0007,20021125,0.292
maize,ZA-A1-0008,20021125,0.343
maize,ZA-A1-0009,20021125,0.305
maize,ZA-A1-0001,20021203,0.347
maize,ZA-A1-0002,20021203,0.481
maize,ZA-A1-0003,20021203,0.295
maize,ZA-A1-0004,20021203,0.281
maize,ZA-A1-0005,20021203,0.582
maize,ZA-A1-0006,20021203,0.258
maize,ZA-A1-0007,20021203,0.371
maize,ZA-A1-0008,20021203,0.415
maize,ZA-A1-0009,20021203,0.343
maize,ZA-A1-0001,20021211,0.36
maize,ZA-A1-0002,20021211,0.465
maize,ZA-A1-0003,20021211,0.304
maize,ZA-A1-0004,20021211,0.341
maize,ZA-A1-0005,20021211,0.531
maize,ZA-A1-0006,20021211,0.304
maize,ZA-A1-0007,20021211,0.391
maize,ZA-A1-0008,20021211,0.453
maize,ZA-A1-0009,20021211,0.36
maize,ZA-A1-0001,20021219,0.362
maize,ZA-A1-0002,20021219,0.494
maize,ZA-A1-0003,20021219,0.344
maize,ZA-A1-0004,20021219,0.378
maize,ZA-A1-0005,20021219,0.608
maize,ZA-A1-0006,20021219,0.34
maize,ZA-A1-0007,20021219,0.441
maize,ZA-A1-0008,20021219,0.508
maize,ZA-A1-0009,20021219,0.399
maize,ZA-A1-0001,20021227,0.36
maize,ZA-A1-0002,20021227,0.498
maize,ZA-A1-0003,20021227,0.348
maize,ZA-A1-0004,20021227,0.401
maize,ZA-A1-0005,20021227,0.613
maize,ZA-A1-0006,20021227,0.354
maize,ZA-A1-0007,20021227,0.462
maize,ZA-A1-0008,20021227,0.532
maize,ZA-A1-0009,20021227,0.42
maize,ZA-A1-0001,20030101,0.356
maize,ZA-A1-0002,20030101,0.52
maize,ZA-A1-0003,20030101,0.352
maize,ZA-A1-0004,20030101,0.402
maize,ZA-A1-0005,20030101,0.637
maize,ZA-A1-0006,20030101,0.358
maize,ZA-A1-0007,20030101,0.462
maize,ZA-A1-0008,20030101,0.532
maize,ZA-A1-0009,20030101,0.423
maize,ZA-A1-0001,20030109,0.371
maize,ZA-A1-0002,20030109,0.506
maize,ZA-A1-0003,20030109,0.399
maize,ZA-A1-0004,20030109,0.445
maize,ZA-A1-0005,20030109,0.629
maize,ZA-A1-0006,20030109,0.408
maize,ZA-A1-0007,20030109,0.518
maize,ZA-A1-0008,20030109,0.596
maize,ZA-A1-0009,20030109,0.464
maize,ZA-A1-0001,20030117,0.375
maize,ZA-A1-0002,20030117,0.496
maize,ZA-A1-0003,20030117,0.424
maize,ZA-A1-0004,20030117,0.447
maize,ZA-A1-0005,20030117,0.669
maize,ZA-A1-0006,20030117,0.432
maize,ZA-A1-0007,20030117,0.511
maize,ZA-A1-0008,20030117,0.633
maize,ZA-A1-0009,20030117,0.454
maize,ZA-A1-0001,20030125,0.363
maize,ZA-A1-0002,20030125,0.497
maize,ZA-A1-0003,20030125,0.433
maize,ZA-A1-0004,20030125,0.465
maize,ZA-A1-0005,20030125,0.648
maize,ZA-A1-0006,20030125,0.459
maize,ZA-A1-0007,20030125,0.571
maize,ZA-A1-0008,20030125,0.651
maize,ZA-A1-0009,20030125,0.478
maize,ZA-A1-0001,20030202,0.374
maize,ZA-A1-0002,20030202,0.51
maize,ZA-A1-0003,20030202,0.47
maize,ZA-A1-0004,20030202,0.495
maize,ZA-A1-0005,20030202,0.657
maize,ZA-A1-0006,20030202,0.503
maize,ZA-A1-0007,20030202,0.569
maize,ZA-A1-0008,20030202,0.634
maize,ZA-A1-0009,20030202,0.446
maize,ZA-A1-0001,20030210,0.38
maize,ZA-A1-0002,20030210,0.531
maize,ZA-A1-0003,20030210,0.462
maize,ZA-A1-0004,20030210,0.488
maize,ZA-A1-0005,20030210,0.65
maize,ZA-A1-0006,20030210,0.494
maize,ZA-A1-0007,20030210,0.564
maize,ZA-A1-0008,20030210,0.61
maize,ZA-A1-0009,20030210,0.439
maize,ZA-A1-0001,20030218,0.384
maize,ZA-A1-0002,20030218,0.571
maize,ZA-A1-0003,20030218,0.47
maize,ZA-A1-0004,20030218,0.548
maize,ZA-A1-0005,20030218,0.681
maize,ZA-A1-0006,20030218,0.572
maize,ZA-A1-0007,20030218,0.638
maize,ZA-A1-0008,20030218,0.644
maize,ZA-A1-0009,20030218,0.517
maize,ZA-A1-0001,20030226,0.368
maize,ZA-A1-0002,20030226,0.536
maize,ZA-A1-0003,20030226,0.465
maize,ZA-A1-0004,20030226,0.522
maize,ZA-A1-0005,20030226,0.669
maize,ZA-A1-0006,20030226,0.536
maize,ZA-A1-0007,20030226,0.594
maize,ZA-A1-0008,20030226,0.628
maize,ZA-A1-0009,20030226,0.493
maize,ZA-A1-0001,20030306,0.36
maize,ZA-A1-0002,20030306,0.541
maize,ZA-A1-0003,20030306,0.447
maize,ZA-A1-0004,20030306,0.501
maize,ZA-A1-0005,20030306,0.654
maize,ZA-A1-0006,20030306,0.48
maize,ZA-A1-0007,20030306,0.57
maize,ZA-A1-0008,20030306,0.599
maize,ZA-A1-0009,20030306,0.466
maize,ZA-A1-0001,20030314,0.383
maize,ZA-A1-0002,20030314,0.521
maize,ZA-A1-0003,20030314,0.43
maize,ZA-A1-0004,20030314,0.45
maize,ZA-A1-0005,20030314,0.606
maize,ZA-A1-0006,20030314,0.461
maize,ZA-A1-0007,20030314,0.499
maize,ZA-A1-0008,20030314,0.527
maize,ZA-A1-0009,20030314,0.433
maize,ZA-A1-0001,20030322,0.415
maize,ZA-A1-0002,20030322,0.547
maize,ZA-A1-0003,20030322,0.41
maize,ZA-A1-0004,20030322,0.46
maize,ZA-A1-0005,20030322,0.616
maize,ZA-A1-0006,20030322,0.441
maize,ZA-A1-0007,20030322,0.534
maize,ZA-A1-0008,20030322,0.515
maize,ZA-A1-0009,20030322,0.436
maize,ZA-A1-0001,20030330,0.479
maize,ZA-A1-0002,20030330,0.546
maize,ZA-A1-0003,20030330,0.415
maize,ZA-A1-0004,20030330,0.44
maize,ZA-A1-0005,20030330,0.579
maize,ZA-A1-0006,20030330,0.427
maize,ZA-A1-0007,20030330,0.503
maize,ZA-A1-0008,20030330,0.476
maize,ZA-A1-0009,20030330,0.417
maize,ZA-A1-0001,20030407,0.53
maize,ZA-A1-0002,20030407,0.561
maize,ZA-A1-0003,20030407,0.395
maize,ZA-A1-0004,20030407,0.422
maize,ZA-A1-0005,20030407,0.555
maize,ZA-A1-0006,20030407,0.397
maize,ZA-A1-0007,20030407,0.472
maize,ZA-A1-0008,20030407,0.436
maize,ZA-A1-0009,20030407,0.388
maize,ZA-A1-0001,20030415,0.559
maize,ZA-A1-0002,20030415,0.56
maize,ZA-A1-0003,20030415,0.379
maize,ZA-A1-0004,20030415,0.408
maize,ZA-A1-0005,20030415,0.562
maize,ZA-A1-0006,20030415,0.364
maize,ZA-A1-0007,20030415,0.437
maize,ZA-A1-0008,20030415,0.436
maize,ZA-A1-0009,20030415,0.382
maize,ZA-A1-0001,20030423,0.578
maize,ZA-A1-0002,20030423,0.558
maize,ZA-A1-0003,20030423,0.348
maize,ZA-A1-0004,20030423,0.383
maize,ZA-A1-0005,20030423,0.554
maize,ZA-A1-0006,20030423,0.331
maize,ZA-A1-0007,20030423,0.395
maize,ZA-A1-0008,20030423,0.402
maize,ZA-A1-0009,20030423,0.361
maize,ZA-A1-0001,20030501,0.583
maize,ZA-A1-0002,20030501,0.542
maize,ZA-A1-0003,20030501,0.322
maize,ZA-A1-0004,20030501,0.348
maize,ZA-A1-0005,20030501,0.523
maize,ZA-A1-0006,20030501,0.317
maize,ZA-A1-0007,20030501,0.371
maize,ZA-A1-0008,20030501,0.376
maize,ZA-A1-0009,20030501,0.345
maize,ZA-A1-0001,20030509,0.59
maize,ZA-A1-0002,20030509,0.517
maize,ZA-A1-0003,20030509,0.309
maize,ZA-A1-0004,20030509,0.325
maize,ZA-A1-0005,20030509,0.513
maize,ZA-A1-0006,20030509,0.298
maize,ZA-A1-0007,20030509,0.344
maize,ZA-A1-0008,20030509,0.348
maize,ZA-A1-0009,20030509,0.332
maize,ZA-A1-0001,20030517,0.599
maize,ZA-A1-0002,20030517,0.515
maize,ZA-A1-0003,20030517,0.304
maize,ZA-A1-0004,20030517,0.302
maize,ZA-A1-0005,20030517,0.487
maize,ZA-A1-0006,20030517,0.286
maize,ZA-A1-0007,20030517,0.307
maize,ZA-A1-0008,20030517,0.323
maize,ZA-A1-0009,20030517,0.32
maize,ZA-A1-0001,20030525,0.63
maize,ZA-A1-0002,20030525,0.513
maize,ZA-A1-0003,20030525,0.282
maize,ZA-A1-0004,20030525,0.292
maize,ZA-A1-0005,20030525,0.466
maize,ZA-A1-0006,20030525,0.273
maize,ZA-A1-0007,20030525,0.303
maize,ZA-A1-0008,20030525,0.31
maize,ZA-A1-0009,20030525,0.311
maize,ZA-A1-0001,20030602,0.647
maize,ZA-A1-0002,20030602,0.481
maize,ZA-A1-0003,20030602,0.275
maize,ZA-A1-0004,20030602,0.274
maize,ZA-A1-0005,20030602,0.44
maize,ZA-A1-0006,20030602,0.261
maize,ZA-A1-0007,20030602,0.286
maize,ZA-A1-0008,20030602,0.288
maize,ZA-A1-0009,20030602,0.295
maize,ZA-A1-0001,20030610,0.639
maize,ZA-A1-0002,20030610,0.449
maize,ZA-A1-0003,20030610,0.255
maize,ZA-A1-0004,20030610,0.259
maize,ZA-A1-0005,20030610,0.403
maize,ZA-A1-0006,20030610,0.249
maize,ZA-A1-0007,20030610,0.275
maize,ZA-A1-0008,20030610,0.275
maize,ZA-A1-0009,20030610,0.301
maize,ZA-A1-0001,20030618,0.645
maize,ZA-A1-0002,20030618,0.42
maize,ZA-A1-0003,20030618,0.25
maize,ZA-A1-0004,20030618,0.245
maize,ZA-A1-0005,20030618,0.382
maize,ZA-A1-0006,20030618,0.239
maize,ZA-A1-0007,20030618,0.256
maize,ZA-A1-0008,20030618,0.262
maize,ZA-A1-0009,20030618,0.293
maize,ZA-A1-0001,20030626,0.65
maize,ZA-A1-0002,20030626,0.412
maize,ZA-A1-0003,20030626,0.248
maize,ZA-A1-0004,20030626,0.245
maize,ZA-A1-0005,20030626,0.376
maize,ZA-A1-0006,20030626,0.237
maize,ZA-A1-0007,20030626,0.258
maize,ZA-A1-0008,20030626,0.268
maize,ZA-A1-0009,20030626,0.292
maize,ZA-A1-0001,20030704,0.64
maize,ZA-A1-0002,20030704,0.398
maize,ZA-A1-0003,20030704,0.242
maize,ZA-A1-0004,20030704,0.235
maize,ZA-A1-0005,20030704,0.361
maize,ZA-A1-0006,20030704,0.228
maize,ZA-A1-0007,20030704,0.242
maize,ZA-A1-0008,20030704,0.251
maize,ZA-A1-0009,20030704,0.283
maize,ZA-A1-0001,20030712,0.63
maize,ZA-A1-0002,20030712,0.377
maize,ZA-A1-0003,20030712,0.253
maize,ZA-A1-0004,20030712,0.232
maize,ZA-A1-0005,20030712,0.35
maize,ZA-A1-0006,20030712,0.224
maize,ZA-A1-0007,20030712,0.237
maize,ZA-A1-0008,20030712,0.249
maize,ZA-A1-0009,20030712,0.27
maize,ZA-A1-0001,20030720,0.635
maize,ZA-A1-0002,20030720,0.371
maize,ZA-A1-0003,20030720,0.265
maize,ZA-A1-0004,20030720,0.229
maize,ZA-A1-0005,20030720,0.337
maize,ZA-A1-0006,20030720,0.222
maize,ZA-A1-0007,20030720,0.232
maize,ZA-A1-0008,20030720,0.242
maize,ZA-A1-0009,20030720,0.268
maize,ZA-A1-0001,20030728,0.643
maize,ZA-A1-0002,20030728,0.355
maize,ZA-A1-0003,20030728,0.282
maize,ZA-A1-0004,20030728,0.225
maize,ZA-A1-0005,20030728,0.333
maize,ZA-A1-0006,20030728,0.221
maize,ZA-A1-0007,20030728,0.229
maize,ZA-A1-0008,20030728,0.239
maize,ZA-A1-0009,20030728,0.265
maize,ZA-A1-0001,20030805,0.637
maize,ZA-A1-0002,20030805,0.355
maize,ZA-A1-0003,20030805,0.289
maize,ZA-A1-0004,20030805,0.23
maize,ZA-A1-0005,20030805,0.333
maize,ZA-A1-0006,20030805,0.219
maize,ZA-A1-0007,20030805,0.235
maize,ZA-A1-0008,20030805,0.24
maize,ZA-A1-0009,20030805,0.265
maize,ZA-A1-0001,20030813,0.638
maize,ZA-A1-0002,20030813,0.36
maize,ZA-A1-0003,20030813,0.319
maize,ZA-A1-0004,20030813,0.229
maize,ZA-A1-0005,20030813,0.334
maize,ZA-A1-0006,20030813,0.223
maize,ZA-A1-0007,20030813,0.234
maize,ZA-A1-0008,20030813,0.237
maize,ZA-A1-0009,20030813,0.259
maize,ZA-A1-0001,20030821,0.619
maize,ZA-A1-0002,20030821,0.339
maize,ZA-A1-0003,20030821,0.327
maize,ZA-A1-0004,20030821,0.216
maize,ZA-A1-0005,20030821,0.308
maize,ZA-A1-0006,20030821,0.216
maize,ZA-A1-0007,20030821,0.22
maize,ZA-A1-0008,20030821,0.229
maize,ZA-A1-0009,20030821,0.253
maize,ZA-A1-0001,20030829,0.627
maize,ZA-A1-0002,20030829,0.337
maize,ZA-A1-0003,20030829,0.35
maize,ZA-A1-0004,20030829,0.219
maize,ZA-A1-0005,20030829,0.308
maize,ZA-A1-0006,20030829,0.213
maize,ZA-A1-0007,20030829,0.217
maize,ZA-A1-0008,20030829,0.229
maize,ZA-A1-0009,20030829,0.248
maize,ZA-A1-0001,20030906,0.631
maize,ZA-A1-0002,20030906,0.34
maize,ZA-A1-0003,20030906,0.37
maize,ZA-A1-0004,20030906,0.218
maize,ZA-A1-0005,20030906,0.311
maize,ZA-A1-0006,20030906,0.214
maize,ZA-A1-0007,20030906,0.218
maize,ZA-A1-0008,20030906,0.233
maize,ZA-A1-0009,20030906,0.25
maize,ZA-A1-0001,20030914,0.62
maize,ZA-A1-0002,20030914,0.364
maize,ZA-A1-0003,20030914,0.386
maize,ZA-A1-0004,20030914,0.227
maize,ZA-A1-0005,20030914,0.323
maize,ZA-A1-0006,20030914,0.217
maize,ZA-A1-0007,20030914,0.228
maize,ZA-A1-0008,20030914,0.24
maize,ZA-A1-0009,20030914,0.255
maize,ZA-A1-0001,20030922,0.607
maize,ZA-A1-0002,20030922,0.359
maize,ZA-A1-0003,20030922,0.386
maize,ZA-A1-0004,20030922,0.222
maize,ZA-A1-0005,20030922,0.327
maize,ZA-A1-0006,20030922,0.215
maize,ZA-A1-0007,20030922,0.22
maize,ZA-A1-0008,20030922,0.235
maize,ZA-A1-0009,20030922,0.249
maize,ZA-A1-0001,20030930,0.55
maize,ZA-A1-0002,20030930,0.374
maize,ZA-A1-0003,20030930,0.386
maize,ZA-A1-0004,20030930,0.23
maize,ZA-A1-0005,20030930,0.33
maize,ZA-A1-0006,20030930,0.215
maize,ZA-A1-0007,20030930,0.22
maize,ZA-A1-0008,20030930,0.239
maize,ZA-A1-0009,20030930,0.247
maize,ZA-A1-0001,20031008,0.549
maize,ZA-A1-0002,20031008,0.381
maize,ZA-A1-0003,20031008,0.392
maize,ZA-A1-0004,20031008,0.23
maize,ZA-A1-0005,20031008,0.358
maize,ZA-A1-0006,20031008,0.218
maize,ZA-A1-0007,20031008,0.226
maize,ZA-A1-0008,20031008,0.242
maize,ZA-A1-0009,20031008,0.247
maize,ZA-A1-0001,20031016,0.477
maize,ZA-A1-0002,20031016,0.393
maize,ZA-A1-0003,20031016,0.365
maize,ZA-A1-0004,20031016,0.227
maize,ZA-A1-0005,20031016,0.354
maize,ZA-A1-0006,20031016,0.209
maize,ZA-A1-0007,20031016,0.229
maize,ZA-A1-0008,20031016,0.247
maize,ZA-A1-0009,20031016,0.248
maize,ZA-A1-0001,20031024,0.468
maize,ZA-A1-0002,20031024,0.374
maize,ZA-A1-0003,20031024,0.361
maize,ZA-A1-0004,20031024,0.226
maize,ZA-A1-0005,20031024,0.345
maize,ZA-A1-0006,20031024,0.212
maize,ZA-A1-0007,20031024,0.237
maize,ZA-A1-0008,20031024,0.258
maize,ZA-A1-0009,20031024,0.252
maize,ZA-A1-0001,20031101,0.438
maize,ZA-A1-0002,20031101,0.413
maize,ZA-A1-0003,20031101,0.321
maize,ZA-A1-0004,20031101,0.237
maize,ZA-A1-0005,20031101,0.385
maize,ZA-A1-0006,20031101,0.246
maize,ZA-A1-0007,20031101,0.278
maize,ZA-A1-0008,20031101,0.309
maize,ZA-A1-0009,20031101,0.271
maize,ZA-A1-0001,20031109,0.407
maize,ZA-A1-0002,20031109,0.433
maize,ZA-A1-0003,20031109,0.306
maize,ZA-A1-0004,20031109,0.244
maize,ZA-A1-0005,20031109,0.406
maize,ZA-A1-0006,20031109,0.252
maize,ZA-A1-0007,20031109,0.272
maize,ZA-A1-0008,20031109,0.316
maize,ZA-A1-0009,20031109,0.29
maize,ZA-A1-0001,20031117,0.391
maize,ZA-A1-0002,20031117,0.414
maize,ZA-A1-0003,20031117,0.294
maize,ZA-A1-0004,20031117,0.277
maize,ZA-A1-0005,20031117,0.427
maize,ZA-A1-0006,20031117,0.272
maize,ZA-A1-0007,20031117,0.334
maize,ZA-A1-0008,20031117,0.377
maize,ZA-A1-0009,20031117,0.31
maize,ZA-A1-0001,20031125,0.382
maize,ZA-A1-0002,20031125,0.431
maize,ZA-A1-0003,20031125,0.296
maize,ZA-A1-0004,20031125,0.32
maize,ZA-A1-0005,20031125,0.495
maize,ZA-A1-0006,20031125,0.31
maize,ZA-A1-0007,20031125,0.364
maize,ZA-A1-0008,20031125,0.437
maize,ZA-A1-0009,20031125,0.34
maize,ZA-A1-0001,20031203,0.367
maize,ZA-A1-0002,20031203,0.414
maize,ZA-A1-0003,20031203,0.285
maize,ZA-A1-0004,20031203,0.313
maize,ZA-A1-0005,20031203,0.497
maize,ZA-A1-0006,20031203,0.304
maize,ZA-A1-0007,20031203,0.366
maize,ZA-A1-0008,20031203,0.445
maize,ZA-A1-0009,20031203,0.351
maize,ZA-A1-0001,20031211,0.368
maize,ZA-A1-0002,20031211,0.395
maize,ZA-A1-0003,20031211,0.271
maize,ZA-A1-0004,20031211,0.304
maize,ZA-A1-0005,20031211,0.47
maize,ZA-A1-0006,20031211,0.283
maize,ZA-A1-0007,20031211,0.346
maize,ZA-A1-0008,20031211,0.424
maize,ZA-A1-0009,20031211,0.333
maize,ZA-A1-0001,20031219,0.42
maize,ZA-A1-0002,20031219,0.458
maize,ZA-A1-0003,20031219,0.291
maize,ZA-A1-0004,20031219,0.33
maize,ZA-A1-0005,20031219,0.539
maize,ZA-A1-0006,20031219,0.317
maize,ZA-A1-0007,20031219,0.423
maize,ZA-A1-0008,20031219,0.495
maize,ZA-A1-0009,20031219,0.417
maize,ZA-A1-0001,20031227,0.358
maize,ZA-A1-0002,20031227,0.42
maize,ZA-A1-0003,20031227,0.298
maize,ZA-A1-0004,20031227,0.325
maize,ZA-A1-0005,20031227,0.506
maize,ZA-A1-0006,20031227,0.325
maize,ZA-A1-0007,20031227,0.398
maize,ZA-A1-0008,20031227,0.482
maize,ZA-A1-0009,20031227,0.387
maize,ZA-A1-0001,20040101,0.354
maize,ZA-A1-0002,20040101,0.435
maize,ZA-A1-0003,20040101,0.3
maize,ZA-A1-0004,20040101,0.356
maize,ZA-A1-0005,20040101,0.558
maize,ZA-A1-0006,20040101,0.351
maize,ZA-A1-0007,20040101,0.445
maize,ZA-A1-0008,20040101,0.547
maize,ZA-A1-0009,20040101,0.434
maize,ZA-A1-0001,20040109,0.361
maize,ZA-A1-0002,20040109,0.489
maize,ZA-A1-0003,20040109,0.36
maize,ZA-A1-0004,20040109,0.378
maize,ZA-A1-0005,20040109,0.59
maize,ZA-A1-0006,20040109,0.377
maize,ZA-A1-0007,20040109,0.457
maize,ZA-A1-0008,20040109,0.579
maize,ZA-A1-0009,20040109,0.405
maize,ZA-A1-0001,20040117,0.357
maize,ZA-A1-0002,20040117,0.51
maize,ZA-A1-0003,20040117,0.412
maize,ZA-A1-0004,20040117,0.409
maize,ZA-A1-0005,20040117,0.63
maize,ZA-A1-0006,20040117,0.434
maize,ZA-A1-0007,20040117,0.449
maize,ZA-A1-0008,20040117,0.646
maize,ZA-A1-0009,20040117,0.42
maize,ZA-A1-0001,20040125,0.376
maize,ZA-A1-0002,20040125,0.538
maize,ZA-A1-0003,20040125,0.423
maize,ZA-A1-0004,20040125,0.434
maize,ZA-A1-0005,20040125,0.646
maize,ZA-A1-0006,20040125,0.448
maize,ZA-A1-0007,20040125,0.548
maize,ZA-A1-0008,20040125,0.637
maize,ZA-A1-0009,20040125,0.474
maize,ZA-A1-0001,20040202,0.368
maize,ZA-A1-0002,20040202,0.53
maize,ZA-A1-0003,20040202,0.444
maize,ZA-A1-0004,20040202,0.44
maize,ZA-A1-0005,20040202,0.658
maize,ZA-A1-0006,20040202,0.433
maize,ZA-A1-0007,20040202,0.581
maize,ZA-A1-0008,20040202,0.672
maize,ZA-A1-0009,20040202,0.482
maize,ZA-A1-0001,20040210,0.364
maize,ZA-A1-0002,20040210,0.554
maize,ZA-A1-0003,20040210,0.465
maize,ZA-A1-0004,20040210,0.48
maize,ZA-A1-0005,20040210,0.661
maize,ZA-A1-0006,20040210,0.491
maize,ZA-A1-0007,20040210,0.588
maize,ZA-A1-0008,20040210,0.664
maize,ZA-A1-0009,20040210,0.532
maize,ZA-A1-0001,20040218,0.391
maize,ZA-A1-0002,20040218,0.589
maize,ZA-A1-0003,20040218,0.501
maize,ZA-A1-0004,20040218,0.511
maize,ZA-A1-0005,20040218,0.695
maize,ZA-A1-0006,20040218,0.477
maize,ZA-A1-0007,20040218,0.607
maize,ZA-A1-0008,20040218,0.675
maize,ZA-A1-0009,20040218,0.521
maize,ZA-A1-0001,20040226,0.396
maize,ZA-A1-0002,20040226,0.59
maize,ZA-A1-0003,20040226,0.478
maize,ZA-A1-0004,20040226,0.519
maize,ZA-A1-0005,20040226,0.714
maize,ZA-A1-0006,20040226,0.547
maize,ZA-A1-0007,20040226,0.672
maize,ZA-A1-0008,20040226,0.719
maize,ZA-A1-0009,20040226,0.613
maize,ZA-A1-0001,20040305,0.401
maize,ZA-A1-0002,20040305,0.597
maize,ZA-A1-0003,20040305,0.485
maize,ZA-A1-0004,20040305,0.555
maize,ZA-A1-0005,20040305,0.721
maize,ZA-A1-0006,20040305,0.621
maize,ZA-A1-0007,20040305,0.657
maize,ZA-A1-0008,20040305,0.671
maize,ZA-A1-0009,20040305,0.553
maize,ZA-A1-0001,20040313,0.4
maize,ZA-A1-0002,20040313,0.572
maize,ZA-A1-0003,20040313,0.468
maize,ZA-A1-0004,20040313,0.522
maize,ZA-A1-0005,20040313,0.678
maize,ZA-A1-0006,20040313,0.548
maize,ZA-A1-0007,20040313,0.642
maize,ZA-A1-0008,20040313,0.666
maize,ZA-A1-0009,20040313,0.606
maize,ZA-A1-0001,20040321,0.405
maize,ZA-A1-0002,20040321,0.587
maize,ZA-A1-0003,20040321,0.476
maize,ZA-A1-0004,20040321,0.531
maize,ZA-A1-0005,20040321,0.676
maize,ZA-A1-0006,20040321,0.543
maize,ZA-A1-0007,20040321,0.627
maize,ZA-A1-0008,20040321,0.641
maize,ZA-A1-0009,20040321,0.612
maize,ZA-A1-0001,20040329,0.395
maize,ZA-A1-0002,20040329,0.617
maize,ZA-A1-0003,20040329,0.482
maize,ZA-A1-0004,20040329,0.522
maize,ZA-A1-0005,20040329,0.663
maize,ZA-A1-0006,20040329,0.531
maize,ZA-A1-0007,20040329,0.619
maize,ZA-A1-0008,20040329,0.623
maize,ZA-A1-0009,20040329,0.61
maize,ZA-A1-0001,20040406,0.434
maize,ZA-A1-0002,20040406,0.592
maize,ZA-A1-0003,20040406,0.463
maize,ZA-A1-0004,20040406,0.495
maize,ZA-A1-0005,20040406,0.659
maize,ZA-A1-0006,20040406,0.504
maize,ZA-A1-0007,20040406,0.577
maize,ZA-A1-0008,20040406,0.6
maize,ZA-A1-0009,20040406,0.588
maize,ZA-A1-0001,20040414,0.441
maize,ZA-A1-0002,20040414,0.577
maize,ZA-A1-0003,20040414,0.432
maize,ZA-A1-0004,20040414,0.452
maize,ZA-A1-0005,20040414,0.639
maize,ZA-A1-0006,20040414,0.463
maize,ZA-A1-0007,20040414,0.524
maize,ZA-A1-0008,20040414,0.549
maize,ZA-A1-0009,20040414,0.55
maize,ZA-A1-0001,20040422,0.488
maize,ZA-A1-0002,20040422,0.556
maize,ZA-A1-0003,20040422,0.397
maize,ZA-A1-0004,20040422,0.419
maize,ZA-A1-0005,20040422,0.585
maize,ZA-A1-0006,20040422,0.432
maize,ZA-A1-0007,20040422,0.501
maize,ZA-A1-0008,20040422,0.508
maize,ZA-A1-0009,20040422,0.538
maize,ZA-A1-0001,20040430,0.503
maize,ZA-A1-0002,20040430,0.545
maize,ZA-A1-0003,20040430,0.362
maize,ZA-A1-0004,20040430,0.389
maize,ZA-A1-0005,20040430,0.553
maize,ZA-A1-0006,20040430,0.405
maize,ZA-A1-0007,20040430,0.471
maize,ZA-A1-0008,20040430,0.478
maize,ZA-A1-0009,20040430,0.507
maize,ZA-A1-0001,20040508,0.524
maize,ZA-A1-0002,20040508,0.523
maize,ZA-A1-0003,20040508,0.344
maize,ZA-A1-0004,20040508,0.355
maize,ZA-A1-0005,20040508,0.518
maize,ZA-A1-0006,20040508,0.375
maize,ZA-A1-0007,20040508,0.427
maize,ZA-A1-0008,20040508,0.419
maize,ZA-A1-0009,20040508,0.472
maize,ZA-A1-0001,20040516,0.511
maize,ZA-A1-0002,20040516,0.489
maize,ZA-A1-0003,20040516,0.329
maize,ZA-A1-0004,20040516,0.328
maize,ZA-A1-0005,20040516,0.483
maize,ZA-A1-0006,20040516,0.368
maize,ZA-A1-0007,20040516,0.394
maize,ZA-A1-0008,20040516,0.395
maize,ZA-A1-0009,20040516,0.452
maize,ZA-A1-0001,20040524,0.496
maize,ZA-A1-0002,20040524,0.464
maize,ZA-A1-0003,20040524,0.313
maize,ZA-A1-0004,20040524,0.309
maize,ZA-A1-0005,20040524,0.456
maize,ZA-A1-0006,20040524,0.338
maize,ZA-A1-0007,20040524,0.366
maize,ZA-A1-0008,20040524,0.363
maize,ZA-A1-0009,20040524,0.428
maize,ZA-A1-0001,20040601,0.491
maize,ZA-A1-0002,20040601,0.428
maize,ZA-A1-0003,20040601,0.291
maize,ZA-A1-0004,20040601,0.291
maize,ZA-A1-0005,20040601,0.41
maize,ZA-A1-0006,20040601,0.307
maize,ZA-A1-0007,20040601,0.33
maize,ZA-A1-0008,20040601,0.329
maize,ZA-A1-0009,20040601,0.403
maize,ZA-A1-0001,20040609,0.536
maize,ZA-A1-0002,20040609,0.418
maize,ZA-A1-0003,20040609,0.282
maize,ZA-A1-0004,20040609,0.275
maize,ZA-A1-0005,20040609,0.397
maize,ZA-A1-0006,20040609,0.289
maize,ZA-A1-0007,20040609,0.301
maize,ZA-A1-0008,20040609,0.309
maize,ZA-A1-0009,20040609,0.371
maize,ZA-A1-0001,20040617,0.562
maize,ZA-A1-0002,20040617,0.397
maize,ZA-A1-0003,20040617,0.266
maize,ZA-A1-0004,20040617,0.269
maize,ZA-A1-0005,20040617,0.388
maize,ZA-A1-0006,20040617,0.275
maize,ZA-A1-0007,20040617,0.288
maize,ZA-A1-0008,20040617,0.298
maize,ZA-A1-0009,20040617,0.357
maize,ZA-A1-0001,20040625,0.588
maize,ZA-A1-0002,20040625,0.397
maize,ZA-A1-0003,20040625,0.258
maize,ZA-A1-0004,20040625,0.262
maize,ZA-A1-0005,20040625,0.383
maize,ZA-A1-0006,20040625,0.263
maize,ZA-A1-0007,20040625,0.28
maize,ZA-A1-0008,20040625,0.289
maize,ZA-A1-0009,20040625,0.349
maize,ZA-A1-0001,20040703,0.589
maize,ZA-A1-0002,20040703,0.386
maize,ZA-A1-0003,20040703,0.268
maize,ZA-A1-0004,20040703,0.253
maize,ZA-A1-0005,20040703,0.368
maize,ZA-A1-0006,20040703,0.258
maize,ZA-A1-0007,20040703,0.274
maize,ZA-A1-0008,20040703,0.287
maize,ZA-A1-0009,20040703,0.339
maize,ZA-A1-0001,20040711,0.582
maize,ZA-A1-0002,20040711,0.377
maize,ZA-A1-0003,20040711,0.262
maize,ZA-A1-0004,20040711,0.244
maize,ZA-A1-0005,20040711,0.356
maize,ZA-A1-0006,20040711,0.25
maize,ZA-A1-0007,20040711,0.258
maize,ZA-A1-0008,20040711,0.27
maize,ZA-A1-0009,20040711,0.327
maize,ZA-A1-0001,20040719,0.578
maize,ZA-A1-0002,20040719,0.358
maize,ZA-A1-0003,20040719,0.258
maize,ZA-A1-0004,20040719,0.238
maize,ZA-A1-0005,20040719,0.344
maize,ZA-A1-0006,20040719,0.243
maize,ZA-A1-0007,20040719,0.251
maize,ZA-A1-0008,20040719,0.262
maize,ZA-A1-0009,20040719,0.312
maize,ZA-A1-0001,20040727,0.608
maize,ZA-A1-0002,20040727,0.358
maize,ZA-A1-0003,20040727,0.273
maize,ZA-A1-0004,20040727,0.236
maize,ZA-A1-0005,20040727,0.336
maize,ZA-A1-0006,20040727,0.237
maize,ZA-A1-0007,20040727,0.249
maize,ZA-A1-0008,20040727,0.261
maize,ZA-A1-0009,20040727,0.314
maize,ZA-A1-0001,20040804,0.612
maize,ZA-A1-0002,20040804,0.355
maize,ZA-A1-0003,20040804,0.289
maize,ZA-A1-0004,20040804,0.233
maize,ZA-A1-0005,20040804,0.329
maize,ZA-A1-0006,20040804,0.238
maize,ZA-A1-0007,20040804,0.241
maize,ZA-A1-0008,20040804,0.253
maize,ZA-A1-0009,20040804,0.298
maize,ZA-A1-0001,20040812,0.614
maize,ZA-A1-0002,20040812,0.349
maize,ZA-A1-0003,20040812,0.306
maize,ZA-A1-0004,20040812,0.229
maize,ZA-A1-0005,20040812,0.337
maize,ZA-A1-0006,20040812,0.233
maize,ZA-A1-0007,20040812,0.234
maize,ZA-A1-0008,20040812,0.248
maize,ZA-A1-0009,20040812,0.291
maize,ZA-A1-0001,20040820,0.599
maize,ZA-A1-0002,20040820,0.366
maize,ZA-A1-0003,20040820,0.332
maize,ZA-A1-0004,20040820,0.233
maize,ZA-A1-0005,20040820,0.342
maize,ZA-A1-0006,20040820,0.234
maize,ZA-A1-0007,20040820,0.234
maize,ZA-A1-0008,20040820,0.251
maize,ZA-A1-0009,20040820,0.289
maize,ZA-A1-0001,20040828,0.586
maize,ZA-A1-0002,20040828,0.369
maize,ZA-A1-0003,20040828,0.364
maize,ZA-A1-0004,20040828,0.233
maize,ZA-A1-0005,20040828,0.364
maize,ZA-A1-0006,20040828,0.233
maize,ZA-A1-0007,20040828,0.242
maize,ZA-A1-0008,20040828,0.259
maize,ZA-A1-0009,20040828,0.288
maize,ZA-A1-0001,20040905,0.572
maize,ZA-A1-0002,20040905,0.364
maize,ZA-A1-0003,20040905,0.379
maize,ZA-A1-0004,20040905,0.237
maize,ZA-A1-0005,20040905,0.368
maize,ZA-A1-0006,20040905,0.231
maize,ZA-A1-0007,20040905,0.24
maize,ZA-A1-0008,20040905,0.261
maize,ZA-A1-0009,20040905,0.283
maize,ZA-A1-0001,20040913,0.553
maize,ZA-A1-0002,20040913,0.365
maize,ZA-A1-0003,20040913,0.383
maize,ZA-A1-0004,20040913,0.24
maize,ZA-A1-0005,20040913,0.381
maize,ZA-A1-0006,20040913,0.231
maize,ZA-A1-0007,20040913,0.243
maize,ZA-A1-0008,20040913,0.262
maize,ZA-A1-0009,20040913,0.282
maize,ZA-A1-0001,20040921,0.517
maize,ZA-A1-0002,20040921,0.396
maize,ZA-A1-0003,20040921,0.397
maize,ZA-A1-0004,20040921,0.245
maize,ZA-A1-0005,20040921,0.405
maize,ZA-A1-0006,20040921,0.235
maize,ZA-A1-0007,20040921,0.248
maize,ZA-A1-0008,20040921,0.27
maize,ZA-A1-0009,20040921,0.278
maize,ZA-A1-0001,20040929,0.485
maize,ZA-A1-0002,20040929,0.398
maize,ZA-A1-0003,20040929,0.395
maize,ZA-A1-0004,20040929,0.24
maize,ZA-A1-0005,20040929,0.402
maize,ZA-A1-0006,20040929,0.229
maize,ZA-A1-0007,20040929,0.247
maize,ZA-A1-0008,20040929,0.264
maize,ZA-A1-0009,20040929,0.271
maize,ZA-A1-0001,20041007,0.468
maize,ZA-A1-0002,20041007,0.426
maize,ZA-A1-0003,20041007,0.409
maize,ZA-A1-0004,20041007,0.246
maize,ZA-A1-0005,20041007,0.443
maize,ZA-A1-0006,20041007,0.23
maize,ZA-A1-0007,20041007,0.25
maize,ZA-A1-0008,20041007,0.283
maize,ZA-A1-0009,20041007,0.27
maize,ZA-A1-0001,20041015,0.464
maize,ZA-A1-0002,20041015,0.448
maize,ZA-A1-0003,20041015,0.415
maize,ZA-A1-0004,20041015,0.25
maize,ZA-A1-0005,20041015,0.425
maize,ZA-A1-0006,20041015,0.232
maize,ZA-A1-0007,20041015,0.273
maize,ZA-A1-0008,20041015,0.299
maize,ZA-A1-0009,20041015,0.287
maize,ZA-A1-0001,20041023,0.468
maize,ZA-A1-0002,20041023,0.471
maize,ZA-A1-0003,20041023,0.409
maize,ZA-A1-0004,20041023,0.26
maize,ZA-A1-0005,20041023,0.455
maize,ZA-A1-0006,20041023,0.243
maize,ZA-A1-0007,20041023,0.289
maize,ZA-A1-0008,20041023,0.351
maize,ZA-A1-0009,20041023,0.297
maize,ZA-A1-0001,20041031,0.457
maize,ZA-A1-0002,20041031,0.476
maize,ZA-A1-0003,20041031,0.381
maize,ZA-A1-0004,20041031,0.253
maize,ZA-A1-0005,20041031,0.464
maize,ZA-A1-0006,20041031,0.236
maize,ZA-A1-0007,20041031,0.286
maize,ZA-A1-0008,20041031,0.349
maize,ZA-A1-0009,20041031,0.28
maize,ZA-A1-0001,20041108,0.434
maize,ZA-A1-0002,20041108,0.471
maize,ZA-A1-0003,20041108,0.346
maize,ZA-A1-0004,20041108,0.252
maize,ZA-A1-0005,20041108,0.49
maize,ZA-A1-0006,20041108,0.238
maize,ZA-A1-0007,20041108,0.3
maize,ZA-A1-0008,20041108,0.383
maize,ZA-A1-0009,20041108,0.305
maize,ZA-A1-0001,20041116,0.417
maize,ZA-A1-0002,20041116,0.503
maize,ZA-A1-0003,20041116,0.323
maize,ZA-A1-0004,20041116,0.258
maize,ZA-A1-0005,20041116,0.524
maize,ZA-A1-0006,20041116,0.235
maize,ZA-A1-0007,20041116,0.336
maize,ZA-A1-0008,20041116,0.421
maize,ZA-A1-0009,20041116,0.335
maize,ZA-A1-0001,20041124,0.389
maize,ZA-A1-0002,20041124,0.508
maize,ZA-A1-0003,20041124,0.284
maize,ZA-A1-0004,20041124,0.263
maize,ZA-A1-0005,20041124,0.555
maize,ZA-A1-0006,20041124,0.234
maize,ZA-A1-0007,20041124,0.357
maize,ZA-A1-0008,20041124,0.454
maize,ZA-A1-0009,20041124,0.358
maize,ZA-A1-0001,20041202,0.382
maize,ZA-A1-0002,20041202,0.521
maize,ZA-A1-0003,20041202,0.286
maize,ZA-A1-0004,20041202,0.293
maize,ZA-A1-0005,20041202,0.58
maize,ZA-A1-0006,20041202,0.262
maize,ZA-A1-0007,20041202,0.394
maize,ZA-A1-0008,20041202,0.499
maize,ZA-A1-0009,20041202,0.396
maize,ZA-A1-0001,20041210,0.382
maize,ZA-A1-0002,20041210,0.537
maize,ZA-A1-0003,20041210,0.293
maize,ZA-A1-0004,20041210,0.326
maize,ZA-A1-0005,20041210,0.615
maize,ZA-A1-0006,20041210,0.303
maize,ZA-A1-0007,20041210,0.439
maize,ZA-A1-0008,20041210,0.545
maize,ZA-A1-0009,20041210,0.43
maize,ZA-A1-0001,20041218,0.388
maize,ZA-A1-0002,20041218,0.548
maize,ZA-A1-0003,20041218,0.302
maize,ZA-A1-0004,20041218,0.342
maize,ZA-A1-0005,20041218,0.626
maize,ZA-A1-0006,20041218,0.316
maize,ZA-A1-0007,20041218,0.454
maize,ZA-A1-0008,20041218,0.573
maize,ZA-A1-0009,20041218,0.486
maize,ZA-A1-0001,20041226,0.422
maize,ZA-A1-0002,20041226,0.555
maize,ZA-A1-0003,20041226,0.339
maize,ZA-A1-0004,20041226,0.387
maize,ZA-A1-0005,20041226,0.644
maize,ZA-A1-0006,20041226,0.36
maize,ZA-A1-0007,20041226,0.527
maize,ZA-A1-0008,20041226,0.621
maize,ZA-A1-0009,20041226,0.483
maize,ZA-A1-0001,20050101,0.42
maize,ZA-A1-0002,20050101,0.565
maize,ZA-A1-0003,20050101,0.348
maize,ZA-A1-0004,20050101,0.385
maize,ZA-A1-0005,20050101,0.693
maize,ZA-A1-0006,20050101,0.344
maize,ZA-A1-0007,20050101,0.562
maize,ZA-A1-0008,20050101,0.663
maize,ZA-A1-0009,20050101,0.473
maize,ZA-A1-0001,20050109,0.444
maize,ZA-A1-0002,20050109,0.57
maize,ZA-A1-0003,20050109,0.412
maize,ZA-A1-0004,20050109,0.428
maize,ZA-A1-0005,20050109,0.716
maize,ZA-A1-0006,20050109,0.408
maize,ZA-A1-0007,20050109,0.604
maize,ZA-A1-0008,20050109,0.684
maize,ZA-A1-0009,20050109,0.48
maize,ZA-A1-0001,20050117,0.451
maize,ZA-A1-0002,20050117,0.582
maize,ZA-A1-0003,20050117,0.471
maize,ZA-A1-0004,20050117,0.467
maize,ZA-A1-0005,20050117,0.71
maize,ZA-A1-0006,20050117,0.466
maize,ZA-A1-0007,20050117,0.633
maize,ZA-A1-0008,20050117,0.695
maize,ZA-A1-0009,20050117,0.521
maize,ZA-A1-0001,20050125,0.454
maize,ZA-A1-0002,20050125,0.603
maize,ZA-A1-0003,20050125,0.462
maize,ZA-A1-0004,20050125,0.537
maize,ZA-A1-0005,20050125,0.722
maize,ZA-A1-0006,20050125,0.504
maize,ZA-A1-0007,20050125,0.671
maize,ZA-A1-0008,20050125,0.713
maize,ZA-A1-0009,20050125,0.52
maize,ZA-A1-0001,20050202,0.463
maize,ZA-A1-0002,20050202,0.576
maize,ZA-A1-0003,20050202,0.481
maize,ZA-A1-0004,20050202,0.534
maize,ZA-A1-0005,20050202,0.697
maize,ZA-A1-0006,20050202,0.517
maize,ZA-A1-0007,20050202,0.632
maize,ZA-A1-0008,20050202,0.672
maize,ZA-A1-0009,20050202,0.455
maize,ZA-A1-0001,20050210,0.454
maize,ZA-A1-0002,20050210,0.586
maize,ZA-A1-0003,20050210,0.478
maize,ZA-A1-0004,20050210,0.54
maize,ZA-A1-0005,20050210,0.701
maize,ZA-A1-0006,20050210,0.532
maize,ZA-A1-0007,20050210,0.598
maize,ZA-A1-0008,20050210,0.653
maize,ZA-A1-0009,20050210,0.447
maize,ZA-A1-0001,20050218,0.433
maize,ZA-A1-0002,20050218,0.611
maize,ZA-A1-0003,20050218,0.517
maize,ZA-A1-0004,20050218,0.546
maize,ZA-A1-0005,20050218,0.701
maize,ZA-A1-0006,20050218,0.54
maize,ZA-A1-0007,20050218,0.611
maize,ZA-A1-0008,20050218,0.64
maize,ZA-A1-0009,20050218,0.458
maize,ZA-A1-0001,20050226,0.446
maize,ZA-A1-0002,20050226,0.595
maize,ZA-A1-0003,20050226,0.497
maize,ZA-A1-0004,20050226,0.565
maize,ZA-A1-0005,20050226,0.716
maize,ZA-A1-0006,20050226,0.559
maize,ZA-A1-0007,20050226,0.604
maize,ZA-A1-0008,20050226,0.672
maize,ZA-A1-0009,20050226,0.491
maize,ZA-A1-0001,20050306,0.452
maize,ZA-A1-0002,20050306,0.583
maize,ZA-A1-0003,20050306,0.49
maize,ZA-A1-0004,20050306,0.53
maize,ZA-A1-0005,20050306,0.689
maize,ZA-A1-0006,20050306,0.505
maize,ZA-A1-0007,20050306,0.591
maize,ZA-A1-0008,20050306,0.629
maize,ZA-A1-0009,20050306,0.48
maize,ZA-A1-0001,20050314,0.433
maize,ZA-A1-0002,20050314,0.591
maize,ZA-A1-0003,20050314,0.483
maize,ZA-A1-0004,20050314,0.533
maize,ZA-A1-0005,20050314,0.69
maize,ZA-A1-0006,20050314,0.535
maize,ZA-A1-0007,20050314,0.564
maize,ZA-A1-0008,20050314,0.598
maize,ZA-A1-0009,20050314,0.482
maize,ZA-A1-0001,20050322,0.429
maize,ZA-A1-0002,20050322,0.586
maize,ZA-A1-0003,20050322,0.501
maize,ZA-A1-0004,20050322,0.542
maize,ZA-A1-0005,20050322,0.688
maize,ZA-A1-0006,20050322,0.541
maize,ZA-A1-0007,20050322,0.566
maize,ZA-A1-0008,20050322,0.596
maize,ZA-A1-0009,20050322,0.479
maize,ZA-A1-0001,20050330,0.435
maize,ZA-A1-0002,20050330,0.569
maize,ZA-A1-0003,20050330,0.467
maize,ZA-A1-0004,20050330,0.518
maize,ZA-A1-0005,20050330,0.663
maize,ZA-A1-0006,20050330,0.545
maize,ZA-A1-0007,20050330,0.55
maize,ZA-A1-0008,20050330,0.558
maize,ZA-A1-0009,20050330,0.467
maize,ZA-A1-0001,20050407,0.46
maize,ZA-A1-0002,20050407,0.566
maize,ZA-A1-0003,20050407,0.453
maize,ZA-A1-0004,20050407,0.493
maize,ZA-A1-0005,20050407,0.637
maize,ZA-A1-0006,20050407,0.51
maize,ZA-A1-0007,20050407,0.528
maize,ZA-A1-0008,20050407,0.532
maize,ZA-A1-0009,20050407,0.446
maize,ZA-A1-0001,20050415,0.469
maize,ZA-A1-0002,20050415,0.556
maize,ZA-A1-0003,20050415,0.429
maize,ZA-A1-0004,20050415,0.478
maize,ZA-A1-0005,20050415,0.613
maize,ZA-A1-0006,20050415,0.506
maize,ZA-A1-0007,20050415,0.518
maize,ZA-A1-0008,20050415,0.51
maize,ZA-A1-0009,20050415,0.422
maize,ZA-A1-0001,20050423,0.522
maize,ZA-A1-0002,20050423,0.528
maize,ZA-A1-0003,20050423,0.38
maize,ZA-A1-0004,20050423,0.434
maize,ZA-A1-0005,20050423,0.594
maize,ZA-A1-0006,20050423,0.47
maize,ZA-A1-0007,20050423,0.477
maize,ZA-A1-0008,20050423,0.476
maize,ZA-A1-0009,20050423,0.425
maize,ZA-A1-0001,20050501,0.562
maize,ZA-A1-0002,20050501,0.521
maize,ZA-A1-0003,20050501,0.366
maize,ZA-A1-0004,20050501,0.4
maize,ZA-A1-0005,20050501,0.565
maize,ZA-A1-0006,20050501,0.433
maize,ZA-A1-0007,20050501,0.446
maize,ZA-A1-0008,20050501,0.437
maize,ZA-A1-0009,20050501,0.397
maize,ZA-A1-0001,20050509,0.555
maize,ZA-A1-0002,20050509,0.492
maize,ZA-A1-0003,20050509,0.336
maize,ZA-A1-0004,20050509,0.352
maize,ZA-A1-0005,20050509,0.527
maize,ZA-A1-0006,20050509,0.384
maize,ZA-A1-0007,20050509,0.403
maize,ZA-A1-0008,20050509,0.406
maize,ZA-A1-0009,20050509,0.374
maize,ZA-A1-0001,20050517,0.575
maize,ZA-A1-0002,20050517,0.467
maize,ZA-A1-0003,20050517,0.323
maize,ZA-A1-0004,20050517,0.331
maize,ZA-A1-0005,20050517,0.498
maize,ZA-A1-0006,20050517,0.364
maize,ZA-A1-0007,20050517,0.37
maize,ZA-A1-0008,20050517,0.372
maize,ZA-A1-0009,20050517,0.358
maize,ZA-A1-0001,20050525,0.606
maize,ZA-A1-0002,20050525,0.454
maize,ZA-A1-0003,20050525,0.311
maize,ZA-A1-0004,20050525,0.313
maize,ZA-A1-0005,20050525,0.456
maize,ZA-A1-0006,20050525,0.33
maize,ZA-A1-0007,20050525,0.347
maize,ZA-A1-0008,20050525,0.336
maize,ZA-A1-0009,20050525,0.34
maize,ZA-A1-0001,20050602,0.621
maize,ZA-A1-0002,20050602,0.434
maize,ZA-A1-0003,20050602,0.292
maize,ZA-A1-0004,20050602,0.289
maize,ZA-A1-0005,20050602,0.437
maize,ZA-A1-0006,20050602,0.297
maize,ZA-A1-0007,20050602,0.306
maize,ZA-A1-0008,20050602,0.319
maize,ZA-A1-0009,20050602,0.32
maize,ZA-A1-0001,20050610,0.625
maize,ZA-A1-0002,20050610,0.409
maize,ZA-A1-0003,20050610,0.285
maize,ZA-A1-0004,20050610,0.285
maize,ZA-A1-0005,20050610,0.415
maize,ZA-A1-0006,20050610,0.295
maize,ZA-A1-0007,20050610,0.299
maize,ZA-A1-0008,20050610,0.3
maize,ZA-A1-0009,20050610,0.309
maize,ZA-A1-0001,20050618,0.646
maize,ZA-A1-0002,20050618,0.391
maize,ZA-A1-0003,20050618,0.277
maize,ZA-A1-0004,20050618,0.276
maize,ZA-A1-0005,20050618,0.397
maize,ZA-A1-0006,20050618,0.28
maize,ZA-A1-0007,20050618,0.289
maize,ZA-A1-0008,20050618,0.301
maize,ZA-A1-0009,20050618,0.307
maize,ZA-A1-0001,20050626,0.657
maize,ZA-A1-0002,20050626,0.389
maize,ZA-A1-0003,20050626,0.267
maize,ZA-A1-0004,20050626,0.272
maize,ZA-A1-0005,20050626,0.39
maize,ZA-A1-0006,20050626,0.276
maize,ZA-A1-0007,20050626,0.279
maize,ZA-A1-0008,20050626,0.292
maize,ZA-A1-0009,20050626,0.294
maize,ZA-A1-0001,20050704,0.656
maize,ZA-A1-0002,20050704,0.374
maize,ZA-A1-0003,20050704,0.264
maize,ZA-A1-0004,20050704,0.268
maize,ZA-A1-0005,20050704,0.382
maize,ZA-A1-0006,20050704,0.269
maize,ZA-A1-0007,20050704,0.275
maize,ZA-A1-0008,20050704,0.29
maize,ZA-A1-0009,20050704,0.287
maize,ZA-A1-0001,20050712,0.666
maize,ZA-A1-0002,20050712,0.357
maize,ZA-A1-0003,20050712,0.271
maize,ZA-A1-0004,20050712,0.263
maize,ZA-A1-0005,20050712,0.363
maize,ZA-A1-0006,20050712,0.261
maize,ZA-A1-0007,20050712,0.263
maize,ZA-A1-0008,20050712,0.27
maize,ZA-A1-0009,20050712,0.278
maize,ZA-A1-0001,20050720,0.673
maize,ZA-A1-0002,20050720,0.356
maize,ZA-A1-0003,20050720,0.284
maize,ZA-A1-0004,20050720,0.258
maize,ZA-A1-0005,20050720,0.354
maize,ZA-A1-0006,20050720,0.258
maize,ZA-A1-0007,20050720,0.255
maize,ZA-A1-0008,20050720,0.266
maize,ZA-A1-0009,20050720,0.271
maize,ZA-A1-0001,20050728,0.663
maize,ZA-A1-0002,20050728,0.352
maize,ZA-A1-0003,20050728,0.298
maize,ZA-A1-0004,20050728,0.253
maize,ZA-A1-0005,20050728,0.351
maize,ZA-A1-0006,20050728,0.249
maize,ZA-A1-0007,20050728,0.251
maize,ZA-A1-0008,20050728,0.264
maize,ZA-A1-0009,20050728,0.271
maize,ZA-A1-0001,20050805,0.651
maize,ZA-A1-0002,20050805,0.36
maize,ZA-A1-0003,20050805,0.327
maize,ZA-A1-0004,20050805,0.257
maize,ZA-A1-0005,20050805,0.349
maize,ZA-A1-0006,20050805,0.252
maize,ZA-A1-0007,20050805,0.251
maize,ZA-A1-0008,20050805,0.26
maize,ZA-A1-0009,20050805,0.272
maize,ZA-A1-0001,20050813,0.64
maize,ZA-A1-0002,20050813,0.341
maize,ZA-A1-0003,20050813,0.346
maize,ZA-A1-0004,20050813,0.259
maize,ZA-A1-0005,20050813,0.347
maize,ZA-A1-0006,20050813,0.254
maize,ZA-A1-0007,20050813,0.262
maize,ZA-A1-0008,20050813,0.268
maize,ZA-A1-0009,20050813,0.274
maize,ZA-A1-0001,20050821,0.638
maize,ZA-A1-0002,20050821,0.346
maize,ZA-A1-0003,20050821,0.366
maize,ZA-A1-0004,20050821,0.253
maize,ZA-A1-0005,20050821,0.356
maize,ZA-A1-0006,20050821,0.251
maize,ZA-A1-0007,20050821,0.257
maize,ZA-A1-0008,20050821,0.266
maize,ZA-A1-0009,20050821,0.267
maize,ZA-A1-0001,20050829,0.621
maize,ZA-A1-0002,20050829,0.349
maize,ZA-A1-0003,20050829,0.389
maize,ZA-A1-0004,20050829,0.254
maize,ZA-A1-0005,20050829,0.368
maize,ZA-A1-0006,20050829,0.246
maize,ZA-A1-0007,20050829,0.256
maize,ZA-A1-0008,20050829,0.263
maize,ZA-A1-0009,20050829,0.266
maize,ZA-A1-0001,20050906,0.603
maize,ZA-A1-0002,20050906,0.359
maize,ZA-A1-0003,20050906,0.391
maize,ZA-A1-0004,20050906,0.258
maize,ZA-A1-0005,20050906,0.387
maize,ZA-A1-0006,20050906,0.248
maize,ZA-A1-0007,20050906,0.257
maize,ZA-A1-0008,20050906,0.269
maize,ZA-A1-0009,20050906,0.261
maize,ZA-A1-0001,20050914,0.579
maize,ZA-A1-0002,20050914,0.37
maize,ZA-A1-0003,20050914,0.403
maize,ZA-A1-0004,20050914,0.255
maize,ZA-A1-0005,20050914,0.383
maize,ZA-A1-0006,20050914,0.243
maize,ZA-A1-0007,20050914,0.253
maize,ZA-A1-0008,20050914,0.258
maize,ZA-A1-0009,20050914,0.254
maize,ZA-A1-0001,20050922,0.55
maize,ZA-A1-0002,20050922,0.383
maize,ZA-A1-0003,20050922,0.403
maize,ZA-A1-0004,20050922,0.258
maize,ZA-A1-0005,20050922,0.39
maize,ZA-A1-0006,20050922,0.245
maize,ZA-A1-0007,20050922,0.263
maize,ZA-A1-0008,20050922,0.271
maize,ZA-A1-0009,20050922,0.253
maize,ZA-A1-0001,20050930,0.521
maize,ZA-A1-0002,20050930,0.367
maize,ZA-A1-0003,20050930,0.401
maize,ZA-A1-0004,20050930,0.256
maize,ZA-A1-0005,20050930,0.388
maize,ZA-A1-0006,20050930,0.243
maize,ZA-A1-0007,20050930,0.252
maize,ZA-A1-0008,20050930,0.263
maize,ZA-A1-0009,20050930,0.248
maize,ZA-A1-0001,20051008,0.479
maize,ZA-A1-0002,20051008,0.371
maize,ZA-A1-0003,20051008,0.398
maize,ZA-A1-0004,20051008,0.261
maize,ZA-A1-0005,20051008,0.412
maize,ZA-A1-0006,20051008,0.247
maize,ZA-A1-0007,20051008,0.263
maize,ZA-A1-0008,20051008,0.276
maize,ZA-A1-0009,20051008,0.248
maize,ZA-A1-0001,20051016,0.441
maize,ZA-A1-0002,20051016,0.391
maize,ZA-A1-0003,20051016,0.405
maize,ZA-A1-0004,20051016,0.273
maize,ZA-A1-0005,20051016,0.452
maize,ZA-A1-0006,20051016,0.245
maize,ZA-A1-0007,20051016,0.274
maize,ZA-A1-0008,20051016,0.301
maize,ZA-A1-0009,20051016,0.243
maize,ZA-A1-0001,20051024,0.418
maize,ZA-A1-0002,20051024,0.406
maize,ZA-A1-0003,20051024,0.379
maize,ZA-A1-0004,20051024,0.286
maize,ZA-A1-0005,20051024,0.487
maize,ZA-A1-0006,20051024,0.246
maize,ZA-A1-0007,20051024,0.27
maize,ZA-A1-0008,20051024,0.309
maize,ZA-A1-0009,20051024,0.236
maize,ZA-A1-0001,20051101,0.398
maize,ZA-A1-0002,20051101,0.438
maize,ZA-A1-0003,20051101,0.351
maize,ZA-A1-0004,20051101,0.288
maize,ZA-A1-0005,20051101,0.488
maize,ZA-A1-0006,20051101,0.238
maize,ZA-A1-0007,20051101,0.277
maize,ZA-A1-0008,20051101,0.335
maize,ZA-A1-0009,20051101,0.241
maize,ZA-A1-0001,20051109,0.374
maize,ZA-A1-0002,20051109,0.453
maize,ZA-A1-0003,20051109,0.326
maize,ZA-A1-0004,20051109,0.305
maize,ZA-A1-0005,20051109,0.545
maize,ZA-A1-0006,20051109,0.234
maize,ZA-A1-0007,20051109,0.3
maize,ZA-A1-0008,20051109,0.389
maize,ZA-A1-0009,20051109,0.262
maize,ZA-A1-0001,20051117,0.39
maize,ZA-A1-0002,20051117,0.467
maize,ZA-A1-0003,20051117,0.298
maize,ZA-A1-0004,20051117,0.311
maize,ZA-A1-0005,20051117,0.555
maize,ZA-A1-0006,20051117,0.239
maize,ZA-A1-0007,20051117,0.335
maize,ZA-A1-0008,20051117,0.427
maize,ZA-A1-0009,20051117,0.292
maize,ZA-A1-0001,20051125,0.381
maize,ZA-A1-0002,20051125,0.509
maize,ZA-A1-0003,20051125,0.293
maize,ZA-A1-0004,20051125,0.348
maize,ZA-A1-0005,20051125,0.572
maize,ZA-A1-0006,20051125,0.261
maize,ZA-A1-0007,20051125,0.412
maize,ZA-A1-0008,20051125,0.476
maize,ZA-A1-0009,20051125,0.331
maize,ZA-A1-0001,20051203,0.376
maize,ZA-A1-0002,20051203,0.489
maize,ZA-A1-0003,20051203,0.288
maize,ZA-A1-0004,20051203,0.352
maize,ZA-A1-0005,20051203,0.572
maize,ZA-A1-0006,20051203,0.281
maize,ZA-A1-0007,20051203,0.435
maize,ZA-A1-0008,20051203,0.472
maize,ZA-A1-0009,20051203,0.372
maize,ZA-A1-0001,20051211,0.354
maize,ZA-A1-0002,20051211,0.48
maize,ZA-A1-0003,20051211,0.278
maize,ZA-A1-0004,20051211,0.328
maize,ZA-A1-0005,20051211,0.556
maize,ZA-A1-0006,20051211,0.28
maize,ZA-A1-0007,20051211,0.421
maize,ZA-A1-0008,20051211,0.469
maize,ZA-A1-0009,20051211,0.402
maize,ZA-A1-0001,20051219,0.354
maize,ZA-A1-0002,20051219,0.465
maize,ZA-A1-0003,20051219,0.279
maize,ZA-A1-0004,20051219,0.34
maize,ZA-A1-0005,20051219,0.58
maize,ZA-A1-0006,20051219,0.31
maize,ZA-A1-0007,20051219,0.43
maize,ZA-A1-0008,20051219,0.497
maize,ZA-A1-0009,20051219,0.432
maize,ZA-A1-0001,20051227,0.35
maize,ZA-A1-0002,20051227,0.497
maize,ZA-A1-0003,20051227,0.297
maize,ZA-A1-0004,20051227,0.345
maize,ZA-A1-0005,20051227,0.628
maize,ZA-A1-0006,20051227,0.336
maize,ZA-A1-0007,20051227,0.466
maize,ZA-A1-0008,20051227,0.5
maize,ZA-A1-0009,20051227,0.449
maize,ZA-A1-0001,20060101,0.357
maize,ZA-A1-0002,20060101,0.492
maize,ZA-A1-0003,20060101,0.334
maize,ZA-A1-0004,20060101,0.397
maize,ZA-A1-0005,20060101,0.652
maize,ZA-A1-0006,20060101,0.375
maize,ZA-A1-0007,20060101,0.574
maize,ZA-A1-0008,20060101,0.596
maize,ZA-A1-0009,20060101,0.455
maize,ZA-A1-0001,20060109,0.368
maize,ZA-A1-0002,20060109,0.554
maize,ZA-A1-0003,20060109,0.402
maize,ZA-A1-0004,20060109,0.446
maize,ZA-A1-0005,20060109,0.668
maize,ZA-A1-0006,20060109,0.428
maize,ZA-A1-0007,20060109,0.631
maize,ZA-A1-0008,20060109,0.681
maize,ZA-A1-0009,20060109,0.523
maize,ZA-A1-0001,20060117,0.392
maize,ZA-A1-0002,20060117,0.564
maize,ZA-A1-0003,20060117,0.443
maize,ZA-A1-0004,20060117,0.433
maize,ZA-A1-0005,20060117,0.678
maize,ZA-A1-0006,20060117,0.429
maize,ZA-A1-0007,20060117,0.597
maize,ZA-A1-0008,20060117,0.666
maize,ZA-A1-0009,20060117,0.544
maize,ZA-A1-0001,20060125,0.373
maize,ZA-A1-0002,20060125,0.6
maize,ZA-A1-0003,20060125,0.487
maize,ZA-A1-0004,20060125,0.529
maize,ZA-A1-0005,20060125,0.722
maize,ZA-A1-0006,20060125,0.524
maize,ZA-A1-0007,20060125,0.67
maize,ZA-A1-0008,20060125,0.69
maize,ZA-A1-0009,20060125,0.54
maize,ZA-A1-0001,20060202,0.387
maize,ZA-A1-0002,20060202,0.631
maize,ZA-A1-0003,20060202,0.515
maize,ZA-A1-0004,20060202,0.535
maize,ZA-A1-0005,20060202,0.702
maize,ZA-A1-0006,20060202,0.509
maize,ZA-A1-0007,20060202,0.629
maize,ZA-A1-0008,20060202,0.672
maize,ZA-A1-0009,20060202,0.531
maize,ZA-A1-0001,20060210,0.38
maize,ZA-A1-0002,20060210,0.618
maize,ZA-A1-0003,20060210,0.55
maize,ZA-A1-0004,20060210,0.567
maize,ZA-A1-0005,20060210,0.738
maize,ZA-A1-0006,20060210,0.567
maize,ZA-A1-0007,20060210,0.675
maize,ZA-A1-0008,20060210,0.712
maize,ZA-A1-0009,20060210,0.612
maize,ZA-A1-0001,20060218,0.378
maize,ZA-A1-0002,20060218,0.657
maize,ZA-A1-0003,20060218,0.576
maize,ZA-A1-0004,20060218,0.564
maize,ZA-A1-0005,20060218,0.727
maize,ZA-A1-0006,20060218,0.563
maize,ZA-A1-0007,20060218,0.648
maize,ZA-A1-0008,20060218,0.687
maize,ZA-A1-0009,20060218,0.601
maize,ZA-A1-0001,20060226,0.382
maize,ZA-A1-0002,20060226,0.643
maize,ZA-A1-0003,20060226,0.535
maize,ZA-A1-0004,20060226,0.558
maize,ZA-A1-0005,20060226,0.724
maize,ZA-A1-0006,20060226,0.564
maize,ZA-A1-0007,20060226,0.672
maize,ZA-A1-0008,20060226,0.694
maize,ZA-A1-0009,20060226,0.691
maize,ZA-A1-0001,20060306,0.378
maize,ZA-A1-0002,20060306,0.611
maize,ZA-A1-0003,20060306,0.521
maize,ZA-A1-0004,20060306,0.539
maize,ZA-A1-0005,20060306,0.699
maize,ZA-A1-0006,20060306,0.557
maize,ZA-A1-0007,20060306,0.632
maize,ZA-A1-0008,20060306,0.673
maize,ZA-A1-0009,20060306,0.614
maize,ZA-A1-0001,20060314,0.38
maize,ZA-A1-0002,20060314,0.613
maize,ZA-A1-0003,20060314,0.468
maize,ZA-A1-0004,20060314,0.56
maize,ZA-A1-0005,20060314,0.702
maize,ZA-A1-0006,20060314,0.63
maize,ZA-A1-0007,20060314,0.633
maize,ZA-A1-0008,20060314,0.654
maize,ZA-A1-0009,20060314,0.621
maize,ZA-A1-0001,20060322,0.391
maize,ZA-A1-0002,20060322,0.618
maize,ZA-A1-0003,20060322,0.524
maize,ZA-A1-0004,20060322,0.566
maize,ZA-A1-0005,20060322,0.705
maize,ZA-A1-0006,20060322,0.59
maize,ZA-A1-0007,20060322,0.624
maize,ZA-A1-0008,20060322,0.63
maize,ZA-A1-0009,20060322,0.618
maize,ZA-A1-0001,20060330,0.381
maize,ZA-A1-0002,20060330,0.588
maize,ZA-A1-0003,20060330,0.473
maize,ZA-A1-0004,20060330,0.505
maize,ZA-A1-0005,20060330,0.666
maize,ZA-A1-0006,20060330,0.52
maize,ZA-A1-0007,20060330,0.577
maize,ZA-A1-0008,20060330,0.602
maize,ZA-A1-0009,20060330,0.587
maize,ZA-A1-0001,20060407,0.394
maize,ZA-A1-0002,20060407,0.602
maize,ZA-A1-0003,20060407,0.446
maize,ZA-A1-0004,20060407,0.49
maize,ZA-A1-0005,20060407,0.654
maize,ZA-A1-0006,20060407,0.529
maize,ZA-A1-0007,20060407,0.553
maize,ZA-A1-0008,20060407,0.574
maize,ZA-A1-0009,20060407,0.58
maize,ZA-A1-0001,20060415,0.399
maize,ZA-A1-0002,20060415,0.59
maize,ZA-A1-0003,20060415,0.442
maize,ZA-A1-0004,20060415,0.471
maize,ZA-A1-0005,20060415,0.634
maize,ZA-A1-0006,20060415,0.51
maize,ZA-A1-0007,20060415,0.535
maize,ZA-A1-0008,20060415,0.551
maize,ZA-A1-0009,20060415,0.547
maize,ZA-A1-0001,20060423,0.439
maize,ZA-A1-0002,20060423,0.569
maize,ZA-A1-0003,20060423,0.405
maize,ZA-A1-0004,20060423,0.466
maize,ZA-A1-0005,20060423,0.619
maize,ZA-A1-0006,20060423,0.488
maize,ZA-A1-0007,20060423,0.509
maize,ZA-A1-0008,20060423,0.522
maize,ZA-A1-0009,20060423,0.532
maize,ZA-A1-0001,20060501,0.48
maize,ZA-A1-0002,20060501,0.552
maize,ZA-A1-0003,20060501,0.381
maize,ZA-A1-0004,20060501,0.408
maize,ZA-A1-0005,20060501,0.592
maize,ZA-A1-0006,20060501,0.428
maize,ZA-A1-0007,20060501,0.462
maize,ZA-A1-0008,20060501,0.486
maize,ZA-A1-0009,20060501,0.499
maize,ZA-A1-0001,20060509,0.496
maize,ZA-A1-0002,20060509,0.53
maize,ZA-A1-0003,20060509,0.35
maize,ZA-A1-0004,20060509,0.381
maize,ZA-A1-0005,20060509,0.558
maize,ZA-A1-0006,20060509,0.393
maize,ZA-A1-0007,20060509,0.427
maize,ZA-A1-0008,20060509,0.456
maize,ZA-A1-0009,20060509,0.47
maize,ZA-A1-0001,20060517,0.548
maize,ZA-A1-0002,20060517,0.5
maize,ZA-A1-0003,20060517,0.336
maize,ZA-A1-0004,20060517,0.336
maize,ZA-A1-0005,20060517,0.523
maize,ZA-A1-0006,20060517,0.348
maize,ZA-A1-0007,20060517,0.354
maize,ZA-A1-0008,20060517,0.387
maize,ZA-A1-0009,20060517,0.438
maize,ZA-A1-0001,20060525,0.55
maize,ZA-A1-0002,20060525,0.474
maize,ZA-A1-0003,20060525,0.308
maize,ZA-A1-0004,20060525,0.318
maize,ZA-A1-0005,20060525,0.485
maize,ZA-A1-0006,20060525,0.314
maize,ZA-A1-0007,20060525,0.334
maize,ZA-A1-0008,20060525,0.363
maize,ZA-A1-0009,20060525,0.403
maize,ZA-A1-0001,20060602,0.565
maize,ZA-A1-0002,20060602,0.445
maize,ZA-A1-0003,20060602,0.293
maize,ZA-A1-0004,20060602,0.29
maize,ZA-A1-0005,20060602,0.455
maize,ZA-A1-0006,20060602,0.293
maize,ZA-A1-0007,20060602,0.309
maize,ZA-A1-0008,20060602,0.34
maize,ZA-A1-0009,20060602,0.373
maize,ZA-A1-0001,20060610,0.599
maize,ZA-A1-0002,20060610,0.421
maize,ZA-A1-0003,20060610,0.292
maize,ZA-A1-0004,20060610,0.277
maize,ZA-A1-0005,20060610,0.407
maize,ZA-A1-0006,20060610,0.284
maize,ZA-A1-0007,20060610,0.286
maize,ZA-A1-0008,20060610,0.306
maize,ZA-A1-0009,20060610,0.353
maize,ZA-A1-0001,20060618,0.643
maize,ZA-A1-0002,20060618,0.423
maize,ZA-A1-0003,20060618,0.288
maize,ZA-A1-0004,20060618,0.275
maize,ZA-A1-0005,20060618,0.41
maize,ZA-A1-0006,20060618,0.282
maize,ZA-A1-0007,20060618,0.283
maize,ZA-A1-0008,20060618,0.31
maize,ZA-A1-0009,20060618,0.339
maize,ZA-A1-0001,20060626,0.647
maize,ZA-A1-0002,20060626,0.405
maize,ZA-A1-0003,20060626,0.283
maize,ZA-A1-0004,20060626,0.267
maize,ZA-A1-0005,20060626,0.395
maize,ZA-A1-0006,20060626,0.272
maize,ZA-A1-0007,20060626,0.274
maize,ZA-A1-0008,20060626,0.292
maize,ZA-A1-0009,20060626,0.329
maize,ZA-A1-0001,20060704,0.656
maize,ZA-A1-0002,20060704,0.4
maize,ZA-A1-0003,20060704,0.282
maize,ZA-A1-0004,20060704,0.268
maize,ZA-A1-0005,20060704,0.379
maize,ZA-A1-0006,20060704,0.268
maize,ZA-A1-0007,20060704,0.274
maize,ZA-A1-0008,20060704,0.289
maize,ZA-A1-0009,20060704,0.322
maize,ZA-A1-0001,20060712,0.69
maize,ZA-A1-0002,20060712,0.386
maize,ZA-A1-0003,20060712,0.296
maize,ZA-A1-0004,20060712,0.259
maize,ZA-A1-0005,20060712,0.361
maize,ZA-A1-0006,20060712,0.261
maize,ZA-A1-0007,20060712,0.263
maize,ZA-A1-0008,20060712,0.282
maize,ZA-A1-0009,20060712,0.313
maize,ZA-A1-0001,20060720,0.682
maize,ZA-A1-0002,20060720,0.388
maize,ZA-A1-0003,20060720,0.304
maize,ZA-A1-0004,20060720,0.264
maize,ZA-A1-0005,20060720,0.363
maize,ZA-A1-0006,20060720,0.258
maize,ZA-A1-0007,20060720,0.258
maize,ZA-A1-0008,20060720,0.276
maize,ZA-A1-0009,20060720,0.304
maize,ZA-A1-0001,20060728,0.687
maize,ZA-A1-0002,20060728,0.343
maize,ZA-A1-0003,20060728,0.332
maize,ZA-A1-0004,20060728,0.259
maize,ZA-A1-0005,20060728,0.35
maize,ZA-A1-0006,20060728,0.256
maize,ZA-A1-0007,20060728,0.254
maize,ZA-A1-0008,20060728,0.272
maize,ZA-A1-0009,20060728,0.299
maize,ZA-A1-0001,20060805,0.688
maize,ZA-A1-0002,20060805,0.38
maize,ZA-A1-0003,20060805,0.336
maize,ZA-A1-0004,20060805,0.261
maize,ZA-A1-0005,20060805,0.358
maize,ZA-A1-0006,20060805,0.255
maize,ZA-A1-0007,20060805,0.266
maize,ZA-A1-0008,20060805,0.277
maize,ZA-A1-0009,20060805,0.299
maize,ZA-A1-0001,20060813,0.685
maize,ZA-A1-0002,20060813,0.365
maize,ZA-A1-0003,20060813,0.34
maize,ZA-A1-0004,20060813,0.252
maize,ZA-A1-0005,20060813,0.355
maize,ZA-A1-0006,20060813,0.248
maize,ZA-A1-0007,20060813,0.254
maize,ZA-A1-0008,20060813,0.27
maize,ZA-A1-0009,20060813,0.288
maize,ZA-A1-0001,20060821,0.682
maize,ZA-A1-0002,20060821,0.38
maize,ZA-A1-0003,20060821,0.386
maize,ZA-A1-0004,20060821,0.256
maize,ZA-A1-0005,20060821,0.366
maize,ZA-A1-0006,20060821,0.25
maize,ZA-A1-0007,20060821,0.253
maize,ZA-A1-0008,20060821,0.275
maize,ZA-A1-0009,20060821,0.286
maize,ZA-A1-0001,20060829,0.695
maize,ZA-A1-0002,20060829,0.386
maize,ZA-A1-0003,20060829,0.394
maize,ZA-A1-0004,20060829,0.261
maize,ZA-A1-0005,20060829,0.366
maize,ZA-A1-0006,20060829,0.256
maize,ZA-A1-0007,20060829,0.264
maize,ZA-A1-0008,20060829,0.273
maize,ZA-A1-0009,20060829,0.28
maize,ZA-A1-0001,20060906,0.629
maize,ZA-A1-0002,20060906,0.395
maize,ZA-A1-0003,20060906,0.42
maize,ZA-A1-0004,20060906,0.268
maize,ZA-A1-0005,20060906,0.378
maize,ZA-A1-0006,20060906,0.255
maize,ZA-A1-0007,20060906,0.262
maize,ZA-A1-0008,20060906,0.274
maize,ZA-A1-0009,20060906,0.278
maize,ZA-A1-0001,20060914,0.673
maize,ZA-A1-0002,20060914,0.429
maize,ZA-A1-0003,20060914,0.43
maize,ZA-A1-0004,20060914,0.297
maize,ZA-A1-0005,20060914,0.409
maize,ZA-A1-0006,20060914,0.267
maize,ZA-A1-0007,20060914,0.268
maize,ZA-A1-0008,20060914,0.278
maize,ZA-A1-0009,20060914,0.271
maize,ZA-A1-0001,20060922,0.63
maize,ZA-A1-0002,20060922,0.424
maize,ZA-A1-0003,20060922,0.431
maize,ZA-A1-0004,20060922,0.293
maize,ZA-A1-0005,20060922,0.425
maize,ZA-A1-0006,20060922,0.262
maize,ZA-A1-0007,20060922,0.276
maize,ZA-A1-0008,20060922,0.285
maize,ZA-A1-0009,20060922,0.268
maize,ZA-A1-0001,20060930,0.607
maize,ZA-A1-0002,20060930,0.461
maize,ZA-A1-0003,20060930,0.426
maize,ZA-A1-0004,20060930,0.299
maize,ZA-A1-0005,20060930,0.443
maize,ZA-A1-0006,20060930,0.266
maize,ZA-A1-0007,20060930,0.279
maize,ZA-A1-0008,20060930,0.298
maize,ZA-A1-0009,20060930,0.276
maize,ZA-A1-0001,20061008,0.587
maize,ZA-A1-0002,20061008,0.486
maize,ZA-A1-0003,20061008,0.438
maize,ZA-A1-0004,20061008,0.32
maize,ZA-A1-0005,20061008,0.501
maize,ZA-A1-0006,20061008,0.27
maize,ZA-A1-0007,20061008,0.291
maize,ZA-A1-0008,20061008,0.322
maize,ZA-A1-0009,20061008,0.274
maize,ZA-A1-0001,20061016,0.527
maize,ZA-A1-0002,20061016,0.523
maize,ZA-A1-0003,20061016,0.432
maize,ZA-A1-0004,20061016,0.338
maize,ZA-A1-0005,20061016,0.524
maize,ZA-A1-0006,20061016,0.276
maize,ZA-A1-0007,20061016,0.301
maize,ZA-A1-0008,20061016,0.332
maize,ZA-A1-0009,20061016,0.268
maize,ZA-A1-0001,20061024,0.504
maize,ZA-A1-0002,20061024,0.507
maize,ZA-A1-0003,20061024,0.4
maize,ZA-A1-0004,20061024,0.317
maize,ZA-A1-0005,20061024,0.546
maize,ZA-A1-0006,20061024,0.275
maize,ZA-A1-0007,20061024,0.3
maize,ZA-A1-0008,20061024,0.334
maize,ZA-A1-0009,20061024,0.274
maize,ZA-A1-0001,20061101,0.461
maize,ZA-A1-0002,20061101,0.524
maize,ZA-A1-0003,20061101,0.381
maize,ZA-A1-0004,20061101,0.346
maize,ZA-A1-0005,20061101,0.576
maize,ZA-A1-0006,20061101,0.309
maize,ZA-A1-0007,20061101,0.392
maize,ZA-A1-0008,20061101,0.396
maize,ZA-A1-0009,20061101,0.304
maize,ZA-A1-0001,20061109,0.442
maize,ZA-A1-0002,20061109,0.532
maize,ZA-A1-0003,20061109,0.354
maize,ZA-A1-0004,20061109,0.331
maize,ZA-A1-0005,20061109,0.559
maize,ZA-A1-0006,20061109,0.294
maize,ZA-A1-0007,20061109,0.362
maize,ZA-A1-0008,20061109,0.365
maize,ZA-A1-0009,20061109,0.297
maize,ZA-A1-0001,20061117,0.429
maize,ZA-A1-0002,20061117,0.559
maize,ZA-A1-0003,20061117,0.347
maize,ZA-A1-0004,20061117,0.377
maize,ZA-A1-0005,20061117,0.587
maize,ZA-A1-0006,20061117,0.344
maize,ZA-A1-0007,20061117,0.473
maize,ZA-A1-0008,20061117,0.468
maize,ZA-A1-0009,20061117,0.406
maize,ZA-A1-0001,20061125,0.436
maize,ZA-A1-0002,20061125,0.541
maize,ZA-A1-0003,20061125,0.323
maize,ZA-A1-0004,20061125,0.36
maize,ZA-A1-0005,20061125,0.594
maize,ZA-A1-0006,20061125,0.326
maize,ZA-A1-0007,20061125,0.456
maize,ZA-A1-0008,20061125,0.462
maize,ZA-A1-0009,20061125,0.432
maize,ZA-A1-0001,20061203,0.436
maize,ZA-A1-0002,20061203,0.524
maize,ZA-A1-0003,20061203,0.317
maize,ZA-A1-0004,20061203,0.338
maize,ZA-A1-0005,20061203,0.576
maize,ZA-A1-0006,20061203,0.313
maize,ZA-A1-0007,20061203,0.441
maize,ZA-A1-0008,20061203,0.469
maize,ZA-A1-0009,20061203,0.463
maize,ZA-A1-0001,20061211,0.409
maize,ZA-A1-0002,20061211,0.522
maize,ZA-A1-0003,20061211,0.306
maize,ZA-A1-0004,20061211,0.339
maize,ZA-A1-0005,20061211,0.594
maize,ZA-A1-0006,20061211,0.319
maize,ZA-A1-0007,20061211,0.425
maize,ZA-A1-0008,20061211,0.47
maize,ZA-A1-0009,20061211,0.429
maize,ZA-A1-0001,20061219,0.404
maize,ZA-A1-0002,20061219,0.538
maize,ZA-A1-0003,20061219,0.347
maize,ZA-A1-0004,20061219,0.373
maize,ZA-A1-0005,20061219,0.655
maize,ZA-A1-0006,20061219,0.35
maize,ZA-A1-0007,20061219,0.456
maize,ZA-A1-0008,20061219,0.583
maize,ZA-A1-0009,20061219,0.483
maize,ZA-A1-0001,20061227,0.395
maize,ZA-A1-0002,20061227,0.555
maize,ZA-A1-0003,20061227,0.362
maize,ZA-A1-0004,20061227,0.444
maize,ZA-A1-0005,20061227,0.69
maize,ZA-A1-0006,20061227,0.416
maize,ZA-A1-0007,20061227,0.578
maize,ZA-A1-0008,20061227,0.634
maize,ZA-A1-0009,20061227,0.522
maize,ZA-A1-0001,20070101,0.395
maize,ZA-A1-0002,20070101,0.557
maize,ZA-A1-0003,20070101,0.365
maize,ZA-A1-0004,20070101,0.445
maize,ZA-A1-0005,20070101,0.684
maize,ZA-A1-0006,20070101,0.409
maize,ZA-A1-0007,20070101,0.55
maize,ZA-A1-0008,20070101,0.614
maize,ZA-A1-0009,20070101,0.51
maize,ZA-A1-0001,20070109,0.393
maize,ZA-A1-0002,20070109,0.552
maize,ZA-A1-0003,20070109,0.381
maize,ZA-A1-0004,20070109,0.433
maize,ZA-A1-0005,20070109,0.669
maize,ZA-A1-0006,20070109,0.399
maize,ZA-A1-0007,20070109,0.555
maize,ZA-A1-0008,20070109,0.623
maize,ZA-A1-0009,20070109,0.502
maize,ZA-A1-0001,20070117,0.383
maize,ZA-A1-0002,20070117,0.553
maize,ZA-A1-0003,20070117,0.398
maize,ZA-A1-0004,20070117,0.455
maize,ZA-A1-0005,20070117,0.662
maize,ZA-A1-0006,20070117,0.413
maize,ZA-A1-0007,20070117,0.588
maize,ZA-A1-0008,20070117,0.638
maize,ZA-A1-0009,20070117,0.499
maize,ZA-A1-0001,20070125,0.373
maize,ZA-A1-0002,20070125,0.577
maize,ZA-A1-0003,20070125,0.466
maize,ZA-A1-0004,20070125,0.459
maize,ZA-A1-0005,20070125,0.678
maize,ZA-A1-0006,20070125,0.419
maize,ZA-A1-0007,20070125,0.544
maize,ZA-A1-0008,20070125,0.612
maize,ZA-A1-0009,20070125,0.454
maize,ZA-A1-0001,20070202,0.393
maize,ZA-A1-0002,20070202,0.552
maize,ZA-A1-0003,20070202,0.464
maize,ZA-A1-0004,20070202,0.457
maize,ZA-A1-0005,20070202,0.679
maize,ZA-A1-0006,20070202,0.417
maize,ZA-A1-0007,20070202,0.536
maize,ZA-A1-0008,20070202,0.635
maize,ZA-A1-0009,20070202,0.445
maize,ZA-A1-0001,20070210,0.405
maize,ZA-A1-0002,20070210,0.546
maize,ZA-A1-0003,20070210,0.467
maize,ZA-A1-0004,20070210,0.455
maize,ZA-A1-0005,20070210,0.666
maize,ZA-A1-0006,20070210,0.419
maize,ZA-A1-0007,20070210,0.511
maize,ZA-A1-0008,20070210,0.587
maize,ZA-A1-0009,20070210,0.446
maize,ZA-A1-0001,20070218,0.415
maize,ZA-A1-0002,20070218,0.542
maize,ZA-A1-0003,20070218,0.455
maize,ZA-A1-0004,20070218,0.427
maize,ZA-A1-0005,20070218,0.654
maize,ZA-A1-0006,20070218,0.405
maize,ZA-A1-0007,20070218,0.457
maize,ZA-A1-0008,20070218,0.556
maize,ZA-A1-0009,20070218,0.408
maize,ZA-A1-0001,20070226,0.41
maize,ZA-A1-0002,20070226,0.567
maize,ZA-A1-0003,20070226,0.461
maize,ZA-A1-0004,20070226,0.408
maize,ZA-A1-0005,20070226,0.613
maize,ZA-A1-0006,20070226,0.382
maize,ZA-A1-0007,20070226,0.441
maize,ZA-A1-0008,20070226,0.503
maize,ZA-A1-0009,20070226,0.394
maize,ZA-A1-0001,20070306,0.425
maize,ZA-A1-0002,20070306,0.564
maize,ZA-A1-0003,20070306,0.462
maize,ZA-A1-0004,20070306,0.406
maize,ZA-A1-0005,20070306,0.608
maize,ZA-A1-0006,20070306,0.401
maize,ZA-A1-0007,20070306,0.421
maize,ZA-A1-0008,20070306,0.486
maize,ZA-A1-0009,20070306,0.385
maize,ZA-A1-0001,20070314,0.437
maize,ZA-A1-0002,20070314,0.575
maize,ZA-A1-0003,20070314,0.44
maize,ZA-A1-0004,20070314,0.361
maize,ZA-A1-0005,20070314,0.586
maize,ZA-A1-0006,20070314,0.349
maize,ZA-A1-0007,20070314,0.393
maize,ZA-A1-0008,20070314,0.453
maize,ZA-A1-0009,20070314,0.382
maize,ZA-A1-0001,20070322,0.433
maize,ZA-A1-0002,20070322,0.564
maize,ZA-A1-0003,20070322,0.417
maize,ZA-A1-0004,20070322,0.36
maize,ZA-A1-0005,20070322,0.59
maize,ZA-A1-0006,20070322,0.363
maize,ZA-A1-0007,20070322,0.4
maize,ZA-A1-0008,20070322,0.442
maize,ZA-A1-0009,20070322,0.362
maize,ZA-A1-0001,20070330,0.421
maize,ZA-A1-0002,20070330,0.531
maize,ZA-A1-0003,20070330,0.435
maize,ZA-A1-0004,20070330,0.336
maize,ZA-A1-0005,20070330,0.57
maize,ZA-A1-0006,20070330,0.349
maize,ZA-A1-0007,20070330,0.371
maize,ZA-A1-0008,20070330,0.428
maize,ZA-A1-0009,20070330,0.399
maize,ZA-A1-0001,20070407,0.438
maize,ZA-A1-0002,20070407,0.541
maize,ZA-A1-0003,20070407,0.441
maize,ZA-A1-0004,20070407,0.334
maize,ZA-A1-0005,20070407,0.577
maize,ZA-A1-0006,20070407,0.36
maize,ZA-A1-0007,20070407,0.361
maize,ZA-A1-0008,20070407,0.409
maize,ZA-A1-0009,20070407,0.4
maize,ZA-A1-0001,20070415,0.427
maize,ZA-A1-0002,20070415,0.533
maize,ZA-A1-0003,20070415,0.44
maize,ZA-A1-0004,20070415,0.341
maize,ZA-A1-0005,20070415,0.566
maize,ZA-A1-0006,20070415,0.362
maize,ZA-A1-0007,20070415,0.37
maize,ZA-A1-0008,20070415,0.411
maize,ZA-A1-0009,20070415,0.417
maize,ZA-A1-0001,20070423,0.43
maize,ZA-A1-0002,20070423,0.514
maize,ZA-A1-0003,20070423,0.421
maize,ZA-A1-0004,20070423,0.338
maize,ZA-A1-0005,20070423,0.551
maize,ZA-A1-0006,20070423,0.37
maize,ZA-A1-0007,20070423,0.378
maize,ZA-A1-0008,20070423,0.397
maize,ZA-A1-0009,20070423,0.407
maize,ZA-A1-0001,20070501,0.47
maize,ZA-A1-0002,20070501,0.472
maize,ZA-A1-0003,20070501,0.372
maize,ZA-A1-0004,20070501,0.284
maize,ZA-A1-0005,20070501,0.502
maize,ZA-A1-0006,20070501,0.312
maize,ZA-A1-0007,20070501,0.319
maize,ZA-A1-0008,20070501,0.34
maize,ZA-A1-0009,20070501,0.381
maize,ZA-A1-0001,20070509,0.488
maize,ZA-A1-0002,20070509,0.455
maize,ZA-A1-0003,20070509,0.348
maize,ZA-A1-0004,20070509,0.273
maize,ZA-A1-0005,20070509,0.461
maize,ZA-A1-0006,20070509,0.298
maize,ZA-A1-0007,20070509,0.3
maize,ZA-A1-0008,20070509,0.315
maize,ZA-A1-0009,20070509,0.357
maize,ZA-A1-0001,20070517,0.51
maize,ZA-A1-0002,20070517,0.449
maize,ZA-A1-0003,20070517,0.341
maize,ZA-A1-0004,20070517,0.271
maize,ZA-A1-0005,20070517,0.439
maize,ZA-A1-0006,20070517,0.29
maize,ZA-A1-0007,20070517,0.29
maize,ZA-A1-0008,20070517,0.302
maize,ZA-A1-0009,20070517,0.341
maize,ZA-A1-0001,20070525,0.527
maize,ZA-A1-0002,20070525,0.426
maize,ZA-A1-0003,20070525,0.309
maize,ZA-A1-0004,20070525,0.246
maize,ZA-A1-0005,20070525,0.392
maize,ZA-A1-0006,20070525,0.263
maize,ZA-A1-0007,20070525,0.257
maize,ZA-A1-0008,20070525,0.271
maize,ZA-A1-0009,20070525,0.315
maize,ZA-A1-0001,20070602,0.544
maize,ZA-A1-0002,20070602,0.405
maize,ZA-A1-0003,20070602,0.304
maize,ZA-A1-0004,20070602,0.249
maize,ZA-A1-0005,20070602,0.388
maize,ZA-A1-0006,20070602,0.262
maize,ZA-A1-0007,20070602,0.259
maize,ZA-A1-0008,20070602,0.279
maize,ZA-A1-0009,20070602,0.31
maize,ZA-A1-0001,20070610,0.595
maize,ZA-A1-0002,20070610,0.397
maize,ZA-A1-0003,20070610,0.287
maize,ZA-A1-0004,20070610,0.233
maize,ZA-A1-0005,20070610,0.369
maize,ZA-A1-0006,20070610,0.243
maize,ZA-A1-0007,20070610,0.249
maize,ZA-A1-0008,20070610,0.261
maize,ZA-A1-0009,20070610,0.297
maize,ZA-A1-0001,20070618,0.598
maize,ZA-A1-0002,20070618,0.372
maize,ZA-A1-0003,20070618,0.28
maize,ZA-A1-0004,20070618,0.228
maize,ZA-A1-0005,20070618,0.357
maize,ZA-A1-0006,20070618,0.237
maize,ZA-A1-0007,20070618,0.242
maize,ZA-A1-0008,20070618,0.257
maize,ZA-A1-0009,20070618,0.29
maize,ZA-A1-0001,20070626,0.627
maize,ZA-A1-0002,20070626,0.38
maize,ZA-A1-0003,20070626,0.274
maize,ZA-A1-0004,20070626,0.233
maize,ZA-A1-0005,20070626,0.363
maize,ZA-A1-0006,20070626,0.242
maize,ZA-A1-0007,20070626,0.242
maize,ZA-A1-0008,20070626,0.255
maize,ZA-A1-0009,20070626,0.282
maize,ZA-A1-0001,20070704,0.622
maize,ZA-A1-0002,20070704,0.364
maize,ZA-A1-0003,20070704,0.264
maize,ZA-A1-0004,20070704,0.228
maize,ZA-A1-0005,20070704,0.349
maize,ZA-A1-0006,20070704,0.236
maize,ZA-A1-0007,20070704,0.237
maize,ZA-A1-0008,20070704,0.25
maize,ZA-A1-0009,20070704,0.283
maize,ZA-A1-0001,20070712,0.639
maize,ZA-A1-0002,20070712,0.353
maize,ZA-A1-0003,20070712,0.262
maize,ZA-A1-0004,20070712,0.22
maize,ZA-A1-0005,20070712,0.333
maize,ZA-A1-0006,20070712,0.23
maize,ZA-A1-0007,20070712,0.23
maize,ZA-A1-0008,20070712,0.244
maize,ZA-A1-0009,20070712,0.276
maize,ZA-A1-0001,20070720,0.656
maize,ZA-A1-0002,20070720,0.348
maize,ZA-A1-0003,20070720,0.264
maize,ZA-A1-0004,20070720,0.221
maize,ZA-A1-0005,20070720,0.328
maize,ZA-A1-0006,20070720,0.227
maize,ZA-A1-0007,20070720,0.224
maize,ZA-A1-0008,20070720,0.239
maize,ZA-A1-0009,20070720,0.268
maize,ZA-A1-0001,20070728,0.661
maize,ZA-A1-0002,20070728,0.342
maize,ZA-A1-0003,20070728,0.283
maize,ZA-A1-0004,20070728,0.222
maize,ZA-A1-0005,20070728,0.316
maize,ZA-A1-0006,20070728,0.229
maize,ZA-A1-0007,20070728,0.219
maize,ZA-A1-0008,20070728,0.231
maize,ZA-A1-0009,20070728,0.262
maize,ZA-A1-0001,20070805,0.655
maize,ZA-A1-0002,20070805,0.352
maize,ZA-A1-0003,20070805,0.293
maize,ZA-A1-0004,20070805,0.22
maize,ZA-A1-0005,20070805,0.328
maize,ZA-A1-0006,20070805,0.224
maize,ZA-A1-0007,20070805,0.223
maize,ZA-A1-0008,20070805,0.235
maize,ZA-A1-0009,20070805,0.262
maize,ZA-A1-0001,20070813,0.664
maize,ZA-A1-0002,20070813,0.341
maize,ZA-A1-0003,20070813,0.316
maize,ZA-A1-0004,20070813,0.219
maize,ZA-A1-0005,20070813,0.317
maize,ZA-A1-0006,20070813,0.224
maize,ZA-A1-0007,20070813,0.218
maize,ZA-A1-0008,20070813,0.233
maize,ZA-A1-0009,20070813,0.253
maize,ZA-A1-0001,20070821,0.68
maize,ZA-A1-0002,20070821,0.339
maize,ZA-A1-0003,20070821,0.338
maize,ZA-A1-0004,20070821,0.215
maize,ZA-A1-0005,20070821,0.321
maize,ZA-A1-0006,20070821,0.221
maize,ZA-A1-0007,20070821,0.215
maize,ZA-A1-0008,20070821,0.229
maize,ZA-A1-0009,20070821,0.251
maize,ZA-A1-0001,20070829,0.663
maize,ZA-A1-0002,20070829,0.335
maize,ZA-A1-0003,20070829,0.355
maize,ZA-A1-0004,20070829,0.216
maize,ZA-A1-0005,20070829,0.314
maize,ZA-A1-0006,20070829,0.225
maize,ZA-A1-0007,20070829,0.218
maize,ZA-A1-0008,20070829,0.231
maize,ZA-A1-0009,20070829,0.251
maize,ZA-A1-0001,20070906,0.647
maize,ZA-A1-0002,20070906,0.341
maize,ZA-A1-0003,20070906,0.376
maize,ZA-A1-0004,20070906,0.225
maize,ZA-A1-0005,20070906,0.325
maize,ZA-A1-0006,20070906,0.227
maize,ZA-A1-0007,20070906,0.223
maize,ZA-A1-0008,20070906,0.237
maize,ZA-A1-0009,20070906,0.25
maize,ZA-A1-0001,20070914,0.616
maize,ZA-A1-0002,20070914,0.339
maize,ZA-A1-0003,20070914,0.392
maize,ZA-A1-0004,20070914,0.222
maize,ZA-A1-0005,20070914,0.331
maize,ZA-A1-0006,20070914,0.226
maize,ZA-A1-0007,20070914,0.226
maize,ZA-A1-0008,20070914,0.237
maize,ZA-A1-0009,20070914,0.246
maize,ZA-A1-0001,20070922,0.577
maize,ZA-A1-0002,20070922,0.342
maize,ZA-A1-0003,20070922,0.399
maize,ZA-A1-0004,20070922,0.22
maize,ZA-A1-0005,20070922,0.315
maize,ZA-A1-0006,20070922,0.222
maize,ZA-A1-0007,20070922,0.235
maize,ZA-A1-0008,20070922,0.239
maize,ZA-A1-0009,20070922,0.245
maize,ZA-A1-0001,20070930,0.548
maize,ZA-A1-0002,20070930,0.363
maize,ZA-A1-0003,20070930,0.42
maize,ZA-A1-0004,20070930,0.242
maize,ZA-A1-0005,20070930,0.373
maize,ZA-A1-0006,20070930,0.238
maize,ZA-A1-0007,20070930,0.269
maize,ZA-A1-0008,20070930,0.267
maize,ZA-A1-0009,20070930,0.257
maize,ZA-A1-0001,20071008,0.521
maize,ZA-A1-0002,20071008,0.375
maize,ZA-A1-0003,20071008,0.42
maize,ZA-A1-0004,20071008,0.267
maize,ZA-A1-0005,20071008,0.44
maize,ZA-A1-0006,20071008,0.255
maize,ZA-A1-0007,20071008,0.322
maize,ZA-A1-0008,20071008,0.295
maize,ZA-A1-0009,20071008,0.318
maize,ZA-A1-0001,20071016,0.493
maize,ZA-A1-0002,20071016,0.392
maize,ZA-A1-0003,20071016,0.42
maize,ZA-A1-0004,20071016,0.294
maize,ZA-A1-0005,20071016,0.456
maize,ZA-A1-0006,20071016,0.295
maize,ZA-A1-0007,20071016,0.349
maize,ZA-A1-0008,20071016,0.341
maize,ZA-A1-0009,20071016,0.377
maize,ZA-A1-0001,20071024,0.456
maize,ZA-A1-0002,20071024,0.422
maize,ZA-A1-0003,20071024,0.427
maize,ZA-A1-0004,20071024,0.34
maize,ZA-A1-0005,20071024,0.487
maize,ZA-A1-0006,20071024,0.335
maize,ZA-A1-0007,20071024,0.387
maize,ZA-A1-0008,20071024,0.363
maize,ZA-A1-0009,20071024,0.406
maize,ZA-A1-0001,20071101,0.438
maize,ZA-A1-0002,20071101,0.447
maize,ZA-A1-0003,20071101,0.424
maize,ZA-A1-0004,20071101,0.375
maize,ZA-A1-0005,20071101,0.526
maize,ZA-A1-0006,20071101,0.362
maize,ZA-A1-0007,20071101,0.432
maize,ZA-A1-0008,20071101,0.435
maize,ZA-A1-0009,20071101,0.43
maize,ZA-A1-0001,20071109,0.403
maize,ZA-A1-0002,20071109,0.422
maize,ZA-A1-0003,20071109,0.385
maize,ZA-A1-0004,20071109,0.345
maize,ZA-A1-0005,20071109,0.517
maize,ZA-A1-0006,20071109,0.321
maize,ZA-A1-0007,20071109,0.396
maize,ZA-A1-0008,20071109,0.417
maize,ZA-A1-0009,20071109,0.455
maize,ZA-A1-0001,20071117,0.397
maize,ZA-A1-0002,20071117,0.465
maize,ZA-A1-0003,20071117,0.356
maize,ZA-A1-0004,20071117,0.37
maize,ZA-A1-0005,20071117,0.571
maize,ZA-A1-0006,20071117,0.335
maize,ZA-A1-0007,20071117,0.432
maize,ZA-A1-0008,20071117,0.491
maize,ZA-A1-0009,20071117,0.482
maize,ZA-A1-0001,20071125,0.409
maize,ZA-A1-0002,20071125,0.472
maize,ZA-A1-0003,20071125,0.331
maize,ZA-A1-0004,20071125,0.396
maize,ZA-A1-0005,20071125,0.581
maize,ZA-A1-0006,20071125,0.357
maize,ZA-A1-0007,20071125,0.495
maize,ZA-A1-0008,20071125,0.524
maize,ZA-A1-0009,20071125,0.541
maize,ZA-A1-0001,20071203,0.464
maize,ZA-A1-0002,20071203,0.502
maize,ZA-A1-0003,20071203,0.331
maize,ZA-A1-0004,20071203,0.434
maize,ZA-A1-0005,20071203,0.642
maize,ZA-A1-0006,20071203,0.374
maize,ZA-A1-0007,20071203,0.476
maize,ZA-A1-0008,20071203,0.591
maize,ZA-A1-0009,20071203,0.563
maize,ZA-A1-0001,20071211,0.481
maize,ZA-A1-0002,20071211,0.518
maize,ZA-A1-0003,20071211,0.336
maize,ZA-A1-0004,20071211,0.45
maize,ZA-A1-0005,20071211,0.622
maize,ZA-A1-0006,20071211,0.428
maize,ZA-A1-0007,20071211,0.523
maize,ZA-A1-0008,20071211,0.589
maize,ZA-A1-0009,20071211,0.575
maize,ZA-A1-0001,20071219,0.472
maize,ZA-A1-0002,20071219,0.523
maize,ZA-A1-0003,20071219,0.327
maize,ZA-A1-0004,20071219,0.445
maize,ZA-A1-0005,20071219,0.634
maize,ZA-A1-0006,20071219,0.408
maize,ZA-A1-0007,20071219,0.538
maize,ZA-A1-0008,20071219,0.599
maize,ZA-A1-0009,20071219,0.551
maize,ZA-A1-0001,20071227,0.505
maize,ZA-A1-0002,20071227,0.536
maize,ZA-A1-0003,20071227,0.379
maize,ZA-A1-0004,20071227,0.443
maize,ZA-A1-0005,20071227,0.613
maize,ZA-A1-0006,20071227,0.405
maize,ZA-A1-0007,20071227,0.527
maize,ZA-A1-0008,20071227,0.58
maize,ZA-A1-0009,20071227,0.541
maize,ZA-A1-0001,20080101,0.487
maize,ZA-A1-0002,20080101,0.548
maize,ZA-A1-0003,20080101,0.419
maize,ZA-A1-0004,20080101,0.452
maize,ZA-A1-0005,20080101,0.612
maize,ZA-A1-0006,20080101,0.418
maize,ZA-A1-0007,20080101,0.54
maize,ZA-A1-0008,20080101,0.581
maize,ZA-A1-0009,20080101,0.537
maize,ZA-A1-0001,20080109,0.506
maize,ZA-A1-0002,20080109,0.565
maize,ZA-A1-0003,20080109,0.46
maize,ZA-A1-0004,20080109,0.482
maize,ZA-A1-0005,20080109,0.645
maize,ZA-A1-0006,20080109,0.468
maize,ZA-A1-0007,20080109,0.698
maize,ZA-A1-0008,20080109,0.688
maize,ZA-A1-0009,20080109,0.595
maize,ZA-A1-0001,20080117,0.506
maize,ZA-A1-0002,20080117,0.609
maize,ZA-A1-0003,20080117,0.473
maize,ZA-A1-0004,20080117,0.547
maize,ZA-A1-0005,20080117,0.691
maize,ZA-A1-0006,20080117,0.468
maize,ZA-A1-0007,20080117,0.553
maize,ZA-A1-0008,20080117,0.676
maize,ZA-A1-0009,20080117,0.571
maize,ZA-A1-0001,20080125,0.459
maize,ZA-A1-0002,20080125,0.608
maize,ZA-A1-0003,20080125,0.502
maize,ZA-A1-0004,20080125,0.574
maize,ZA-A1-0005,20080125,0.702
maize,ZA-A1-0006,20080125,0.532
maize,ZA-A1-0007,20080125,0.651
maize,ZA-A1-0008,20080125,0.702
maize,ZA-A1-0009,20080125,0.592
maize,ZA-A1-0001,20080202,0.445
maize,ZA-A1-0002,20080202,0.574
maize,ZA-A1-0003,20080202,0.491
maize,ZA-A1-0004,20080202,0.582
maize,ZA-A1-0005,20080202,0.683
maize,ZA-A1-0006,20080202,0.559
maize,ZA-A1-0007,20080202,0.649
maize,ZA-A1-0008,20080202,0.708
maize,ZA-A1-0009,20080202,0.566
maize,ZA-A1-0001,20080210,0.469
maize,ZA-A1-0002,20080210,0.632
maize,ZA-A1-0003,20080210,0.5
maize,ZA-A1-0004,20080210,0.562
maize,ZA-A1-0005,20080210,0.688
maize,ZA-A1-0006,20080210,0.542
maize,ZA-A1-0007,20080210,0.621
maize,ZA-A1-0008,20080210,0.678
maize,ZA-A1-0009,20080210,0.545
maize,ZA-A1-0001,20080218,0.473
maize,ZA-A1-0002,20080218,0.621
maize,ZA-A1-0003,20080218,0.519
maize,ZA-A1-0004,20080218,0.531
maize,ZA-A1-0005,20080218,0.677
maize,ZA-A1-0006,20080218,0.529
maize,ZA-A1-0007,20080218,0.594
maize,ZA-A1-0008,20080218,0.641
maize,ZA-A1-0009,20080218,0.508
maize,ZA-A1-0001,20080226,0.454
maize,ZA-A1-0002,20080226,0.61
maize,ZA-A1-0003,20080226,0.494
maize,ZA-A1-0004,20080226,0.536
maize,ZA-A1-0005,20080226,0.673
maize,ZA-A1-0006,20080226,0.524
maize,ZA-A1-0007,20080226,0.652
maize,ZA-A1-0008,20080226,0.674
maize,ZA-A1-0009,20080226,0.534
maize,ZA-A1-0001,20080305,0.45
maize,ZA-A1-0002,20080305,0.61
maize,ZA-A1-0003,20080305,0.507
maize,ZA-A1-0004,20080305,0.494
maize,ZA-A1-0005,20080305,0.647
maize,ZA-A1-0006,20080305,0.495
maize,ZA-A1-0007,20080305,0.559
maize,ZA-A1-0008,20080305,0.607
maize,ZA-A1-0009,20080305,0.501
maize,ZA-A1-0001,20080313,0.452
maize,ZA-A1-0002,20080313,0.605
maize,ZA-A1-0003,20080313,0.492
maize,ZA-A1-0004,20080313,0.524
maize,ZA-A1-0005,20080313,0.662
maize,ZA-A1-0006,20080313,0.549
maize,ZA-A1-0007,20080313,0.634
maize,ZA-A1-0008,20080313,0.628
maize,ZA-A1-0009,20080313,0.471
maize,ZA-A1-0001,20080321,0.452
maize,ZA-A1-0002,20080321,0.601
maize,ZA-A1-0003,20080321,0.477
maize,ZA-A1-0004,20080321,0.48
maize,ZA-A1-0005,20080321,0.638
maize,ZA-A1-0006,20080321,0.48
maize,ZA-A1-0007,20080321,0.53
maize,ZA-A1-0008,20080321,0.571
maize,ZA-A1-0009,20080321,0.508
maize,ZA-A1-0001,20080329,0.434
maize,ZA-A1-0002,20080329,0.574
maize,ZA-A1-0003,20080329,0.44
maize,ZA-A1-0004,20080329,0.473
maize,ZA-A1-0005,20080329,0.638
maize,ZA-A1-0006,20080329,0.483
maize,ZA-A1-0007,20080329,0.53
maize,ZA-A1-0008,20080329,0.565
maize,ZA-A1-0009,20080329,0.494
maize,ZA-A1-0001,20080406,0.452
maize,ZA-A1-0002,20080406,0.565
maize,ZA-A1-0003,20080406,0.422
maize,ZA-A1-0004,20080406,0.448
maize,ZA-A1-0005,20080406,0.623
maize,ZA-A1-0006,20080406,0.459
maize,ZA-A1-0007,20080406,0.5
maize,ZA-A1-0008,20080406,0.538
maize,ZA-A1-0009,20080406,0.482
maize,ZA-A1-0001,20080414,0.422
maize,ZA-A1-0002,20080414,0.549
maize,ZA-A1-0003,20080414,0.385
maize,ZA-A1-0004,20080414,0.429
maize,ZA-A1-0005,20080414,0.606
maize,ZA-A1-0006,20080414,0.431
maize,ZA-A1-0007,20080414,0.474
maize,ZA-A1-0008,20080414,0.501
maize,ZA-A1-0009,20080414,0.466
maize,ZA-A1-0001,20080422,0.441
maize,ZA-A1-0002,20080422,0.538
maize,ZA-A1-0003,20080422,0.34
maize,ZA-A1-0004,20080422,0.355
maize,ZA-A1-0005,20080422,0.595
maize,ZA-A1-0006,20080422,0.359
maize,ZA-A1-0007,20080422,0.375
maize,ZA-A1-0008,20080422,0.462
maize,ZA-A1-0009,20080422,0.422
maize,ZA-A1-0001,20080430,0.448
maize,ZA-A1-0002,20080430,0.512
maize,ZA-A1-0003,20080430,0.342
maize,ZA-A1-0004,20080430,0.326
maize,ZA-A1-0005,20080430,0.571
maize,ZA-A1-0006,20080430,0.347
maize,ZA-A1-0007,20080430,0.372
maize,ZA-A1-0008,20080430,0.408
maize,ZA-A1-0009,20080430,0.418
maize,ZA-A1-0001,20080508,0.453
maize,ZA-A1-0002,20080508,0.494
maize,ZA-A1-0003,20080508,0.319
maize,ZA-A1-0004,20080508,0.306
maize,ZA-A1-0005,20080508,0.545
maize,ZA-A1-0006,20080508,0.331
maize,ZA-A1-0007,20080508,0.346
maize,ZA-A1-0008,20080508,0.387
maize,ZA-A1-0009,20080508,0.392
maize,ZA-A1-0001,20080516,0.468
maize,ZA-A1-0002,20080516,0.484
maize,ZA-A1-0003,20080516,0.324
maize,ZA-A1-0004,20080516,0.296
maize,ZA-A1-0005,20080516,0.52
maize,ZA-A1-0006,20080516,0.321
maize,ZA-A1-0007,20080516,0.337
maize,ZA-A1-0008,20080516,0.362
maize,ZA-A1-0009,20080516,0.372
maize,ZA-A1-0001,20080524,0.469
maize,ZA-A1-0002,20080524,0.479
maize,ZA-A1-0003,20080524,0.33
maize,ZA-A1-0004,20080524,0.29
maize,ZA-A1-0005,20080524,0.512
maize,ZA-A1-0006,20080524,0.315
maize,ZA-A1-0007,20080524,0.326
maize,ZA-A1-0008,20080524,0.35
maize,ZA-A1-0009,20080524,0.358
maize,ZA-A1-0001,20080601,0.503
maize,ZA-A1-0002,20080601,0.465
maize,ZA-A1-0003,20080601,0.319
maize,ZA-A1-0004,20080601,0.289
maize,ZA-A1-0005,20080601,0.492
maize,ZA-A1-0006,20080601,0.307
maize,ZA-A1-0007,20080601,0.319
maize,ZA-A1-0008,20080601,0.34
maize,ZA-A1-0009,20080601,0.346
maize,ZA-A1-0001,20080609,0.504
maize,ZA-A1-0002,20080609,0.447
maize,ZA-A1-0003,20080609,0.295
maize,ZA-A1-0004,20080609,0.266
maize,ZA-A1-0005,20080609,0.457
maize,ZA-A1-0006,20080609,0.282
maize,ZA-A1-0007,20080609,0.286
maize,ZA-A1-0008,20080609,0.305
maize,ZA-A1-0009,20080609,0.323
maize,ZA-A1-0001,20080617,0.552
maize,ZA-A1-0002,20080617,0.444
maize,ZA-A1-0003,20080617,0.301
maize,ZA-A1-0004,20080617,0.27
maize,ZA-A1-0005,20080617,0.438
maize,ZA-A1-0006,20080617,0.278
maize,ZA-A1-0007,20080617,0.287
maize,ZA-A1-0008,20080617,0.299
maize,ZA-A1-0009,20080617,0.315
maize,ZA-A1-0001,20080625,0.568
maize,ZA-A1-0002,20080625,0.418
maize,ZA-A1-0003,20080625,0.284
maize,ZA-A1-0004,20080625,0.256
maize,ZA-A1-0005,20080625,0.429
maize,ZA-A1-0006,20080625,0.263
maize,ZA-A1-0007,20080625,0.271
maize,ZA-A1-0008,20080625,0.292
maize,ZA-A1-0009,20080625,0.305
maize,ZA-A1-0001,20080703,0.582
maize,ZA-A1-0002,20080703,0.405
maize,ZA-A1-0003,20080703,0.293
maize,ZA-A1-0004,20080703,0.251
maize,ZA-A1-0005,20080703,0.396
maize,ZA-A1-0006,20080703,0.255
maize,ZA-A1-0007,20080703,0.262
maize,ZA-A1-0008,20080703,0.277
maize,ZA-A1-0009,20080703,0.295
maize,ZA-A1-0001,20080711,0.59
maize,ZA-A1-0002,20080711,0.389
maize,ZA-A1-0003,20080711,0.274
maize,ZA-A1-0004,20080711,0.244
maize,ZA-A1-0005,20080711,0.389
maize,ZA-A1-0006,20080711,0.25
maize,ZA-A1-0007,20080711,0.252
maize,ZA-A1-0008,20080711,0.271
maize,ZA-A1-0009,20080711,0.299
maize,ZA-A1-0001,20080719,0.597
maize,ZA-A1-0002,20080719,0.37
maize,ZA-A1-0003,20080719,0.284
maize,ZA-A1-0004,20080719,0.238
maize,ZA-A1-0005,20080719,0.374
maize,ZA-A1-0006,20080719,0.238
maize,ZA-A1-0007,20080719,0.247
maize,ZA-A1-0008,20080719,0.267
maize,ZA-A1-0009,20080719,0.291
maize,ZA-A1-0001,20080727,0.613
maize,ZA-A1-0002,20080727,0.366
maize,ZA-A1-0003,20080727,0.307
maize,ZA-A1-0004,20080727,0.237
maize,ZA-A1-0005,20080727,0.363
maize,ZA-A1-0006,20080727,0.238
maize,ZA-A1-0007,20080727,0.241
maize,ZA-A1-0008,20080727,0.259
maize,ZA-A1-0009,20080727,0.283
maize,ZA-A1-0001,20080804,0.608
maize,ZA-A1-0002,20080804,0.358
maize,ZA-A1-0003,20080804,0.334
maize,ZA-A1-0004,20080804,0.243
maize,ZA-A1-0005,20080804,0.354
maize,ZA-A1-0006,20080804,0.238
maize,ZA-A1-0007,20080804,0.244
maize,ZA-A1-0008,20080804,0.26
maize,ZA-A1-0009,20080804,0.282
maize,ZA-A1-0001,20080812,0.601
maize,ZA-A1-0002,20080812,0.356
maize,ZA-A1-0003,20080812,0.359
maize,ZA-A1-0004,20080812,0.234
maize,ZA-A1-0005,20080812,0.351
maize,ZA-A1-0006,20080812,0.233
maize,ZA-A1-0007,20080812,0.241
maize,ZA-A1-0008,20080812,0.256
maize,ZA-A1-0009,20080812,0.278
maize,ZA-A1-0001,20080820,0.608
maize,ZA-A1-0002,20080820,0.375
maize,ZA-A1-0003,20080820,0.393
maize,ZA-A1-0004,20080820,0.245
maize,ZA-A1-0005,20080820,0.356
maize,ZA-A1-0006,20080820,0.24
maize,ZA-A1-0007,20080820,0.247
maize,ZA-A1-0008,20080820,0.263
maize,ZA-A1-0009,20080820,0.275
maize,ZA-A1-0001,20080828,0.602
maize,ZA-A1-0002,20080828,0.362
maize,ZA-A1-0003,20080828,0.392
maize,ZA-A1-0004,20080828,0.242
maize,ZA-A1-0005,20080828,0.35
maize,ZA-A1-0006,20080828,0.235
maize,ZA-A1-0007,20080828,0.246
maize,ZA-A1-0008,20080828,0.262
maize,ZA-A1-0009,20080828,0.272
maize,ZA-A1-0001,20080905,0.596
maize,ZA-A1-0002,20080905,0.362
maize,ZA-A1-0003,20080905,0.406
maize,ZA-A1-0004,20080905,0.241
maize,ZA-A1-0005,20080905,0.344
maize,ZA-A1-0006,20080905,0.234
maize,ZA-A1-0007,20080905,0.247
maize,ZA-A1-0008,20080905,0.259
maize,ZA-A1-0009,20080905,0.267
maize,ZA-A1-0001,20080913,0.582
maize,ZA-A1-0002,20080913,0.359
maize,ZA-A1-0003,20080913,0.413
maize,ZA-A1-0004,20080913,0.246
maize,ZA-A1-0005,20080913,0.351
maize,ZA-A1-0006,20080913,0.238
maize,ZA-A1-0007,20080913,0.255
maize,ZA-A1-0008,20080913,0.266
maize,ZA-A1-0009,20080913,0.269
maize,ZA-A1-0001,20080921,0.576
maize,ZA-A1-0002,20080921,0.37
maize,ZA-A1-0003,20080921,0.414
maize,ZA-A1-0004,20080921,0.241
maize,ZA-A1-0005,20080921,0.357
maize,ZA-A1-0006,20080921,0.231
maize,ZA-A1-0007,20080921,0.252
maize,ZA-A1-0008,20080921,0.265
maize,ZA-A1-0009,20080921,0.265
maize,ZA-A1-0001,20080929,0.534
maize,ZA-A1-0002,20080929,0.361
maize,ZA-A1-0003,20080929,0.423
maize,ZA-A1-0004,20080929,0.243
maize,ZA-A1-0005,20080929,0.358
maize,ZA-A1-0006,20080929,0.234
maize,ZA-A1-0007,20080929,0.254
maize,ZA-A1-0008,20080929,0.266
maize,ZA-A1-0009,20080929,0.267
maize,ZA-A1-0001,20081007,0.545
maize,ZA-A1-0002,20081007,0.379
maize,ZA-A1-0003,20081007,0.421
maize,ZA-A1-0004,20081007,0.243
maize,ZA-A1-0005,20081007,0.387
maize,ZA-A1-0006,20081007,0.232
maize,ZA-A1-0007,20081007,0.26
maize,ZA-A1-0008,20081007,0.271
maize,ZA-A1-0009,20081007,0.259
maize,ZA-A1-0001,20081015,0.509
maize,ZA-A1-0002,20081015,0.397
maize,ZA-A1-0003,20081015,0.406
maize,ZA-A1-0004,20081015,0.245
maize,ZA-A1-0005,20081015,0.419
maize,ZA-A1-0006,20081015,0.24
maize,ZA-A1-0007,20081015,0.279
maize,ZA-A1-0008,20081015,0.276
maize,ZA-A1-0009,20081015,0.266
maize,ZA-A1-0001,20081023,0.495
maize,ZA-A1-0002,20081023,0.394
maize,ZA-A1-0003,20081023,0.395
maize,ZA-A1-0004,20081023,0.264
maize,ZA-A1-0005,20081023,0.424
maize,ZA-A1-0006,20081023,0.254
maize,ZA-A1-0007,20081023,0.327
maize,ZA-A1-0008,20081023,0.316
maize,ZA-A1-0009,20081023,0.268
maize,ZA-A1-0001,20081031,0.451
maize,ZA-A1-0002,20081031,0.385
maize,ZA-A1-0003,20081031,0.358
maize,ZA-A1-0004,20081031,0.259
maize,ZA-A1-0005,20081031,0.424
maize,ZA-A1-0006,20081031,0.257
maize,ZA-A1-0007,20081031,0.331
maize,ZA-A1-0008,20081031,0.329
maize,ZA-A1-0009,20081031,0.269
maize,ZA-A1-0001,20081108,0.44
maize,ZA-A1-0002,20081108,0.397
maize,ZA-A1-0003,20081108,0.344
maize,ZA-A1-0004,20081108,0.299
maize,ZA-A1-0005,20081108,0.483
maize,ZA-A1-0006,20081108,0.286
maize,ZA-A1-0007,20081108,0.451
maize,ZA-A1-0008,20081108,0.409
maize,ZA-A1-0009,20081108,0.323
maize,ZA-A1-0001,20081116,0.426
maize,ZA-A1-0002,20081116,0.448
maize,ZA-A1-0003,20081116,0.321
maize,ZA-A1-0004,20081116,0.331
maize,ZA-A1-0005,20081116,0.535
maize,ZA-A1-0006,20081116,0.308
maize,ZA-A1-0007,20081116,0.44
maize,ZA-A1-0008,20081116,0.411
maize,ZA-A1-0009,20081116,0.401
maize,ZA-A1-0001,20081124,0.458
maize,ZA-A1-0002,20081124,0.468
maize,ZA-A1-0003,20081124,0.312
maize,ZA-A1-0004,20081124,0.359
maize,ZA-A1-0005,20081124,0.548
maize,ZA-A1-0006,20081124,0.325
maize,ZA-A1-0007,20081124,0.44
maize,ZA-A1-0008,20081124,0.447
maize,ZA-A1-0009,20081124,0.436
maize,ZA-A1-0001,20081202,0.45
maize,ZA-A1-0002,20081202,0.495
maize,ZA-A1-0003,20081202,0.304
maize,ZA-A1-0004,20081202,0.387
maize,ZA-A1-0005,20081202,0.576
maize,ZA-A1-0006,20081202,0.333
maize,ZA-A1-0007,20081202,0.489
maize,ZA-A1-0008,20081202,0.513
maize,ZA-A1-0009,20081202,0.455
maize,ZA-A1-0001,20081210,0.435
maize,ZA-A1-0002,20081210,0.519
maize,ZA-A1-0003,20081210,0.3
maize,ZA-A1-0004,20081210,0.414
maize,ZA-A1-0005,20081210,0.624
maize,ZA-A1-0006,20081210,0.339
maize,ZA-A1-0007,20081210,0.462
maize,ZA-A1-0008,20081210,0.508
maize,ZA-A1-0009,20081210,0.451
maize,ZA-A1-0001,20081218,0.416
maize,ZA-A1-0002,20081218,0.522
maize,ZA-A1-0003,20081218,0.292
maize,ZA-A1-0004,20081218,0.397
maize,ZA-A1-0005,20081218,0.605
maize,ZA-A1-0006,20081218,0.322
maize,ZA-A1-0007,20081218,0.48
maize,ZA-A1-0008,20081218,0.53
maize,ZA-A1-0009,20081218,0.517
maize,ZA-A1-0001,20081226,0.435
maize,ZA-A1-0002,20081226,0.538
maize,ZA-A1-0003,20081226,0.308
maize,ZA-A1-0004,20081226,0.398
maize,ZA-A1-0005,20081226,0.645
maize,ZA-A1-0006,20081226,0.353
maize,ZA-A1-0007,20081226,0.477
maize,ZA-A1-0008,20081226,0.567
maize,ZA-A1-0009,20081226,0.537
maize,ZA-A1-0001,20090101,0.434
maize,ZA-A1-0002,20090101,0.528
maize,ZA-A1-0003,20090101,0.322
maize,ZA-A1-0004,20090101,0.447
maize,ZA-A1-0005,20090101,0.642
maize,ZA-A1-0006,20090101,0.374
maize,ZA-A1-0007,20090101,0.585
maize,ZA-A1-0008,20090101,0.663
maize,ZA-A1-0009,20090101,0.554
maize,ZA-A1-0001,20090109,0.414
maize,ZA-A1-0002,20090109,0.494
maize,ZA-A1-0003,20090109,0.386
maize,ZA-A1-0004,20090109,0.494
maize,ZA-A1-0005,20090109,0.672
maize,ZA-A1-0006,20090109,0.455
maize,ZA-A1-0007,20090109,0.666
maize,ZA-A1-0008,20090109,0.69
maize,ZA-A1-0009,20090109,0.539
maize,ZA-A1-0001,20090117,0.403
maize,ZA-A1-0002,20090117,0.532
maize,ZA-A1-0003,20090117,0.403
maize,ZA-A1-0004,20090117,0.477
maize,ZA-A1-0005,20090117,0.687
maize,ZA-A1-0006,20090117,0.449
maize,ZA-A1-0007,20090117,0.611
maize,ZA-A1-0008,20090117,0.692
maize,ZA-A1-0009,20090117,0.595
maize,ZA-A1-0001,20090125,0.397
maize,ZA-A1-0002,20090125,0.521
maize,ZA-A1-0003,20090125,0.455
maize,ZA-A1-0004,20090125,0.56
maize,ZA-A1-0005,20090125,0.71
maize,ZA-A1-0006,20090125,0.551
maize,ZA-A1-0007,20090125,0.655
maize,ZA-A1-0008,20090125,0.716
maize,ZA-A1-0009,20090125,0.606
maize,ZA-A1-0001,20090202,0.397
maize,ZA-A1-0002,20090202,0.539
maize,ZA-A1-0003,20090202,0.476
maize,ZA-A1-0004,20090202,0.591
maize,ZA-A1-0005,20090202,0.721
maize,ZA-A1-0006,20090202,0.585
maize,ZA-A1-0007,20090202,0.686
maize,ZA-A1-0008,20090202,0.717
maize,ZA-A1-0009,20090202,0.632
maize,ZA-A1-0001,20090210,0.403
maize,ZA-A1-0002,20090210,0.581
maize,ZA-A1-0003,20090210,0.503
maize,ZA-A1-0004,20090210,0.61
maize,ZA-A1-0005,20090210,0.716
maize,ZA-A1-0006,20090210,0.584
maize,ZA-A1-0007,20090210,0.657
maize,ZA-A1-0008,20090210,0.702
maize,ZA-A1-0009,20090210,0.608
maize,ZA-A1-0001,20090218,0.406
maize,ZA-A1-0002,20090218,0.567
maize,ZA-A1-0003,20090218,0.523
maize,ZA-A1-0004,20090218,0.62
maize,ZA-A1-0005,20090218,0.72
maize,ZA-A1-0006,20090218,0.618
maize,ZA-A1-0007,20090218,0.642
maize,ZA-A1-0008,20090218,0.683
maize,ZA-A1-0009,20090218,0.589
maize,ZA-A1-0001,20090226,0.406
maize,ZA-A1-0002,20090226,0.595
maize,ZA-A1-0003,20090226,0.544
maize,ZA-A1-0004,20090226,0.608
maize,ZA-A1-0005,20090226,0.713
maize,ZA-A1-0006,20090226,0.606
maize,ZA-A1-0007,20090226,0.65
maize,ZA-A1-0008,20090226,0.691
maize,ZA-A1-0009,20090226,0.621
maize,ZA-A1-0001,20090306,0.399
maize,ZA-A1-0002,20090306,0.598
maize,ZA-A1-0003,20090306,0.539
maize,ZA-A1-0004,20090306,0.571
maize,ZA-A1-0005,20090306,0.701
maize,ZA-A1-0006,20090306,0.563
maize,ZA-A1-0007,20090306,0.608
maize,ZA-A1-0008,20090306,0.648
maize,ZA-A1-0009,20090306,0.587
maize,ZA-A1-0001,20090314,0.39
maize,ZA-A1-0002,20090314,0.6
maize,ZA-A1-0003,20090314,0.525
maize,ZA-A1-0004,20090314,0.575
maize,ZA-A1-0005,20090314,0.698
maize,ZA-A1-0006,20090314,0.604
maize,ZA-A1-0007,20090314,0.6
maize,ZA-A1-0008,20090314,0.635
maize,ZA-A1-0009,20090314,0.595
maize,ZA-A1-0001,20090322,0.385
maize,ZA-A1-0002,20090322,0.57
maize,ZA-A1-0003,20090322,0.486
maize,ZA-A1-0004,20090322,0.538
maize,ZA-A1-0005,20090322,0.67
maize,ZA-A1-0006,20090322,0.546
maize,ZA-A1-0007,20090322,0.569
maize,ZA-A1-0008,20090322,0.606
maize,ZA-A1-0009,20090322,0.564
maize,ZA-A1-0001,20090330,0.383
maize,ZA-A1-0002,20090330,0.548
maize,ZA-A1-0003,20090330,0.472
maize,ZA-A1-0004,20090330,0.502
maize,ZA-A1-0005,20090330,0.647
maize,ZA-A1-0006,20090330,0.512
maize,ZA-A1-0007,20090330,0.538
maize,ZA-A1-0008,20090330,0.57
maize,ZA-A1-0009,20090330,0.538
maize,ZA-A1-0001,20090407,0.376
maize,ZA-A1-0002,20090407,0.526
maize,ZA-A1-0003,20090407,0.431
maize,ZA-A1-0004,20090407,0.462
maize,ZA-A1-0005,20090407,0.629
maize,ZA-A1-0006,20090407,0.466
maize,ZA-A1-0007,20090407,0.495
maize,ZA-A1-0008,20090407,0.511
maize,ZA-A1-0009,20090407,0.501
maize,ZA-A1-0001,20090415,0.376
maize,ZA-A1-0002,20090415,0.502
maize,ZA-A1-0003,20090415,0.407
maize,ZA-A1-0004,20090415,0.422
maize,ZA-A1-0005,20090415,0.605
maize,ZA-A1-0006,20090415,0.436
maize,ZA-A1-0007,20090415,0.46
maize,ZA-A1-0008,20090415,0.481
maize,ZA-A1-0009,20090415,0.472
maize,ZA-A1-0001,20090423,0.449
maize,ZA-A1-0002,20090423,0.502
maize,ZA-A1-0003,20090423,0.413
maize,ZA-A1-0004,20090423,0.4
maize,ZA-A1-0005,20090423,0.574
maize,ZA-A1-0006,20090423,0.405
maize,ZA-A1-0007,20090423,0.426
maize,ZA-A1-0008,20090423,0.432
maize,ZA-A1-0009,20090423,0.44
maize,ZA-A1-0001,20090501,0.442
maize,ZA-A1-0002,20090501,0.485
maize,ZA-A1-0003,20090501,0.361
maize,ZA-A1-0004,20090501,0.366
maize,ZA-A1-0005,20090501,0.555
maize,ZA-A1-0006,20090501,0.379
maize,ZA-A1-0007,20090501,0.395
maize,ZA-A1-0008,20090501,0.399
maize,ZA-A1-0009,20090501,0.427
maize,ZA-A1-0001,20090509,0.448
maize,ZA-A1-0002,20090509,0.482
maize,ZA-A1-0003,20090509,0.34
maize,ZA-A1-0004,20090509,0.344
maize,ZA-A1-0005,20090509,0.542
maize,ZA-A1-0006,20090509,0.363
maize,ZA-A1-0007,20090509,0.372
maize,ZA-A1-0008,20090509,0.384
maize,ZA-A1-0009,20090509,0.41
maize,ZA-A1-0001,20090517,0.475
maize,ZA-A1-0002,20090517,0.461
maize,ZA-A1-0003,20090517,0.32
maize,ZA-A1-0004,20090517,0.332
maize,ZA-A1-0005,20090517,0.512
maize,ZA-A1-0006,20090517,0.341
maize,ZA-A1-0007,20090517,0.361
maize,ZA-A1-0008,20090517,0.371
maize,ZA-A1-0009,20090517,0.396
maize,ZA-A1-0001,20090525,0.487
maize,ZA-A1-0002,20090525,0.446
maize,ZA-A1-0003,20090525,0.298
maize,ZA-A1-0004,20090525,0.307
maize,ZA-A1-0005,20090525,0.484
maize,ZA-A1-0006,20090525,0.316
maize,ZA-A1-0007,20090525,0.337
maize,ZA-A1-0008,20090525,0.343
maize,ZA-A1-0009,20090525,0.376
maize,ZA-A1-0001,20090602,0.507
maize,ZA-A1-0002,20090602,0.429
maize,ZA-A1-0003,20090602,0.297
maize,ZA-A1-0004,20090602,0.283
maize,ZA-A1-0005,20090602,0.45
maize,ZA-A1-0006,20090602,0.293
maize,ZA-A1-0007,20090602,0.305
maize,ZA-A1-0008,20090602,0.318
maize,ZA-A1-0009,20090602,0.354
maize,ZA-A1-0001,20090610,0.564
maize,ZA-A1-0002,20090610,0.414
maize,ZA-A1-0003,20090610,0.286
maize,ZA-A1-0004,20090610,0.274
maize,ZA-A1-0005,20090610,0.443
maize,ZA-A1-0006,20090610,0.275
maize,ZA-A1-0007,20090610,0.291
maize,ZA-A1-0008,20090610,0.303
maize,ZA-A1-0009,20090610,0.349
maize,ZA-A1-0001,20090618,0.568
maize,ZA-A1-0002,20090618,0.404
maize,ZA-A1-0003,20090618,0.29
maize,ZA-A1-0004,20090618,0.262
maize,ZA-A1-0005,20090618,0.43
maize,ZA-A1-0006,20090618,0.267
maize,ZA-A1-0007,20090618,0.285
maize,ZA-A1-0008,20090618,0.297
maize,ZA-A1-0009,20090618,0.347
maize,ZA-A1-0001,20090626,0.589
maize,ZA-A1-0002,20090626,0.395
maize,ZA-A1-0003,20090626,0.278
maize,ZA-A1-0004,20090626,0.26
maize,ZA-A1-0005,20090626,0.409
maize,ZA-A1-0006,20090626,0.259
maize,ZA-A1-0007,20090626,0.28
maize,ZA-A1-0008,20090626,0.287
maize,ZA-A1-0009,20090626,0.331
maize,ZA-A1-0001,20090704,0.616
maize,ZA-A1-0002,20090704,0.368
maize,ZA-A1-0003,20090704,0.278
maize,ZA-A1-0004,20090704,0.248
maize,ZA-A1-0005,20090704,0.378
maize,ZA-A1-0006,20090704,0.248
maize,ZA-A1-0007,20090704,0.263
maize,ZA-A1-0008,20090704,0.273
maize,ZA-A1-0009,20090704,0.315
maize,ZA-A1-0001,20090712,0.64
maize,ZA-A1-0002,20090712,0.367
maize,ZA-A1-0003,20090712,0.278
maize,ZA-A1-0004,20090712,0.242
maize,ZA-A1-0005,20090712,0.363
maize,ZA-A1-0006,20090712,0.239
maize,ZA-A1-0007,20090712,0.255
maize,ZA-A1-0008,20090712,0.265
maize,ZA-A1-0009,20090712,0.305
maize,ZA-A1-0001,20090720,0.651
maize,ZA-A1-0002,20090720,0.35
maize,ZA-A1-0003,20090720,0.279
maize,ZA-A1-0004,20090720,0.236
maize,ZA-A1-0005,20090720,0.353
maize,ZA-A1-0006,20090720,0.236
maize,ZA-A1-0007,20090720,0.246
maize,ZA-A1-0008,20090720,0.256
maize,ZA-A1-0009,20090720,0.3
maize,ZA-A1-0001,20090728,0.649
maize,ZA-A1-0002,20090728,0.351
maize,ZA-A1-0003,20090728,0.295
maize,ZA-A1-0004,20090728,0.232
maize,ZA-A1-0005,20090728,0.345
maize,ZA-A1-0006,20090728,0.23
maize,ZA-A1-0007,20090728,0.239
maize,ZA-A1-0008,20090728,0.248
maize,ZA-A1-0009,20090728,0.29
maize,ZA-A1-0001,20090805,0.645
maize,ZA-A1-0002,20090805,0.345
maize,ZA-A1-0003,20090805,0.317
maize,ZA-A1-0004,20090805,0.233
maize,ZA-A1-0005,20090805,0.341
maize,ZA-A1-0006,20090805,0.229
maize,ZA-A1-0007,20090805,0.245
maize,ZA-A1-0008,20090805,0.254
maize,ZA-A1-0009,20090805,0.29
maize,ZA-A1-0001,20090813,0.637
maize,ZA-A1-0002,20090813,0.35
maize,ZA-A1-0003,20090813,0.341
maize,ZA-A1-0004,20090813,0.234
maize,ZA-A1-0005,20090813,0.344
maize,ZA-A1-0006,20090813,0.233
maize,ZA-A1-0007,20090813,0.242
maize,ZA-A1-0008,20090813,0.252
maize,ZA-A1-0009,20090813,0.284
maize,ZA-A1-0001,20090821,0.636
maize,ZA-A1-0002,20090821,0.353
maize,ZA-A1-0003,20090821,0.361
maize,ZA-A1-0004,20090821,0.233
maize,ZA-A1-0005,20090821,0.35
maize,ZA-A1-0006,20090821,0.23
maize,ZA-A1-0007,20090821,0.236
maize,ZA-A1-0008,20090821,0.243
maize,ZA-A1-0009,20090821,0.277
maize,ZA-A1-0001,20090829,0.61
maize,ZA-A1-0002,20090829,0.349
maize,ZA-A1-0003,20090829,0.38
maize,ZA-A1-0004,20090829,0.239
maize,ZA-A1-0005,20090829,0.353
maize,ZA-A1-0006,20090829,0.24
maize,ZA-A1-0007,20090829,0.249
maize,ZA-A1-0008,20090829,0.255
maize,ZA-A1-0009,20090829,0.28
maize,ZA-A1-0001,20090906,0.598
maize,ZA-A1-0002,20090906,0.349
maize,ZA-A1-0003,20090906,0.387
maize,ZA-A1-0004,20090906,0.243
maize,ZA-A1-0005,20090906,0.365
maize,ZA-A1-0006,20090906,0.244
maize,ZA-A1-0007,20090906,0.251
maize,ZA-A1-0008,20090906,0.255
maize,ZA-A1-0009,20090906,0.272
maize,ZA-A1-0001,20090914,0.581
maize,ZA-A1-0002,20090914,0.352
maize,ZA-A1-0003,20090914,0.399
maize,ZA-A1-0004,20090914,0.255
maize,ZA-A1-0005,20090914,0.385
maize,ZA-A1-0006,20090914,0.255
maize,ZA-A1-0007,20090914,0.264
maize,ZA-A1-0008,20090914,0.271
maize,ZA-A1-0009,20090914,0.277
maize,ZA-A1-0001,20090922,0.577
maize,ZA-A1-0002,20090922,0.352
maize,ZA-A1-0003,20090922,0.402
maize,ZA-A1-0004,20090922,0.262
maize,ZA-A1-0005,20090922,0.412
maize,ZA-A1-0006,20090922,0.257
maize,ZA-A1-0007,20090922,0.28
maize,ZA-A1-0008,20090922,0.285
maize,ZA-A1-0009,20090922,0.291
maize,ZA-A1-0001,20090930,0.523
maize,ZA-A1-0002,20090930,0.386
maize,ZA-A1-0003,20090930,0.412
maize,ZA-A1-0004,20090930,0.277
maize,ZA-A1-0005,20090930,0.457
maize,ZA-A1-0006,20090930,0.267
maize,ZA-A1-0007,20090930,0.302
maize,ZA-A1-0008,20090930,0.303
maize,ZA-A1-0009,20090930,0.298
maize,ZA-A1-0001,20091008,0.49
maize,ZA-A1-0002,20091008,0.408
maize,ZA-A1-0003,20091008,0.419
maize,ZA-A1-0004,20091008,0.276
maize,ZA-A1-0005,20091008,0.463
maize,ZA-A1-0006,20091008,0.277
maize,ZA-A1-0007,20091008,0.297
maize,ZA-A1-0008,20091008,0.312
maize,ZA-A1-0009,20091008,0.312
maize,ZA-A1-0001,20091016,0.465
maize,ZA-A1-0002,20091016,0.421
maize,ZA-A1-0003,20091016,0.403
maize,ZA-A1-0004,20091016,0.322
maize,ZA-A1-0005,20091016,0.487
maize,ZA-A1-0006,20091016,0.292
maize,ZA-A1-0007,20091016,0.357
maize,ZA-A1-0008,20091016,0.378
maize,ZA-A1-0009,20091016,0.334
maize,ZA-A1-0001,20091024,0.458
maize,ZA-A1-0002,20091024,0.476
maize,ZA-A1-0003,20091024,0.411
maize,ZA-A1-0004,20091024,0.33
maize,ZA-A1-0005,20091024,0.549
maize,ZA-A1-0006,20091024,0.312
maize,ZA-A1-0007,20091024,0.366
maize,ZA-A1-0008,20091024,0.414
maize,ZA-A1-0009,20091024,0.333
maize,ZA-A1-0001,20091101,0.441
maize,ZA-A1-0002,20091101,0.464
maize,ZA-A1-0003,20091101,0.383
maize,ZA-A1-0004,20091101,0.36
maize,ZA-A1-0005,20091101,0.541
maize,ZA-A1-0006,20091101,0.325
maize,ZA-A1-0007,20091101,0.433
maize,ZA-A1-0008,20091101,0.463
maize,ZA-A1-0009,20091101,0.373
maize,ZA-A1-0001,20091109,0.475
maize,ZA-A1-0002,20091109,0.455
maize,ZA-A1-0003,20091109,0.357
maize,ZA-A1-0004,20091109,0.359
maize,ZA-A1-0005,20091109,0.524
maize,ZA-A1-0006,20091109,0.319
maize,ZA-A1-0007,20091109,0.441
maize,ZA-A1-0008,20091109,0.477
maize,ZA-A1-0009,20091109,0.388
maize,ZA-A1-0001,20091117,0.403
maize,ZA-A1-0002,20091117,0.492
maize,ZA-A1-0003,20091117,0.337
maize,ZA-A1-0004,20091117,0.378
maize,ZA-A1-0005,20091117,0.584
maize,ZA-A1-0006,20091117,0.321
maize,ZA-A1-0007,20091117,0.462
maize,ZA-A1-0008,20091117,0.495
maize,ZA-A1-0009,20091117,0.437
maize,ZA-A1-0001,20091125,0.411
maize,ZA-A1-0002,20091125,0.475
maize,ZA-A1-0003,20091125,0.313
maize,ZA-A1-0004,20091125,0.347
maize,ZA-A1-0005,20091125,0.559
maize,ZA-A1-0006,20091125,0.318
maize,ZA-A1-0007,20091125,0.439
maize,ZA-A1-0008,20091125,0.477
maize,ZA-A1-0009,20091125,0.428
maize,ZA-A1-0001,20091203,0.392
maize,ZA-A1-0002,20091203,0.517
maize,ZA-A1-0003,20091203,0.302
maize,ZA-A1-0004,20091203,0.357
maize,ZA-A1-0005,20091203,0.583
maize,ZA-A1-0006,20091203,0.317
maize,ZA-A1-0007,20091203,0.488
maize,ZA-A1-0008,20091203,0.522
maize,ZA-A1-0009,20091203,0.486
maize,ZA-A1-0001,20091211,0.394
maize,ZA-A1-0002,20091211,0.516
maize,ZA-A1-0003,20091211,0.29
maize,ZA-A1-0004,20091211,0.405
maize,ZA-A1-0005,20091211,0.62
maize,ZA-A1-0006,20091211,0.348
maize,ZA-A1-0007,20091211,0.551
maize,ZA-A1-0008,20091211,0.597
maize,ZA-A1-0009,20091211,0.54
maize,ZA-A1-0001,20091219,0.381
maize,ZA-A1-0002,20091219,0.485
maize,ZA-A1-0003,20091219,0.304
maize,ZA-A1-0004,20091219,0.383
maize,ZA-A1-0005,20091219,0.597
maize,ZA-A1-0006,20091219,0.346
maize,ZA-A1-0007,20091219,0.519
maize,ZA-A1-0008,20091219,0.573
maize,ZA-A1-0009,20091219,0.504
maize,ZA-A1-0001,20091227,0.366
maize,ZA-A1-0002,20091227,0.486
maize,ZA-A1-0003,20091227,0.314
maize,ZA-A1-0004,20091227,0.445
maize,ZA-A1-0005,20091227,0.657
maize,ZA-A1-0006,20091227,0.416
maize,ZA-A1-0007,20091227,0.621
maize,ZA-A1-0008,20091227,0.652
maize,ZA-A1-0009,20091227,0.522
maize,ZA-A1-0001,20100101,0.366
maize,ZA-A1-0002,20100101,0.489
maize,ZA-A1-0003,20100101,0.388
maize,ZA-A1-0004,20100101,0.483
maize,ZA-A1-0005,20100101,0.642
maize,ZA-A1-0006,20100101,0.481
maize,ZA-A1-0007,20100101,0.646
maize,ZA-A1-0008,20100101,0.638
maize,ZA-A1-0009,20100101,0.527
maize,ZA-A1-0001,20100109,0.362
maize,ZA-A1-0002,20100109,0.534
maize,ZA-A1-0003,20100109,0.43
maize,ZA-A1-0004,20100109,0.521
maize,ZA-A1-0005,20100109,0.673
maize,ZA-A1-0006,20100109,0.509
maize,ZA-A1-0007,20100109,0.651
maize,ZA-A1-0008,20100109,0.671
maize,ZA-A1-0009,20100109,0.527
maize,ZA-A1-0001,20100117,0.352
maize,ZA-A1-0002,20100117,0.534
maize,ZA-A1-0003,20100117,0.458
maize,ZA-A1-0004,20100117,0.531
maize,ZA-A1-0005,20100117,0.685
maize,ZA-A1-0006,20100117,0.522
maize,ZA-A1-0007,20100117,0.611
maize,ZA-A1-0008,20100117,0.689
maize,ZA-A1-0009,20100117,0.526
maize,ZA-A1-0001,20100125,0.362
maize,ZA-A1-0002,20100125,0.57
maize,ZA-A1-0003,20100125,0.503
maize,ZA-A1-0004,20100125,0.601
maize,ZA-A1-0005,20100125,0.706
maize,ZA-A1-0006,20100125,0.543
maize,ZA-A1-0007,20100125,0.677
maize,ZA-A1-0008,20100125,0.722
maize,ZA-A1-0009,20100125,0.613
maize,ZA-A1-0001,20100202,0.35
maize,ZA-A1-0002,20100202,0.562
maize,ZA-A1-0003,20100202,0.5
maize,ZA-A1-0004,20100202,0.579
maize,ZA-A1-0005,20100202,0.689
maize,ZA-A1-0006,20100202,0.57
maize,ZA-A1-0007,20100202,0.66
maize,ZA-A1-0008,20100202,0.687
maize,ZA-A1-0009,20100202,0.555
maize,ZA-A1-0001,20100210,0.35
maize,ZA-A1-0002,20100210,0.579
maize,ZA-A1-0003,20100210,0.508
maize,ZA-A1-0004,20100210,0.591
maize,ZA-A1-0005,20100210,0.68
maize,ZA-A1-0006,20100210,0.55
maize,ZA-A1-0007,20100210,0.656
maize,ZA-A1-0008,20100210,0.691
maize,ZA-A1-0009,20100210,0.543
maize,ZA-A1-0001,20100218,0.356
maize,ZA-A1-0002,20100218,0.588
maize,ZA-A1-0003,20100218,0.502
maize,ZA-A1-0004,20100218,0.593
maize,ZA-A1-0005,20100218,0.71
maize,ZA-A1-0006,20100218,0.572
maize,ZA-A1-0007,20100218,0.641
maize,ZA-A1-0008,20100218,0.693
maize,ZA-A1-0009,20100218,0.545
maize,ZA-A1-0001,20100226,0.378
maize,ZA-A1-0002,20100226,0.619
maize,ZA-A1-0003,20100226,0.522
maize,ZA-A1-0004,20100226,0.586
maize,ZA-A1-0005,20100226,0.676
maize,ZA-A1-0006,20100226,0.591
maize,ZA-A1-0007,20100226,0.626
maize,ZA-A1-0008,20100226,0.657
maize,ZA-A1-0009,20100226,0.507
maize,ZA-A1-0001,20100306,0.384
maize,ZA-A1-0002,20100306,0.567
maize,ZA-A1-0003,20100306,0.537
maize,ZA-A1-0004,20100306,0.556
maize,ZA-A1-0005,20100306,0.654
maize,ZA-A1-0006,20100306,0.562
maize,ZA-A1-0007,20100306,0.602
maize,ZA-A1-0008,20100306,0.608
maize,ZA-A1-0009,20100306,0.474
maize,ZA-A1-0001,20100314,0.428
maize,ZA-A1-0002,20100314,0.587
maize,ZA-A1-0003,20100314,0.521
maize,ZA-A1-0004,20100314,0.542
maize,ZA-A1-0005,20100314,0.646
maize,ZA-A1-0006,20100314,0.54
maize,ZA-A1-0007,20100314,0.579
maize,ZA-A1-0008,20100314,0.592
maize,ZA-A1-0009,20100314,0.471
maize,ZA-A1-0001,20100322,0.418
maize,ZA-A1-0002,20100322,0.581
maize,ZA-A1-0003,20100322,0.523
maize,ZA-A1-0004,20100322,0.538
maize,ZA-A1-0005,20100322,0.639
maize,ZA-A1-0006,20100322,0.53
maize,ZA-A1-0007,20100322,0.6
maize,ZA-A1-0008,20100322,0.59
maize,ZA-A1-0009,20100322,0.478
maize,ZA-A1-0001,20100330,0.415
maize,ZA-A1-0002,20100330,0.575
maize,ZA-A1-0003,20100330,0.512
maize,ZA-A1-0004,20100330,0.514
maize,ZA-A1-0005,20100330,0.625
maize,ZA-A1-0006,20100330,0.526
maize,ZA-A1-0007,20100330,0.554
maize,ZA-A1-0008,20100330,0.558
maize,ZA-A1-0009,20100330,0.497
maize,ZA-A1-0001,20100407,0.404
maize,ZA-A1-0002,20100407,0.559
maize,ZA-A1-0003,20100407,0.488
maize,ZA-A1-0004,20100407,0.491
maize,ZA-A1-0005,20100407,0.615
maize,ZA-A1-0006,20100407,0.493
maize,ZA-A1-0007,20100407,0.541
maize,ZA-A1-0008,20100407,0.544
maize,ZA-A1-0009,20100407,0.524
maize,ZA-A1-0001,20100415,0.431
maize,ZA-A1-0002,20100415,0.567
maize,ZA-A1-0003,20100415,0.454
maize,ZA-A1-0004,20100415,0.486
maize,ZA-A1-0005,20100415,0.62
maize,ZA-A1-0006,20100415,0.469
maize,ZA-A1-0007,20100415,0.524
maize,ZA-A1-0008,20100415,0.528
maize,ZA-A1-0009,20100415,0.536
maize,ZA-A1-0001,20100423,0.434
maize,ZA-A1-0002,20100423,0.533
maize,ZA-A1-0003,20100423,0.43
maize,ZA-A1-0004,20100423,0.455
maize,ZA-A1-0005,20100423,0.584
maize,ZA-A1-0006,20100423,0.474
maize,ZA-A1-0007,20100423,0.502
maize,ZA-A1-0008,20100423,0.49
maize,ZA-A1-0009,20100423,0.559
maize,ZA-A1-0001,20100501,0.453
maize,ZA-A1-0002,20100501,0.519
maize,ZA-A1-0003,20100501,0.405
maize,ZA-A1-0004,20100501,0.433
maize,ZA-A1-0005,20100501,0.551
maize,ZA-A1-0006,20100501,0.439
maize,ZA-A1-0007,20100501,0.485
maize,ZA-A1-0008,20100501,0.485
maize,ZA-A1-0009,20100501,0.55
maize,ZA-A1-0001,20100509,0.442
maize,ZA-A1-0002,20100509,0.503
maize,ZA-A1-0003,20100509,0.378
maize,ZA-A1-0004,20100509,0.402
maize,ZA-A1-0005,20100509,0.526
maize,ZA-A1-0006,20100509,0.411
maize,ZA-A1-0007,20100509,0.463
maize,ZA-A1-0008,20100509,0.465
maize,ZA-A1-0009,20100509,0.54
maize,ZA-A1-0001,20100517,0.448
maize,ZA-A1-0002,20100517,0.479
maize,ZA-A1-0003,20100517,0.358
maize,ZA-A1-0004,20100517,0.367
maize,ZA-A1-0005,20100517,0.501
maize,ZA-A1-0006,20100517,0.393
maize,ZA-A1-0007,20100517,0.43
maize,ZA-A1-0008,20100517,0.434
maize,ZA-A1-0009,20100517,0.522
maize,ZA-A1-0001,20100525,0.471
maize,ZA-A1-0002,20100525,0.457
maize,ZA-A1-0003,20100525,0.34
maize,ZA-A1-0004,20100525,0.34
maize,ZA-A1-0005,20100525,0.469
maize,ZA-A1-0006,20100525,0.364
maize,ZA-A1-0007,20100525,0.395
maize,ZA-A1-0008,20100525,0.393
maize,ZA-A1-0009,20100525,0.5
maize,ZA-A1-0001,20100602,0.495
maize,ZA-A1-0002,20100602,0.433
maize,ZA-A1-0003,20100602,0.311
maize,ZA-A1-0004,20100602,0.316
maize,ZA-A1-0005,20100602,0.423
maize,ZA-A1-0006,20100602,0.336
maize,ZA-A1-0007,20100602,0.366
maize,ZA-A1-0008,20100602,0.366
maize,ZA-A1-0009,20100602,0.475
maize,ZA-A1-0001,20100610,0.512
maize,ZA-A1-0002,20100610,0.431
maize,ZA-A1-0003,20100610,0.303
maize,ZA-A1-0004,20100610,0.303
maize,ZA-A1-0005,20100610,0.419
maize,ZA-A1-0006,20100610,0.318
maize,ZA-A1-0007,20100610,0.342
maize,ZA-A1-0008,20100610,0.341
maize,ZA-A1-0009,20100610,0.449
maize,ZA-A1-0001,20100618,0.528
maize,ZA-A1-0002,20100618,0.403
maize,ZA-A1-0003,20100618,0.285
maize,ZA-A1-0004,20100618,0.282
maize,ZA-A1-0005,20100618,0.383
maize,ZA-A1-0006,20100618,0.292
maize,ZA-A1-0007,20100618,0.304
maize,ZA-A1-0008,20100618,0.308
maize,ZA-A1-0009,20100618,0.381
maize,ZA-A1-0001,20100626,0.559
maize,ZA-A1-0002,20100626,0.39
maize,ZA-A1-0003,20100626,0.277
maize,ZA-A1-0004,20100626,0.274
maize,ZA-A1-0005,20100626,0.368
maize,ZA-A1-0006,20100626,0.278
maize,ZA-A1-0007,20100626,0.288
maize,ZA-A1-0008,20100626,0.298
maize,ZA-A1-0009,20100626,0.364
maize,ZA-A1-0001,20100704,0.578
maize,ZA-A1-0002,20100704,0.371
maize,ZA-A1-0003,20100704,0.282
maize,ZA-A1-0004,20100704,0.271
maize,ZA-A1-0005,20100704,0.357
maize,ZA-A1-0006,20100704,0.271
maize,ZA-A1-0007,20100704,0.285
maize,ZA-A1-0008,20100704,0.291
maize,ZA-A1-0009,20100704,0.35
maize,ZA-A1-0001,20100712,0.601
maize,ZA-A1-0002,20100712,0.379
maize,ZA-A1-0003,20100712,0.282
maize,ZA-A1-0004,20100712,0.264
maize,ZA-A1-0005,20100712,0.354
maize,ZA-A1-0006,20100712,0.268
maize,ZA-A1-0007,20100712,0.277
maize,ZA-A1-0008,20100712,0.286
maize,ZA-A1-0009,20100712,0.334
maize,ZA-A1-0001,20100720,0.6
maize,ZA-A1-0002,20100720,0.364
maize,ZA-A1-0003,20100720,0.283
maize,ZA-A1-0004,20100720,0.257
maize,ZA-A1-0005,20100720,0.341
maize,ZA-A1-0006,20100720,0.26
maize,ZA-A1-0007,20100720,0.271
maize,ZA-A1-0008,20100720,0.275
maize,ZA-A1-0009,20100720,0.332
maize,ZA-A1-0001,20100728,0.627
maize,ZA-A1-0002,20100728,0.36
maize,ZA-A1-0003,20100728,0.305
maize,ZA-A1-0004,20100728,0.255
maize,ZA-A1-0005,20100728,0.341
maize,ZA-A1-0006,20100728,0.258
maize,ZA-A1-0007,20100728,0.266
maize,ZA-A1-0008,20100728,0.274
maize,ZA-A1-0009,20100728,0.325
maize,ZA-A1-0001,20100805,0.629
maize,ZA-A1-0002,20100805,0.36
maize,ZA-A1-0003,20100805,0.328
maize,ZA-A1-0004,20100805,0.251
maize,ZA-A1-0005,20100805,0.335
maize,ZA-A1-0006,20100805,0.251
maize,ZA-A1-0007,20100805,0.263
maize,ZA-A1-0008,20100805,0.268
maize,ZA-A1-0009,20100805,0.319
maize,ZA-A1-0001,20100813,0.635
maize,ZA-A1-0002,20100813,0.343
maize,ZA-A1-0003,20100813,0.336
maize,ZA-A1-0004,20100813,0.245
maize,ZA-A1-0005,20100813,0.322
maize,ZA-A1-0006,20100813,0.249
maize,ZA-A1-0007,20100813,0.256
maize,ZA-A1-0008,20100813,0.26
maize,ZA-A1-0009,20100813,0.307
maize,ZA-A1-0001,20100821,0.626
maize,ZA-A1-0002,20100821,0.343
maize,ZA-A1-0003,20100821,0.348
maize,ZA-A1-0004,20100821,0.249
maize,ZA-A1-0005,20100821,0.318
maize,ZA-A1-0006,20100821,0.255
maize,ZA-A1-0007,20100821,0.26
maize,ZA-A1-0008,20100821,0.264
maize,ZA-A1-0009,20100821,0.306
maize,ZA-A1-0001,20100829,0.596
maize,ZA-A1-0002,20100829,0.341
maize,ZA-A1-0003,20100829,0.361
maize,ZA-A1-0004,20100829,0.248
maize,ZA-A1-0005,20100829,0.323
maize,ZA-A1-0006,20100829,0.251
maize,ZA-A1-0007,20100829,0.264
maize,ZA-A1-0008,20100829,0.266
maize,ZA-A1-0009,20100829,0.303
maize,ZA-A1-0001,20100906,0.561
maize,ZA-A1-0002,20100906,0.341
maize,ZA-A1-0003,20100906,0.374
maize,ZA-A1-0004,20100906,0.253
maize,ZA-A1-0005,20100906,0.326
maize,ZA-A1-0006,20100906,0.255
maize,ZA-A1-0007,20100906,0.275
maize,ZA-A1-0008,20100906,0.273
maize,ZA-A1-0009,20100906,0.304
maize,ZA-A1-0001,20100914,0.551
maize,ZA-A1-0002,20100914,0.338
maize,ZA-A1-0003,20100914,0.394
maize,ZA-A1-0004,20100914,0.253
maize,ZA-A1-0005,20100914,0.32
maize,ZA-A1-0006,20100914,0.255
maize,ZA-A1-0007,20100914,0.276
maize,ZA-A1-0008,20100914,0.275
maize,ZA-A1-0009,20100914,0.299
maize,ZA-A1-0001,20100922,0.514
maize,ZA-A1-0002,20100922,0.339
maize,ZA-A1-0003,20100922,0.393
maize,ZA-A1-0004,20100922,0.258
maize,ZA-A1-0005,20100922,0.328
maize,ZA-A1-0006,20100922,0.263
maize,ZA-A1-0007,20100922,0.288
maize,ZA-A1-0008,20100922,0.282
maize,ZA-A1-0009,20100922,0.303
maize,ZA-A1-0001,20100930,0.477
maize,ZA-A1-0002,20100930,0.33
maize,ZA-A1-0003,20100930,0.392
maize,ZA-A1-0004,20100930,0.256
maize,ZA-A1-0005,20100930,0.329
maize,ZA-A1-0006,20100930,0.262
maize,ZA-A1-0007,20100930,0.288
maize,ZA-A1-0008,20100930,0.283
maize,ZA-A1-0009,20100930,0.3
maize,ZA-A1-0001,20101008,0.474
maize,ZA-A1-0002,20101008,0.361
maize,ZA-A1-0003,20101008,0.39
maize,ZA-A1-0004,20101008,0.262
maize,ZA-A1-0005,20101008,0.346
maize,ZA-A1-0006,20101008,0.268
maize,ZA-A1-0007,20101008,0.31
maize,ZA-A1-0008,20101008,0.305
maize,ZA-A1-0009,20101008,0.304
maize,ZA-A1-0001,20101016,0.427
maize,ZA-A1-0002,20101016,0.361
maize,ZA-A1-0003,20101016,0.387
maize,ZA-A1-0004,20101016,0.255
maize,ZA-A1-0005,20101016,0.362
maize,ZA-A1-0006,20101016,0.256
maize,ZA-A1-0007,20101016,0.307
maize,ZA-A1-0008,20101016,0.314
maize,ZA-A1-0009,20101016,0.295
maize,ZA-A1-0001,20101024,0.435
maize,ZA-A1-0002,20101024,0.41
maize,ZA-A1-0003,20101024,0.37
maize,ZA-A1-0004,20101024,0.261
maize,ZA-A1-0005,20101024,0.399
maize,ZA-A1-0006,20101024,0.254
maize,ZA-A1-0007,20101024,0.315
maize,ZA-A1-0008,20101024,0.334
maize,ZA-A1-0009,20101024,0.3
maize,ZA-A1-0001,20101101,0.441
maize,ZA-A1-0002,20101101,0.423
maize,ZA-A1-0003,20101101,0.351
maize,ZA-A1-0004,20101101,0.266
maize,ZA-A1-0005,20101101,0.44
maize,ZA-A1-0006,20101101,0.253
maize,ZA-A1-0007,20101101,0.324
maize,ZA-A1-0008,20101101,0.376
maize,ZA-A1-0009,20101101,0.313
maize,ZA-A1-0001,20101109,0.435
maize,ZA-A1-0002,20101109,0.438
maize,ZA-A1-0003,20101109,0.324
maize,ZA-A1-0004,20101109,0.277
maize,ZA-A1-0005,20101109,0.479
maize,ZA-A1-0006,20101109,0.252
maize,ZA-A1-0007,20101109,0.349
maize,ZA-A1-0008,20101109,0.406
maize,ZA-A1-0009,20101109,0.348
maize,ZA-A1-0001,20101117,0.407
maize,ZA-A1-0002,20101117,0.475
maize,ZA-A1-0003,20101117,0.309
maize,ZA-A1-0004,20101117,0.318
maize,ZA-A1-0005,20101117,0.53
maize,ZA-A1-0006,20101117,0.276
maize,ZA-A1-0007,20101117,0.415
maize,ZA-A1-0008,20101117,0.461
maize,ZA-A1-0009,20101117,0.398
maize,ZA-A1-0001,20101125,0.405
maize,ZA-A1-0002,20101125,0.485
maize,ZA-A1-0003,20101125,0.318
maize,ZA-A1-0004,20101125,0.344
maize,ZA-A1-0005,20101125,0.545
maize,ZA-A1-0006,20101125,0.311
maize,ZA-A1-0007,20101125,0.419
maize,ZA-A1-0008,20101125,0.495
maize,ZA-A1-0009,20101125,0.44
maize,ZA-A1-0001,20101203,0.414
maize,ZA-A1-0002,20101203,0.489
maize,ZA-A1-0003,20101203,0.31
maize,ZA-A1-0004,20101203,0.355
maize,ZA-A1-0005,20101203,0.572
maize,ZA-A1-0006,20101203,0.324
maize,ZA-A1-0007,20101203,0.452
maize,ZA-A1-0008,20101203,0.517
maize,ZA-A1-0009,20101203,0.476
maize,ZA-A1-0001,20101211,0.398
maize,ZA-A1-0002,20101211,0.55
maize,ZA-A1-0003,20101211,0.32
maize,ZA-A1-0004,20101211,0.39
maize,ZA-A1-0005,20101211,0.611
maize,ZA-A1-0006,20101211,0.366
maize,ZA-A1-0007,20101211,0.463
maize,ZA-A1-0008,20101211,0.553
maize,ZA-A1-0009,20101211,0.483
maize,ZA-A1-0001,20101219,0.431
maize,ZA-A1-0002,20101219,0.528
maize,ZA-A1-0003,20101219,0.334
maize,ZA-A1-0004,20101219,0.422
maize,ZA-A1-0005,20101219,0.633
maize,ZA-A1-0006,20101219,0.386
maize,ZA-A1-0007,20101219,0.524
maize,ZA-A1-0008,20101219,0.593
maize,ZA-A1-0009,20101219,0.535
maize,ZA-A1-0001,20101227,0.365
maize,ZA-A1-0002,20101227,0.566
maize,ZA-A1-0003,20101227,0.353
maize,ZA-A1-0004,20101227,0.466
maize,ZA-A1-0005,20101227,0.666
maize,ZA-A1-0006,20101227,0.417
maize,ZA-A1-0007,20101227,0.559
maize,ZA-A1-0008,20101227,0.628
maize,ZA-A1-0009,20101227,0.543
maize,ZA-A1-0001,20110101,0.417
maize,ZA-A1-0002,20110101,0.59
maize,ZA-A1-0003,20110101,0.454
maize,ZA-A1-0004,20110101,0.5
maize,ZA-A1-0005,20110101,0.685
maize,ZA-A1-0006,20110101,0.464
maize,ZA-A1-0007,20110101,0.601
maize,ZA-A1-0008,20110101,0.633
maize,ZA-A1-0009,20110101,0.529
maize,ZA-A1-0001,20110109,0.404
maize,ZA-A1-0002,20110109,0.57
maize,ZA-A1-0003,20110109,0.477
maize,ZA-A1-0004,20110109,0.528
maize,ZA-A1-0005,20110109,0.683
maize,ZA-A1-0006,20110109,0.507
maize,ZA-A1-0007,20110109,0.616
maize,ZA-A1-0008,20110109,0.682
maize,ZA-A1-0009,20110109,0.592
maize,ZA-A1-0001,20110117,0.402
maize,ZA-A1-0002,20110117,0.584
maize,ZA-A1-0003,20110117,0.53
maize,ZA-A1-0004,20110117,0.574
maize,ZA-A1-0005,20110117,0.693
maize,ZA-A1-0006,20110117,0.552
maize,ZA-A1-0007,20110117,0.73
maize,ZA-A1-0008,20110117,0.696
maize,ZA-A1-0009,20110117,0.576
maize,ZA-A1-0001,20110125,0.402
maize,ZA-A1-0002,20110125,0.613
maize,ZA-A1-0003,20110125,0.547
maize,ZA-A1-0004,20110125,0.599
maize,ZA-A1-0005,20110125,0.723
maize,ZA-A1-0006,20110125,0.547
maize,ZA-A1-0007,20110125,0.67
maize,ZA-A1-0008,20110125,0.709
maize,ZA-A1-0009,20110125,0.59
maize,ZA-A1-0001,20110202,0.335
maize,ZA-A1-0002,20110202,0.636
maize,ZA-A1-0003,20110202,0.581
maize,ZA-A1-0004,20110202,0.624
maize,ZA-A1-0005,20110202,0.731
maize,ZA-A1-0006,20110202,0.585
maize,ZA-A1-0007,20110202,0.666
maize,ZA-A1-0008,20110202,0.684
maize,ZA-A1-0009,20110202,0.583
maize,ZA-A1-0001,20110210,0.402
maize,ZA-A1-0002,20110210,0.648
maize,ZA-A1-0003,20110210,0.596
maize,ZA-A1-0004,20110210,0.608
maize,ZA-A1-0005,20110210,0.714
maize,ZA-A1-0006,20110210,0.596
maize,ZA-A1-0007,20110210,0.636
maize,ZA-A1-0008,20110210,0.665
maize,ZA-A1-0009,20110210,0.551
maize,ZA-A1-0001,20110218,0.44
maize,ZA-A1-0002,20110218,0.643
maize,ZA-A1-0003,20110218,0.573
maize,ZA-A1-0004,20110218,0.615
maize,ZA-A1-0005,20110218,0.713
maize,ZA-A1-0006,20110218,0.634
maize,ZA-A1-0007,20110218,0.656
maize,ZA-A1-0008,20110218,0.654
maize,ZA-A1-0009,20110218,0.54
maize,ZA-A1-0001,20110226,0.416
maize,ZA-A1-0002,20110226,0.614
maize,ZA-A1-0003,20110226,0.559
maize,ZA-A1-0004,20110226,0.595
maize,ZA-A1-0005,20110226,0.693
maize,ZA-A1-0006,20110226,0.588
maize,ZA-A1-0007,20110226,0.594
maize,ZA-A1-0008,20110226,0.605
maize,ZA-A1-0009,20110226,0.526
maize,ZA-A1-0001,20110306,0.403
maize,ZA-A1-0002,20110306,0.624
maize,ZA-A1-0003,20110306,0.55
maize,ZA-A1-0004,20110306,0.557
maize,ZA-A1-0005,20110306,0.675
maize,ZA-A1-0006,20110306,0.567
maize,ZA-A1-0007,20110306,0.583
maize,ZA-A1-0008,20110306,0.578
maize,ZA-A1-0009,20110306,0.489
maize,ZA-A1-0001,20110314,0.398
maize,ZA-A1-0002,20110314,0.619
maize,ZA-A1-0003,20110314,0.543
maize,ZA-A1-0004,20110314,0.557
maize,ZA-A1-0005,20110314,0.671
maize,ZA-A1-0006,20110314,0.588
maize,ZA-A1-0007,20110314,0.585
maize,ZA-A1-0008,20110314,0.569
maize,ZA-A1-0009,20110314,0.519
maize,ZA-A1-0001,20110322,0.387
maize,ZA-A1-0002,20110322,0.614
maize,ZA-A1-0003,20110322,0.521
maize,ZA-A1-0004,20110322,0.553
maize,ZA-A1-0005,20110322,0.647
maize,ZA-A1-0006,20110322,0.58
maize,ZA-A1-0007,20110322,0.572
maize,ZA-A1-0008,20110322,0.547
maize,ZA-A1-0009,20110322,0.514
maize,ZA-A1-0001,20110330,0.398
maize,ZA-A1-0002,20110330,0.61
maize,ZA-A1-0003,20110330,0.487
maize,ZA-A1-0004,20110330,0.536
maize,ZA-A1-0005,20110330,0.653
maize,ZA-A1-0006,20110330,0.562
maize,ZA-A1-0007,20110330,0.569
maize,ZA-A1-0008,20110330,0.539
maize,ZA-A1-0009,20110330,0.512
maize,ZA-A1-0001,20110407,0.399
maize,ZA-A1-0002,20110407,0.606
maize,ZA-A1-0003,20110407,0.481
maize,ZA-A1-0004,20110407,0.518
maize,ZA-A1-0005,20110407,0.634
maize,ZA-A1-0006,20110407,0.531
maize,ZA-A1-0007,20110407,0.564
maize,ZA-A1-0008,20110407,0.524
maize,ZA-A1-0009,20110407,0.503
maize,ZA-A1-0001,20110415,0.389
maize,ZA-A1-0002,20110415,0.585
maize,ZA-A1-0003,20110415,0.45
maize,ZA-A1-0004,20110415,0.482
maize,ZA-A1-0005,20110415,0.628
maize,ZA-A1-0006,20110415,0.511
maize,ZA-A1-0007,20110415,0.516
maize,ZA-A1-0008,20110415,0.492
maize,ZA-A1-0009,20110415,0.524
maize,ZA-A1-0001,20110423,0.41
maize,ZA-A1-0002,20110423,0.563
maize,ZA-A1-0003,20110423,0.433
maize,ZA-A1-0004,20110423,0.457
maize,ZA-A1-0005,20110423,0.604
maize,ZA-A1-0006,20110423,0.47
maize,ZA-A1-0007,20110423,0.489
maize,ZA-A1-0008,20110423,0.466
maize,ZA-A1-0009,20110423,0.527
maize,ZA-A1-0001,20110501,0.445
maize,ZA-A1-0002,20110501,0.537
maize,ZA-A1-0003,20110501,0.396
maize,ZA-A1-0004,20110501,0.385
maize,ZA-A1-0005,20110501,0.575
maize,ZA-A1-0006,20110501,0.425
maize,ZA-A1-0007,20110501,0.419
maize,ZA-A1-0008,20110501,0.421
maize,ZA-A1-0009,20110501,0.507
maize,ZA-A1-0001,20110509,0.473
maize,ZA-A1-0002,20110509,0.525
maize,ZA-A1-0003,20110509,0.383
maize,ZA-A1-0004,20110509,0.384
maize,ZA-A1-0005,20110509,0.555
maize,ZA-A1-0006,20110509,0.416
maize,ZA-A1-0007,20110509,0.401
maize,ZA-A1-0008,20110509,0.401
maize,ZA-A1-0009,20110509,0.485
maize,ZA-A1-0001,20110517,0.517
maize,ZA-A1-0002,20110517,0.515
maize,ZA-A1-0003,20110517,0.362
maize,ZA-A1-0004,20110517,0.355
maize,ZA-A1-0005,20110517,0.541
maize,ZA-A1-0006,20110517,0.387
maize,ZA-A1-0007,20110517,0.373
maize,ZA-A1-0008,20110517,0.385
maize,ZA-A1-0009,20110517,0.457
maize,ZA-A1-0001,20110525,0.552
maize,ZA-A1-0002,20110525,0.5
maize,ZA-A1-0003,20110525,0.347
maize,ZA-A1-0004,20110525,0.334
maize,ZA-A1-0005,20110525,0.502
maize,ZA-A1-0006,20110525,0.349
maize,ZA-A1-0007,20110525,0.347
maize,ZA-A1-0008,20110525,0.354
maize,ZA-A1-0009,20110525,0.419
maize,ZA-A1-0001,20110602,0.579
maize,ZA-A1-0002,20110602,0.476
maize,ZA-A1-0003,20110602,0.329
maize,ZA-A1-0004,20110602,0.312
maize,ZA-A1-0005,20110602,0.469
maize,ZA-A1-0006,20110602,0.311
maize,ZA-A1-0007,20110602,0.327
maize,ZA-A1-0008,20110602,0.332
maize,ZA-A1-0009,20110602,0.389
maize,ZA-A1-0001,20110610,0.616
maize,ZA-A1-0002,20110610,0.46
maize,ZA-A1-0003,20110610,0.308
maize,ZA-A1-0004,20110610,0.284
maize,ZA-A1-0005,20110610,0.439
maize,ZA-A1-0006,20110610,0.286
maize,ZA-A1-0007,20110610,0.296
maize,ZA-A1-0008,20110610,0.309
maize,ZA-A1-0009,20110610,0.351
maize,ZA-A1-0001,20110618,0.631
maize,ZA-A1-0002,20110618,0.449
maize,ZA-A1-0003,20110618,0.299
maize,ZA-A1-0004,20110618,0.273
maize,ZA-A1-0005,20110618,0.418
maize,ZA-A1-0006,20110618,0.279
maize,ZA-A1-0007,20110618,0.289
maize,ZA-A1-0008,20110618,0.294
maize,ZA-A1-0009,20110618,0.332
maize,ZA-A1-0001,20110626,0.668
maize,ZA-A1-0002,20110626,0.427
maize,ZA-A1-0003,20110626,0.293
maize,ZA-A1-0004,20110626,0.268
maize,ZA-A1-0005,20110626,0.4
maize,ZA-A1-0006,20110626,0.271
maize,ZA-A1-0007,20110626,0.278
maize,ZA-A1-0008,20110626,0.284
maize,ZA-A1-0009,20110626,0.32
maize,ZA-A1-0001,20110704,0.671
maize,ZA-A1-0002,20110704,0.417
maize,ZA-A1-0003,20110704,0.281
maize,ZA-A1-0004,20110704,0.259
maize,ZA-A1-0005,20110704,0.384
maize,ZA-A1-0006,20110704,0.262
maize,ZA-A1-0007,20110704,0.268
maize,ZA-A1-0008,20110704,0.276
maize,ZA-A1-0009,20110704,0.315
maize,ZA-A1-0001,20110712,0.683
maize,ZA-A1-0002,20110712,0.399
maize,ZA-A1-0003,20110712,0.28
maize,ZA-A1-0004,20110712,0.257
maize,ZA-A1-0005,20110712,0.373
maize,ZA-A1-0006,20110712,0.26
maize,ZA-A1-0007,20110712,0.264
maize,ZA-A1-0008,20110712,0.268
maize,ZA-A1-0009,20110712,0.304
maize,ZA-A1-0001,20110720,0.693
maize,ZA-A1-0002,20110720,0.397
maize,ZA-A1-0003,20110720,0.281
maize,ZA-A1-0004,20110720,0.261
maize,ZA-A1-0005,20110720,0.36
maize,ZA-A1-0006,20110720,0.258
maize,ZA-A1-0007,20110720,0.26
maize,ZA-A1-0008,20110720,0.262
maize,ZA-A1-0009,20110720,0.302
maize,ZA-A1-0001,20110728,0.69
maize,ZA-A1-0002,20110728,0.38
maize,ZA-A1-0003,20110728,0.293
maize,ZA-A1-0004,20110728,0.248
maize,ZA-A1-0005,20110728,0.357
maize,ZA-A1-0006,20110728,0.252
maize,ZA-A1-0007,20110728,0.253
maize,ZA-A1-0008,20110728,0.257
maize,ZA-A1-0009,20110728,0.295
maize,ZA-A1-0001,20110805,0.694
maize,ZA-A1-0002,20110805,0.377
maize,ZA-A1-0003,20110805,0.309
maize,ZA-A1-0004,20110805,0.247
maize,ZA-A1-0005,20110805,0.351
maize,ZA-A1-0006,20110805,0.251
maize,ZA-A1-0007,20110805,0.247
maize,ZA-A1-0008,20110805,0.251
maize,ZA-A1-0009,20110805,0.29
maize,ZA-A1-0001,20110813,0.673
maize,ZA-A1-0002,20110813,0.38
maize,ZA-A1-0003,20110813,0.328
maize,ZA-A1-0004,20110813,0.248
maize,ZA-A1-0005,20110813,0.352
maize,ZA-A1-0006,20110813,0.251
maize,ZA-A1-0007,20110813,0.255
maize,ZA-A1-0008,20110813,0.254
maize,ZA-A1-0009,20110813,0.295
maize,ZA-A1-0001,20110821,0.693
maize,ZA-A1-0002,20110821,0.374
maize,ZA-A1-0003,20110821,0.368
maize,ZA-A1-0004,20110821,0.25
maize,ZA-A1-0005,20110821,0.347
maize,ZA-A1-0006,20110821,0.253
maize,ZA-A1-0007,20110821,0.253
maize,ZA-A1-0008,20110821,0.253
maize,ZA-A1-0009,20110821,0.293
maize,ZA-A1-0001,20110829,0.686
maize,ZA-A1-0002,20110829,0.385
maize,ZA-A1-0003,20110829,0.395
maize,ZA-A1-0004,20110829,0.259
maize,ZA-A1-0005,20110829,0.361
maize,ZA-A1-0006,20110829,0.259
maize,ZA-A1-0007,20110829,0.263
maize,ZA-A1-0008,20110829,0.257
maize,ZA-A1-0009,20110829,0.287
maize,ZA-A1-0001,20110906,0.663
maize,ZA-A1-0002,20110906,0.397
maize,ZA-A1-0003,20110906,0.411
maize,ZA-A1-0004,20110906,0.261
maize,ZA-A1-0005,20110906,0.38
maize,ZA-A1-0006,20110906,0.263
maize,ZA-A1-0007,20110906,0.265
maize,ZA-A1-0008,20110906,0.259
maize,ZA-A1-0009,20110906,0.285
maize,ZA-A1-0001,20110914,0.643
maize,ZA-A1-0002,20110914,0.417
maize,ZA-A1-0003,20110914,0.411
maize,ZA-A1-0004,20110914,0.274
maize,ZA-A1-0005,20110914,0.413
maize,ZA-A1-0006,20110914,0.264
maize,ZA-A1-0007,20110914,0.283
maize,ZA-A1-0008,20110914,0.279
maize,ZA-A1-0009,20110914,0.29
maize,ZA-A1-0001,20110922,0.607
maize,ZA-A1-0002,20110922,0.422
maize,ZA-A1-0003,20110922,0.422
maize,ZA-A1-0004,20110922,0.282
maize,ZA-A1-0005,20110922,0.427
maize,ZA-A1-0006,20110922,0.277
maize,ZA-A1-0007,20110922,0.287
maize,ZA-A1-0008,20110922,0.281
maize,ZA-A1-0009,20110922,0.286
maize,ZA-A1-0001,20110930,0.573
maize,ZA-A1-0002,20110930,0.438
maize,ZA-A1-0003,20110930,0.434
maize,ZA-A1-0004,20110930,0.291
maize,ZA-A1-0005,20110930,0.451
maize,ZA-A1-0006,20110930,0.277
maize,ZA-A1-0007,20110930,0.31
maize,ZA-A1-0008,20110930,0.304
maize,ZA-A1-0009,20110930,0.3
maize,ZA-A1-0001,20111008,0.528
maize,ZA-A1-0002,20111008,0.446
maize,ZA-A1-0003,20111008,0.43
maize,ZA-A1-0004,20111008,0.286
maize,ZA-A1-0005,20111008,0.446
maize,ZA-A1-0006,20111008,0.273
maize,ZA-A1-0007,20111008,0.316
maize,ZA-A1-0008,20111008,0.303
maize,ZA-A1-0009,20111008,0.29
maize,ZA-A1-0001,20111016,0.497
maize,ZA-A1-0002,20111016,0.477
maize,ZA-A1-0003,20111016,0.421
maize,ZA-A1-0004,20111016,0.297
maize,ZA-A1-0005,20111016,0.495
maize,ZA-A1-0006,20111016,0.273
maize,ZA-A1-0007,20111016,0.338
maize,ZA-A1-0008,20111016,0.342
maize,ZA-A1-0009,20111016,0.308
maize,ZA-A1-0001,20111024,0.455
maize,ZA-A1-0002,20111024,0.454
maize,ZA-A1-0003,20111024,0.412
maize,ZA-A1-0004,20111024,0.289
maize,ZA-A1-0005,20111024,0.458
maize,ZA-A1-0006,20111024,0.274
maize,ZA-A1-0007,20111024,0.327
maize,ZA-A1-0008,20111024,0.32
maize,ZA-A1-0009,20111024,0.302
maize,ZA-A1-0001,20111101,0.419
maize,ZA-A1-0002,20111101,0.442
maize,ZA-A1-0003,20111101,0.392
maize,ZA-A1-0004,20111101,0.297
maize,ZA-A1-0005,20111101,0.48
maize,ZA-A1-0006,20111101,0.273
maize,ZA-A1-0007,20111101,0.373
maize,ZA-A1-0008,20111101,0.377
maize,ZA-A1-0009,20111101,0.374
maize,ZA-A1-0001,20111109,0.423
maize,ZA-A1-0002,20111109,0.421
maize,ZA-A1-0003,20111109,0.36
maize,ZA-A1-0004,20111109,0.286
maize,ZA-A1-0005,20111109,0.456
maize,ZA-A1-0006,20111109,0.269
maize,ZA-A1-0007,20111109,0.341
maize,ZA-A1-0008,20111109,0.367
maize,ZA-A1-0009,20111109,0.355
maize,ZA-A1-0001,20111117,0.387
maize,ZA-A1-0002,20111117,0.433
maize,ZA-A1-0003,20111117,0.352
maize,ZA-A1-0004,20111117,0.286
maize,ZA-A1-0005,20111117,0.468
maize,ZA-A1-0006,20111117,0.284
maize,ZA-A1-0007,20111117,0.382
maize,ZA-A1-0008,20111117,0.391
maize,ZA-A1-0009,20111117,0.363
maize,ZA-A1-0001,20111125,0.391
maize,ZA-A1-0002,20111125,0.47
maize,ZA-A1-0003,20111125,0.327
maize,ZA-A1-0004,20111125,0.306
maize,ZA-A1-0005,20111125,0.512
maize,ZA-A1-0006,20111125,0.289
maize,ZA-A1-0007,20111125,0.389
maize,ZA-A1-0008,20111125,0.417
maize,ZA-A1-0009,20111125,0.399
maize,ZA-A1-0001,20111203,0.401
maize,ZA-A1-0002,20111203,0.466
maize,ZA-A1-0003,20111203,0.327
maize,ZA-A1-0004,20111203,0.327
maize,ZA-A1-0005,20111203,0.533
maize,ZA-A1-0006,20111203,0.327
maize,ZA-A1-0007,20111203,0.443
maize,ZA-A1-0008,20111203,0.471
maize,ZA-A1-0009,20111203,0.419
maize,ZA-A1-0001,20111211,0.399
maize,ZA-A1-0002,20111211,0.502
maize,ZA-A1-0003,20111211,0.317
maize,ZA-A1-0004,20111211,0.343
maize,ZA-A1-0005,20111211,0.55
maize,ZA-A1-0006,20111211,0.318
maize,ZA-A1-0007,20111211,0.457
maize,ZA-A1-0008,20111211,0.5
maize,ZA-A1-0009,20111211,0.448
maize,ZA-A1-0001,20111219,0.409
maize,ZA-A1-0002,20111219,0.551
maize,ZA-A1-0003,20111219,0.338
maize,ZA-A1-0004,20111219,0.365
maize,ZA-A1-0005,20111219,0.582
maize,ZA-A1-0006,20111219,0.343
maize,ZA-A1-0007,20111219,0.478
maize,ZA-A1-0008,20111219,0.48
maize,ZA-A1-0009,20111219,0.449
maize,ZA-A1-0001,20111227,0.387
maize,ZA-A1-0002,20111227,0.576
maize,ZA-A1-0003,20111227,0.359
maize,ZA-A1-0004,20111227,0.416
maize,ZA-A1-0005,20111227,0.632
maize,ZA-A1-0006,20111227,0.368
maize,ZA-A1-0007,20111227,0.544
maize,ZA-A1-0008,20111227,0.61
maize,ZA-A1-0009,20111227,0.506
maize,ZA-A1-0001,20120101,0.385
maize,ZA-A1-0002,20120101,0.584
maize,ZA-A1-0003,20120101,0.365
maize,ZA-A1-0004,20120101,0.418
maize,ZA-A1-0005,20120101,0.633
maize,ZA-A1-0006,20120101,0.376
maize,ZA-A1-0007,20120101,0.545
maize,ZA-A1-0008,20120101,0.607
maize,ZA-A1-0009,20120101,0.502
maize,ZA-A1-0001,20120109,0.377
maize,ZA-A1-0002,20120109,0.569
maize,ZA-A1-0003,20120109,0.373
maize,ZA-A1-0004,20120109,0.465
maize,ZA-A1-0005,20120109,0.655
maize,ZA-A1-0006,20120109,0.397
maize,ZA-A1-0007,20120109,0.604
maize,ZA-A1-0008,20120109,0.697
maize,ZA-A1-0009,20120109,0.54
maize,ZA-A1-0001,20120117,0.384
maize,ZA-A1-0002,20120117,0.586
maize,ZA-A1-0003,20120117,0.409
maize,ZA-A1-0004,20120117,0.48
maize,ZA-A1-0005,20120117,0.67
maize,ZA-A1-0006,20120117,0.431
maize,ZA-A1-0007,20120117,0.596
maize,ZA-A1-0008,20120117,0.66
maize,ZA-A1-0009,20120117,0.514
maize,ZA-A1-0001,20120125,0.388
maize,ZA-A1-0002,20120125,0.589
maize,ZA-A1-0003,20120125,0.443
maize,ZA-A1-0004,20120125,0.525
maize,ZA-A1-0005,20120125,0.669
maize,ZA-A1-0006,20120125,0.493
maize,ZA-A1-0007,20120125,0.618
maize,ZA-A1-0008,20120125,0.666
maize,ZA-A1-0009,20120125,0.541
maize,ZA-A1-0001,20120202,0.408
maize,ZA-A1-0002,20120202,0.659
maize,ZA-A1-0003,20120202,0.498
maize,ZA-A1-0004,20120202,0.557
maize,ZA-A1-0005,20120202,0.685
maize,ZA-A1-0006,20120202,0.502
maize,ZA-A1-0007,20120202,0.577
maize,ZA-A1-0008,20120202,0.664
maize,ZA-A1-0009,20120202,0.53
maize,ZA-A1-0001,20120210,0.402
maize,ZA-A1-0002,20120210,0.629
maize,ZA-A1-0003,20120210,0.51
maize,ZA-A1-0004,20120210,0.579
maize,ZA-A1-0005,20120210,0.682
maize,ZA-A1-0006,20120210,0.534
maize,ZA-A1-0007,20120210,0.62
maize,ZA-A1-0008,20120210,0.65
maize,ZA-A1-0009,20120210,0.549
maize,ZA-A1-0001,20120218,0.386
maize,ZA-A1-0002,20120218,0.627
maize,ZA-A1-0003,20120218,0.514
maize,ZA-A1-0004,20120218,0.608
maize,ZA-A1-0005,20120218,0.701
maize,ZA-A1-0006,20120218,0.563
maize,ZA-A1-0007,20120218,0.627
maize,ZA-A1-0008,20120218,0.655
maize,ZA-A1-0009,20120218,0.52
maize,ZA-A1-0001,20120226,0.379
maize,ZA-A1-0002,20120226,0.622
maize,ZA-A1-0003,20120226,0.515
maize,ZA-A1-0004,20120226,0.568
maize,ZA-A1-0005,20120226,0.679
maize,ZA-A1-0006,20120226,0.554
maize,ZA-A1-0007,20120226,0.593
maize,ZA-A1-0008,20120226,0.592
maize,ZA-A1-0009,20120226,0.493
maize,ZA-A1-0001,20120305,0.379
maize,ZA-A1-0002,20120305,0.604
maize,ZA-A1-0003,20120305,0.502
maize,ZA-A1-0004,20120305,0.536
maize,ZA-A1-0005,20120305,0.65
maize,ZA-A1-0006,20120305,0.514
maize,ZA-A1-0007,20120305,0.568
maize,ZA-A1-0008,20120305,0.55
maize,ZA-A1-0009,20120305,0.465
maize,ZA-A1-0001,20120313,0.383
maize,ZA-A1-0002,20120313,0.597
maize,ZA-A1-0003,20120313,0.486
maize,ZA-A1-0004,20120313,0.51
maize,ZA-A1-0005,20120313,0.651
maize,ZA-A1-0006,20120313,0.477
maize,ZA-A1-0007,20120313,0.531
maize,ZA-A1-0008,20120313,0.541
maize,ZA-A1-0009,20120313,0.451
maize,ZA-A1-0001,20120321,0.414
maize,ZA-A1-0002,20120321,0.615
maize,ZA-A1-0003,20120321,0.48
maize,ZA-A1-0004,20120321,0.469
maize,ZA-A1-0005,20120321,0.627
maize,ZA-A1-0006,20120321,0.481
maize,ZA-A1-0007,20120321,0.493
maize,ZA-A1-0008,20120321,0.492
maize,ZA-A1-0009,20120321,0.453
maize,ZA-A1-0001,20120329,0.433
maize,ZA-A1-0002,20120329,0.604
maize,ZA-A1-0003,20120329,0.507
maize,ZA-A1-0004,20120329,0.467
maize,ZA-A1-0005,20120329,0.609
maize,ZA-A1-0006,20120329,0.495
maize,ZA-A1-0007,20120329,0.482
maize,ZA-A1-0008,20120329,0.471
maize,ZA-A1-0009,20120329,0.474
maize,ZA-A1-0001,20120406,0.461
maize,ZA-A1-0002,20120406,0.588
maize,ZA-A1-0003,20120406,0.462
maize,ZA-A1-0004,20120406,0.425
maize,ZA-A1-0005,20120406,0.581
maize,ZA-A1-0006,20120406,0.453
maize,ZA-A1-0007,20120406,0.448
maize,ZA-A1-0008,20120406,0.435
maize,ZA-A1-0009,20120406,0.448
maize,ZA-A1-0001,20120414,0.486
maize,ZA-A1-0002,20120414,0.574
maize,ZA-A1-0003,20120414,0.456
maize,ZA-A1-0004,20120414,0.365
maize,ZA-A1-0005,20120414,0.544
maize,ZA-A1-0006,20120414,0.404
maize,ZA-A1-0007,20120414,0.399
maize,ZA-A1-0008,20120414,0.38
maize,ZA-A1-0009,20120414,0.428
maize,ZA-A1-0001,20120422,0.511
maize,ZA-A1-0002,20120422,0.563
maize,ZA-A1-0003,20120422,0.449
maize,ZA-A1-0004,20120422,0.36
maize,ZA-A1-0005,20120422,0.534
maize,ZA-A1-0006,20120422,0.394
maize,ZA-A1-0007,20120422,0.401
maize,ZA-A1-0008,20120422,0.38
maize,ZA-A1-0009,20120422,0.419
maize,ZA-A1-0001,20120430,0.53
maize,ZA-A1-0002,20120430,0.536
maize,ZA-A1-0003,20120430,0.416
maize,ZA-A1-0004,20120430,0.316
maize,ZA-A1-0005,20120430,0.506
maize,ZA-A1-0006,20120430,0.345
maize,ZA-A1-0007,20120430,0.366
maize,ZA-A1-0008,20120430,0.357
maize,ZA-A1-0009,20120430,0.386
maize,ZA-A1-0001,20120508,0.552
maize,ZA-A1-0002,20120508,0.524
maize,ZA-A1-0003,20120508,0.398
maize,ZA-A1-0004,20120508,0.304
maize,ZA-A1-0005,20120508,0.493
maize,ZA-A1-0006,20120508,0.326
maize,ZA-A1-0007,20120508,0.346
maize,ZA-A1-0008,20120508,0.349
maize,ZA-A1-0009,20120508,0.366
maize,ZA-A1-0001,20120516,0.553
maize,ZA-A1-0002,20120516,0.524
maize,ZA-A1-0003,20120516,0.383
maize,ZA-A1-0004,20120516,0.291
maize,ZA-A1-0005,20120516,0.475
maize,ZA-A1-0006,20120516,0.308
maize,ZA-A1-0007,20120516,0.329
maize,ZA-A1-0008,20120516,0.324
maize,ZA-A1-0009,20120516,0.349
maize,ZA-A1-0001,20120524,0.565
maize,ZA-A1-0002,20120524,0.459
maize,ZA-A1-0003,20120524,0.334
maize,ZA-A1-0004,20120524,0.272
maize,ZA-A1-0005,20120524,0.427
maize,ZA-A1-0006,20120524,0.286
maize,ZA-A1-0007,20120524,0.292
maize,ZA-A1-0008,20120524,0.301
maize,ZA-A1-0009,20120524,0.334
maize,ZA-A1-0001,20120601,0.581
maize,ZA-A1-0002,20120601,0.449
maize,ZA-A1-0003,20120601,0.321
maize,ZA-A1-0004,20120601,0.261
maize,ZA-A1-0005,20120601,0.414
maize,ZA-A1-0006,20120601,0.272
maize,ZA-A1-0007,20120601,0.284
maize,ZA-A1-0008,20120601,0.287
maize,ZA-A1-0009,20120601,0.322
maize,ZA-A1-0001,20120609,0.609
maize,ZA-A1-0002,20120609,0.438
maize,ZA-A1-0003,20120609,0.303
maize,ZA-A1-0004,20120609,0.263
maize,ZA-A1-0005,20120609,0.392
maize,ZA-A1-0006,20120609,0.264
maize,ZA-A1-0007,20120609,0.274
maize,ZA-A1-0008,20120609,0.28
maize,ZA-A1-0009,20120609,0.307
maize,ZA-A1-0001,20120617,0.652
maize,ZA-A1-0002,20120617,0.43
maize,ZA-A1-0003,20120617,0.316
maize,ZA-A1-0004,20120617,0.249
maize,ZA-A1-0005,20120617,0.374
maize,ZA-A1-0006,20120617,0.256
maize,ZA-A1-0007,20120617,0.264
maize,ZA-A1-0008,20120617,0.268
maize,ZA-A1-0009,20120617,0.298
maize,ZA-A1-0001,20120625,0.665
maize,ZA-A1-0002,20120625,0.41
maize,ZA-A1-0003,20120625,0.293
maize,ZA-A1-0004,20120625,0.238
maize,ZA-A1-0005,20120625,0.366
maize,ZA-A1-0006,20120625,0.248
maize,ZA-A1-0007,20120625,0.262
maize,ZA-A1-0008,20120625,0.265
maize,ZA-A1-0009,20120625,0.294
maize,ZA-A1-0001,20120703,0.675
maize,ZA-A1-0002,20120703,0.391
maize,ZA-A1-0003,20120703,0.293
maize,ZA-A1-0004,20120703,0.227
maize,ZA-A1-0005,20120703,0.354
maize,ZA-A1-0006,20120703,0.235
maize,ZA-A1-0007,20120703,0.252
maize,ZA-A1-0008,20120703,0.261
maize,ZA-A1-0009,20120703,0.287
maize,ZA-A1-0001,20120711,0.69
maize,ZA-A1-0002,20120711,0.402
maize,ZA-A1-0003,20120711,0.294
maize,ZA-A1-0004,20120711,0.229
maize,ZA-A1-0005,20120711,0.355
maize,ZA-A1-0006,20120711,0.236
maize,ZA-A1-0007,20120711,0.247
maize,ZA-A1-0008,20120711,0.255
maize,ZA-A1-0009,20120711,0.286
maize,ZA-A1-0001,20120719,0.673
maize,ZA-A1-0002,20120719,0.385
maize,ZA-A1-0003,20120719,0.29
maize,ZA-A1-0004,20120719,0.222
maize,ZA-A1-0005,20120719,0.34
maize,ZA-A1-0006,20120719,0.228
maize,ZA-A1-0007,20120719,0.24
maize,ZA-A1-0008,20120719,0.246
maize,ZA-A1-0009,20120719,0.277
maize,ZA-A1-0001,20120727,0.675
maize,ZA-A1-0002,20120727,0.379
maize,ZA-A1-0003,20120727,0.294
maize,ZA-A1-0004,20120727,0.221
maize,ZA-A1-0005,20120727,0.335
maize,ZA-A1-0006,20120727,0.224
maize,ZA-A1-0007,20120727,0.235
maize,ZA-A1-0008,20120727,0.247
maize,ZA-A1-0009,20120727,0.276
maize,ZA-A1-0001,20120804,0.673
maize,ZA-A1-0002,20120804,0.376
maize,ZA-A1-0003,20120804,0.311
maize,ZA-A1-0004,20120804,0.22
maize,ZA-A1-0005,20120804,0.334
maize,ZA-A1-0006,20120804,0.226
maize,ZA-A1-0007,20120804,0.232
maize,ZA-A1-0008,20120804,0.241
maize,ZA-A1-0009,20120804,0.271
maize,ZA-A1-0001,20120812,0.668
maize,ZA-A1-0002,20120812,0.36
maize,ZA-A1-0003,20120812,0.323
maize,ZA-A1-0004,20120812,0.217
maize,ZA-A1-0005,20120812,0.32
maize,ZA-A1-0006,20120812,0.225
maize,ZA-A1-0007,20120812,0.231
maize,ZA-A1-0008,20120812,0.239
maize,ZA-A1-0009,20120812,0.266
maize,ZA-A1-0001,20120820,0.658
maize,ZA-A1-0002,20120820,0.368
maize,ZA-A1-0003,20120820,0.336
maize,ZA-A1-0004,20120820,0.222
maize,ZA-A1-0005,20120820,0.327
maize,ZA-A1-0006,20120820,0.225
maize,ZA-A1-0007,20120820,0.23
maize,ZA-A1-0008,20120820,0.241
maize,ZA-A1-0009,20120820,0.268
maize,ZA-A1-0001,20120828,0.648
maize,ZA-A1-0002,20120828,0.375
maize,ZA-A1-0003,20120828,0.366
maize,ZA-A1-0004,20120828,0.222
maize,ZA-A1-0005,20120828,0.333
maize,ZA-A1-0006,20120828,0.223
maize,ZA-A1-0007,20120828,0.228
maize,ZA-A1-0008,20120828,0.236
maize,ZA-A1-0009,20120828,0.267
maize,ZA-A1-0001,20120905,0.632
maize,ZA-A1-0002,20120905,0.389
maize,ZA-A1-0003,20120905,0.377
maize,ZA-A1-0004,20120905,0.226
maize,ZA-A1-0005,20120905,0.354
maize,ZA-A1-0006,20120905,0.221
maize,ZA-A1-0007,20120905,0.234
maize,ZA-A1-0008,20120905,0.244
maize,ZA-A1-0009,20120905,0.27
maize,ZA-A1-0001,20120913,0.602
maize,ZA-A1-0002,20120913,0.399
maize,ZA-A1-0003,20120913,0.39
maize,ZA-A1-0004,20120913,0.23
maize,ZA-A1-0005,20120913,0.376
maize,ZA-A1-0006,20120913,0.228
maize,ZA-A1-0007,20120913,0.25
maize,ZA-A1-0008,20120913,0.25
maize,ZA-A1-0009,20120913,0.279
maize,ZA-A1-0001,20120921,0.607
maize,ZA-A1-0002,20120921,0.414
maize,ZA-A1-0003,20120921,0.408
maize,ZA-A1-0004,20120921,0.246
maize,ZA-A1-0005,20120921,0.405
maize,ZA-A1-0006,20120921,0.23
maize,ZA-A1-0007,20120921,0.27
maize,ZA-A1-0008,20120921,0.273
maize,ZA-A1-0009,20120921,0.295
maize,ZA-A1-0001,20120929,0.592
maize,ZA-A1-0002,20120929,0.423
maize,ZA-A1-0003,20120929,0.398
maize,ZA-A1-0004,20120929,0.249
maize,ZA-A1-0005,20120929,0.43
maize,ZA-A1-0006,20120929,0.23
maize,ZA-A1-0007,20120929,0.285
maize,ZA-A1-0008,20120929,0.287
maize,ZA-A1-0009,20120929,0.306
maize,ZA-A1-0001,20121007,0.56
maize,ZA-A1-0002,20121007,0.462
maize,ZA-A1-0003,20121007,0.406
maize,ZA-A1-0004,20121007,0.259
maize,ZA-A1-0005,20121007,0.478
maize,ZA-A1-0006,20121007,0.226
maize,ZA-A1-0007,20121007,0.299
maize,ZA-A1-0008,20121007,0.316
maize,ZA-A1-0009,20121007,0.314
maize,ZA-A1-0001,20121015,0.455
maize,ZA-A1-0002,20121015,0.496
maize,ZA-A1-0003,20121015,0.4
maize,ZA-A1-0004,20121015,0.281
maize,ZA-A1-0005,20121015,0.506
maize,ZA-A1-0006,20121015,0.241
maize,ZA-A1-0007,20121015,0.359
maize,ZA-A1-0008,20121015,0.365
maize,ZA-A1-0009,20121015,0.361
maize,ZA-A1-0001,20121023,0.512
maize,ZA-A1-0002,20121023,0.518
maize,ZA-A1-0003,20121023,0.402
maize,ZA-A1-0004,20121023,0.303
maize,ZA-A1-0005,20121023,0.533
maize,ZA-A1-0006,20121023,0.245
maize,ZA-A1-0007,20121023,0.411
maize,ZA-A1-0008,20121023,0.407
maize,ZA-A1-0009,20121023,0.413
maize,ZA-A1-0001,20121031,0.497
maize,ZA-A1-0002,20121031,0.477
maize,ZA-A1-0003,20121031,0.389
maize,ZA-A1-0004,20121031,0.305
maize,ZA-A1-0005,20121031,0.538
maize,ZA-A1-0006,20121031,0.246
maize,ZA-A1-0007,20121031,0.399
maize,ZA-A1-0008,20121031,0.402
maize,ZA-A1-0009,20121031,0.402
maize,ZA-A1-0001,20121108,0.47
maize,ZA-A1-0002,20121108,0.48
maize,ZA-A1-0003,20121108,0.36
maize,ZA-A1-0004,20121108,0.311
maize,ZA-A1-0005,20121108,0.545
maize,ZA-A1-0006,20121108,0.25
maize,ZA-A1-0007,20121108,0.398
maize,ZA-A1-0008,20121108,0.412
maize,ZA-A1-0009,20121108,0.432
maize,ZA-A1-0001,20121116,0.446
maize,ZA-A1-0002,20121116,0.486
maize,ZA-A1-0003,20121116,0.338
maize,ZA-A1-0004,20121116,0.318
maize,ZA-A1-0005,20121116,0.571
maize,ZA-A1-0006,20121116,0.254
maize,ZA-A1-0007,20121116,0.412
maize,ZA-A1-0008,20121116,0.438
maize,ZA-A1-0009,20121116,0.415
maize,ZA-A1-0001,20121124,0.442
maize,ZA-A1-0002,20121124,0.53
maize,ZA-A1-0003,20121124,0.314
maize,ZA-A1-0004,20121124,0.326
maize,ZA-A1-0005,20121124,0.557
maize,ZA-A1-0006,20121124,0.259
maize,ZA-A1-0007,20121124,0.44
maize,ZA-A1-0008,20121124,0.463
maize,ZA-A1-0009,20121124,0.446
maize,ZA-A1-0001,20121202,0.429
maize,ZA-A1-0002,20121202,0.528
maize,ZA-A1-0003,20121202,0.321
maize,ZA-A1-0004,20121202,0.365
maize,ZA-A1-0005,20121202,0.595
maize,ZA-A1-0006,20121202,0.298
maize,ZA-A1-0007,20121202,0.503
maize,ZA-A1-0008,20121202,0.555
maize,ZA-A1-0009,20121202,0.477
maize,ZA-A1-0001,20121210,0.434
maize,ZA-A1-0002,20121210,0.559
maize,ZA-A1-0003,20121210,0.361
maize,ZA-A1-0004,20121210,0.422
maize,ZA-A1-0005,20121210,0.634
maize,ZA-A1-0006,20121210,0.349
maize,ZA-A1-0007,20121210,0.578
maize,ZA-A1-0008,20121210,0.58
maize,ZA-A1-0009,20121210,0.481
maize,ZA-A1-0001,20121218,0.411
maize,ZA-A1-0002,20121218,0.535
maize,ZA-A1-0003,20121218,0.352
maize,ZA-A1-0004,20121218,0.415
maize,ZA-A1-0005,20121218,0.624
maize,ZA-A1-0006,20121218,0.338
maize,ZA-A1-0007,20121218,0.567
maize,ZA-A1-0008,20121218,0.616
maize,ZA-A1-0009,20121218,0.463
maize,ZA-A1-0001,20121226,0.4
maize,ZA-A1-0002,20121226,0.56
maize,ZA-A1-0003,20121226,0.381
maize,ZA-A1-0004,20121226,0.45
maize,ZA-A1-0005,20121226,0.669
maize,ZA-A1-0006,20121226,0.368
maize,ZA-A1-0007,20121226,0.603
maize,ZA-A1-0008,20121226,0.665
maize,ZA-A1-0009,20121226,0.508
maize,ZA-A1-0001,20130101,0.397
maize,ZA-A1-0002,20130101,0.572
maize,ZA-A1-0003,20130101,0.396
maize,ZA-A1-0004,20130101,0.492
maize,ZA-A1-0005,20130101,0.719
maize,ZA-A1-0006,20130101,0.399
maize,ZA-A1-0007,20130101,0.618
maize,ZA-A1-0008,20130101,0.706
maize,ZA-A1-0009,20130101,0.529
maize,ZA-A1-0001,20130109,0.391
maize,ZA-A1-0002,20130109,0.558
maize,ZA-A1-0003,20130109,0.396
maize,ZA-A1-0004,20130109,0.497
maize,ZA-A1-0005,20130109,0.688
maize,ZA-A1-0006,20130109,0.395
maize,ZA-A1-0007,20130109,0.588
maize,ZA-A1-0008,20130109,0.656
maize,ZA-A1-0009,20130109,0.491
maize,ZA-A1-0001,20130117,0.405
maize,ZA-A1-0002,20130117,0.57
maize,ZA-A1-0003,20130117,0.466
maize,ZA-A1-0004,20130117,0.546
maize,ZA-A1-0005,20130117,0.693
maize,ZA-A1-0006,20130117,0.448
maize,ZA-A1-0007,20130117,0.614
maize,ZA-A1-0008,20130117,0.671
maize,ZA-A1-0009,20130117,0.547
maize,ZA-A1-0001,20130125,0.392
maize,ZA-A1-0002,20130125,0.56
maize,ZA-A1-0003,20130125,0.478
maize,ZA-A1-0004,20130125,0.547
maize,ZA-A1-0005,20130125,0.695
maize,ZA-A1-0006,20130125,0.439
maize,ZA-A1-0007,20130125,0.627
maize,ZA-A1-0008,20130125,0.68
maize,ZA-A1-0009,20130125,0.545
maize,ZA-A1-0001,20130202,0.409
maize,ZA-A1-0002,20130202,0.582
maize,ZA-A1-0003,20130202,0.483
maize,ZA-A1-0004,20130202,0.564
maize,ZA-A1-0005,20130202,0.705
maize,ZA-A1-0006,20130202,0.49
maize,ZA-A1-0007,20130202,0.63
maize,ZA-A1-0008,20130202,0.664
maize,ZA-A1-0009,20130202,0.557
maize,ZA-A1-0001,20130210,0.426
maize,ZA-A1-0002,20130210,0.595
maize,ZA-A1-0003,20130210,0.497
maize,ZA-A1-0004,20130210,0.571
maize,ZA-A1-0005,20130210,0.726
maize,ZA-A1-0006,20130210,0.514
maize,ZA-A1-0007,20130210,0.613
maize,ZA-A1-0008,20130210,0.659
maize,ZA-A1-0009,20130210,0.531
maize,ZA-A1-0001,20130218,0.419
maize,ZA-A1-0002,20130218,0.578
maize,ZA-A1-0003,20130218,0.492
maize,ZA-A1-0004,20130218,0.529
maize,ZA-A1-0005,20130218,0.705
maize,ZA-A1-0006,20130218,0.483
maize,ZA-A1-0007,20130218,0.561
maize,ZA-A1-0008,20130218,0.633
maize,ZA-A1-0009,20130218,0.527
maize,ZA-A1-0001,20130226,0.406
maize,ZA-A1-0002,20130226,0.568
maize,ZA-A1-0003,20130226,0.474
maize,ZA-A1-0004,20130226,0.517
maize,ZA-A1-0005,20130226,0.678
maize,ZA-A1-0006,20130226,0.475
maize,ZA-A1-0007,20130226,0.533
maize,ZA-A1-0008,20130226,0.59
maize,ZA-A1-0009,20130226,0.516
maize,ZA-A1-0001,20130306,0.413
maize,ZA-A1-0002,20130306,0.565
maize,ZA-A1-0003,20130306,0.466
maize,ZA-A1-0004,20130306,0.503
maize,ZA-A1-0005,20130306,0.704
maize,ZA-A1-0006,20130306,0.466
maize,ZA-A1-0007,20130306,0.543
maize,ZA-A1-0008,20130306,0.613
maize,ZA-A1-0009,20130306,0.531
maize,ZA-A1-0001,20130314,0.409
maize,ZA-A1-0002,20130314,0.558
maize,ZA-A1-0003,20130314,0.452
maize,ZA-A1-0004,20130314,0.46
maize,ZA-A1-0005,20130314,0.652
maize,ZA-A1-0006,20130314,0.438
maize,ZA-A1-0007,20130314,0.466
maize,ZA-A1-0008,20130314,0.528
maize,ZA-A1-0009,20130314,0.481
maize,ZA-A1-0001,20130322,0.404
maize,ZA-A1-0002,20130322,0.562
maize,ZA-A1-0003,20130322,0.431
maize,ZA-A1-0004,20130322,0.442
maize,ZA-A1-0005,20130322,0.641
maize,ZA-A1-0006,20130322,0.415
maize,ZA-A1-0007,20130322,0.449
maize,ZA-A1-0008,20130322,0.498
maize,ZA-A1-0009,20130322,0.46
maize,ZA-A1-0001,20130330,0.439
maize,ZA-A1-0002,20130330,0.569
maize,ZA-A1-0003,20130330,0.458
maize,ZA-A1-0004,20130330,0.435
maize,ZA-A1-0005,20130330,0.627
maize,ZA-A1-0006,20130330,0.427
maize,ZA-A1-0007,20130330,0.434
maize,ZA-A1-0008,20130330,0.481
maize,ZA-A1-0009,20130330,0.444
maize,ZA-A1-0001,20130407,0.442
maize,ZA-A1-0002,20130407,0.552
maize,ZA-A1-0003,20130407,0.439
maize,ZA-A1-0004,20130407,0.42
maize,ZA-A1-0005,20130407,0.617
maize,ZA-A1-0006,20130407,0.376
maize,ZA-A1-0007,20130407,0.428
maize,ZA-A1-0008,20130407,0.466
maize,ZA-A1-0009,20130407,0.46
maize,ZA-A1-0001,20130415,0.487
maize,ZA-A1-0002,20130415,0.548
maize,ZA-A1-0003,20130415,0.405
maize,ZA-A1-0004,20130415,0.401
maize,ZA-A1-0005,20130415,0.584
maize,ZA-A1-0006,20130415,0.372
maize,ZA-A1-0007,20130415,0.417
maize,ZA-A1-0008,20130415,0.436
maize,ZA-A1-0009,20130415,0.442
maize,ZA-A1-0001,20130423,0.482
maize,ZA-A1-0002,20130423,0.533
maize,ZA-A1-0003,20130423,0.394
maize,ZA-A1-0004,20130423,0.371
maize,ZA-A1-0005,20130423,0.563
maize,ZA-A1-0006,20130423,0.35
maize,ZA-A1-0007,20130423,0.392
maize,ZA-A1-0008,20130423,0.42
maize,ZA-A1-0009,20130423,0.447
maize,ZA-A1-0001,20130501,0.504
maize,ZA-A1-0002,20130501,0.522
maize,ZA-A1-0003,20130501,0.374
maize,ZA-A1-0004,20130501,0.35
maize,ZA-A1-0005,20130501,0.546
maize,ZA-A1-0006,20130501,0.343
maize,ZA-A1-0007,20130501,0.373
maize,ZA-A1-0008,20130501,0.384
maize,ZA-A1-0009,20130501,0.443
maize,ZA-A1-0001,20130509,0.522
maize,ZA-A1-0002,20130509,0.498
maize,ZA-A1-0003,20130509,0.342
maize,ZA-A1-0004,20130509,0.311
maize,ZA-A1-0005,20130509,0.507
maize,ZA-A1-0006,20130509,0.306
maize,ZA-A1-0007,20130509,0.334
maize,ZA-A1-0008,20130509,0.353
maize,ZA-A1-0009,20130509,0.43
maize,ZA-A1-0001,20130517,0.519
maize,ZA-A1-0002,20130517,0.483
maize,ZA-A1-0003,20130517,0.333
maize,ZA-A1-0004,20130517,0.293
maize,ZA-A1-0005,20130517,0.49
maize,ZA-A1-0006,20130517,0.298
maize,ZA-A1-0007,20130517,0.318
maize,ZA-A1-0008,20130517,0.33
maize,ZA-A1-0009,20130517,0.41
maize,ZA-A1-0001,20130525,0.548
maize,ZA-A1-0002,20130525,0.479
maize,ZA-A1-0003,20130525,0.322
maize,ZA-A1-0004,20130525,0.284
maize,ZA-A1-0005,20130525,0.473
maize,ZA-A1-0006,20130525,0.281
maize,ZA-A1-0007,20130525,0.307
maize,ZA-A1-0008,20130525,0.322
maize,ZA-A1-0009,20130525,0.39
maize,ZA-A1-0001,20130602,0.572
maize,ZA-A1-0002,20130602,0.448
maize,ZA-A1-0003,20130602,0.308
maize,ZA-A1-0004,20130602,0.271
maize,ZA-A1-0005,20130602,0.455
maize,ZA-A1-0006,20130602,0.271
maize,ZA-A1-0007,20130602,0.294
maize,ZA-A1-0008,20130602,0.309
maize,ZA-A1-0009,20130602,0.372
maize,ZA-A1-0001,20130610,0.574
maize,ZA-A1-0002,20130610,0.424
maize,ZA-A1-0003,20130610,0.296
maize,ZA-A1-0004,20130610,0.262
maize,ZA-A1-0005,20130610,0.416
maize,ZA-A1-0006,20130610,0.264
maize,ZA-A1-0007,20130610,0.277
maize,ZA-A1-0008,20130610,0.29
maize,ZA-A1-0009,20130610,0.352
maize,ZA-A1-0001,20130618,0.604
maize,ZA-A1-0002,20130618,0.406
maize,ZA-A1-0003,20130618,0.284
maize,ZA-A1-0004,20130618,0.252
maize,ZA-A1-0005,20130618,0.39
maize,ZA-A1-0006,20130618,0.251
maize,ZA-A1-0007,20130618,0.265
maize,ZA-A1-0008,20130618,0.275
maize,ZA-A1-0009,20130618,0.34
maize,ZA-A1-0001,20130626,0.625
maize,ZA-A1-0002,20130626,0.407
maize,ZA-A1-0003,20130626,0.276
maize,ZA-A1-0004,20130626,0.249
maize,ZA-A1-0005,20130626,0.389
maize,ZA-A1-0006,20130626,0.244
maize,ZA-A1-0007,20130626,0.26
maize,ZA-A1-0008,20130626,0.272
maize,ZA-A1-0009,20130626,0.327
maize,ZA-A1-0001,20130704,0.645
maize,ZA-A1-0002,20130704,0.397
maize,ZA-A1-0003,20130704,0.291
maize,ZA-A1-0004,20130704,0.252
maize,ZA-A1-0005,20130704,0.383
maize,ZA-A1-0006,20130704,0.251
maize,ZA-A1-0007,20130704,0.258
maize,ZA-A1-0008,20130704,0.269
maize,ZA-A1-0009,20130704,0.32
maize,ZA-A1-0001,20130712,0.663
maize,ZA-A1-0002,20130712,0.388
maize,ZA-A1-0003,20130712,0.289
maize,ZA-A1-0004,20130712,0.245
maize,ZA-A1-0005,20130712,0.379
maize,ZA-A1-0006,20130712,0.242
maize,ZA-A1-0007,20130712,0.25
maize,ZA-A1-0008,20130712,0.265
maize,ZA-A1-0009,20130712,0.316
maize,ZA-A1-0001,20130720,0.66
maize,ZA-A1-0002,20130720,0.38
maize,ZA-A1-0003,20130720,0.297
maize,ZA-A1-0004,20130720,0.241
maize,ZA-A1-0005,20130720,0.372
maize,ZA-A1-0006,20130720,0.237
maize,ZA-A1-0007,20130720,0.246
maize,ZA-A1-0008,20130720,0.256
maize,ZA-A1-0009,20130720,0.307
maize,ZA-A1-0001,20130728,0.654
maize,ZA-A1-0002,20130728,0.368
maize,ZA-A1-0003,20130728,0.31
maize,ZA-A1-0004,20130728,0.236
maize,ZA-A1-0005,20130728,0.367
maize,ZA-A1-0006,20130728,0.232
maize,ZA-A1-0007,20130728,0.242
maize,ZA-A1-0008,20130728,0.26
maize,ZA-A1-0009,20130728,0.305
maize,ZA-A1-0001,20130805,0.666
maize,ZA-A1-0002,20130805,0.367
maize,ZA-A1-0003,20130805,0.322
maize,ZA-A1-0004,20130805,0.236
maize,ZA-A1-0005,20130805,0.368
maize,ZA-A1-0006,20130805,0.228
maize,ZA-A1-0007,20130805,0.24
maize,ZA-A1-0008,20130805,0.255
maize,ZA-A1-0009,20130805,0.295
maize,ZA-A1-0001,20130813,0.674
maize,ZA-A1-0002,20130813,0.355
maize,ZA-A1-0003,20130813,0.34
maize,ZA-A1-0004,20130813,0.235
maize,ZA-A1-0005,20130813,0.361
maize,ZA-A1-0006,20130813,0.233
maize,ZA-A1-0007,20130813,0.241
maize,ZA-A1-0008,20130813,0.253
maize,ZA-A1-0009,20130813,0.29
maize,ZA-A1-0001,20130821,0.658
maize,ZA-A1-0002,20130821,0.347
maize,ZA-A1-0003,20130821,0.353
maize,ZA-A1-0004,20130821,0.236
maize,ZA-A1-0005,20130821,0.351
maize,ZA-A1-0006,20130821,0.233
maize,ZA-A1-0007,20130821,0.242
maize,ZA-A1-0008,20130821,0.255
maize,ZA-A1-0009,20130821,0.289
maize,ZA-A1-0001,20130829,0.644
maize,ZA-A1-0002,20130829,0.349
maize,ZA-A1-0003,20130829,0.373
maize,ZA-A1-0004,20130829,0.227
maize,ZA-A1-0005,20130829,0.355
maize,ZA-A1-0006,20130829,0.227
maize,ZA-A1-0007,20130829,0.232
maize,ZA-A1-0008,20130829,0.245
maize,ZA-A1-0009,20130829,0.275
maize,ZA-A1-0001,20130906,0.636
maize,ZA-A1-0002,20130906,0.346
maize,ZA-A1-0003,20130906,0.374
maize,ZA-A1-0004,20130906,0.227
maize,ZA-A1-0005,20130906,0.349
maize,ZA-A1-0006,20130906,0.224
maize,ZA-A1-0007,20130906,0.231
maize,ZA-A1-0008,20130906,0.247
maize,ZA-A1-0009,20130906,0.276
maize,ZA-A1-0001,20130914,0.631
maize,ZA-A1-0002,20130914,0.341
maize,ZA-A1-0003,20130914,0.383
maize,ZA-A1-0004,20130914,0.225
maize,ZA-A1-0005,20130914,0.353
maize,ZA-A1-0006,20130914,0.22
maize,ZA-A1-0007,20130914,0.24
maize,ZA-A1-0008,20130914,0.257
maize,ZA-A1-0009,20130914,0.277
maize,ZA-A1-0001,20130922,0.606
maize,ZA-A1-0002,20130922,0.335
maize,ZA-A1-0003,20130922,0.387
maize,ZA-A1-0004,20130922,0.232
maize,ZA-A1-0005,20130922,0.363
maize,ZA-A1-0006,20130922,0.228
maize,ZA-A1-0007,20130922,0.246
maize,ZA-A1-0008,20130922,0.258
maize,ZA-A1-0009,20130922,0.276
maize,ZA-A1-0001,20130930,0.564
maize,ZA-A1-0002,20130930,0.333
maize,ZA-A1-0003,20130930,0.383
maize,ZA-A1-0004,20130930,0.225
maize,ZA-A1-0005,20130930,0.357
maize,ZA-A1-0006,20130930,0.221
maize,ZA-A1-0007,20130930,0.24
maize,ZA-A1-0008,20130930,0.256
maize,ZA-A1-0009,20130930,0.267
maize,ZA-A1-0001,20131008,0.534
maize,ZA-A1-0002,20131008,0.339
maize,ZA-A1-0003,20131008,0.384
maize,ZA-A1-0004,20131008,0.228
maize,ZA-A1-0005,20131008,0.361
maize,ZA-A1-0006,20131008,0.223
maize,ZA-A1-0007,20131008,0.254
maize,ZA-A1-0008,20131008,0.267
maize,ZA-A1-0009,20131008,0.275
maize,ZA-A1-0001,20131016,0.506
maize,ZA-A1-0002,20131016,0.35
maize,ZA-A1-0003,20131016,0.375
maize,ZA-A1-0004,20131016,0.236
maize,ZA-A1-0005,20131016,0.353
maize,ZA-A1-0006,20131016,0.226
maize,ZA-A1-0007,20131016,0.267
maize,ZA-A1-0008,20131016,0.286
maize,ZA-A1-0009,20131016,0.279
maize,ZA-A1-0001,20131024,0.51
maize,ZA-A1-0002,20131024,0.387
maize,ZA-A1-0003,20131024,0.387
maize,ZA-A1-0004,20131024,0.253
maize,ZA-A1-0005,20131024,0.411
maize,ZA-A1-0006,20131024,0.225
maize,ZA-A1-0007,20131024,0.309
maize,ZA-A1-0008,20131024,0.339
maize,ZA-A1-0009,20131024,0.305
maize,ZA-A1-0001,20131101,0.476
maize,ZA-A1-0002,20131101,0.401
maize,ZA-A1-0003,20131101,0.363
maize,ZA-A1-0004,20131101,0.261
maize,ZA-A1-0005,20131101,0.429
maize,ZA-A1-0006,20131101,0.227
maize,ZA-A1-0007,20131101,0.315
maize,ZA-A1-0008,20131101,0.355
maize,ZA-A1-0009,20131101,0.32
maize,ZA-A1-0001,20131109,0.457
maize,ZA-A1-0002,20131109,0.409
maize,ZA-A1-0003,20131109,0.345
maize,ZA-A1-0004,20131109,0.264
maize,ZA-A1-0005,20131109,0.444
maize,ZA-A1-0006,20131109,0.226
maize,ZA-A1-0007,20131109,0.343
maize,ZA-A1-0008,20131109,0.395
maize,ZA-A1-0009,20131109,0.354
maize,ZA-A1-0001,20131117,0.46
maize,ZA-A1-0002,20131117,0.461
maize,ZA-A1-0003,20131117,0.323
maize,ZA-A1-0004,20131117,0.301
maize,ZA-A1-0005,20131117,0.485
maize,ZA-A1-0006,20131117,0.231
maize,ZA-A1-0007,20131117,0.374
maize,ZA-A1-0008,20131117,0.425
maize,ZA-A1-0009,20131117,0.372
maize,ZA-A1-0001,20131125,0.482
maize,ZA-A1-0002,20131125,0.479
maize,ZA-A1-0003,20131125,0.317
maize,ZA-A1-0004,20131125,0.321
maize,ZA-A1-0005,20131125,0.528
maize,ZA-A1-0006,20131125,0.242
maize,ZA-A1-0007,20131125,0.404
maize,ZA-A1-0008,20131125,0.486
maize,ZA-A1-0009,20131125,0.401
maize,ZA-A1-0001,20131203,0.464
maize,ZA-A1-0002,20131203,0.511
maize,ZA-A1-0003,20131203,0.299
maize,ZA-A1-0004,20131203,0.349
maize,ZA-A1-0005,20131203,0.552
maize,ZA-A1-0006,20131203,0.27
maize,ZA-A1-0007,20131203,0.431
maize,ZA-A1-0008,20131203,0.539
maize,ZA-A1-0009,20131203,0.427
maize,ZA-A1-0001,20131211,0.458
maize,ZA-A1-0002,20131211,0.547
maize,ZA-A1-0003,20131211,0.305
maize,ZA-A1-0004,20131211,0.37
maize,ZA-A1-0005,20131211,0.604
maize,ZA-A1-0006,20131211,0.303
maize,ZA-A1-0007,20131211,0.484
maize,ZA-A1-0008,20131211,0.545
maize,ZA-A1-0009,20131211,0.482
maize,ZA-A1-0001,20131219,0.455
maize,ZA-A1-0002,20131219,0.562
maize,ZA-A1-0003,20131219,0.311
maize,ZA-A1-0004,20131219,0.413
maize,ZA-A1-0005,20131219,0.624
maize,ZA-A1-0006,20131219,0.331
maize,ZA-A1-0007,20131219,0.522
maize,ZA-A1-0008,20131219,0.57
maize,ZA-A1-0009,20131219,0.472
maize,ZA-A1-0001,20131227,0.434
maize,ZA-A1-0002,20131227,0.569
maize,ZA-A1-0003,20131227,0.357
maize,ZA-A1-0004,20131227,0.455
maize,ZA-A1-0005,20131227,0.65
maize,ZA-A1-0006,20131227,0.378
maize,ZA-A1-0007,20131227,0.563
maize,ZA-A1-0008,20131227,0.615
maize,ZA-A1-0009,20131227,0.51
maize,ZA-A1-0001,20140101,0.426
maize,ZA-A1-0002,20140101,0.562
maize,ZA-A1-0003,20140101,0.383
maize,ZA-A1-0004,20140101,0.463
maize,ZA-A1-0005,20140101,0.647
maize,ZA-A1-0006,20140101,0.393
maize,ZA-A1-0007,20140101,0.558
maize,ZA-A1-0008,20140101,0.616
maize,ZA-A1-0009,20140101,0.518
maize,ZA-A1-0001,20140109,0.471
maize,ZA-A1-0002,20140109,0.601
maize,ZA-A1-0003,20140109,0.378
maize,ZA-A1-0004,20140109,0.477
maize,ZA-A1-0005,20140109,0.668
maize,ZA-A1-0006,20140109,0.395
maize,ZA-A1-0007,20140109,0.596
maize,ZA-A1-0008,20140109,0.655
maize,ZA-A1-0009,20140109,0.543
maize,ZA-A1-0001,20140117,0.482
maize,ZA-A1-0002,20140117,0.584
maize,ZA-A1-0003,20140117,0.418
maize,ZA-A1-0004,20140117,0.494
maize,ZA-A1-0005,20140117,0.665
maize,ZA-A1-0006,20140117,0.417
maize,ZA-A1-0007,20140117,0.568
maize,ZA-A1-0008,20140117,0.632
maize,ZA-A1-0009,20140117,0.539
maize,ZA-A1-0001,20140125,0.497
maize,ZA-A1-0002,20140125,0.592
maize,ZA-A1-0003,20140125,0.458
maize,ZA-A1-0004,20140125,0.52
maize,ZA-A1-0005,20140125,0.692
maize,ZA-A1-0006,20140125,0.477
maize,ZA-A1-0007,20140125,0.614
maize,ZA-A1-0008,20140125,0.635
maize,ZA-A1-0009,20140125,0.564
maize,ZA-A1-0001,20140202,0.489
maize,ZA-A1-0002,20140202,0.626
maize,ZA-A1-0003,20140202,0.511
maize,ZA-A1-0004,20140202,0.609
maize,ZA-A1-0005,20140202,0.741
maize,ZA-A1-0006,20140202,0.581
maize,ZA-A1-0007,20140202,0.692
maize,ZA-A1-0008,20140202,0.695
maize,ZA-A1-0009,20140202,0.551
maize,ZA-A1-0001,20140210,0.475
maize,ZA-A1-0002,20140210,0.613
maize,ZA-A1-0003,20140210,0.495
maize,ZA-A1-0004,20140210,0.611
maize,ZA-A1-0005,20140210,0.713
maize,ZA-A1-0006,20140210,0.583
maize,ZA-A1-0007,20140210,0.625
maize,ZA-A1-0008,20140210,0.662
maize,ZA-A1-0009,20140210,0.536
maize,ZA-A1-0001,20140218,0.478
maize,ZA-A1-0002,20140218,0.623
maize,ZA-A1-0003,20140218,0.519
maize,ZA-A1-0004,20140218,0.611
maize,ZA-A1-0005,20140218,0.696
maize,ZA-A1-0006,20140218,0.632
maize,ZA-A1-0007,20140218,0.597
maize,ZA-A1-0008,20140218,0.625
maize,ZA-A1-0009,20140218,0.514
maize,ZA-A1-0001,20140226,0.462
maize,ZA-A1-0002,20140226,0.628
maize,ZA-A1-0003,20140226,0.526
maize,ZA-A1-0004,20140226,0.663
maize,ZA-A1-0005,20140226,0.697
maize,ZA-A1-0006,20140226,0.69
maize,ZA-A1-0007,20140226,0.677
maize,ZA-A1-0008,20140226,0.687
maize,ZA-A1-0009,20140226,0.562
maize,ZA-A1-0001,20140306,0.472
maize,ZA-A1-0002,20140306,0.644
maize,ZA-A1-0003,20140306,0.527
maize,ZA-A1-0004,20140306,0.653
maize,ZA-A1-0005,20140306,0.713
maize,ZA-A1-0006,20140306,0.67
maize,ZA-A1-0007,20140306,0.662
maize,ZA-A1-0008,20140306,0.696
maize,ZA-A1-0009,20140306,0.605
maize,ZA-A1-0001,20140314,0.458
maize,ZA-A1-0002,20140314,0.624
maize,ZA-A1-0003,20140314,0.523
maize,ZA-A1-0004,20140314,0.611
maize,ZA-A1-0005,20140314,0.689
maize,ZA-A1-0006,20140314,0.634
maize,ZA-A1-0007,20140314,0.635
maize,ZA-A1-0008,20140314,0.642
maize,ZA-A1-0009,20140314,0.598
maize,ZA-A1-0001,20140322,0.461
maize,ZA-A1-0002,20140322,0.605
maize,ZA-A1-0003,20140322,0.491
maize,ZA-A1-0004,20140322,0.595
maize,ZA-A1-0005,20140322,0.681
maize,ZA-A1-0006,20140322,0.628
maize,ZA-A1-0007,20140322,0.627
maize,ZA-A1-0008,20140322,0.618
maize,ZA-A1-0009,20140322,0.597
maize,ZA-A1-0001,20140330,0.504
maize,ZA-A1-0002,20140330,0.591
maize,ZA-A1-0003,20140330,0.464
maize,ZA-A1-0004,20140330,0.528
maize,ZA-A1-0005,20140330,0.654
maize,ZA-A1-0006,20140330,0.571
maize,ZA-A1-0007,20140330,0.57
maize,ZA-A1-0008,20140330,0.59
maize,ZA-A1-0009,20140330,0.592
maize,ZA-A1-0001,20140407,0.507
maize,ZA-A1-0002,20140407,0.569
maize,ZA-A1-0003,20140407,0.427
maize,ZA-A1-0004,20140407,0.492
maize,ZA-A1-0005,20140407,0.629
maize,ZA-A1-0006,20140407,0.533
maize,ZA-A1-0007,20140407,0.535
maize,ZA-A1-0008,20140407,0.547
maize,ZA-A1-0009,20140407,0.571
maize,ZA-A1-0001,20140415,0.508
maize,ZA-A1-0002,20140415,0.564
maize,ZA-A1-0003,20140415,0.408
maize,ZA-A1-0004,20140415,0.46
maize,ZA-A1-0005,20140415,0.59
maize,ZA-A1-0006,20140415,0.518
maize,ZA-A1-0007,20140415,0.492
maize,ZA-A1-0008,20140415,0.505
maize,ZA-A1-0009,20140415,0.539
maize,ZA-A1-0001,20140423,0.531
maize,ZA-A1-0002,20140423,0.544
maize,ZA-A1-0003,20140423,0.384
maize,ZA-A1-0004,20140423,0.377
maize,ZA-A1-0005,20140423,0.558
maize,ZA-A1-0006,20140423,0.433
maize,ZA-A1-0007,20140423,0.407
maize,ZA-A1-0008,20140423,0.431
maize,ZA-A1-0009,20140423,0.501
maize,ZA-A1-0001,20140501,0.537
maize,ZA-A1-0002,20140501,0.536
maize,ZA-A1-0003,20140501,0.353
maize,ZA-A1-0004,20140501,0.355
maize,ZA-A1-0005,20140501,0.533
maize,ZA-A1-0006,20140501,0.387
maize,ZA-A1-0007,20140501,0.385
maize,ZA-A1-0008,20140501,0.406
maize,ZA-A1-0009,20140501,0.487
maize,ZA-A1-0001,20140509,0.54
maize,ZA-A1-0002,20140509,0.518
maize,ZA-A1-0003,20140509,0.339
maize,ZA-A1-0004,20140509,0.318
maize,ZA-A1-0005,20140509,0.497
maize,ZA-A1-0006,20140509,0.361
maize,ZA-A1-0007,20140509,0.349
maize,ZA-A1-0008,20140509,0.377
maize,ZA-A1-0009,20140509,0.448
maize,ZA-A1-0001,20140517,0.557
maize,ZA-A1-0002,20140517,0.506
maize,ZA-A1-0003,20140517,0.338
maize,ZA-A1-0004,20140517,0.305
maize,ZA-A1-0005,20140517,0.48
maize,ZA-A1-0006,20140517,0.336
maize,ZA-A1-0007,20140517,0.345
maize,ZA-A1-0008,20140517,0.36
maize,ZA-A1-0009,20140517,0.439
maize,ZA-A1-0001,20140525,0.568
maize,ZA-A1-0002,20140525,0.479
maize,ZA-A1-0003,20140525,0.321
maize,ZA-A1-0004,20140525,0.282
maize,ZA-A1-0005,20140525,0.45
maize,ZA-A1-0006,20140525,0.317
maize,ZA-A1-0007,20140525,0.315
maize,ZA-A1-0008,20140525,0.332
maize,ZA-A1-0009,20140525,0.402
maize,ZA-A1-0001,20140602,0.578
maize,ZA-A1-0002,20140602,0.462
maize,ZA-A1-0003,20140602,0.314
maize,ZA-A1-0004,20140602,0.273
maize,ZA-A1-0005,20140602,0.438
maize,ZA-A1-0006,20140602,0.298
maize,ZA-A1-0007,20140602,0.3
maize,ZA-A1-0008,20140602,0.322
maize,ZA-A1-0009,20140602,0.375
maize,ZA-A1-0001,20140610,0.567
maize,ZA-A1-0002,20140610,0.431
maize,ZA-A1-0003,20140610,0.282
maize,ZA-A1-0004,20140610,0.263
maize,ZA-A1-0005,20140610,0.405
maize,ZA-A1-0006,20140610,0.281
maize,ZA-A1-0007,20140610,0.282
maize,ZA-A1-0008,20140610,0.305
maize,ZA-A1-0009,20140610,0.347
maize,ZA-A1-0001,20140618,0.595
maize,ZA-A1-0002,20140618,0.402
maize,ZA-A1-0003,20140618,0.271
maize,ZA-A1-0004,20140618,0.253
maize,ZA-A1-0005,20140618,0.389
maize,ZA-A1-0006,20140618,0.273
maize,ZA-A1-0007,20140618,0.271
maize,ZA-A1-0008,20140618,0.292
maize,ZA-A1-0009,20140618,0.335
maize,ZA-A1-0001,20140626,0.633
maize,ZA-A1-0002,20140626,0.383
maize,ZA-A1-0003,20140626,0.268
maize,ZA-A1-0004,20140626,0.247
maize,ZA-A1-0005,20140626,0.365
maize,ZA-A1-0006,20140626,0.265
maize,ZA-A1-0007,20140626,0.263
maize,ZA-A1-0008,20140626,0.278
maize,ZA-A1-0009,20140626,0.323
maize,ZA-A1-0001,20140704,0.648
maize,ZA-A1-0002,20140704,0.385
maize,ZA-A1-0003,20140704,0.266
maize,ZA-A1-0004,20140704,0.242
maize,ZA-A1-0005,20140704,0.354
maize,ZA-A1-0006,20140704,0.254
maize,ZA-A1-0007,20140704,0.253
maize,ZA-A1-0008,20140704,0.27
maize,ZA-A1-0009,20140704,0.314
maize,ZA-A1-0001,20140712,0.658
maize,ZA-A1-0002,20140712,0.369
maize,ZA-A1-0003,20140712,0.26
maize,ZA-A1-0004,20140712,0.239
maize,ZA-A1-0005,20140712,0.346
maize,ZA-A1-0006,20140712,0.251
maize,ZA-A1-0007,20140712,0.254
maize,ZA-A1-0008,20140712,0.269
maize,ZA-A1-0009,20140712,0.309
maize,ZA-A1-0001,20140720,0.656
maize,ZA-A1-0002,20140720,0.369
maize,ZA-A1-0003,20140720,0.267
maize,ZA-A1-0004,20140720,0.234
maize,ZA-A1-0005,20140720,0.341
maize,ZA-A1-0006,20140720,0.245
maize,ZA-A1-0007,20140720,0.247
maize,ZA-A1-0008,20140720,0.26
maize,ZA-A1-0009,20140720,0.3
maize,ZA-A1-0001,20140728,0.658
maize,ZA-A1-0002,20140728,0.358
maize,ZA-A1-0003,20140728,0.291
maize,ZA-A1-0004,20140728,0.228
maize,ZA-A1-0005,20140728,0.335
maize,ZA-A1-0006,20140728,0.239
maize,ZA-A1-0007,20140728,0.242
maize,ZA-A1-0008,20140728,0.258
maize,ZA-A1-0009,20140728,0.295
maize,ZA-A1-0001,20140805,0.663
maize,ZA-A1-0002,20140805,0.361
maize,ZA-A1-0003,20140805,0.332
maize,ZA-A1-0004,20140805,0.228
maize,ZA-A1-0005,20140805,0.329
maize,ZA-A1-0006,20140805,0.237
maize,ZA-A1-0007,20140805,0.242
maize,ZA-A1-0008,20140805,0.253
maize,ZA-A1-0009,20140805,0.293
maize,ZA-A1-0001,20140813,0.648
maize,ZA-A1-0002,20140813,0.353
maize,ZA-A1-0003,20140813,0.35
maize,ZA-A1-0004,20140813,0.226
maize,ZA-A1-0005,20140813,0.331
maize,ZA-A1-0006,20140813,0.23
maize,ZA-A1-0007,20140813,0.245
maize,ZA-A1-0008,20140813,0.257
maize,ZA-A1-0009,20140813,0.289
maize,ZA-A1-0001,20140821,0.641
maize,ZA-A1-0002,20140821,0.357
maize,ZA-A1-0003,20140821,0.374
maize,ZA-A1-0004,20140821,0.216
maize,ZA-A1-0005,20140821,0.345
maize,ZA-A1-0006,20140821,0.223
maize,ZA-A1-0007,20140821,0.237
maize,ZA-A1-0008,20140821,0.253
maize,ZA-A1-0009,20140821,0.284
maize,ZA-A1-0001,20140829,0.637
maize,ZA-A1-0002,20140829,0.344
maize,ZA-A1-0003,20140829,0.377
maize,ZA-A1-0004,20140829,0.213
maize,ZA-A1-0005,20140829,0.322
maize,ZA-A1-0006,20140829,0.222
maize,ZA-A1-0007,20140829,0.233
maize,ZA-A1-0008,20140829,0.243
maize,ZA-A1-0009,20140829,0.277
maize,ZA-A1-0001,20140906,0.633
maize,ZA-A1-0002,20140906,0.345
maize,ZA-A1-0003,20140906,0.386
maize,ZA-A1-0004,20140906,0.214
maize,ZA-A1-0005,20140906,0.313
maize,ZA-A1-0006,20140906,0.222
maize,ZA-A1-0007,20140906,0.233
maize,ZA-A1-0008,20140906,0.241
maize,ZA-A1-0009,20140906,0.274
maize,ZA-A1-0001,20140914,0.595
maize,ZA-A1-0002,20140914,0.346
maize,ZA-A1-0003,20140914,0.402
maize,ZA-A1-0004,20140914,0.218
maize,ZA-A1-0005,20140914,0.318
maize,ZA-A1-0006,20140914,0.224
maize,ZA-A1-0007,20140914,0.237
maize,ZA-A1-0008,20140914,0.246
maize,ZA-A1-0009,20140914,0.277
maize,ZA-A1-0001,20140922,0.585
maize,ZA-A1-0002,20140922,0.361
maize,ZA-A1-0003,20140922,0.405
maize,ZA-A1-0004,20140922,0.222
maize,ZA-A1-0005,20140922,0.322
maize,ZA-A1-0006,20140922,0.23
maize,ZA-A1-0007,20140922,0.247
maize,ZA-A1-0008,20140922,0.253
maize,ZA-A1-0009,20140922,0.275
maize,ZA-A1-0001,20140930,0.543
maize,ZA-A1-0002,20140930,0.355
maize,ZA-A1-0003,20140930,0.399
maize,ZA-A1-0004,20140930,0.229
maize,ZA-A1-0005,20140930,0.344
maize,ZA-A1-0006,20140930,0.23
maize,ZA-A1-0007,20140930,0.261
maize,ZA-A1-0008,20140930,0.265
maize,ZA-A1-0009,20140930,0.276
maize,ZA-A1-0001,20141008,0.507
maize,ZA-A1-0002,20141008,0.366
maize,ZA-A1-0003,20141008,0.401
maize,ZA-A1-0004,20141008,0.23
maize,ZA-A1-0005,20141008,0.348
maize,ZA-A1-0006,20141008,0.232
maize,ZA-A1-0007,20141008,0.264
maize,ZA-A1-0008,20141008,0.26
maize,ZA-A1-0009,20141008,0.286
maize,ZA-A1-0001,20141016,0.482
maize,ZA-A1-0002,20141016,0.389
maize,ZA-A1-0003,20141016,0.384
maize,ZA-A1-0004,20141016,0.235
maize,ZA-A1-0005,20141016,0.39
maize,ZA-A1-0006,20141016,0.228
maize,ZA-A1-0007,20141016,0.262
maize,ZA-A1-0008,20141016,0.286
maize,ZA-A1-0009,20141016,0.286
maize,ZA-A1-0001,20141024,0.513
maize,ZA-A1-0002,20141024,0.421
maize,ZA-A1-0003,20141024,0.385
maize,ZA-A1-0004,20141024,0.244
maize,ZA-A1-0005,20141024,0.427
maize,ZA-A1-0006,20141024,0.231
maize,ZA-A1-0007,20141024,0.283
maize,ZA-A1-0008,20141024,0.303
maize,ZA-A1-0009,20141024,0.287
maize,ZA-A1-0001,20141101,0.45
maize,ZA-A1-0002,20141101,0.443
maize,ZA-A1-0003,20141101,0.369
maize,ZA-A1-0004,20141101,0.262
maize,ZA-A1-0005,20141101,0.461
maize,ZA-A1-0006,20141101,0.235
maize,ZA-A1-0007,20141101,0.328
maize,ZA-A1-0008,20141101,0.339
maize,ZA-A1-0009,20141101,0.294
maize,ZA-A1-0001,20141109,0.462
maize,ZA-A1-0002,20141109,0.483
maize,ZA-A1-0003,20141109,0.375
maize,ZA-A1-0004,20141109,0.301
maize,ZA-A1-0005,20141109,0.534
maize,ZA-A1-0006,20141109,0.279
maize,ZA-A1-0007,20141109,0.392
maize,ZA-A1-0008,20141109,0.375
maize,ZA-A1-0009,20141109,0.327
maize,ZA-A1-0001,20141117,0.436
maize,ZA-A1-0002,20141117,0.464
maize,ZA-A1-0003,20141117,0.332
maize,ZA-A1-0004,20141117,0.332
maize,ZA-A1-0005,20141117,0.504
maize,ZA-A1-0006,20141117,0.279
maize,ZA-A1-0007,20141117,0.404
maize,ZA-A1-0008,20141117,0.418
maize,ZA-A1-0009,20141117,0.34
maize,ZA-A1-0001,20141125,0.395
maize,ZA-A1-0002,20141125,0.494
maize,ZA-A1-0003,20141125,0.351
maize,ZA-A1-0004,20141125,0.351
maize,ZA-A1-0005,20141125,0.542
maize,ZA-A1-0006,20141125,0.301
maize,ZA-A1-0007,20141125,0.449
maize,ZA-A1-0008,20141125,0.46
maize,ZA-A1-0009,20141125,0.353
maize,ZA-A1-0001,20141203,0.42
maize,ZA-A1-0002,20141203,0.544
maize,ZA-A1-0003,20141203,0.353
maize,ZA-A1-0004,20141203,0.37
maize,ZA-A1-0005,20141203,0.546
maize,ZA-A1-0006,20141203,0.309
maize,ZA-A1-0007,20141203,0.434
maize,ZA-A1-0008,20141203,0.452
maize,ZA-A1-0009,20141203,0.354
maize,ZA-A1-0001,20141211,0.414
maize,ZA-A1-0002,20141211,0.523
maize,ZA-A1-0003,20141211,0.357
maize,ZA-A1-0004,20141211,0.375
maize,ZA-A1-0005,20141211,0.574
maize,ZA-A1-0006,20141211,0.36
maize,ZA-A1-0007,20141211,0.521
maize,ZA-A1-0008,20141211,0.54
maize,ZA-A1-0009,20141211,0.515
maize,ZA-A1-0001,20141219,0.403
maize,ZA-A1-0002,20141219,0.533
maize,ZA-A1-0003,20141219,0.343
maize,ZA-A1-0004,20141219,0.416
maize,ZA-A1-0005,20141219,0.599
maize,ZA-A1-0006,20141219,0.378
maize,ZA-A1-0007,20141219,0.537
maize,ZA-A1-0008,20141219,0.562
maize,ZA-A1-0009,20141219,0.492
maize,ZA-A1-0001,20141227,0.392
maize,ZA-A1-0002,20141227,0.582
maize,ZA-A1-0003,20141227,0.386
maize,ZA-A1-0004,20141227,0.497
maize,ZA-A1-0005,20141227,0.68
maize,ZA-A1-0006,20141227,0.41
maize,ZA-A1-0007,20141227,0.606
maize,ZA-A1-0008,20141227,0.632
maize,ZA-A1-0009,20141227,0.526
maize,ZA-A1-0001,20150101,0.401
maize,ZA-A1-0002,20150101,0.58
maize,ZA-A1-0003,20150101,0.38
maize,ZA-A1-0004,20150101,0.483
maize,ZA-A1-0005,20150101,0.671
maize,ZA-A1-0006,20150101,0.405
maize,ZA-A1-0007,20150101,0.599
maize,ZA-A1-0008,20150101,0.641
maize,ZA-A1-0009,20150101,0.527
maize,ZA-A1-0001,20150109,0.411
maize,ZA-A1-0002,20150109,0.588
maize,ZA-A1-0003,20150109,0.402
maize,ZA-A1-0004,20150109,0.514
maize,ZA-A1-0005,20150109,0.659
maize,ZA-A1-0006,20150109,0.449
maize,ZA-A1-0007,20150109,0.625
maize,ZA-A1-0008,20150109,0.671
maize,ZA-A1-0009,20150109,0.544
maize,ZA-A1-0001,20150117,0.399
maize,ZA-A1-0002,20150117,0.586
maize,ZA-A1-0003,20150117,0.422
maize,ZA-A1-0004,20150117,0.53
maize,ZA-A1-0005,20150117,0.665
maize,ZA-A1-0006,20150117,0.477
maize,ZA-A1-0007,20150117,0.629
maize,ZA-A1-0008,20150117,0.667
maize,ZA-A1-0009,20150117,0.546
maize,ZA-A1-0001,20150125,0.396
maize,ZA-A1-0002,20150125,0.618
maize,ZA-A1-0003,20150125,0.47
maize,ZA-A1-0004,20150125,0.545
maize,ZA-A1-0005,20150125,0.676
maize,ZA-A1-0006,20150125,0.49
maize,ZA-A1-0007,20150125,0.626
maize,ZA-A1-0008,20150125,0.683
maize,ZA-A1-0009,20150125,0.531
maize,ZA-A1-0001,20150202,0.402
maize,ZA-A1-0002,20150202,0.6
maize,ZA-A1-0003,20150202,0.448
maize,ZA-A1-0004,20150202,0.522
maize,ZA-A1-0005,20150202,0.682
maize,ZA-A1-0006,20150202,0.488
maize,ZA-A1-0007,20150202,0.62
maize,ZA-A1-0008,20150202,0.664
maize,ZA-A1-0009,20150202,0.554
maize,ZA-A1-0001,20150210,0.404
maize,ZA-A1-0002,20150210,0.587
maize,ZA-A1-0003,20150210,0.445
maize,ZA-A1-0004,20150210,0.497
maize,ZA-A1-0005,20150210,0.682
maize,ZA-A1-0006,20150210,0.469
maize,ZA-A1-0007,20150210,0.578
maize,ZA-A1-0008,20150210,0.642
maize,ZA-A1-0009,20150210,0.533
maize,ZA-A1-0001,20150218,0.418
maize,ZA-A1-0002,20150218,0.587
maize,ZA-A1-0003,20150218,0.448
maize,ZA-A1-0004,20150218,0.498
maize,ZA-A1-0005,20150218,0.665
maize,ZA-A1-0006,20150218,0.48
maize,ZA-A1-0007,20150218,0.566
maize,ZA-A1-0008,20150218,0.598
maize,ZA-A1-0009,20150218,0.503
maize,ZA-A1-0001,20150226,0.409
maize,ZA-A1-0002,20150226,0.605
maize,ZA-A1-0003,20150226,0.458
maize,ZA-A1-0004,20150226,0.512
maize,ZA-A1-0005,20150226,0.664
maize,ZA-A1-0006,20150226,0.491
maize,ZA-A1-0007,20150226,0.567
maize,ZA-A1-0008,20150226,0.595
maize,ZA-A1-0009,20150226,0.511
maize,ZA-A1-0001,20150306,0.405
maize,ZA-A1-0002,20150306,0.57
maize,ZA-A1-0003,20150306,0.478
maize,ZA-A1-0004,20150306,0.506
maize,ZA-A1-0005,20150306,0.656
maize,ZA-A1-0006,20150306,0.489
maize,ZA-A1-0007,20150306,0.526
maize,ZA-A1-0008,20150306,0.56
maize,ZA-A1-0009,20150306,0.487
maize,ZA-A1-0001,20150314,0.41
maize,ZA-A1-0002,20150314,0.576
maize,ZA-A1-0003,20150314,0.456
maize,ZA-A1-0004,20150314,0.507
maize,ZA-A1-0005,20150314,0.654
maize,ZA-A1-0006,20150314,0.44
maize,ZA-A1-0007,20150314,0.523
maize,ZA-A1-0008,20150314,0.557
maize,ZA-A1-0009,20150314,0.469
maize,ZA-A1-0001,20150322,0.435
maize,ZA-A1-0002,20150322,0.587
maize,ZA-A1-0003,20150322,0.474
maize,ZA-A1-0004,20150322,0.547
maize,ZA-A1-0005,20150322,0.66
maize,ZA-A1-0006,20150322,0.505
maize,ZA-A1-0007,20150322,0.539
maize,ZA-A1-0008,20150322,0.544
maize,ZA-A1-0009,20150322,0.451
maize,ZA-A1-0001,20150330,0.455
maize,ZA-A1-0002,20150330,0.57
maize,ZA-A1-0003,20150330,0.474
maize,ZA-A1-0004,20150330,0.505
maize,ZA-A1-0005,20150330,0.637
maize,ZA-A1-0006,20150330,0.445
maize,ZA-A1-0007,20150330,0.516
maize,ZA-A1-0008,20150330,0.517
maize,ZA-A1-0009,20150330,0.466
maize,ZA-A1-0001,20150407,0.463
maize,ZA-A1-0002,20150407,0.576
maize,ZA-A1-0003,20150407,0.469
maize,ZA-A1-0004,20150407,0.481
maize,ZA-A1-0005,20150407,0.601
maize,ZA-A1-0006,20150407,0.428
maize,ZA-A1-0007,20150407,0.511
maize,ZA-A1-0008,20150407,0.487
maize,ZA-A1-0009,20150407,0.492
maize,ZA-A1-0001,20150415,0.488
maize,ZA-A1-0002,20150415,0.565
maize,ZA-A1-0003,20150415,0.429
maize,ZA-A1-0004,20150415,0.44
maize,ZA-A1-0005,20150415,0.573
maize,ZA-A1-0006,20150415,0.393
maize,ZA-A1-0007,20150415,0.475
maize,ZA-A1-0008,20150415,0.459
maize,ZA-A1-0009,20150415,0.468
maize,ZA-A1-0001,20150423,0.481
maize,ZA-A1-0002,20150423,0.534
maize,ZA-A1-0003,20150423,0.387
maize,ZA-A1-0004,20150423,0.38
maize,ZA-A1-0005,20150423,0.538
maize,ZA-A1-0006,20150423,0.356
maize,ZA-A1-0007,20150423,0.429
maize,ZA-A1-0008,20150423,0.426
maize,ZA-A1-0009,20150423,0.468
maize,ZA-A1-0001,20150501,0.473
maize,ZA-A1-0002,20150501,0.518
maize,ZA-A1-0003,20150501,0.371
maize,ZA-A1-0004,20150501,0.352
maize,ZA-A1-0005,20150501,0.515
maize,ZA-A1-0006,20150501,0.329
maize,ZA-A1-0007,20150501,0.38
maize,ZA-A1-0008,20150501,0.38
maize,ZA-A1-0009,20150501,0.437
maize,ZA-A1-0001,20150509,0.503
maize,ZA-A1-0002,20150509,0.496
maize,ZA-A1-0003,20150509,0.363
maize,ZA-A1-0004,20150509,0.332
maize,ZA-A1-0005,20150509,0.491
maize,ZA-A1-0006,20150509,0.302
maize,ZA-A1-0007,20150509,0.348
maize,ZA-A1-0008,20150509,0.35
maize,ZA-A1-0009,20150509,0.418
maize,ZA-A1-0001,20150517,0.477
maize,ZA-A1-0002,20150517,0.479
maize,ZA-A1-0003,20150517,0.336
maize,ZA-A1-0004,20150517,0.307
maize,ZA-A1-0005,20150517,0.464
maize,ZA-A1-0006,20150517,0.285
maize,ZA-A1-0007,20150517,0.323
maize,ZA-A1-0008,20150517,0.328
maize,ZA-A1-0009,20150517,0.388
maize,ZA-A1-0001,20150525,0.498
maize,ZA-A1-0002,20150525,0.463
maize,ZA-A1-0003,20150525,0.328
maize,ZA-A1-0004,20150525,0.299
maize,ZA-A1-0005,20150525,0.449
maize,ZA-A1-0006,20150525,0.278
maize,ZA-A1-0007,20150525,0.315
maize,ZA-A1-0008,20150525,0.313
maize,ZA-A1-0009,20150525,0.366
maize,ZA-A1-0001,20150602,0.512
maize,ZA-A1-0002,20150602,0.459
maize,ZA-A1-0003,20150602,0.313
maize,ZA-A1-0004,20150602,0.285
maize,ZA-A1-0005,20150602,0.429
maize,ZA-A1-0006,20150602,0.262
maize,ZA-A1-0007,20150602,0.307
maize,ZA-A1-0008,20150602,0.308
maize,ZA-A1-0009,20150602,0.357
maize,ZA-A1-0001,20150610,0.561
maize,ZA-A1-0002,20150610,0.428
maize,ZA-A1-0003,20150610,0.312
maize,ZA-A1-0004,20150610,0.275
maize,ZA-A1-0005,20150610,0.403
maize,ZA-A1-0006,20150610,0.254
maize,ZA-A1-0007,20150610,0.285
maize,ZA-A1-0008,20150610,0.289
maize,ZA-A1-0009,20150610,0.336
maize,ZA-A1-0001,20150618,0.588
maize,ZA-A1-0002,20150618,0.417
maize,ZA-A1-0003,20150618,0.299
maize,ZA-A1-0004,20150618,0.254
maize,ZA-A1-0005,20150618,0.374
maize,ZA-A1-0006,20150618,0.246
maize,ZA-A1-0007,20150618,0.268
maize,ZA-A1-0008,20150618,0.273
maize,ZA-A1-0009,20150618,0.318
maize,ZA-A1-0001,20150626,0.624
maize,ZA-A1-0002,20150626,0.407
maize,ZA-A1-0003,20150626,0.292
maize,ZA-A1-0004,20150626,0.254
maize,ZA-A1-0005,20150626,0.37
maize,ZA-A1-0006,20150626,0.239
maize,ZA-A1-0007,20150626,0.266
maize,ZA-A1-0008,20150626,0.27
maize,ZA-A1-0009,20150626,0.313
maize,ZA-A1-0001,20150704,0.64
maize,ZA-A1-0002,20150704,0.391
maize,ZA-A1-0003,20150704,0.29
maize,ZA-A1-0004,20150704,0.243
maize,ZA-A1-0005,20150704,0.356
maize,ZA-A1-0006,20150704,0.231
maize,ZA-A1-0007,20150704,0.255
maize,ZA-A1-0008,20150704,0.262
maize,ZA-A1-0009,20150704,0.301
maize,ZA-A1-0001,20150712,0.672
maize,ZA-A1-0002,20150712,0.39
maize,ZA-A1-0003,20150712,0.294
maize,ZA-A1-0004,20150712,0.243
maize,ZA-A1-0005,20150712,0.355
maize,ZA-A1-0006,20150712,0.23
maize,ZA-A1-0007,20150712,0.253
maize,ZA-A1-0008,20150712,0.262
maize,ZA-A1-0009,20150712,0.298
maize,ZA-A1-0001,20150720,0.688
maize,ZA-A1-0002,20150720,0.39
maize,ZA-A1-0003,20150720,0.298
maize,ZA-A1-0004,20150720,0.237
maize,ZA-A1-0005,20150720,0.363
maize,ZA-A1-0006,20150720,0.224
maize,ZA-A1-0007,20150720,0.249
maize,ZA-A1-0008,20150720,0.258
maize,ZA-A1-0009,20150720,0.291
maize,ZA-A1-0001,20150728,0.667
maize,ZA-A1-0002,20150728,0.378
maize,ZA-A1-0003,20150728,0.314
maize,ZA-A1-0004,20150728,0.231
maize,ZA-A1-0005,20150728,0.343
maize,ZA-A1-0006,20150728,0.226
maize,ZA-A1-0007,20150728,0.247
maize,ZA-A1-0008,20150728,0.25
maize,ZA-A1-0009,20150728,0.288
maize,ZA-A1-0001,20150805,0.674
maize,ZA-A1-0002,20150805,0.36
maize,ZA-A1-0003,20150805,0.319
maize,ZA-A1-0004,20150805,0.225
maize,ZA-A1-0005,20150805,0.333
maize,ZA-A1-0006,20150805,0.22
maize,ZA-A1-0007,20150805,0.238
maize,ZA-A1-0008,20150805,0.246
maize,ZA-A1-0009,20150805,0.278
maize,ZA-A1-0001,20150813,0.677
maize,ZA-A1-0002,20150813,0.344
maize,ZA-A1-0003,20150813,0.334
maize,ZA-A1-0004,20150813,0.224
maize,ZA-A1-0005,20150813,0.329
maize,ZA-A1-0006,20150813,0.219
maize,ZA-A1-0007,20150813,0.238
maize,ZA-A1-0008,20150813,0.244
maize,ZA-A1-0009,20150813,0.278
maize,ZA-A1-0001,20150821,0.694
maize,ZA-A1-0002,20150821,0.386
maize,ZA-A1-0003,20150821,0.375
maize,ZA-A1-0004,20150821,0.229
maize,ZA-A1-0005,20150821,0.348
maize,ZA-A1-0006,20150821,0.22
maize,ZA-A1-0007,20150821,0.241
maize,ZA-A1-0008,20150821,0.251
maize,ZA-A1-0009,20150821,0.281
maize,ZA-A1-0001,20150829,0.686
maize,ZA-A1-0002,20150829,0.404
maize,ZA-A1-0003,20150829,0.403
maize,ZA-A1-0004,20150829,0.238
maize,ZA-A1-0005,20150829,0.362
maize,ZA-A1-0006,20150829,0.226
maize,ZA-A1-0007,20150829,0.244
maize,ZA-A1-0008,20150829,0.256
maize,ZA-A1-0009,20150829,0.276
maize,ZA-A1-0001,20150906,0.691
maize,ZA-A1-0002,20150906,0.393
maize,ZA-A1-0003,20150906,0.398
maize,ZA-A1-0004,20150906,0.225
maize,ZA-A1-0005,20150906,0.354
maize,ZA-A1-0006,20150906,0.212
maize,ZA-A1-0007,20150906,0.248
maize,ZA-A1-0008,20150906,0.254
maize,ZA-A1-0009,20150906,0.284
maize,ZA-A1-0001,20150914,0.684
maize,ZA-A1-0002,20150914,0.421
maize,ZA-A1-0003,20150914,0.407
maize,ZA-A1-0004,20150914,0.233
maize,ZA-A1-0005,20150914,0.369
maize,ZA-A1-0006,20150914,0.23
maize,ZA-A1-0007,20150914,0.264
maize,ZA-A1-0008,20150914,0.263
maize,ZA-A1-0009,20150914,0.29
maize,ZA-A1-0001,20150922,0.643
maize,ZA-A1-0002,20150922,0.41
maize,ZA-A1-0003,20150922,0.404
maize,ZA-A1-0004,20150922,0.249
maize,ZA-A1-0005,20150922,0.373
maize,ZA-A1-0006,20150922,0.263
maize,ZA-A1-0007,20150922,0.296
maize,ZA-A1-0008,20150922,0.284
maize,ZA-A1-0009,20150922,0.307
maize,ZA-A1-0001,20150930,0.621
maize,ZA-A1-0002,20150930,0.429
maize,ZA-A1-0003,20150930,0.405
maize,ZA-A1-0004,20150930,0.246
maize,ZA-A1-0005,20150930,0.373
maize,ZA-A1-0006,20150930,0.27
maize,ZA-A1-0007,20150930,0.294
maize,ZA-A1-0008,20150930,0.277
maize,ZA-A1-0009,20150930,0.305
maize,ZA-A1-0001,20151008,0.584
maize,ZA-A1-0002,20151008,0.429
maize,ZA-A1-0003,20151008,0.394
maize,ZA-A1-0004,20151008,0.244
maize,ZA-A1-0005,20151008,0.381
maize,ZA-A1-0006,20151008,0.261
maize,ZA-A1-0007,20151008,0.289
maize,ZA-A1-0008,20151008,0.28
maize,ZA-A1-0009,20151008,0.306
maize,ZA-A1-0001,20151016,0.546
maize,ZA-A1-0002,20151016,0.433
maize,ZA-A1-0003,20151016,0.385
maize,ZA-A1-0004,20151016,0.244
maize,ZA-A1-0005,20151016,0.379
maize,ZA-A1-0006,20151016,0.252
maize,ZA-A1-0007,20151016,0.288
maize,ZA-A1-0008,20151016,0.291
maize,ZA-A1-0009,20151016,0.305
maize,ZA-A1-0001,20151024,0.516
maize,ZA-A1-0002,20151024,0.439
maize,ZA-A1-0003,20151024,0.368
maize,ZA-A1-0004,20151024,0.246
maize,ZA-A1-0005,20151024,0.385
maize,ZA-A1-0006,20151024,0.244
maize,ZA-A1-0007,20151024,0.294
maize,ZA-A1-0008,20151024,0.312
maize,ZA-A1-0009,20151024,0.309
maize,ZA-A1-0001,20151101,0.492
maize,ZA-A1-0002,20151101,0.422
maize,ZA-A1-0003,20151101,0.346
maize,ZA-A1-0004,20151101,0.237
maize,ZA-A1-0005,20151101,0.36
maize,ZA-A1-0006,20151101,0.235
maize,ZA-A1-0007,20151101,0.276
maize,ZA-A1-0008,20151101,0.3
maize,ZA-A1-0009,20151101,0.304
maize,ZA-A1-0001,20151109,0.45
maize,ZA-A1-0002,20151109,0.428
maize,ZA-A1-0003,20151109,0.328
maize,ZA-A1-0004,20151109,0.23
maize,ZA-A1-0005,20151109,0.359
maize,ZA-A1-0006,20151109,0.232
maize,ZA-A1-0007,20151109,0.259
maize,ZA-A1-0008,20151109,0.286
maize,ZA-A1-0009,20151109,0.293
maize,ZA-A1-0001,20151117,0.439
maize,ZA-A1-0002,20151117,0.421
maize,ZA-A1-0003,20151117,0.302
maize,ZA-A1-0004,20151117,0.238
maize,ZA-A1-0005,20151117,0.362
maize,ZA-A1-0006,20151117,0.24
maize,ZA-A1-0007,20151117,0.299
maize,ZA-A1-0008,20151117,0.331
maize,ZA-A1-0009,20151117,0.332
maize,ZA-A1-0001,20151125,0.433
maize,ZA-A1-0002,20151125,0.413
maize,ZA-A1-0003,20151125,0.288
maize,ZA-A1-0004,20151125,0.234
maize,ZA-A1-0005,20151125,0.373
maize,ZA-A1-0006,20151125,0.238
maize,ZA-A1-0007,20151125,0.306
maize,ZA-A1-0008,20151125,0.332
maize,ZA-A1-0009,20151125,0.353
maize,ZA-A1-0001,20151203,0.441
maize,ZA-A1-0002,20151203,0.421
maize,ZA-A1-0003,20151203,0.286
maize,ZA-A1-0004,20151203,0.249
maize,ZA-A1-0005,20151203,0.42
maize,ZA-A1-0006,20151203,0.246
maize,ZA-A1-0007,20151203,0.344
maize,ZA-A1-0008,20151203,0.377
maize,ZA-A1-0009,20151203,0.378
maize,ZA-A1-0001,20151211,0.416
maize,ZA-A1-0002,20151211,0.423
maize,ZA-A1-0003,20151211,0.281
maize,ZA-A1-0004,20151211,0.255
maize,ZA-A1-0005,20151211,0.476
maize,ZA-A1-0006,20151211,0.243
maize,ZA-A1-0007,20151211,0.359
maize,ZA-A1-0008,20151211,0.437
maize,ZA-A1-0009,20151211,0.411
maize,ZA-A1-0001,20151219,0.426
maize,ZA-A1-0002,20151219,0.392
maize,ZA-A1-0003,20151219,0.299
maize,ZA-A1-0004,20151219,0.252
maize,ZA-A1-0005,20151219,0.454
maize,ZA-A1-0006,20151219,0.245
maize,ZA-A1-0007,20151219,0.378
maize,ZA-A1-0008,20151219,0.451
maize,ZA-A1-0009,20151219,0.407
maize,ZA-A1-0001,20151227,0.405
maize,ZA-A1-0002,20151227,0.401
maize,ZA-A1-0003,20151227,0.323
maize,ZA-A1-0004,20151227,0.266
maize,ZA-A1-0005,20151227,0.519
maize,ZA-A1-0006,20151227,0.253
maize,ZA-A1-0007,20151227,0.393
maize,ZA-A1-0008,20151227,0.514
maize,ZA-A1-0009,20151227,0.393
maize,ZA-A1-0001,20160101,0.406
maize,ZA-A1-0002,20160101,0.403
maize,ZA-A1-0003,20160101,0.355
maize,ZA-A1-0004,20160101,0.253
maize,ZA-A1-0005,20160101,0.495
maize,ZA-A1-0006,20160101,0.245
maize,ZA-A1-0007,20160101,0.384
maize,ZA-A1-0008,20160101,0.473
maize,ZA-A1-0009,20160101,0.372
maize,ZA-A1-0001,20160109,0.428
maize,ZA-A1-0002,20160109,0.438
maize,ZA-A1-0003,20160109,0.372
maize,ZA-A1-0004,20160109,0.291
maize,ZA-A1-0005,20160109,0.562
maize,ZA-A1-0006,20160109,0.268
maize,ZA-A1-0007,20160109,0.479
maize,ZA-A1-0008,20160109,0.568
maize,ZA-A1-0009,20160109,0.397
maize,ZA-A1-0001,20160117,0.433
maize,ZA-A1-0002,20160117,0.47
maize,ZA-A1-0003,20160117,0.373
maize,ZA-A1-0004,20160117,0.367
maize,ZA-A1-0005,20160117,0.661
maize,ZA-A1-0006,20160117,0.365
maize,ZA-A1-0007,20160117,0.567
maize,ZA-A1-0008,20160117,0.628
maize,ZA-A1-0009,20160117,0.444
maize,ZA-A1-0001,20160125,0.453
maize,ZA-A1-0002,20160125,0.503
maize,ZA-A1-0003,20160125,0.445
maize,ZA-A1-0004,20160125,0.393
maize,ZA-A1-0005,20160125,0.652
maize,ZA-A1-0006,20160125,0.391
maize,ZA-A1-0007,20160125,0.588
maize,ZA-A1-0008,20160125,0.65
maize,ZA-A1-0009,20160125,0.414
maize,ZA-A1-0001,20160202,0.454
maize,ZA-A1-0002,20160202,0.542
maize,ZA-A1-0003,20160202,0.469
maize,ZA-A1-0004,20160202,0.406
maize,ZA-A1-0005,20160202,0.677
maize,ZA-A1-0006,20160202,0.399
maize,ZA-A1-0007,20160202,0.627
maize,ZA-A1-0008,20160202,0.662
maize,ZA-A1-0009,20160202,0.43
maize,ZA-A1-0001,20160210,0.45
maize,ZA-A1-0002,20160210,0.528
maize,ZA-A1-0003,20160210,0.462
maize,ZA-A1-0004,20160210,0.405
maize,ZA-A1-0005,20160210,0.687
maize,ZA-A1-0006,20160210,0.398
maize,ZA-A1-0007,20160210,0.602
maize,ZA-A1-0008,20160210,0.647
maize,ZA-A1-0009,20160210,0.403
maize,ZA-A1-0001,20160218,0.316
maize,ZA-A1-0002,20160218,0.616
maize,ZA-A1-0003,20160218,0.421
maize,ZA-A1-0004,20160218,0.451
maize,ZA-A1-0006,20160218,0.49
maize,ZA-A1-0007,20160218,0.583
maize,ZA-A1-0009,20160218,0.429
maize,ZA-A1-0001,20160226,0.436
maize,ZA-A1-0002,20160226,0.58
maize,ZA-A1-0003,20160226,0.474
maize,ZA-A1-0004,20160226,0.457
maize,ZA-A1-0005,20160226,0.673
maize,ZA-A1-0006,20160226,0.409
maize,ZA-A1-0007,20160226,0.593
maize,ZA-A1-0008,20160226,0.625
maize,ZA-A1-0009,20160226,0.44
maize,ZA-A1-0001,20160305,0.436
maize,ZA-A1-0002,20160305,0.629
maize,ZA-A1-0003,20160305,0.484
maize,ZA-A1-0004,20160305,0.485
maize,ZA-A1-0005,20160305,0.676
maize,ZA-A1-0006,20160305,0.447
maize,ZA-A1-0007,20160305,0.594
maize,ZA-A1-0008,20160305,0.601
maize,ZA-A1-0009,20160305,0.434
maize,ZA-A1-0001,20160313,0.431
maize,ZA-A1-0002,20160313,0.624
maize,ZA-A1-0003,20160313,0.5
maize,ZA-A1-0004,20160313,0.504
maize,ZA-A1-0005,20160313,0.689
maize,ZA-A1-0006,20160313,0.523
maize,ZA-A1-0007,20160313,0.614
maize,ZA-A1-0008,20160313,0.616
maize,ZA-A1-0009,20160313,0.534
maize,ZA-A1-0001,20160321,0.455
maize,ZA-A1-0002,20160321,0.615
maize,ZA-A1-0003,20160321,0.469
maize,ZA-A1-0004,20160321,0.477
maize,ZA-A1-0005,20160321,0.667
maize,ZA-A1-0006,20160321,0.475
maize,ZA-A1-0007,20160321,0.596
maize,ZA-A1-0008,20160321,0.59
maize,ZA-A1-0009,20160321,0.527
maize,ZA-A1-0001,20160329,0.464
maize,ZA-A1-0002,20160329,0.599
maize,ZA-A1-0003,20160329,0.454
maize,ZA-A1-0004,20160329,0.421
maize,ZA-A1-0005,20160329,0.656
maize,ZA-A1-0006,20160329,0.439
maize,ZA-A1-0007,20160329,0.537
maize,ZA-A1-0008,20160329,0.552
maize,ZA-A1-0009,20160329,0.506
maize,ZA-A1-0001,20160406,0.462
maize,ZA-A1-0002,20160406,0.602
maize,ZA-A1-0003,20160406,0.47
maize,ZA-A1-0004,20160406,0.446
maize,ZA-A1-0005,20160406,0.612
maize,ZA-A1-0006,20160406,0.477
maize,ZA-A1-0007,20160406,0.513
maize,ZA-A1-0008,20160406,0.495
maize,ZA-A1-0009,20160406,0.49
maize,ZA-A1-0001,20160414,0.445
maize,ZA-A1-0002,20160414,0.587
maize,ZA-A1-0003,20160414,0.444
maize,ZA-A1-0004,20160414,0.428
maize,ZA-A1-0005,20160414,0.586
maize,ZA-A1-0006,20160414,0.45
maize,ZA-A1-0007,20160414,0.452
maize,ZA-A1-0008,20160414,0.458
maize,ZA-A1-0009,20160414,0.462
maize,ZA-A1-0001,20160422,0.466
maize,ZA-A1-0002,20160422,0.562
maize,ZA-A1-0003,20160422,0.434
maize,ZA-A1-0004,20160422,0.419
maize,ZA-A1-0005,20160422,0.539
maize,ZA-A1-0006,20160422,0.452
maize,ZA-A1-0007,20160422,0.436
maize,ZA-A1-0008,20160422,0.427
maize,ZA-A1-0009,20160422,0.433
maize,ZA-A1-0001,20160430,0.479
maize,ZA-A1-0002,20160430,0.541
maize,ZA-A1-0003,20160430,0.39
maize,ZA-A1-0004,20160430,0.382
maize,ZA-A1-0005,20160430,0.518
maize,ZA-A1-0006,20160430,0.42
maize,ZA-A1-0007,20160430,0.398
maize,ZA-A1-0008,20160430,0.398
maize,ZA-A1-0009,20160430,0.414
maize,ZA-A1-0001,20160508,0.5
maize,ZA-A1-0002,20160508,0.525
maize,ZA-A1-0003,20160508,0.395
maize,ZA-A1-0004,20160508,0.365
maize,ZA-A1-0005,20160508,0.506
maize,ZA-A1-0006,20160508,0.375
maize,ZA-A1-0007,20160508,0.372
maize,ZA-A1-0008,20160508,0.377
maize,ZA-A1-0009,20160508,0.393
maize,ZA-A1-0001,20160516,0.501
maize,ZA-A1-0002,20160516,0.502
maize,ZA-A1-0003,20160516,0.375
maize,ZA-A1-0004,20160516,0.345
maize,ZA-A1-0005,20160516,0.47
maize,ZA-A1-0006,20160516,0.372
maize,ZA-A1-0007,20160516,0.365
maize,ZA-A1-0008,20160516,0.352
maize,ZA-A1-0009,20160516,0.395
maize,ZA-A1-0001,20160524,0.521
maize,ZA-A1-0002,20160524,0.485
maize,ZA-A1-0003,20160524,0.362
maize,ZA-A1-0004,20160524,0.328
maize,ZA-A1-0005,20160524,0.457
maize,ZA-A1-0006,20160524,0.351
maize,ZA-A1-0007,20160524,0.346
maize,ZA-A1-0008,20160524,0.331
maize,ZA-A1-0009,20160524,0.382
maize,ZA-A1-0001,20160601,0.532
maize,ZA-A1-0002,20160601,0.468
maize,ZA-A1-0003,20160601,0.349
maize,ZA-A1-0004,20160601,0.306
maize,ZA-A1-0005,20160601,0.423
maize,ZA-A1-0006,20160601,0.329
maize,ZA-A1-0007,20160601,0.319
maize,ZA-A1-0008,20160601,0.303
maize,ZA-A1-0009,20160601,0.366
maize,ZA-A1-0001,20160609,0.564
maize,ZA-A1-0002,20160609,0.468
maize,ZA-A1-0003,20160609,0.342
maize,ZA-A1-0004,20160609,0.305
maize,ZA-A1-0005,20160609,0.412
maize,ZA-A1-0006,20160609,0.32
maize,ZA-A1-0007,20160609,0.32
maize,ZA-A1-0008,20160609,0.301
maize,ZA-A1-0009,20160609,0.358
maize,ZA-A1-0001,20160617,0.568
maize,ZA-A1-0002,20160617,0.435
maize,ZA-A1-0003,20160617,0.327
maize,ZA-A1-0004,20160617,0.28
maize,ZA-A1-0005,20160617,0.399
maize,ZA-A1-0006,20160617,0.296
maize,ZA-A1-0007,20160617,0.3
maize,ZA-A1-0008,20160617,0.289
maize,ZA-A1-0009,20160617,0.341
maize,ZA-A1-0001,20160625,0.612
maize,ZA-A1-0002,20160625,0.412
maize,ZA-A1-0003,20160625,0.316
maize,ZA-A1-0004,20160625,0.266
maize,ZA-A1-0005,20160625,0.381
maize,ZA-A1-0006,20160625,0.278
maize,ZA-A1-0007,20160625,0.286
maize,ZA-A1-0008,20160625,0.273
maize,ZA-A1-0009,20160625,0.324
maize,ZA-A1-0001,20160703,0.594
maize,ZA-A1-0002,20160703,0.39
maize,ZA-A1-0003,20160703,0.304
maize,ZA-A1-0004,20160703,0.258
maize,ZA-A1-0005,20160703,0.369
maize,ZA-A1-0006,20160703,0.268
maize,ZA-A1-0007,20160703,0.272
maize,ZA-A1-0008,20160703,0.263
maize,ZA-A1-0009,20160703,0.314
maize,ZA-A1-0001,20160711,0.632
maize,ZA-A1-0002,20160711,0.377
maize,ZA-A1-0003,20160711,0.296
maize,ZA-A1-0004,20160711,0.246
maize,ZA-A1-0005,20160711,0.357
maize,ZA-A1-0006,20160711,0.257
maize,ZA-A1-0007,20160711,0.261
maize,ZA-A1-0008,20160711,0.256
maize,ZA-A1-0009,20160711,0.301
maize,ZA-A1-0001,20160719,0.661
maize,ZA-A1-0002,20160719,0.368
maize,ZA-A1-0003,20160719,0.298
maize,ZA-A1-0004,20160719,0.243
maize,ZA-A1-0005,20160719,0.344
maize,ZA-A1-0006,20160719,0.248
maize,ZA-A1-0007,20160719,0.249
maize,ZA-A1-0008,20160719,0.253
maize,ZA-A1-0009,20160719,0.289
maize,ZA-A1-0001,20160727,0.653
maize,ZA-A1-0002,20160727,0.376
maize,ZA-A1-0003,20160727,0.309
maize,ZA-A1-0004,20160727,0.242
maize,ZA-A1-0005,20160727,0.346
maize,ZA-A1-0006,20160727,0.237
maize,ZA-A1-0007,20160727,0.252
maize,ZA-A1-0008,20160727,0.253
maize,ZA-A1-0009,20160727,0.281
maize,ZA-A1-0001,20160804,0.666
maize,ZA-A1-0002,20160804,0.379
maize,ZA-A1-0003,20160804,0.314
maize,ZA-A1-0004,20160804,0.233
maize,ZA-A1-0005,20160804,0.332
maize,ZA-A1-0006,20160804,0.233
maize,ZA-A1-0007,20160804,0.246
maize,ZA-A1-0008,20160804,0.246
maize,ZA-A1-0009,20160804,0.27
maize,ZA-A1-0001,20160812,0.671
maize,ZA-A1-0002,20160812,0.37
maize,ZA-A1-0003,20160812,0.33
maize,ZA-A1-0004,20160812,0.234
maize,ZA-A1-0005,20160812,0.33
maize,ZA-A1-0006,20160812,0.231
maize,ZA-A1-0007,20160812,0.245
maize,ZA-A1-0008,20160812,0.242
maize,ZA-A1-0009,20160812,0.269
maize,ZA-A1-0001,20160820,0.674
maize,ZA-A1-0002,20160820,0.37
maize,ZA-A1-0003,20160820,0.35
maize,ZA-A1-0004,20160820,0.235
maize,ZA-A1-0005,20160820,0.338
maize,ZA-A1-0006,20160820,0.231
maize,ZA-A1-0007,20160820,0.241
maize,ZA-A1-0008,20160820,0.237
maize,ZA-A1-0009,20160820,0.259
maize,ZA-A1-0001,20160828,0.673
maize,ZA-A1-0002,20160828,0.373
maize,ZA-A1-0003,20160828,0.368
maize,ZA-A1-0004,20160828,0.245
maize,ZA-A1-0005,20160828,0.345
maize,ZA-A1-0006,20160828,0.244
maize,ZA-A1-0007,20160828,0.255
maize,ZA-A1-0008,20160828,0.235
maize,ZA-A1-0009,20160828,0.266
maize,ZA-A1-0001,20160905,0.667
maize,ZA-A1-0002,20160905,0.404
maize,ZA-A1-0003,20160905,0.384
maize,ZA-A1-0004,20160905,0.247
maize,ZA-A1-0005,20160905,0.357
maize,ZA-A1-0006,20160905,0.237
maize,ZA-A1-0007,20160905,0.254
maize,ZA-A1-0008,20160905,0.244
maize,ZA-A1-0009,20160905,0.254
maize,ZA-A1-0001,20160913,0.659
maize,ZA-A1-0002,20160913,0.411
maize,ZA-A1-0003,20160913,0.379
maize,ZA-A1-0004,20160913,0.264
maize,ZA-A1-0005,20160913,0.412
maize,ZA-A1-0006,20160913,0.241
maize,ZA-A1-0007,20160913,0.272
maize,ZA-A1-0008,20160913,0.254
maize,ZA-A1-0009,20160913,0.255
maize,ZA-A1-0001,20160921,0.63
maize,ZA-A1-0002,20160921,0.406
maize,ZA-A1-0003,20160921,0.371
maize,ZA-A1-0004,20160921,0.26
maize,ZA-A1-0005,20160921,0.397
maize,ZA-A1-0006,20160921,0.238
maize,ZA-A1-0007,20160921,0.271
maize,ZA-A1-0008,20160921,0.253
maize,ZA-A1-0009,20160921,0.256
maize,ZA-A1-0001,20160929,0.581
maize,ZA-A1-0002,20160929,0.402
maize,ZA-A1-0003,20160929,0.376
maize,ZA-A1-0004,20160929,0.252
maize,ZA-A1-0005,20160929,0.402
maize,ZA-A1-0006,20160929,0.232
maize,ZA-A1-0007,20160929,0.266
maize,ZA-A1-0008,20160929,0.251
maize,ZA-A1-0009,20160929,0.251
maize,ZA-A1-0001,20161007,0.536
maize,ZA-A1-0002,20161007,0.397
maize,ZA-A1-0003,20161007,0.381
maize,ZA-A1-0004,20161007,0.245
maize,ZA-A1-0005,20161007,0.415
maize,ZA-A1-0006,20161007,0.23
maize,ZA-A1-0007,20161007,0.264
maize,ZA-A1-0008,20161007,0.248
maize,ZA-A1-0009,20161007,0.251
maize,ZA-A1-0001,20161015,0.502
maize,ZA-A1-0002,20161015,0.408
maize,ZA-A1-0003,20161015,0.383
maize,ZA-A1-0004,20161015,0.265
maize,ZA-A1-0005,20161015,0.436
maize,ZA-A1-0006,20161015,0.235
maize,ZA-A1-0007,20161015,0.283
maize,ZA-A1-0008,20161015,0.276
maize,ZA-A1-0009,20161015,0.26
maize,ZA-A1-0001,20161023,0.454
maize,ZA-A1-0002,20161023,0.416
maize,ZA-A1-0003,20161023,0.365
maize,ZA-A1-0004,20161023,0.276
maize,ZA-A1-0005,20161023,0.449
maize,ZA-A1-0006,20161023,0.242
maize,ZA-A1-0007,20161023,0.317
maize,ZA-A1-0008,20161023,0.323
maize,ZA-A1-0009,20161023,0.282
maize,ZA-A1-0001,20161031,0.431
maize,ZA-A1-0002,20161031,0.426
maize,ZA-A1-0003,20161031,0.35
maize,ZA-A1-0004,20161031,0.304
maize,ZA-A1-0005,20161031,0.477
maize,ZA-A1-0006,20161031,0.24
maize,ZA-A1-0007,20161031,0.349
maize,ZA-A1-0008,20161031,0.375
maize,ZA-A1-0009,20161031,0.307
maize,ZA-A1-0001,20161108,0.435
maize,ZA-A1-0002,20161108,0.437
maize,ZA-A1-0003,20161108,0.361
maize,ZA-A1-0004,20161108,0.348
maize,ZA-A1-0005,20161108,0.51
maize,ZA-A1-0006,20161108,0.258
maize,ZA-A1-0007,20161108,0.398
maize,ZA-A1-0008,20161108,0.431
maize,ZA-A1-0009,20161108,0.365
maize,ZA-A1-0001,20161116,0.399
maize,ZA-A1-0002,20161116,0.449
maize,ZA-A1-0003,20161116,0.341
maize,ZA-A1-0004,20161116,0.358
maize,ZA-A1-0005,20161116,0.508
maize,ZA-A1-0006,20161116,0.27
maize,ZA-A1-0007,20161116,0.426
maize,ZA-A1-0008,20161116,0.442
maize,ZA-A1-0009,20161116,0.377
maize,ZA-A1-0001,20161124,0.391
maize,ZA-A1-0002,20161124,0.471
maize,ZA-A1-0003,20161124,0.317
maize,ZA-A1-0004,20161124,0.373
maize,ZA-A1-0005,20161124,0.571
maize,ZA-A1-0006,20161124,0.301
maize,ZA-A1-0007,20161124,0.451
maize,ZA-A1-0008,20161124,0.488
maize,ZA-A1-0009,20161124,0.417
maize,ZA-A1-0001,20161202,0.377
maize,ZA-A1-0002,20161202,0.422
maize,ZA-A1-0003,20161202,0.3
maize,ZA-A1-0004,20161202,0.38
maize,ZA-A1-0005,20161202,0.567
maize,ZA-A1-0006,20161202,0.297
maize,ZA-A1-0007,20161202,0.472
maize,ZA-A1-0008,20161202,0.541
maize,ZA-A1-0009,20161202,0.427
maize,ZA-A1-0001,20161210,0.372
maize,ZA-A1-0002,20161210,0.452
maize,ZA-A1-0003,20161210,0.319
maize,ZA-A1-0004,20161210,0.401
maize,ZA-A1-0005,20161210,0.574
maize,ZA-A1-0006,20161210,0.317
maize,ZA-A1-0007,20161210,0.503
maize,ZA-A1-0008,20161210,0.567
maize,ZA-A1-0009,20161210,0.474
maize,ZA-A1-0001,20161218,0.371
maize,ZA-A1-0002,20161218,0.445
maize,ZA-A1-0003,20161218,0.316
maize,ZA-A1-0004,20161218,0.415
maize,ZA-A1-0005,20161218,0.592
maize,ZA-A1-0006,20161218,0.322
maize,ZA-A1-0007,20161218,0.557
maize,ZA-A1-0008,20161218,0.617
maize,ZA-A1-0009,20161218,0.495
maize,ZA-A1-0001,20161226,0.368
maize,ZA-A1-0002,20161226,0.466
maize,ZA-A1-0003,20161226,0.349
maize,ZA-A1-0004,20161226,0.455
maize,ZA-A1-0005,20161226,0.605
maize,ZA-A1-0006,20161226,0.366
maize,ZA-A1-0007,20161226,0.59
maize,ZA-A1-0008,20161226,0.65
maize,ZA-A1-0009,20161226,0.539
maize,ZA-A1-0001,20170101,0.386
maize,ZA-A1-0002,20170101,0.476
maize,ZA-A1-0003,20170101,0.394
maize,ZA-A1-0004,20170101,0.462
maize,ZA-A1-0005,20170101,0.599
maize,ZA-A1-0006,20170101,0.425
maize,ZA-A1-0007,20170101,0.621
maize,ZA-A1-0008,20170101,0.665
maize,ZA-A1-0009,20170101,0.543
maize,ZA-A1-0001,20170109,0.385
maize,ZA-A1-0002,20170109,0.517
maize,ZA-A1-0003,20170109,0.471
maize,ZA-A1-0004,20170109,0.559
maize,ZA-A1-0005,20170109,0.666
maize,ZA-A1-0006,20170109,0.478
maize,ZA-A1-0007,20170109,0.661
maize,ZA-A1-0008,20170109,0.683
maize,ZA-A1-0009,20170109,0.553
maize,ZA-A1-0001,20170117,0.375
maize,ZA-A1-0002,20170117,0.531
maize,ZA-A1-0003,20170117,0.462
maize,ZA-A1-0004,20170117,0.565
maize,ZA-A1-0005,20170117,0.679
maize,ZA-A1-0006,20170117,0.505
maize,ZA-A1-0007,20170117,0.643
maize,ZA-A1-0008,20170117,0.68
maize,ZA-A1-0009,20170117,0.546
maize,ZA-A1-0001,20170125,0.394
maize,ZA-A1-0002,20170125,0.538
maize,ZA-A1-0003,20170125,0.485
maize,ZA-A1-0004,20170125,0.586
maize,ZA-A1-0005,20170125,0.702
maize,ZA-A1-0006,20170125,0.567
maize,ZA-A1-0007,20170125,0.681
maize,ZA-A1-0008,20170125,0.705
maize,ZA-A1-0009,20170125,0.57
maize,ZA-A1-0001,20170202,0.427
maize,ZA-A1-0002,20170202,0.589
maize,ZA-A1-0003,20170202,0.566
maize,ZA-A1-0004,20170202,0.638
maize,ZA-A1-0005,20170202,0.733
maize,ZA-A1-0006,20170202,0.636
maize,ZA-A1-0007,20170202,0.672
maize,ZA-A1-0008,20170202,0.696
maize,ZA-A1-0009,20170202,0.584
maize,ZA-A1-0001,20170210,0.448
maize,ZA-A1-0002,20170210,0.631
maize,ZA-A1-0003,20170210,0.589
maize,ZA-A1-0004,20170210,0.659
maize,ZA-A1-0005,20170210,0.72
maize,ZA-A1-0006,20170210,0.649
maize,ZA-A1-0007,20170210,0.651
maize,ZA-A1-0008,20170210,0.668
maize,ZA-A1-0009,20170210,0.583
maize,ZA-A1-0001,20170218,0.434
maize,ZA-A1-0002,20170218,0.64
maize,ZA-A1-0003,20170218,0.619
maize,ZA-A1-0004,20170218,0.675
maize,ZA-A1-0005,20170218,0.744
maize,ZA-A1-0006,20170218,0.664
maize,ZA-A1-0007,20170218,0.636
maize,ZA-A1-0008,20170218,0.676
maize,ZA-A1-0009,20170218,0.57
maize,ZA-A1-0001,20170226,0.413
maize,ZA-A1-0002,20170226,0.618
maize,ZA-A1-0003,20170226,0.582
maize,ZA-A1-0004,20170226,0.655
maize,ZA-A1-0005,20170226,0.728
maize,ZA-A1-0006,20170226,0.662
maize,ZA-A1-0007,20170226,0.679
maize,ZA-A1-0008,20170226,0.696
maize,ZA-A1-0009,20170226,0.612
maize,ZA-A1-0001,20170306,0.409
maize,ZA-A1-0002,20170306,0.606
maize,ZA-A1-0003,20170306,0.544
maize,ZA-A1-0004,20170306,0.626
maize,ZA-A1-0005,20170306,0.713
maize,ZA-A1-0006,20170306,0.62
maize,ZA-A1-0007,20170306,0.635
maize,ZA-A1-0008,20170306,0.659
maize,ZA-A1-0009,20170306,0.581
maize,ZA-A1-0001,20170314,0.399
maize,ZA-A1-0002,20170314,0.58
maize,ZA-A1-0003,20170314,0.516
maize,ZA-A1-0004,20170314,0.582
maize,ZA-A1-0005,20170314,0.698
maize,ZA-A1-0006,20170314,0.596
maize,ZA-A1-0007,20170314,0.58
maize,ZA-A1-0008,20170314,0.615
maize,ZA-A1-0009,20170314,0.543
maize,ZA-A1-0001,20170322,0.397
maize,ZA-A1-0002,20170322,0.591
maize,ZA-A1-0003,20170322,0.492
maize,ZA-A1-0004,20170322,0.543
maize,ZA-A1-0005,20170322,0.667
maize,ZA-A1-0006,20170322,0.557
maize,ZA-A1-0007,20170322,0.551
maize,ZA-A1-0008,20170322,0.572
maize,ZA-A1-0009,20170322,0.519
maize,ZA-A1-0001,20170330,0.391
maize,ZA-A1-0002,20170330,0.565
maize,ZA-A1-0003,20170330,0.447
maize,ZA-A1-0004,20170330,0.51
maize,ZA-A1-0005,20170330,0.652
maize,ZA-A1-0006,20170330,0.515
maize,ZA-A1-0007,20170330,0.502
maize,ZA-A1-0008,20170330,0.507
maize,ZA-A1-0009,20170330,0.476
maize,ZA-A1-0001,20170407,0.397
maize,ZA-A1-0002,20170407,0.586
maize,ZA-A1-0003,20170407,0.502
maize,ZA-A1-0004,20170407,0.497
maize,ZA-A1-0005,20170407,0.631
maize,ZA-A1-0006,20170407,0.553
maize,ZA-A1-0007,20170407,0.512
maize,ZA-A1-0008,20170407,0.497
maize,ZA-A1-0009,20170407,0.482
maize,ZA-A1-0001,20170415,0.393
maize,ZA-A1-0002,20170415,0.544
maize,ZA-A1-0003,20170415,0.434
maize,ZA-A1-0004,20170415,0.435
maize,ZA-A1-0005,20170415,0.601
maize,ZA-A1-0006,20170415,0.478
maize,ZA-A1-0007,20170415,0.459
maize,ZA-A1-0008,20170415,0.472
maize,ZA-A1-0009,20170415,0.482
maize,ZA-A1-0001,20170423,0.407
maize,ZA-A1-0002,20170423,0.513
maize,ZA-A1-0003,20170423,0.412
maize,ZA-A1-0004,20170423,0.404
maize,ZA-A1-0005,20170423,0.565
maize,ZA-A1-0006,20170423,0.445
maize,ZA-A1-0007,20170423,0.443
maize,ZA-A1-0008,20170423,0.445
maize,ZA-A1-0009,20170423,0.468
maize,ZA-A1-0001,20170501,0.416
maize,ZA-A1-0002,20170501,0.507
maize,ZA-A1-0003,20170501,0.405
maize,ZA-A1-0004,20170501,0.389
maize,ZA-A1-0005,20170501,0.544
maize,ZA-A1-0006,20170501,0.432
maize,ZA-A1-0007,20170501,0.432
maize,ZA-A1-0008,20170501,0.429
maize,ZA-A1-0009,20170501,0.447
maize,ZA-A1-0001,20170509,0.435
maize,ZA-A1-0002,20170509,0.503
maize,ZA-A1-0003,20170509,0.399
maize,ZA-A1-0004,20170509,0.373
maize,ZA-A1-0005,20170509,0.522
maize,ZA-A1-0006,20170509,0.402
maize,ZA-A1-0007,20170509,0.417
maize,ZA-A1-0008,20170509,0.407
maize,ZA-A1-0009,20170509,0.428
maize,ZA-A1-0001,20170517,0.427
maize,ZA-A1-0002,20170517,0.49
maize,ZA-A1-0003,20170517,0.372
maize,ZA-A1-0004,20170517,0.334
maize,ZA-A1-0005,20170517,0.528
maize,ZA-A1-0006,20170517,0.361
maize,ZA-A1-0007,20170517,0.368
maize,ZA-A1-0008,20170517,0.388
maize,ZA-A1-0009,20170517,0.404
maize,ZA-A1-0001,20170525,0.45
maize,ZA-A1-0002,20170525,0.467
maize,ZA-A1-0003,20170525,0.353
maize,ZA-A1-0004,20170525,0.316
maize,ZA-A1-0005,20170525,0.487
maize,ZA-A1-0006,20170525,0.341
maize,ZA-A1-0007,20170525,0.349
maize,ZA-A1-0008,20170525,0.346
maize,ZA-A1-0009,20170525,0.392
maize,ZA-A1-0001,20170602,0.434
maize,ZA-A1-0002,20170602,0.446
maize,ZA-A1-0003,20170602,0.329
maize,ZA-A1-0004,20170602,0.299
maize,ZA-A1-0005,20170602,0.467
maize,ZA-A1-0006,20170602,0.32
maize,ZA-A1-0007,20170602,0.324
maize,ZA-A1-0008,20170602,0.328
maize,ZA-A1-0009,20170602,0.369
maize,ZA-A1-0001,20170610,0.46
maize,ZA-A1-0002,20170610,0.417
maize,ZA-A1-0003,20170610,0.318
maize,ZA-A1-0004,20170610,0.287
maize,ZA-A1-0005,20170610,0.439
maize,ZA-A1-0006,20170610,0.301
maize,ZA-A1-0007,20170610,0.3
maize,ZA-A1-0008,20170610,0.305
maize,ZA-A1-0009,20170610,0.349
maize,ZA-A1-0001,20170618,0.479
maize,ZA-A1-0002,20170618,0.405
maize,ZA-A1-0003,20170618,0.31
maize,ZA-A1-0004,20170618,0.28
maize,ZA-A1-0005,20170618,0.427
maize,ZA-A1-0006,20170618,0.297
maize,ZA-A1-0007,20170618,0.295
maize,ZA-A1-0008,20170618,0.295
maize,ZA-A1-0009,20170618,0.337
maize,ZA-A1-0001,20170626,0.485
maize,ZA-A1-0002,20170626,0.397
maize,ZA-A1-0003,20170626,0.305
maize,ZA-A1-0004,20170626,0.275
maize,ZA-A1-0005,20170626,0.411
maize,ZA-A1-0006,20170626,0.287
maize,ZA-A1-0007,20170626,0.286
maize,ZA-A1-0008,20170626,0.287
maize,ZA-A1-0009,20170626,0.331
maize,ZA-A1-0001,20170704,0.51
maize,ZA-A1-0002,20170704,0.384
maize,ZA-A1-0003,20170704,0.303
maize,ZA-A1-0004,20170704,0.267
maize,ZA-A1-0005,20170704,0.404
maize,ZA-A1-0006,20170704,0.285
maize,ZA-A1-0007,20170704,0.286
maize,ZA-A1-0008,20170704,0.284
maize,ZA-A1-0009,20170704,0.33
maize,ZA-A1-0001,20170712,0.54
maize,ZA-A1-0002,20170712,0.37
maize,ZA-A1-0003,20170712,0.305
maize,ZA-A1-0004,20170712,0.26
maize,ZA-A1-0005,20170712,0.389
maize,ZA-A1-0006,20170712,0.273
maize,ZA-A1-0007,20170712,0.278
maize,ZA-A1-0008,20170712,0.277
maize,ZA-A1-0009,20170712,0.325
maize,ZA-A1-0001,20170720,0.578
maize,ZA-A1-0002,20170720,0.361
maize,ZA-A1-0003,20170720,0.305
maize,ZA-A1-0004,20170720,0.252
maize,ZA-A1-0005,20170720,0.383
maize,ZA-A1-0006,20170720,0.261
maize,ZA-A1-0007,20170720,0.269
maize,ZA-A1-0008,20170720,0.272
maize,ZA-A1-0009,20170720,0.312
maize,ZA-A1-0001,20170728,0.58
maize,ZA-A1-0002,20170728,0.349
maize,ZA-A1-0003,20170728,0.323
maize,ZA-A1-0004,20170728,0.247
maize,ZA-A1-0005,20170728,0.37
maize,ZA-A1-0006,20170728,0.257
maize,ZA-A1-0007,20170728,0.262
maize,ZA-A1-0008,20170728,0.265
maize,ZA-A1-0009,20170728,0.305
maize,ZA-A1-0001,20170805,0.6
maize,ZA-A1-0002,20170805,0.351
maize,ZA-A1-0003,20170805,0.338
maize,ZA-A1-0004,20170805,0.241
maize,ZA-A1-0005,20170805,0.363
maize,ZA-A1-0006,20170805,0.252
maize,ZA-A1-0007,20170805,0.259
maize,ZA-A1-0008,20170805,0.261
maize,ZA-A1-0009,20170805,0.298
maize,ZA-A1-0001,20170813,0.63
maize,ZA-A1-0002,20170813,0.359
maize,ZA-A1-0003,20170813,0.352
maize,ZA-A1-0004,20170813,0.243
maize,ZA-A1-0005,20170813,0.364
maize,ZA-A1-0006,20170813,0.249
maize,ZA-A1-0007,20170813,0.258
maize,ZA-A1-0008,20170813,0.261
maize,ZA-A1-0009,20170813,0.292
maize,ZA-A1-0001,20170821,0.638
maize,ZA-A1-0002,20170821,0.346
maize,ZA-A1-0003,20170821,0.358
maize,ZA-A1-0004,20170821,0.238
maize,ZA-A1-0005,20170821,0.359
maize,ZA-A1-0006,20170821,0.241
maize,ZA-A1-0007,20170821,0.257
maize,ZA-A1-0008,20170821,0.258
maize,ZA-A1-0009,20170821,0.289
maize,ZA-A1-0001,20170829,0.631
maize,ZA-A1-0002,20170829,0.349
maize,ZA-A1-0003,20170829,0.371
maize,ZA-A1-0004,20170829,0.235
maize,ZA-A1-0005,20170829,0.352
maize,ZA-A1-0006,20170829,0.244
maize,ZA-A1-0007,20170829,0.256
maize,ZA-A1-0008,20170829,0.257
maize,ZA-A1-0009,20170829,0.285
maize,ZA-A1-0001,20170906,0.616
maize,ZA-A1-0002,20170906,0.352
maize,ZA-A1-0003,20170906,0.392
maize,ZA-A1-0004,20170906,0.234
maize,ZA-A1-0005,20170906,0.342
maize,ZA-A1-0006,20170906,0.247
maize,ZA-A1-0007,20170906,0.255
maize,ZA-A1-0008,20170906,0.253
maize,ZA-A1-0009,20170906,0.278
maize,ZA-A1-0001,20170914,0.594
maize,ZA-A1-0002,20170914,0.369
maize,ZA-A1-0003,20170914,0.385
maize,ZA-A1-0004,20170914,0.242
maize,ZA-A1-0005,20170914,0.355
maize,ZA-A1-0006,20170914,0.252
maize,ZA-A1-0007,20170914,0.268
maize,ZA-A1-0008,20170914,0.259
maize,ZA-A1-0009,20170914,0.277
maize,ZA-A1-0001,20170922,0.591
maize,ZA-A1-0002,20170922,0.369
maize,ZA-A1-0003,20170922,0.387
maize,ZA-A1-0004,20170922,0.243
maize,ZA-A1-0005,20170922,0.353
maize,ZA-A1-0006,20170922,0.257
maize,ZA-A1-0007,20170922,0.273
maize,ZA-A1-0008,20170922,0.267
maize,ZA-A1-0009,20170922,0.281
maize,ZA-A1-0001,20170930,0.519
maize,ZA-A1-0002,20170930,0.384
maize,ZA-A1-0003,20170930,0.411
maize,ZA-A1-0004,20170930,0.242
maize,ZA-A1-0005,20170930,0.378
maize,ZA-A1-0006,20170930,0.254
maize,ZA-A1-0007,20170930,0.287
maize,ZA-A1-0008,20170930,0.283
maize,ZA-A1-0009,20170930,0.286
maize,ZA-A1-0001,20171008,0.468
maize,ZA-A1-0002,20171008,0.397
maize,ZA-A1-0003,20171008,0.4
maize,ZA-A1-0004,20171008,0.247
maize,ZA-A1-0005,20171008,0.394
maize,ZA-A1-0006,20171008,0.26
maize,ZA-A1-0007,20171008,0.302
maize,ZA-A1-0008,20171008,0.297
maize,ZA-A1-0009,20171008,0.295
maize,ZA-A1-0001,20171016,0.438
maize,ZA-A1-0002,20171016,0.403
maize,ZA-A1-0003,20171016,0.396
maize,ZA-A1-0004,20171016,0.251
maize,ZA-A1-0005,20171016,0.401
maize,ZA-A1-0006,20171016,0.274
maize,ZA-A1-0007,20171016,0.316
maize,ZA-A1-0008,20171016,0.305
maize,ZA-A1-0009,20171016,0.303
maize,ZA-A1-0001,20171024,0.404
maize,ZA-A1-0002,20171024,0.421
maize,ZA-A1-0003,20171024,0.401
maize,ZA-A1-0004,20171024,0.264
maize,ZA-A1-0005,20171024,0.434
maize,ZA-A1-0006,20171024,0.287
maize,ZA-A1-0007,20171024,0.343
maize,ZA-A1-0008,20171024,0.341
maize,ZA-A1-0009,20171024,0.325
maize,ZA-A1-0001,20171101,0.395
maize,ZA-A1-0002,20171101,0.441
maize,ZA-A1-0003,20171101,0.388
maize,ZA-A1-0004,20171101,0.256
maize,ZA-A1-0005,20171101,0.424
maize,ZA-A1-0006,20171101,0.268
maize,ZA-A1-0007,20171101,0.327
maize,ZA-A1-0008,20171101,0.333
maize,ZA-A1-0009,20171101,0.313
maize,ZA-A1-0001,20171109,0.369
maize,ZA-A1-0002,20171109,0.455
maize,ZA-A1-0003,20171109,0.364
maize,ZA-A1-0004,20171109,0.263
maize,ZA-A1-0005,20171109,0.457
maize,ZA-A1-0006,20171109,0.276
maize,ZA-A1-0007,20171109,0.337
maize,ZA-A1-0008,20171109,0.374
maize,ZA-A1-0009,20171109,0.331
maize,ZA-A1-0001,20171117,0.374
maize,ZA-A1-0002,20171117,0.448
maize,ZA-A1-0003,20171117,0.333
maize,ZA-A1-0004,20171117,0.26
maize,ZA-A1-0005,20171117,0.452
maize,ZA-A1-0006,20171117,0.267
maize,ZA-A1-0007,20171117,0.337
maize,ZA-A1-0008,20171117,0.357
maize,ZA-A1-0009,20171117,0.324
maize,ZA-A1-0001,20171125,0.387
maize,ZA-A1-0002,20171125,0.464
maize,ZA-A1-0003,20171125,0.318
maize,ZA-A1-0004,20171125,0.295
maize,ZA-A1-0005,20171125,0.537
maize,ZA-A1-0006,20171125,0.288
maize,ZA-A1-0007,20171125,0.418
maize,ZA-A1-0008,20171125,0.458
maize,ZA-A1-0009,20171125,0.374
maize,ZA-A1-0001,20171203,0.383
maize,ZA-A1-0002,20171203,0.473
maize,ZA-A1-0003,20171203,0.32
maize,ZA-A1-0004,20171203,0.312
maize,ZA-A1-0005,20171203,0.564
maize,ZA-A1-0006,20171203,0.312
maize,ZA-A1-0007,20171203,0.454
maize,ZA-A1-0008,20171203,0.492
maize,ZA-A1-0009,20171203,0.409
maize,ZA-A1-0001,20171211,0.392
maize,ZA-A1-0002,20171211,0.462
maize,ZA-A1-0003,20171211,0.295
maize,ZA-A1-0004,20171211,0.331
maize,ZA-A1-0005,20171211,0.56
maize,ZA-A1-0006,20171211,0.32
maize,ZA-A1-0007,20171211,0.457
maize,ZA-A1-0008,20171211,0.525
maize,ZA-A1-0009,20171211,0.429
maize,ZA-A1-0001,20171219,0.386
maize,ZA-A1-0002,20171219,0.485
maize,ZA-A1-0003,20171219,0.324
maize,ZA-A1-0004,20171219,0.363
maize,ZA-A1-0005,20171219,0.628
maize,ZA-A1-0006,20171219,0.307
maize,ZA-A1-0007,20171219,0.507
maize,ZA-A1-0008,20171219,0.594
maize,ZA-A1-0009,20171219,0.458
maize,ZA-A1-0001,20171227,0.367
maize,ZA-A1-0002,20171227,0.493
maize,ZA-A1-0003,20171227,0.337
maize,ZA-A1-0004,20171227,0.384
maize,ZA-A1-0005,20171227,0.627
maize,ZA-A1-0006,20171227,0.309
maize,ZA-A1-0007,20171227,0.528
maize,ZA-A1-0008,20171227,0.618
maize,ZA-A1-0009,20171227,0.451
maize,ZA-A1-0001,20180101,0.365
maize,ZA-A1-0002,20180101,0.5
maize,ZA-A1-0003,20180101,0.338
maize,ZA-A1-0004,20180101,0.38
maize,ZA-A1-0005,20180101,0.625
maize,ZA-A1-0006,20180101,0.308
maize,ZA-A1-0007,20180101,0.521
maize,ZA-A1-0008,20180101,0.601
maize,ZA-A1-0009,20180101,0.436
maize,ZA-A1-0001,20180109,0.356
maize,ZA-A1-0002,20180109,0.481
maize,ZA-A1-0003,20180109,0.353
maize,ZA-A1-0004,20180109,0.388
maize,ZA-A1-0005,20180109,0.648
maize,ZA-A1-0006,20180109,0.303
maize,ZA-A1-0007,20180109,0.505
maize,ZA-A1-0008,20180109,0.618
maize,ZA-A1-0009,20180109,0.413
maize,ZA-A1-0001,20180117,0.384
maize,ZA-A1-0002,20180117,0.503
maize,ZA-A1-0003,20180117,0.409
maize,ZA-A1-0004,20180117,0.391
maize,ZA-A1-0005,20180117,0.647
maize,ZA-A1-0006,20180117,0.323
maize,ZA-A1-0007,20180117,0.49
maize,ZA-A1-0008,20180117,0.598
maize,ZA-A1-0009,20180117,0.393
maize,ZA-A1-0001,20180125,0.399
maize,ZA-A1-0002,20180125,0.545
maize,ZA-A1-0003,20180125,0.433
maize,ZA-A1-0004,20180125,0.451
maize,ZA-A1-0005,20180125,0.693
maize,ZA-A1-0006,20180125,0.375
maize,ZA-A1-0007,20180125,0.578
maize,ZA-A1-0008,20180125,0.644
maize,ZA-A1-0009,20180125,0.399
maize,ZA-A1-0001,20180202,0.409
maize,ZA-A1-0002,20180202,0.562
maize,ZA-A1-0003,20180202,0.452
maize,ZA-A1-0004,20180202,0.51
maize,ZA-A1-0005,20180202,0.702
maize,ZA-A1-0006,20180202,0.448
maize,ZA-A1-0007,20180202,0.619
maize,ZA-A1-0008,20180202,0.682
maize,ZA-A1-0009,20180202,0.45
maize,ZA-A1-0001,20180210,0.42
maize,ZA-A1-0002,20180210,0.625
maize,ZA-A1-0003,20180210,0.504
maize,ZA-A1-0004,20180210,0.634
maize,ZA-A1-0005,20180210,0.736
maize,ZA-A1-0006,20180210,0.563
maize,ZA-A1-0007,20180210,0.647
maize,ZA-A1-0008,20180210,0.686
maize,ZA-A1-0009,20180210,0.435
maize,ZA-A1-0001,20180218,0.403
maize,ZA-A1-0002,20180218,0.622
maize,ZA-A1-0003,20180218,0.492
maize,ZA-A1-0004,20180218,0.614
maize,ZA-A1-0005,20180218,0.733
maize,ZA-A1-0006,20180218,0.54
maize,ZA-A1-0007,20180218,0.676
maize,ZA-A1-0008,20180218,0.702
maize,ZA-A1-0009,20180218,0.552
maize,ZA-A1-0001,20180226,0.394
maize,ZA-A1-0002,20180226,0.627
maize,ZA-A1-0003,20180226,0.485
maize,ZA-A1-0004,20180226,0.611
maize,ZA-A1-0005,20180226,0.723
maize,ZA-A1-0006,20180226,0.591
maize,ZA-A1-0007,20180226,0.646
maize,ZA-A1-0008,20180226,0.652
maize,ZA-A1-0009,20180226,0.526
maize,ZA-A1-0001,20180306,0.388
maize,ZA-A1-0002,20180306,0.628
maize,ZA-A1-0003,20180306,0.481
maize,ZA-A1-0004,20180306,0.61
maize,ZA-A1-0005,20180306,0.727
maize,ZA-A1-0006,20180306,0.575
maize,ZA-A1-0007,20180306,0.643
maize,ZA-A1-0008,20180306,0.652
maize,ZA-A1-0009,20180306,0.511
maize,ZA-A1-0001,20180314,0.396
maize,ZA-A1-0002,20180314,0.643
maize,ZA-A1-0003,20180314,0.482
maize,ZA-A1-0004,20180314,0.629
maize,ZA-A1-0005,20180314,0.709
maize,ZA-A1-0006,20180314,0.598
maize,ZA-A1-0007,20180314,0.618
maize,ZA-A1-0008,20180314,0.607
maize,ZA-A1-0009,20180314,0.481
maize,ZA-A1-0001,20180322,0.391
maize,ZA-A1-0002,20180322,0.62
maize,ZA-A1-0003,20180322,0.481
maize,ZA-A1-0004,20180322,0.618
maize,ZA-A1-0005,20180322,0.708
maize,ZA-A1-0006,20180322,0.604
maize,ZA-A1-0007,20180322,0.617
maize,ZA-A1-0008,20180322,0.59
maize,ZA-A1-0009,20180322,0.543
maize,ZA-A1-0001,20180330,0.413
maize,ZA-A1-0002,20180330,0.634
maize,ZA-A1-0003,20180330,0.506
maize,ZA-A1-0004,20180330,0.641
maize,ZA-A1-0005,20180330,0.684
maize,ZA-A1-0006,20180330,0.649
maize,ZA-A1-0007,20180330,0.621
maize,ZA-A1-0008,20180330,0.58
maize,ZA-A1-0009,20180330,0.564
maize,ZA-A1-0001,20180407,0.414
maize,ZA-A1-0002,20180407,0.63
maize,ZA-A1-0003,20180407,0.498
maize,ZA-A1-0004,20180407,0.605
maize,ZA-A1-0005,20180407,0.674
maize,ZA-A1-0006,20180407,0.596
maize,ZA-A1-0007,20180407,0.608
maize,ZA-A1-0008,20180407,0.584
maize,ZA-A1-0009,20180407,0.543
maize,ZA-A1-0001,20180415,0.399
maize,ZA-A1-0002,20180415,0.616
maize,ZA-A1-0003,20180415,0.478
maize,ZA-A1-0004,20180415,0.578
maize,ZA-A1-0005,20180415,0.648
maize,ZA-A1-0006,20180415,0.593
maize,ZA-A1-0007,20180415,0.566
maize,ZA-A1-0008,20180415,0.522
maize,ZA-A1-0009,20180415,0.538
maize,ZA-A1-0001,20180423,0.426
maize,ZA-A1-0002,20180423,0.589
maize,ZA-A1-0003,20180423,0.457
maize,ZA-A1-0004,20180423,0.528
maize,ZA-A1-0005,20180423,0.627
maize,ZA-A1-0006,20180423,0.549
maize,ZA-A1-0007,20180423,0.515
maize,ZA-A1-0008,20180423,0.491
maize,ZA-A1-0009,20180423,0.497
maize,ZA-A1-0001,20180501,0.409
maize,ZA-A1-0002,20180501,0.571
maize,ZA-A1-0003,20180501,0.443
maize,ZA-A1-0004,20180501,0.497
maize,ZA-A1-0005,20180501,0.595
maize,ZA-A1-0006,20180501,0.511
maize,ZA-A1-0007,20180501,0.485
maize,ZA-A1-0008,20180501,0.461
maize,ZA-A1-0009,20180501,0.471
maize,ZA-A1-0001,20180509,0.414
maize,ZA-A1-0002,20180509,0.551
maize,ZA-A1-0003,20180509,0.423
maize,ZA-A1-0004,20180509,0.429
maize,ZA-A1-0005,20180509,0.571
maize,ZA-A1-0006,20180509,0.451
maize,ZA-A1-0007,20180509,0.402
maize,ZA-A1-0008,20180509,0.386
maize,ZA-A1-0009,20180509,0.436
maize,ZA-A1-0001,20180517,0.43
maize,ZA-A1-0002,20180517,0.52
maize,ZA-A1-0003,20180517,0.411
maize,ZA-A1-0004,20180517,0.388
maize,ZA-A1-0005,20180517,0.534
maize,ZA-A1-0006,20180517,0.4
maize,ZA-A1-0007,20180517,0.386
maize,ZA-A1-0008,20180517,0.37
maize,ZA-A1-0009,20180517,0.433
maize,ZA-A1-0001,20180525,0.486
maize,ZA-A1-0002,20180525,0.503
maize,ZA-A1-0003,20180525,0.392
maize,ZA-A1-0004,20180525,0.358
maize,ZA-A1-0005,20180525,0.527
maize,ZA-A1-0006,20180525,0.371
maize,ZA-A1-0007,20180525,0.364
maize,ZA-A1-0008,20180525,0.357
maize,ZA-A1-0009,20180525,0.411
maize,ZA-A1-0001,20180602,0.467
maize,ZA-A1-0002,20180602,0.482
maize,ZA-A1-0003,20180602,0.357
maize,ZA-A1-0004,20180602,0.337
maize,ZA-A1-0005,20180602,0.493
maize,ZA-A1-0006,20180602,0.334
maize,ZA-A1-0007,20180602,0.346
maize,ZA-A1-0008,20180602,0.342
maize,ZA-A1-0009,20180602,0.393
maize,ZA-A1-0001,20180610,0.509
maize,ZA-A1-0002,20180610,0.454
maize,ZA-A1-0003,20180610,0.331
maize,ZA-A1-0004,20180610,0.305
maize,ZA-A1-0005,20180610,0.455
maize,ZA-A1-0006,20180610,0.297
maize,ZA-A1-0007,20180610,0.315
maize,ZA-A1-0008,20180610,0.32
maize,ZA-A1-0009,20180610,0.373
maize,ZA-A1-0001,20180618,0.534
maize,ZA-A1-0002,20180618,0.442
maize,ZA-A1-0003,20180618,0.316
maize,ZA-A1-0004,20180618,0.292
maize,ZA-A1-0005,20180618,0.442
maize,ZA-A1-0006,20180618,0.289
maize,ZA-A1-0007,20180618,0.296
maize,ZA-A1-0008,20180618,0.298
maize,ZA-A1-0009,20180618,0.349
maize,ZA-A1-0001,20180626,0.577
maize,ZA-A1-0002,20180626,0.421
maize,ZA-A1-0003,20180626,0.307
maize,ZA-A1-0004,20180626,0.282
maize,ZA-A1-0005,20180626,0.419
maize,ZA-A1-0006,20180626,0.277
maize,ZA-A1-0007,20180626,0.285
maize,ZA-A1-0008,20180626,0.287
maize,ZA-A1-0009,20180626,0.33
maize,ZA-A1-0001,20180704,0.588
maize,ZA-A1-0002,20180704,0.409
maize,ZA-A1-0003,20180704,0.314
maize,ZA-A1-0004,20180704,0.279
maize,ZA-A1-0005,20180704,0.415
maize,ZA-A1-0006,20180704,0.274
maize,ZA-A1-0007,20180704,0.281
maize,ZA-A1-0008,20180704,0.284
maize,ZA-A1-0009,20180704,0.326
maize,ZA-A1-0001,20180712,0.624
maize,ZA-A1-0002,20180712,0.406
maize,ZA-A1-0003,20180712,0.305
maize,ZA-A1-0004,20180712,0.27
maize,ZA-A1-0005,20180712,0.394
maize,ZA-A1-0006,20180712,0.266
maize,ZA-A1-0007,20180712,0.271
maize,ZA-A1-0008,20180712,0.274
maize,ZA-A1-0009,20180712,0.315
maize,ZA-A1-0001,20180720,0.631
maize,ZA-A1-0002,20180720,0.384
maize,ZA-A1-0003,20180720,0.303
maize,ZA-A1-0004,20180720,0.256
maize,ZA-A1-0005,20180720,0.376
maize,ZA-A1-0006,20180720,0.249
maize,ZA-A1-0007,20180720,0.26
maize,ZA-A1-0008,20180720,0.265
maize,ZA-A1-0009,20180720,0.308
maize,ZA-A1-0001,20180728,0.634
maize,ZA-A1-0002,20180728,0.383
maize,ZA-A1-0003,20180728,0.314
maize,ZA-A1-0004,20180728,0.253
maize,ZA-A1-0005,20180728,0.364
maize,ZA-A1-0006,20180728,0.245
maize,ZA-A1-0007,20180728,0.253
maize,ZA-A1-0008,20180728,0.258
maize,ZA-A1-0009,20180728,0.297
maize,ZA-A1-0001,20180813,0.636
maize,ZA-A1-0002,20180813,0.373
maize,ZA-A1-0003,20180813,0.336
maize,ZA-A1-0004,20180813,0.246
maize,ZA-A1-0005,20180813,0.365
maize,ZA-A1-0006,20180813,0.242
maize,ZA-A1-0007,20180813,0.251
maize,ZA-A1-0008,20180813,0.254
maize,ZA-A1-0009,20180813,0.287
maize,ZA-A1-0001,20180821,0.639
maize,ZA-A1-0002,20180821,0.376
maize,ZA-A1-0003,20180821,0.358
maize,ZA-A1-0004,20180821,0.249
maize,ZA-A1-0005,20180821,0.375
maize,ZA-A1-0006,20180821,0.241
maize,ZA-A1-0007,20180821,0.253
maize,ZA-A1-0008,20180821,0.261
maize,ZA-A1-0009,20180821,0.284
maize,ZA-A1-0001,20180829,0.643
maize,ZA-A1-0002,20180829,0.367
maize,ZA-A1-0003,20180829,0.356
maize,ZA-A1-0004,20180829,0.242
maize,ZA-A1-0005,20180829,0.381
maize,ZA-A1-0006,20180829,0.234
maize,ZA-A1-0007,20180829,0.252
maize,ZA-A1-0008,20180829,0.257
maize,ZA-A1-0009,20180829,0.278
maize,ZA-A1-0001,20180906,0.64
maize,ZA-A1-0002,20180906,0.389
maize,ZA-A1-0003,20180906,0.388
maize,ZA-A1-0004,20180906,0.25
maize,ZA-A1-0005,20180906,0.398
maize,ZA-A1-0006,20180906,0.243
maize,ZA-A1-0007,20180906,0.262
maize,ZA-A1-0008,20180906,0.27
maize,ZA-A1-0009,20180906,0.282
maize,ZA-A1-0001,20180914,0.633
maize,ZA-A1-0002,20180914,0.38
maize,ZA-A1-0003,20180914,0.37
maize,ZA-A1-0004,20180914,0.24
maize,ZA-A1-0005,20180914,0.385
maize,ZA-A1-0006,20180914,0.238
maize,ZA-A1-0007,20180914,0.248
maize,ZA-A1-0008,20180914,0.256
maize,ZA-A1-0009,20180914,0.272
maize,ZA-A1-0001,20180922,0.623
maize,ZA-A1-0002,20180922,0.405
maize,ZA-A1-0003,20180922,0.391
maize,ZA-A1-0004,20180922,0.257
maize,ZA-A1-0005,20180922,0.408
maize,ZA-A1-0006,20180922,0.243
maize,ZA-A1-0007,20180922,0.261
maize,ZA-A1-0008,20180922,0.276
maize,ZA-A1-0009,20180922,0.274
maize,ZA-A1-0001,20180930,0.563
maize,ZA-A1-0002,20180930,0.406
maize,ZA-A1-0003,20180930,0.388
maize,ZA-A1-0004,20180930,0.249
maize,ZA-A1-0005,20180930,0.438
maize,ZA-A1-0006,20180930,0.234
maize,ZA-A1-0007,20180930,0.26
maize,ZA-A1-0008,20180930,0.273
maize,ZA-A1-0009,20180930,0.265
maize,ZA-A1-0001,20181008,0.527
maize,ZA-A1-0002,20181008,0.399
maize,ZA-A1-0003,20181008,0.391
maize,ZA-A1-0004,20181008,0.249
maize,ZA-A1-0005,20181008,0.429
maize,ZA-A1-0006,20181008,0.227
maize,ZA-A1-0007,20181008,0.258
maize,ZA-A1-0008,20181008,0.278
maize,ZA-A1-0009,20181008,0.259
maize,ZA-A1-0001,20181016,0.437
maize,ZA-A1-0002,20181016,0.418
maize,ZA-A1-0003,20181016,0.389
maize,ZA-A1-0004,20181016,0.258
maize,ZA-A1-0005,20181016,0.471
maize,ZA-A1-0006,20181016,0.233
maize,ZA-A1-0007,20181016,0.271
maize,ZA-A1-0008,20181016,0.296
maize,ZA-A1-0009,20181016,0.262
maize,ZA-A1-0001,20181024,0.413
maize,ZA-A1-0002,20181024,0.398
maize,ZA-A1-0003,20181024,0.384
maize,ZA-A1-0004,20181024,0.258
maize,ZA-A1-0005,20181024,0.447
maize,ZA-A1-0006,20181024,0.239
maize,ZA-A1-0007,20181024,0.295
maize,ZA-A1-0008,20181024,0.301
maize,ZA-A1-0009,20181024,0.257
maize,ZA-A1-0001,20181031,0.37
maize,ZA-A1-0002,20181031,0.382
maize,ZA-A1-0003,20181031,0.398
maize,ZA-A1-0004,20181031,0.26
maize,ZA-A1-0005,20181031,0.436
maize,ZA-A1-0006,20181031,0.242
maize,ZA-A1-0007,20181031,0.307
maize,ZA-A1-0008,20181031,0.316
maize,ZA-A1-0009,20181031,0.262
maize,ZA-A1-0001,20181101,0.371
maize,ZA-A1-0002,20181101,0.393
maize,ZA-A1-0003,20181101,0.379
maize,ZA-A1-0004,20181101,0.265
maize,ZA-A1-0005,20181101,0.45
maize,ZA-A1-0006,20181101,0.245
maize,ZA-A1-0007,20181101,0.324
maize,ZA-A1-0008,20181101,0.333
maize,ZA-A1-0009,20181101,0.264
maize,ZA-A1-0001,20181109,0.359
maize,ZA-A1-0002,20181109,0.372
maize,ZA-A1-0003,20181109,0.357
maize,ZA-A1-0004,20181109,0.253
maize,ZA-A1-0005,20181109,0.435
maize,ZA-A1-0006,20181109,0.234
maize,ZA-A1-0007,20181109,0.308
maize,ZA-A1-0008,20181109,0.334
maize,ZA-A1-0009,20181109,0.27
maize,ZA-A1-0001,20181117,0.356
maize,ZA-A1-0002,20181117,0.371
maize,ZA-A1-0003,20181117,0.34
maize,ZA-A1-0004,20181117,0.248
maize,ZA-A1-0005,20181117,0.459
maize,ZA-A1-0006,20181117,0.236
maize,ZA-A1-0007,20181117,0.31
maize,ZA-A1-0008,20181117,0.357
maize,ZA-A1-0009,20181117,0.28
maize,ZA-A1-0001,20181125,0.369
maize,ZA-A1-0002,20181125,0.387
maize,ZA-A1-0003,20181125,0.32
maize,ZA-A1-0004,20181125,0.263
maize,ZA-A1-0005,20181125,0.451
maize,ZA-A1-0006,20181125,0.239
maize,ZA-A1-0007,20181125,0.337
maize,ZA-A1-0008,20181125,0.393
maize,ZA-A1-0009,20181125,0.284
maize,ZA-A1-0001,20181203,0.374
maize,ZA-A1-0002,20181203,0.392
maize,ZA-A1-0003,20181203,0.3
maize,ZA-A1-0004,20181203,0.256
maize,ZA-A1-0005,20181203,0.461
maize,ZA-A1-0006,20181203,0.234
maize,ZA-A1-0007,20181203,0.319
maize,ZA-A1-0008,20181203,0.387
maize,ZA-A1-0009,20181203,0.293
maize,ZA-A1-0001,20181211,0.378
maize,ZA-A1-0002,20181211,0.413
maize,ZA-A1-0003,20181211,0.283
maize,ZA-A1-0004,20181211,0.277
maize,ZA-A1-0005,20181211,0.507
maize,ZA-A1-0006,20181211,0.239
maize,ZA-A1-0007,20181211,0.361
maize,ZA-A1-0008,20181211,0.431
maize,ZA-A1-0009,20181211,0.328
maize,ZA-A1-0001,20181219,0.368
maize,ZA-A1-0002,20181219,0.439
maize,ZA-A1-0003,20181219,0.301
maize,ZA-A1-0004,20181219,0.29
maize,ZA-A1-0005,20181219,0.553
maize,ZA-A1-0006,20181219,0.251
maize,ZA-A1-0007,20181219,0.393
maize,ZA-A1-0008,20181219,0.472
maize,ZA-A1-0009,20181219,0.371
maize,ZA-A1-0001,20181227,0.382
maize,ZA-A1-0002,20181227,0.456
maize,ZA-A1-0003,20181227,0.337
maize,ZA-A1-0004,20181227,0.317
maize,ZA-A1-0005,20181227,0.573
maize,ZA-A1-0006,20181227,0.262
maize,ZA-A1-0007,20181227,0.402
maize,ZA-A1-0008,20181227,0.497
maize,ZA-A1-0009,20181227,0.441
maize,ZA-A1-0001,20190101,0.374
maize,ZA-A1-0002,20190101,0.472
maize,ZA-A1-0003,20190101,0.346
maize,ZA-A1-0004,20190101,0.318
maize,ZA-A1-0005,20190101,0.607
maize,ZA-A1-0006,20190101,0.294
maize,ZA-A1-0007,20190101,0.451
maize,ZA-A1-0008,20190101,0.603
maize,ZA-A1-0009,20190101,0.486
maize,ZA-A1-0001,20190109,0.373
maize,ZA-A1-0002,20190109,0.48
maize,ZA-A1-0003,20190109,0.343
maize,ZA-A1-0004,20190109,0.374
maize,ZA-A1-0005,20190109,0.62
maize,ZA-A1-0006,20190109,0.334
maize,ZA-A1-0007,20190109,0.557
maize,ZA-A1-0008,20190109,0.645
maize,ZA-A1-0009,20190109,0.523
maize,ZA-A1-0001,20190117,0.374
maize,ZA-A1-0002,20190117,0.447
maize,ZA-A1-0003,20190117,0.369
maize,ZA-A1-0004,20190117,0.367
maize,ZA-A1-0005,20190117,0.607
maize,ZA-A1-0006,20190117,0.324
maize,ZA-A1-0007,20190117,0.554
maize,ZA-A1-0008,20190117,0.621
maize,ZA-A1-0009,20190117,0.505
maize,ZA-A1-0001,20190125,0.358
maize,ZA-A1-0002,20190125,0.466
maize,ZA-A1-0003,20190125,0.401
maize,ZA-A1-0004,20190125,0.383
maize,ZA-A1-0005,20190125,0.634
maize,ZA-A1-0006,20190125,0.352
maize,ZA-A1-0007,20190125,0.602
maize,ZA-A1-0008,20190125,0.651
maize,ZA-A1-0009,20190125,0.531
maize,ZA-A1-0001,20190202,0.379
maize,ZA-A1-0002,20190202,0.527
maize,ZA-A1-0003,20190202,0.429
maize,ZA-A1-0004,20190202,0.43
maize,ZA-A1-0005,20190202,0.658
maize,ZA-A1-0006,20190202,0.396
maize,ZA-A1-0007,20190202,0.684
maize,ZA-A1-0008,20190202,0.672
maize,ZA-A1-0009,20190202,0.542
maize,ZA-A1-0001,20190210,0.392
maize,ZA-A1-0002,20190210,0.587
maize,ZA-A1-0003,20190210,0.479
maize,ZA-A1-0004,20190210,0.534
maize,ZA-A1-0005,20190210,0.734
maize,ZA-A1-0006,20190210,0.534
maize,ZA-A1-0007,20190210,0.735
maize,ZA-A1-0008,20190210,0.733
maize,ZA-A1-0009,20190210,0.575
maize,ZA-A1-0001,20190218,0.382
maize,ZA-A1-0002,20190218,0.581
maize,ZA-A1-0003,20190218,0.472
maize,ZA-A1-0004,20190218,0.532
maize,ZA-A1-0005,20190218,0.722
maize,ZA-A1-0006,20190218,0.508
maize,ZA-A1-0007,20190218,0.687
maize,ZA-A1-0008,20190218,0.698
maize,ZA-A1-0009,20190218,0.557
maize,ZA-A1-0001,20190226,0.384
maize,ZA-A1-0002,20190226,0.569
maize,ZA-A1-0003,20190226,0.467
maize,ZA-A1-0004,20190226,0.512
maize,ZA-A1-0005,20190226,0.707
maize,ZA-A1-0006,20190226,0.489
maize,ZA-A1-0007,20190226,0.675
maize,ZA-A1-0008,20190226,0.694
maize,ZA-A1-0009,20190226,0.566
maize,ZA-A1-0001,20190306,0.424
maize,ZA-A1-0002,20190306,0.61
maize,ZA-A1-0003,20190306,0.482
maize,ZA-A1-0004,20190306,0.547
maize,ZA-A1-0005,20190306,0.724
maize,ZA-A1-0006,20190306,0.521
maize,ZA-A1-0007,20190306,0.663
maize,ZA-A1-0008,20190306,0.659
maize,ZA-A1-0009,20190306,0.549
maize,ZA-A1-0001,20190314,0.45
maize,ZA-A1-0002,20190314,0.63
maize,ZA-A1-0003,20190314,0.504
maize,ZA-A1-0004,20190314,0.554
maize,ZA-A1-0005,20190314,0.712
maize,ZA-A1-0006,20190314,0.57
maize,ZA-A1-0007,20190314,0.591
maize,ZA-A1-0008,20190314,0.581
maize,ZA-A1-0009,20190314,0.493
maize,ZA-A1-0001,20190322,0.468
maize,ZA-A1-0002,20190322,0.629
maize,ZA-A1-0003,20190322,0.49
maize,ZA-A1-0004,20190322,0.567
maize,ZA-A1-0005,20190322,0.722
maize,ZA-A1-0006,20190322,0.527
maize,ZA-A1-0007,20190322,0.567
maize,ZA-A1-0008,20190322,0.537
maize,ZA-A1-0009,20190322,0.472
maize,ZA-A1-0001,20190330,0.482
maize,ZA-A1-0002,20190330,0.641
maize,ZA-A1-0003,20190330,0.47
maize,ZA-A1-0004,20190330,0.547
maize,ZA-A1-0005,20190330,0.696
maize,ZA-A1-0006,20190330,0.507
maize,ZA-A1-0007,20190330,0.532
maize,ZA-A1-0008,20190330,0.528
maize,ZA-A1-0009,20190330,0.474
maize,ZA-A1-0001,20190407,0.467
maize,ZA-A1-0002,20190407,0.607
maize,ZA-A1-0003,20190407,0.485
maize,ZA-A1-0004,20190407,0.567
maize,ZA-A1-0005,20190407,0.662
maize,ZA-A1-0006,20190407,0.574
maize,ZA-A1-0007,20190407,0.544
maize,ZA-A1-0008,20190407,0.516
maize,ZA-A1-0009,20190407,0.517
maize,ZA-A1-0001,20190415,0.489
maize,ZA-A1-0002,20190415,0.604
maize,ZA-A1-0003,20190415,0.466
maize,ZA-A1-0004,20190415,0.532
maize,ZA-A1-0005,20190415,0.662
maize,ZA-A1-0006,20190415,0.534
maize,ZA-A1-0007,20190415,0.486
maize,ZA-A1-0008,20190415,0.49
maize,ZA-A1-0009,20190415,0.5
maize,ZA-A1-0001,20190423,0.49
maize,ZA-A1-0002,20190423,0.597
maize,ZA-A1-0003,20190423,0.463
maize,ZA-A1-0004,20190423,0.508
maize,ZA-A1-0005,20190423,0.631
maize,ZA-A1-0006,20190423,0.546
maize,ZA-A1-0007,20190423,0.478
maize,ZA-A1-0008,20190423,0.465
maize,ZA-A1-0009,20190423,0.492
maize,ZA-A1-0001,20190501,0.486
maize,ZA-A1-0002,20190501,0.574
maize,ZA-A1-0003,20190501,0.426
maize,ZA-A1-0004,20190501,0.475
maize,ZA-A1-0005,20190501,0.614
maize,ZA-A1-0006,20190501,0.505
maize,ZA-A1-0007,20190501,0.442
maize,ZA-A1-0008,20190501,0.443
maize,ZA-A1-0009,20190501,0.458
maize,ZA-A1-0001,20190509,0.466
maize,ZA-A1-0002,20190509,0.564
maize,ZA-A1-0003,20190509,0.421
maize,ZA-A1-0004,20190509,0.456
maize,ZA-A1-0005,20190509,0.582
maize,ZA-A1-0006,20190509,0.487
maize,ZA-A1-0007,20190509,0.412
maize,ZA-A1-0008,20190509,0.411
maize,ZA-A1-0009,20190509,0.422
maize,ZA-A1-0001,20190517,0.484
maize,ZA-A1-0002,20190517,0.545
maize,ZA-A1-0003,20190517,0.407
maize,ZA-A1-0004,20190517,0.424
maize,ZA-A1-0005,20190517,0.559
maize,ZA-A1-0006,20190517,0.45
maize,ZA-A1-0007,20190517,0.386
maize,ZA-A1-0008,20190517,0.368
maize,ZA-A1-0009,20190517,0.396
maize,ZA-A1-0001,20190525,0.517
maize,ZA-A1-0002,20190525,0.535
maize,ZA-A1-0003,20190525,0.394
maize,ZA-A1-0004,20190525,0.402
maize,ZA-A1-0005,20190525,0.535
maize,ZA-A1-0006,20190525,0.422
maize,ZA-A1-0007,20190525,0.36
maize,ZA-A1-0008,20190525,0.353
maize,ZA-A1-0009,20190525,0.378
maize,ZA-A1-0001,20190602,0.526
maize,ZA-A1-0002,20190602,0.506
maize,ZA-A1-0003,20190602,0.373
maize,ZA-A1-0004,20190602,0.357
maize,ZA-A1-0005,20190602,0.497
maize,ZA-A1-0006,20190602,0.378
maize,ZA-A1-0007,20190602,0.321
maize,ZA-A1-0008,20190602,0.32
maize,ZA-A1-0009,20190602,0.358
maize,ZA-A1-0001,20190610,0.567
maize,ZA-A1-0002,20190610,0.474
maize,ZA-A1-0003,20190610,0.332
maize,ZA-A1-0004,20190610,0.322
maize,ZA-A1-0005,20190610,0.46
maize,ZA-A1-0006,20190610,0.334
maize,ZA-A1-0007,20190610,0.305
maize,ZA-A1-0008,20190610,0.303
maize,ZA-A1-0009,20190610,0.339
maize,ZA-A1-0001,20190618,0.558
maize,ZA-A1-0002,20190618,0.44
maize,ZA-A1-0003,20190618,0.309
maize,ZA-A1-0004,20190618,0.302
maize,ZA-A1-0005,20190618,0.431
maize,ZA-A1-0006,20190618,0.312
maize,ZA-A1-0007,20190618,0.291
maize,ZA-A1-0008,20190618,0.285
maize,ZA-A1-0009,20190618,0.327
maize,ZA-A1-0001,20190626,0.599
maize,ZA-A1-0002,20190626,0.422
maize,ZA-A1-0003,20190626,0.296
maize,ZA-A1-0004,20190626,0.287
maize,ZA-A1-0005,20190626,0.403
maize,ZA-A1-0006,20190626,0.294
maize,ZA-A1-0007,20190626,0.27
maize,ZA-A1-0008,20190626,0.275
maize,ZA-A1-0009,20190626,0.311
maize,ZA-A1-0001,20190704,0.616
maize,ZA-A1-0002,20190704,0.414
maize,ZA-A1-0003,20190704,0.291
maize,ZA-A1-0004,20190704,0.283
maize,ZA-A1-0005,20190704,0.399
maize,ZA-A1-0006,20190704,0.284
maize,ZA-A1-0007,20190704,0.271
maize,ZA-A1-0008,20190704,0.271
maize,ZA-A1-0009,20190704,0.302
maize,ZA-A1-0001,20190712,0.639
maize,ZA-A1-0002,20190712,0.398
maize,ZA-A1-0003,20190712,0.294
maize,ZA-A1-0004,20190712,0.271
maize,ZA-A1-0005,20190712,0.377
maize,ZA-A1-0006,20190712,0.274
maize,ZA-A1-0007,20190712,0.255
maize,ZA-A1-0008,20190712,0.26
maize,ZA-A1-0009,20190712,0.294
maize,ZA-A1-0001,20190720,0.625
maize,ZA-A1-0002,20190720,0.387
maize,ZA-A1-0003,20190720,0.302
maize,ZA-A1-0004,20190720,0.266
maize,ZA-A1-0005,20190720,0.369
maize,ZA-A1-0006,20190720,0.263
maize,ZA-A1-0007,20190720,0.247
maize,ZA-A1-0008,20190720,0.255
maize,ZA-A1-0009,20190720,0.279
maize,ZA-A1-0001,20190728,0.655
maize,ZA-A1-0002,20190728,0.378
maize,ZA-A1-0003,20190728,0.319
maize,ZA-A1-0004,20190728,0.261
maize,ZA-A1-0005,20190728,0.362
maize,ZA-A1-0006,20190728,0.26
maize,ZA-A1-0007,20190728,0.25
maize,ZA-A1-0008,20190728,0.258
maize,ZA-A1-0009,20190728,0.284
maize,ZA-A1-0001,20190805,0.634
maize,ZA-A1-0002,20190805,0.374
maize,ZA-A1-0003,20190805,0.334
maize,ZA-A1-0004,20190805,0.26
maize,ZA-A1-0005,20190805,0.362
maize,ZA-A1-0006,20190805,0.258
maize,ZA-A1-0007,20190805,0.254
maize,ZA-A1-0008,20190805,0.262
maize,ZA-A1-0009,20190805,0.284
maize,ZA-A1-0001,20190813,0.622
maize,ZA-A1-0002,20190813,0.364
maize,ZA-A1-0003,20190813,0.353
maize,ZA-A1-0004,20190813,0.26
maize,ZA-A1-0005,20190813,0.364
maize,ZA-A1-0006,20190813,0.255
maize,ZA-A1-0007,20190813,0.25
maize,ZA-A1-0008,20190813,0.256
maize,ZA-A1-0009,20190813,0.279
maize,ZA-A1-0001,20190821,0.592
maize,ZA-A1-0002,20190821,0.355
maize,ZA-A1-0003,20190821,0.364
maize,ZA-A1-0004,20190821,0.252
maize,ZA-A1-0005,20190821,0.356
maize,ZA-A1-0006,20190821,0.247
maize,ZA-A1-0007,20190821,0.244
maize,ZA-A1-0008,20190821,0.244
maize,ZA-A1-0009,20190821,0.271
maize,ZA-A1-0001,20190829,0.563
maize,ZA-A1-0002,20190829,0.354
maize,ZA-A1-0003,20190829,0.371
maize,ZA-A1-0004,20190829,0.253
maize,ZA-A1-0005,20190829,0.364
maize,ZA-A1-0006,20190829,0.246
maize,ZA-A1-0007,20190829,0.242
maize,ZA-A1-0008,20190829,0.247
maize,ZA-A1-0009,20190829,0.269
maize,ZA-A1-0001,20190906,0.519
maize,ZA-A1-0002,20190906,0.348
maize,ZA-A1-0003,20190906,0.382
maize,ZA-A1-0004,20190906,0.253
maize,ZA-A1-0005,20190906,0.353
maize,ZA-A1-0006,20190906,0.249
maize,ZA-A1-0007,20190906,0.25
maize,ZA-A1-0008,20190906,0.248
maize,ZA-A1-0009,20190906,0.266
maize,ZA-A1-0001,20190914,0.482
maize,ZA-A1-0002,20190914,0.349
maize,ZA-A1-0003,20190914,0.385
maize,ZA-A1-0004,20190914,0.253
maize,ZA-A1-0005,20190914,0.367
maize,ZA-A1-0006,20190914,0.246
maize,ZA-A1-0007,20190914,0.246
maize,ZA-A1-0008,20190914,0.251
maize,ZA-A1-0009,20190914,0.266
maize,ZA-A1-0001,20190922,0.457
maize,ZA-A1-0002,20190922,0.343
maize,ZA-A1-0003,20190922,0.389
maize,ZA-A1-0004,20190922,0.249
maize,ZA-A1-0005,20190922,0.35
maize,ZA-A1-0006,20190922,0.241
maize,ZA-A1-0007,20190922,0.247
maize,ZA-A1-0008,20190922,0.249
maize,ZA-A1-0009,20190922,0.263
maize,ZA-A1-0001,20190930,0.443
maize,ZA-A1-0002,20190930,0.353
maize,ZA-A1-0003,20190930,0.384
maize,ZA-A1-0004,20190930,0.248
maize,ZA-A1-0005,20190930,0.355
maize,ZA-A1-0006,20190930,0.24
maize,ZA-A1-0007,20190930,0.243
maize,ZA-A1-0008,20190930,0.246
maize,ZA-A1-0009,20190930,0.259
maize,ZA-A1-0001,20191008,0.422
maize,ZA-A1-0002,20191008,0.353
maize,ZA-A1-0003,20191008,0.397
maize,ZA-A1-0004,20191008,0.248
maize,ZA-A1-0005,20191008,0.362
maize,ZA-A1-0006,20191008,0.236
maize,ZA-A1-0007,20191008,0.245
maize,ZA-A1-0008,20191008,0.251
maize,ZA-A1-0009,20191008,0.26
maize,ZA-A1-0001,20191016,0.416
maize,ZA-A1-0002,20191016,0.349
maize,ZA-A1-0003,20191016,0.389
maize,ZA-A1-0004,20191016,0.242
maize,ZA-A1-0005,20191016,0.359
maize,ZA-A1-0006,20191016,0.237
maize,ZA-A1-0007,20191016,0.24
maize,ZA-A1-0008,20191016,0.248
maize,ZA-A1-0009,20191016,0.254
maize,ZA-A1-0001,20191024,0.395
maize,ZA-A1-0002,20191024,0.334
maize,ZA-A1-0003,20191024,0.386
maize,ZA-A1-0004,20191024,0.242
maize,ZA-A1-0005,20191024,0.358
maize,ZA-A1-0006,20191024,0.237
maize,ZA-A1-0007,20191024,0.252
maize,ZA-A1-0008,20191024,0.267
maize,ZA-A1-0009,20191024,0.264
maize,ZA-A1-0001,20191101,0.377
maize,ZA-A1-0002,20191101,0.334
maize,ZA-A1-0003,20191101,0.368
maize,ZA-A1-0004,20191101,0.245
maize,ZA-A1-0005,20191101,0.362
maize,ZA-A1-0006,20191101,0.238
maize,ZA-A1-0007,20191101,0.262
maize,ZA-A1-0008,20191101,0.271
maize,ZA-A1-0009,20191101,0.257
maize,ZA-A1-0001,20191109,0.39
maize,ZA-A1-0002,20191109,0.35
maize,ZA-A1-0003,20191109,0.359
maize,ZA-A1-0004,20191109,0.255
maize,ZA-A1-0005,20191109,0.383
maize,ZA-A1-0006,20191109,0.269
maize,ZA-A1-0007,20191109,0.315
maize,ZA-A1-0008,20191109,0.317
maize,ZA-A1-0009,20191109,0.288
maize,ZA-A1-0001,20191117,0.401
maize,ZA-A1-0002,20191117,0.365
maize,ZA-A1-0003,20191117,0.346
maize,ZA-A1-0004,20191117,0.267
maize,ZA-A1-0005,20191117,0.452
maize,ZA-A1-0006,20191117,0.279
maize,ZA-A1-0007,20191117,0.372
maize,ZA-A1-0008,20191117,0.373
maize,ZA-A1-0009,20191117,0.361
maize,ZA-A1-0001,20191125,0.377
maize,ZA-A1-0002,20191125,0.365
maize,ZA-A1-0003,20191125,0.314
maize,ZA-A1-0004,20191125,0.263
maize,ZA-A1-0005,20191125,0.475
maize,ZA-A1-0006,20191125,0.282
maize,ZA-A1-0007,20191125,0.389
maize,ZA-A1-0008,20191125,0.386
maize,ZA-A1-0009,20191125,0.396
maize,ZA-A1-0001,20191203,0.363
maize,ZA-A1-0002,20191203,0.404
maize,ZA-A1-0003,20191203,0.345
maize,ZA-A1-0004,20191203,0.281
maize,ZA-A1-0005,20191203,0.487
maize,ZA-A1-0006,20191203,0.296
maize,ZA-A1-0007,20191203,0.373
maize,ZA-A1-0008,20191203,0.372
maize,ZA-A1-0009,20191203,0.395
maize,ZA-A1-0001,20191211,0.36
maize,ZA-A1-0002,20191211,0.41
maize,ZA-A1-0003,20191211,0.321
maize,ZA-A1-0004,20191211,0.327
maize,ZA-A1-0005,20191211,0.553
maize,ZA-A1-0006,20191211,0.338
maize,ZA-A1-0007,20191211,0.446
maize,ZA-A1-0008,20191211,0.478
maize,ZA-A1-0009,20191211,0.487
maize,ZA-A1-0001,20191219,0.349
maize,ZA-A1-0002,20191219,0.428
maize,ZA-A1-0003,20191219,0.319
maize,ZA-A1-0004,20191219,0.366
maize,ZA-A1-0005,20191219,0.568
maize,ZA-A1-0006,20191219,0.378
maize,ZA-A1-0007,20191219,0.493
maize,ZA-A1-0008,20191219,0.525
maize,ZA-A1-0009,20191219,0.473
maize,ZA-A1-0001,20191227,0.373
maize,ZA-A1-0002,20191227,0.463
maize,ZA-A1-0003,20191227,0.366
maize,ZA-A1-0004,20191227,0.437
maize,ZA-A1-0005,20191227,0.632
maize,ZA-A1-0006,20191227,0.435
maize,ZA-A1-0007,20191227,0.556
maize,ZA-A1-0008,20191227,0.603
maize,ZA-A1-0009,20191227,0.487
maize,ZA-A1-0001,20200101,0.355
maize,ZA-A1-0002,20200101,0.436
maize,ZA-A1-0003,20200101,0.404
maize,ZA-A1-0004,20200101,0.419
maize,ZA-A1-0005,20200101,0.626
maize,ZA-A1-0006,20200101,0.429
maize,ZA-A1-0007,20200101,0.555
maize,ZA-A1-0008,20200101,0.615
maize,ZA-A1-0009,20200101,0.477
maize,ZA-A1-0001,20200109,0.343
maize,ZA-A1-0002,20200109,0.519
maize,ZA-A1-0003,20200109,0.437
maize,ZA-A1-0004,20200109,0.502
maize,ZA-A1-0005,20200109,0.707
maize,ZA-A1-0006,20200109,0.481
maize,ZA-A1-0007,20200109,0.625
maize,ZA-A1-0008,20200109,0.689
maize,ZA-A1-0009,20200109,0.512
maize,ZA-A1-0001,20200117,0.405
maize,ZA-A1-0002,20200117,0.591
maize,ZA-A1-0003,20200117,0.471
maize,ZA-A1-0004,20200117,0.534
maize,ZA-A1-0005,20200117,0.739
maize,ZA-A1-0006,20200117,0.524
maize,ZA-A1-0007,20200117,0.643
maize,ZA-A1-0008,20200117,0.662
maize,ZA-A1-0009,20200117,0.578
maize,ZA-A1-0001,20200125,0.41
maize,ZA-A1-0002,20200125,0.574
maize,ZA-A1-0003,20200125,0.468
maize,ZA-A1-0004,20200125,0.551
maize,ZA-A1-0005,20200125,0.727
maize,ZA-A1-0006,20200125,0.526
maize,ZA-A1-0007,20200125,0.641
maize,ZA-A1-0008,20200125,0.709
maize,ZA-A1-0009,20200125,0.55
maize,ZA-A1-0001,20200202,0.446
maize,ZA-A1-0002,20200202,0.585
maize,ZA-A1-0003,20200202,0.514
maize,ZA-A1-0004,20200202,0.576
maize,ZA-A1-0005,20200202,0.706
maize,ZA-A1-0006,20200202,0.557
maize,ZA-A1-0007,20200202,0.612
maize,ZA-A1-0008,20200202,0.684
maize,ZA-A1-0009,20200202,0.524
maize,ZA-A1-0001,20200210,0.458
maize,ZA-A1-0002,20200210,0.617
maize,ZA-A1-0003,20200210,0.526
maize,ZA-A1-0004,20200210,0.6
maize,ZA-A1-0005,20200210,0.732
maize,ZA-A1-0006,20200210,0.605
maize,ZA-A1-0007,20200210,0.655
maize,ZA-A1-0008,20200210,0.708
maize,ZA-A1-0009,20200210,0.599
maize,ZA-A1-0001,20200218,0.442
maize,ZA-A1-0002,20200218,0.654
maize,ZA-A1-0003,20200218,0.575
maize,ZA-A1-0004,20200218,0.642
maize,ZA-A1-0005,20200218,0.762
maize,ZA-A1-0006,20200218,0.638
maize,ZA-A1-0007,20200218,0.664
maize,ZA-A1-0008,20200218,0.708
maize,ZA-A1-0009,20200218,0.56
maize,ZA-A1-0001,20200226,0.43
maize,ZA-A1-0002,20200226,0.632
maize,ZA-A1-0003,20200226,0.584
maize,ZA-A1-0004,20200226,0.622
maize,ZA-A1-0005,20200226,0.745
maize,ZA-A1-0006,20200226,0.632
maize,ZA-A1-0007,20200226,0.641
maize,ZA-A1-0008,20200226,0.684
maize,ZA-A1-0009,20200226,0.573
maize,ZA-A1-0001,20200305,0.41
maize,ZA-A1-0002,20200305,0.628
maize,ZA-A1-0003,20200305,0.563
maize,ZA-A1-0004,20200305,0.618
maize,ZA-A1-0005,20200305,0.719
maize,ZA-A1-0006,20200305,0.62
maize,ZA-A1-0007,20200305,0.634
maize,ZA-A1-0008,20200305,0.645
maize,ZA-A1-0009,20200305,0.534
maize,ZA-A1-0001,20200313,0.433
maize,ZA-A1-0002,20200313,0.664
maize,ZA-A1-0003,20200313,0.582
maize,ZA-A1-0004,20200313,0.609
maize,ZA-A1-0005,20200313,0.713
maize,ZA-A1-0006,20200313,0.613
maize,ZA-A1-0007,20200313,0.615
maize,ZA-A1-0008,20200313,0.619
maize,ZA-A1-0009,20200313,0.515
maize,ZA-A1-0001,20200321,0.41
maize,ZA-A1-0002,20200321,0.648
maize,ZA-A1-0003,20200321,0.527
maize,ZA-A1-0004,20200321,0.595
maize,ZA-A1-0005,20200321,0.703
maize,ZA-A1-0006,20200321,0.597
maize,ZA-A1-0007,20200321,0.614
maize,ZA-A1-0008,20200321,0.599
maize,ZA-A1-0009,20200321,0.508
maize,ZA-A1-0001,20200329,0.398
maize,ZA-A1-0002,20200329,0.636
maize,ZA-A1-0003,20200329,0.533
maize,ZA-A1-0004,20200329,0.576
maize,ZA-A1-0005,20200329,0.692
maize,ZA-A1-0006,20200329,0.602
maize,ZA-A1-0007,20200329,0.584
maize,ZA-A1-0008,20200329,0.577
maize,ZA-A1-0009,20200329,0.485
maize,ZA-A1-0001,20200406,0.401
maize,ZA-A1-0002,20200406,0.63
maize,ZA-A1-0003,20200406,0.511
maize,ZA-A1-0004,20200406,0.544
maize,ZA-A1-0005,20200406,0.654
maize,ZA-A1-0006,20200406,0.553
maize,ZA-A1-0007,20200406,0.538
maize,ZA-A1-0008,20200406,0.521
maize,ZA-A1-0009,20200406,0.463
maize,ZA-A1-0001,20200414,0.386
maize,ZA-A1-0002,20200414,0.606
maize,ZA-A1-0003,20200414,0.469
maize,ZA-A1-0004,20200414,0.502
maize,ZA-A1-0005,20200414,0.634
maize,ZA-A1-0006,20200414,0.511
maize,ZA-A1-0007,20200414,0.507
maize,ZA-A1-0008,20200414,0.503
maize,ZA-A1-0009,20200414,0.455
maize,ZA-A1-0001,20200422,0.387
maize,ZA-A1-0002,20200422,0.593
maize,ZA-A1-0003,20200422,0.485
maize,ZA-A1-0004,20200422,0.494
maize,ZA-A1-0005,20200422,0.601
maize,ZA-A1-0006,20200422,0.513
maize,ZA-A1-0007,20200422,0.488
maize,ZA-A1-0008,20200422,0.476
maize,ZA-A1-0009,20200422,0.45
maize,ZA-A1-0001,20200430,0.407
maize,ZA-A1-0002,20200430,0.589
maize,ZA-A1-0003,20200430,0.442
maize,ZA-A1-0004,20200430,0.45
maize,ZA-A1-0005,20200430,0.6
maize,ZA-A1-0006,20200430,0.436
maize,ZA-A1-0007,20200430,0.472
maize,ZA-A1-0008,20200430,0.473
maize,ZA-A1-0009,20200430,0.452
maize,ZA-A1-0001,20200508,0.415
maize,ZA-A1-0002,20200508,0.556
maize,ZA-A1-0003,20200508,0.413
maize,ZA-A1-0004,20200508,0.405
maize,ZA-A1-0005,20200508,0.574
maize,ZA-A1-0006,20200508,0.407
maize,ZA-A1-0007,20200508,0.426
maize,ZA-A1-0008,20200508,0.431
maize,ZA-A1-0009,20200508,0.421
maize,ZA-A1-0001,20200516,0.412
maize,ZA-A1-0002,20200516,0.535
maize,ZA-A1-0003,20200516,0.386
maize,ZA-A1-0004,20200516,0.358
maize,ZA-A1-0005,20200516,0.536
maize,ZA-A1-0006,20200516,0.359
maize,ZA-A1-0007,20200516,0.392
maize,ZA-A1-0008,20200516,0.395
maize,ZA-A1-0009,20200516,0.394
maize,ZA-A1-0001,20200524,0.444
maize,ZA-A1-0002,20200524,0.495
maize,ZA-A1-0003,20200524,0.353
maize,ZA-A1-0004,20200524,0.319
maize,ZA-A1-0005,20200524,0.501
maize,ZA-A1-0006,20200524,0.324
maize,ZA-A1-0007,20200524,0.338
maize,ZA-A1-0008,20200524,0.346
maize,ZA-A1-0009,20200524,0.365
maize,ZA-A1-0001,20200601,0.496
maize,ZA-A1-0002,20200601,0.479
maize,ZA-A1-0003,20200601,0.337
maize,ZA-A1-0004,20200601,0.299
maize,ZA-A1-0005,20200601,0.449
maize,ZA-A1-0006,20200601,0.3
maize,ZA-A1-0007,20200601,0.316
maize,ZA-A1-0008,20200601,0.317
maize,ZA-A1-0009,20200601,0.338
maize,ZA-A1-0001,20200609,0.583
maize,ZA-A1-0002,20200609,0.443
maize,ZA-A1-0003,20200609,0.317
maize,ZA-A1-0004,20200609,0.286
maize,ZA-A1-0005,20200609,0.429
maize,ZA-A1-0006,20200609,0.291
maize,ZA-A1-0007,20200609,0.299
maize,ZA-A1-0008,20200609,0.298
maize,ZA-A1-0009,20200609,0.322
maize,ZA-A1-0001,20200617,0.579
maize,ZA-A1-0002,20200617,0.433
maize,ZA-A1-0003,20200617,0.311
maize,ZA-A1-0004,20200617,0.272
maize,ZA-A1-0005,20200617,0.413
maize,ZA-A1-0006,20200617,0.271
maize,ZA-A1-0007,20200617,0.278
maize,ZA-A1-0008,20200617,0.283
maize,ZA-A1-0009,20200617,0.305
maize,ZA-A1-0001,20200625,0.639
maize,ZA-A1-0002,20200625,0.399
maize,ZA-A1-0003,20200625,0.298
maize,ZA-A1-0004,20200625,0.263
maize,ZA-A1-0005,20200625,0.383
maize,ZA-A1-0006,20200625,0.262
maize,ZA-A1-0007,20200625,0.273
maize,ZA-A1-0008,20200625,0.272
maize,ZA-A1-0009,20200625,0.298
maize,ZA-A1-0001,20200703,0.659
maize,ZA-A1-0002,20200703,0.392
maize,ZA-A1-0003,20200703,0.288
maize,ZA-A1-0004,20200703,0.258
maize,ZA-A1-0005,20200703,0.378
maize,ZA-A1-0006,20200703,0.255
maize,ZA-A1-0007,20200703,0.266
maize,ZA-A1-0008,20200703,0.266
maize,ZA-A1-0009,20200703,0.293
maize,ZA-A1-0001,20200711,0.677
maize,ZA-A1-0002,20200711,0.386
maize,ZA-A1-0003,20200711,0.298
maize,ZA-A1-0004,20200711,0.253
maize,ZA-A1-0005,20200711,0.37
maize,ZA-A1-0006,20200711,0.248
maize,ZA-A1-0007,20200711,0.258
maize,ZA-A1-0008,20200711,0.26
maize,ZA-A1-0009,20200711,0.284
maize,ZA-A1-0001,20200719,0.673
maize,ZA-A1-0002,20200719,0.363
maize,ZA-A1-0003,20200719,0.3
maize,ZA-A1-0004,20200719,0.243
maize,ZA-A1-0005,20200719,0.351
maize,ZA-A1-0006,20200719,0.242
maize,ZA-A1-0007,20200719,0.249
maize,ZA-A1-0008,20200719,0.248
maize,ZA-A1-0009,20200719,0.278
maize,ZA-A1-0001,20200727,0.683
maize,ZA-A1-0002,20200727,0.361
maize,ZA-A1-0003,20200727,0.324
maize,ZA-A1-0004,20200727,0.239
maize,ZA-A1-0005,20200727,0.346
maize,ZA-A1-0006,20200727,0.236
maize,ZA-A1-0007,20200727,0.243
maize,ZA-A1-0008,20200727,0.248
maize,ZA-A1-0009,20200727,0.28
maize,ZA-A1-0001,20200804,0.689
maize,ZA-A1-0002,20200804,0.349
maize,ZA-A1-0003,20200804,0.342
maize,ZA-A1-0004,20200804,0.236
maize,ZA-A1-0005,20200804,0.341
maize,ZA-A1-0006,20200804,0.234
maize,ZA-A1-0007,20200804,0.241
maize,ZA-A1-0008,20200804,0.242
maize,ZA-A1-0009,20200804,0.276
maize,ZA-A1-0001,20200812,0.677
maize,ZA-A1-0002,20200812,0.343
maize,ZA-A1-0003,20200812,0.358
maize,ZA-A1-0004,20200812,0.232
maize,ZA-A1-0005,20200812,0.337
maize,ZA-A1-0006,20200812,0.235
maize,ZA-A1-0007,20200812,0.24
maize,ZA-A1-0008,20200812,0.242
maize,ZA-A1-0009,20200812,0.276
maize,ZA-A1-0001,20200820,0.685
maize,ZA-A1-0002,20200820,0.343
maize,ZA-A1-0003,20200820,0.383
maize,ZA-A1-0004,20200820,0.233
maize,ZA-A1-0005,20200820,0.335
maize,ZA-A1-0006,20200820,0.232
maize,ZA-A1-0007,20200820,0.239
maize,ZA-A1-0008,20200820,0.239
maize,ZA-A1-0009,20200820,0.272
maize,ZA-A1-0001,20200828,0.678
maize,ZA-A1-0002,20200828,0.344
maize,ZA-A1-0003,20200828,0.391
maize,ZA-A1-0004,20200828,0.238
maize,ZA-A1-0005,20200828,0.344
maize,ZA-A1-0006,20200828,0.243
maize,ZA-A1-0007,20200828,0.255
maize,ZA-A1-0008,20200828,0.251
maize,ZA-A1-0009,20200828,0.294
maize,ZA-A1-0001,20200905,0.689
maize,ZA-A1-0002,20200905,0.344
maize,ZA-A1-0003,20200905,0.434
maize,ZA-A1-0004,20200905,0.234
maize,ZA-A1-0005,20200905,0.347
maize,ZA-A1-0006,20200905,0.238
maize,ZA-A1-0007,20200905,0.251
maize,ZA-A1-0008,20200905,0.247
maize,ZA-A1-0009,20200905,0.27
maize,ZA-A1-0001,20200913,0.672
maize,ZA-A1-0002,20200913,0.357
maize,ZA-A1-0003,20200913,0.422
maize,ZA-A1-0004,20200913,0.233
maize,ZA-A1-0005,20200913,0.349
maize,ZA-A1-0006,20200913,0.248
maize,ZA-A1-0007,20200913,0.255
maize,ZA-A1-0008,20200913,0.244
maize,ZA-A1-0009,20200913,0.272
maize,ZA-A1-0001,20200921,0.641
maize,ZA-A1-0002,20200921,0.362
maize,ZA-A1-0003,20200921,0.434
maize,ZA-A1-0004,20200921,0.238
maize,ZA-A1-0005,20200921,0.357
maize,ZA-A1-0006,20200921,0.245
maize,ZA-A1-0007,20200921,0.265
maize,ZA-A1-0008,20200921,0.26
maize,ZA-A1-0009,20200921,0.275
maize,ZA-A1-0001,20200929,0.606
maize,ZA-A1-0002,20200929,0.361
maize,ZA-A1-0003,20200929,0.434
maize,ZA-A1-0004,20200929,0.244
maize,ZA-A1-0005,20200929,0.375
maize,ZA-A1-0006,20200929,0.252
maize,ZA-A1-0007,20200929,0.279
maize,ZA-A1-0008,20200929,0.283
maize,ZA-A1-0009,20200929,0.284
maize,ZA-A1-0001,20201007,0.572
maize,ZA-A1-0002,20201007,0.382
maize,ZA-A1-0003,20201007,0.44
maize,ZA-A1-0004,20201007,0.245
maize,ZA-A1-0005,20201007,0.408
maize,ZA-A1-0006,20201007,0.249
maize,ZA-A1-0007,20201007,0.286
maize,ZA-A1-0008,20201007,0.288
maize,ZA-A1-0009,20201007,0.3
maize,ZA-A1-0001,20201015,0.524
maize,ZA-A1-0002,20201015,0.391
maize,ZA-A1-0003,20201015,0.442
maize,ZA-A1-0004,20201015,0.244
maize,ZA-A1-0005,20201015,0.391
maize,ZA-A1-0006,20201015,0.251
maize,ZA-A1-0007,20201015,0.282
maize,ZA-A1-0008,20201015,0.295
maize,ZA-A1-0009,20201015,0.312
maize,ZA-A1-0001,20201023,0.465
maize,ZA-A1-0002,20201023,0.407
maize,ZA-A1-0003,20201023,0.431
maize,ZA-A1-0004,20201023,0.256
maize,ZA-A1-0005,20201023,0.398
maize,ZA-A1-0006,20201023,0.257
maize,ZA-A1-0007,20201023,0.288
maize,ZA-A1-0008,20201023,0.321
maize,ZA-A1-0009,20201023,0.337
maize,ZA-A1-0001,20201031,0.464
maize,ZA-A1-0002,20201031,0.445
maize,ZA-A1-0003,20201031,0.447
maize,ZA-A1-0004,20201031,0.282
maize,ZA-A1-0005,20201031,0.479
maize,ZA-A1-0006,20201031,0.257
maize,ZA-A1-0007,20201031,0.349
maize,ZA-A1-0008,20201031,0.386
maize,ZA-A1-0009,20201031,0.398
maize,ZA-A1-0001,20201108,0.418
maize,ZA-A1-0002,20201108,0.441
maize,ZA-A1-0003,20201108,0.41
maize,ZA-A1-0004,20201108,0.282
maize,ZA-A1-0005,20201108,0.48
maize,ZA-A1-0006,20201108,0.295
maize,ZA-A1-0007,20201108,0.337
maize,ZA-A1-0008,20201108,0.36
maize,ZA-A1-0009,20201108,0.395
maize,ZA-A1-0001,20201116,0.425
maize,ZA-A1-0002,20201116,0.511
maize,ZA-A1-0003,20201116,0.413
maize,ZA-A1-0004,20201116,0.34
maize,ZA-A1-0005,20201116,0.569
maize,ZA-A1-0006,20201116,0.312
maize,ZA-A1-0007,20201116,0.399
maize,ZA-A1-0008,20201116,0.416
maize,ZA-A1-0009,20201116,0.442
maize,ZA-A1-0001,20201124,0.414
maize,ZA-A1-0002,20201124,0.492
maize,ZA-A1-0003,20201124,0.399
maize,ZA-A1-0004,20201124,0.326
maize,ZA-A1-0005,20201124,0.572
maize,ZA-A1-0006,20201124,0.319
maize,ZA-A1-0007,20201124,0.416
maize,ZA-A1-0008,20201124,0.452
maize,ZA-A1-0009,20201124,0.425
maize,ZA-A1-0001,20201202,0.414
maize,ZA-A1-0002,20201202,0.491
maize,ZA-A1-0003,20201202,0.381
maize,ZA-A1-0004,20201202,0.379
maize,ZA-A1-0005,20201202,0.609
maize,ZA-A1-0006,20201202,0.343
maize,ZA-A1-0007,20201202,0.515
maize,ZA-A1-0008,20201202,0.588
maize,ZA-A1-0009,20201202,0.49
maize,ZA-A1-0001,20201210,0.423
maize,ZA-A1-0002,20201210,0.543
maize,ZA-A1-0003,20201210,0.383
maize,ZA-A1-0004,20201210,0.41
maize,ZA-A1-0005,20201210,0.607
maize,ZA-A1-0006,20201210,0.349
maize,ZA-A1-0007,20201210,0.481
maize,ZA-A1-0008,20201210,0.56
maize,ZA-A1-0009,20201210,0.445
maize,ZA-A1-0001,20201218,0.43
maize,ZA-A1-0002,20201218,0.554
maize,ZA-A1-0003,20201218,0.425
maize,ZA-A1-0004,20201218,0.457
maize,ZA-A1-0005,20201218,0.636
maize,ZA-A1-0006,20201218,0.382
maize,ZA-A1-0007,20201218,0.542
maize,ZA-A1-0008,20201218,0.582
maize,ZA-A1-0009,20201218,0.56
maize,ZA-A1-0001,20201226,0.408
maize,ZA-A1-0002,20201226,0.564
maize,ZA-A1-0003,20201226,0.445
maize,ZA-A1-0004,20201226,0.495
maize,ZA-A1-0005,20201226,0.694
maize,ZA-A1-0006,20201226,0.413
maize,ZA-A1-0007,20201226,0.573
maize,ZA-A1-0008,20201226,0.654
maize,ZA-A1-0009,20201226,0.554
maize,ZA-A1-0001,20210101,0.406
maize,ZA-A1-0002,20210101,0.59
maize,ZA-A1-0003,20210101,0.544
maize,ZA-A1-0004,20210101,0.552
maize,ZA-A1-0005,20210101,0.729
maize,ZA-A1-0006,20210101,0.454
maize,ZA-A1-0007,20210101,0.593
maize,ZA-A1-0008,20210101,0.648
maize,ZA-A1-0009,20210101,0.515
maize,ZA-A1-0001,20210109,0.431
maize,ZA-A1-0002,20210109,0.624
maize,ZA-A1-0003,20210109,0.581
maize,ZA-A1-0004,20210109,0.61
maize,ZA-A1-0005,20210109,0.738
maize,ZA-A1-0006,20210109,0.548
maize,ZA-A1-0007,20210109,0.626
maize,ZA-A1-0008,20210109,0.728
maize,ZA-A1-0009,20210109,0.545
maize,ZA-A1-0001,20210117,0.408
maize,ZA-A1-0002,20210117,0.636
maize,ZA-A1-0003,20210117,0.55
maize,ZA-A1-0004,20210117,0.641
maize,ZA-A1-0005,20210117,0.716
maize,ZA-A1-0006,20210117,0.591
maize,ZA-A1-0007,20210117,0.643
maize,ZA-A1-0008,20210117,0.687
maize,ZA-A1-0009,20210117,0.487
maize,ZA-A1-0001,20210125,0.405
maize,ZA-A1-0002,20210125,0.638
maize,ZA-A1-0003,20210125,0.586
maize,ZA-A1-0004,20210125,0.626
maize,ZA-A1-0005,20210125,0.749
maize,ZA-A1-0006,20210125,0.636
maize,ZA-A1-0008,20210125,0.725
maize,ZA-A1-0009,20210125,0.537
maize,ZA-A1-0001,20210202,0.404
maize,ZA-A1-0002,20210202,0.643
maize,ZA-A1-0003,20210202,0.61
maize,ZA-A1-0004,20210202,0.691
maize,ZA-A1-0005,20210202,0.759
maize,ZA-A1-0006,20210202,0.662
maize,ZA-A1-0007,20210202,0.795
maize,ZA-A1-0008,20210202,0.728
maize,ZA-A1-0009,20210202,0.625
maize,ZA-A1-0001,20210210,0.392
maize,ZA-A1-0002,20210210,0.639
maize,ZA-A1-0003,20210210,0.581
maize,ZA-A1-0004,20210210,0.661
maize,ZA-A1-0005,20210210,0.757
maize,ZA-A1-0006,20210210,0.665
maize,ZA-A1-0007,20210210,0.704
maize,ZA-A1-0008,20210210,0.758
maize,ZA-A1-0009,20210210,0.621
maize,ZA-A1-0001,20210218,0.406
maize,ZA-A1-0002,20210218,0.627
maize,ZA-A1-0003,20210218,0.541
maize,ZA-A1-0004,20210218,0.628
maize,ZA-A1-0005,20210218,0.732
maize,ZA-A1-0006,20210218,0.63
maize,ZA-A1-0007,20210218,0.67
maize,ZA-A1-0008,20210218,0.688
maize,ZA-A1-0009,20210218,0.606
maize,ZA-A1-0001,20210226,0.394
maize,ZA-A1-0002,20210226,0.619
maize,ZA-A1-0003,20210226,0.543
maize,ZA-A1-0004,20210226,0.64
maize,ZA-A1-0005,20210226,0.717
maize,ZA-A1-0006,20210226,0.651
maize,ZA-A1-0007,20210226,0.676
maize,ZA-A1-0008,20210226,0.693
maize,ZA-A1-0009,20210226,0.626
maize,ZA-A1-0001,20210306,0.41
maize,ZA-A1-0002,20210306,0.604
maize,ZA-A1-0003,20210306,0.523
maize,ZA-A1-0004,20210306,0.598
maize,ZA-A1-0005,20210306,0.693
maize,ZA-A1-0006,20210306,0.612
maize,ZA-A1-0007,20210306,0.639
maize,ZA-A1-0008,20210306,0.655
maize,ZA-A1-0009,20210306,0.6
maize,ZA-A1-0001,20210314,0.451
maize,ZA-A1-0002,20210314,0.614
maize,ZA-A1-0003,20210314,0.533
maize,ZA-A1-0004,20210314,0.562
maize,ZA-A1-0005,20210314,0.673
maize,ZA-A1-0006,20210314,0.591
maize,ZA-A1-0007,20210314,0.603
maize,ZA-A1-0008,20210314,0.611
maize,ZA-A1-0009,20210314,0.57
maize,ZA-A1-0001,20210322,0.438
maize,ZA-A1-0002,20210322,0.597
maize,ZA-A1-0003,20210322,0.539
maize,ZA-A1-0004,20210322,0.544
maize,ZA-A1-0005,20210322,0.655
maize,ZA-A1-0006,20210322,0.589
maize,ZA-A1-0007,20210322,0.566
maize,ZA-A1-0008,20210322,0.557
maize,ZA-A1-0009,20210322,0.565
maize,ZA-A1-0001,20210330,0.435
maize,ZA-A1-0002,20210330,0.581
maize,ZA-A1-0003,20210330,0.515
maize,ZA-A1-0004,20210330,0.517
maize,ZA-A1-0005,20210330,0.641
maize,ZA-A1-0006,20210330,0.546
maize,ZA-A1-0007,20210330,0.528
maize,ZA-A1-0008,20210330,0.525
maize,ZA-A1-0009,20210330,0.535
maize,ZA-A1-0001,20210407,0.457
maize,ZA-A1-0002,20210407,0.552
maize,ZA-A1-0003,20210407,0.498
maize,ZA-A1-0004,20210407,0.483
maize,ZA-A1-0005,20210407,0.619
maize,ZA-A1-0006,20210407,0.511
maize,ZA-A1-0007,20210407,0.508
maize,ZA-A1-0008,20210407,0.486
maize,ZA-A1-0009,20210407,0.511
maize,ZA-A1-0001,20210415,0.441
maize,ZA-A1-0002,20210415,0.532
maize,ZA-A1-0003,20210415,0.455
maize,ZA-A1-0004,20210415,0.443
maize,ZA-A1-0005,20210415,0.581
maize,ZA-A1-0006,20210415,0.454
maize,ZA-A1-0007,20210415,0.464
maize,ZA-A1-0008,20210415,0.44
maize,ZA-A1-0009,20210415,0.479
maize,ZA-A1-0001,20210423,0.447
maize,ZA-A1-0002,20210423,0.529
maize,ZA-A1-0003,20210423,0.437
maize,ZA-A1-0004,20210423,0.41
maize,ZA-A1-0005,20210423,0.567
maize,ZA-A1-0006,20210423,0.41
maize,ZA-A1-0007,20210423,0.404
maize,ZA-A1-0008,20210423,0.413
maize,ZA-A1-0009,20210423,0.446
maize,ZA-A1-0001,20210501,0.452
maize,ZA-A1-0002,20210501,0.514
maize,ZA-A1-0003,20210501,0.438
maize,ZA-A1-0004,20210501,0.387
maize,ZA-A1-0005,20210501,0.55
maize,ZA-A1-0006,20210501,0.392
maize,ZA-A1-0007,20210501,0.386
maize,ZA-A1-0008,20210501,0.398
maize,ZA-A1-0009,20210501,0.432
maize,ZA-A1-0001,20210509,0.488
maize,ZA-A1-0002,20210509,0.493
maize,ZA-A1-0003,20210509,0.408
maize,ZA-A1-0004,20210509,0.366
maize,ZA-A1-0005,20210509,0.536
maize,ZA-A1-0006,20210509,0.37
maize,ZA-A1-0007,20210509,0.374
maize,ZA-A1-0008,20210509,0.369
maize,ZA-A1-0009,20210509,0.413
maize,ZA-A1-0001,20210517,0.527
maize,ZA-A1-0002,20210517,0.481
maize,ZA-A1-0003,20210517,0.381
maize,ZA-A1-0004,20210517,0.338
maize,ZA-A1-0005,20210517,0.512
maize,ZA-A1-0006,20210517,0.353
maize,ZA-A1-0007,20210517,0.346
maize,ZA-A1-0008,20210517,0.344
maize,ZA-A1-0009,20210517,0.389
maize,ZA-A1-0001,20210525,0.579
maize,ZA-A1-0002,20210525,0.45
maize,ZA-A1-0003,20210525,0.347
maize,ZA-A1-0004,20210525,0.31
maize,ZA-A1-0005,20210525,0.49
maize,ZA-A1-0006,20210525,0.324
maize,ZA-A1-0007,20210525,0.327
maize,ZA-A1-0008,20210525,0.319
maize,ZA-A1-0009,20210525,0.371
maize,ZA-A1-0001,20210602,0.574
maize,ZA-A1-0002,20210602,0.462
maize,ZA-A1-0003,20210602,0.338
maize,ZA-A1-0004,20210602,0.301
maize,ZA-A1-0005,20210602,0.474
maize,ZA-A1-0006,20210602,0.306
maize,ZA-A1-0007,20210602,0.313
maize,ZA-A1-0008,20210602,0.314
maize,ZA-A1-0009,20210602,0.353
maize,ZA-A1-0001,20210610,0.621
maize,ZA-A1-0002,20210610,0.423
maize,ZA-A1-0003,20210610,0.323
maize,ZA-A1-0004,20210610,0.279
maize,ZA-A1-0005,20210610,0.44
maize,ZA-A1-0006,20210610,0.284
maize,ZA-A1-0007,20210610,0.293
maize,ZA-A1-0008,20210610,0.29
maize,ZA-A1-0009,20210610,0.341
maize,ZA-A1-0001,20210618,0.633
maize,ZA-A1-0002,20210618,0.415
maize,ZA-A1-0003,20210618,0.31
maize,ZA-A1-0004,20210618,0.272
maize,ZA-A1-0005,20210618,0.428
maize,ZA-A1-0006,20210618,0.273
maize,ZA-A1-0007,20210618,0.281
maize,ZA-A1-0008,20210618,0.282
maize,ZA-A1-0009,20210618,0.328
maize,ZA-A1-0001,20210626,0.659
maize,ZA-A1-0002,20210626,0.404
maize,ZA-A1-0003,20210626,0.307
maize,ZA-A1-0004,20210626,0.262
maize,ZA-A1-0005,20210626,0.404
maize,ZA-A1-0006,20210626,0.263
maize,ZA-A1-0007,20210626,0.272
maize,ZA-A1-0008,20210626,0.268
maize,ZA-A1-0009,20210626,0.317
maize,ZA-A1-0001,20210704,0.664
maize,ZA-A1-0002,20210704,0.392
maize,ZA-A1-0003,20210704,0.307
maize,ZA-A1-0004,20210704,0.257
maize,ZA-A1-0005,20210704,0.398
maize,ZA-A1-0006,20210704,0.256
maize,ZA-A1-0007,20210704,0.265
maize,ZA-A1-0008,20210704,0.264
maize,ZA-A1-0009,20210704,0.315
maize,ZA-A1-0001,20210712,0.676
maize,ZA-A1-0002,20210712,0.371
maize,ZA-A1-0003,20210712,0.306
maize,ZA-A1-0004,20210712,0.248
maize,ZA-A1-0005,20210712,0.389
maize,ZA-A1-0006,20210712,0.25
maize,ZA-A1-0007,20210712,0.255
maize,ZA-A1-0008,20210712,0.259
maize,ZA-A1-0009,20210712,0.307
maize,ZA-A1-0001,20210720,0.649
maize,ZA-A1-0002,20210720,0.355
maize,ZA-A1-0003,20210720,0.294
maize,ZA-A1-0004,20210720,0.24
maize,ZA-A1-0005,20210720,0.371
maize,ZA-A1-0006,20210720,0.241
maize,ZA-A1-0007,20210720,0.245
maize,ZA-A1-0008,20210720,0.25
maize,ZA-A1-0009,20210720,0.302
maize,ZA-A1-0001,20210728,0.683
maize,ZA-A1-0002,20210728,0.345
maize,ZA-A1-0003,20210728,0.303
maize,ZA-A1-0004,20210728,0.235
maize,ZA-A1-0005,20210728,0.36
maize,ZA-A1-0006,20210728,0.233
maize,ZA-A1-0007,20210728,0.239
maize,ZA-A1-0008,20210728,0.246
maize,ZA-A1-0009,20210728,0.295
maize,ZA-A1-0001,20210805,0.706
maize,ZA-A1-0002,20210805,0.352
maize,ZA-A1-0003,20210805,0.323
maize,ZA-A1-0004,20210805,0.233
maize,ZA-A1-0005,20210805,0.351
maize,ZA-A1-0006,20210805,0.23
maize,ZA-A1-0007,20210805,0.236
maize,ZA-A1-0008,20210805,0.245
maize,ZA-A1-0009,20210805,0.289
maize,ZA-A1-0001,20210813,0.702
maize,ZA-A1-0002,20210813,0.353
maize,ZA-A1-0003,20210813,0.37
maize,ZA-A1-0004,20210813,0.241
maize,ZA-A1-0005,20210813,0.358
maize,ZA-A1-0006,20210813,0.238
maize,ZA-A1-0007,20210813,0.245
maize,ZA-A1-0008,20210813,0.25
maize,ZA-A1-0009,20210813,0.292
maize,ZA-A1-0001,20210821,0.702
maize,ZA-A1-0002,20210821,0.346
maize,ZA-A1-0003,20210821,0.37
maize,ZA-A1-0004,20210821,0.231
maize,ZA-A1-0005,20210821,0.36
maize,ZA-A1-0006,20210821,0.232
maize,ZA-A1-0007,20210821,0.242
maize,ZA-A1-0008,20210821,0.25
maize,ZA-A1-0009,20210821,0.291
maize,ZA-A1-0001,20210829,0.686
maize,ZA-A1-0002,20210829,0.346
maize,ZA-A1-0003,20210829,0.394
maize,ZA-A1-0004,20210829,0.227
maize,ZA-A1-0005,20210829,0.357
maize,ZA-A1-0006,20210829,0.23
maize,ZA-A1-0007,20210829,0.24
maize,ZA-A1-0008,20210829,0.243
maize,ZA-A1-0009,20210829,0.287
maize,ZA-A1-0001,20210906,0.687
maize,ZA-A1-0002,20210906,0.364
maize,ZA-A1-0003,20210906,0.425
maize,ZA-A1-0004,20210906,0.233
maize,ZA-A1-0005,20210906,0.375
maize,ZA-A1-0006,20210906,0.236
maize,ZA-A1-0007,20210906,0.246
maize,ZA-A1-0008,20210906,0.25
maize,ZA-A1-0009,20210906,0.289
maize,ZA-A1-0001,20210914,0.682
maize,ZA-A1-0002,20210914,0.381
maize,ZA-A1-0003,20210914,0.432
maize,ZA-A1-0004,20210914,0.235
maize,ZA-A1-0005,20210914,0.399
maize,ZA-A1-0006,20210914,0.234
maize,ZA-A1-0007,20210914,0.236
maize,ZA-A1-0008,20210914,0.247
maize,ZA-A1-0009,20210914,0.281
maize,ZA-A1-0001,20210922,0.655
maize,ZA-A1-0002,20210922,0.375
maize,ZA-A1-0003,20210922,0.427
maize,ZA-A1-0004,20210922,0.24
maize,ZA-A1-0005,20210922,0.409
maize,ZA-A1-0006,20210922,0.235
maize,ZA-A1-0007,20210922,0.24
maize,ZA-A1-0008,20210922,0.248
maize,ZA-A1-0009,20210922,0.279
maize,ZA-A1-0001,20210930,0.61
maize,ZA-A1-0002,20210930,0.417
maize,ZA-A1-0003,20210930,0.452
maize,ZA-A1-0004,20210930,0.255
maize,ZA-A1-0005,20210930,0.435
maize,ZA-A1-0006,20210930,0.242
maize,ZA-A1-0007,20210930,0.259
maize,ZA-A1-0008,20210930,0.25
maize,ZA-A1-0009,20210930,0.285
maize,ZA-A1-0001,20211008,0.58
maize,ZA-A1-0002,20211008,0.412
maize,ZA-A1-0003,20211008,0.436
maize,ZA-A1-0004,20211008,0.257
maize,ZA-A1-0005,20211008,0.459
maize,ZA-A1-0006,20211008,0.251
maize,ZA-A1-0007,20211008,0.284
maize,ZA-A1-0008,20211008,0.281
maize,ZA-A1-0009,20211008,0.291
maize,ZA-A1-0001,20211016,0.522
maize,ZA-A1-0002,20211016,0.415
maize,ZA-A1-0003,20211016,0.423
maize,ZA-A1-0004,20211016,0.261
maize,ZA-A1-0005,20211016,0.473
maize,ZA-A1-0006,20211016,0.251
maize,ZA-A1-0007,20211016,0.3
maize,ZA-A1-0008,20211016,0.306
maize,ZA-A1-0009,20211016,0.3
maize,ZA-A1-0001,20211024,0.485
maize,ZA-A1-0002,20211024,0.462
maize,ZA-A1-0003,20211024,0.441
maize,ZA-A1-0004,20211024,0.288
maize,ZA-A1-0005,20211024,0.511
maize,ZA-A1-0006,20211024,0.258
maize,ZA-A1-0007,20211024,0.32
maize,ZA-A1-0008,20211024,0.348
maize,ZA-A1-0009,20211024,0.302
maize,ZA-A1-0001,20211101,0.509
maize,ZA-A1-0002,20211101,0.438
maize,ZA-A1-0003,20211101,0.446
maize,ZA-A1-0004,20211101,0.278
maize,ZA-A1-0005,20211101,0.491
maize,ZA-A1-0006,20211101,0.263
maize,ZA-A1-0007,20211101,0.338
maize,ZA-A1-0008,20211101,0.343
maize,ZA-A1-0009,20211101,0.29
maize,ZA-A1-0001,20211109,0.428
maize,ZA-A1-0002,20211109,0.463
maize,ZA-A1-0003,20211109,0.434
maize,ZA-A1-0004,20211109,0.303
maize,ZA-A1-0005,20211109,0.502
maize,ZA-A1-0006,20211109,0.28
maize,ZA-A1-0007,20211109,0.371
maize,ZA-A1-0008,20211109,0.384
maize,ZA-A1-0009,20211109,0.315
maize,ZA-A1-0001,20211117,0.443
maize,ZA-A1-0002,20211117,0.492
maize,ZA-A1-0003,20211117,0.402
maize,ZA-A1-0004,20211117,0.307
maize,ZA-A1-0005,20211117,0.523
maize,ZA-A1-0006,20211117,0.262
maize,ZA-A1-0007,20211117,0.405
maize,ZA-A1-0008,20211117,0.466
maize,ZA-A1-0009,20211117,0.386
maize,ZA-A1-0001,20211125,0.427
maize,ZA-A1-0002,20211125,0.476
maize,ZA-A1-0003,20211125,0.406
maize,ZA-A1-0004,20211125,0.353
maize,ZA-A1-0005,20211125,0.523
maize,ZA-A1-0006,20211125,0.302
maize,ZA-A1-0007,20211125,0.479
maize,ZA-A1-0008,20211125,0.518
maize,ZA-A1-0009,20211125,0.401
maize,ZA-A1-0001,20211203,0.357
maize,ZA-A1-0002,20211203,0.55
maize,ZA-A1-0003,20211203,0.426
maize,ZA-A1-0004,20211203,0.401
maize,ZA-A1-0005,20211203,0.572
maize,ZA-A1-0006,20211203,0.333
maize,ZA-A1-0007,20211203,0.513
maize,ZA-A1-0008,20211203,0.554
maize,ZA-A1-0009,20211203,0.473
maize,ZA-A1-0001,20211211,0.48
maize,ZA-A1-0002,20211211,0.532
maize,ZA-A1-0003,20211211,0.438
maize,ZA-A1-0004,20211211,0.416
maize,ZA-A1-0005,20211211,0.617
maize,ZA-A1-0006,20211211,0.364
maize,ZA-A1-0007,20211211,0.534
maize,ZA-A1-0008,20211211,0.583
maize,ZA-A1-0009,20211211,0.538
maize,ZA-A1-0001,20211219,0.514
maize,ZA-A1-0002,20211219,0.595
maize,ZA-A1-0003,20211219,0.453
maize,ZA-A1-0004,20211219,0.442
maize,ZA-A1-0005,20211219,0.667
maize,ZA-A1-0006,20211219,0.41
maize,ZA-A1-0007,20211219,0.557
maize,ZA-A1-0008,20211219,0.597
maize,ZA-A1-0009,20211219,0.554
maize,ZA-A1-0001,20211227,0.498
maize,ZA-A1-0002,20211227,0.591
maize,ZA-A1-0003,20211227,0.446
maize,ZA-A1-0004,20211227,0.459
maize,ZA-A1-0005,20211227,0.663
maize,ZA-A1-0006,20211227,0.388
maize,ZA-A1-0007,20211227,0.54
maize,ZA-A1-0008,20211227,0.619
maize,ZA-A1-0009,20211227,0.569
maize,ZA-A1-0001,20220101,0.487
maize,ZA-A1-0002,20220101,0.599
maize,ZA-A1-0003,20220101,0.453
maize,ZA-A1-0004,20220101,0.499
maize,ZA-A1-0005,20220101,0.695
maize,ZA-A1-0006,20220101,0.418
maize,ZA-A1-0007,20220101,0.621
maize,ZA-A1-0008,20220101,0.669
maize,ZA-A1-0009,20220101,0.596
maize,ZA-A1-0001,20220109,0.472
maize,ZA-A1-0002,20220109,0.597
maize,ZA-A1-0003,20220109,0.527
maize,ZA-A1-0004,20220109,0.536
maize,ZA-A1-0005,20220109,0.703
maize,ZA-A1-0006,20220109,0.461
maize,ZA-A1-0007,20220109,0.641
maize,ZA-A1-0008,20220109,0.652
maize,ZA-A1-0009,20220109,0.575
maize,ZA-A1-0001,20220117,0.452
maize,ZA-A1-0002,20220117,0.606
maize,ZA-A1-0003,20220117,0.558
maize,ZA-A1-0004,20220117,0.581
maize,ZA-A1-0005,20220117,0.728
maize,ZA-A1-0006,20220117,0.531
maize,ZA-A1-0007,20220117,0.669
maize,ZA-A1-0008,20220117,0.709
maize,ZA-A1-0009,20220117,0.594
maize,ZA-A1-0001,20220125,0.445
maize,ZA-A1-0002,20220125,0.621
maize,ZA-A1-0003,20220125,0.535
maize,ZA-A1-0004,20220125,0.594
maize,ZA-A1-0005,20220125,0.715
maize,ZA-A1-0006,20220125,0.581
maize,ZA-A1-0007,20220125,0.657
maize,ZA-A1-0008,20220125,0.677
maize,ZA-A1-0009,20220125,0.585
maize,ZA-A1-0001,20220202,0.436
maize,ZA-A1-0002,20220202,0.636
maize,ZA-A1-0003,20220202,0.613
maize,ZA-A1-0004,20220202,0.634
maize,ZA-A1-0005,20220202,0.727
maize,ZA-A1-0006,20220202,0.644
maize,ZA-A1-0007,20220202,0.691
maize,ZA-A1-0008,20220202,0.701
maize,ZA-A1-0009,20220202,0.587
maize,ZA-A1-0001,20220210,0.427
maize,ZA-A1-0002,20220210,0.643
maize,ZA-A1-0003,20220210,0.601
maize,ZA-A1-0004,20220210,0.632
maize,ZA-A1-0005,20220210,0.738
maize,ZA-A1-0006,20220210,0.64
maize,ZA-A1-0007,20220210,0.666
maize,ZA-A1-0008,20220210,0.688
maize,ZA-A1-0009,20220210,0.581
maize,ZA-A1-0001,20220218,0.427
maize,ZA-A1-0002,20220218,0.654
maize,ZA-A1-0003,20220218,0.628
maize,ZA-A1-0004,20220218,0.641
maize,ZA-A1-0005,20220218,0.754
maize,ZA-A1-0006,20220218,0.645
maize,ZA-A1-0007,20220218,0.665
maize,ZA-A1-0008,20220218,0.712
maize,ZA-A1-0009,20220218,0.568
maize,ZA-A1-0001,20220226,0.431
maize,ZA-A1-0002,20220226,0.642
maize,ZA-A1-0003,20220226,0.57
maize,ZA-A1-0004,20220226,0.642
maize,ZA-A1-0005,20220226,0.748
maize,ZA-A1-0006,20220226,0.664
maize,ZA-A1-0007,20220226,0.673
maize,ZA-A1-0008,20220226,0.675
maize,ZA-A1-0009,20220226,0.557
maize,ZA-A1-0001,20220306,0.429
maize,ZA-A1-0002,20220306,0.654
maize,ZA-A1-0003,20220306,0.61
maize,ZA-A1-0004,20220306,0.656
maize,ZA-A1-0005,20220306,0.732
maize,ZA-A1-0006,20220306,0.693
maize,ZA-A1-0007,20220306,0.663
maize,ZA-A1-0008,20220306,0.659
maize,ZA-A1-0009,20220306,0.543
maize,ZA-A1-0001,20220314,0.423
maize,ZA-A1-0002,20220314,0.649
maize,ZA-A1-0003,20220314,0.573
maize,ZA-A1-0004,20220314,0.628
maize,ZA-A1-0005,20220314,0.722
maize,ZA-A1-0006,20220314,0.692
maize,ZA-A1-0007,20220314,0.633
maize,ZA-A1-0008,20220314,0.627
maize,ZA-A1-0009,20220314,0.529
maize,ZA-A1-0001,20220322,0.436
maize,ZA-A1-0002,20220322,0.631
maize,ZA-A1-0003,20220322,0.61
maize,ZA-A1-0004,20220322,0.606
maize,ZA-A1-0005,20220322,0.701
maize,ZA-A1-0006,20220322,0.652
maize,ZA-A1-0007,20220322,0.634
maize,ZA-A1-0008,20220322,0.623
maize,ZA-A1-0009,20220322,0.549
maize,ZA-A1-0001,20220330,0.429
maize,ZA-A1-0002,20220330,0.617
maize,ZA-A1-0003,20220330,0.582
maize,ZA-A1-0004,20220330,0.572
maize,ZA-A1-0005,20220330,0.669
maize,ZA-A1-0006,20220330,0.637
maize,ZA-A1-0007,20220330,0.58
maize,ZA-A1-0008,20220330,0.551
maize,ZA-A1-0009,20220330,0.533
maize,ZA-A1-0001,20220407,0.436
maize,ZA-A1-0002,20220407,0.642
maize,ZA-A1-0003,20220407,0.562
maize,ZA-A1-0004,20220407,0.532
maize,ZA-A1-0005,20220407,0.635
maize,ZA-A1-0006,20220407,0.595
maize,ZA-A1-0007,20220407,0.576
maize,ZA-A1-0008,20220407,0.566
maize,ZA-A1-0009,20220407,0.564
maize,ZA-A1-0001,20220415,0.439
maize,ZA-A1-0002,20220415,0.588
maize,ZA-A1-0003,20220415,0.53
maize,ZA-A1-0004,20220415,0.491
maize,ZA-A1-0005,20220415,0.623
maize,ZA-A1-0006,20220415,0.536
maize,ZA-A1-0007,20220415,0.499
maize,ZA-A1-0008,20220415,0.489
maize,ZA-A1-0009,20220415,0.545
maize,ZA-A1-0001,20220423,0.443
maize,ZA-A1-0002,20220423,0.567
maize,ZA-A1-0003,20220423,0.51
maize,ZA-A1-0004,20220423,0.456
maize,ZA-A1-0005,20220423,0.608
maize,ZA-A1-0006,20220423,0.485
maize,ZA-A1-0007,20220423,0.464
maize,ZA-A1-0008,20220423,0.456
maize,ZA-A1-0009,20220423,0.537
maize,ZA-A1-0001,20220501,0.439
maize,ZA-A1-0002,20220501,0.541
maize,ZA-A1-0003,20220501,0.461
maize,ZA-A1-0004,20220501,0.407
maize,ZA-A1-0005,20220501,0.584
maize,ZA-A1-0006,20220501,0.431
maize,ZA-A1-0007,20220501,0.43
maize,ZA-A1-0008,20220501,0.439
maize,ZA-A1-0009,20220501,0.515
maize,ZA-A1-0001,20220509,0.455
maize,ZA-A1-0002,20220509,0.542
maize,ZA-A1-0003,20220509,0.431
maize,ZA-A1-0004,20220509,0.384
maize,ZA-A1-0005,20220509,0.575
maize,ZA-A1-0006,20220509,0.398
maize,ZA-A1-0007,20220509,0.409
maize,ZA-A1-0008,20220509,0.425
maize,ZA-A1-0009,20220509,0.5
maize,ZA-A1-0001,20220517,0.466
maize,ZA-A1-0002,20220517,0.52
maize,ZA-A1-0003,20220517,0.407
maize,ZA-A1-0004,20220517,0.373
maize,ZA-A1-0005,20220517,0.544
maize,ZA-A1-0006,20220517,0.397
maize,ZA-A1-0007,20220517,0.396
maize,ZA-A1-0008,20220517,0.401
maize,ZA-A1-0009,20220517,0.482
maize,ZA-A1-0001,20220525,0.481
maize,ZA-A1-0002,20220525,0.501
maize,ZA-A1-0003,20220525,0.383
maize,ZA-A1-0004,20220525,0.345
maize,ZA-A1-0005,20220525,0.522
maize,ZA-A1-0006,20220525,0.358
maize,ZA-A1-0007,20220525,0.38
maize,ZA-A1-0008,20220525,0.375
maize,ZA-A1-0009,20220525,0.464
maize,ZA-A1-0001,20220602,0.478
maize,ZA-A1-0002,20220602,0.471
maize,ZA-A1-0003,20220602,0.333
maize,ZA-A1-0004,20220602,0.314
maize,ZA-A1-0005,20220602,0.476
maize,ZA-A1-0006,20220602,0.33
maize,ZA-A1-0007,20220602,0.334
maize,ZA-A1-0008,20220602,0.34
maize,ZA-A1-0009,20220602,0.42
maize,ZA-A1-0001,20220610,0.503
maize,ZA-A1-0002,20220610,0.449
maize,ZA-A1-0003,20220610,0.312
maize,ZA-A1-0004,20220610,0.296
maize,ZA-A1-0005,20220610,0.455
maize,ZA-A1-0006,20220610,0.319
maize,ZA-A1-0007,20220610,0.312
maize,ZA-A1-0008,20220610,0.312
maize,ZA-A1-0009,20220610,0.394
maize,ZA-A1-0001,20220618,0.583
maize,ZA-A1-0002,20220618,0.448
maize,ZA-A1-0003,20220618,0.304
maize,ZA-A1-0004,20220618,0.291
maize,ZA-A1-0005,20220618,0.439
maize,ZA-A1-0006,20220618,0.302
maize,ZA-A1-0007,20220618,0.31
maize,ZA-A1-0008,20220618,0.307
maize,ZA-A1-0009,20220618,0.386
maize,ZA-A1-0001,20220626,0.582
maize,ZA-A1-0002,20220626,0.42
maize,ZA-A1-0003,20220626,0.286
maize,ZA-A1-0004,20220626,0.272
maize,ZA-A1-0005,20220626,0.412
maize,ZA-A1-0006,20220626,0.279
maize,ZA-A1-0007,20220626,0.292
maize,ZA-A1-0008,20220626,0.284
maize,ZA-A1-0009,20220626,0.359
maize,ZA-A1-0001,20220704,0.642
maize,ZA-A1-0002,20220704,0.419
maize,ZA-A1-0003,20220704,0.291
maize,ZA-A1-0004,20220704,0.27
maize,ZA-A1-0005,20220704,0.401
maize,ZA-A1-0006,20220704,0.279
maize,ZA-A1-0007,20220704,0.284
maize,ZA-A1-0008,20220704,0.279
maize,ZA-A1-0009,20220704,0.351
maize,ZA-A1-0001,20220712,0.651
maize,ZA-A1-0002,20220712,0.399
maize,ZA-A1-0003,20220712,0.294
maize,ZA-A1-0004,20220712,0.263
maize,ZA-A1-0005,20220712,0.398
maize,ZA-A1-0006,20220712,0.266
maize,ZA-A1-0007,20220712,0.281
maize,ZA-A1-0008,20220712,0.278
maize,ZA-A1-0009,20220712,0.346
maize,ZA-A1-0001,20220720,0.67
maize,ZA-A1-0002,20220720,0.421
maize,ZA-A1-0003,20220720,0.308
maize,ZA-A1-0004,20220720,0.268
maize,ZA-A1-0005,20220720,0.394
maize,ZA-A1-0006,20220720,0.267
maize,ZA-A1-0007,20220720,0.284
maize,ZA-A1-0008,20220720,0.277
maize,ZA-A1-0009,20220720,0.347
maize,ZA-A1-0001,20220728,0.666
maize,ZA-A1-0002,20220728,0.405
maize,ZA-A1-0003,20220728,0.323
maize,ZA-A1-0004,20220728,0.267
maize,ZA-A1-0005,20220728,0.392
maize,ZA-A1-0006,20220728,0.266
maize,ZA-A1-0007,20220728,0.282
maize,ZA-A1-0008,20220728,0.282
maize,ZA-A1-0009,20220728,0.348
maize,ZA-A1-0001,20220805,0.681
maize,ZA-A1-0002,20220805,0.403
maize,ZA-A1-0003,20220805,0.349
maize,ZA-A1-0004,20220805,0.265
maize,ZA-A1-0005,20220805,0.39
maize,ZA-A1-0006,20220805,0.265
maize,ZA-A1-0007,20220805,0.29
maize,ZA-A1-0008,20220805,0.282
maize,ZA-A1-0009,20220805,0.335
maize,ZA-A1-0001,20220813,0.679
maize,ZA-A1-0002,20220813,0.4
maize,ZA-A1-0003,20220813,0.362
maize,ZA-A1-0004,20220813,0.26
maize,ZA-A1-0005,20220813,0.397
maize,ZA-A1-0006,20220813,0.257
maize,ZA-A1-0007,20220813,0.28
maize,ZA-A1-0008,20220813,0.273
maize,ZA-A1-0009,20220813,0.319
maize,ZA-A1-0001,20220821,0.67
maize,ZA-A1-0002,20220821,0.394
maize,ZA-A1-0003,20220821,0.39
maize,ZA-A1-0004,20220821,0.26
maize,ZA-A1-0005,20220821,0.39
maize,ZA-A1-0006,20220821,0.258
maize,ZA-A1-0007,20220821,0.279
maize,ZA-A1-0008,20220821,0.271
maize,ZA-A1-0009,20220821,0.312
maize,ZA-A1-0001,20220829,0.653
maize,ZA-A1-0002,20220829,0.397
maize,ZA-A1-0003,20220829,0.418
maize,ZA-A1-0004,20220829,0.264
maize,ZA-A1-0005,20220829,0.388
maize,ZA-A1-0006,20220829,0.266
maize,ZA-A1-0007,20220829,0.286
maize,ZA-A1-0008,20220829,0.271
maize,ZA-A1-0009,20220829,0.307
maize,ZA-A1-0001,20220906,0.63
maize,ZA-A1-0002,20220906,0.404
maize,ZA-A1-0003,20220906,0.446
maize,ZA-A1-0004,20220906,0.267
maize,ZA-A1-0005,20220906,0.399
maize,ZA-A1-0006,20220906,0.272
maize,ZA-A1-0007,20220906,0.292
maize,ZA-A1-0008,20220906,0.278
maize,ZA-A1-0009,20220906,0.304
maize,ZA-A1-0001,20220914,0.608
maize,ZA-A1-0002,20220914,0.42
maize,ZA-A1-0003,20220914,0.472
maize,ZA-A1-0004,20220914,0.276
maize,ZA-A1-0005,20220914,0.403
maize,ZA-A1-0006,20220914,0.278
maize,ZA-A1-0007,20220914,0.303
maize,ZA-A1-0008,20220914,0.289
maize,ZA-A1-0009,20220914,0.302
maize,ZA-A1-0001,20220922,0.581
maize,ZA-A1-0002,20220922,0.434
maize,ZA-A1-0003,20220922,0.495
maize,ZA-A1-0004,20220922,0.288
maize,ZA-A1-0005,20220922,0.436
maize,ZA-A1-0006,20220922,0.285
maize,ZA-A1-0007,20220922,0.314
maize,ZA-A1-0008,20220922,0.309
maize,ZA-A1-0009,20220922,0.305
maize,ZA-A1-0001,20220930,0.52
maize,ZA-A1-0002,20220930,0.475
maize,ZA-A1-0003,20220930,0.498
maize,ZA-A1-0004,20220930,0.288
maize,ZA-A1-0005,20220930,0.48
maize,ZA-A1-0006,20220930,0.283
maize,ZA-A1-0007,20220930,0.316
maize,ZA-A1-0008,20220930,0.318
maize,ZA-A1-0009,20220930,0.3
maize,ZA-A1-0001,20221024,0.4
maize,ZA-A1-0002,20221024,0.562
maize,ZA-A1-0003,20221024,0.498
maize,ZA-A1-0004,20221024,0.329
maize,ZA-A1-0005,20221024,0.562
maize,ZA-A1-0006,20221024,0.307
maize,ZA-A1-0007,20221024,0.357
maize,ZA-A1-0008,20221024,0.396
maize,ZA-A1-0009,20221024,0.321
maize,ZA-A1-0001,20221101,0.41
maize,ZA-A1-0002,20221101,0.575
maize,ZA-A1-0003,20221101,0.456
maize,ZA-A1-0004,20221101,0.35
maize,ZA-A1-0005,20221101,0.58
maize,ZA-A1-0006,20221101,0.341
maize,ZA-A1-0007,20221101,0.414
maize,ZA-A1-0008,20221101,0.457
maize,ZA-A1-0009,20221101,0.415
maize,ZA-A1-0001,20221109,0.389
maize,ZA-A1-0002,20221109,0.563
maize,ZA-A1-0003,20221109,0.453
maize,ZA-A1-0004,20221109,0.399
maize,ZA-A1-0005,20221109,0.598
maize,ZA-A1-0006,20221109,0.384
maize,ZA-A1-0007,20221109,0.458
maize,ZA-A1-0008,20221109,0.471
maize,ZA-A1-0009,20221109,0.488
maize,ZA-A1-0001,20221117,0.363
maize,ZA-A1-0002,20221117,0.562
maize,ZA-A1-0003,20221117,0.407
maize,ZA-A1-0004,20221117,0.382
maize,ZA-A1-0005,20221117,0.593
maize,ZA-A1-0006,20221117,0.369
maize,ZA-A1-0007,20221117,0.448
maize,ZA-A1-0008,20221117,0.473
maize,ZA-A1-0009,20221117,0.511
maize,ZA-A1-0001,20221125,0.362
maize,ZA-A1-0002,20221125,0.554
maize,ZA-A1-0003,20221125,0.386
maize,ZA-A1-0004,20221125,0.408
maize,ZA-A1-0005,20221125,0.627
maize,ZA-A1-0006,20221125,0.366
maize,ZA-A1-0007,20221125,0.472
maize,ZA-A1-0008,20221125,0.523
maize,ZA-A1-0009,20221125,0.522
maize,ZA-A1-0001,20221203,0.345
maize,ZA-A1-0002,20221203,0.555
maize,ZA-A1-0003,20221203,0.374
maize,ZA-A1-0004,20221203,0.404
maize,ZA-A1-0005,20221203,0.647
maize,ZA-A1-0006,20221203,0.387
maize,ZA-A1-0007,20221203,0.473
maize,ZA-A1-0008,20221203,0.508
maize,ZA-A1-0009,20221203,0.546
maize,ZA-A1-0001,20221211,0.477
maize,ZA-A1-0002,20221211,0.612
maize,ZA-A1-0003,20221211,0.435
maize,ZA-A1-0004,20221211,0.491
maize,ZA-A1-0005,20221211,0.673
maize,ZA-A1-0006,20221211,0.454
maize,ZA-A1-0007,20221211,0.562
maize,ZA-A1-0008,20221211,0.587
maize,ZA-A1-0009,20221211,0.598
maize,ZA-A1-0001,20221219,0.434
maize,ZA-A1-0002,20221219,0.559
maize,ZA-A1-0003,20221219,0.422
maize,ZA-A1-0004,20221219,0.481
maize,ZA-A1-0005,20221219,0.666
maize,ZA-A1-0006,20221219,0.447
maize,ZA-A1-0007,20221219,0.573
maize,ZA-A1-0008,20221219,0.599
maize,ZA-A1-0009,20221219,0.573
maize,ZA-A1-0001,20221227,0.455
maize,ZA-A1-0002,20221227,0.59
maize,ZA-A1-0003,20221227,0.473
maize,ZA-A1-0004,20221227,0.519
maize,ZA-A1-0005,20221227,0.712
maize,ZA-A1-0006,20221227,0.481
maize,ZA-A1-0007,20221227,0.628
maize,ZA-A1-0008,20221227,0.668
maize,ZA-A1-0009,20221227,0.578
maize,ZA-A1-0001,20230101,0.475
maize,ZA-A1-0002,20230101,0.612
maize,ZA-A1-0003,20230101,0.498
maize,ZA-A1-0004,20230101,0.517
maize,ZA-A1-0005,20230101,0.7
maize,ZA-A1-0006,20230101,0.508
maize,ZA-A1-0007,20230101,0.618
maize,ZA-A1-0008,20230101,0.665
maize,ZA-A1-0009,20230101,0.548
maize,ZA-A1-0001,20230109,0.481
maize,ZA-A1-0002,20230109,0.602
maize,ZA-A1-0003,20230109,0.497
maize,ZA-A1-0004,20230109,0.533
maize,ZA-A1-0005,20230109,0.701
maize,ZA-A1-0006,20230109,0.524
maize,ZA-A1-0007,20230109,0.629
maize,ZA-A1-0008,20230109,0.647
maize,ZA-A1-0009,20230109,0.575
maize,ZA-A1-0001,20230117,0.465
maize,ZA-A1-0002,20230117,0.628
maize,ZA-A1-0003,20230117,0.539
maize,ZA-A1-0004,20230117,0.571
maize,ZA-A1-0005,20230117,0.686
maize,ZA-A1-0006,20230117,0.581
maize,ZA-A1-0007,20230117,0.612
maize,ZA-A1-0008,20230117,0.636
maize,ZA-A1-0009,20230117,0.535
maize,ZA-A1-0001,20230125,0.435
maize,ZA-A1-0002,20230125,0.634
maize,ZA-A1-0003,20230125,0.551
maize,ZA-A1-0004,20230125,0.581
maize,ZA-A1-0005,20230125,0.707
maize,ZA-A1-0006,20230125,0.573
maize,ZA-A1-0007,20230125,0.585
maize,ZA-A1-0008,20230125,0.605
maize,ZA-A1-0009,20230125,0.495
maize,ZA-A1-0001,20230202,0.459
maize,ZA-A1-0002,20230202,0.643
maize,ZA-A1-0003,20230202,0.566
maize,ZA-A1-0004,20230202,0.631
maize,ZA-A1-0005,20230202,0.731
maize,ZA-A1-0006,20230202,0.629
maize,ZA-A1-0007,20230202,0.653
maize,ZA-A1-0008,20230202,0.683
maize,ZA-A1-0009,20230202,0.591
maize,ZA-A1-0001,20230210,0.434
maize,ZA-A1-0002,20230210,0.668
maize,ZA-A1-0003,20230210,0.553
maize,ZA-A1-0004,20230210,0.698
maize,ZA-A1-0005,20230210,0.747
maize,ZA-A1-0006,20230210,0.673
maize,ZA-A1-0007,20230210,0.692
maize,ZA-A1-0008,20230210,0.707
maize,ZA-A1-0009,20230210,0.692
maize,ZA-A1-0001,20230218,0.46
maize,ZA-A1-0002,20230218,0.639
maize,ZA-A1-0003,20230218,0.58
maize,ZA-A1-0004,20230218,0.671
maize,ZA-A1-0005,20230218,0.737
maize,ZA-A1-0006,20230218,0.673
maize,ZA-A1-0007,20230218,0.688
maize,ZA-A1-0008,20230218,0.71
maize,ZA-A1-0009,20230218,0.626
maize,ZA-A1-0001,20230226,0.443
maize,ZA-A1-0002,20230226,0.627
maize,ZA-A1-0003,20230226,0.536
maize,ZA-A1-0004,20230226,0.661
maize,ZA-A1-0005,20230226,0.736
maize,ZA-A1-0006,20230226,0.66
maize,ZA-A1-0007,20230226,0.666
maize,ZA-A1-0008,20230226,0.691
maize,ZA-A1-0009,20230226,0.6
maize,ZA-A1-0001,20230306,0.481
maize,ZA-A1-0002,20230306,0.657
maize,ZA-A1-0003,20230306,0.543
maize,ZA-A1-0004,20230306,0.656
maize,ZA-A1-0005,20230306,0.718
maize,ZA-A1-0006,20230306,0.653
maize,ZA-A1-0007,20230306,0.653
maize,ZA-A1-0008,20230306,0.672
maize,ZA-A1-0009,20230306,0.608
maize,ZA-A1-0001,20230314,0.519
maize,ZA-A1-0002,20230314,0.647
maize,ZA-A1-0003,20230314,0.533
maize,ZA-A1-0004,20230314,0.627
maize,ZA-A1-0005,20230314,0.694
maize,ZA-A1-0006,20230314,0.625
maize,ZA-A1-0007,20230314,0.63
maize,ZA-A1-0008,20230314,0.621
maize,ZA-A1-0009,20230314,0.549
maize,ZA-A1-0001,20230322,0.546
maize,ZA-A1-0002,20230322,0.639
maize,ZA-A1-0003,20230322,0.536
maize,ZA-A1-0004,20230322,0.606
maize,ZA-A1-0005,20230322,0.675
maize,ZA-A1-0006,20230322,0.574
maize,ZA-A1-0007,20230322,0.599
maize,ZA-A1-0008,20230322,0.603
maize,ZA-A1-0009,20230322,0.525
maize,ZA-A1-0001,20230330,0.546
maize,ZA-A1-0002,20230330,0.603
maize,ZA-A1-0003,20230330,0.508
maize,ZA-A1-0004,20230330,0.567
maize,ZA-A1-0005,20230330,0.659
maize,ZA-A1-0006,20230330,0.566
maize,ZA-A1-0007,20230330,0.555
maize,ZA-A1-0008,20230330,0.557
maize,ZA-A1-0009,20230330,0.536
maize,ZA-A1-0001,20230407,0.527
maize,ZA-A1-0002,20230407,0.582
maize,ZA-A1-0003,20230407,0.492
maize,ZA-A1-0004,20230407,0.524
maize,ZA-A1-0005,20230407,0.608
maize,ZA-A1-0006,20230407,0.52
maize,ZA-A1-0007,20230407,0.516
maize,ZA-A1-0008,20230407,0.497
maize,ZA-A1-0009,20230407,0.507
maize,ZA-A1-0001,20230415,0.517
maize,ZA-A1-0002,20230415,0.563
maize,ZA-A1-0003,20230415,0.446
maize,ZA-A1-0004,20230415,0.455
maize,ZA-A1-0005,20230415,0.587
maize,ZA-A1-0006,20230415,0.434
maize,ZA-A1-0007,20230415,0.474
maize,ZA-A1-0008,20230415,0.467
maize,ZA-A1-0009,20230415,0.473
maize,ZA-A1-0001,20230423,0.525
maize,ZA-A1-0002,20230423,0.533
maize,ZA-A1-0003,20230423,0.406
maize,ZA-A1-0004,20230423,0.407
maize,ZA-A1-0005,20230423,0.543
maize,ZA-A1-0006,20230423,0.402
maize,ZA-A1-0007,20230423,0.418
maize,ZA-A1-0008,20230423,0.412
maize,ZA-A1-0009,20230423,0.436
maize,ZA-A1-0001,20230501,0.534
maize,ZA-A1-0002,20230501,0.528
maize,ZA-A1-0003,20230501,0.4
maize,ZA-A1-0004,20230501,0.389
maize,ZA-A1-0005,20230501,0.539
maize,ZA-A1-0006,20230501,0.386
maize,ZA-A1-0007,20230501,0.421
maize,ZA-A1-0008,20230501,0.401
maize,ZA-A1-0009,20230501,0.44
maize,ZA-A1-0001,20230509,0.525
maize,ZA-A1-0002,20230509,0.517
maize,ZA-A1-0003,20230509,0.398
maize,ZA-A1-0004,20230509,0.375
maize,ZA-A1-0005,20230509,0.54
maize,ZA-A1-0006,20230509,0.392
maize,ZA-A1-0007,20230509,0.409
maize,ZA-A1-0008,20230509,0.401
maize,ZA-A1-0009,20230509,0.433
maize,ZA-A1-0001,20230517,0.551
maize,ZA-A1-0002,20230517,0.504
maize,ZA-A1-0003,20230517,0.37
maize,ZA-A1-0004,20230517,0.35
maize,ZA-A1-0005,20230517,0.528
maize,ZA-A1-0006,20230517,0.359
maize,ZA-A1-0007,20230517,0.401
maize,ZA-A1-0008,20230517,0.394
maize,ZA-A1-0009,20230517,0.468
maize,ZA-A1-0001,20230525,0.569
maize,ZA-A1-0002,20230525,0.492
maize,ZA-A1-0003,20230525,0.351
maize,ZA-A1-0004,20230525,0.325
maize,ZA-A1-0005,20230525,0.49
maize,ZA-A1-0006,20230525,0.327
maize,ZA-A1-0007,20230525,0.353
maize,ZA-A1-0008,20230525,0.352
maize,ZA-A1-0009,20230525,0.415
maize,ZA-A1-0001,20230602,0.626
maize,ZA-A1-0002,20230602,0.46
maize,ZA-A1-0003,20230602,0.336
maize,ZA-A1-0004,20230602,0.294
maize,ZA-A1-0005,20230602,0.493
maize,ZA-A1-0006,20230602,0.301
maize,ZA-A1-0007,20230602,0.344
maize,ZA-A1-0008,20230602,0.338
maize,ZA-A1-0009,20230602,0.395
maize,ZA-A1-0001,20230610,0.653
maize,ZA-A1-0002,20230610,0.454
maize,ZA-A1-0003,20230610,0.303
maize,ZA-A1-0004,20230610,0.282
maize,ZA-A1-0005,20230610,0.478
maize,ZA-A1-0006,20230610,0.29
maize,ZA-A1-0007,20230610,0.323
maize,ZA-A1-0008,20230610,0.323
maize,ZA-A1-0009,20230610,0.371
maize,ZA-A1-0001,20230618,0.684
maize,ZA-A1-0002,20230618,0.43
maize,ZA-A1-0003,20230618,0.288
maize,ZA-A1-0004,20230618,0.27
maize,ZA-A1-0005,20230618,0.439
maize,ZA-A1-0006,20230618,0.274
maize,ZA-A1-0007,20230618,0.311
maize,ZA-A1-0008,20230618,0.301
maize,ZA-A1-0009,20230618,0.362
maize,ZA-A1-0001,20230626,0.684
maize,ZA-A1-0002,20230626,0.431
maize,ZA-A1-0003,20230626,0.285
maize,ZA-A1-0004,20230626,0.258
maize,ZA-A1-0005,20230626,0.431
maize,ZA-A1-0006,20230626,0.26
maize,ZA-A1-0007,20230626,0.289
maize,ZA-A1-0008,20230626,0.288
maize,ZA-A1-0009,20230626,0.344
maize,ZA-A1-0001,20230704,0.711
maize,ZA-A1-0002,20230704,0.424
maize,ZA-A1-0003,20230704,0.287
maize,ZA-A1-0004,20230704,0.252
maize,ZA-A1-0005,20230704,0.415
maize,ZA-A1-0006,20230704,0.257
maize,ZA-A1-0007,20230704,0.28
maize,ZA-A1-0008,20230704,0.277
maize,ZA-A1-0009,20230704,0.329
maize,ZA-A1-0001,20230712,0.686
maize,ZA-A1-0002,20230712,0.4
maize,ZA-A1-0003,20230712,0.291
maize,ZA-A1-0004,20230712,0.248
maize,ZA-A1-0005,20230712,0.4
maize,ZA-A1-0006,20230712,0.252
maize,ZA-A1-0007,20230712,0.27
maize,ZA-A1-0008,20230712,0.27
maize,ZA-A1-0009,20230712,0.319
maize,ZA-A1-0001,20230720,0.699
maize,ZA-A1-0002,20230720,0.403
maize,ZA-A1-0003,20230720,0.296
maize,ZA-A1-0004,20230720,0.245
maize,ZA-A1-0005,20230720,0.401
maize,ZA-A1-0006,20230720,0.244
maize,ZA-A1-0007,20230720,0.265
maize,ZA-A1-0008,20230720,0.268
maize,ZA-A1-0009,20230720,0.321
maize,ZA-A1-0001,20230728,0.698
maize,ZA-A1-0002,20230728,0.389
maize,ZA-A1-0003,20230728,0.322
maize,ZA-A1-0004,20230728,0.237
maize,ZA-A1-0005,20230728,0.387
maize,ZA-A1-0006,20230728,0.244
maize,ZA-A1-0007,20230728,0.26
maize,ZA-A1-0008,20230728,0.259
maize,ZA-A1-0009,20230728,0.316
maize,ZA-A1-0001,20230805,0.692
maize,ZA-A1-0002,20230805,0.386
maize,ZA-A1-0003,20230805,0.338
maize,ZA-A1-0004,20230805,0.235
maize,ZA-A1-0005,20230805,0.376
maize,ZA-A1-0006,20230805,0.233
maize,ZA-A1-0007,20230805,0.249
maize,ZA-A1-0008,20230805,0.254
maize,ZA-A1-0009,20230805,0.304
maize,ZA-A1-0001,20230813,0.693
maize,ZA-A1-0002,20230813,0.402
maize,ZA-A1-0003,20230813,0.357
maize,ZA-A1-0004,20230813,0.236
maize,ZA-A1-0005,20230813,0.395
maize,ZA-A1-0006,20230813,0.236
maize,ZA-A1-0007,20230813,0.252
maize,ZA-A1-0008,20230813,0.25
maize,ZA-A1-0009,20230813,0.298
maize,ZA-A1-0001,20230821,0.707
maize,ZA-A1-0002,20230821,0.383
maize,ZA-A1-0003,20230821,0.392
maize,ZA-A1-0004,20230821,0.235
maize,ZA-A1-0005,20230821,0.371
maize,ZA-A1-0006,20230821,0.234
maize,ZA-A1-0007,20230821,0.253
maize,ZA-A1-0008,20230821,0.254
maize,ZA-A1-0009,20230821,0.295
maize,ZA-A1-0001,20230829,0.643
maize,ZA-A1-0002,20230829,0.387
maize,ZA-A1-0003,20230829,0.399
maize,ZA-A1-0004,20230829,0.235
maize,ZA-A1-0005,20230829,0.362
maize,ZA-A1-0006,20230829,0.236
maize,ZA-A1-0007,20230829,0.254
maize,ZA-A1-0008,20230829,0.25
maize,ZA-A1-0009,20230829,0.295
maize,ZA-A1-0001,20230906,0.671
maize,ZA-A1-0002,20230906,0.39
maize,ZA-A1-0003,20230906,0.416
maize,ZA-A1-0004,20230906,0.232
maize,ZA-A1-0005,20230906,0.372
maize,ZA-A1-0006,20230906,0.237
maize,ZA-A1-0007,20230906,0.258
maize,ZA-A1-0008,20230906,0.248
maize,ZA-A1-0009,20230906,0.29
maize,ZA-A1-0001,20230914,0.643
maize,ZA-A1-0002,20230914,0.39
maize,ZA-A1-0003,20230914,0.419
maize,ZA-A1-0004,20230914,0.245
maize,ZA-A1-0005,20230914,0.375
maize,ZA-A1-0006,20230914,0.239
maize,ZA-A1-0007,20230914,0.28
maize,ZA-A1-0008,20230914,0.276
maize,ZA-A1-0009,20230914,0.296
maize,ZA-A1-0001,20230922,0.606
maize,ZA-A1-0002,20230922,0.396
maize,ZA-A1-0003,20230922,0.454
maize,ZA-A1-0004,20230922,0.243
maize,ZA-A1-0005,20230922,0.378
maize,ZA-A1-0006,20230922,0.249
maize,ZA-A1-0007,20230922,0.277
maize,ZA-A1-0008,20230922,0.265
maize,ZA-A1-0009,20230922,0.298
maize,ZA-A1-0001,20230930,0.617
maize,ZA-A1-0002,20230930,0.416
maize,ZA-A1-0003,20230930,0.435
maize,ZA-A1-0004,20230930,0.243
maize,ZA-A1-0005,20230930,0.388
maize,ZA-A1-0006,20230930,0.245
maize,ZA-A1-0007,20230930,0.282
maize,ZA-A1-0008,20230930,0.288
maize,ZA-A1-0009,20230930,0.296
maize,ZA-A1-0001,20231008,0.564
maize,ZA-A1-0002,20231008,0.466
maize,ZA-A1-0003,20231008,0.464
maize,ZA-A1-0004,20231008,0.252
maize,ZA-A1-0005,20231008,0.396
maize,ZA-A1-0006,20231008,0.243
maize,ZA-A1-0007,20231008,0.291
maize,ZA-A1-0008,20231008,0.301
maize,ZA-A1-0009,20231008,0.301
maize,ZA-A1-0001,20231016,0.547
maize,ZA-A1-0002,20231016,0.48
maize,ZA-A1-0003,20231016,0.453
maize,ZA-A1-0004,20231016,0.26
maize,ZA-A1-0005,20231016,0.426
maize,ZA-A1-0006,20231016,0.244
maize,ZA-A1-0007,20231016,0.298
maize,ZA-A1-0008,20231016,0.316
maize,ZA-A1-0009,20231016,0.303
maize,ZA-A1-0001,20231024,0.519
maize,ZA-A1-0002,20231024,0.483
maize,ZA-A1-0003,20231024,0.437
maize,ZA-A1-0004,20231024,0.27
maize,ZA-A1-0005,20231024,0.452
maize,ZA-A1-0006,20231024,0.249
maize,ZA-A1-0007,20231024,0.297
maize,ZA-A1-0008,20231024,0.323
maize,ZA-A1-0009,20231024,0.303
maize,ZA-A1-0001,20231101,0.506
maize,ZA-A1-0002,20231101,0.505
maize,ZA-A1-0003,20231101,0.448
maize,ZA-A1-0004,20231101,0.284
maize,ZA-A1-0005,20231101,0.517
maize,ZA-A1-0006,20231101,0.254
maize,ZA-A1-0007,20231101,0.328
maize,ZA-A1-0008,20231101,0.358
maize,ZA-A1-0009,20231101,0.326
maize,ZA-A1-0001,20231109,0.466
maize,ZA-A1-0002,20231109,0.552
maize,ZA-A1-0003,20231109,0.41
maize,ZA-A1-0004,20231109,0.303
maize,ZA-A1-0005,20231109,0.548
maize,ZA-A1-0006,20231109,0.269
maize,ZA-A1-0007,20231109,0.346
maize,ZA-A1-0008,20231109,0.378
maize,ZA-A1-0009,20231109,0.357
maize,ZA-A1-0001,20231117,0.427
maize,ZA-A1-0002,20231117,0.507
maize,ZA-A1-0003,20231117,0.365
maize,ZA-A1-0004,20231117,0.32
maize,ZA-A1-0005,20231117,0.554
maize,ZA-A1-0006,20231117,0.294
maize,ZA-A1-0007,20231117,0.398
maize,ZA-A1-0008,20231117,0.428
maize,ZA-A1-0009,20231117,0.381
maize,ZA-A1-0001,20231125,0.419
maize,ZA-A1-0002,20231125,0.498
maize,ZA-A1-0003,20231125,0.362
maize,ZA-A1-0004,20231125,0.317
maize,ZA-A1-0005,20231125,0.565
maize,ZA-A1-0006,20231125,0.3
maize,ZA-A1-0007,20231125,0.405
maize,ZA-A1-0008,20231125,0.458
maize,ZA-A1-0009,20231125,0.396
maize,ZA-A1-0001,20231203,0.421
maize,ZA-A1-0002,20231203,0.534
maize,ZA-A1-0003,20231203,0.342
maize,ZA-A1-0004,20231203,0.329
maize,ZA-A1-0005,20231203,0.601
maize,ZA-A1-0006,20231203,0.286
maize,ZA-A1-0007,20231203,0.408
maize,ZA-A1-0008,20231203,0.476
maize,ZA-A1-0009,20231203,0.392
maize,ZA-A1-0001,20231211,0.43
maize,ZA-A1-0002,20231211,0.583
maize,ZA-A1-0003,20231211,0.352
maize,ZA-A1-0004,20231211,0.384
maize,ZA-A1-0005,20231211,0.67
maize,ZA-A1-0006,20231211,0.312
maize,ZA-A1-0007,20231211,0.476
maize,ZA-A1-0008,20231211,0.589
maize,ZA-A1-0009,20231211,0.436
maize,ZA-A1-0001,20231219,0.409
maize,ZA-A1-0002,20231219,0.558
maize,ZA-A1-0003,20231219,0.362
maize,ZA-A1-0004,20231219,0.432
maize,ZA-A1-0005,20231219,0.681
maize,ZA-A1-0006,20231219,0.355
maize,ZA-A1-0007,20231219,0.509
maize,ZA-A1-0008,20231219,0.622
maize,ZA-A1-0009,20231219,0.493
maize,ZA-A1-0001,20231227,0.479
maize,ZA-A1-0002,20231227,0.618
maize,ZA-A1-0003,20231227,0.437
maize,ZA-A1-0004,20231227,0.468
maize,ZA-A1-0005,20231227,0.718
maize,ZA-A1-0006,20231227,0.407
maize,ZA-A1-0007,20231227,0.581
maize,ZA-A1-0008,20231227,0.662
maize,ZA-A1-0009,20231227,0.524
