row_index,adm_id,year,feature,feature_role,current_value,high_yield_reference,standardized_gap,model_importance,single_feature_yield_potential,stress_score
0,ZA-A1-0001,2022,tmin<5p7,temperature_hazard,12.0,6.0,1.7142857142857142,0.02431037641908708,0.02411055555555386,0.001004805739249415
0,ZA-A1-0001,2022,prec<0.5p7,water_proxy,19.0,17.0,0.5,0.18335275643028912,0.010925555555555633,0.001001615363321692
0,ZA-A1-0001,2022,mean_cum_fpar12,crop_state_indicator,1066.53,1012.1776666666666,1.1800845310984653,0.05359404550190877,0.0033333333333338544,0.00021081834685266572
0,ZA-A1-0001,2022,mean_tavg6,temperature_hazard,12.56,10.082333333333333,1.7537898896950412,0.0021284117418404963,0.05527777777777665,0.00020634016994323657
0,ZA-A1-0001,2022,mean_prec12,water_proxy,2.12748,0.6964400000000001,3.0429266856762354,0.0017464431440159414,0.036121666666666385,0.00019196131710375836
0,ZA-A1-0001,2022,mean_cum_fpar10,crop_state_indicator,789.9313333333333,761.3146666666667,0.7718102469601941,0.09699501932249595,0.0016666666666669272,0.0001247695830286935
0,ZA-A1-0001,2022,mean_cum_fpar7,crop_state_indicator,143.20566666666664,137.29566666666668,0.6641195639959488,0.10738307384572447,0.0016666666666669272,0.00011885866697163078
0,ZA-A1-0001,2022,mean_tavg12,temperature_hazard,18.1126,19.88092,1.2263478369418952,0.003167349771039181,0.030184444444444125,0.00011724460870738095
0,ZA-A1-0001,2022,mean_prec7,water_proxy,1.7686129032258064,2.116741935483871,0.5835090565017571,0.003193726565728196,0.04222222222222349,7.868399805947009e-05
0,ZA-A1-0001,2022,prec<0.5p12,water_proxy,13.0,17.0,1.113486595574453,0.005490765618725696,0.011666111111111377,7.132536574434544e-05
0,ZA-A1-0001,2022,mean_rad12,radiation_hazard,22995390.72,26813414.8,1.8407182454650464,0.007765431824487486,0.004814444444443566,6.881753429265198e-05
0,ZA-A1-0001,2022,mean_tmin12,temperature_hazard,14.1944,14.84024,0.9477549922302095,0.003247200972883574,0.0216666666666665,6.668027021121216e-05
0,ZA-A1-0001,2022,mean_tmin7,temperature_hazard,6.109064516129032,6.892451612903225,1.7154808498616163,0.0012842213229734124,0.02458333333333229,5.415848671089166e-05
0,ZA-A1-0001,2022,mean_cum_ndvi11,crop_state_indicator,10.84725,10.515333333333333,0.7771707317073163,0.013048295963492265,0.004999999999999005,5.070376860739444e-05
0,ZA-A1-0001,2022,mean_cum_fpar9,crop_state_indicator,596.5143333333334,579.0056666666667,0.5823894444786566,0.04890739322780205,0.0016666666666669272,4.747191595473883e-05
0,ZA-A1-0001,2022,mean_rad11,radiation_hazard,24215438.6,25329083.23333333,0.7729641050670764,0.00351780872171493,0.012777777777777999,3.4744565010380237e-05
0,ZA-A1-0001,2022,tmin<5p8,temperature_hazard,6.0,2.0,2.0,0.002217221289576947,0.0066666666666659324,2.9562950527689374e-05
0,ZA-A1-0001,2022,mean_rad9,radiation_hazard,16713204.333333334,17179908.316666666,0.41577617469696,0.009693997688776896,0.005555555555556424,2.239185153645255e-05
0,ZA-A1-0001,2022,mean_tmin6,temperature_hazard,9.4135,6.232,1.9189449529656757,0.0005314070942764241,0.02111055555555552,2.152729822069476e-05
0,ZA-A1-0001,2022,mean_prec10,water_proxy,1.783,1.1991935483870966,0.5717356823065418,0.0013070225758259855,0.02846166666666683,2.1268590753767716e-05
0,ZA-A1-0001,2022,mean_cum_cwb6,water_proxy,12.2245,-1.471,14.951536797038479,0.0011810844494123875,0.0011666666666663161,2.0602198873426262e-05
0,ZA-A1-0001,2022,mean_tmin8,temperature_hazard,6.76858064516129,7.56316129032258,1.0174938554639892,0.0011930077105509022,0.013888888888887507,1.685941687509144e-05
0,ZA-A1-0001,2022,prec<0.5p9,water_proxy,19.0,18.0,0.3342186823915959,0.0061467741823143665,0.007221666666666238,1.4835952010813038e-05
0,ZA-A1-0001,2022,mean_tmin10,temperature_hazard,10.621354838709678,11.135903225806452,1.1361920364698288,0.0017755570947672818,0.004999999999999005,1.0086869156858447e-05
0,ZA-A1-0001,2022,mean_tavg8,temperature_hazard,11.59967741935484,11.979225806451613,0.410843557283329,0.001957379676189182,0.011666666666666714,9.382063006396003e-06
0,ZA-A1-0001,2022,mean_rad7,radiation_hazard,10144892.274193548,9417912.91935484,0.7009932236984987,0.003513232848283679,0.0033333333333338544,8.209174733074066e-06
0,ZA-A1-0001,2022,max_cum_gdd12,temperature_hazard,214.025,248.461,0.5652752014970699,0.0015777586713296358,0.007221666666666238,6.4407723295518785e-06
0,ZA-A1-0001,2022,prec<0.5p11,water_proxy,19.0,21.0,0.5,0.0022597888215751664,0.005555555555554648,6.277191171041103e-06
0,ZA-A1-0001,2022,mean_rad6,radiation_hazard,6670551.5,9569029.5,1.8059338945917902,0.002014450074195945,0.0016666666666669272,6.063272779923288e-06
0,ZA-A1-0001,2022,mean_rad10,radiation_hazard,22052438.48387097,21289041.90322581,0.6115391692141389,0.0011468969539715958,0.00833333333333286,5.844770086716469e-06
0,ZA-A1-0001,2022,mean_tmin9,temperature_hazard,8.559733333333332,9.115733333333331,0.7427443319660156,0.0014573135988975572,0.004999999999999005,5.412057077389704e-06
0,ZA-A1-0001,2022,mean_tmax8,temperature_hazard,17.30309677419355,18.136387096774197,0.6640667154077412,0.002322272118354934,0.0033333333333338544,5.140478726397265e-06
0,ZA-A1-0001,2022,mean_prec11,water_proxy,1.6661333333333337,1.1591333333333331,0.31687830081563384,0.0012301027723001935,0.00833333333333286,3.2482739692921974e-06
0,ZA-A1-0001,2022,max_cum_gdd9,temperature_hazard,12.533999999999995,16.071,0.39416058394160663,0.0018909291058225451,0.0016666666666669272,1.2422162009055183e-06
0,ZA-A1-0001,2022,max_cum_gdd10,temperature_hazard,65.059,72.237,0.26364563531004637,0.0016882451220063032,0.0016666666666669272,7.418307629175135e-07
0,ZA-A1-0001,2022,prec<0.5p6,water_proxy,0.0,2.0,2.0,2.3077165427745042e-05,0.0016666666666669272,7.692388475916217e-08
0,ZA-A1-0001,2022,awc,fixed_context,12.089,12.089,0.0,0.003551940503894281,0.0,0.0
0,ZA-A1-0001,2022,bulk_density,fixed_context,1.492,1.492,0.0,0.005350119746063134,0.0,0.0
0,ZA-A1-0001,2022,max_cum_gdd1,temperature_hazard,0.0,0.0,0.0,0.0024661053987927407,0.0,0.0
0,ZA-A1-0001,2022,max_cum_gdd6,temperature_hazard,0.0,0.0,0.0,0.0,0.0,0.0
0,ZA-A1-0001,2022,max_cum_gdd7,temperature_hazard,1.3679999999999986,1.1389999999999991,0.1744097486671739,0.0026343492905709963,0.0,0.0
0,ZA-A1-0001,2022,max_cum_gdd8,temperature_hazard,2.508999999999997,2.917,0.11467112022506784,0.0018821386527693058,0.0,0.0
0,ZA-A1-0001,2022,max_cum_gdd11,temperature_hazard,134.868,130.279,0.07772828130557766,0.0012932771177031818,0.0,0.0
0,ZA-A1-0001,2022,max_cum_prec1,water_proxy,0.0,0.0,0.0,0.004762902376949832,0.0,0.0
0,ZA-A1-0001,2022,max_cum_prec6,water_proxy,16.047,1.934,4.125109342753652,2.0561096213804917e-05,0.0,0.0
0,ZA-A1-0001,2022,max_cum_prec7,water_proxy,70.874,68.566,0.14623792174877207,0.0068295643821263225,0.0,0.0
0,ZA-A1-0001,2022,max_cum_prec8,water_proxy,141.965,103.712,0.9864150115987569,0.002469806163983967,-0.0016666666666669272,0.0
0,ZA-A1-0001,2022,max_cum_prec9,water_proxy,156.185,158.235,0.04106735045474601,0.004650036403366703,0.0,0.0
0,ZA-A1-0001,2022,max_cum_prec10,water_proxy,211.458,174.278,0.5965790571547769,0.0008594096424880392,-0.0033333333333338544,0.0
0,ZA-A1-0001,2022,max_cum_prec11,water_proxy,261.442,279.387,0.24043679238962948,0.0009106173848133391,0.0,0.0
0,ZA-A1-0001,2022,max_cum_prec12,water_proxy,314.629,291.234,0.2637200362974367,0.001002383075126751,-0.005555555555556424,0.0
0,ZA-A1-0001,2022,mean_cum_cwb1,water_proxy,0.0,0.0,0.0,0.0015460049146773032,0.0,0.0
0,ZA-A1-0001,2022,mean_cum_cwb7,water_proxy,16.489483870967742,-2.873774193548388,3.069760662779994,0.01964014678639449,0.0,0.0
0,ZA-A1-0001,2022,mean_cum_cwb8,water_proxy,11.936548387096774,-0.9924193548387116,0.3490055800873817,0.003072086154628108,0.0,0.0
0,ZA-A1-0001,2022,mean_cum_cwb9,water_proxy,-20.908666666666665,-27.23433333333333,0.13312806762964755,0.0053966739973770024,0.0,0.0
0,ZA-A1-0001,2022,mean_cum_cwb10,water_proxy,-97.29806451612905,-116.3854193548387,0.2503993767395367,0.0016167142354581087,0.0,0.0
0,ZA-A1-0001,2022,mean_cum_cwb11,water_proxy,-191.5866,-190.8679666666667,0.008022720684359197,0.0008568504057174909,0.0,0.0
0,ZA-A1-0001,2022,mean_cum_cwb12,water_proxy,-253.63344,-290.99692,0.37200837936541437,0.0012209303436999848,0.0,0.0
0,ZA-A1-0001,2022,mean_prec1,water_proxy,0.0,0.0,0.0,0.0029747247930777864,0.0,0.0
0,ZA-A1-0001,2022,mean_prec6,water_proxy,8.0235,0.6446666666666667,6.547168101923234,1.4509871792093058e-05,-0.0033333333333338544,0.0
0,ZA-A1-0001,2022,mean_prec8,water_proxy,2.2932580645161287,1.4711290322580644,0.8793949497453192,0.002556585223490642,0.0,0.0
0,ZA-A1-0001,2022,mean_prec9,water_proxy,0.474,1.0318666666666667,0.4947234621183009,0.001011144509013754,-0.009999999999999787,0.0
0,ZA-A1-0001,2022,mean_rad1,radiation_hazard,0.0,0.0,0.0,0.003460102310763904,0.0,0.0
0,ZA-A1-0001,2022,mean_rad8,radiation_hazard,13190226.193548389,12990744.5,0.21094116415244507,0.004436492901005692,0.0,0.0
0,ZA-A1-0001,2022,mean_tavg1,temperature_hazard,0.0,0.0,0.0,0.001659392244102835,0.0,0.0
0,ZA-A1-0001,2022,mean_tavg7,temperature_hazard,10.795483870967743,11.287806451612903,1.0668623955821148,0.0010771645194647627,0.0,0.0
0,ZA-A1-0001,2022,mean_tavg9,temperature_hazard,13.619,13.674233333333332,0.06631448353143461,0.001599267614328298,0.0,0.0
0,ZA-A1-0001,2022,mean_tavg10,temperature_hazard,15.932354838709678,15.84758064516129,0.09271238806783946,0.0012277810437610862,0.0,0.0
0,ZA-A1-0001,2022,mean_tavg11,temperature_hazard,17.299066666666665,17.417333333333332,0.138256210423771,0.002222872431386289,-0.0033333333333338544,0.0
0,ZA-A1-0001,2022,mean_tmax1,temperature_hazard,0.0,0.0,0.0,0.0023742626454409583,0.0,0.0
0,ZA-A1-0001,2022,mean_tmax6,temperature_hazard,15.4975,16.318,0.3528273489572136,0.0025215846249239727,-0.003704444444444732,0.0
0,ZA-A1-0001,2022,mean_tmax7,temperature_hazard,16.861,17.172483870967742,0.3612344648494288,0.001917023545349932,0.0,0.0
0,ZA-A1-0001,2022,mean_tmax9,temperature_hazard,19.747733333333333,19.688466666666667,0.0716949938506815,0.0023195506717081076,0.0,0.0
0,ZA-A1-0001,2022,mean_tmax10,temperature_hazard,22.25796774193548,22.149483870967742,0.08241677670197255,0.0008859590979597943,0.0,0.0
0,ZA-A1-0001,2022,mean_tmax11,temperature_hazard,23.1252,23.931033333333332,0.543490479080956,0.0029431619816889447,0.0,0.0
0,ZA-A1-0001,2022,mean_tmax12,temperature_hazard,23.3406,26.39584,1.7310730109805448,0.003135778326988995,-0.0011233333333340312,0.0
0,ZA-A1-0001,2022,mean_tmin1,temperature_hazard,0.0,0.0,0.0,0.003138527083450697,0.0,0.0
0,ZA-A1-0001,2022,mean_tmin11,temperature_hazard,12.604533333333334,12.593366666666666,0.01942310479779889,0.002441018114647434,0.0,0.0
0,ZA-A1-0001,2022,tmin<5p1,temperature_hazard,0.0,0.0,0.0,0.0,0.0,0.0
0,ZA-A1-0001,2022,tmin<5p6,temperature_hazard,0.0,0.0,0.0,8.828622812612666e-06,0.0,0.0
0,ZA-A1-0001,2022,tmin<5p9,temperature_hazard,0.0,0.0,0.0,0.0013274206327174587,0.0,0.0
0,ZA-A1-0001,2022,tmin<5p10,temperature_hazard,0.0,0.0,0.0,0.003130541471307732,0.0,0.0
0,ZA-A1-0001,2022,tmin<5p11,temperature_hazard,0.0,0.0,0.0,0.0001236532208506134,0.0,0.0
0,ZA-A1-0001,2022,tmin<5p12,temperature_hazard,0.0,0.0,0.0,0.0,0.0,0.0
0,ZA-A1-0001,2022,tmax>32p1,temperature_hazard,0.0,0.0,0.0,0.0015971452697282993,0.0,0.0
0,ZA-A1-0001,2022,tmax>32p6,temperature_hazard,0.0,0.0,0.0,0.0,0.0,0.0
0,ZA-A1-0001,2022,tmax>32p7,temperature_hazard,0.0,0.0,0.0,0.0,0.0,0.0
0,ZA-A1-0001,2022,tmax>32p8,temperature_hazard,0.0,0.0,0.0,0.0,0.0,0.0
0,ZA-A1-0001,2022,tmax>32p9,temperature_hazard,0.0,0.0,0.0,0.0018608486442392397,0.0,0.0
0,ZA-A1-0001,2022,tmax>32p10,temperature_hazard,1.0,0.0,1.0,0.0015758349425434141,0.0,0.0
0,ZA-A1-0001,2022,tmax>32p11,temperature_hazard,0.0,0.0,0.0,0.0040471589714501715,0.0,0.0
0,ZA-A1-0001,2022,tmax>32p12,temperature_hazard,0.0,0.0,0.0,0.0021389850445904814,0.0,0.0
0,ZA-A1-0001,2022,prec<0.5p1,water_proxy,0.0,0.0,0.0,0.005081913662870759,0.0,0.0
0,ZA-A1-0001,2022,prec<0.5p8,water_proxy,17.0,17.0,0.0,0.003029609823417224,0.0,0.0
0,ZA-A1-0001,2022,prec<0.5p10,water_proxy,17.0,21.0,0.8,0.0011606267422479906,0.0,0.0
0,ZA-A1-0001,2022,mean_cum_fpar1,crop_state_indicator,0.0,0.0,0.0,0.020839551823328178,0.0,0.0
0,ZA-A1-0001,2022,mean_cum_fpar8,crop_state_indicator,370.376,359.8126666666667,0.5387721488627952,0.05692899725995502,-0.0016666666666669272,0.0
0,ZA-A1-0001,2022,mean_cum_fpar11,crop_state_indicator,935.003,898.6533333333333,0.8844775005677634,0.06315732829328002,-0.0016666666666669272,0.0
0,ZA-A1-0001,2022,mean_cum_ndvi1,crop_state_indicator,0.0,0.0,0.0,0.01276829788484727,0.0,0.0
0,ZA-A1-0001,2022,mean_cum_ndvi7,crop_state_indicator,1.6662500000000002,1.65475,0.1009879253567532,0.031837223687955926,0.0,0.0
0,ZA-A1-0001,2022,mean_cum_ndvi8,crop_state_indicator,4.427,4.36725,0.30888422170461777,0.017954295122038336,0.0,0.0
0,ZA-A1-0001,2022,mean_cum_ndvi9,crop_state_indicator,7.1465,6.8950000000000005,0.8618421179523342,0.009674906901246642,0.0,0.0
0,ZA-A1-0001,2022,mean_cum_ndvi10,crop_state_indicator,9.191666666666668,9.00825,0.6313892485952498,0.004889047977237712,0.0,0.0
0,ZA-A1-0001,2022,mean_cum_ndvi12,crop_state_indicator,12.344333333333331,11.872333333333335,1.0272034820456926,0.011316713296592265,0.0,0.0
0,ZA-A1-0001,2022,mean_ssm1,water_proxy,0.0,0.0,0.0,0.008166041805792397,0.0,0.0
0,ZA-A1-0001,2022,mean_ssm6,water_proxy,4.8785,3.9136666666666655,8.516704814417054,0.001409098235969707,0.0,0.0
0,ZA-A1-0001,2022,mean_ssm7,water_proxy,4.254451612903226,4.116193548387097,0.989952650421527,0.003134757384724616,-0.0033333333333338544,0.0
0,ZA-A1-0001,2022,mean_ssm8,water_proxy,4.250741935483871,4.073258064516129,0.7648475357161955,0.0011377012795295088,0.0,0.0
0,ZA-A1-0001,2022,mean_ssm9,water_proxy,3.9374666666666656,3.9994,0.40943146760688126,0.0014653099742918273,-0.0016666666666669272,0.0
0,ZA-A1-0001,2022,mean_ssm10,water_proxy,3.881677419354839,3.8056451612903226,0.30778485356846774,0.0009471288261739505,0.0,0.0
0,ZA-A1-0001,2022,mean_ssm11,water_proxy,3.765066666666667,3.733966666666667,0.14615806375812568,0.004015845776290346,0.0,0.0
0,ZA-A1-0001,2022,mean_ssm12,water_proxy,4.03268,3.44832,2.5414159854637224,0.00506582638674523,0.0,0.0
1,ZA-A1-0002,2022,mean_rad9,radiation_hazard,17863638.05,19256953.041666664,1.8688933537428887,0.009693997688776896,0.02960888888888924,0.0005364256568372755
1,ZA-A1-0002,2022,tmin<5p7,temperature_hazard,3.0,1.0,1.3333333333333333,0.02431037641908708,0.016512222222220707,0.0005352244503170666
1,ZA-A1-0002,2022,mean_cum_fpar8,crop_state_indicator,67.623,70.37966666666667,0.6336921957013149,0.05692899725995502,0.008880555555554892,0.00032037013802479244
1,ZA-A1-0002,2022,tmax>32p1,temperature_hazard,0.0,2.0,4.898979485566356,0.0015971452697282993,0.03009444444444309,0.00023547042675882546
1,ZA-A1-0002,2022,mean_cum_fpar9,crop_state_indicator,169.40833333333333,176.38566666666668,0.7002132552791147,0.04890739322780205,0.006843333333332424,0.0002343540903484039
1,ZA-A1-0002,2022,mean_cum_fpar12,crop_state_indicator,546.9466666666667,516.0506666666668,1.1801155170585875,0.05359404550190877,0.0023388888888886683,0.0001479280908143877
1,ZA-A1-0002,2022,mean_ssm1,water_proxy,5.08216,4.66267,1.202855954924087,0.008166041805792397,0.013088888888887595,0.00012856655369769922
1,ZA-A1-0002,2022,max_cum_prec1,water_proxy,636.91,465.687,2.0246843507128895,0.004762902376949832,0.008486111111110972,8.183474245725627e-05
1,ZA-A1-0002,2022,prec<0.5p9,water_proxy,16.0,18.5,0.5128092745199336,0.0061467741823143665,0.018359999999999488,5.787297477453255e-05
1,ZA-A1-0002,2022,max_cum_gdd1,temperature_hazard,371.47,449.562,0.9137788803014254,0.0024661053987927407,0.02129111111111115,4.79789872501454e-05
1,ZA-A1-0002,2022,mean_prec8,water_proxy,1.4176451612903227,0.7829677419354839,0.9817741794638289,0.002556585223490642,0.01900055555555369,4.769119227894427e-05
1,ZA-A1-0002,2022,mean_tmin1,temperature_hazard,15.204680000000002,14.40384,0.9960572629693673,0.003138527083450697,0.012488888888888106,3.9042173676250624e-05
1,ZA-A1-0002,2022,max_cum_prec9,water_proxy,109.725,66.5155,1.1088955185577258,0.004650036403366703,0.007386111111109983,3.808577678372199e-05
1,ZA-A1-0002,2022,mean_ssm7,water_proxy,4.232,4.055166666666667,0.5060988874369948,0.003134757384724616,0.023526111111110914,3.73241099879735e-05
1,ZA-A1-0002,2022,mean_cum_cwb9,water_proxy,-88.6786,-122.24953333333333,0.7909050412217654,0.0053966739973770024,0.0066949999999996734,2.8575978408031273e-05
1,ZA-A1-0002,2022,mean_cum_cwb1,water_proxy,-116.07196,-340.8885,1.3629529476933144,0.0015460049146773032,0.01310611111111104,2.7616305535968282e-05
1,ZA-A1-0002,2022,mean_cum_ndvi9,crop_state_indicator,2.3385,2.3015,0.17589172311830775,0.009674906901246642,0.013181666666665315,2.243171731130055e-05
1,ZA-A1-0002,2022,mean_tavg12,temperature_hazard,17.754032258064516,18.835709677419352,0.6525163581523197,0.003167349771039181,0.01066166666666657,2.203497332997125e-05
1,ZA-A1-0002,2022,mean_ssm9,water_proxy,4.439133333333333,4.140316666666667,0.9756747932085316,0.0014653099742918273,0.01472888888888857,2.1057391752857122e-05
1,ZA-A1-0002,2022,max_cum_gdd12,temperature_hazard,243.029,333.2685,1.0152702029932863,0.0015777586713296358,0.010656111111110533,1.706950614507082e-05
1,ZA-A1-0002,2022,mean_prec7,water_proxy,0.0096666666666666,0.12554166666666666,0.2419698391890405,0.003193726565728196,0.022067777777776243,1.7053658761632887e-05
1,ZA-A1-0002,2022,mean_cum_ndvi12,crop_state_indicator,7.48625,7.140750000000001,1.153348633423743,0.011316713296592265,0.0012538888888879995,1.6365902997500914e-05
1,ZA-A1-0002,2022,max_cum_prec11,water_proxy,318.73900000000003,245.369,1.1587039003802075,0.0009106173848133391,0.012688888888889416,1.3388502394928652e-05
1,ZA-A1-0002,2022,max_cum_prec12,water_proxy,516.351,354.155,1.383095883226991,0.001002383075126751,0.008542777777776678,1.184363795411328e-05
1,ZA-A1-0002,2022,mean_tmax8,temperature_hazard,18.36470967741936,18.993467741935483,0.33276425748405614,0.002322272118354934,0.015249444444444649,1.178430033019141e-05
1,ZA-A1-0002,2022,mean_prec10,water_proxy,3.0427096774193547,1.887,0.8572949755627738,0.0013070225758259855,0.009880555555555226,1.107120090772218e-05
1,ZA-A1-0002,2022,tmax>32p10,temperature_hazard,0.0,0.5,0.5,0.0015758349425434141,0.013373333333333903,1.0537082982474078e-05
1,ZA-A1-0002,2022,tmax>32p12,temperature_hazard,0.0,1.5,0.5752237416355278,0.0021389850445904814,0.008399999999999963,1.0335317837474849e-05
1,ZA-A1-0002,2022,mean_prec9,water_proxy,2.1916333333333333,1.1443333333333334,1.9535919405607545,0.001011144509013754,0.004336666666666211,8.56649418793424e-06
1,ZA-A1-0002,2022,max_cum_prec10,water_proxy,204.049,135.11649999999997,1.5959493881444475,0.0008594096424880392,0.005991111111110392,8.21725398707019e-06
1,ZA-A1-0002,2022,mean_tavg11,temperature_hazard,16.1894,17.311366666666665,1.2807107661282646,0.002222872431386289,0.0028655555555543444,8.157825902473458e-06
1,ZA-A1-0002,2022,max_cum_gdd10,temperature_hazard,94.51,105.49199999999999,0.49046588901734967,0.0016882451220063032,0.008343333333332481,6.9085023051459465e-06
1,ZA-A1-0002,2022,max_cum_prec8,water_proxy,43.976,26.1995,0.8343816005632478,0.002469806163983967,0.0032716666666656735,6.742122483372881e-06
1,ZA-A1-0002,2022,mean_tmax9,temperature_hazard,21.46036666666667,22.530683333333336,0.5624020247488772,0.0023195506717081076,0.004921111111110932,6.419687838499262e-06
1,ZA-A1-0002,2022,mean_tmin7,temperature_hazard,3.4133333333333336,5.881833333333334,1.0689232101616626,0.0012842213229734124,0.003982777777777002,5.4672943868018835e-06
1,ZA-A1-0002,2022,mean_tavg9,temperature_hazard,14.2388,14.719583333333334,0.3831095528374314,0.001599267614328298,0.0072616666666665,4.449184684137221e-06
1,ZA-A1-0002,2022,mean_prec1,water_proxy,4.82236,4.12886,0.2972180540146131,0.0029747247930777864,0.004364999999999952,3.859279455603442e-06
1,ZA-A1-0002,2022,mean_ssm10,water_proxy,4.62,4.255806451612904,1.231054410642241,0.0009471288261739505,0.0023333333333326323,2.7205899441174993e-06
1,ZA-A1-0002,2022,mean_tmin11,temperature_hazard,10.785066666666667,11.494183333333332,0.4863625971650656,0.002441018114647434,0.0022777777777767128,2.7042231282566695e-06
1,ZA-A1-0002,2022,mean_tmin12,temperature_hazard,13.04174193548387,13.615903225806452,0.5292477866238492,0.003247200972883574,0.0013333333333331865,2.2914319034950027e-06
1,ZA-A1-0002,2022,max_cum_gdd8,temperature_hazard,4.116999999999999,6.495999999999999,0.3716823407975275,0.0018821386527693058,0.002555555555555422,1.787758567092841e-06
1,ZA-A1-0002,2022,mean_ssm8,water_proxy,4.364516129032259,4.208403225806451,0.452321424398908,0.0011377012795295088,0.003328888888889381,1.713068403598646e-06
1,ZA-A1-0002,2022,mean_rad11,radiation_hazard,22829660.3,23680090.325,0.5309479830295202,0.00351780872171493,0.000831111111112115,1.5523272635770874e-06
1,ZA-A1-0002,2022,mean_tmax10,temperature_hazard,22.317129032258062,23.179209677419355,0.430351413261835,0.0008859590979597943,0.0036666666666658188,1.3980037496299962e-06
1,ZA-A1-0002,2022,mean_rad7,radiation_hazard,14646714.0,14350543.5,0.17002748635039644,0.003513232848283679,0.00227444444444469,1.3586306326357344e-06
1,ZA-A1-0002,2022,mean_tavg8,temperature_hazard,10.97583870967742,11.854274193548385,0.5315434014561474,0.001957379676189182,0.0011372222222219008,1.1832026765794037e-06
1,ZA-A1-0002,2022,mean_tavg7,temperature_hazard,10.779000000000002,11.486333333333333,0.4362888717553314,0.0010771645194647627,0.0024999999999995026,1.1748872322301537e-06
1,ZA-A1-0002,2022,prec<0.5p10,water_proxy,12.0,12.5,0.125,0.0011606267422479906,0.006204444444444235,9.001305178767446e-07
1,ZA-A1-0002,2022,prec<0.5p11,water_proxy,7.0,8.5,0.375,0.0022597888215751664,0.0009761111111110665,8.271768665640387e-07
1,ZA-A1-0002,2022,awc,fixed_context,12.173,12.173,0.0,0.003551940503894281,0.0,0.0
1,ZA-A1-0002,2022,bulk_density,fixed_context,1.457,1.457,0.0,0.005350119746063134,0.0,0.0
1,ZA-A1-0002,2022,max_cum_gdd6,temperature_hazard,0.0,0.0,0.0,0.0,0.0,0.0
1,ZA-A1-0002,2022,max_cum_gdd7,temperature_hazard,0.0,0.0,0.0,0.0026343492905709963,0.0,0.0
1,ZA-A1-0002,2022,max_cum_gdd9,temperature_hazard,43.193,42.873000000000005,0.01562519073719129,0.0018909291058225451,0.0,0.0
1,ZA-A1-0002,2022,max_cum_gdd11,temperature_hazard,149.019,183.51299999999998,0.8591978180051928,0.0012932771177031818,-0.0029166666666666785,0.0
1,ZA-A1-0002,2022,max_cum_prec6,water_proxy,0.0,0.0,0.0,2.0561096213804917e-05,0.0,0.0
1,ZA-A1-0002,2022,max_cum_prec7,water_proxy,0.0289999999999999,0.41700000000000004,0.27151595831805575,0.0068295643821263225,-0.02126055555555606,0.0
1,ZA-A1-0002,2022,mean_cum_cwb6,water_proxy,0.0,0.0,0.0,0.0011810844494123875,0.0,0.0
1,ZA-A1-0002,2022,mean_cum_cwb7,water_proxy,-5.634,-5.1695,0.1814420005172399,0.01964014678639449,0.0,0.0
1,ZA-A1-0002,2022,mean_cum_cwb8,water_proxy,-35.762903225806454,-41.09735483870968,0.2920719529733211,0.003072086154628108,0.0,0.0
1,ZA-A1-0002,2022,mean_cum_cwb10,water_proxy,-127.38212903225806,-188.92640322580647,1.2043389269615075,0.0016167142354581087,-0.0008333333333334636,0.0
1,ZA-A1-0002,2022,mean_cum_cwb11,water_proxy,-173.2125,-245.08169999999998,1.0476444403130487,0.0008568504057174909,0.0,0.0
1,ZA-A1-0002,2022,mean_cum_cwb12,water_proxy,-161.62929032258063,-285.00290322580645,0.9659248857653207,0.0012209303436999848,-0.002930555555554548,0.0
1,ZA-A1-0002,2022,mean_prec6,water_proxy,0.0,0.0,0.0,1.4509871792093058e-05,0.0,0.0
1,ZA-A1-0002,2022,mean_prec11,water_proxy,3.823,3.2258666666666667,0.48703170028818443,0.0012301027723001935,-0.006899999999999906,0.0
1,ZA-A1-0002,2022,mean_prec12,water_proxy,6.3745806451612905,3.4613870967741933,1.5148259507604829,0.0017464431440159414,-0.005039444444444818,0.0
1,ZA-A1-0002,2022,mean_rad1,radiation_hazard,23951498.88,23589768.380000003,0.08974529617779245,0.003460102310763904,-0.007585000000000619,0.0
1,ZA-A1-0002,2022,mean_rad6,radiation_hazard,0.0,0.0,0.0,0.002014450074195945,0.0,0.0
1,ZA-A1-0002,2022,mean_rad8,radiation_hazard,15018677.693548389,15046479.967741936,0.03366663623714121,0.004436492901005692,0.0,0.0
1,ZA-A1-0002,2022,mean_rad10,radiation_hazard,22084761.64516129,21578373.19354839,0.34478453805158954,0.0011468969539715958,0.0,0.0
1,ZA-A1-0002,2022,mean_rad12,radiation_hazard,22231360.80645161,24201720.451612905,0.8459679213419765,0.007765431824487486,-0.08710222222222264,0.0
1,ZA-A1-0002,2022,mean_tavg1,temperature_hazard,20.13764,20.08652,0.12163446482551259,0.001659392244102835,0.0,0.0
1,ZA-A1-0002,2022,mean_tavg6,temperature_hazard,0.0,0.0,0.0,0.0021284117418404963,0.0,0.0
1,ZA-A1-0002,2022,mean_tavg10,temperature_hazard,15.136064516129032,15.697161290322581,0.39522162199008287,0.0012277810437610862,-0.005277777777778603,0.0
1,ZA-A1-0002,2022,mean_tmax1,temperature_hazard,26.29168,26.438785,0.12227290201252988,0.0023742626454409583,0.0,0.0
1,ZA-A1-0002,2022,mean_tmax6,temperature_hazard,0.0,0.0,0.0,0.0025215846249239727,0.0,0.0
1,ZA-A1-0002,2022,mean_tmax7,temperature_hazard,20.29133333333333,20.121499999999997,0.06623448524774782,0.001917023545349932,0.0,0.0
1,ZA-A1-0002,2022,mean_tmax11,temperature_hazard,22.9801,24.070449999999997,0.655251850442202,0.0029431619816889447,-0.0032011111111120982,0.0
1,ZA-A1-0002,2022,mean_tmax12,temperature_hazard,24.169032258064515,25.522516129032258,0.5436981268991794,0.003135778326988995,-0.0076777777777783385,0.0
1,ZA-A1-0002,2022,mean_tmin6,temperature_hazard,0.0,0.0,0.0,0.0005314070942764241,0.0,0.0
1,ZA-A1-0002,2022,mean_tmin8,temperature_hazard,4.680225806451612,5.586032258064515,0.8824100005266913,0.0011930077105509022,-0.024921111111111394,0.0
1,ZA-A1-0002,2022,mean_tmin9,temperature_hazard,8.012666666666666,7.821383333333333,0.2781188879727677,0.0014573135988975572,-0.002795000000000769,0.0
1,ZA-A1-0002,2022,mean_tmin10,temperature_hazard,9.08858064516129,9.313967741935484,0.35047150882825046,0.0017755570947672818,0.0,0.0
1,ZA-A1-0002,2022,tmin<5p1,temperature_hazard,0.0,0.0,0.0,0.0,0.0,0.0
1,ZA-A1-0002,2022,tmin<5p6,temperature_hazard,0.0,0.0,0.0,8.828622812612666e-06,0.0,0.0
1,ZA-A1-0002,2022,tmin<5p8,temperature_hazard,20.0,13.0,1.607320686454228,0.002217221289576947,-0.008285555555556101,0.0
1,ZA-A1-0002,2022,tmin<5p9,temperature_hazard,5.0,4.0,0.6123724356957945,0.0013274206327174587,0.0,0.0
1,ZA-A1-0002,2022,tmin<5p10,temperature_hazard,2.0,2.0,0.0,0.003130541471307732,0.0,0.0
1,ZA-A1-0002,2022,tmin<5p11,temperature_hazard,0.0,0.0,0.0,0.0001236532208506134,0.0,0.0
1,ZA-A1-0002,2022,tmin<5p12,temperature_hazard,0.0,0.0,0.0,0.0,0.0,0.0
1,ZA-A1-0002,2022,tmax>32p6,temperature_hazard,0.0,0.0,0.0,0.0,0.0,0.0
1,ZA-A1-0002,2022,tmax>32p7,temperature_hazard,0.0,0.0,0.0,0.0,0.0,0.0
1,ZA-A1-0002,2022,tmax>32p8,temperature_hazard,0.0,0.0,0.0,0.0,0.0,0.0
1,ZA-A1-0002,2022,tmax>32p9,temperature_hazard,0.0,0.0,0.0,0.0018608486442392397,0.0,0.0
1,ZA-A1-0002,2022,tmax>32p11,temperature_hazard,0.0,1.0,0.6666666666666666,0.0040471589714501715,-0.001260555555555598,0.0
1,ZA-A1-0002,2022,prec<0.5p1,water_proxy,5.0,4.0,0.2222222222222222,0.005081913662870759,0.0,0.0
1,ZA-A1-0002,2022,prec<0.5p6,water_proxy,0.0,0.0,0.0,2.3077165427745042e-05,0.0,0.0
1,ZA-A1-0002,2022,prec<0.5p7,water_proxy,3.0,3.0,0.0,0.18335275643028912,0.0,0.0
1,ZA-A1-0002,2022,prec<0.5p8,water_proxy,16.0,20.0,0.9411764705882353,0.003029609823417224,-0.0027222222222231807,0.0
1,ZA-A1-0002,2022,prec<0.5p12,water_proxy,2.0,6.5,1.6044165738276581,0.005490765618725696,-0.03149611111111117,0.0
1,ZA-A1-0002,2022,mean_cum_fpar1,crop_state_indicator,717.1823333333333,662.7761666666665,1.298074844590472,0.020839551823328178,-0.0028333333333341315,0.0
1,ZA-A1-0002,2022,mean_cum_fpar7,crop_state_indicator,0.0,0.0,0.0,0.10738307384572447,0.0,0.0
1,ZA-A1-0002,2022,mean_cum_fpar10,crop_state_indicator,281.064,279.92983333333336,0.07151827893705168,0.09699501932249595,0.0,0.0
1,ZA-A1-0002,2022,mean_cum_fpar11,crop_state_indicator,405.1283333333333,390.6856666666667,0.8550341397955493,0.06315732829328002,0.0,0.0
1,ZA-A1-0002,2022,mean_cum_ndvi1,crop_state_indicator,9.864999999999998,9.118625,1.134416262942905,0.01276829788484727,-0.009129444444444523,0.0
1,ZA-A1-0002,2022,mean_cum_ndvi7,crop_state_indicator,0.0,0.0,0.0,0.031837223687955926,0.0,0.0
1,ZA-A1-0002,2022,mean_cum_ndvi8,crop_state_indicator,0.87625,0.885375,0.049126765630913324,0.017954295122038336,0.0,0.0
1,ZA-A1-0002,2022,mean_cum_ndvi10,crop_state_indicator,3.776666666666667,3.748,0.14647747800681013,0.004889047977237712,0.0,0.0
1,ZA-A1-0002,2022,mean_cum_ndvi11,crop_state_indicator,5.37325,5.23475,0.7080740750100358,0.013048295963492265,0.0,0.0
1,ZA-A1-0002,2022,mean_ssm6,water_proxy,0.0,0.0,0.0,0.001409098235969707,0.0,0.0
1,ZA-A1-0002,2022,mean_ssm11,water_proxy,4.795733333333334,4.40345,0.8525736226319423,0.004015845776290346,-0.004120555555555683,0.0
1,ZA-A1-0002,2022,mean_ssm12,water_proxy,4.962032258064516,4.367790322580645,1.266430633851231,0.00506582638674523,-0.04125722222222361,0.0
2,ZA-A1-0003,2022,mean_prec8,water_proxy,0.9636774193548386,0.0890967741935483,6.606237816764131,0.002556585223490642,0.11447055555555607,0.0019333401440118872
2,ZA-A1-0003,2022,max_cum_prec9,water_proxy,35.356,12.514,1.856922201447037,0.004650036403366703,0.13844999999999352,0.0011954819453485722
2,ZA-A1-0003,2022,mean_rad8,radiation_hazard,17011221.18548387,17796393.548387095,2.96945207062071,0.004436492901005692,0.07416444444444181,0.0009770389076950378
2,ZA-A1-0003,2022,mean_tmin12,temperature_hazard,15.346516129032258,17.676935483870967,3.309596105673052,0.003247200972883574,0.08843388888888803,0.0009503922558696415
2,ZA-A1-0003,2022,mean_cum_cwb9,water_proxy,-209.8318333333333,-233.68176666666665,1.0056177011697813,0.0053966739973770024,0.13650555555555322,0.0007408144076909093
2,ZA-A1-0003,2022,prec<0.5p12,water_proxy,8.0,19.0,2.652335521937266,0.005490765618725696,0.045832222222220054,0.0006674708169343018
2,ZA-A1-0003,2022,max_cum_prec8,water_proxy,29.914,4.29,4.40692730327274,0.002469806163983967,0.056963888888891034,0.0006200095618319573
2,ZA-A1-0003,2022,mean_cum_fpar11,crop_state_indicator,599.4793333333333,573.927,1.810647712815816,0.06315732829328002,0.004549999999998278,0.0005203183076989252
2,ZA-A1-0003,2022,mean_tmin11,temperature_hazard,13.093866666666663,15.193533333333331,2.1890529973935684,0.002441018114647434,0.08107277777777355,0.0004332138490324674
2,ZA-A1-0003,2022,tmin<5p7,temperature_hazard,15.0,9.0,2.0,0.02431037641908708,0.004555555555555202,0.00022149454070722065
2,ZA-A1-0003,2022,prec<0.5p8,water_proxy,28.0,30.0,1.0,0.003029609823417224,0.055522777777776255,0.0001682123529789625
2,ZA-A1-0003,2022,mean_cum_cwb8,water_proxy,-83.57451612903226,-102.62887096774192,1.9231870385179737,0.003072086154628108,0.025265555555554542,0.00014927386118859443
2,ZA-A1-0003,2022,prec<0.5p9,water_proxy,26.0,27.0,0.6593804733957871,0.0061467741823143665,0.03232388888888771,0.0001310107538757447
2,ZA-A1-0003,2022,mean_cum_fpar7,crop_state_indicator,34.834,37.068,0.6645036886441956,0.10738307384572447,0.0017861111111088235,0.00012745054581595987
2,ZA-A1-0003,2022,max_cum_gdd12,temperature_hazard,705.444,972.307,2.5251395605739275,0.0015777586713296358,0.03153499999999809,0.000125637358526733
2,ZA-A1-0003,2022,mean_cum_ndvi12,crop_state_indicator,7.8705,6.97875,2.205875208288861,0.011316713296592265,0.004289999999999239,0.00010709237381812123
2,ZA-A1-0003,2022,mean_tmax7,temperature_hazard,18.02453333333333,21.20675,2.0492889319588157,0.001917023545349932,0.02725611111110915,0.00010707659011047805
2,ZA-A1-0003,2022,mean_ssm12,water_proxy,2.8087096774193547,2.004032258064516,1.1081249167073877,0.00506582638674523,0.01808333333333323,0.00010151202934182887
2,ZA-A1-0003,2022,max_cum_gdd1,temperature_hazard,814.299,1123.123,2.4532426678529466,0.0024661053987927407,0.013230555555553636,8.004426557390424e-05
2,ZA-A1-0003,2022,mean_tavg12,temperature_hazard,22.129193548387097,25.31935483870968,1.2223595575057171,0.003167349771039181,0.008944444444443533,3.462967125552532e-05
2,ZA-A1-0003,2022,mean_prec12,water_proxy,4.538645161290323,1.9359032258064517,1.5396431638202461,0.0017464431440159414,0.011818333333332376,3.177830760888659e-05
2,ZA-A1-0003,2022,mean_ssm8,water_proxy,2.376225806451613,1.8243548387096773,1.892268554363457,0.0011377012795295088,0.010343888888888486,2.226870005738361e-05
2,ZA-A1-0003,2022,mean_tmax11,temperature_hazard,30.7212,32.95706666666667,0.7528086104533052,0.0029431619816889447,0.009368888888886318,2.0758063258572612e-05
2,ZA-A1-0003,2022,mean_tmax10,temperature_hazard,27.721516129032256,30.68732258064516,2.067940884337542,0.0008859590979597943,0.00908999999999871,1.6653889358341418e-05
2,ZA-A1-0003,2022,mean_tmin10,temperature_hazard,11.700096774193549,13.161225806451611,1.9877561767674523,0.0017755570947672818,0.0038766666666667504,1.3682208797487721e-05
2,ZA-A1-0003,2022,mean_cum_ndvi7,crop_state_indicator,0.4455,0.4599999999999999,0.5984408193084199,0.031837223687955926,0.000674999999999315,1.2860568604106848e-05
2,ZA-A1-0003,2022,mean_cum_ndvi9,crop_state_indicator,3.1295,2.91675,1.0402104000797772,0.009674906901246642,0.0010049999999992565,1.0114258472365286e-05
2,ZA-A1-0003,2022,mean_ssm9,water_proxy,1.8079666666666665,1.7184,0.446123194421385,0.0014653099742918273,0.015252222222221334,9.970511376013264e-06
2,ZA-A1-0003,2022,mean_tmin9,temperature_hazard,10.204,9.525966666666667,0.48147491596475783,0.0014573135988975572,0.012618888888885849,8.854168852990835e-06
2,ZA-A1-0003,2022,mean_cum_cwb1,water_proxy,-704.8165,-950.1658333333334,0.9791697222152943,0.0015460049146773032,0.005434444444443187,8.226668536809025e-06
2,ZA-A1-0003,2022,mean_ssm7,water_proxy,2.2397333333333336,2.0668,0.5936436193037153,0.003134757384724616,0.003917222222220573,7.2896713340211795e-06
2,ZA-A1-0003,2022,prec<0.5p11,water_proxy,23.0,20.0,0.375,0.0022597888215751664,0.00833333333333286,7.061840067421994e-06
2,ZA-A1-0003,2022,mean_cum_cwb10,water_proxy,-381.6020645161291,-413.1591612903226,1.1045500516873004,0.0016167142354581087,0.0032266666666647126,5.761993516609861e-06
2,ZA-A1-0003,2022,mean_tavg11,temperature_hazard,21.923266666666667,24.4719,0.9442763458522171,0.002222872431386289,0.002718888888887605,5.706963701777334e-06
2,ZA-A1-0003,2022,mean_cum_cwb11,water_proxy,-535.5684333333334,-626.3838666666667,1.390788561533976,0.0008568504057174909,0.003887222222221709,4.632393949607042e-06
2,ZA-A1-0003,2022,mean_tavg7,temperature_hazard,8.652800000000001,10.7442,1.4293899542650788,0.0010771645194647627,0.0029105555555553053,4.4813478790532745e-06
2,ZA-A1-0003,2022,max_cum_gdd7,temperature_hazard,0.0,0.1440000000000001,0.58674669584219,0.0026343492905709963,0.002891666666668513,4.469636853769955e-06
2,ZA-A1-0003,2022,mean_tmax9,temperature_hazard,27.695933333333336,26.914466666666662,0.6249233639877428,0.0023195506717081076,0.0030433333333323986,4.4114376871540565e-06
2,ZA-A1-0003,2022,mean_ssm11,water_proxy,2.1138666666666666,1.6388666666666665,0.5362384285391739,0.004015845776290346,0.0018366666666658205,3.955171354704249e-06
2,ZA-A1-0003,2022,max_cum_gdd11,temperature_hazard,484.439,595.298,1.4803293905220818,0.0012932771177031818,0.0007349999999988199,1.4071399536556347e-06
2,ZA-A1-0003,2022,max_cum_gdd10,temperature_hazard,276.741,343.978,1.676147978261955,0.0016882451220063032,0.0004066666666666663,1.1507644502116645e-06
2,ZA-A1-0003,2022,tmax>32p9,temperature_hazard,3.0,1.0,0.4,0.0018608486442392397,0.0006500000000002615,4.83820647502397e-07
2,ZA-A1-0003,2022,max_cum_prec10,water_proxy,84.224,23.497,1.7655803140538346,0.0008594096424880392,0.0002222222222219017,3.3719038810727497e-07
2,ZA-A1-0003,2022,max_cum_prec11,water_proxy,125.611,53.581,0.834898115307045,0.0009106173848133391,0.0002972222222208387,2.2596995278526512e-07
2,ZA-A1-0003,2022,awc,fixed_context,11.357,11.357,0.0,0.003551940503894281,0.0,0.0
2,ZA-A1-0003,2022,bulk_density,fixed_context,1.479,1.479,0.0,0.005350119746063134,0.0,0.0
2,ZA-A1-0003,2022,max_cum_gdd6,temperature_hazard,0.0,0.0,0.0,0.0,0.0,0.0
2,ZA-A1-0003,2022,max_cum_gdd8,temperature_hazard,12.702000000000002,14.549,0.15035818951481586,0.0018821386527693058,0.0,0.0
2,ZA-A1-0003,2022,max_cum_gdd9,temperature_hazard,134.806,136.019,0.0349971148297748,0.0018909291058225451,0.0,0.0
2,ZA-A1-0003,2022,max_cum_prec1,water_proxy,311.613,184.957,0.8869405676430838,0.004762902376949832,-0.02131833333333155,0.0
2,ZA-A1-0003,2022,max_cum_prec6,water_proxy,0.0,0.0,0.0,2.0561096213804917e-05,0.0,0.0
2,ZA-A1-0003,2022,max_cum_prec7,water_proxy,0.04,0.131,0.020740442702446096,0.0068295643821263225,0.0,0.0
2,ZA-A1-0003,2022,max_cum_prec12,water_proxy,266.309,80.717,1.4839999360317289,0.001002383075126751,-0.002639444444442418,0.0
2,ZA-A1-0003,2022,mean_cum_cwb6,water_proxy,0.0,0.0,0.0,0.0011810844494123875,0.0,0.0
2,ZA-A1-0003,2022,mean_cum_cwb7,water_proxy,-22.09913333333333,-22.825466666666667,0.19809037952533057,0.01964014678639449,-0.003043333333334175,0.0
2,ZA-A1-0003,2022,mean_cum_cwb12,water_proxy,-640.4212258064516,-865.5844193548387,1.3131410444537752,0.0012209303436999848,-0.000497222222222149,0.0
2,ZA-A1-0003,2022,mean_prec1,water_proxy,3.7753333333333337,3.2258333333333336,0.07093755042762628,0.0029747247930777864,0.0,0.0
2,ZA-A1-0003,2022,mean_prec6,water_proxy,0.0,0.0,0.0,1.4509871792093058e-05,0.0,0.0
2,ZA-A1-0003,2022,mean_prec7,water_proxy,0.0026666666666666,0.0081875,0.018849635381799304,0.003193726565728196,0.0,0.0
2,ZA-A1-0003,2022,mean_prec9,water_proxy,0.1814,0.2625333333333333,0.2964797806987941,0.001011144509013754,-0.0036766666666672165,0.0
2,ZA-A1-0003,2022,mean_prec10,water_proxy,1.5763870967741935,0.3542903225806452,1.457283987898305,0.0013070225758259855,-0.009230555555555853,0.0
2,ZA-A1-0003,2022,mean_prec11,water_proxy,1.3795666666666666,0.8272666666666667,0.31379493201015113,0.0012301027723001935,0.0,0.0
2,ZA-A1-0003,2022,mean_rad1,radiation_hazard,28477265.166666668,26250269.83333333,0.29793798366178514,0.003460102310763904,-0.0010750000000019355,0.0
2,ZA-A1-0003,2022,mean_rad6,radiation_hazard,0.0,0.0,0.0,0.002014450074195945,0.0,0.0
2,ZA-A1-0003,2022,mean_rad7,radiation_hazard,15198721.733333332,14938993.666666666,0.39779071681225425,0.003513232848283679,0.0,0.0
2,ZA-A1-0003,2022,mean_rad9,radiation_hazard,22221287.933333334,21969781.5,1.4551921084271722,0.009693997688776896,0.0,0.0
2,ZA-A1-0003,2022,mean_rad10,radiation_hazard,25415951.54838709,26148838.322580647,0.41133708846176886,0.0011468969539715958,0.0,0.0
2,ZA-A1-0003,2022,mean_rad11,radiation_hazard,28511582.666666668,28053477.33333333,0.3939873127413893,0.00351780872171493,-0.0003166666666682971,0.0
2,ZA-A1-0003,2022,mean_rad12,radiation_hazard,26670363.0,27977125.93548387,0.7124909838598544,0.007765431824487486,-0.002500000000001279,0.0
2,ZA-A1-0003,2022,mean_tavg1,temperature_hazard,24.071250000000003,24.785666666666668,0.28706804178944517,0.001659392244102835,0.0,0.0
2,ZA-A1-0003,2022,mean_tavg6,temperature_hazard,0.0,0.0,0.0,0.0021284117418404963,0.0,0.0
2,ZA-A1-0003,2022,mean_tavg8,temperature_hazard,12.751548387096774,12.974193548387095,0.11869711769966246,0.001957379676189182,0.0,0.0
2,ZA-A1-0003,2022,mean_tavg9,temperature_hazard,18.805766666666667,18.129966666666668,0.6192019446871334,0.001599267614328298,0.0,0.0
2,ZA-A1-0003,2022,mean_tavg10,temperature_hazard,19.53264516129032,22.03251612903226,2.1765517437935125,0.0012277810437610862,-0.005876666666667418,0.0
2,ZA-A1-0003,2022,mean_tmax1,temperature_hazard,32.099916666666665,32.18141666666667,0.02050056596654646,0.0023742626454409583,0.0,0.0
2,ZA-A1-0003,2022,mean_tmax6,temperature_hazard,0.0,0.0,0.0,0.0025215846249239727,0.0,0.0
2,ZA-A1-0003,2022,mean_tmax8,temperature_hazard,21.27170967741936,22.177806451612906,0.3982052481605906,0.002322272118354934,0.0,0.0
2,ZA-A1-0003,2022,mean_tmax12,temperature_hazard,30.28825806451613,33.171032258064514,0.9059629772307951,0.003135778326988995,-0.0011666666666663161,0.0
2,ZA-A1-0003,2022,mean_tmin1,temperature_hazard,17.012833333333333,19.071916666666667,4.873570019723873,0.003138527083450697,-0.002361111111110148,0.0
2,ZA-A1-0003,2022,mean_tmin6,temperature_hazard,0.0,0.0,0.0,0.0005314070942764241,0.0,0.0
2,ZA-A1-0003,2022,mean_tmin7,temperature_hazard,1.3800666666666668,4.0869333333333335,2.5319058311858234,0.0012842213229734124,-0.0011233333333340312,0.0
2,ZA-A1-0003,2022,mean_tmin8,temperature_hazard,5.271,5.7940000000000005,0.4800296076980019,0.0011930077105509022,0.0,0.0
2,ZA-A1-0003,2022,tmin<5p1,temperature_hazard,0.0,0.0,0.0,0.0,0.0,0.0
2,ZA-A1-0003,2022,tmin<5p6,temperature_hazard,0.0,0.0,0.0,8.828622812612666e-06,0.0,0.0
2,ZA-A1-0003,2022,tmin<5p8,temperature_hazard,18.0,13.0,1.0314212462587933,0.002217221289576947,0.0,0.0
2,ZA-A1-0003,2022,tmin<5p9,temperature_hazard,2.0,2.0,0.0,0.0013274206327174587,0.0,0.0
2,ZA-A1-0003,2022,tmin<5p10,temperature_hazard,0.0,0.0,0.0,0.003130541471307732,0.0,0.0
2,ZA-A1-0003,2022,tmin<5p11,temperature_hazard,0.0,0.0,0.0,0.0001236532208506134,0.0,0.0
2,ZA-A1-0003,2022,tmin<5p12,temperature_hazard,0.0,0.0,0.0,0.0,0.0,0.0
2,ZA-A1-0003,2022,tmax>32p1,temperature_hazard,5.0,5.0,0.0,0.0015971452697282993,0.0,0.0
2,ZA-A1-0003,2022,tmax>32p6,temperature_hazard,0.0,0.0,0.0,0.0,0.0,0.0
2,ZA-A1-0003,2022,tmax>32p7,temperature_hazard,0.0,0.0,0.0,0.0,0.0,0.0
2,ZA-A1-0003,2022,tmax>32p8,temperature_hazard,0.0,0.0,0.0,0.0,0.0,0.0
2,ZA-A1-0003,2022,tmax>32p10,temperature_hazard,5.0,14.0,1.825741858350554,0.0015758349425434141,-0.016900000000005022,0.0
2,ZA-A1-0003,2022,tmax>32p11,temperature_hazard,13.0,18.0,0.38461538461538464,0.0040471589714501715,-7.500000000071338e-05,0.0
2,ZA-A1-0003,2022,tmax>32p12,temperature_hazard,11.0,21.0,0.8333333333333334,0.0021389850445904814,0.0,0.0
2,ZA-A1-0003,2022,prec<0.5p1,water_proxy,3.0,3.0,0.0,0.005081913662870759,0.0,0.0
2,ZA-A1-0003,2022,prec<0.5p6,water_proxy,0.0,0.0,0.0,2.3077165427745042e-05,0.0,0.0
2,ZA-A1-0003,2022,prec<0.5p7,water_proxy,15.0,15.0,0.0,0.18335275643028912,0.0,0.0
2,ZA-A1-0003,2022,prec<0.5p10,water_proxy,23.0,27.0,0.5176936354326795,0.0011606267422479906,0.0,0.0
2,ZA-A1-0003,2022,mean_cum_fpar1,crop_state_indicator,848.5605,802.4870000000001,2.387978175425306,0.020839551823328178,0.0,0.0
2,ZA-A1-0003,2022,mean_cum_fpar8,crop_state_indicator,119.325,121.968,0.2761537910441642,0.05692899725995502,0.0,0.0
2,ZA-A1-0003,2022,mean_cum_fpar9,crop_state_indicator,274.6806666666667,272.24966666666666,0.16738835813959158,0.04890739322780205,0.0,0.0
2,ZA-A1-0003,2022,mean_cum_fpar10,crop_state_indicator,443.846,432.2293333333333,0.8262174396485839,0.09699501932249595,0.0,0.0
2,ZA-A1-0003,2022,mean_cum_fpar12,crop_state_indicator,730.7973333333333,696.2406666666666,2.263787030091603,0.05359404550190877,0.0,0.0
2,ZA-A1-0003,2022,mean_cum_ndvi1,crop_state_indicator,9.2575,8.1155,1.994529353948301,0.01276829788484727,-0.000994444444444298,0.0
2,ZA-A1-0003,2022,mean_cum_ndvi8,crop_state_indicator,1.481,1.4355,0.28482003129890543,0.017954295122038336,0.0,0.0
2,ZA-A1-0003,2022,mean_cum_ndvi10,crop_state_indicator,4.655,4.367999999999999,0.9974070515104282,0.004889047977237712,-0.0027650000000001285,0.0
2,ZA-A1-0003,2022,mean_cum_ndvi11,crop_state_indicator,6.164,5.66275,1.5103676979075122,0.013048295963492265,0.0,0.0
2,ZA-A1-0003,2022,mean_ssm1,water_proxy,2.5930833333333334,2.2559166666666663,0.29206670035371435,0.008166041805792397,-0.023916666666668362,0.0
2,ZA-A1-0003,2022,mean_ssm6,water_proxy,0.0,0.0,0.0,0.001409098235969707,0.0,0.0
2,ZA-A1-0003,2022,mean_ssm10,water_proxy,2.104741935483871,1.477967741935484,1.2021376896782447,0.0009471288261739505,-0.00015500000000123748,0.0
3,ZA-A1-0004,2022,max_cum_prec9,water_proxy,56.915,13.615,9.495548915982203,0.004650036403366703,0.09458500000000392,0.004176367393306842
3,ZA-A1-0004,2022,mean_cum_cwb9,water_proxy,-145.29316666666668,-185.34483333333336,3.150813172289725,0.0053966739973770024,0.0790577777777779,0.001344291458102636
3,ZA-A1-0004,2022,mean_prec8,water_proxy,1.0207741935483872,0.1041612903225806,11.159515705563312,0.002556585223490642,0.04367944444444394,0.0012461855988969417
3,ZA-A1-0004,2022,max_cum_prec8,water_proxy,31.644,3.229,11.159515705563308,0.002469806163983967,0.035308333333332165,0.0009731626578922748
3,ZA-A1-0004,2022,mean_rad8,radiation_hazard,16902536.0,18175207.83870968,4.654468193443004,0.004436492901005692,0.03849722222222329,0.0007949489715152776
3,ZA-A1-0004,2022,mean_cum_cwb8,water_proxy,-39.92774193548387,-56.44722580645161,2.370599426912876,0.003072086154628108,0.020833888888888374,0.00015172666421957493
3,ZA-A1-0004,2022,prec<0.5p8,water_proxy,23.0,29.0,3.9562828403747217,0.003029609823417224,0.0072616666666665,8.70382884304357e-05
3,ZA-A1-0004,2022,mean_cum_fpar9,crop_state_indicator,92.76333333333334,98.66633333333334,0.8452181185867722,0.04890739322780205,0.002026666666665733,8.377716084164028e-05
3,ZA-A1-0004,2022,mean_cum_fpar8,crop_state_indicator,38.169,39.31733333333333,0.38575492140079803,0.05692899725995502,0.0037627777777773375,8.263301142670169e-05
3,ZA-A1-0004,2022,mean_cum_ndvi12,crop_state_indicator,4.99075,4.6537500000000005,1.1491901108269402,0.011316713296592265,0.004030555555555537,5.241759671081501e-05
3,ZA-A1-0004,2022,mean_cum_cwb11,water_proxy,-368.4926666666667,-460.8819333333333,1.2026203855687874,0.0008568504057174909,0.048252777777777034,4.972283558056708e-05
3,ZA-A1-0004,2022,mean_ssm8,water_proxy,3.857064516129032,3.0110645161290326,1.6837204533160062,0.0011377012795295088,0.025276666666667502,4.8419247472261994e-05
3,ZA-A1-0004,2022,mean_cum_cwb10,water_proxy,-253.13783870967745,-321.62680645161294,1.9802419576728023,0.0016167142354581087,0.01420277777777823,4.546998516411657e-05
3,ZA-A1-0004,2022,max_cum_prec1,water_proxy,571.375,331.847,1.8341003238971796,0.004762902376949832,0.005124999999999602,4.477015906029998e-05
3,ZA-A1-0004,2022,max_cum_prec11,water_proxy,223.682,130.934,1.0443536128095123,0.0009106173848133391,0.0452833333333329,4.306474686471595e-05
3,ZA-A1-0004,2022,mean_cum_ndvi9,crop_state_indicator,1.525,1.5545,0.501661415148892,0.009674906901246642,0.007528333333334025,3.653897276849835e-05
3,ZA-A1-0004,2022,max_cum_gdd12,temperature_hazard,405.39,565.652,1.5939013595631895,0.0015777586713296358,0.009143333333333281,2.29935786974064e-05
3,ZA-A1-0004,2022,max_cum_prec10,water_proxy,141.972,71.94,2.5262131346868317,0.0008594096424880392,0.007638333333332525,1.658321830186369e-05
3,ZA-A1-0004,2022,max_cum_gdd1,temperature_hazard,537.489,711.554,2.777928503032238,0.0024661053987927407,0.0022427777777771496,1.536451805603309e-05
3,ZA-A1-0004,2022,max_cum_gdd11,temperature_hazard,282.968,367.742,1.6803279886028335,0.0012932771177031818,0.005021111111110699,1.0911525872835979e-05
3,ZA-A1-0004,2022,tmax>32p10,temperature_hazard,2.0,5.0,0.5,0.0015758349425434141,0.013588888888889983,1.0706922970726393e-05
3,ZA-A1-0004,2022,mean_cum_cwb12,water_proxy,-369.32858064516125,-515.6176129032258,1.6151987177994669,0.0012209303436999848,0.004479444444444702,8.833666582361855e-06
3,ZA-A1-0004,2022,mean_ssm9,water_proxy,3.3425333333333334,2.6947,1.8170344053851892,0.0014653099742918273,0.0027216666666669553,7.246488225994996e-06
3,ZA-A1-0004,2022,max_cum_prec12,water_proxy,445.629,288.96,2.129002011197478,0.001002383075126751,0.0026616666666665623,5.680197843245542e-06
3,ZA-A1-0004,2022,mean_prec9,water_proxy,0.8423666666666667,0.3698333333333333,1.9033297529538127,0.001011144509013754,0.0029255555555547375,5.630352868165575e-06
3,ZA-A1-0004,2022,mean_prec10,water_proxy,2.7437741935483877,1.8611290322580645,1.1598074148234223,0.0013070225758259855,0.001671666666666738,2.5340702636816754e-06
3,ZA-A1-0004,2022,tmax>32p1,temperature_hazard,0.0,2.0,0.4,0.0015971452697282993,0.0020300000000004204,1.2968819590196477e-06
3,ZA-A1-0004,2022,mean_tmax8,temperature_hazard,19.65187096774193,20.282290322580643,0.45691466397188557,0.002322272118354934,0.0010661111111121002,1.1312293745929852e-06
3,ZA-A1-0004,2022,tmax>32p12,temperature_hazard,0.0,1.0,0.25,0.0021389850445904814,0.001982777777778111,1.060283003353432e-06
3,ZA-A1-0004,2022,mean_prec11,water_proxy,2.7236666666666665,2.2558,0.18218870471567086,0.0012301027723001935,0.0022622222222228316,5.06988501569189e-07
3,ZA-A1-0004,2022,mean_tavg1,temperature_hazard,20.28396,21.59895833333333,0.7199631714189743,0.001659392244102835,5.611111111214484e-05,6.703601754119327e-08
3,ZA-A1-0004,2022,awc,fixed_context,10.879,10.879,0.0,0.003551940503894281,0.0,0.0
3,ZA-A1-0004,2022,bulk_density,fixed_context,1.535,1.535,0.0,0.005350119746063134,0.0,0.0
3,ZA-A1-0004,2022,max_cum_gdd6,temperature_hazard,0.0,0.0,0.0,0.0,0.0,0.0
3,ZA-A1-0004,2022,max_cum_gdd7,temperature_hazard,0.0,0.0,0.0,0.0026343492905709963,0.0,0.0
3,ZA-A1-0004,2022,max_cum_gdd8,temperature_hazard,4.105,6.104000000000003,0.5219321148825073,0.0018821386527693058,0.0,0.0
3,ZA-A1-0004,2022,max_cum_gdd9,temperature_hazard,76.835,71.735,0.3547927654915189,0.0018909291058225451,0.0,0.0
3,ZA-A1-0004,2022,max_cum_gdd10,temperature_hazard,145.944,219.477,1.7733751356565792,0.0016882451220063032,-0.0014988888888876062,0.0
3,ZA-A1-0004,2022,max_cum_prec6,water_proxy,0.0,0.0,0.0,2.0561096213804917e-05,0.0,0.0
3,ZA-A1-0004,2022,max_cum_prec7,water_proxy,0.0,0.0,0.0,0.0068295643821263225,0.0,0.0
3,ZA-A1-0004,2022,mean_cum_cwb1,water_proxy,-353.28148,-604.8987999999999,1.6906524011795987,0.0015460049146773032,-0.018026666666665747,0.0
3,ZA-A1-0004,2022,mean_cum_cwb6,water_proxy,0.0,0.0,0.0,0.0011810844494123875,0.0,0.0
3,ZA-A1-0004,2022,mean_cum_cwb7,water_proxy,0.0,0.0,0.0,0.01964014678639449,0.0,0.0
3,ZA-A1-0004,2022,mean_prec1,water_proxy,5.02984,2.7064166666666662,0.7274246200214567,0.0029747247930777864,-0.0016272222222228905,0.0
3,ZA-A1-0004,2022,mean_prec6,water_proxy,0.0,0.0,0.0,1.4509871792093058e-05,0.0,0.0
3,ZA-A1-0004,2022,mean_prec7,water_proxy,0.0,0.0,0.0,0.003193726565728196,0.0,0.0
3,ZA-A1-0004,2022,mean_prec12,water_proxy,7.159580645161291,4.3543548387096775,1.9720615914914845,0.0017464431440159414,-0.0033255555555555816,0.0
3,ZA-A1-0004,2022,mean_rad1,radiation_hazard,25547512.6,25562422.666666668,0.0041867250898374045,0.003460102310763904,0.0,0.0
3,ZA-A1-0004,2022,mean_rad6,radiation_hazard,0.0,0.0,0.0,0.002014450074195945,0.0,0.0
3,ZA-A1-0004,2022,mean_rad7,radiation_hazard,0.0,0.0,0.0,0.003513232848283679,0.0,0.0
3,ZA-A1-0004,2022,mean_rad9,radiation_hazard,21539254.23333333,21883332.433333334,1.0680748899424144,0.009693997688776896,-0.003995555555555086,0.0
3,ZA-A1-0004,2022,mean_rad10,radiation_hazard,24181802.80645161,25135338.51612903,0.587887448286945,0.0011468969539715958,0.0,0.0
3,ZA-A1-0004,2022,mean_rad11,radiation_hazard,26596947.8,26203491.133333333,0.17326493197013468,0.00351780872171493,-0.0028249999999996334,0.0
3,ZA-A1-0004,2022,mean_rad12,radiation_hazard,24470860.41935484,25741080.80645161,0.7166548330846102,0.007765431824487486,-0.08467888888888808,0.0
3,ZA-A1-0004,2022,mean_tavg6,temperature_hazard,0.0,0.0,0.0,0.0021284117418404963,0.0,0.0
3,ZA-A1-0004,2022,mean_tavg7,temperature_hazard,0.0,0.0,0.0,0.0010771645194647627,0.0,0.0
3,ZA-A1-0004,2022,mean_tavg8,temperature_hazard,11.725354838709675,11.905967741935482,0.13578267842638087,0.001957379676189182,0.0,0.0
3,ZA-A1-0004,2022,mean_tavg9,temperature_hazard,16.987000000000002,16.436733333333333,0.8300741176850375,0.001599267614328298,-0.0036583333333322088,0.0
3,ZA-A1-0004,2022,mean_tavg10,temperature_hazard,17.06574193548387,19.211193548387097,1.1255161443173334,0.0012277810437610862,-0.00907499999999839,0.0
3,ZA-A1-0004,2022,mean_tavg11,temperature_hazard,19.531033333333333,20.4255,0.916537647921397,0.002222872431386289,-0.00966277777777691,0.0
3,ZA-A1-0004,2022,mean_tavg12,temperature_hazard,18.92225806451613,21.01774193548387,2.2155462360907503,0.003167349771039181,-0.0033283333333331555,0.0
3,ZA-A1-0004,2022,mean_tmax1,temperature_hazard,26.7614,28.480958333333334,0.5822379707632444,0.0023742626454409583,-0.007222777777776912,0.0
3,ZA-A1-0004,2022,mean_tmax6,temperature_hazard,0.0,0.0,0.0,0.0025215846249239727,0.0,0.0
3,ZA-A1-0004,2022,mean_tmax7,temperature_hazard,0.0,0.0,0.0,0.001917023545349932,0.0,0.0
3,ZA-A1-0004,2022,mean_tmax9,temperature_hazard,25.3196,24.78673333333333,0.7473443993916864,0.0023195506717081076,0.0,0.0
3,ZA-A1-0004,2022,mean_tmax10,temperature_hazard,24.924935483870968,27.551322580645163,1.7247018450653542,0.0008859590979597943,-0.009198333333333863,0.0
3,ZA-A1-0004,2022,mean_tmax11,temperature_hazard,27.83233333333333,28.29256666666667,0.3570500559679131,0.0029431619816889447,-0.001806666666666068,0.0
3,ZA-A1-0004,2022,mean_tmax12,temperature_hazard,26.047193548387096,28.463290322580644,1.617060322120992,0.003135778326988995,-0.009782777777776808,0.0
3,ZA-A1-0004,2022,mean_tmin1,temperature_hazard,15.07508,15.95836,1.5075499920430264,0.003138527083450697,-0.016038888888888714,0.0
3,ZA-A1-0004,2022,mean_tmin6,temperature_hazard,0.0,0.0,0.0,0.0005314070942764241,0.0,0.0
3,ZA-A1-0004,2022,mean_tmin7,temperature_hazard,0.0,0.0,0.0,0.0012842213229734124,0.0,0.0
3,ZA-A1-0004,2022,mean_tmin8,temperature_hazard,4.686322580645162,4.527354838709678,0.13677288947513025,0.0011930077105509022,0.0,0.0
3,ZA-A1-0004,2022,mean_tmin9,temperature_hazard,9.049533333333333,8.3426,0.843327501192939,0.0014573135988975572,0.0,0.0
3,ZA-A1-0004,2022,mean_tmin10,temperature_hazard,10.048387096774194,11.05832258064516,1.1449459267636823,0.0017755570947672818,-0.010120000000000573,0.0
3,ZA-A1-0004,2022,mean_tmin11,temperature_hazard,11.9601,13.668533333333333,1.981791515499514,0.002441018114647434,-0.016294999999999504,0.0
3,ZA-A1-0004,2022,mean_tmin12,temperature_hazard,13.776032258064516,15.040225806451613,1.706658537647522,0.003247200972883574,-0.014174999999999827,0.0
3,ZA-A1-0004,2022,tmin<5p1,temperature_hazard,0.0,0.0,0.0,0.0,0.0,0.0
3,ZA-A1-0004,2022,tmin<5p6,temperature_hazard,0.0,0.0,0.0,8.828622812612666e-06,0.0,0.0
3,ZA-A1-0004,2022,tmin<5p7,temperature_hazard,0.0,0.0,0.0,0.02431037641908708,0.0,0.0
3,ZA-A1-0004,2022,tmin<5p8,temperature_hazard,17.0,19.0,0.31504854090528794,0.002217221289576947,-0.0014083333333338999,0.0
3,ZA-A1-0004,2022,tmin<5p9,temperature_hazard,2.0,4.0,1.6329931618554523,0.0013274206327174587,-0.005101111111110335,0.0
3,ZA-A1-0004,2022,tmin<5p10,temperature_hazard,0.0,0.0,0.0,0.003130541471307732,0.0,0.0
3,ZA-A1-0004,2022,tmin<5p11,temperature_hazard,0.0,0.0,0.0,0.0001236532208506134,0.0,0.0
3,ZA-A1-0004,2022,tmin<5p12,temperature_hazard,0.0,0.0,0.0,0.0,0.0,0.0
3,ZA-A1-0004,2022,tmax>32p6,temperature_hazard,0.0,0.0,0.0,0.0,0.0,0.0
3,ZA-A1-0004,2022,tmax>32p7,temperature_hazard,0.0,0.0,0.0,0.0,0.0,0.0
3,ZA-A1-0004,2022,tmax>32p8,temperature_hazard,0.0,0.0,0.0,0.0,0.0,0.0
3,ZA-A1-0004,2022,tmax>32p9,temperature_hazard,0.0,0.0,0.0,0.0018608486442392397,0.0,0.0
3,ZA-A1-0004,2022,tmax>32p11,temperature_hazard,3.0,4.0,0.37267799624996495,0.0040471589714501715,-0.002229444444443729,0.0
3,ZA-A1-0004,2022,prec<0.5p1,water_proxy,6.0,8.0,0.5,0.005081913662870759,-0.0025861111111105117,0.0
3,ZA-A1-0004,2022,prec<0.5p6,water_proxy,0.0,0.0,0.0,2.3077165427745042e-05,0.0,0.0
3,ZA-A1-0004,2022,prec<0.5p7,water_proxy,0.0,0.0,0.0,0.18335275643028912,0.0,0.0
3,ZA-A1-0004,2022,prec<0.5p9,water_proxy,22.0,26.0,1.3333333333333333,0.0061467741823143665,-0.0035488888888881576,0.0
3,ZA-A1-0004,2022,prec<0.5p10,water_proxy,19.0,20.0,0.2276257268029927,0.0011606267422479906,-0.0009733333333326044,0.0
3,ZA-A1-0004,2022,prec<0.5p11,water_proxy,18.0,12.0,1.0,0.0022597888215751664,-0.011355000000000892,0.0
3,ZA-A1-0004,2022,prec<0.5p12,water_proxy,3.0,7.0,1.3333333333333333,0.005490765618725696,-0.00014055555555536614,0.0
3,ZA-A1-0004,2022,mean_cum_fpar1,crop_state_indicator,449.462,422.1786666666667,0.4844026489752674,0.020839551823328178,-0.03205944444444686,0.0
3,ZA-A1-0004,2022,mean_cum_fpar7,crop_state_indicator,0.0,0.0,0.0,0.10738307384572447,0.0,0.0
3,ZA-A1-0004,2022,mean_cum_fpar10,crop_state_indicator,151.632,156.26833333333337,0.47357824701449963,0.09699501932249595,-0.0002250000000003638,0.0
3,ZA-A1-0004,2022,mean_cum_fpar11,crop_state_indicator,221.3343333333333,219.92,0.11220711905643142,0.06315732829328002,0.0,0.0
3,ZA-A1-0004,2022,mean_cum_fpar12,crop_state_indicator,314.32766666666663,300.7643333333333,0.5632847432756065,0.05359404550190877,-0.027528888888888048,0.0
3,ZA-A1-0004,2022,mean_cum_ndvi1,crop_state_indicator,7.0,6.49175,0.5306246737428226,0.01276829788484727,-0.06427277777777629,0.0
3,ZA-A1-0004,2022,mean_cum_ndvi7,crop_state_indicator,0.0,0.0,0.0,0.031837223687955926,0.0,0.0
3,ZA-A1-0004,2022,mean_cum_ndvi8,crop_state_indicator,0.5860000000000001,0.58725,0.05019538937170478,0.017954295122038336,0.0,0.0
3,ZA-A1-0004,2022,mean_cum_ndvi10,crop_state_indicator,2.422,2.5145,0.7816577339654919,0.004889047977237712,-0.005164999999999864,0.0
3,ZA-A1-0004,2022,mean_cum_ndvi11,crop_state_indicator,3.448,3.3955,0.258174805830243,0.013048295963492265,0.0,0.0
3,ZA-A1-0004,2022,mean_ssm1,water_proxy,4.94464,4.081041666666667,1.1832707625415615,0.008166041805792397,-0.02364833333333216,0.0
3,ZA-A1-0004,2022,mean_ssm6,water_proxy,0.0,0.0,0.0,0.001409098235969707,0.0,0.0
3,ZA-A1-0004,2022,mean_ssm7,water_proxy,0.0,0.0,0.0,0.003134757384724616,0.0,0.0
3,ZA-A1-0004,2022,mean_ssm10,water_proxy,4.099677419354839,3.147806451612903,1.3395901450061989,0.0009471288261739505,0.0,0.0
3,ZA-A1-0004,2022,mean_ssm11,water_proxy,4.033399999999999,3.708033333333333,0.39092474668589017,0.004015845776290346,-0.009368888888887206,0.0
3,ZA-A1-0004,2022,mean_ssm12,water_proxy,4.906870967741935,4.142193548387096,1.3967122319113865,0.00506582638674523,-0.0038338888888880263,0.0
4,ZA-A1-0005,2022,mean_cum_fpar12,crop_state_indicator,515.3343333333333,481.06,1.7056432884347463,0.05359404550190877,0.014402222222222427,0.0013165406042475378
4,ZA-A1-0005,2022,mean_cum_cwb9,water_proxy,-66.61113333333334,-136.02281666666664,6.805561930367431,0.0053966739973770024,0.02100611111111128,0.00077149982646698
4,ZA-A1-0005,2022,mean_cum_fpar11,crop_state_indicator,368.1303333333333,337.3276666666667,2.885805883407163,0.06315732829328002,0.004213333333333402,0.0007679212467175052
4,ZA-A1-0005,2022,mean_cum_ndvi9,crop_state_indicator,2.4135,2.313625,2.826842785757072,0.009674906901246642,0.017448888888888625,0.00047721735328518674
4,ZA-A1-0005,2022,max_cum_prec9,water_proxy,121.324,52.324,5.12831710264033,0.004650036403366703,0.015906666666666958,0.00037932407239781637
4,ZA-A1-0005,2022,mean_rad8,radiation_hazard,14999613.683333334,16166576.283333333,1.8977099591740023,0.004436492901005692,0.028763333333333918,0.0002421635875989093
4,ZA-A1-0005,2022,mean_cum_fpar10,crop_state_indicator,242.88166666666663,223.13700000000003,1.2704318556716587,0.09699501932249595,0.0018844444444443553,0.00023221172645708081
4,ZA-A1-0005,2022,mean_cum_fpar1,crop_state_indicator,704.562,661.9415,2.1859046811096734,0.020839551823328178,0.004307777777778021,0.00019623338093753705
4,ZA-A1-0005,2022,mean_cum_ndvi12,crop_state_indicator,8.06,7.484249999999999,2.1300032277502425,0.011316713296592265,0.007197222222221633,0.00017348642079289468
4,ZA-A1-0005,2022,mean_prec8,water_proxy,1.4627666666666668,0.6073387096774193,2.954533384584246,0.002556585223490642,0.017981111111111225,0.0001358206175482085
4,ZA-A1-0005,2022,tmax>32p9,temperature_hazard,0.0,1.0,1.3284223283101428,0.0018608486442392397,0.038569444444445544,9.534339238442602e-05
4,ZA-A1-0005,2022,mean_prec11,water_proxy,3.374,4.516366666666666,3.1182393729658737,0.0012301027723001935,0.02136500000000119,8.19509033825483e-05
4,ZA-A1-0005,2022,mean_tmax8,temperature_hazard,19.940166666666663,21.331166666666665,1.1589413169661504,0.002322272118354934,0.02826444444444398,7.607027872550387e-05
4,ZA-A1-0005,2022,max_cum_prec1,water_proxy,712.721,574.65,2.1752528924631123,0.004762902376949832,0.0069000000000016826,7.148756848667637e-05
4,ZA-A1-0005,2022,max_cum_prec8,water_proxy,43.883,18.487000000000002,2.969424144986846,0.002469806163983967,0.007770000000000721,5.698441898111855e-05
4,ZA-A1-0005,2022,mean_prec9,water_proxy,2.581366666666667,1.1066666666666665,3.255908967554904,0.001011144509013754,0.015100555555555673,4.9713965560246514e-05
4,ZA-A1-0005,2022,prec<0.5p1,water_proxy,4.0,5.0,0.3994677309684806,0.005081913662870759,0.024039999999999395,4.880265489802701e-05
4,ZA-A1-0005,2022,mean_ssm9,water_proxy,5.276133333333333,4.62885,2.3576154920172354,0.0014653099742918273,0.01325944444444449,4.580657395387751e-05
4,ZA-A1-0005,2022,mean_prec1,water_proxy,6.13348275862069,4.935206896551724,0.6006576985735459,0.0029747247930777864,0.022542222222221575,4.02782476336079e-05
4,ZA-A1-0005,2022,mean_cum_cwb1,water_proxy,-65.89920689655172,-228.51424137931036,2.5104400541517307,0.0015460049146773032,0.009922777777777725,3.851181538389129e-05
4,ZA-A1-0005,2022,mean_prec12,water_proxy,7.325516129032258,5.113790322580645,1.2927240846185755,0.0017464431440159414,0.015640555555556546,3.531119921431672e-05
4,ZA-A1-0005,2022,mean_cum_ndvi11,crop_state_indicator,5.74675,5.3596666666666675,1.065733623953191,0.013048295963492265,0.00242611111111124,3.373751989791392e-05
4,ZA-A1-0005,2022,mean_cum_fpar9,crop_state_indicator,131.03799999999998,126.50850000000001,0.2671581536088752,0.04890739322780205,0.0025516666666662857,3.334009930648444e-05
4,ZA-A1-0005,2022,max_cum_gdd10,temperature_hazard,130.42100000000002,160.991,1.1922637526009825,0.0016882451220063032,0.014202777777777342,2.8587826399591353e-05
4,ZA-A1-0005,2022,mean_ssm12,water_proxy,5.710774193548387,5.421516129032258,1.0472054641053823,0.00506582638674523,0.005065000000000097,2.6869627831751245e-05
4,ZA-A1-0005,2022,prec<0.5p11,water_proxy,6.0,3.0,0.8571428571428571,0.0022597888215751664,0.010495555555555924,2.0329490674856924e-05
4,ZA-A1-0005,2022,mean_ssm8,water_proxy,5.0495,4.72525,1.6748450413223148,0.0011377012795295088,0.008693333333332554,1.656491495913165e-05
4,ZA-A1-0005,2022,max_cum_gdd8,temperature_hazard,9.275,16.129500000000004,0.9512542067099197,0.0018821386527693058,0.009185000000000443,1.6444753377069836e-05
4,ZA-A1-0005,2022,mean_cum_ndvi1,crop_state_indicator,10.81,10.054875,2.492108219485749,0.01276829788484727,0.0005000000000006111,1.5909990053854637e-05
4,ZA-A1-0005,2022,mean_ssm1,water_proxy,6.0296551724137935,5.501517241379311,2.084506195271135,0.008166041805792397,0.0008400000000001739,1.4298618377417525e-05
4,ZA-A1-0005,2022,tmin<5p9,temperature_hazard,0.0,1.5,1.0978875820671,0.0013274206327174587,0.008747222222222462,1.274783978393822e-05
4,ZA-A1-0005,2022,mean_tmax9,temperature_hazard,22.923333333333336,23.6928,0.6212432130578356,0.0023195506717081076,0.008754999999999846,1.261599975680654e-05
4,ZA-A1-0005,2022,mean_tavg8,temperature_hazard,12.538566666666666,13.199433333333333,0.7828564393037243,0.001957379676189182,0.0055000000000005045,8.427910060168941e-06
4,ZA-A1-0005,2022,max_cum_prec10,water_proxy,206.539,152.35449999999997,1.3833692890971057,0.0008594096424880392,0.006672777777777306,7.933138091127443e-06
4,ZA-A1-0005,2022,mean_tavg11,temperature_hazard,17.942966666666667,18.694466666666667,1.040423284904938,0.002222872431386289,0.0028083333333341898,6.494911798875348e-06
4,ZA-A1-0005,2022,mean_tmin8,temperature_hazard,6.3707666666666665,6.961,0.45372315891969517,0.0011930077105509022,0.00820666666666714,4.442229496630246e-06
4,ZA-A1-0005,2022,tmax>32p10,temperature_hazard,1.0,1.5,0.2857142857142857,0.0015758349425434141,0.006922777777777611,3.116901463338573e-06
4,ZA-A1-0005,2022,max_cum_prec12,water_proxy,534.85,442.4955,1.1081985900704971,0.001002383075126751,0.0022077777777784746,2.4524867861059206e-06
4,ZA-A1-0005,2022,mean_cum_ndvi10,crop_state_indicator,3.988666666666667,3.7385,1.138738738738737,0.004889047977237712,0.0002883333333327798,1.605252101015722e-06
4,ZA-A1-0005,2022,mean_tavg9,temperature_hazard,15.6485,15.863383333333331,0.28702564162313027,0.001599267614328298,0.00304944444444466,1.399788962927195e-06
4,ZA-A1-0005,2022,mean_rad10,radiation_hazard,20023741.80645161,20650887.14516129,0.7098788799496785,0.0011468969539715958,0.0010950000000002902,8.915029279880809e-07
4,ZA-A1-0005,2022,max_cum_gdd9,temperature_hazard,66.753,77.65350000000001,0.5405050267141035,0.0018909291058225451,0.0006988888888894706,7.143040622596058e-07
4,ZA-A1-0005,2022,mean_tmin9,temperature_hazard,9.3329,9.156366666666667,0.1740444970258638,0.0014573135988975572,0.0028138888888884495,7.137074963592073e-07
4,ZA-A1-0005,2022,mean_rad11,radiation_hazard,21792470.266666666,21685506.916666664,0.06700146741469744,0.00351780872171493,0.0029855555555560187,7.036905076466858e-07
4,ZA-A1-0005,2022,awc,fixed_context,11.833,11.833,0.0,0.003551940503894281,0.0,0.0
4,ZA-A1-0005,2022,bulk_density,fixed_context,1.422,1.422,0.0,0.005350119746063134,0.0,0.0
4,ZA-A1-0005,2022,max_cum_gdd1,temperature_hazard,499.64,581.1155,1.3680198464502629,0.0024661053987927407,-0.011552777777777301,0.0
4,ZA-A1-0005,2022,max_cum_gdd6,temperature_hazard,0.0,0.0,0.0,0.0,0.0,0.0
4,ZA-A1-0005,2022,max_cum_gdd7,temperature_hazard,0.0,0.0,0.0,0.0026343492905709963,0.0,0.0
4,ZA-A1-0005,2022,max_cum_gdd11,temperature_hazard,230.508,272.449,1.0848794276798883,0.0012932771177031818,-0.0020283333333326325,0.0
4,ZA-A1-0005,2022,max_cum_gdd12,temperature_hazard,354.468,437.633,0.9826371042541748,0.0015777586713296358,-0.00014833333333275078,0.0
4,ZA-A1-0005,2022,max_cum_prec6,water_proxy,0.0,0.0,0.0,2.0561096213804917e-05,0.0,0.0
4,ZA-A1-0005,2022,max_cum_prec7,water_proxy,0.0,0.0,0.0,0.0068295643821263225,0.0,0.0
4,ZA-A1-0005,2022,max_cum_prec11,water_proxy,307.759,279.6625,0.6849421931850734,0.0009106173848133391,0.0,0.0
4,ZA-A1-0005,2022,mean_cum_cwb6,water_proxy,0.0,0.0,0.0,0.0011810844494123875,0.0,0.0
4,ZA-A1-0005,2022,mean_cum_cwb7,water_proxy,0.0,0.0,0.0,0.01964014678639449,0.0,0.0
4,ZA-A1-0005,2022,mean_cum_cwb8,water_proxy,-28.60973333333333,-40.65893333333334,1.664400111130759,0.003072086154628108,0.0,0.0
4,ZA-A1-0005,2022,mean_cum_cwb10,water_proxy,-106.58103225806452,-205.03864516129033,1.503421590345292,0.0016167142354581087,-0.0008333333333334636,0.0
4,ZA-A1-0005,2022,mean_cum_cwb11,water_proxy,-163.08773333333332,-243.00193333333334,1.1308695889050124,0.0008568504057174909,0.0,0.0
4,ZA-A1-0005,2022,mean_cum_cwb12,water_proxy,-142.71029032258062,-209.04579032258061,1.262119830344232,0.0012209303436999848,-0.0016666666666669272,0.0
4,ZA-A1-0005,2022,mean_prec6,water_proxy,0.0,0.0,0.0,1.4509871792093058e-05,0.0,0.0
4,ZA-A1-0005,2022,mean_prec7,water_proxy,0.0,0.0,0.0,0.003193726565728196,0.0,0.0
4,ZA-A1-0005,2022,mean_prec10,water_proxy,2.748870967741936,2.743758064516129,0.004017743979721632,0.0013070225758259855,0.0,0.0
4,ZA-A1-0005,2022,mean_rad1,radiation_hazard,23211619.24137931,22738363.93965517,0.15832727254573545,0.003460102310763904,-0.003321666666666445,0.0
4,ZA-A1-0005,2022,mean_rad6,radiation_hazard,0.0,0.0,0.0,0.002014450074195945,0.0,0.0
4,ZA-A1-0005,2022,mean_rad7,radiation_hazard,0.0,0.0,0.0,0.003513232848283679,0.0,0.0
4,ZA-A1-0005,2022,mean_rad9,radiation_hazard,17949864.508333333,18954395.041666664,1.0565633785815318,0.009693997688776896,-0.002072222222221143,0.0
4,ZA-A1-0005,2022,mean_rad12,radiation_hazard,21435290.596774194,22251164.741935484,0.4030049260436182,0.007765431824487486,-0.026132777777776894,0.0
4,ZA-A1-0005,2022,mean_tavg1,temperature_hazard,20.00593103448276,20.08193103448276,0.15021612523834477,0.001659392244102835,-0.002412222222221594,0.0
4,ZA-A1-0005,2022,mean_tavg6,temperature_hazard,0.0,0.0,0.0,0.0021284117418404963,0.0,0.0
4,ZA-A1-0005,2022,mean_tavg7,temperature_hazard,0.0,0.0,0.0,0.0010771645194647627,0.0,0.0
4,ZA-A1-0005,2022,mean_tavg10,temperature_hazard,16.034193548387098,17.01151612903226,0.6675406513021657,0.0012277810437610862,-0.006222222222222129,0.0
4,ZA-A1-0005,2022,mean_tavg12,temperature_hazard,18.809838709677415,19.623612903225805,0.44116065456230713,0.003167349771039181,0.0,0.0
4,ZA-A1-0005,2022,mean_tmax1,temperature_hazard,26.197275862068967,26.696706896551724,0.6466064687259958,0.0023742626454409583,0.0,0.0
4,ZA-A1-0005,2022,mean_tmax6,temperature_hazard,0.0,0.0,0.0,0.0025215846249239727,0.0,0.0
4,ZA-A1-0005,2022,mean_tmax7,temperature_hazard,0.0,0.0,0.0,0.001917023545349932,0.0,0.0
4,ZA-A1-0005,2022,mean_tmax10,temperature_hazard,23.020709677419354,24.487112903225807,1.1724040104452123,0.0008859590979597943,-0.013098888888888993,0.0
4,ZA-A1-0005,2022,mean_tmax11,temperature_hazard,25.19783333333333,25.708233333333332,0.5981083730690087,0.0029431619816889447,-0.0016666666666669272,0.0
4,ZA-A1-0005,2022,mean_tmax12,temperature_hazard,25.288774193548388,26.417790322580643,0.5830966204903065,0.003135778326988995,-0.004738333333333067,0.0
4,ZA-A1-0005,2022,mean_tmin1,temperature_hazard,15.351379310344829,15.615293103448277,0.30438975888640263,0.003138527083450697,-0.013889444444443733,0.0
4,ZA-A1-0005,2022,mean_tmin6,temperature_hazard,0.0,0.0,0.0,0.0005314070942764241,0.0,0.0
4,ZA-A1-0005,2022,mean_tmin7,temperature_hazard,0.0,0.0,0.0,0.0012842213229734124,0.0,0.0
4,ZA-A1-0005,2022,mean_tmin10,temperature_hazard,10.279677419354838,11.167516129032258,0.7999302462452857,0.0017755570947672818,-0.01424166666666693,0.0
4,ZA-A1-0005,2022,mean_tmin11,temperature_hazard,12.4107,13.57845,1.2219997459701453,0.002441018114647434,-0.001618333333332167,0.0
4,ZA-A1-0005,2022,mean_tmin12,temperature_hazard,14.250451612903229,14.685161290322581,0.42365701261445143,0.003247200972883574,-0.010427777777777258,0.0
4,ZA-A1-0005,2022,tmin<5p1,temperature_hazard,0.0,0.0,0.0,0.0,0.0,0.0
4,ZA-A1-0005,2022,tmin<5p6,temperature_hazard,0.0,0.0,0.0,8.828622812612666e-06,0.0,0.0
4,ZA-A1-0005,2022,tmin<5p7,temperature_hazard,0.0,0.0,0.0,0.02431037641908708,0.0,0.0
4,ZA-A1-0005,2022,tmin<5p8,temperature_hazard,7.0,6.0,0.25762701996477233,0.002217221289576947,0.0,0.0
4,ZA-A1-0005,2022,tmin<5p10,temperature_hazard,0.0,0.0,0.0,0.003130541471307732,0.0,0.0
4,ZA-A1-0005,2022,tmin<5p11,temperature_hazard,0.0,0.0,0.0,0.0001236532208506134,0.0,0.0
4,ZA-A1-0005,2022,tmin<5p12,temperature_hazard,0.0,0.0,0.0,0.0,0.0,0.0
4,ZA-A1-0005,2022,tmax>32p1,temperature_hazard,0.0,0.0,0.0,0.0015971452697282993,0.0,0.0
4,ZA-A1-0005,2022,tmax>32p6,temperature_hazard,0.0,0.0,0.0,0.0,0.0,0.0
4,ZA-A1-0005,2022,tmax>32p7,temperature_hazard,0.0,0.0,0.0,0.0,0.0,0.0
4,ZA-A1-0005,2022,tmax>32p8,temperature_hazard,0.0,0.0,0.0,0.0,0.0,0.0
4,ZA-A1-0005,2022,tmax>32p11,temperature_hazard,0.0,1.0,0.3333333333333333,0.0040471589714501715,-0.003002777777778576,0.0
4,ZA-A1-0005,2022,tmax>32p12,temperature_hazard,0.0,1.5,0.6,0.0021389850445904814,-0.0015183333333332882,0.0
4,ZA-A1-0005,2022,prec<0.5p6,water_proxy,0.0,0.0,0.0,2.3077165427745042e-05,0.0,0.0
4,ZA-A1-0005,2022,prec<0.5p7,water_proxy,0.0,0.0,0.0,0.18335275643028912,0.0,0.0
4,ZA-A1-0005,2022,prec<0.5p8,water_proxy,17.0,22.0,1.7941248897921442,0.003029609823417224,-0.003166666666666984,0.0
4,ZA-A1-0005,2022,prec<0.5p9,water_proxy,18.0,18.0,0.0,0.0061467741823143665,0.0,0.0
4,ZA-A1-0005,2022,prec<0.5p10,water_proxy,11.0,9.0,0.5333333333333333,0.0011606267422479906,-0.005042222222221504,0.0
4,ZA-A1-0005,2022,prec<0.5p12,water_proxy,0.0,2.5,1.4285714285714286,0.005490765618725696,-0.014657777777776992,0.0
4,ZA-A1-0005,2022,mean_cum_fpar7,crop_state_indicator,0.0,0.0,0.0,0.10738307384572447,0.0,0.0
4,ZA-A1-0005,2022,mean_cum_fpar8,crop_state_indicator,48.4005,48.77825000000001,0.04351572471358827,0.05692899725995502,0.0,0.0
4,ZA-A1-0005,2022,mean_cum_ndvi7,crop_state_indicator,0.0,0.0,0.0,0.031837223687955926,0.0,0.0
4,ZA-A1-0005,2022,mean_cum_ndvi8,crop_state_indicator,0.8887499999999999,0.892875,0.08730158730158824,0.017954295122038336,0.0,0.0
4,ZA-A1-0005,2022,mean_ssm6,water_proxy,0.0,0.0,0.0,0.001409098235969707,0.0,0.0
4,ZA-A1-0005,2022,mean_ssm7,water_proxy,0.0,0.0,0.0,0.003134757384724616,0.0,0.0
4,ZA-A1-0005,2022,mean_ssm10,water_proxy,5.364354838709677,5.06033870967742,1.017517341898564,0.0009471288261739505,-0.0050288888888889716,0.0
4,ZA-A1-0005,2022,mean_ssm11,water_proxy,5.3369,5.362683333333333,0.0971825234789702,0.004015845776290346,0.0,0.0
5,ZA-A1-0006,2022,max_cum_prec9,water_proxy,20.466,5.140000000000001,6.02674007078254,0.004650036403366703,0.13216833333333522,0.003703959483127046
5,ZA-A1-0006,2022,mean_cum_fpar12,crop_state_indicator,283.925,293.874,0.5455875057816649,0.05359404550190877,0.06314055555555687,0.001846245099842664
5,ZA-A1-0006,2022,prec<0.5p8,water_proxy,26.0,31.0,5.0,0.003029609823417224,0.08859222222222307,0.0013419993336140437
5,ZA-A1-0006,2022,mean_prec8,water_proxy,0.3397096774193548,0.0220967741935483,7.402128806156404,0.002556585223490642,0.05635777777777928,0.0010665243437869734
5,ZA-A1-0006,2022,max_cum_prec8,water_proxy,10.531,0.685,7.414721712474927,0.002469806163983967,0.037481111111111964,0.0006863887913007116
5,ZA-A1-0006,2022,mean_rad8,radiation_hazard,17760552.16129032,18724538.967741936,2.3637533506211534,0.004436492901005692,0.03950555555555724,0.0004142858707713922
5,ZA-A1-0006,2022,mean_cum_fpar11,crop_state_indicator,209.38433333333333,219.5373333333333,0.6958884995677919,0.06315732829328002,0.006621666666668524,0.00029102528552253307
5,ZA-A1-0006,2022,mean_cum_ndvi11,crop_state_indicator,3.3165,3.3723333333333336,0.2930308882116345,0.013048295963492265,0.06650333333333336,0.00025427906994190936
5,ZA-A1-0006,2022,prec<0.5p9,water_proxy,24.0,28.0,2.0,0.0061467741823143665,0.011244999999999727,0.00013824095136024674
5,ZA-A1-0006,2022,mean_cum_ndvi10,crop_state_indicator,2.381333333333333,2.47425,0.7993527402003534,0.004889047977237712,0.024162777777778643,9.442992112626519e-05
5,ZA-A1-0006,2022,tmax>32p11,temperature_hazard,9.0,6.0,0.75,0.0040471589714501715,0.024167222222223117,7.335644267377518e-05
5,ZA-A1-0006,2022,mean_cum_fpar10,crop_state_indicator,148.382,156.31833333333336,0.6124816710827586,0.09699501932249595,0.0009794444444448658,5.818651382898857e-05
5,ZA-A1-0006,2022,mean_cum_fpar9,crop_state_indicator,91.98366666666668,97.47533333333332,0.49686350202062596,0.04890739322780205,0.0021733333333342486,5.2812649117890083e-05
5,ZA-A1-0006,2022,mean_cum_cwb8,water_proxy,-61.88022580645161,-67.48987096774194,0.918936438967643,0.003072086154628108,0.014089999999999492,3.977680142790133e-05
5,ZA-A1-0006,2022,tmin<5p9,temperature_hazard,0.0,2.0,1.7541160386140584,0.0013274206327174587,0.01643666666666821,3.827195357159636e-05
5,ZA-A1-0006,2022,mean_ssm9,water_proxy,2.1631333333333336,1.782,1.5537437151786975,0.0014653099742918273,0.01588111111111168,3.615678235853925e-05
5,ZA-A1-0006,2022,mean_ssm7,water_proxy,2.721,2.32,0.8152157932424966,0.003134757384724616,0.01200055555555668,3.0667464460428833e-05
5,ZA-A1-0006,2022,mean_tavg12,temperature_hazard,20.006129032258062,22.08364516129032,2.248746959205978,0.003167349771039181,0.004138333333333577,2.9475561261813482e-05
5,ZA-A1-0006,2022,tmax>32p10,temperature_hazard,2.0,6.0,0.5,0.0015758349425434141,0.029495555555555164,2.3240063547087176e-05
5,ZA-A1-0006,2022,mean_cum_cwb12,water_proxy,-570.2294516129033,-644.200741935484,2.279119502439352,0.0012209303436999848,0.0075322222222222734,2.095950922370082e-05
5,ZA-A1-0006,2022,tmax>32p12,temperature_hazard,0.0,4.0,1.0,0.0021389850445904814,0.00941499999999973,2.0138544194818802e-05
5,ZA-A1-0006,2022,mean_tmin8,temperature_hazard,6.823258064516129,6.123161290322581,0.5274804742855379,0.0011930077105509022,0.031175555555558176,1.96184115149891e-05
5,ZA-A1-0006,2022,max_cum_prec12,water_proxy,315.093,216.088,3.553032635905392,0.001002383075126751,0.0042544444444443386,1.5152202951228326e-05
5,ZA-A1-0006,2022,mean_cum_cwb1,water_proxy,-590.3994615384615,-702.7751923076922,1.4760261325606898,0.0015460049146773032,0.005531111111111819,1.2621683905825967e-05
5,ZA-A1-0006,2022,mean_cum_ndvi9,crop_state_indicator,1.5195,1.5535,0.42367601246105874,0.009674906901246642,0.002302777777778431,9.439145930031668e-06
5,ZA-A1-0006,2022,prec<0.5p11,water_proxy,18.0,15.0,0.42857142857142855,0.0022597888215751664,0.005086666666667128,4.926339631034309e-06
5,ZA-A1-0006,2022,prec<0.5p10,water_proxy,20.0,23.0,0.75,0.0011606267422479906,0.003777777777778546,3.2884424363699754e-06
5,ZA-A1-0006,2022,mean_cum_cwb10,water_proxy,-357.18951612903226,-383.2207741935485,0.675520199834422,0.0016167142354581087,0.0029622222222220884,3.2351113855730786e-06
5,ZA-A1-0006,2022,mean_tavg11,temperature_hazard,21.43003333333333,22.256866666666667,0.6710401731367568,0.002222872431386289,0.0017566666666670727,2.620308471807558e-06
5,ZA-A1-0006,2022,max_cum_prec11,water_proxy,125.767,102.324,0.9283253474834672,0.0009106173848133391,0.0030155555555566593,2.549197476992186e-06
5,ZA-A1-0006,2022,mean_rad10,radiation_hazard,25453246.387096774,26022227.48387097,0.2886742909172494,0.0011468969539715958,0.0048111111111115434,1.5928610546698908e-06
5,ZA-A1-0006,2022,mean_prec11,water_proxy,1.618766666666667,2.4008333333333334,0.5205218085814439,0.0012301027723001935,0.0022183333333343214,1.4203884510431484e-06
5,ZA-A1-0006,2022,mean_ssm10,water_proxy,2.790451612903226,2.1258064516129034,1.2316721220059113,0.0009471288261739505,0.0011766666666668257,1.3726430547160625e-06
5,ZA-A1-0006,2022,mean_prec10,water_proxy,1.830258064516129,1.4783870967741934,0.5442832562177267,0.0013070225758259855,0.0014588888888891205,1.03783970124751e-06
5,ZA-A1-0006,2022,tmin<5p8,temperature_hazard,10.0,12.0,0.337099931231621,0.002217221289576947,0.0013633333333338271,1.0189896133165193e-06
5,ZA-A1-0006,2022,mean_rad1,radiation_hazard,25594708.03846154,25268233.24,0.08203749630106984,0.003460102310763904,0.0008738888888890628,2.480604662827885e-07
5,ZA-A1-0006,2022,awc,fixed_context,11.462,11.462,0.0,0.003551940503894281,0.0,0.0
5,ZA-A1-0006,2022,bulk_density,fixed_context,1.491,1.491,0.0,0.005350119746063134,0.0,0.0
5,ZA-A1-0006,2022,max_cum_gdd1,temperature_hazard,740.221,886.579,1.5095456655149284,0.0024661053987927407,-0.015882222222221465,0.0
5,ZA-A1-0006,2022,max_cum_gdd6,temperature_hazard,0.0,0.0,0.0,0.0,0.0,0.0
5,ZA-A1-0006,2022,max_cum_gdd7,temperature_hazard,0.0,0.0,0.0,0.0026343492905709963,0.0,0.0
5,ZA-A1-0006,2022,max_cum_gdd8,temperature_hazard,17.650999999999996,14.955999999999998,0.17846500231772724,0.0018821386527693058,0.0,0.0
5,ZA-A1-0006,2022,max_cum_gdd9,temperature_hazard,131.59,133.787,0.10073822733733787,0.0018909291058225451,-0.0024600000000001288,0.0
5,ZA-A1-0006,2022,max_cum_gdd10,temperature_hazard,241.075,307.752,0.8430948587613485,0.0016882451220063032,-0.013879444444443223,0.0
5,ZA-A1-0006,2022,max_cum_gdd11,temperature_hazard,433.976,494.043,0.7097098161538828,0.0012932771177031818,0.0,0.0
5,ZA-A1-0006,2022,max_cum_gdd12,temperature_hazard,589.166,715.948,0.8606008770143495,0.0015777586713296358,-0.002169999999999561,0.0
5,ZA-A1-0006,2022,max_cum_prec1,water_proxy,416.078,344.374,0.6519908708184434,0.004762902376949832,-0.0032933333333335923,0.0
5,ZA-A1-0006,2022,max_cum_prec6,water_proxy,0.0,0.0,0.0,2.0561096213804917e-05,0.0,0.0
5,ZA-A1-0006,2022,max_cum_prec7,water_proxy,0.0,0.0,0.0,0.0068295643821263225,0.0,0.0
5,ZA-A1-0006,2022,max_cum_prec10,water_proxy,77.204,52.354,1.1879787911725235,0.0008594096424880392,-0.0008494444444444582,0.0
5,ZA-A1-0006,2022,mean_cum_cwb6,water_proxy,0.0,0.0,0.0,0.0011810844494123875,0.0,0.0
5,ZA-A1-0006,2022,mean_cum_cwb7,water_proxy,-2.987,-3.426,0.24174008810572686,0.01964014678639449,0.0,0.0
5,ZA-A1-0006,2022,mean_cum_cwb9,water_proxy,-205.61283333333333,-214.5038333333333,0.854972353553969,0.0053966739973770024,-0.0023566666666665625,0.0
5,ZA-A1-0006,2022,mean_cum_cwb11,water_proxy,-515.6323666666666,-537.4334333333334,0.618509794489637,0.0008568504057174909,0.0,0.0
5,ZA-A1-0006,2022,mean_prec1,water_proxy,3.8840384615384616,3.59288,0.07157829046898638,0.0029747247930777864,-0.00835499999999989,0.0
5,ZA-A1-0006,2022,mean_prec6,water_proxy,0.0,0.0,0.0,1.4509871792093058e-05,0.0,0.0
5,ZA-A1-0006,2022,mean_prec7,water_proxy,0.0,0.0,0.0,0.003193726565728196,0.0,0.0
5,ZA-A1-0006,2022,mean_prec9,water_proxy,0.3311666666666666,0.1201333333333333,2.361432301380081,0.001011144509013754,-0.0051405555555552596,0.0
5,ZA-A1-0006,2022,mean_prec12,water_proxy,6.107290322580645,2.766709677419355,1.766929993686976,0.0017464431440159414,-0.018526666666667246,0.0
5,ZA-A1-0006,2022,mean_rad6,radiation_hazard,0.0,0.0,0.0,0.002014450074195945,0.0,0.0
5,ZA-A1-0006,2022,mean_rad7,radiation_hazard,17021956.0,16881866.0,0.11754267624718528,0.003513232848283679,0.0,0.0
5,ZA-A1-0006,2022,mean_rad9,radiation_hazard,22505514.8,22407122.933333334,0.24257547888143827,0.009693997688776896,0.0,0.0
5,ZA-A1-0006,2022,mean_rad11,radiation_hazard,27103366.4,27060054.466666665,0.028282968910061452,0.00351780872171493,0.0,0.0
5,ZA-A1-0006,2022,mean_rad12,radiation_hazard,24888284.096774194,25584165.70967742,0.46259141841285717,0.007765431824487486,-0.023758333333332438,0.0
5,ZA-A1-0006,2022,mean_tavg1,temperature_hazard,20.80980769230769,21.86672,0.5007602594941319,0.001659392244102835,-0.007855555555554616,0.0
5,ZA-A1-0006,2022,mean_tavg6,temperature_hazard,0.0,0.0,0.0,0.0021284117418404963,0.0,0.0
5,ZA-A1-0006,2022,mean_tavg7,temperature_hazard,11.0,12.473,1.315683062270991,0.0010771645194647627,-0.007108888888888387,0.0
5,ZA-A1-0006,2022,mean_tavg8,temperature_hazard,13.765774193548388,13.370483870967742,0.24760557688421933,0.001957379676189182,-0.013142777777776615,0.0
5,ZA-A1-0006,2022,mean_tavg9,temperature_hazard,18.732833333333332,17.9969,0.7442189712128374,0.001599267614328298,-0.005422222222222217,0.0
5,ZA-A1-0006,2022,mean_tavg10,temperature_hazard,18.531774193548387,21.364645161290323,1.6904523580365705,0.0012277810437610862,-0.028582777777776514,0.0
5,ZA-A1-0006,2022,mean_tmax1,temperature_hazard,26.84853846153846,28.23716,0.416782028490292,0.0023742626454409583,-0.0072899999999993526,0.0
5,ZA-A1-0006,2022,mean_tmax6,temperature_hazard,0.0,0.0,0.0,0.0025215846249239727,0.0,0.0
5,ZA-A1-0006,2022,mean_tmax7,temperature_hazard,20.557,19.579,0.33029381965552085,0.001917023545349932,0.0,0.0
5,ZA-A1-0006,2022,mean_tmax8,temperature_hazard,21.620741935483878,21.44470967741936,0.11495540401636169,0.002322272118354934,0.0,0.0
5,ZA-A1-0006,2022,mean_tmax9,temperature_hazard,26.57336666666667,26.375833333333333,0.2970426065162951,0.0023195506717081076,0.0,0.0
5,ZA-A1-0006,2022,mean_tmax10,temperature_hazard,26.227129032258063,29.14374193548387,1.8284001397245209,0.0008859590979597943,-0.018220555555553908,0.0
5,ZA-A1-0006,2022,mean_tmax11,temperature_hazard,29.5677,29.735766666666667,0.16037405769903806,0.0029431619816889447,0.0,0.0
5,ZA-A1-0006,2022,mean_tmax12,temperature_hazard,26.79254838709677,28.857225806451613,1.0855848979799558,0.003135778326988995,-0.019516666666665294,0.0
5,ZA-A1-0006,2022,mean_tmin1,temperature_hazard,15.89023076923077,17.05376923076923,2.559573590705449,0.003138527083450697,-0.054165000000000685,0.0
5,ZA-A1-0006,2022,mean_tmin6,temperature_hazard,0.0,0.0,0.0,0.0005314070942764241,0.0,0.0
5,ZA-A1-0006,2022,mean_tmin7,temperature_hazard,3.626,4.6685,0.8716555183946484,0.0012842213229734124,-0.013391111111110021,0.0
5,ZA-A1-0006,2022,mean_tmin9,temperature_hazard,11.145166666666666,10.239633333333332,0.8897550111358579,0.0014573135988975572,-0.00017277777777735537,0.0
5,ZA-A1-0006,2022,mean_tmin10,temperature_hazard,11.58667741935484,13.320548387096776,1.6470471537596685,0.0017755570947672818,-0.07918777777777564,0.0
5,ZA-A1-0006,2022,mean_tmin11,temperature_hazard,13.607033333333334,15.458,1.65952613628746,0.002441018114647434,-0.006895555555555433,0.0
5,ZA-A1-0006,2022,mean_tmin12,temperature_hazard,14.866741935483873,16.126322580645162,1.9205139567485403,0.003247200972883574,-0.07317777777777623,0.0
5,ZA-A1-0006,2022,tmin<5p1,temperature_hazard,0.0,0.0,0.0,0.0,0.0,0.0
5,ZA-A1-0006,2022,tmin<5p6,temperature_hazard,0.0,0.0,0.0,8.828622812612666e-06,0.0,0.0
5,ZA-A1-0006,2022,tmin<5p7,temperature_hazard,1.0,1.0,0.0,0.02431037641908708,0.0,0.0
5,ZA-A1-0006,2022,tmin<5p10,temperature_hazard,0.0,0.0,0.0,0.003130541471307732,0.0,0.0
5,ZA-A1-0006,2022,tmin<5p11,temperature_hazard,0.0,0.0,0.0,0.0001236532208506134,0.0,0.0
5,ZA-A1-0006,2022,tmin<5p12,temperature_hazard,0.0,0.0,0.0,0.0,0.0,0.0
5,ZA-A1-0006,2022,tmax>32p1,temperature_hazard,0.0,0.0,0.0,0.0015971452697282993,0.0,0.0
5,ZA-A1-0006,2022,tmax>32p6,temperature_hazard,0.0,0.0,0.0,0.0,0.0,0.0
5,ZA-A1-0006,2022,tmax>32p7,temperature_hazard,0.0,0.0,0.0,0.0,0.0,0.0
5,ZA-A1-0006,2022,tmax>32p8,temperature_hazard,0.0,0.0,0.0,0.0,0.0,0.0
5,ZA-A1-0006,2022,tmax>32p9,temperature_hazard,1.0,0.0,999999999.9999999,0.0018608486442392397,0.0,0.0
5,ZA-A1-0006,2022,prec<0.5p1,water_proxy,8.0,8.0,0.0,0.005081913662870759,0.0,0.0
5,ZA-A1-0006,2022,prec<0.5p6,water_proxy,0.0,0.0,0.0,2.3077165427745042e-05,0.0,0.0
5,ZA-A1-0006,2022,prec<0.5p7,water_proxy,1.0,1.0,0.0,0.18335275643028912,0.0,0.0
5,ZA-A1-0006,2022,prec<0.5p12,water_proxy,4.0,10.0,2.7675936240866554,0.005490765618725696,-0.00816666666666599,0.0
5,ZA-A1-0006,2022,mean_cum_fpar1,crop_state_indicator,398.838,389.836,0.3075155178296358,0.020839551823328178,-0.012356111111111012,0.0
5,ZA-A1-0006,2022,mean_cum_fpar7,crop_state_indicator,0.0,0.0,0.0,0.10738307384572447,0.0,0.0
5,ZA-A1-0006,2022,mean_cum_fpar8,crop_state_indicator,37.572,39.41633333333333,0.3482721722162756,0.05692899725995502,0.0,0.0
5,ZA-A1-0006,2022,mean_cum_ndvi1,crop_state_indicator,6.4135,6.14275,0.6213425129087776,0.01276829788484727,-0.003107222222221928,0.0
5,ZA-A1-0006,2022,mean_cum_ndvi7,crop_state_indicator,0.0,0.0,0.0,0.031837223687955926,0.0,0.0
5,ZA-A1-0006,2022,mean_cum_ndvi8,crop_state_indicator,0.582,0.587,0.13333333333333391,0.017954295122038336,0.0,0.0
5,ZA-A1-0006,2022,mean_cum_ndvi12,crop_state_indicator,4.652,4.6072500000000005,0.18008048289738282,0.011316713296592265,0.0,0.0
5,ZA-A1-0006,2022,mean_ssm1,water_proxy,3.699230769230769,3.30568,0.442995930383583,0.008166041805792397,-0.015842777777777428,0.0
5,ZA-A1-0006,2022,mean_ssm6,water_proxy,0.0,0.0,0.0,0.001409098235969707,0.0,0.0
5,ZA-A1-0006,2022,mean_ssm8,water_proxy,2.7161935483870967,2.2270645161290323,1.3922640374944897,0.0011377012795295088,-0.0018722222222224971,0.0
5,ZA-A1-0006,2022,mean_ssm11,water_proxy,2.7475,2.4742666666666664,0.6024105239950033,0.004015845776290346,-0.00045499999999876195,0.0
5,ZA-A1-0006,2022,mean_ssm12,water_proxy,3.859,3.1103870967741933,1.7343247888797557,0.00506582638674523,-0.03485888888888855,0.0
6,ZA-A1-0007,2022,mean_prec12,water_proxy,7.747838709677419,3.7595483870967743,4.443021845623019,0.0017464431440159414,0.07405722222222355,0.0005746459080114583
6,ZA-A1-0007,2022,mean_cum_fpar10,crop_state_indicator,151.41933333333333,156.68766666666667,0.7438786314694558,0.09699501932249595,0.004576666666666895,0.0003302180434195837
6,ZA-A1-0007,2022,mean_cum_ndvi10,crop_state_indicator,2.5346666666666664,2.74,1.6082954073197464,0.004889047977237712,0.03257111111111133,0.00025610773480095787
6,ZA-A1-0007,2022,mean_cum_fpar12,crop_state_indicator,345.608,353.6403333333333,0.3793805207036064,0.05359404550190877,0.008578333333333354,0.00017441927894722755
6,ZA-A1-0007,2022,mean_rad9,radiation_hazard,22123223.466666665,21904963.03333333,0.4780932622953828,0.009693997688776896,0.029519444444443543,0.00013681184980386088
6,ZA-A1-0007,2022,mean_cum_fpar1,crop_state_indicator,504.46066666666667,518.7123333333333,0.34472888530538126,0.020839551823328178,0.015052777777778026,0.0001081390873712856
6,ZA-A1-0007,2022,prec<0.5p8,water_proxy,27.0,31.0,3.067859955389481,0.003029609823417224,0.010953333333331372,0.00010180486569750097
6,ZA-A1-0007,2022,mean_cum_ndvi11,crop_state_indicator,3.7865,3.971666666666666,0.6901081653651803,0.013048295963492265,0.010879444444444886,9.796652057208344e-05
6,ZA-A1-0007,2022,mean_rad8,radiation_hazard,17857860.096774194,18315357.22580645,1.2649069729291096,0.004436492901005692,0.011847222222221454,6.648365885242906e-05
6,ZA-A1-0007,2022,mean_prec11,water_proxy,2.965233333333333,4.562733333333333,1.8708480473659892,0.0012301027723001935,0.027571666666666772,6.345165169929876e-05
6,ZA-A1-0007,2022,mean_tavg12,temperature_hazard,18.834387096774197,20.669387096774194,2.5201577175261374,0.003167349771039181,0.007829444444444889,6.249635562468037e-05
6,ZA-A1-0007,2022,mean_cum_ndvi9,crop_state_indicator,1.57075,1.6364999999999998,1.983807066811396,0.009674906901246642,0.0030044444444445872,5.766474892733764e-05
6,ZA-A1-0007,2022,max_cum_prec1,water_proxy,530.922,464.695,0.880123828099749,0.004762902376949832,0.013081111111111099,5.48352835725078e-05
6,ZA-A1-0007,2022,prec<0.5p11,water_proxy,11.0,7.0,0.6666666666666666,0.0022597888215751664,0.034222222222223486,5.1556663484827916e-05
6,ZA-A1-0007,2022,mean_tmin12,temperature_hazard,13.920612903225804,15.315709677419354,1.9643895348837361,0.003247200972883574,0.006766111111110362,4.3159450393070764e-05
6,ZA-A1-0007,2022,mean_cum_cwb1,water_proxy,-385.5639230769231,-511.2325769230769,1.3140599103713229,0.0015460049146773032,0.018606111111111545,3.779911626631678e-05
6,ZA-A1-0007,2022,max_cum_gdd1,temperature_hazard,572.564,714.3829999999999,1.4573489667362014,0.0024661053987927407,0.00796111111111042,2.8612043498989797e-05
6,ZA-A1-0007,2022,tmax>32p10,temperature_hazard,0.0,3.0,0.75,0.0015758349425434141,0.022246111111110523,2.6292149418443443e-05
6,ZA-A1-0007,2022,tmax>32p12,temperature_hazard,0.0,1.0,1.0,0.0021389850445904814,0.011323888888889577,2.422162897993913e-05
6,ZA-A1-0007,2022,mean_tmax1,temperature_hazard,25.57473076923077,26.844961538461536,0.9179513273484321,0.0023742626454409583,0.008447222222221384,1.8410362222192875e-05
6,ZA-A1-0007,2022,mean_tmin8,temperature_hazard,6.37058064516129,5.649451612903226,0.5660348989117762,0.0011930077105509022,0.02412166666666682,1.6288975525416212e-05
6,ZA-A1-0007,2022,mean_rad1,radiation_hazard,25004026.923076924,23880890.865384616,0.4271863440826246,0.003460102310763904,0.009622777777778424,1.4223509206305623e-05
6,ZA-A1-0007,2022,tmax>32p11,temperature_hazard,1.0,0.0,1.0,0.0040471589714501715,0.0028027777777772656,1.1343287228312435e-05
6,ZA-A1-0007,2022,mean_prec8,water_proxy,0.1823548387096774,0.0348387096774193,0.38065734081674035,0.002556585223490642,0.009650555555554163,9.391755958175837e-06
6,ZA-A1-0007,2022,mean_tavg10,temperature_hazard,17.54222580645161,19.92183870967742,1.566232828722478,0.0012277810437610862,0.0038422222222225244,7.3885586658148645e-06
6,ZA-A1-0007,2022,max_cum_prec8,water_proxy,5.653,1.08,0.3806573408167403,0.002469806163983967,0.006670555555555957,6.271321783059364e-06
6,ZA-A1-0007,2022,mean_tavg1,temperature_hazard,19.544807692307693,20.544615384615383,1.3533004268341786,0.001659392244102835,0.0027622222222225545,6.203001548137429e-06
6,ZA-A1-0007,2022,prec<0.5p1,water_proxy,8.0,7.0,0.2282177322938192,0.005081913662870759,0.004844444444444207,5.6185033996447986e-06
6,ZA-A1-0007,2022,max_cum_prec12,water_proxy,421.625,334.804,4.229393998441163,0.001002383075126751,0.0013244444444433512,5.614946411994757e-06
6,ZA-A1-0007,2022,mean_tmin11,temperature_hazard,13.396,13.983333333333333,0.49715027368658515,0.002441018114647434,0.003392222222222685,4.116640856636682e-06
6,ZA-A1-0007,2022,mean_rad11,radiation_hazard,25440670.6,24592744.6,0.2755211557301542,0.00351780872171493,0.0031555555555558,3.0584613977673696e-06
6,ZA-A1-0007,2022,max_cum_prec11,water_proxy,181.442,218.084,0.9571600229873051,0.0009106173848133391,0.0023716666666659947,2.0671602176383455e-06
6,ZA-A1-0007,2022,mean_cum_cwb9,water_proxy,-193.7994,-198.58903333333333,0.2611647655545796,0.0053966739973770024,0.0011722222222223522,1.6521547330678847e-06
6,ZA-A1-0007,2022,mean_ssm8,water_proxy,3.653161290322581,3.436193548387097,0.38962000806558783,0.0011377012795295088,0.003718888888887939,1.6484762724125922e-06
6,ZA-A1-0007,2022,mean_tmax9,temperature_hazard,25.791066666666666,25.63203333333333,0.3272907544128648,0.0023195506717081076,0.0016683333333338268,1.2665444278861347e-06
6,ZA-A1-0007,2022,mean_tavg8,temperature_hazard,13.375677419354838,12.861483870967742,0.3336511653027719,0.001957379676189182,0.0012616666666662724,8.239718024908516e-07
6,ZA-A1-0007,2022,mean_cum_cwb12,water_proxy,-408.6282258064516,-447.6423225806452,0.4466097251148435,0.0012209303436999848,0.0006783333333322261,3.698811693826932e-07
6,ZA-A1-0007,2022,mean_prec1,water_proxy,4.203730769230769,4.489076923076923,0.12236685306368589,0.0029747247930777864,0.00034833333333317285,1.2679601956131768e-07
6,ZA-A1-0007,2022,mean_tmax10,temperature_hazard,24.88464516129032,27.10483870967742,1.0989302251317286,0.0008859590979597943,3.888888888869957e-05,3.786250342675578e-08
6,ZA-A1-0007,2022,awc,fixed_context,10.142,10.142,0.0,0.003551940503894281,0.0,0.0
6,ZA-A1-0007,2022,bulk_density,fixed_context,1.543,1.543,0.0,0.005350119746063134,0.0,0.0
6,ZA-A1-0007,2022,max_cum_gdd6,temperature_hazard,0.0,0.0,0.0,0.0,0.0,0.0
6,ZA-A1-0007,2022,max_cum_gdd7,temperature_hazard,0.0,0.0,0.0,0.0026343492905709963,0.0,0.0
6,ZA-A1-0007,2022,max_cum_gdd8,temperature_hazard,12.769,8.423,0.33223719974227245,0.0018821386527693058,-0.0001722222222229064,0.0
6,ZA-A1-0007,2022,max_cum_gdd9,temperature_hazard,104.894,105.29,0.016350123864574757,0.0018909291058225451,0.0,0.0
6,ZA-A1-0007,2022,max_cum_gdd10,temperature_hazard,185.82100000000003,239.248,0.7044513594050786,0.0016882451220063032,0.0,0.0
6,ZA-A1-0007,2022,max_cum_gdd11,temperature_hazard,333.41200000000003,385.92,0.5032683497230047,0.0012932771177031818,0.0,0.0
6,ZA-A1-0007,2022,max_cum_gdd12,temperature_hazard,454.399,561.6709999999999,0.8784362537566426,0.0015777586713296358,0.0,0.0
6,ZA-A1-0007,2022,max_cum_prec6,water_proxy,0.0,0.0,0.0,2.0561096213804917e-05,0.0,0.0
6,ZA-A1-0007,2022,max_cum_prec7,water_proxy,0.0,0.0,0.0,0.0068295643821263225,0.0,0.0
6,ZA-A1-0007,2022,max_cum_prec9,water_proxy,16.655,12.976,0.25996851977636704,0.004650036403366703,0.0,0.0
6,ZA-A1-0007,2022,max_cum_prec10,water_proxy,92.485,94.551,0.04939267365553044,0.0008594096424880392,0.0,0.0
6,ZA-A1-0007,2022,mean_cum_cwb6,water_proxy,0.0,0.0,0.0,0.0011810844494123875,0.0,0.0
6,ZA-A1-0007,2022,mean_cum_cwb7,water_proxy,0.0,0.0,0.0,0.01964014678639449,0.0,0.0
6,ZA-A1-0007,2022,mean_cum_cwb8,water_proxy,-59.136967741935486,-60.71854838709677,0.09080980447216737,0.003072086154628108,0.0,0.0
6,ZA-A1-0007,2022,mean_cum_cwb10,water_proxy,-305.1575161290323,-297.5793548387097,0.12246511858248343,0.0016167142354581087,0.0,0.0
6,ZA-A1-0007,2022,mean_cum_cwb11,water_proxy,-427.14186666666666,-407.11373333333336,0.282093856016264,0.0008568504057174909,-0.0019999999999997797,0.0
6,ZA-A1-0007,2022,mean_prec6,water_proxy,0.0,0.0,0.0,1.4509871792093058e-05,0.0,0.0
6,ZA-A1-0007,2022,mean_prec7,water_proxy,0.0,0.0,0.0,0.003193726565728196,0.0,0.0
6,ZA-A1-0007,2022,mean_prec9,water_proxy,0.3667333333333333,0.4059,0.3921895861148204,0.001011144509013754,0.0,0.0
6,ZA-A1-0007,2022,mean_prec10,water_proxy,2.4461290322580647,2.6459032258064514,0.1825935479538154,0.0013070225758259855,0.0,0.0
6,ZA-A1-0007,2022,mean_rad6,radiation_hazard,0.0,0.0,0.0,0.002014450074195945,0.0,0.0
6,ZA-A1-0007,2022,mean_rad7,radiation_hazard,0.0,0.0,0.0,0.003513232848283679,0.0,0.0
6,ZA-A1-0007,2022,mean_rad10,radiation_hazard,23698022.0,23433062.93548387,0.09811737248027015,0.0011468969539715958,0.0,0.0
6,ZA-A1-0007,2022,mean_rad12,radiation_hazard,23771113.774193548,24581722.22580645,0.6454266965786846,0.007765431824487486,-0.11034499999999614,0.0
6,ZA-A1-0007,2022,mean_tavg6,temperature_hazard,0.0,0.0,0.0,0.0021284117418404963,0.0,0.0
6,ZA-A1-0007,2022,mean_tavg7,temperature_hazard,0.0,0.0,0.0,0.0010771645194647627,0.0,0.0
6,ZA-A1-0007,2022,mean_tavg9,temperature_hazard,17.9295,17.889866666666666,0.04945512020630727,0.001599267614328298,0.0,0.0
6,ZA-A1-0007,2022,mean_tavg11,temperature_hazard,19.874866666666662,19.852566666666668,0.020452446424548527,0.002222872431386289,0.0,0.0
6,ZA-A1-0007,2022,mean_tmax6,temperature_hazard,0.0,0.0,0.0,0.0025215846249239727,0.0,0.0
6,ZA-A1-0007,2022,mean_tmax7,temperature_hazard,0.0,0.0,0.0,0.001917023545349932,0.0,0.0
6,ZA-A1-0007,2022,mean_tmax8,temperature_hazard,21.10332258064516,20.814,0.19023479754809322,0.002322272118354934,-0.0019799999999996487,0.0
6,ZA-A1-0007,2022,mean_tmax11,temperature_hazard,27.2462,27.212666666666667,0.025230539494329726,0.0029431619816889447,0.0,0.0
6,ZA-A1-0007,2022,mean_tmax12,temperature_hazard,25.17806451612903,27.014709677419354,2.13363312722502,0.003135778326988995,-0.0010616666666667385,0.0
6,ZA-A1-0007,2022,mean_tmin1,temperature_hazard,14.683923076923076,15.462384615384616,0.9750457654880077,0.003138527083450697,-0.0011194444444448948,0.0
6,ZA-A1-0007,2022,mean_tmin6,temperature_hazard,0.0,0.0,0.0,0.0005314070942764241,0.0,0.0
6,ZA-A1-0007,2022,mean_tmin7,temperature_hazard,0.0,0.0,0.0,0.0012842213229734124,0.0,0.0
6,ZA-A1-0007,2022,mean_tmin9,temperature_hazard,10.2031,10.141,0.05559368565545574,0.0014573135988975572,0.0,0.0
6,ZA-A1-0007,2022,mean_tmin10,temperature_hazard,10.94335483870968,12.893548387096772,1.8681002826225037,0.0017755570947672818,-0.0035333333333342765,0.0
6,ZA-A1-0007,2022,tmin<5p1,temperature_hazard,0.0,0.0,0.0,0.0,0.0,0.0
6,ZA-A1-0007,2022,tmin<5p6,temperature_hazard,0.0,0.0,0.0,8.828622812612666e-06,0.0,0.0
6,ZA-A1-0007,2022,tmin<5p7,temperature_hazard,0.0,0.0,0.0,0.02431037641908708,0.0,0.0
6,ZA-A1-0007,2022,tmin<5p8,temperature_hazard,9.0,9.0,0.0,0.002217221289576947,0.0,0.0
6,ZA-A1-0007,2022,tmin<5p9,temperature_hazard,0.0,0.0,0.0,0.0013274206327174587,0.0,0.0
6,ZA-A1-0007,2022,tmin<5p10,temperature_hazard,0.0,0.0,0.0,0.003130541471307732,0.0,0.0
6,ZA-A1-0007,2022,tmin<5p11,temperature_hazard,0.0,0.0,0.0,0.0001236532208506134,0.0,0.0
6,ZA-A1-0007,2022,tmin<5p12,temperature_hazard,0.0,0.0,0.0,0.0,0.0,0.0
6,ZA-A1-0007,2022,tmax>32p1,temperature_hazard,0.0,0.0,0.0,0.0015971452697282993,0.0,0.0
6,ZA-A1-0007,2022,tmax>32p6,temperature_hazard,0.0,0.0,0.0,0.0,0.0,0.0
6,ZA-A1-0007,2022,tmax>32p7,temperature_hazard,0.0,0.0,0.0,0.0,0.0,0.0
6,ZA-A1-0007,2022,tmax>32p8,temperature_hazard,0.0,0.0,0.0,0.0,0.0,0.0
6,ZA-A1-0007,2022,tmax>32p9,temperature_hazard,0.0,0.0,0.0,0.0018608486442392397,0.0,0.0
6,ZA-A1-0007,2022,prec<0.5p6,water_proxy,0.0,0.0,0.0,2.3077165427745042e-05,0.0,0.0
6,ZA-A1-0007,2022,prec<0.5p7,water_proxy,0.0,0.0,0.0,0.18335275643028912,0.0,0.0
6,ZA-A1-0007,2022,prec<0.5p9,water_proxy,24.0,25.0,0.674199862463242,0.0061467741823143665,-0.0018433333333343072,0.0
6,ZA-A1-0007,2022,prec<0.5p10,water_proxy,18.0,18.0,0.0,0.0011606267422479906,0.0,0.0
6,ZA-A1-0007,2022,prec<0.5p12,water_proxy,2.0,8.0,3.0,0.005490765618725696,-0.024441111111110025,0.0
6,ZA-A1-0007,2022,mean_cum_fpar7,crop_state_indicator,0.0,0.0,0.0,0.10738307384572447,0.0,0.0
6,ZA-A1-0007,2022,mean_cum_fpar8,crop_state_indicator,36.502,38.08433333333333,0.47212310321299183,0.05692899725995502,-0.0013605555555562532,0.0
6,ZA-A1-0007,2022,mean_cum_fpar9,crop_state_indicator,90.29433333333331,96.063,0.9371238534378843,0.04890739322780205,0.0,0.0
6,ZA-A1-0007,2022,mean_cum_fpar11,crop_state_indicator,232.6976666666667,242.97433333333333,0.8278956243314329,0.06315732829328002,-0.0062744444444451375,0.0
6,ZA-A1-0007,2022,mean_cum_ndvi1,crop_state_indicator,8.185500000000001,7.72825,0.8301059001512879,0.01276829788484727,-0.024540000000000894,0.0
6,ZA-A1-0007,2022,mean_cum_ndvi7,crop_state_indicator,0.0,0.0,0.0,0.031837223687955926,0.0,0.0
6,ZA-A1-0007,2022,mean_cum_ndvi8,crop_state_indicator,0.60075,0.614,0.7681159420289851,0.017954295122038336,-0.0007766666666668698,0.0
6,ZA-A1-0007,2022,mean_cum_ndvi12,crop_state_indicator,5.768,5.67525,0.24928876213099552,0.011316713296592265,-0.0049416666666664,0.0
6,ZA-A1-0007,2022,mean_ssm1,water_proxy,4.900384615384615,4.666769230769231,0.3057023503950875,0.008166041805792397,0.0,0.0
6,ZA-A1-0007,2022,mean_ssm6,water_proxy,0.0,0.0,0.0,0.001409098235969707,0.0,0.0
6,ZA-A1-0007,2022,mean_ssm7,water_proxy,0.0,0.0,0.0,0.003134757384724616,0.0,0.0
6,ZA-A1-0007,2022,mean_ssm9,water_proxy,3.319733333333333,3.0917666666666666,0.6284158209139616,0.0014653099742918273,-0.00380944444444431,0.0
6,ZA-A1-0007,2022,mean_ssm10,water_proxy,3.8673225806451614,3.647354838709677,0.30189843356407864,0.0009471288261739505,0.0,0.0
6,ZA-A1-0007,2022,mean_ssm11,water_proxy,3.9032,3.7768,0.16089613034623187,0.004015845776290346,0.0,0.0
6,ZA-A1-0007,2022,mean_ssm12,water_proxy,4.88958064516129,4.131516129032258,2.0386917671553784,0.00506582638674523,-0.001670555555553399,0.0
7,ZA-A1-0008,2022,mean_cum_ndvi10,crop_state_indicator,2.584,2.77425,1.8606356968215108,0.004889047977237712,0.03439666666666774,0.00031289743687600924
7,ZA-A1-0008,2022,mean_prec8,water_proxy,0.2768214285714285,0.0775,5.65597828930797,0.002556585223490642,0.021041111111110844,0.0003042542671722826
7,ZA-A1-0008,2022,mean_cum_ndvi11,crop_state_indicator,3.9115,4.085999999999999,1.1627594163404837,0.013048295963492265,0.018727222222223006,0.00028412995862156835
7,ZA-A1-0008,2022,mean_prec12,water_proxy,8.429387096774192,4.028096774193548,2.4936944840443034,0.0017464431440159414,0.05109166666666631,0.00022250909448127374
7,ZA-A1-0008,2022,max_cum_prec1,water_proxy,617.882,465.607,2.0412325685509813,0.004762902376949832,0.0212550000000018,0.00020664517932628197
7,ZA-A1-0008,2022,mean_ssm12,water_proxy,5.993193548387096,5.347354838709678,2.502624999999999,0.00506582638674523,0.009990555555555503,0.0001266589022313159
7,ZA-A1-0008,2022,mean_tavg1,temperature_hazard,18.600310344827587,19.657,3.0828973843058405,0.001659392244102835,0.022580555555554938,0.00011551616115611354
7,ZA-A1-0008,2022,mean_tmax1,temperature_hazard,24.528310344827588,25.817586206896557,1.6819919924423148,0.0023742626454409583,0.02641111111111183,0.00010547252811981783
7,ZA-A1-0008,2022,max_cum_prec8,water_proxy,7.750999999999999,2.17,5.655978289307972,0.002469806163983967,0.005481111111111936,7.656657313182044e-05
7,ZA-A1-0008,2022,mean_cum_fpar1,crop_state_indicator,527.4626666666667,541.4003333333334,0.5578785857238169,0.020839551823328178,0.006333888888888417,7.363741027805372e-05
7,ZA-A1-0008,2022,max_cum_gdd10,temperature_hazard,123.511,164.371,1.4370427704353752,0.0016882451220063032,0.030149999999998123,7.314632548614912e-05
7,ZA-A1-0008,2022,mean_tavg12,temperature_hazard,18.030516129032257,19.551709677419357,2.028781621063509,0.003167349771039181,0.01076444444444391,6.917082377412464e-05
7,ZA-A1-0008,2022,mean_ssm1,water_proxy,5.913413793103448,5.493689655172414,1.2433181507443796,0.008166041805792397,0.006533888888889727,6.63384954618391e-05
7,ZA-A1-0008,2022,mean_cum_fpar12,crop_state_indicator,350.2916666666667,352.8833333333334,0.16132330642898002,0.05359404550190877,0.0070633333333338655,6.106935838985045e-05
7,ZA-A1-0008,2022,mean_prec11,water_proxy,3.615833333333333,4.332366666666667,0.6333156561192631,0.0012301027723001935,0.05697722222222357,4.438772575082959e-05
7,ZA-A1-0008,2022,mean_tmin12,temperature_hazard,13.527903225806453,14.505548387096775,1.9751316951885314,0.003247200972883574,0.0067149999999998045,4.306765681010045e-05
7,ZA-A1-0008,2022,mean_rad11,radiation_hazard,24260426.966666665,22906227.666666668,0.5794728215253155,0.00351780872171493,0.014157222222221932,2.8859137135814748e-05
7,ZA-A1-0008,2022,mean_tmin8,temperature_hazard,6.079892857142857,5.324035714285714,0.4729596853490661,0.0011930077105509022,0.0338800000000008,1.9116605401471902e-05
7,ZA-A1-0008,2022,mean_tmax12,temperature_hazard,24.24361290322581,26.023806451612906,3.3994086485154527,0.003135778326988995,0.001792222222221973,1.9104716043208066e-05
7,ZA-A1-0008,2022,prec<0.5p9,water_proxy,24.0,23.0,0.33903175181040524,0.0061467741823143665,0.009093333333333398,1.8950066722225116e-05
7,ZA-A1-0008,2022,mean_cum_cwb9,water_proxy,-157.03036666666668,-174.17916666666667,0.4277677433947966,0.0053966739973770024,0.007719444444446388,1.782051549260266e-05
7,ZA-A1-0008,2022,mean_ssm8,water_proxy,4.426642857142857,3.897464285714286,2.649287128574601,0.0011377012795295088,0.004658333333332543,1.4040670183459229e-05
7,ZA-A1-0008,2022,mean_tmin11,temperature_hazard,12.635366666666666,13.261066666666666,0.6213732558834252,0.002441018114647434,0.008628888888890351,1.3088155199042271e-05
7,ZA-A1-0008,2022,mean_rad8,radiation_hazard,17332097.42857143,18153441.85714286,1.637346080809033,0.004436492901005692,0.0017666666666675823,1.2833197866404473e-05
7,ZA-A1-0008,2022,mean_rad9,radiation_hazard,21279668.1,21021156.216666665,0.2939414749475153,0.009693997688776896,0.00417500000000004,1.1896528811393611e-05
7,ZA-A1-0008,2022,tmin<5p9,temperature_hazard,0.0,1.0,0.5198752449100363,0.0013274206327174587,0.0167333333333346,1.1547558317313453e-05
7,ZA-A1-0008,2022,mean_ssm11,water_proxy,5.137566666666667,5.326899999999999,0.8779534170750254,0.004015845776290346,0.0031255555555560477,1.1019850991841506e-05
7,ZA-A1-0008,2022,max_cum_gdd9,temperature_hazard,69.70899999999999,57.131,0.5329886859612694,0.0018909291058225451,0.008837777777777944,8.907099710195424e-06
7,ZA-A1-0008,2022,mean_tavg10,temperature_hazard,16.22383870967742,18.28325806451613,1.3343505068450208,0.0012277810437610862,0.005427222222222028,8.89136529486997e-06
7,ZA-A1-0008,2022,max_cum_prec12,water_proxy,485.521,359.705,1.6616764088241334,0.001002383075126751,0.004770555555554168,7.946010545251167e-06
7,ZA-A1-0008,2022,max_cum_prec9,water_proxy,35.862,24.89,0.24977017574886673,0.004650036403366703,0.005335000000001422,6.196284585791322e-06
7,ZA-A1-0008,2022,mean_tmax10,temperature_hazard,23.450096774193547,25.715129032258066,1.0174020140549183,0.0008859590979597943,0.0038277777777775412,3.4502692064843484e-06
7,ZA-A1-0008,2022,max_cum_gdd12,temperature_hazard,333.963,410.667,0.8967766826838757,0.0015777586713296358,0.0015988888888900377,2.2622633917768162e-06
7,ZA-A1-0008,2022,mean_cum_cwb8,water_proxy,-49.117571428571424,-53.54625,1.718683298683302,0.003072086154628108,0.0004066666666666663,2.147176887537383e-06
7,ZA-A1-0008,2022,max_cum_gdd1,temperature_hazard,438.372,545.72,1.1849219051824058,0.0024661053987927407,0.0005983333333334784,1.7484151473320935e-06
7,ZA-A1-0008,2022,mean_cum_cwb12,water_proxy,-281.72432258064515,-341.5469677419355,0.8106473789080224,0.0012209303436999848,0.001328888888889601,1.315259781787147e-06
7,ZA-A1-0008,2022,mean_cum_cwb1,water_proxy,-223.5446896551724,-421.523,2.2574809533137885,0.0015460049146773032,0.0002388888888900098,8.337405327282532e-07
7,ZA-A1-0008,2022,mean_prec9,water_proxy,0.9370333333333334,0.7446666666666667,0.13072092097728163,0.001011144509013754,0.0026444444444448933,3.4953669408158157e-07
7,ZA-A1-0008,2022,max_cum_prec10,water_proxy,115.735,102.982,0.1639874146616008,0.0008594096424880392,0.0012516666666675391,1.764003440343813e-07
7,ZA-A1-0008,2022,mean_cum_cwb11,water_proxy,-324.54569999999995,-337.96313333333336,0.16815517950318556,0.0008568504057174909,0.0009166666666668988,1.3207684763243532e-07
7,ZA-A1-0008,2022,awc,fixed_context,11.381,11.381,0.0,0.003551940503894281,0.0,0.0
7,ZA-A1-0008,2022,bulk_density,fixed_context,1.507,1.507,0.0,0.005350119746063134,0.0,0.0
7,ZA-A1-0008,2022,max_cum_gdd6,temperature_hazard,0.0,0.0,0.0,0.0,0.0,0.0
7,ZA-A1-0008,2022,max_cum_gdd7,temperature_hazard,0.0,0.0,0.0,0.0026343492905709963,0.0,0.0
7,ZA-A1-0008,2022,max_cum_gdd8,temperature_hazard,7.685000000000002,8.379999999999994,0.06039351042876232,0.0018821386527693058,-0.001666666666666039,0.0
7,ZA-A1-0008,2022,max_cum_gdd11,temperature_hazard,234.25,269.564,0.6830428811821827,0.0012932771177031818,-0.0007711111111108337,0.0
7,ZA-A1-0008,2022,max_cum_prec6,water_proxy,0.0,0.0,0.0,2.0561096213804917e-05,0.0,0.0
7,ZA-A1-0008,2022,max_cum_prec7,water_proxy,0.0,0.0,0.0,0.0068295643821263225,0.0,0.0
7,ZA-A1-0008,2022,max_cum_prec11,water_proxy,224.21,234.834,0.1944545678737678,0.0009106173848133391,-0.0006649999999996936,0.0
7,ZA-A1-0008,2022,mean_cum_cwb6,water_proxy,0.0,0.0,0.0,0.0011810844494123875,0.0,0.0
7,ZA-A1-0008,2022,mean_cum_cwb7,water_proxy,0.0,0.0,0.0,0.01964014678639449,0.0,0.0
7,ZA-A1-0008,2022,mean_cum_cwb10,water_proxy,-239.6333870967742,-250.93441935483872,0.1568767763027029,0.0016167142354581087,0.0,0.0
7,ZA-A1-0008,2022,mean_prec1,water_proxy,4.564172413793103,4.501344827586206,0.04238370678734237,0.0029747247930777864,-0.0013333333333322983,0.0
7,ZA-A1-0008,2022,mean_prec6,water_proxy,0.0,0.0,0.0,1.4509871792093058e-05,0.0,0.0
7,ZA-A1-0008,2022,mean_prec7,water_proxy,0.0,0.0,0.0,0.003193726565728196,0.0,0.0
7,ZA-A1-0008,2022,mean_prec10,water_proxy,2.5765483870967745,2.6947419354838718,0.08746508796638933,0.0013070225758259855,0.0,0.0
7,ZA-A1-0008,2022,mean_rad1,radiation_hazard,23378100.137931038,23574920.65517241,0.09641405267033641,0.003460102310763904,0.0,0.0
7,ZA-A1-0008,2022,mean_rad6,radiation_hazard,0.0,0.0,0.0,0.002014450074195945,0.0,0.0
7,ZA-A1-0008,2022,mean_rad7,radiation_hazard,0.0,0.0,0.0,0.003513232848283679,0.0,0.0
7,ZA-A1-0008,2022,mean_rad10,radiation_hazard,22090512.41935484,22886313.241935484,0.4429724668309206,0.0011468969539715958,-0.007336111111110988,0.0
7,ZA-A1-0008,2022,mean_rad12,radiation_hazard,22285124.35483871,24390139.774193548,2.5538246420823962,0.007765431824487486,-0.07288499999999676,0.0
7,ZA-A1-0008,2022,mean_tavg6,temperature_hazard,0.0,0.0,0.0,0.0021284117418404963,0.0,0.0
7,ZA-A1-0008,2022,mean_tavg7,temperature_hazard,0.0,0.0,0.0,0.0010771645194647627,0.0,0.0
7,ZA-A1-0008,2022,mean_tavg8,temperature_hazard,12.880678571428572,13.034678571428572,0.1767140690955281,0.001957379676189182,0.0,0.0
7,ZA-A1-0008,2022,mean_tavg9,temperature_hazard,16.4482,16.0416,0.2669847662405885,0.001599267614328298,0.0,0.0
7,ZA-A1-0008,2022,mean_tavg11,temperature_hazard,18.501466666666666,18.37483333333333,0.2931500681205208,0.002222872431386289,-0.0004149999999993881,0.0
7,ZA-A1-0008,2022,mean_tmax6,temperature_hazard,0.0,0.0,0.0,0.0025215846249239727,0.0,0.0
7,ZA-A1-0008,2022,mean_tmax7,temperature_hazard,0.0,0.0,0.0,0.001917023545349932,0.0,0.0
7,ZA-A1-0008,2022,mean_tmax8,temperature_hazard,20.560285714285715,21.40507142857143,0.7042396093843013,0.002322272118354934,-0.006003888888888476,0.0
7,ZA-A1-0008,2022,mean_tmax9,temperature_hazard,24.646366666666665,24.13223333333333,0.3425273560164506,0.0023195506717081076,-0.008240000000000691,0.0
7,ZA-A1-0008,2022,mean_tmax11,temperature_hazard,25.746266666666667,25.563966666666666,0.9340734415030025,0.0029431619816889447,0.0,0.0
7,ZA-A1-0008,2022,mean_tmin1,temperature_hazard,14.129413793103447,14.87296551724138,0.8224502250362337,0.003138527083450697,-0.016128333333333522,0.0
7,ZA-A1-0008,2022,mean_tmin6,temperature_hazard,0.0,0.0,0.0,0.0005314070942764241,0.0,0.0
7,ZA-A1-0008,2022,mean_tmin7,temperature_hazard,0.0,0.0,0.0,0.0012842213229734124,0.0,0.0
7,ZA-A1-0008,2022,mean_tmin9,temperature_hazard,9.121833333333337,8.771633333333334,0.4380785589191926,0.0014573135988975572,-0.001646666666665908,0.0
7,ZA-A1-0008,2022,mean_tmin10,temperature_hazard,10.101451612903226,11.461806451612905,1.6193969014775074,0.0017755570947672818,-0.005349444444444629,0.0
7,ZA-A1-0008,2022,tmin<5p1,temperature_hazard,0.0,0.0,0.0,0.0,0.0,0.0
7,ZA-A1-0008,2022,tmin<5p6,temperature_hazard,0.0,0.0,0.0,8.828622812612666e-06,0.0,0.0
7,ZA-A1-0008,2022,tmin<5p7,temperature_hazard,0.0,0.0,0.0,0.02431037641908708,0.0,0.0
7,ZA-A1-0008,2022,tmin<5p8,temperature_hazard,10.0,10.0,0.0,0.002217221289576947,0.0,0.0
7,ZA-A1-0008,2022,tmin<5p10,temperature_hazard,0.0,0.0,0.0,0.003130541471307732,0.0,0.0
7,ZA-A1-0008,2022,tmin<5p11,temperature_hazard,0.0,0.0,0.0,0.0001236532208506134,0.0,0.0
7,ZA-A1-0008,2022,tmin<5p12,temperature_hazard,0.0,0.0,0.0,0.0,0.0,0.0
7,ZA-A1-0008,2022,tmax>32p1,temperature_hazard,0.0,0.0,0.0,0.0015971452697282993,0.0,0.0
7,ZA-A1-0008,2022,tmax>32p6,temperature_hazard,0.0,0.0,0.0,0.0,0.0,0.0
7,ZA-A1-0008,2022,tmax>32p7,temperature_hazard,0.0,0.0,0.0,0.0,0.0,0.0
7,ZA-A1-0008,2022,tmax>32p8,temperature_hazard,0.0,0.0,0.0,0.0,0.0,0.0
7,ZA-A1-0008,2022,tmax>32p9,temperature_hazard,0.0,0.0,0.0,0.0018608486442392397,0.0,0.0
7,ZA-A1-0008,2022,tmax>32p10,temperature_hazard,0.0,0.0,0.0,0.0015758349425434141,0.0,0.0
7,ZA-A1-0008,2022,tmax>32p11,temperature_hazard,0.0,0.0,0.0,0.0040471589714501715,0.0,0.0
7,ZA-A1-0008,2022,tmax>32p12,temperature_hazard,0.0,0.0,0.0,0.0021389850445904814,0.0,0.0
7,ZA-A1-0008,2022,prec<0.5p1,water_proxy,7.0,9.0,0.4564354645876384,0.005081913662870759,-0.012189444444444142,0.0
7,ZA-A1-0008,2022,prec<0.5p6,water_proxy,0.0,0.0,0.0,2.3077165427745042e-05,0.0,0.0
7,ZA-A1-0008,2022,prec<0.5p7,water_proxy,0.0,0.0,0.0,0.18335275643028912,0.0,0.0
7,ZA-A1-0008,2022,prec<0.5p8,water_proxy,23.0,27.0,2.0,0.003029609823417224,-0.006951666666666689,0.0
7,ZA-A1-0008,2022,prec<0.5p10,water_proxy,13.0,14.0,0.5,0.0011606267422479906,0.0,0.0
7,ZA-A1-0008,2022,prec<0.5p11,water_proxy,7.0,7.0,0.0,0.0022597888215751664,0.0,0.0
7,ZA-A1-0008,2022,prec<0.5p12,water_proxy,0.0,7.0,1.75,0.005490765618725696,-0.06601222222221903,0.0
7,ZA-A1-0008,2022,mean_cum_fpar7,crop_state_indicator,0.0,0.0,0.0,0.10738307384572447,0.0,0.0
7,ZA-A1-0008,2022,mean_cum_fpar8,crop_state_indicator,27.693000000000005,27.3525,0.10966183574879425,0.05692899725995502,0.0,0.0
7,ZA-A1-0008,2022,mean_cum_fpar9,crop_state_indicator,72.78500000000001,72.57066666666667,0.03186638913668503,0.04890739322780205,0.0,0.0
7,ZA-A1-0008,2022,mean_cum_fpar10,crop_state_indicator,133.99366666666666,140.33866666666668,0.9387020416214622,0.09699501932249595,0.0,0.0
7,ZA-A1-0008,2022,mean_cum_fpar11,crop_state_indicator,221.1603333333333,224.18666666666664,0.30763692221087985,0.06315732829328002,0.0,0.0
7,ZA-A1-0008,2022,mean_cum_ndvi1,crop_state_indicator,8.66375,8.6135,0.20160481444333053,0.01276829788484727,0.0,0.0
7,ZA-A1-0008,2022,mean_cum_ndvi7,crop_state_indicator,0.0,0.0,0.0,0.031837223687955926,0.0,0.0
7,ZA-A1-0008,2022,mean_cum_ndvi8,crop_state_indicator,0.61825,0.60575,0.2824858757062136,0.017954295122038336,0.0,0.0
7,ZA-A1-0008,2022,mean_cum_ndvi9,crop_state_indicator,1.60975,1.60475,0.05449591280654077,0.009674906901246642,0.0,0.0
7,ZA-A1-0008,2022,mean_cum_ndvi12,crop_state_indicator,6.0735,5.9822500000000005,0.5549889614220318,0.011316713296592265,-0.002117777777777441,0.0
7,ZA-A1-0008,2022,mean_ssm6,water_proxy,0.0,0.0,0.0,0.001409098235969707,0.0,0.0
7,ZA-A1-0008,2022,mean_ssm7,water_proxy,0.0,0.0,0.0,0.003134757384724616,0.0,0.0
7,ZA-A1-0008,2022,mean_ssm9,water_proxy,4.1212333333333335,3.7681,0.5750073864211188,0.0014653099742918273,-0.00328388888888842,0.0
7,ZA-A1-0008,2022,mean_ssm10,water_proxy,5.00058064516129,4.922580645161291,0.09884719156242262,0.0009471288261739505,-0.005237777777777453,0.0
8,ZA-A1-0009,2022,tmax>32p12,temperature_hazard,4.0,14.0,1.7817416127494958,0.0021389850445904814,0.13718000000000075,0.0005228092581897525
8,ZA-A1-0009,2022,tmax>32p9,temperature_hazard,3.0,7.0,1.3333333333333333,0.0018608486442392397,0.08436500000000091,0.0002093206611616602
8,ZA-A1-0009,2022,mean_cum_fpar11,crop_state_indicator,292.61133333333333,276.425,0.6297040744871218,0.06315732829328002,0.005218888888888884,0.00020755743936790678
8,ZA-A1-0009,2022,mean_tavg12,temperature_hazard,22.28483870967742,23.830935483870967,2.122912768525509,0.003167349771039181,0.02979888888889004,0.00020036794556631504
8,ZA-A1-0009,2022,max_cum_gdd10,temperature_hazard,418.078,533.161,1.3067664391883456,0.0016882451220063032,0.08821722222222306,0.00019461972493963004
8,ZA-A1-0009,2022,max_cum_gdd1,temperature_hazard,1105.888,1288.435,1.2787970493663703,0.0024661053987927407,0.061565555555556095,0.00019415611007208222
8,ZA-A1-0009,2022,mean_cum_fpar10,crop_state_indicator,209.25666666666663,204.9513333333333,0.40234055311785744,0.09699501932249595,0.003777777777778546,0.00014742789006805997
8,ZA-A1-0009,2022,mean_ssm12,water_proxy,4.44341935483871,3.76058064516129,1.9689929764758116,0.00506582638674523,0.014186111111111899,0.00014150045158700656
8,ZA-A1-0009,2022,prec<0.5p10,water_proxy,14.0,21.0,3.228859228101098,0.0011606267422479906,0.03694166666666732,0.00013843890939419082
8,ZA-A1-0009,2022,mean_prec1,water_proxy,2.599629629629629,4.255481481481481,0.9200212040319729,0.0029747247930777864,0.041512777777778176,0.00011361258060887598
8,ZA-A1-0009,2022,mean_ssm11,water_proxy,3.3822666666666668,3.116966666666667,2.0725670838572143,0.004015845776290346,0.013265555555555864,0.00011041067504609116
8,ZA-A1-0009,2022,mean_cum_fpar9,crop_state_indicator,132.96966666666663,127.28966666666668,0.6148073315052628,0.04890739322780205,0.003272777777778124,9.840792417787902e-05
8,ZA-A1-0009,2022,max_cum_prec12,water_proxy,278.433,222.043,1.7500123726395649,0.001002383075126751,0.046826666666667016,8.214253247987043e-05
8,ZA-A1-0009,2022,mean_tmin7,temperature_hazard,6.568,8.795,1.5947010383100635,0.0012842213229734124,0.03548222222222286,7.26657842557869e-05
8,ZA-A1-0009,2022,max_cum_gdd12,temperature_hazard,897.278,1068.788,1.2364199978372918,0.0015777586713296358,0.03677777777777891,7.174507282897275e-05
8,ZA-A1-0009,2022,mean_tmin12,temperature_hazard,17.651225806451613,18.77590322580645,2.185893416927889,0.003247200972883574,0.008517222222224063,6.045554339566482e-05
8,ZA-A1-0009,2022,max_cum_gdd9,temperature_hazard,232.487,267.471,0.662789155599341,0.0018909291058225451,0.047745555555555264,5.9838898664485904e-05
8,ZA-A1-0009,2022,mean_ssm9,water_proxy,2.6015333333333337,2.1808,1.0049157134449074,0.0014653099742918273,0.04040388888888913,5.949525237614549e-05
8,ZA-A1-0009,2022,max_cum_prec8,water_proxy,4.509,1.503,1.269961977186312,0.002469806163983967,0.018018333333333025,5.6515582145559524e-05
8,ZA-A1-0009,2022,mean_rad9,radiation_hazard,21719517.366666667,21546950.83333333,0.17839290507747046,0.009693997688776896,0.024886666666667168,4.303751832480235e-05
8,ZA-A1-0009,2022,prec<0.5p1,water_proxy,6.0,8.0,0.30971480654125544,0.005081913662870759,0.026727222222222125,4.2067148566508944e-05
8,ZA-A1-0009,2022,mean_cum_cwb9,water_proxy,-201.18813333333333,-212.89876666666663,1.0200182783650058,0.0053966739973770024,0.00761166666666746,4.189998808113369e-05
8,ZA-A1-0009,2022,mean_rad8,radiation_hazard,17881379.51612903,18281844.387096774,0.7285214475756696,0.004436492901005692,0.01293111111111056,4.179438857932426e-05
8,ZA-A1-0009,2022,tmax>32p10,temperature_hazard,6.0,11.0,0.7142857142857143,0.0015758349425434141,0.03346555555555586,3.7668708440052e-05
8,ZA-A1-0009,2022,max_cum_gdd11,temperature_hazard,671.448,771.071,0.9530200700250642,0.0012932771177031818,0.030026111111110865,3.7007753920100875e-05
8,ZA-A1-0009,2022,prec<0.5p12,water_proxy,3.0,7.0,0.5714285714285714,0.005490765618725696,0.009118888888890453,2.8611246624056834e-05
8,ZA-A1-0009,2022,mean_tavg7,temperature_hazard,13.394,15.217,0.8428109107720759,0.0010771645194647627,0.030468333333334208,2.7660554838921507e-05
8,ZA-A1-0009,2022,mean_prec9,water_proxy,0.1270666666666667,0.1842666666666667,0.7494188433131914,0.001011144509013754,0.03142833333333339,2.381547166994556e-05
8,ZA-A1-0009,2022,mean_tmax1,temperature_hazard,28.72248148148148,29.86703703703704,0.9542380731820311,0.0023742626454409583,0.009596111111110694,2.1741062682727838e-05
8,ZA-A1-0009,2022,mean_prec8,water_proxy,0.1448387096774193,0.0443548387096774,1.3260962111536816,0.002556585223490642,0.005395555555556264,1.829243318103346e-05
8,ZA-A1-0009,2022,mean_cum_cwb10,water_proxy,-341.70412903225804,-374.0907419354839,0.5066524357780698,0.0016167142354581087,0.021548333333333503,1.7650502838325325e-05
8,ZA-A1-0009,2022,mean_cum_ndvi11,crop_state_indicator,4.0055,3.935333333333334,0.2074402562207413,0.013048295963492265,0.006416111111112066,1.7366756509454242e-05
8,ZA-A1-0009,2022,mean_ssm7,water_proxy,3.215,2.809,0.3907603464870066,0.003134757384724616,0.011162222222222518,1.3673040007378239e-05
8,ZA-A1-0009,2022,mean_prec12,water_proxy,5.243709677419355,3.6548064516129033,1.9940085823010267,0.0017464431440159414,0.0038988888888900064,1.357757885044726e-05
8,ZA-A1-0009,2022,mean_rad1,radiation_hazard,23828328.777777776,22684936.37037037,0.5511382411878623,0.003460102310763904,0.006590000000000984,1.2567095085420572e-05
8,ZA-A1-0009,2022,mean_cum_cwb12,water_proxy,-515.4203870967742,-594.9772258064517,1.2880076555810749,0.0012209303436999848,0.007258888888888926,1.1415093693651882e-05
8,ZA-A1-0009,2022,mean_ssm8,water_proxy,3.0846774193548385,2.6027419354838712,0.8681778354095402,0.0011377012795295088,0.010261111111111276,1.013517684542174e-05
8,ZA-A1-0009,2022,mean_tavg10,temperature_hazard,20.96267741935484,22.25774193548387,0.6470521870870003,0.0012277810437610862,0.009477777777777696,7.5295107046002e-06
8,ZA-A1-0009,2022,mean_tmin1,temperature_hazard,17.997888888888887,19.06859259259259,1.2459164763177162,0.003138527083450697,0.0015638888888895863,6.115341351149017e-06
8,ZA-A1-0009,2022,mean_rad11,radiation_hazard,24162399.933333334,24815775.53333333,0.3226862697527806,0.00351780872171493,0.004001666666667347,4.542486210746914e-06
8,ZA-A1-0009,2022,max_cum_gdd7,temperature_hazard,0.0,0.2170000000000005,0.1046792088760253,0.0026343492905709963,0.01605277777777836,4.426739678667057e-06
8,ZA-A1-0009,2022,mean_ssm1,water_proxy,4.142296296296296,3.776296296296296,0.6548371572561373,0.008166041805792397,0.0008016666666676997,4.286854461054318e-06
8,ZA-A1-0009,2022,tmax>32p1,temperature_hazard,0.0,7.0,0.875,0.0015971452697282993,0.002512777777777586,3.5116122489488767e-06
8,ZA-A1-0009,2022,prec<0.5p8,water_proxy,30.0,31.0,0.5,0.003029609823417224,0.002252777777777659,3.41251884276561e-06
8,ZA-A1-0009,2022,mean_tmax10,temperature_hazard,28.05103225806452,29.164806451612904,0.5601486072129648,0.0008859590979597943,0.006778333333333997,3.363875042748517e-06
8,ZA-A1-0009,2022,max_cum_prec1,water_proxy,348.623,336.94100000000003,0.11966442334285934,0.004762902376949832,0.003997777777778211,2.278533310023554e-06
8,ZA-A1-0009,2022,mean_tmin10,temperature_hazard,14.573483870967742,15.86325806451613,0.9474420037439859,0.0017755570947672818,3.2777777779102735e-05,5.514000273892981e-08
8,ZA-A1-0009,2022,awc,fixed_context,12.851,12.851,0.0,0.003551940503894281,0.0,0.0
8,ZA-A1-0009,2022,bulk_density,fixed_context,1.516,1.516,0.0,0.005350119746063134,0.0,0.0
8,ZA-A1-0009,2022,max_cum_gdd6,temperature_hazard,0.0,0.0,0.0,0.0,0.0,0.0
8,ZA-A1-0009,2022,max_cum_gdd8,temperature_hazard,69.36,71.495,0.03728345906677852,0.0018821386527693058,0.0,0.0
8,ZA-A1-0009,2022,max_cum_prec6,water_proxy,0.0,0.0,0.0,2.0561096213804917e-05,0.0,0.0
8,ZA-A1-0009,2022,max_cum_prec7,water_proxy,0.019,0.018,0.01924215849397124,0.0068295643821263225,0.0,0.0
8,ZA-A1-0009,2022,max_cum_prec9,water_proxy,8.321,8.019,0.09821629792067914,0.004650036403366703,0.0,0.0
8,ZA-A1-0009,2022,max_cum_prec10,water_proxy,42.007,36.126,0.16570398129103153,0.0008594096424880392,-0.013004999999999711,0.0
8,ZA-A1-0009,2022,max_cum_prec11,water_proxy,115.878,106.232,0.398325230460315,0.0009106173848133391,0.0,0.0
8,ZA-A1-0009,2022,mean_cum_cwb1,water_proxy,-567.5546296296296,-675.4142962962964,1.1125840490235035,0.0015460049146773032,-0.014549999999998953,0.0
8,ZA-A1-0009,2022,mean_cum_cwb6,water_proxy,0.0,0.0,0.0,0.0011810844494123875,0.0,0.0
8,ZA-A1-0009,2022,mean_cum_cwb7,water_proxy,-3.15,-3.681,0.5823091325578097,0.01964014678639449,-0.0023283333333328216,0.0
8,ZA-A1-0009,2022,mean_cum_cwb8,water_proxy,-62.81606451612903,-65.89670967741935,0.8352501814810606,0.003072086154628108,0.0,0.0
8,ZA-A1-0009,2022,mean_cum_cwb11,water_proxy,-485.66246666666666,-511.4787,0.4176658638575177,0.0008568504057174909,0.0,0.0
8,ZA-A1-0009,2022,mean_prec6,water_proxy,0.0,0.0,0.0,1.4509871792093058e-05,0.0,0.0
8,ZA-A1-0009,2022,mean_prec7,water_proxy,0.019,0.018,0.01924215849397124,0.003193726565728196,0.0,0.0
8,ZA-A1-0009,2022,mean_prec10,water_proxy,1.0866451612903223,0.9066774193548388,0.17314257339705758,0.0013070225758259855,-0.0025944444444432335,0.0
8,ZA-A1-0009,2022,mean_prec11,water_proxy,2.4623666666666666,2.3368666666666664,0.23983946999617814,0.0012301027723001935,-0.0024449999999998084,0.0
8,ZA-A1-0009,2022,mean_rad6,radiation_hazard,0.0,0.0,0.0,0.002014450074195945,0.0,0.0
8,ZA-A1-0009,2022,mean_rad7,radiation_hazard,17493008.0,17013088.0,0.394923400890207,0.003513232848283679,0.0,0.0
8,ZA-A1-0009,2022,mean_rad10,radiation_hazard,21913141.967741936,24114609.677419357,2.0602830269905508,0.0011468969539715958,-0.008824444444444524,0.0
8,ZA-A1-0009,2022,mean_rad12,radiation_hazard,22026575.322580647,22969133.83870968,0.6164324583232716,0.007765431824487486,-0.05083444444444485,0.0
8,ZA-A1-0009,2022,mean_tavg1,temperature_hazard,22.726296296296297,23.94011111111111,2.0738453083953345,0.001659392244102835,0.0,0.0
8,ZA-A1-0009,2022,mean_tavg6,temperature_hazard,0.0,0.0,0.0,0.0021284117418404963,0.0,0.0
8,ZA-A1-0009,2022,mean_tavg8,temperature_hazard,17.006677419354837,17.09709677419355,0.04582611254618701,0.001957379676189182,0.0,0.0
8,ZA-A1-0009,2022,mean_tavg9,temperature_hazard,20.437566666666665,21.0557,0.5585878667389628,0.001599267614328298,-0.0066666666666659324,0.0
8,ZA-A1-0009,2022,mean_tavg11,temperature_hazard,23.445666666666668,23.3068,0.18117962602638682,0.002222872431386289,0.0,0.0
8,ZA-A1-0009,2022,mean_tmax6,temperature_hazard,0.0,0.0,0.0,0.0025215846249239727,0.0,0.0
8,ZA-A1-0009,2022,mean_tmax7,temperature_hazard,21.887,22.764,0.33371385083713806,0.001917023545349932,-0.003931111111110219,0.0
8,ZA-A1-0009,2022,mean_tmax8,temperature_hazard,24.533096774193545,25.42070967741936,0.40515350069940675,0.002322272118354934,-0.006559999999999455,0.0
8,ZA-A1-0009,2022,mean_tmax9,temperature_hazard,28.11113333333333,28.89753333333333,0.7022241980961919,0.0023195506717081076,-0.0004149999999993881,0.0
8,ZA-A1-0009,2022,mean_tmax11,temperature_hazard,30.497333333333334,30.1569,0.4697019630147604,0.0029431619816889447,0.0,0.0
8,ZA-A1-0009,2022,mean_tmax12,temperature_hazard,28.53793548387097,30.39054838709677,1.6173321614851186,0.003135778326988995,-0.011978888888888761,0.0
8,ZA-A1-0009,2022,mean_tmin6,temperature_hazard,0.0,0.0,0.0,0.0005314070942764241,0.0,0.0
8,ZA-A1-0009,2022,mean_tmin8,temperature_hazard,9.97467741935484,9.69909677419355,0.14255915629276147,0.0011930077105509022,0.0,0.0
8,ZA-A1-0009,2022,mean_tmin9,temperature_hazard,12.939466666666668,13.3217,0.5787989205184958,0.0014573135988975572,0.0,0.0
8,ZA-A1-0009,2022,mean_tmin11,temperature_hazard,17.48456666666667,17.360200000000003,0.10341768994095962,0.002441018114647434,0.0,0.0
8,ZA-A1-0009,2022,tmin<5p1,temperature_hazard,0.0,0.0,0.0,0.0,0.0,0.0
8,ZA-A1-0009,2022,tmin<5p6,temperature_hazard,0.0,0.0,0.0,8.828622812612666e-06,0.0,0.0
8,ZA-A1-0009,2022,tmin<5p7,temperature_hazard,0.0,0.0,0.0,0.02431037641908708,0.0,0.0
8,ZA-A1-0009,2022,tmin<5p8,temperature_hazard,0.0,0.0,0.0,0.002217221289576947,0.0,0.0
8,ZA-A1-0009,2022,tmin<5p9,temperature_hazard,0.0,0.0,0.0,0.0013274206327174587,0.0,0.0
8,ZA-A1-0009,2022,tmin<5p10,temperature_hazard,0.0,0.0,0.0,0.003130541471307732,0.0,0.0
8,ZA-A1-0009,2022,tmin<5p11,temperature_hazard,0.0,0.0,0.0,0.0001236532208506134,0.0,0.0
8,ZA-A1-0009,2022,tmin<5p12,temperature_hazard,0.0,0.0,0.0,0.0,0.0,0.0
8,ZA-A1-0009,2022,tmax>32p6,temperature_hazard,0.0,0.0,0.0,0.0,0.0,0.0
8,ZA-A1-0009,2022,tmax>32p7,temperature_hazard,0.0,0.0,0.0,0.0,0.0,0.0
8,ZA-A1-0009,2022,tmax>32p8,temperature_hazard,0.0,0.0,0.0,0.0,0.0,0.0
8,ZA-A1-0009,2022,tmax>32p11,temperature_hazard,16.0,10.0,2.0,0.0040471589714501715,-0.015187222222222907,0.0
8,ZA-A1-0009,2022,prec<0.5p6,water_proxy,0.0,0.0,0.0,2.3077165427745042e-05,0.0,0.0
8,ZA-A1-0009,2022,prec<0.5p7,water_proxy,1.0,1.0,0.0,0.18335275643028912,0.0,0.0
8,ZA-A1-0009,2022,prec<0.5p9,water_proxy,26.0,26.0,0.0,0.0061467741823143665,0.0,0.0
8,ZA-A1-0009,2022,prec<0.5p11,water_proxy,8.0,11.0,0.375,0.0022597888215751664,-0.039274444444443724,0.0
8,ZA-A1-0009,2022,mean_cum_fpar1,crop_state_indicator,559.14,517.0733333333334,1.2613559638626395,0.020839551823328178,-0.06468611111111144,0.0
8,ZA-A1-0009,2022,mean_cum_fpar7,crop_state_indicator,0.0,0.0,0.0,0.10738307384572447,0.0,0.0
8,ZA-A1-0009,2022,mean_cum_fpar8,crop_state_indicator,54.101333333333336,51.924,0.44147066774804056,0.05692899725995502,0.0,0.0
8,ZA-A1-0009,2022,mean_cum_fpar12,crop_state_indicator,407.9166666666667,390.71866666666665,0.6683312220434569,0.05359404550190877,-0.01157166666666587,0.0
8,ZA-A1-0009,2022,mean_cum_ndvi1,crop_state_indicator,8.1825,7.3665,1.5990750049884563,0.01276829788484727,-0.05127888888888954,0.0
8,ZA-A1-0009,2022,mean_cum_ndvi7,crop_state_indicator,0.0,0.0,0.0,0.031837223687955926,0.0,0.0
8,ZA-A1-0009,2022,mean_cum_ndvi8,crop_state_indicator,0.72525,0.6925000000000001,0.5293099953734306,0.017954295122038336,-0.001475555555554564,0.0
8,ZA-A1-0009,2022,mean_cum_ndvi9,crop_state_indicator,1.8695,1.76475,0.8471482764773066,0.009674906901246642,-0.013430555555555834,0.0
8,ZA-A1-0009,2022,mean_cum_ndvi10,crop_state_indicator,2.8846666666666665,2.7437500000000004,0.6493855606758793,0.004889047977237712,-0.01202833333333242,0.0
8,ZA-A1-0009,2022,mean_cum_ndvi12,crop_state_indicator,5.87375,5.50375,0.882177744324203,0.011316713296592265,-0.00515388888888868,0.0
8,ZA-A1-0009,2022,mean_ssm6,water_proxy,0.0,0.0,0.0,0.001409098235969707,0.0,0.0
8,ZA-A1-0009,2022,mean_ssm10,water_proxy,3.113903225806452,2.592806451612903,0.5546056923129749,0.0009471288261739505,-0.012181666666666757,0.0
