crop_name,adm_id,date,fpar
maize,MX01,20010101,23.065
maize,MX02,20010101,36.259
maize,MX03,20010101,21.559
maize,MX04,20010101,71.962
maize,MX05,20010101,26.023
maize,MX06,20010101,46.342
maize,MX07,20010101,42.425
maize,MX08,20010101,15.082
maize,MX09,20010101,21.091
maize,MX10,20010101,18.173
maize,MX11,20010101,23.689
maize,MX12,20010101,32.843
maize,MX13,20010101,28.453
maize,MX14,20010101,26.961
maize,MX15,20010101,23.683
maize,MX16,20010101,28.049
maize,MX17,20010101,28.741
maize,MX18,20010101,47.712
maize,MX19,20010101,29.024
maize,MX20,20010101,45.465
maize,MX21,20010101,24.033
maize,MX22,20010101,27.769
maize,MX23,20010101,85.214
maize,MX24,20010101,34.154
maize,MX25,20010101,43.58
maize,MX26,20010101,33.113
maize,MX27,20010101,59.981
maize,MX28,20010101,34.689
maize,MX29,20010101,18.1
maize,MX30,20010101,53.412
maize,MX31,20010101,70.983
maize,MX32,20010101,18.79
maize,MX01,20010111,22.906
maize,MX02,20010111,39.882
maize,MX03,20010111,21.499
maize,MX04,20010111,70.045
maize,MX05,20010111,25.102
maize,MX06,20010111,44.44
maize,MX07,20010111,40.684
maize,MX08,20010111,14.901
maize,MX09,20010111,20.186
maize,MX10,20010111,17.882
maize,MX11,20010111,25.063
maize,MX12,20010111,32.13
maize,MX13,20010111,28.206
maize,MX14,20010111,26.023
maize,MX15,20010111,22.601
maize,MX16,20010111,28.031
maize,MX17,20010111,27.392
maize,MX18,20010111,47.415
maize,MX19,20010111,27.767
maize,MX20,20010111,44.089
maize,MX21,20010111,23.008
maize,MX22,20010111,28.298
maize,MX23,20010111,84.682
maize,MX24,20010111,32.799
maize,MX25,20010111,46.713
maize,MX26,20010111,37.082
maize,MX27,20010111,59.911
maize,MX28,20010111,33.211
maize,MX29,20010111,17.511
maize,MX30,20010111,50.638
maize,MX31,20010111,68.312
maize,MX32,20010111,18.129
maize,MX01,20010121,22.789
maize,MX02,20010121,43.726
maize,MX03,20010121,21.552
maize,MX04,20010121,68.12
maize,MX05,20010121,24.835
maize,MX06,20010121,42.655
maize,MX07,20010121,39.345
maize,MX08,20010121,14.847
maize,MX09,20010121,19.485
maize,MX10,20010121,17.792
maize,MX11,20010121,27.04
maize,MX12,20010121,31.508
maize,MX13,20010121,28.24
maize,MX14,20010121,25.411
maize,MX15,20010121,21.833
maize,MX16,20010121,28.591
maize,MX17,20010121,26.259
maize,MX18,20010121,46.646
maize,MX19,20010121,27.102
maize,MX20,20010121,42.78
maize,MX21,20010121,22.134
maize,MX22,20010121,29.208
maize,MX23,20010121,84.178
maize,MX24,20010121,31.713
maize,MX25,20010121,49.693
maize,MX26,20010121,41.432
maize,MX27,20010121,59.526
maize,MX28,20010121,32.142
maize,MX29,20010121,17.102
maize,MX30,20010121,47.979
maize,MX31,20010121,65.196
maize,MX32,20010121,17.703
maize,MX01,20010201,22.696
maize,MX02,20010201,47.986
maize,MX03,20010201,21.693
maize,MX04,20010201,65.91
maize,MX05,20010201,25.113
maize,MX06,20010201,40.681
maize,MX07,20010201,38.192
maize,MX08,20010201,14.876
maize,MX09,20010201,18.842
maize,MX10,20010201,17.831
maize,MX11,20010201,29.575
maize,MX12,20010201,30.757
maize,MX13,20010201,28.395
maize,MX14,20010201,25.019
maize,MX15,20010201,21.242
maize,MX16,20010201,29.654
maize,MX17,20010201,25.097
maize,MX18,20010201,45.083
maize,MX19,20010201,26.809
maize,MX20,20010201,41.377
maize,MX21,20010201,21.251
maize,MX22,20010201,30.445
maize,MX23,20010201,83.562
maize,MX24,20010201,30.666
maize,MX25,20010201,52.272
maize,MX26,20010201,46.272
maize,MX27,20010201,59.086
maize,MX28,20010201,31.355
maize,MX29,20010201,16.738
maize,MX30,20010201,45.279
maize,MX31,20010201,61.408
maize,MX32,20010201,17.458
maize,MX01,20010211,22.577
maize,MX02,20010211,51.709
maize,MX03,20010211,21.803
maize,MX04,20010211,64.061
maize,MX05,20010211,25.842
maize,MX06,20010211,38.943
maize,MX07,20010211,37.387
maize,MX08,20010211,14.958
maize,MX09,20010211,18.209
maize,MX10,20010211,17.907
maize,MX11,20010211,31.612
maize,MX12,20010211,29.987
maize,MX13,20010211,28.524
maize,MX14,20010211,24.714
maize,MX15,20010211,20.763
maize,MX16,20010211,30.589
maize,MX17,20010211,24.133
maize,MX18,20010211,43.061
maize,MX19,20010211,26.678
maize,MX20,20010211,40.01
maize,MX21,20010211,20.511
maize,MX22,20010211,31.453
maize,MX23,20010211,82.882
maize,MX24,20010211,29.645
maize,MX25,20010211,53.644
maize,MX26,20010211,50.099
maize,MX27,20010211,58.451
maize,MX28,20010211,30.841
maize,MX29,20010211,16.409
maize,MX30,20010211,42.813
maize,MX31,20010211,57.938
maize,MX32,20010211,17.284
maize,MX01,20010221,22.337
maize,MX02,20010221,55.04
maize,MX03,20010221,21.849
maize,MX04,20010221,62.098
maize,MX05,20010221,26.68
maize,MX06,20010221,37.323
maize,MX07,20010221,36.742
maize,MX08,20010221,15.081
maize,MX09,20010221,17.712
maize,MX10,20010221,17.998
maize,MX11,20010221,33.075
maize,MX12,20010221,29.241
maize,MX13,20010221,28.582
maize,MX14,20010221,24.385
maize,MX15,20010221,20.365
maize,MX16,20010221,31.276
maize,MX17,20010221,23.305
maize,MX18,20010221,40.685
maize,MX19,20010221,26.523
maize,MX20,20010221,38.728
maize,MX21,20010221,19.86
maize,MX22,20010221,32.164
maize,MX23,20010221,82.069
maize,MX24,20010221,28.543
maize,MX25,20010221,54.023
maize,MX26,20010221,53.061
maize,MX27,20010221,57.674
maize,MX28,20010221,30.644
maize,MX29,20010221,16.094
maize,MX30,20010221,40.505
maize,MX31,20010221,54.565
maize,MX32,20010221,17.124
maize,MX01,20010301,22.036
maize,MX02,20010301,57.207
maize,MX03,20010301,21.902
maize,MX04,20010301,60.544
maize,MX05,20010301,27.212
maize,MX06,20010301,36.161
maize,MX07,20010301,36.389
maize,MX08,20010301,15.2
maize,MX09,20010301,17.414
maize,MX10,20010301,18.056
maize,MX11,20010301,33.634
maize,MX12,20010301,28.775
maize,MX13,20010301,28.545
maize,MX14,20010301,24.06
maize,MX15,20010301,20.081
maize,MX16,20010301,31.476
maize,MX17,20010301,22.737
maize,MX18,20010301,38.689
maize,MX19,20010301,26.281
maize,MX20,20010301,37.724
maize,MX21,20010301,19.437
maize,MX22,20010301,32.39
maize,MX23,20010301,81.555
maize,MX24,20010301,27.613
maize,MX25,20010301,53.728
maize,MX26,20010301,54.681
maize,MX27,20010301,56.976
maize,MX28,20010301,30.772
maize,MX29,20010301,15.864
maize,MX30,20010301,38.779
maize,MX31,20010301,52.164
maize,MX32,20010301,16.995
maize,MX01,20010311,21.562
maize,MX02,20010311,58.798
maize,MX03,20010311,21.924
maize,MX04,20010311,58.309
maize,MX05,20010311,27.632
maize,MX06,20010311,34.9
maize,MX07,20010311,35.983
maize,MX08,20010311,15.375
maize,MX09,20010311,17.169
maize,MX10,20010311,18.149
maize,MX11,20010311,33.447
maize,MX12,20010311,28.284
maize,MX13,20010311,28.346
maize,MX14,20010311,23.528
maize,MX15,20010311,19.893
maize,MX16,20010311,31.175
maize,MX17,20010311,22.082
maize,MX18,20010311,36.188
maize,MX19,20010311,25.969
maize,MX20,20010311,36.488
maize,MX21,20010311,19.003
maize,MX22,20010311,32.11
maize,MX23,20010311,80.791
maize,MX24,20010311,26.704
maize,MX25,20010311,52.636
maize,MX26,20010311,55.489
maize,MX27,20010311,55.55
maize,MX28,20010311,31.483
maize,MX29,20010311,15.653
maize,MX30,20010311,36.885
maize,MX31,20010311,49.545
maize,MX32,20010311,16.862
maize,MX01,20010321,21.074
maize,MX02,20010321,58.667
maize,MX03,20010321,21.726
maize,MX04,20010321,55.894
maize,MX05,20010321,27.739
maize,MX06,20010321,33.749
maize,MX07,20010321,35.705
maize,MX08,20010321,15.64
maize,MX09,20010321,17.116
maize,MX10,20010321,18.334
maize,MX11,20010321,32.379
maize,MX12,20010321,27.86
maize,MX13,20010321,28.07
maize,MX14,20010321,22.884
maize,MX15,20010321,19.879
maize,MX16,20010321,30.308
maize,MX17,20010321,21.608
maize,MX18,20010321,33.843
maize,MX19,20010321,25.754
maize,MX20,20010321,35.423
maize,MX21,20010321,18.771
maize,MX22,20010321,31.294
maize,MX23,20010321,80.043
maize,MX24,20010321,26.062
maize,MX25,20010321,50.833
maize,MX26,20010321,54.583
maize,MX27,20010321,53.767
maize,MX28,20010321,32.629
maize,MX29,20010321,15.554
maize,MX30,20010321,35.415
maize,MX31,20010321,47.6
maize,MX32,20010321,16.779
maize,MX01,20010401,20.69
maize,MX02,20010401,56.672
maize,MX03,20010401,21.172
maize,MX04,20010401,53.641
maize,MX05,20010401,27.593
maize,MX06,20010401,32.448
maize,MX07,20010401,35.62
maize,MX08,20010401,16.051
maize,MX09,20010401,17.462
maize,MX10,20010401,18.678
maize,MX11,20010401,30.523
maize,MX12,20010401,27.433
maize,MX13,20010401,27.913
maize,MX14,20010401,22.152
maize,MX15,20010401,20.181
maize,MX16,20010401,28.921
maize,MX17,20010401,21.332
maize,MX18,20010401,31.555
maize,MX19,20010401,25.851
maize,MX20,20010401,34.545
maize,MX21,20010401,18.809
maize,MX22,20010401,30.029
maize,MX23,20010401,79.211
maize,MX24,20010401,25.685
maize,MX25,20010401,48.12
maize,MX26,20010401,51.43
maize,MX27,20010401,51.794
maize,MX28,20010401,34.24
maize,MX29,20010401,15.66
maize,MX30,20010401,34.279
maize,MX31,20010401,46.641
maize,MX32,20010401,16.77
maize,MX01,20010411,20.464
maize,MX02,20010411,53.292
maize,MX03,20010411,20.435
maize,MX04,20010411,52.692
maize,MX05,20010411,27.484
maize,MX06,20010411,30.916
maize,MX07,20010411,35.966
maize,MX08,20010411,16.431
maize,MX09,20010411,17.923
maize,MX10,20010411,19.01
maize,MX11,20010411,28.255
maize,MX12,20010411,27.046
maize,MX13,20010411,28.01
maize,MX14,20010411,21.269
maize,MX15,20010411,20.749
maize,MX16,20010411,27.322
maize,MX17,20010411,21.256
maize,MX18,20010411,29.438
maize,MX19,20010411,26.172
maize,MX20,20010411,34.461
maize,MX21,20010411,19.095
maize,MX22,20010411,28.715
maize,MX23,20010411,78.773
maize,MX24,20010411,25.908
maize,MX25,20010411,45.042
maize,MX26,20010411,46.588
maize,MX27,20010411,50.441
maize,MX28,20010411,35.946
maize,MX29,20010411,15.785
maize,MX30,20010411,34.159
maize,MX31,20010411,47.024
maize,MX32,20010411,16.735
maize,MX01,20010421,20.536
maize,MX02,20010421,48.725
maize,MX03,20010421,19.652
maize,MX04,20010421,53.155
maize,MX05,20010421,27.686
maize,MX06,20010421,29.785
maize,MX07,20010421,36.81
maize,MX08,20010421,16.859
maize,MX09,20010421,19.033
maize,MX10,20010421,19.318
maize,MX11,20010421,26.438
maize,MX12,20010421,27.248
maize,MX13,20010421,28.557
maize,MX14,20010421,20.826
maize,MX15,20010421,22.088
maize,MX16,20010421,26.358
maize,MX17,20010421,21.681
maize,MX18,20010421,27.851
maize,MX19,20010421,26.986
maize,MX20,20010421,35.165
maize,MX21,20010421,19.897
maize,MX22,20010421,27.815
maize,MX23,20010421,78.675
maize,MX24,20010421,26.684
maize,MX25,20010421,41.776
maize,MX26,20010421,40.74
maize,MX27,20010421,49.778
maize,MX28,20010421,37.736
maize,MX29,20010421,16.608
maize,MX30,20010421,35.055
maize,MX31,20010421,48.656
maize,MX32,20010421,16.829
maize,MX01,20010501,20.804
maize,MX02,20010501,43.885
maize,MX03,20010501,18.973
maize,MX04,20010501,55.038
maize,MX05,20010501,27.979
maize,MX06,20010501,29.151
maize,MX07,20010501,38.225
maize,MX08,20010501,17.424
maize,MX09,20010501,20.723
maize,MX10,20010501,19.629
maize,MX11,20010501,25.552
maize,MX12,20010501,28.156
maize,MX13,20010501,29.569
maize,MX14,20010501,20.965
maize,MX15,20010501,24.272
maize,MX16,20010501,26.386
maize,MX17,20010501,22.68
maize,MX18,20010501,26.788
maize,MX19,20010501,27.96
maize,MX20,20010501,36.746
maize,MX21,20010501,21.288
maize,MX22,20010501,27.66
maize,MX23,20010501,79.198
maize,MX24,20010501,27.928
maize,MX25,20010501,38.488
maize,MX26,20010501,34.881
maize,MX27,20010501,50.051
maize,MX28,20010501,39.314
maize,MX29,20010501,18.263
maize,MX30,20010501,36.926
maize,MX31,20010501,51.286
maize,MX32,20010501,17.114
maize,MX01,20010511,21.365
maize,MX02,20010511,39.31
maize,MX03,20010511,18.443
maize,MX04,20010511,57.891
maize,MX05,20010511,28.5
maize,MX06,20010511,29.311
maize,MX07,20010511,40.337
maize,MX08,20010511,18.148
maize,MX09,20010511,22.933
maize,MX10,20010511,19.998
maize,MX11,20010511,26.005
maize,MX12,20010511,30.12
maize,MX13,20010511,30.977
maize,MX14,20010511,22.037
maize,MX15,20010511,27.489
maize,MX16,20010511,27.85
maize,MX17,20010511,24.635
maize,MX18,20010511,26.514
maize,MX19,20010511,28.929
maize,MX20,20010511,39.437
maize,MX21,20010511,23.522
maize,MX22,20010511,28.427
maize,MX23,20010511,79.633
maize,MX24,20010511,29.441
maize,MX25,20010511,35.349
maize,MX26,20010511,29.705
maize,MX27,20010511,51.321
maize,MX28,20010511,40.453
maize,MX29,20010511,21.067
maize,MX30,20010511,39.838
maize,MX31,20010511,54.685
maize,MX32,20010511,17.724
maize,MX01,20010521,22.438
maize,MX02,20010521,35.728
maize,MX03,20010521,18.033
maize,MX04,20010521,61.541
maize,MX05,20010521,29.115
maize,MX06,20010521,30.681
maize,MX07,20010521,43.05
maize,MX08,20010521,19.101
maize,MX09,20010521,25.916
maize,MX10,20010521,20.702
maize,MX11,20010521,28.539
maize,MX12,20010521,33.233
maize,MX13,20010521,32.811
maize,MX14,20010521,24.692
maize,MX15,20010521,31.716
maize,MX16,20010521,31.262
maize,MX17,20010521,27.829
maize,MX18,20010521,27.439
maize,MX19,20010521,29.698
maize,MX20,20010521,42.955
maize,MX21,20010521,26.931
maize,MX22,20010521,30.423
maize,MX23,20010521,80.442
maize,MX24,20010521,30.981
maize,MX25,20010521,32.57
maize,MX26,20010521,25.943
maize,MX27,20010521,53.229
maize,MX28,20010521,40.831
maize,MX29,20010521,25.385
maize,MX30,20010521,43.329
maize,MX31,20010521,58.476
maize,MX32,20010521,18.955
maize,MX01,20010601,24.166
maize,MX02,20010601,33.276
maize,MX03,20010601,17.733
maize,MX04,20010601,65.587
maize,MX05,20010601,29.69
maize,MX06,20010601,33.782
maize,MX07,20010601,46.529
maize,MX08,20010601,20.743
maize,MX09,20010601,30.097
maize,MX10,20010601,22.082
maize,MX11,20010601,33.32
maize,MX12,20010601,38.098
maize,MX13,20010601,35.186
maize,MX14,20010601,29.33
maize,MX15,20010601,37.361
maize,MX16,20010601,36.843
maize,MX17,20010601,32.872
maize,MX18,20010601,30.097
maize,MX19,20010601,30.081
maize,MX20,20010601,47.184
maize,MX21,20010601,31.723
maize,MX22,20010601,33.766
maize,MX23,20010601,81.264
maize,MX24,20010601,32.403
maize,MX25,20010601,30.383
maize,MX26,20010601,23.731
maize,MX27,20010601,55.679
maize,MX28,20010601,40.342
maize,MX29,20010601,31.556
maize,MX30,20010601,47.243
maize,MX31,20010601,62.533
maize,MX32,20010601,21.02
maize,MX01,20010611,26.452
maize,MX02,20010611,32.313
maize,MX03,20010611,17.422
maize,MX04,20010611,68.952
maize,MX05,20010611,29.958
maize,MX06,20010611,38.443
maize,MX07,20010611,49.886
maize,MX08,20010611,23.162
maize,MX09,20010611,34.615
maize,MX10,20010611,24.341
maize,MX11,20010611,39.309
maize,MX12,20010611,43.749
maize,MX13,20010611,37.762
maize,MX14,20010611,35.369
maize,MX15,20010611,43.171
maize,MX16,20010611,43.423
maize,MX17,20010611,38.686
maize,MX18,20010611,34.274
maize,MX19,20010611,30.168
maize,MX20,20010611,50.869
maize,MX21,20010611,36.874
maize,MX22,20010611,37.614
maize,MX23,20010611,81.912
maize,MX24,20010611,33.693
maize,MX25,20010611,29.282
maize,MX26,20010611,23.387
maize,MX27,20010611,57.674
maize,MX28,20010611,39.444
maize,MX29,20010611,38.323
maize,MX30,20010611,50.799
maize,MX31,20010611,65.783
maize,MX32,20010611,23.849
maize,MX01,20010621,29.298
maize,MX02,20010621,32.017
maize,MX03,20010621,17.179
maize,MX04,20010621,72.065
maize,MX05,20010621,30.171
maize,MX06,20010621,44.347
maize,MX07,20010621,53.161
maize,MX08,20010621,26.449
maize,MX09,20010621,39.56
maize,MX10,20010621,27.461
maize,MX11,20010621,46.251
maize,MX12,20010621,50.043
maize,MX13,20010621,40.66
maize,MX14,20010621,42.572
maize,MX15,20010621,49.214
maize,MX16,20010621,50.69
maize,MX17,20010621,45.298
maize,MX18,20010621,39.856
maize,MX19,20010621,30.144
maize,MX20,20010621,54.001
maize,MX21,20010621,42.413
maize,MX22,20010621,41.907
maize,MX23,20010621,82.559
maize,MX24,20010621,35.003
maize,MX25,20010621,29.22
maize,MX26,20010621,24.426
maize,MX27,20010621,59.256
maize,MX28,20010621,38.41
maize,MX29,20010621,45.66
maize,MX30,20010621,53.97
maize,MX31,20010621,69.033
maize,MX32,20010621,27.45
maize,MX01,20010701,32.564
maize,MX02,20010701,32.216
maize,MX03,20010701,16.792
maize,MX04,20010701,74.759
maize,MX05,20010701,30.188
maize,MX06,20010701,50.869
maize,MX07,20010701,56.28
maize,MX08,20010701,30.618
maize,MX09,20010701,44.539
maize,MX10,20010701,31.454
maize,MX11,20010701,53.301
maize,MX12,20010701,56.403
maize,MX13,20010701,43.723
maize,MX14,20010701,50.286
maize,MX15,20010701,55.018
maize,MX16,20010701,57.864
maize,MX17,20010701,52.2
maize,MX18,20010701,46.3
maize,MX19,20010701,30.056
maize,MX20,20010701,56.607
maize,MX21,20010701,47.834
maize,MX22,20010701,46.401
maize,MX23,20010701,82.946
maize,MX24,20010701,36.462
maize,MX25,20010701,30.243
maize,MX26,20010701,26.462
maize,MX27,20010701,60.608
maize,MX28,20010701,37.707
maize,MX29,20010701,52.581
maize,MX30,20010701,56.752
maize,MX31,20010701,71.563
maize,MX32,20010701,31.669
maize,MX01,20010711,35.983
maize,MX02,20010711,32.466
maize,MX03,20010711,16.34
maize,MX04,20010711,76.611
maize,MX05,20010711,30.05
maize,MX06,20010711,57.31
maize,MX07,20010711,59.055
maize,MX08,20010711,35.29
maize,MX09,20010711,48.752
maize,MX10,20010711,35.952
maize,MX11,20010711,59.432
maize,MX12,20010711,62.207
maize,MX13,20010711,46.386
maize,MX14,20010711,57.498
maize,MX15,20010711,59.818
maize,MX16,20010711,63.99
maize,MX17,20010711,58.861
maize,MX18,20010711,52.796
maize,MX19,20010711,29.797
maize,MX20,20010711,58.617
maize,MX21,20010711,52.782
maize,MX22,20010711,50.386
maize,MX23,20010711,83.248
maize,MX24,20010711,37.85
maize,MX25,20010711,31.853
maize,MX26,20010711,28.881
maize,MX27,20010711,61.329
maize,MX28,20010711,37.2
maize,MX29,20010711,58.379
maize,MX30,20010711,58.864
maize,MX31,20010711,73.553
maize,MX32,20010711,36.08
maize,MX01,20010721,39.482
maize,MX02,20010721,32.356
maize,MX03,20010721,15.792
maize,MX04,20010721,78.029
maize,MX05,20010721,29.764
maize,MX06,20010721,63.017
maize,MX07,20010721,61.781
maize,MX08,20010721,40.239
maize,MX09,20010721,52.334
maize,MX10,20010721,40.726
maize,MX11,20010721,64.189
maize,MX12,20010721,67.147
maize,MX13,20010721,48.567
maize,MX14,20010721,63.742
maize,MX15,20010721,63.413
maize,MX16,20010721,68.621
maize,MX17,20010721,65.12
maize,MX18,20010721,58.987
maize,MX19,20010721,29.453
maize,MX20,20010721,60.262
maize,MX21,20010721,56.98
maize,MX22,20010721,53.685
maize,MX23,20010721,83.243
maize,MX24,20010721,38.983
maize,MX25,20010721,34.095
maize,MX26,20010721,31.552
maize,MX27,20010721,61.734
maize,MX28,20010721,36.685
maize,MX29,20010721,62.566
maize,MX30,20010721,60.238
maize,MX31,20010721,74.948
maize,MX32,20010721,40.498
maize,MX01,20010801,43.231
maize,MX02,20010801,31.587
maize,MX03,20010801,15.294
maize,MX04,20010801,79.005
maize,MX05,20010801,29.49
maize,MX06,20010801,67.781
maize,MX07,20010801,64.308
maize,MX08,20010801,45.32
maize,MX09,20010801,55.196
maize,MX10,20010801,45.548
maize,MX11,20010801,67.421
maize,MX12,20010801,71.216
maize,MX13,20010801,50.556
maize,MX14,20010801,68.729
maize,MX15,20010801,65.862
maize,MX16,20010801,71.651
maize,MX17,20010801,70.733
maize,MX18,20010801,64.582
maize,MX19,20010801,29.729
maize,MX20,20010801,61.709
maize,MX21,20010801,60.287
maize,MX22,20010801,56.329
maize,MX23,20010801,83.327
maize,MX24,20010801,40.566
maize,MX25,20010801,36.652
maize,MX26,20010801,33.708
maize,MX27,20010801,61.704
maize,MX28,20010801,37.245
maize,MX29,20010801,65.011
maize,MX30,20010801,61.267
maize,MX31,20010801,76.117
maize,MX32,20010801,45.024
maize,MX01,20010811,46.429
maize,MX02,20010811,30.465
maize,MX03,20010811,15.109
maize,MX04,20010811,79.385
maize,MX05,20010811,29.495
maize,MX06,20010811,70.963
maize,MX07,20010811,66.287
maize,MX08,20010811,48.964
maize,MX09,20010811,56.741
maize,MX10,20010811,49.016
maize,MX11,20010811,68.786
maize,MX12,20010811,73.618
maize,MX13,20010811,51.803
maize,MX14,20010811,71.567
maize,MX15,20010811,66.819
maize,MX16,20010811,72.872
maize,MX17,20010811,74.192
maize,MX18,20010811,68.499
maize,MX19,20010811,30.637
maize,MX20,20010811,62.662
maize,MX21,20010811,62.058
maize,MX22,20010811,57.827
maize,MX23,20010811,83.448
maize,MX24,20010811,42.257
maize,MX25,20010811,38.685
maize,MX26,20010811,35.152
maize,MX27,20010811,61.504
maize,MX28,20010811,38.722
maize,MX29,20010811,65.321
maize,MX30,20010811,61.886
maize,MX31,20010811,76.834
maize,MX32,20010811,48.609
maize,MX01,20010821,49.154
maize,MX02,20010821,29.133
maize,MX03,20010821,15.5
maize,MX04,20010821,79.652
maize,MX05,20010821,29.725
maize,MX06,20010821,73.06
maize,MX07,20010821,67.928
maize,MX08,20010821,50.837
maize,MX09,20010821,57.142
maize,MX10,20010821,51.178
maize,MX11,20010821,68.717
maize,MX12,20010821,74.873
maize,MX13,20010821,52.766
maize,MX14,20010821,72.64
maize,MX15,20010821,66.749
maize,MX16,20010821,72.775
maize,MX17,20010821,76.042
maize,MX18,20010821,70.892
maize,MX19,20010821,32.417
maize,MX20,20010821,63.52
maize,MX21,20010821,62.897
maize,MX22,20010821,58.666
maize,MX23,20010821,83.816
maize,MX24,20010821,44.196
maize,MX25,20010821,39.908
maize,MX26,20010821,35.906
maize,MX27,20010821,61.453
maize,MX28,20010821,41.089
maize,MX29,20010821,64.016
maize,MX30,20010821,62.476
maize,MX31,20010821,77.621
maize,MX32,20010821,51.494
maize,MX01,20010901,51.368
maize,MX02,20010901,27.761
maize,MX03,20010901,17.028
maize,MX04,20010901,79.358
maize,MX05,20010901,30.243
maize,MX06,20010901,74.463
maize,MX07,20010901,69.073
maize,MX08,20010901,50.181
maize,MX09,20010901,56.337
maize,MX10,20010901,51.948
maize,MX11,20010901,67.026
maize,MX12,20010901,74.799
maize,MX13,20010901,53.56
maize,MX14,20010901,71.829
maize,MX15,20010901,65.556
maize,MX16,20010901,71.265
maize,MX17,20010901,76.306
maize,MX18,20010901,71.898
maize,MX19,20010901,35.271
maize,MX20,20010901,64.21
maize,MX21,20010901,62.78
maize,MX22,20010901,58.769
maize,MX23,20010901,83.954
maize,MX24,20010901,46.527
maize,MX25,20010901,40.248
maize,MX26,20010901,35.954
maize,MX27,20010901,61.339
maize,MX28,20010901,44.498
maize,MX29,20010901,60.75
maize,MX30,20010901,63.123
maize,MX31,20010901,78.08
maize,MX32,20010901,53.652
maize,MX01,20010911,52.114
maize,MX02,20010911,26.805
maize,MX03,20010911,19.558
maize,MX04,20010911,78.917
maize,MX05,20010911,30.573
maize,MX06,20010911,74.703
maize,MX07,20010911,69.562
maize,MX08,20010911,47.119
maize,MX09,20010911,54.177
maize,MX10,20010911,50.838
maize,MX11,20010911,64.168
maize,MX12,20010911,73.463
maize,MX13,20010911,53.654
maize,MX14,20010911,69.472
maize,MX15,20010911,63.341
maize,MX16,20010911,68.874
maize,MX17,20010911,75.084
maize,MX18,20010911,71.227
maize,MX19,20010911,38.155
maize,MX20,20010911,64.489
maize,MX21,20010911,61.643
maize,MX22,20010911,57.725
maize,MX23,20010911,84.458
maize,MX24,20010911,48.318
maize,MX25,20010911,39.431
maize,MX26,20010911,35.29
maize,MX27,20010911,61.403
maize,MX28,20010911,47.49
maize,MX29,20010911,56.622
maize,MX30,20010911,63.61
maize,MX31,20010911,78.525
maize,MX32,20010911,54.191
maize,MX01,20010921,51.36
maize,MX02,20010921,26.478
maize,MX03,20010921,23.105
maize,MX04,20010921,78.643
maize,MX05,20010921,30.78
maize,MX06,20010921,74.807
maize,MX07,20010921,69.467
maize,MX08,20010921,42.578
maize,MX09,20010921,51.345
maize,MX10,20010921,48.205
maize,MX11,20010921,60.388
maize,MX12,20010921,71.349
maize,MX13,20010921,52.947
maize,MX14,20010921,66.26
maize,MX15,20010921,60.268
maize,MX16,20010921,65.908
maize,MX17,20010921,72.877
maize,MX18,20010921,69.73
maize,MX19,20010921,40.94
maize,MX20,20010921,64.329
maize,MX21,20010921,59.563
maize,MX22,20010921,55.528
maize,MX23,20010921,84.908
maize,MX24,20010921,49.617
maize,MX25,20010921,37.618
maize,MX26,20010921,34.64
maize,MX27,20010921,61.765
maize,MX28,20010921,49.885
maize,MX29,20010921,52.023
maize,MX30,20010921,64.291
maize,MX31,20010921,78.956
maize,MX32,20010921,53.331
maize,MX01,20011001,48.965
maize,MX02,20011001,26.522
maize,MX03,20011001,27.3
maize,MX04,20011001,78.393
maize,MX05,20011001,30.625
maize,MX06,20011001,74.136
maize,MX07,20011001,68.935
maize,MX08,20011001,37.339
maize,MX09,20011001,47.567
maize,MX10,20011001,44.23
maize,MX11,20011001,55.488
maize,MX12,20011001,68.208
maize,MX13,20011001,51.18
maize,MX14,20011001,61.89
maize,MX15,20011001,56.172
maize,MX16,20011001,61.99
maize,MX17,20011001,69.445
maize,MX18,20011001,67.18
maize,MX19,20011001,42.808
maize,MX20,20011001,63.698
maize,MX21,20011001,56.186
maize,MX22,20011001,52.028
maize,MX23,20011001,85.371
maize,MX24,20011001,50.124
maize,MX25,20011001,35.221
maize,MX26,20011001,34.257
maize,MX27,20011001,62.159
maize,MX28,20011001,51.133
maize,MX29,20011001,46.868
maize,MX30,20011001,64.857
maize,MX31,20011001,79.265
maize,MX32,20011001,50.924
maize,MX01,20011011,45.418
maize,MX02,20011011,26.819
maize,MX03,20011011,31.436
maize,MX04,20011011,78.353
maize,MX05,20011011,30.165
maize,MX06,20011011,72.547
maize,MX07,20011011,67.893
maize,MX08,20011011,32.021
maize,MX09,20011011,43.298
maize,MX10,20011011,39.535
maize,MX11,20011011,49.952
maize,MX12,20011011,64.17
maize,MX13,20011011,48.604
maize,MX14,20011011,56.716
maize,MX15,20011011,51.406
maize,MX16,20011011,57.365
maize,MX17,20011011,64.743
maize,MX18,20011011,63.772
maize,MX19,20011011,43.534
maize,MX20,20011011,62.29
maize,MX21,20011011,51.653
maize,MX22,20011011,47.792
maize,MX23,20011011,85.876
maize,MX24,20011011,49.938
maize,MX25,20011011,32.787
maize,MX26,20011011,34.129
maize,MX27,20011011,62.584
maize,MX28,20011011,51.292
maize,MX29,20011011,41.449
maize,MX30,20011011,65.125
maize,MX31,20011011,79.464
maize,MX32,20011011,47.311
maize,MX01,20011021,41.115
maize,MX02,20011021,27.238
maize,MX03,20011021,34.1
maize,MX04,20011021,78.722
maize,MX05,20011021,29.313
maize,MX06,20011021,69.975
maize,MX07,20011021,66.369
maize,MX08,20011021,27.358
maize,MX09,20011021,38.785
maize,MX10,20011021,34.782
maize,MX11,20011021,44.21
maize,MX12,20011021,59.528
maize,MX13,20011021,45.499
maize,MX14,20011021,51.242
maize,MX15,20011021,46.25
maize,MX16,20011021,52.296
maize,MX17,20011021,59.348
maize,MX18,20011021,59.975
maize,MX19,20011021,43.004
maize,MX20,20011021,60.367
maize,MX21,20011021,46.561
maize,MX22,20011021,43.103
maize,MX23,20011021,86.523
maize,MX24,20011021,49.021
maize,MX25,20011021,30.927
maize,MX26,20011021,34.029
maize,MX27,20011021,62.987
maize,MX28,20011021,50.264
maize,MX29,20011021,36.256
maize,MX30,20011021,65.153
maize,MX31,20011021,79.755
maize,MX32,20011021,42.868
maize,MX01,20011101,36.451
maize,MX02,20011101,27.725
maize,MX03,20011101,34.959
maize,MX04,20011101,78.879
maize,MX05,20011101,28.206
maize,MX06,20011101,66.121
maize,MX07,20011101,64.062
maize,MX08,20011101,23.378
maize,MX09,20011101,34.131
maize,MX10,20011101,30.065
maize,MX11,20011101,38.284
maize,MX12,20011101,53.902
maize,MX13,20011101,41.974
maize,MX14,20011101,45.452
maize,MX15,20011101,40.672
maize,MX16,20011101,46.737
maize,MX17,20011101,53.062
maize,MX18,20011101,55.774
maize,MX19,20011101,41.391
maize,MX20,20011101,57.846
maize,MX21,20011101,40.988
maize,MX22,20011101,38.187
maize,MX23,20011101,86.55
maize,MX24,20011101,47.481
maize,MX25,20011101,30.094
maize,MX26,20011101,33.298
maize,MX27,20011101,63.121
maize,MX28,20011101,48.226
maize,MX29,20011101,31.224
maize,MX30,20011101,64.811
maize,MX31,20011101,79.519
maize,MX32,20011101,37.703
maize,MX01,20011111,32.697
maize,MX02,20011111,28.333
maize,MX03,20011111,34.205
maize,MX04,20011111,78.904
maize,MX05,20011111,27.126
maize,MX06,20011111,62.077
maize,MX07,20011111,61.271
maize,MX08,20011111,20.712
maize,MX09,20011111,30.326
maize,MX10,20011111,26.479
maize,MX11,20011111,33.616
maize,MX12,20011111,48.771
maize,MX13,20011111,39.059
maize,MX14,20011111,40.747
maize,MX15,20011111,36.066
maize,MX16,20011111,42.045
maize,MX17,20011111,47.514
maize,MX18,20011111,52.423
maize,MX19,20011111,39.669
maize,MX20,20011111,55.492
maize,MX21,20011111,36.383
maize,MX22,20011111,34.379
maize,MX23,20011111,86.58
maize,MX24,20011111,45.875
maize,MX25,20011111,30.66
maize,MX26,20011111,32.32
maize,MX27,20011111,63.217
maize,MX28,20011111,46.015
maize,MX29,20011111,27.458
maize,MX30,20011111,64.169
maize,MX31,20011111,79.217
maize,MX32,20011111,33.282
maize,MX01,20011121,29.508
maize,MX02,20011121,28.795
maize,MX03,20011121,32.628
maize,MX04,20011121,78.303
maize,MX05,20011121,26.119
maize,MX06,20011121,57.858
maize,MX07,20011121,58.049
maize,MX08,20011121,19.135
maize,MX09,20011121,27.188
maize,MX10,20011121,23.759
maize,MX11,20011121,29.867
maize,MX12,20011121,44.167
maize,MX13,20011121,36.547
maize,MX14,20011121,36.734
maize,MX15,20011121,32.257
maize,MX16,20011121,37.881
maize,MX17,20011121,42.637
maize,MX18,20011121,49.673
maize,MX19,20011121,37.808
maize,MX20,20011121,52.976
maize,MX21,20011121,32.541
maize,MX22,20011121,31.532
maize,MX23,20011121,86.449
maize,MX24,20011121,43.899
maize,MX25,20011121,32.522
maize,MX26,20011121,31.642
maize,MX27,20011121,62.684
maize,MX28,20011121,43.445
maize,MX29,20011121,24.54
maize,MX30,20011121,62.67
maize,MX31,20011121,78.162
maize,MX32,20011121,29.365
maize,MX01,20011201,27.312
maize,MX02,20011201,29.206
maize,MX03,20011201,30.803
maize,MX04,20011201,77.271
maize,MX05,20011201,25.312
maize,MX06,20011201,53.936
maize,MX07,20011201,54.625
maize,MX08,20011201,18.09
maize,MX09,20011201,24.792
maize,MX10,20011201,21.916
maize,MX11,20011201,27.312
maize,MX12,20011201,40.376
maize,MX13,20011201,34.735
maize,MX14,20011201,33.635
maize,MX15,20011201,29.295
maize,MX16,20011201,34.624
maize,MX17,20011201,38.504
maize,MX18,20011201,47.813
maize,MX19,20011201,36.146
maize,MX20,20011201,50.897
maize,MX21,20011201,29.644
maize,MX22,20011201,29.816
maize,MX23,20011201,86.207
maize,MX24,20011201,41.856
maize,MX25,20011201,35.462
maize,MX26,20011201,31.878
maize,MX27,20011201,61.958
maize,MX28,20011201,41.053
maize,MX29,20011201,22.479
maize,MX30,20011201,60.915
maize,MX31,20011201,76.89
maize,MX32,20011201,26.301
maize,MX01,20011211,25.774
maize,MX02,20011211,29.766
maize,MX03,20011211,29.134
maize,MX04,20011211,76.175
maize,MX05,20011211,24.792
maize,MX06,20011211,50.483
maize,MX07,20011211,51.13
maize,MX08,20011211,17.358
maize,MX09,20011211,23.109
maize,MX10,20011211,20.707
maize,MX11,20011211,25.942
maize,MX12,20011211,37.377
maize,MX13,20011211,33.393
maize,MX14,20011211,31.204
maize,MX15,20011211,27.14
maize,MX16,20011211,32.203
maize,MX17,20011211,35.231
maize,MX18,20011211,46.595
maize,MX19,20011211,34.706
maize,MX20,20011211,49.055
maize,MX21,20011211,27.491
maize,MX22,20011211,28.915
maize,MX23,20011211,85.96
maize,MX24,20011211,39.77
maize,MX25,20011211,39.113
maize,MX26,20011211,33.292
maize,MX27,20011211,61.01
maize,MX28,20011211,38.854
maize,MX29,20011211,21.067
maize,MX30,20011211,58.684
maize,MX31,20011211,75.538
maize,MX32,20011211,23.86
maize,MX01,20011221,24.878
maize,MX02,20011221,30.902
maize,MX03,20011221,27.815
maize,MX04,20011221,75.415
maize,MX05,20011221,24.635
maize,MX06,20011221,47.862
maize,MX07,20011221,48.025
maize,MX08,20011221,16.908
maize,MX09,20011221,21.98
maize,MX10,20011221,19.953
maize,MX11,20011221,25.784
maize,MX12,20011221,35.278
maize,MX13,20011221,32.442
maize,MX14,20011221,29.482
maize,MX15,20011221,25.562
maize,MX16,20011221,30.728
maize,MX17,20011221,32.787
maize,MX18,20011221,45.843
maize,MX19,20011221,33.441
maize,MX20,20011221,47.35
maize,MX21,20011221,25.95
maize,MX22,20011221,28.657
maize,MX23,20011221,85.67
maize,MX24,20011221,37.732
maize,MX25,20011221,42.946
maize,MX26,20011221,36.206
maize,MX27,20011221,60.323
maize,MX28,20011221,36.831
maize,MX29,20011221,20.054
maize,MX30,20011221,56.112
maize,MX31,20011221,74.395
maize,MX32,20011221,22.11
maize,MX01,20020101,24.154
maize,MX02,20020101,32.653
maize,MX03,20020101,26.576
maize,MX04,20020101,74.659
maize,MX05,20020101,24.514
maize,MX06,20020101,45.672
maize,MX07,20020101,45.05
maize,MX08,20020101,16.543
maize,MX09,20020101,20.823
maize,MX10,20020101,19.317
maize,MX11,20020101,26.905
maize,MX12,20020101,33.614
maize,MX13,20020101,31.506
maize,MX14,20020101,28.052
maize,MX15,20020101,24.105
maize,MX16,20020101,29.925
maize,MX17,20020101,30.578
maize,MX18,20020101,44.851
maize,MX19,20020101,31.95
maize,MX20,20020101,45.669
maize,MX21,20020101,24.614
maize,MX22,20020101,28.854
maize,MX23,20020101,85.27
maize,MX24,20020101,35.471
maize,MX25,20020101,46.681
maize,MX26,20020101,40.374
maize,MX27,20020101,59.687
maize,MX28,20020101,34.545
maize,MX29,20020101,19.191
maize,MX30,20020101,53.011
maize,MX31,20020101,73.052
maize,MX32,20020101,20.64
maize,MX01,20020111,23.751
maize,MX02,20020111,34.958
maize,MX03,20020111,25.737
maize,MX04,20020111,73.963
maize,MX05,20020111,24.468
maize,MX06,20020111,44.193
maize,MX07,20020111,42.895
maize,MX08,20020111,16.212
maize,MX09,20020111,19.925
maize,MX10,20020111,18.885
maize,MX11,20020111,29.065
maize,MX12,20020111,32.581
maize,MX13,20020111,30.858
maize,MX14,20020111,27.123
maize,MX15,20020111,23.107
maize,MX16,20020111,29.955
maize,MX17,20020111,28.922
maize,MX18,20020111,43.647
maize,MX19,20020111,30.476
maize,MX20,20020111,44.288
maize,MX21,20020111,23.576
maize,MX22,20020111,29.523
maize,MX23,20020111,84.86
maize,MX24,20020111,33.538
maize,MX25,20020111,49.274
maize,MX26,20020111,45.022
maize,MX27,20020111,59.248
maize,MX28,20020111,32.443
maize,MX29,20020111,18.524
maize,MX30,20020111,50.179
maize,MX31,20020111,71.706
maize,MX32,20020111,19.701
maize,MX01,20020121,23.548
maize,MX02,20020121,37.723
maize,MX03,20020121,25.056
maize,MX04,20020121,73.142
maize,MX05,20020121,24.65
maize,MX06,20020121,43.1
maize,MX07,20020121,41.144
maize,MX08,20020121,15.974
maize,MX09,20020121,19.128
maize,MX10,20020121,18.568
maize,MX11,20020121,32.003
maize,MX12,20020121,31.792
maize,MX13,20020121,30.339
maize,MX14,20020121,26.457
maize,MX15,20020121,22.316
maize,MX16,20020121,30.618
maize,MX17,20020121,27.527
maize,MX18,20020121,42.207
maize,MX19,20020121,28.971
maize,MX20,20020121,42.803
maize,MX21,20020121,22.721
maize,MX22,20020121,30.446
maize,MX23,20020121,84.449
maize,MX24,20020121,31.767
maize,MX25,20020121,51.187
maize,MX26,20020121,49.79
maize,MX27,20020121,58.732
maize,MX28,20020121,30.511
maize,MX29,20020121,17.963
maize,MX30,20020121,47.152
maize,MX31,20020121,70.322
maize,MX32,20020121,19.013
maize,MX01,20020201,23.429
maize,MX02,20020201,41.325
maize,MX03,20020201,24.529
maize,MX04,20020201,72.203
maize,MX05,20020201,24.747
maize,MX06,20020201,41.954
maize,MX07,20020201,39.56
maize,MX08,20020201,15.653
maize,MX09,20020201,18.179
maize,MX10,20020201,18.257
maize,MX11,20020201,35.448
maize,MX12,20020201,30.965
maize,MX13,20020201,29.838
maize,MX14,20020201,25.898
maize,MX15,20020201,21.61
maize,MX16,20020201,31.757
maize,MX17,20020201,26.269
maize,MX18,20020201,40.403
maize,MX19,20020201,27.339
maize,MX20,20020201,40.887
maize,MX21,20020201,21.941
maize,MX22,20020201,31.472
maize,MX23,20020201,83.952
maize,MX24,20020201,29.989
maize,MX25,20020201,52.329
maize,MX26,20020201,54.365
maize,MX27,20020201,58.178
maize,MX28,20020201,28.631
maize,MX29,20020201,17.45
maize,MX30,20020201,43.581
maize,MX31,20020201,68.903
maize,MX32,20020201,18.392
maize,MX01,20020211,23.321
maize,MX02,20020211,44.817
maize,MX03,20020211,23.991
maize,MX04,20020211,71.394
maize,MX05,20020211,24.702
maize,MX06,20020211,40.759
maize,MX07,20020211,38.339
maize,MX08,20020211,15.382
maize,MX09,20020211,17.652
maize,MX10,20020211,18.079
maize,MX11,20020211,38.184
maize,MX12,20020211,30.116
maize,MX13,20020211,29.416
maize,MX14,20020211,25.453
maize,MX15,20020211,21.135
maize,MX16,20020211,32.817
maize,MX17,20020211,25.321
maize,MX18,20020211,38.736
maize,MX19,20020211,26.004
maize,MX20,20020211,39.122
maize,MX21,20020211,21.373
maize,MX22,20020211,32.163
maize,MX23,20020211,83.619
maize,MX24,20020211,28.636
maize,MX25,20020211,52.589
maize,MX26,20020211,57.197
maize,MX27,20020211,57.667
maize,MX28,20020211,27.36
maize,MX29,20020211,17.081
maize,MX30,20020211,40.496
maize,MX31,20020211,67.973
maize,MX32,20020211,17.942
maize,MX01,20020221,23.134
maize,MX02,20020221,48.063
maize,MX03,20020221,23.369
maize,MX04,20020221,70.37
maize,MX05,20020221,24.437
maize,MX06,20020221,39.366
maize,MX07,20020221,37.285
maize,MX08,20020221,15.161
maize,MX09,20020221,17.289
maize,MX10,20020221,17.936
maize,MX11,20020221,39.984
maize,MX12,20020221,29.082
maize,MX13,20020221,28.884
maize,MX14,20020221,24.971
maize,MX15,20020221,20.727
maize,MX16,20020221,33.466
maize,MX17,20020221,24.369
maize,MX18,20020221,37.081
maize,MX19,20020221,24.893
maize,MX20,20020221,37.296
maize,MX21,20020221,20.769
maize,MX22,20020221,32.401
maize,MX23,20020221,83.217
maize,MX24,20020221,27.492
maize,MX25,20020221,52.054
maize,MX26,20020221,58.304
maize,MX27,20020221,57.289
maize,MX28,20020221,26.637
maize,MX29,20020221,16.693
maize,MX30,20020221,37.68
maize,MX31,20020221,66.915
maize,MX32,20020221,17.611
maize,MX01,20020301,22.881
maize,MX02,20020301,50.242
maize,MX03,20020301,22.734
maize,MX04,20020301,69.042
maize,MX05,20020301,24.061
maize,MX06,20020301,38.069
maize,MX07,20020301,36.546
maize,MX08,20020301,14.997
maize,MX09,20020301,17.073
maize,MX10,20020301,17.829
maize,MX11,20020301,40.582
maize,MX12,20020301,28.175
maize,MX13,20020301,28.427
maize,MX14,20020301,24.55
maize,MX15,20020301,20.493
maize,MX16,20020301,33.527
maize,MX17,20020301,23.616
maize,MX18,20020301,35.777
maize,MX19,20020301,24.139
maize,MX20,20020301,35.854
maize,MX21,20020301,20.276
maize,MX22,20020301,32.282
maize,MX23,20020301,82.598
maize,MX24,20020301,26.683
maize,MX25,20020301,51.091
maize,MX26,20020301,57.929
maize,MX27,20020301,57.083
maize,MX28,20020301,26.486
maize,MX29,20020301,16.401
maize,MX30,20020301,35.628
maize,MX31,20020301,65.649
maize,MX32,20020301,17.449
maize,MX01,20020311,22.512
maize,MX02,20020311,52.15
maize,MX03,20020311,21.834
maize,MX04,20020311,66.741
maize,MX05,20020311,23.523
maize,MX06,20020311,36.317
maize,MX07,20020311,35.774
maize,MX08,20020311,14.814
maize,MX09,20020311,17.024
maize,MX10,20020311,17.751
maize,MX11,20020311,40.256
maize,MX12,20020311,26.998
maize,MX13,20020311,28.021
maize,MX14,20020311,23.958
maize,MX15,20020311,20.393
maize,MX16,20020311,33.023
maize,MX17,20020311,22.624
maize,MX18,20020311,34.115
maize,MX19,20020311,23.422
maize,MX20,20020311,34.17
maize,MX21,20020311,19.662
maize,MX22,20020311,31.804
maize,MX23,20020311,81.726
maize,MX24,20020311,25.834
maize,MX25,20020311,49.338
maize,MX26,20020311,55.887
maize,MX27,20020311,56.926
maize,MX28,20020311,26.931
maize,MX29,20020311,16.05
maize,MX30,20020311,33.516
maize,MX31,20020311,63.418
maize,MX32,20020311,17.395
maize,MX01,20020321,22.236
maize,MX02,20020321,52.761
maize,MX03,20020321,20.924
maize,MX04,20020321,63.871
maize,MX05,20020321,23.178
maize,MX06,20020321,34.589
maize,MX07,20020321,35.132
maize,MX08,20020321,14.749
maize,MX09,20020321,17.179
maize,MX10,20020321,17.84
maize,MX11,20020321,38.886
maize,MX12,20020321,25.938
maize,MX13,20020321,27.965
maize,MX14,20020321,23.425
maize,MX15,20020321,20.596
maize,MX16,20020321,31.991
maize,MX17,20020321,21.835
maize,MX18,20020321,32.684
maize,MX19,20020321,23.204
maize,MX20,20020321,32.587
maize,MX21,20020321,19.164
maize,MX22,20020321,31.221
maize,MX23,20020321,80.953
maize,MX24,20020321,25.236
maize,MX25,20020321,47.455
maize,MX26,20020321,52.294
maize,MX27,20020321,56.579
maize,MX28,20020321,28.023
maize,MX29,20020321,15.8
maize,MX30,20020321,31.735
maize,MX31,20020321,61.057
maize,MX32,20020321,17.559
maize,MX01,20020401,21.978
maize,MX02,20020401,52.129
maize,MX03,20020401,20.142
maize,MX04,20020401,60.504
maize,MX05,20020401,23.138
maize,MX06,20020401,32.845
maize,MX07,20020401,34.799
maize,MX08,20020401,14.857
maize,MX09,20020401,17.69
maize,MX10,20020401,18.117
maize,MX11,20020401,36.356
maize,MX12,20020401,25.092
maize,MX13,20020401,28.337
maize,MX14,20020401,22.85
maize,MX15,20020401,21.124
maize,MX16,20020401,30.445
maize,MX17,20020401,21.258
maize,MX18,20020401,31.248
maize,MX19,20020401,23.419
maize,MX20,20020401,31.158
maize,MX21,20020401,18.896
maize,MX22,20020401,30.604
maize,MX23,20020401,80.184
maize,MX24,20020401,24.839
maize,MX25,20020401,45.272
maize,MX26,20020401,47.078
maize,MX27,20020401,56.397
maize,MX28,20020401,29.751
maize,MX29,20020401,15.692
maize,MX30,20020401,30.52
maize,MX31,20020401,58.441
maize,MX32,20020401,17.874
maize,MX01,20020411,21.782
maize,MX02,20020411,50.436
maize,MX03,20020411,19.565
maize,MX04,20020411,57.85
maize,MX05,20020411,23.217
maize,MX06,20020411,31.528
maize,MX07,20020411,34.917
maize,MX08,20020411,15.213
maize,MX09,20020411,18.419
maize,MX10,20020411,18.5
maize,MX11,20020411,33.431
maize,MX12,20020411,24.752
maize,MX13,20020411,28.862
maize,MX14,20020411,22.414
maize,MX15,20020411,21.819
maize,MX16,20020411,28.902
maize,MX17,20020411,21.097
maize,MX18,20020411,30.094
maize,MX19,20020411,23.802
maize,MX20,20020411,30.354
maize,MX21,20020411,18.913
maize,MX22,20020411,30.075
maize,MX23,20020411,79.628
maize,MX24,20020411,24.716
maize,MX25,20020411,43.153
maize,MX26,20020411,41.355
maize,MX27,20020411,56.053
maize,MX28,20020411,31.471
maize,MX29,20020411,15.712
maize,MX30,20020411,30.079
maize,MX31,20020411,56.521
maize,MX32,20020411,18.209
maize,MX01,20020421,21.616
maize,MX02,20020421,47.622
maize,MX03,20020421,19.056
maize,MX04,20020421,56.087
maize,MX05,20020421,23.47
maize,MX06,20020421,30.475
maize,MX07,20020421,35.391
maize,MX08,20020421,15.776
maize,MX09,20020421,19.281
maize,MX10,20020421,18.916
maize,MX11,20020421,30.515
maize,MX12,20020421,25.034
maize,MX13,20020421,29.469
maize,MX14,20020421,22.111
maize,MX15,20020421,22.679
maize,MX16,20020421,27.613
maize,MX17,20020421,21.337
maize,MX18,20020421,29.072
maize,MX19,20020421,24.058
maize,MX20,20020421,30.238
maize,MX21,20020421,19.222
maize,MX22,20020421,29.758
maize,MX23,20020421,79.074
maize,MX24,20020421,24.791
maize,MX25,20020421,40.943
maize,MX26,20020421,35.279
maize,MX27,20020421,55.551
maize,MX28,20020421,32.849
maize,MX29,20020421,15.838
maize,MX30,20020421,30.327
maize,MX31,20020421,55.276
maize,MX32,20020421,18.468
maize,MX01,20020501,21.666
maize,MX02,20020501,43.899
maize,MX03,20020501,18.616
maize,MX04,20020501,55.62
maize,MX05,20020501,23.771
maize,MX06,20020501,29.893
maize,MX07,20020501,36.393
maize,MX08,20020501,16.534
maize,MX09,20020501,20.447
maize,MX10,20020501,19.278
maize,MX11,20020501,28.365
maize,MX12,20020501,26.185
maize,MX13,20020501,30.284
maize,MX14,20020501,22.27
maize,MX15,20020501,23.889
maize,MX16,20020501,27.162
maize,MX17,20020501,22.322
maize,MX18,20020501,28.32
maize,MX19,20020501,24.318
maize,MX20,20020501,31.098
maize,MX21,20020501,20.018
maize,MX22,20020501,29.949
maize,MX23,20020501,78.696
maize,MX24,20020501,25.203
maize,MX25,20020501,38.58
maize,MX26,20020501,29.733
maize,MX27,20020501,55.366
maize,MX28,20020501,33.854
maize,MX29,20020501,16.248
maize,MX30,20020501,31.395
maize,MX31,20020501,55.132
maize,MX32,20020501,18.789
maize,MX01,20020511,22.1
maize,MX02,20020511,39.797
maize,MX03,20020511,18.309
maize,MX04,20020511,56.405
maize,MX05,20020511,24.005
maize,MX06,20020511,30.159
maize,MX07,20020511,38.065
maize,MX08,20020511,17.419
maize,MX09,20020511,21.971
maize,MX10,20020511,19.667
maize,MX11,20020511,27.554
maize,MX12,20020511,28.529
maize,MX13,20020511,31.382
maize,MX14,20020511,23.359
maize,MX15,20020511,25.756
maize,MX16,20020511,28.145
maize,MX17,20020511,24.421
maize,MX18,20020511,27.963
maize,MX19,20020511,24.731
maize,MX20,20020511,33.036
maize,MX21,20020511,21.524
maize,MX22,20020511,30.839
maize,MX23,20020511,78.718
maize,MX24,20020511,26.065
maize,MX25,20020511,35.941
maize,MX26,20020511,25.187
maize,MX27,20020511,55.419
maize,MX28,20020511,34.57
maize,MX29,20020511,17.192
maize,MX30,20020511,33.455
maize,MX31,20020511,56.335
maize,MX32,20020511,19.463
maize,MX01,20020521,23.064
maize,MX02,20020521,36.134
maize,MX03,20020521,18.031
maize,MX04,20020521,58.574
maize,MX05,20020521,24.32
maize,MX06,20020521,31.787
maize,MX07,20020521,40.674
maize,MX08,20020521,18.519
maize,MX09,20020521,23.629
maize,MX10,20020521,20.225
maize,MX11,20020521,28.651
maize,MX12,20020521,32.421
maize,MX13,20020521,32.821
maize,MX14,20020521,25.793
maize,MX15,20020521,28.538
maize,MX16,20020521,31.022
maize,MX17,20020521,27.979
maize,MX18,20020521,28.406
maize,MX19,20020521,25.676
maize,MX20,20020521,36.465
maize,MX21,20020521,24.066
maize,MX22,20020521,32.668
maize,MX23,20020521,79.047
maize,MX24,20020521,27.772
maize,MX25,20020521,33.189
maize,MX26,20020521,22.12
maize,MX27,20020521,56.352
maize,MX28,20020521,35.522
maize,MX29,20020521,19.093
maize,MX30,20020521,37.065
maize,MX31,20020521,59.05
maize,MX32,20020521,20.716
maize,MX01,20020601,25.073
maize,MX02,20020601,33.088
maize,MX03,20020601,17.717
maize,MX04,20020601,61.775
maize,MX05,20020601,24.656
maize,MX06,20020601,35.416
maize,MX07,20020601,44.53
maize,MX08,20020601,20.087
maize,MX09,20020601,26.012
maize,MX10,20020601,21.444
maize,MX11,20020601,32.047
maize,MX12,20020601,38.386
maize,MX13,20020601,34.891
maize,MX14,20020601,30.384
maize,MX15,20020601,32.746
maize,MX16,20020601,36.381
maize,MX17,20020601,33.539
maize,MX18,20020601,30.246
maize,MX19,20020601,27.329
maize,MX20,20020601,41.595
maize,MX21,20020601,28.164
maize,MX22,20020601,35.607
maize,MX23,20020601,79.84
maize,MX24,20020601,30.571
maize,MX25,20020601,30.376
maize,MX26,20020601,20.234
maize,MX27,20020601,57.899
maize,MX28,20020601,36.899
maize,MX29,20020601,22.599
maize,MX30,20020601,42.385
maize,MX31,20020601,63.266
maize,MX32,20020601,23.17
maize,MX01,20020611,27.996
maize,MX02,20020611,31.388
maize,MX03,20020611,17.269
maize,MX04,20020611,64.993
maize,MX05,20020611,24.993
maize,MX06,20020611,40.528
maize,MX07,20020611,48.674
maize,MX08,20020611,21.967
maize,MX09,20020611,28.873
maize,MX10,20020611,23.329
maize,MX11,20020611,36.982
maize,MX12,20020611,45.042
maize,MX13,20020611,37.207
maize,MX14,20020611,36.386
maize,MX15,20020611,37.654
maize,MX16,20020611,42.988
maize,MX17,20020611,39.683
maize,MX18,20020611,33.405
maize,MX19,20020611,29.47
maize,MX20,20020611,47.101
maize,MX21,20020611,32.991
maize,MX22,20020611,39.044
maize,MX23,20020611,80.645
maize,MX24,20020611,33.825
maize,MX25,20020611,28.257
maize,MX26,20020611,19.648
maize,MX27,20020611,59.364
maize,MX28,20020611,38.63
maize,MX29,20020611,27.342
maize,MX30,20020611,48.129
maize,MX31,20020611,67.417
maize,MX32,20020611,26.6
maize,MX01,20020621,31.775
maize,MX02,20020621,30.322
maize,MX03,20020621,16.708
maize,MX04,20020621,67.817
maize,MX05,20020621,25.358
maize,MX06,20020621,46.781
maize,MX07,20020621,52.738
maize,MX08,20020621,24.4
maize,MX09,20020621,32.16
maize,MX10,20020621,25.923
maize,MX11,20020621,43.01
maize,MX12,20020621,52.067
maize,MX13,20020621,39.662
maize,MX14,20020621,43.448
maize,MX15,20020621,43.143
maize,MX16,20020621,50.182
maize,MX17,20020621,45.91
maize,MX18,20020621,37.627
maize,MX19,20020621,32.097
maize,MX20,20020621,52.494
maize,MX21,20020621,38.269
maize,MX22,20020621,42.698
maize,MX23,20020621,81.626
maize,MX24,20020621,37.345
maize,MX25,20020621,26.622
maize,MX26,20020621,19.972
maize,MX27,20020621,60.349
maize,MX28,20020621,40.593
maize,MX29,20020621,33.272
maize,MX30,20020621,53.845
maize,MX31,20020621,70.965
maize,MX32,20020621,30.932
maize,MX01,20020701,36.556
maize,MX02,20020701,29.74
maize,MX03,20020701,16.118
maize,MX04,20020701,70.243
maize,MX05,20020701,26.092
maize,MX06,20020701,53.644
maize,MX07,20020701,56.629
maize,MX08,20020701,27.708
maize,MX09,20020701,35.937
maize,MX10,20020701,29.627
maize,MX11,20020701,49.643
maize,MX12,20020701,58.775
maize,MX13,20020701,42.331
maize,MX14,20020701,51.14
maize,MX15,20020701,48.924
maize,MX16,20020701,57.378
maize,MX17,20020701,51.646
maize,MX18,20020701,42.969
maize,MX19,20020701,34.937
maize,MX20,20020701,56.932
maize,MX21,20020701,43.547
maize,MX22,20020701,46.566
maize,MX23,20020701,82.557
maize,MX24,20020701,40.802
maize,MX25,20020701,25.935
maize,MX26,20020701,21.444
maize,MX27,20020701,61.146
maize,MX28,20020701,42.51
maize,MX29,20020701,40.074
maize,MX30,20020701,58.604
maize,MX31,20020701,73.974
maize,MX32,20020701,36.175
maize,MX01,20020711,41.904
maize,MX02,20020711,29.201
maize,MX03,20020711,15.515
maize,MX04,20020711,72.129
maize,MX05,20020711,27.188
maize,MX06,20020711,59.834
maize,MX07,20020711,59.867
maize,MX08,20020711,31.954
maize,MX09,20020711,39.504
maize,MX10,20020711,34.509
maize,MX11,20020711,56.05
maize,MX12,20020711,64.272
maize,MX13,20020711,44.894
maize,MX14,20020711,58.532
maize,MX15,20020711,54.126
maize,MX16,20020711,63.512
maize,MX17,20020711,56.238
maize,MX18,20020711,48.844
maize,MX19,20020711,37.617
maize,MX20,20020711,59.644
maize,MX21,20020711,47.965
maize,MX22,20020711,50.289
maize,MX23,20020711,83.253
maize,MX24,20020711,43.756
maize,MX25,20020711,26.193
maize,MX26,20020711,23.936
maize,MX27,20020711,61.573
maize,MX28,20020711,44.008
maize,MX29,20020711,46.752
maize,MX30,20020711,61.752
maize,MX31,20020711,75.758
maize,MX32,20020711,41.859
maize,MX01,20020721,47.226
maize,MX02,20020721,28.45
maize,MX03,20020721,14.966
maize,MX04,20020721,73.529
maize,MX05,20020721,28.484
maize,MX06,20020721,64.704
maize,MX07,20020721,62.453
maize,MX08,20020721,37.042
maize,MX09,20020721,42.408
maize,MX10,20020721,40.306
maize,MX11,20020721,61.538
maize,MX12,20020721,68.391
maize,MX13,20020721,47.008
maize,MX14,20020721,64.999
maize,MX15,20020721,58.253
maize,MX16,20020721,68.168
maize,MX17,20020721,59.533
maize,MX18,20020721,54.864
maize,MX19,20020721,39.416
maize,MX20,20020721,60.787
maize,MX21,20020721,51.181
maize,MX22,20020721,53.38
maize,MX23,20020721,83.821
maize,MX24,20020721,45.911
maize,MX25,20020721,27.429
maize,MX26,20020721,27.151
maize,MX27,20020721,61.567
maize,MX28,20020721,44.557
maize,MX29,20020721,52.458
maize,MX30,20020721,63.335
maize,MX31,20020721,76.644
maize,MX32,20020721,47.477
maize,MX01,20020801,52.234
maize,MX02,20020801,27.405
maize,MX03,20020801,14.702
maize,MX04,20020801,74.49
maize,MX05,20020801,29.97
maize,MX06,20020801,68.206
maize,MX07,20020801,64.5
maize,MX08,20020801,42.901
maize,MX09,20020801,44.853
maize,MX10,20020801,46.92
maize,MX11,20020801,65.922
maize,MX12,20020801,71.332
maize,MX13,20020801,48.643
maize,MX14,20020801,70.28
maize,MX15,20020801,61.282
maize,MX16,20020801,71.276
maize,MX17,20020801,61.596
maize,MX18,20020801,60.909
maize,MX19,20020801,40.004
maize,MX20,20020801,60.89
maize,MX21,20020801,53.186
maize,MX22,20020801,55.733
maize,MX23,20020801,84.324
maize,MX24,20020801,47.469
maize,MX25,20020801,29.617
maize,MX26,20020801,30.807
maize,MX27,20020801,61.4
maize,MX28,20020801,44.205
maize,MX29,20020801,56.724
maize,MX30,20020801,63.801
maize,MX31,20020801,76.771
maize,MX32,20020801,52.91
maize,MX01,20020811,55.743
maize,MX02,20020811,26.471
maize,MX03,20020811,14.78
maize,MX04,20020811,75.177
maize,MX05,20020811,31.077
maize,MX06,20020811,70.209
maize,MX07,20020811,65.762
maize,MX08,20020811,47.259
maize,MX09,20020811,46.821
maize,MX10,20020811,52.169
maize,MX11,20020811,68.259
maize,MX12,20020811,72.824
maize,MX13,20020811,49.767
maize,MX14,20020811,73.222
maize,MX15,20020811,62.872
maize,MX16,20020811,72.402
maize,MX17,20020811,62.727
maize,MX18,20020811,65.432
maize,MX19,20020811,39.805
maize,MX20,20020811,60.587
maize,MX21,20020811,54.193
maize,MX22,20020811,56.849
maize,MX23,20020811,84.571
maize,MX24,20020811,48.501
maize,MX25,20020811,31.59
maize,MX26,20020811,33.272
maize,MX27,20020811,61.195
maize,MX28,20020811,43.707
maize,MX29,20020811,58.797
maize,MX30,20020811,63.673
maize,MX31,20020811,76.733
maize,MX32,20020811,56.852
maize,MX01,20020821,57.804
maize,MX02,20020821,25.886
maize,MX03,20020821,15.213
maize,MX04,20020821,75.842
maize,MX05,20020821,32.088
maize,MX06,20020821,71.547
maize,MX07,20020821,66.727
maize,MX08,20020821,49.317
maize,MX09,20020821,49.153
maize,MX10,20020821,55.493
maize,MX11,20020821,68.907
maize,MX12,20020821,73.405
maize,MX13,20020821,50.781
maize,MX14,20020821,74.207
maize,MX15,20020821,63.663
maize,MX16,20020821,72.229
maize,MX17,20020821,63.588
maize,MX18,20020821,68.473
maize,MX19,20020821,39.793
maize,MX20,20020821,60.489
maize,MX21,20020821,54.982
maize,MX22,20020821,57.022
maize,MX23,20020821,84.584
maize,MX24,20020821,49.657
maize,MX25,20020821,32.905
maize,MX26,20020821,34.324
maize,MX27,20020821,61.299
maize,MX28,20020821,43.92
maize,MX29,20020821,59.382
maize,MX30,20020821,63.607
maize,MX31,20020821,76.657
maize,MX32,20020821,59.379
maize,MX01,20020901,58.367
maize,MX02,20020901,25.603
maize,MX03,20020901,16.038
maize,MX04,20020901,76.583
maize,MX05,20020901,33.047
maize,MX06,20020901,72.623
maize,MX07,20020901,67.78
maize,MX08,20020901,48.066
maize,MX09,20020901,51.306
maize,MX10,20020901,56.617
maize,MX11,20020901,67.998
maize,MX12,20020901,73.461
maize,MX13,20020901,51.962
maize,MX14,20020901,73.357
maize,MX15,20020901,63.806
maize,MX16,20020901,70.953
maize,MX17,20020901,64.852
maize,MX18,20020901,70.273
maize,MX19,20020901,40.683
maize,MX20,20020901,60.987
maize,MX21,20020901,56.288
maize,MX22,20020901,56.581
maize,MX23,20020901,84.649
maize,MX24,20020901,51.237
maize,MX25,20020901,33.629
maize,MX26,20020901,34.117
maize,MX27,20020901,61.751
maize,MX28,20020901,45.398
maize,MX29,20020901,58.965
maize,MX30,20020901,63.958
maize,MX31,20020901,76.879
maize,MX32,20020901,60.518
maize,MX01,20020911,57.58
maize,MX02,20020911,25.815
maize,MX03,20020911,17.293
maize,MX04,20020911,77.113
maize,MX05,20020911,33.724
maize,MX06,20020911,73.416
maize,MX07,20020911,68.77
maize,MX08,20020911,44.323
maize,MX09,20020911,53.023
maize,MX10,20020911,55.555
maize,MX11,20020911,65.975
maize,MX12,20020911,73.223
maize,MX13,20020911,52.893
maize,MX14,20020911,71.299
maize,MX15,20020911,63.262
maize,MX16,20020911,69.127
maize,MX17,20020911,66.514
maize,MX18,20020911,70.626
maize,MX19,20020911,42.307
maize,MX20,20020911,62.09
maize,MX21,20020911,57.864
maize,MX22,20020911,55.618
maize,MX23,20020911,84.771
maize,MX24,20020911,52.934
maize,MX25,20020911,33.842
maize,MX26,20020911,33.22
maize,MX27,20020911,62.27
maize,MX28,20020911,47.749
maize,MX29,20020911,57.774
maize,MX30,20020911,64.797
maize,MX31,20020911,77.255
maize,MX32,20020911,60.024
maize,MX01,20020921,55.14
maize,MX02,20020921,26.199
maize,MX03,20020921,18.859
maize,MX04,20020921,77.054
maize,MX05,20020921,34.047
maize,MX06,20020921,73.973
maize,MX07,20020921,69.392
maize,MX08,20020921,39.298
maize,MX09,20020921,53.893
maize,MX10,20020921,52.71
maize,MX11,20020921,62.849
maize,MX12,20020921,72.385
maize,MX13,20020921,53.212
maize,MX14,20020921,68.156
maize,MX15,20020921,61.827
maize,MX16,20020921,66.57
maize,MX17,20020921,67.875
maize,MX18,20020921,69.714
maize,MX19,20020921,44.148
maize,MX20,20020921,63.258
maize,MX21,20020921,58.922
maize,MX22,20020921,54.049
maize,MX23,20020921,85.009
maize,MX24,20020921,54.236
maize,MX25,20020921,33.708
maize,MX26,20020921,32.174
maize,MX27,20020921,62.712
maize,MX28,20020921,50.279
maize,MX29,20020921,55.592
maize,MX30,20020921,65.782
maize,MX31,20020921,77.5
maize,MX32,20020921,57.891
maize,MX01,20021001,51.363
maize,MX02,20021001,26.826
maize,MX03,20021001,20.323
maize,MX04,20021001,76.91
maize,MX05,20021001,33.954
maize,MX06,20021001,74.189
maize,MX07,20021001,69.399
maize,MX08,20021001,34.057
maize,MX09,20021001,53.49
maize,MX10,20021001,48.234
maize,MX11,20021001,58.749
maize,MX12,20021001,70.841
maize,MX13,20021001,52.431
maize,MX14,20021001,64.107
maize,MX15,20021001,59.363
maize,MX16,20021001,63.306
maize,MX17,20021001,68.061
maize,MX18,20021001,67.599
maize,MX19,20021001,45.437
maize,MX20,20021001,63.934
maize,MX21,20021001,58.609
maize,MX22,20021001,51.631
maize,MX23,20021001,85.315
maize,MX24,20021001,54.63
maize,MX25,20021001,33.18
maize,MX26,20021001,31.262
maize,MX27,20021001,63.404
maize,MX28,20021001,52.19
maize,MX29,20021001,52.333
maize,MX30,20021001,66.682
maize,MX31,20021001,77.956
maize,MX32,20021001,54.204
maize,MX01,20021011,46.82
maize,MX02,20021011,27.52
maize,MX03,20021011,21.285
maize,MX04,20021011,76.77
maize,MX05,20021011,33.709
maize,MX06,20021011,73.878
maize,MX07,20021011,68.612
maize,MX08,20021011,29.307
maize,MX09,20021011,51.197
maize,MX10,20021011,42.789
maize,MX11,20021011,53.79
maize,MX12,20021011,68.388
maize,MX13,20021011,50.574
maize,MX14,20021011,59.37
maize,MX15,20021011,55.818
maize,MX16,20021011,59.302
maize,MX17,20021011,66.354
maize,MX18,20021011,64.684
maize,MX19,20021011,45.924
maize,MX20,20021011,63.565
maize,MX21,20021011,56.284
maize,MX22,20021011,48.485
maize,MX23,20021011,85.609
maize,MX24,20021011,54.051
maize,MX25,20021011,32.167
maize,MX26,20021011,30.446
maize,MX27,20021011,63.919
maize,MX28,20021011,53.032
maize,MX29,20021011,48.034
maize,MX30,20021011,67.253
maize,MX31,20021011,78.629
maize,MX32,20021011,49.421
maize,MX01,20021021,42.035
maize,MX02,20021021,28.389
maize,MX03,20021021,21.751
maize,MX04,20021021,76.525
maize,MX05,20021021,33.386
maize,MX06,20021021,72.874
maize,MX07,20021021,67.087
maize,MX08,20021021,25.369
maize,MX09,20021021,47.653
maize,MX10,20021021,37.133
maize,MX11,20021021,48.324
maize,MX12,20021021,65.193
maize,MX13,20021021,47.953
maize,MX14,20021021,54.3
maize,MX15,20021021,51.402
maize,MX16,20021021,54.582
maize,MX17,20021021,62.841
maize,MX18,20021021,61.363
maize,MX19,20021021,45.602
maize,MX20,20021021,62.124
maize,MX21,20021021,52.246
maize,MX22,20021021,44.938
maize,MX23,20021021,85.973
maize,MX24,20021021,52.649
maize,MX25,20021021,31.177
maize,MX26,20021021,29.888
maize,MX27,20021021,64.423
maize,MX28,20021021,52.825
maize,MX29,20021021,43.246
maize,MX30,20021021,67.37
maize,MX31,20021021,79.193
maize,MX32,20021021,44.121
maize,MX01,20021101,37.031
maize,MX02,20021101,29.384
maize,MX03,20021101,22.037
maize,MX04,20021101,76.201
maize,MX05,20021101,32.768
maize,MX06,20021101,71.015
maize,MX07,20021101,64.796
maize,MX08,20021101,22.124
maize,MX09,20021101,42.61
maize,MX10,20021101,31.397
maize,MX11,20021101,42.13
maize,MX12,20021101,61.207
maize,MX13,20021101,44.479
maize,MX14,20021101,48.835
maize,MX15,20021101,46.079
maize,MX16,20021101,49.035
maize,MX17,20021101,57.58
maize,MX18,20021101,57.939
maize,MX19,20021101,44.433
maize,MX20,20021101,59.892
maize,MX21,20021101,46.6
maize,MX22,20021101,40.887
maize,MX23,20021101,86.312
maize,MX24,20021101,50.437
maize,MX25,20021101,31.009
maize,MX26,20021101,29.619
maize,MX27,20021101,64.522
maize,MX28,20021101,51.697
maize,MX29,20021101,37.825
maize,MX30,20021101,66.933
maize,MX31,20021101,79.653
maize,MX32,20021101,38.406
maize,MX01,20021111,32.878
maize,MX02,20021111,30.136
maize,MX03,20021111,22.123
maize,MX04,20021111,75.825
maize,MX05,20021111,31.67
maize,MX06,20021111,68.8
maize,MX07,20021111,62.142
maize,MX08,20021111,19.973
maize,MX09,20021111,37.073
maize,MX10,20021111,26.787
maize,MX11,20021111,36.702
maize,MX12,20021111,57.315
maize,MX13,20021111,40.774
maize,MX14,20021111,44.145
maize,MX15,20021111,40.945
maize,MX16,20021111,44.014
maize,MX17,20021111,52.358
maize,MX18,20021111,55.208
maize,MX19,20021111,42.711
maize,MX20,20021111,57.538
maize,MX21,20021111,41.035
maize,MX22,20021111,37.049
maize,MX23,20021111,86.477
maize,MX24,20021111,47.984
maize,MX25,20021111,32.132
maize,MX26,20021111,29.738
maize,MX27,20021111,64.116
maize,MX28,20021111,50.087
maize,MX29,20021111,32.828
maize,MX30,20021111,65.874
maize,MX31,20021111,79.767
maize,MX32,20021111,33.565
maize,MX01,20021121,29.496
maize,MX02,20021121,30.956
maize,MX03,20021121,22.222
maize,MX04,20021121,75.319
maize,MX05,20021121,30.24
maize,MX06,20021121,66.096
maize,MX07,20021121,58.984
maize,MX08,20021121,18.47
maize,MX09,20021121,31.065
maize,MX10,20021121,22.901
maize,MX11,20021121,31.846
maize,MX12,20021121,53.14
maize,MX13,20021121,36.874
maize,MX14,20021121,40.026
maize,MX15,20021121,35.798
maize,MX16,20021121,39.325
maize,MX17,20021121,47.162
maize,MX18,20021121,52.951
maize,MX19,20021121,40.603
maize,MX20,20021121,54.786
maize,MX21,20021121,35.61
maize,MX22,20021121,33.374
maize,MX23,20021121,86.429
maize,MX24,20021121,45.24
maize,MX25,20021121,34.483
maize,MX26,20021121,30.45
maize,MX27,20021121,63.274
maize,MX28,20021121,48.062
maize,MX29,20021121,28.028
maize,MX30,20021121,63.83
maize,MX31,20021121,79.398
maize,MX32,20021121,29.337
maize,MX01,20021201,27.087
maize,MX02,20021201,31.986
maize,MX03,20021201,22.366
maize,MX04,20021201,74.674
maize,MX05,20021201,28.778
maize,MX06,20021201,62.956
maize,MX07,20021201,55.595
maize,MX08,20021201,17.346
maize,MX09,20021201,25.375
maize,MX10,20021201,19.883
maize,MX11,20021201,28.088
maize,MX12,20021201,48.878
maize,MX13,20021201,33.52
maize,MX14,20021201,36.637
maize,MX15,20021201,31.331
maize,MX16,20021201,35.363
maize,MX17,20021201,42.521
maize,MX18,20021201,51.297
maize,MX19,20021201,38.497
maize,MX20,20021201,52.073
maize,MX21,20021201,31.118
maize,MX22,20021201,30.489
maize,MX23,20021201,86.235
maize,MX24,20021201,42.475
maize,MX25,20021201,37.816
maize,MX26,20021201,31.925
maize,MX27,20021201,62.515
maize,MX28,20021201,45.827
maize,MX29,20021201,24.051
maize,MX30,20021201,61.163
maize,MX31,20021201,78.638
maize,MX32,20021201,26.068
maize,MX01,20021211,25.431
maize,MX02,20021211,33.351
maize,MX03,20021211,22.605
maize,MX04,20021211,73.937
maize,MX05,20021211,27.548
maize,MX06,20021211,59.509
maize,MX07,20021211,52.154
maize,MX08,20021211,16.513
maize,MX09,20021211,21.171
maize,MX10,20021211,17.855
maize,MX11,20021211,25.773
maize,MX12,20021211,44.853
maize,MX13,20021211,31.244
maize,MX14,20021211,33.925
maize,MX15,20021211,28.006
maize,MX16,20021211,32.385
maize,MX17,20021211,38.698
maize,MX18,20021211,50.102
maize,MX19,20021211,36.68
maize,MX20,20021211,49.573
maize,MX21,20021211,27.917
maize,MX22,20021211,28.732
maize,MX23,20021211,85.999
maize,MX24,20021211,39.972
maize,MX25,20021211,41.488
maize,MX26,20021211,34.381
maize,MX27,20021211,62.047
maize,MX28,20021211,43.554
maize,MX29,20021211,21.219
maize,MX30,20021211,58.151
maize,MX31,20021211,77.62
maize,MX32,20021211,23.739
maize,MX01,20021221,24.341
maize,MX02,20021221,35.277
maize,MX03,20021221,22.859
maize,MX04,20021221,73.074
maize,MX05,20021221,26.417
maize,MX06,20021221,55.968
maize,MX07,20021221,48.866
maize,MX08,20021221,15.89
maize,MX09,20021221,18.436
maize,MX10,20021221,16.688
maize,MX11,20021221,25.039
maize,MX12,20021221,41.328
maize,MX13,20021221,29.917
maize,MX14,20021221,31.911
maize,MX15,20021221,25.891
maize,MX16,20021221,30.608
maize,MX17,20021221,35.658
maize,MX18,20021221,49.226
maize,MX19,20021221,35.021
maize,MX20,20021221,47.49
maize,MX21,20021221,25.916
maize,MX22,20021221,27.974
maize,MX23,20021221,85.798
maize,MX24,20021221,37.663
maize,MX25,20021221,44.989
maize,MX26,20021221,37.827
maize,MX27,20021221,61.608
maize,MX28,20021221,41.217
maize,MX29,20021221,19.524
maize,MX30,20021221,55.061
maize,MX31,20021221,76.343
maize,MX32,20021221,22.228
maize,MX01,20030101,23.663
maize,MX02,20030101,38.594
maize,MX03,20030101,23.266
maize,MX04,20030101,71.764
maize,MX05,20030101,25.612
maize,MX06,20030101,52.36
maize,MX07,20030101,45.672
maize,MX08,20030101,15.452
maize,MX09,20030101,16.908
maize,MX10,20030101,16.146
maize,MX11,20030101,26.179
maize,MX12,20030101,38.275
maize,MX13,20030101,29.254
maize,MX14,20030101,30.432
maize,MX15,20030101,24.593
maize,MX16,20030101,30.089
maize,MX17,20030101,33.042
maize,MX18,20030101,48.491
maize,MX19,20030101,33.404
maize,MX20,20030101,45.875
maize,MX21,20030101,24.6
maize,MX22,20030101,28.074
maize,MX23,20030101,85.264
maize,MX24,20030101,35.426
maize,MX25,20030101,48.422
maize,MX26,20030101,42.751
maize,MX27,20030101,60.878
maize,MX28,20030101,38.719
maize,MX29,20030101,18.579
maize,MX30,20030101,52.078
maize,MX31,20030101,74.551
maize,MX32,20030101,21.201
maize,MX01,20030111,23.5
maize,MX02,20030111,42.754
maize,MX03,20030111,23.69
maize,MX04,20030111,70.325
maize,MX05,20030111,25.468
maize,MX06,20030111,49.445
maize,MX07,20030111,43.232
maize,MX08,20030111,15.251
maize,MX09,20030111,16.317
maize,MX10,20030111,16.177
maize,MX11,20030111,28.988
maize,MX12,20030111,36.157
maize,MX13,20030111,29.194
maize,MX14,20030111,29.707
maize,MX15,20030111,23.935
maize,MX16,20030111,30.837
maize,MX17,20030111,31.103
maize,MX18,20030111,47.845
maize,MX19,20030111,32.24
maize,MX20,20030111,45.096
maize,MX21,20030111,23.854
maize,MX22,20030111,28.88
maize,MX23,20030111,84.88
maize,MX24,20030111,33.84
maize,MX25,20030111,50.884
maize,MX26,20030111,47.492
maize,MX27,20030111,60.258
maize,MX28,20030111,36.747
maize,MX29,20030111,18.167
maize,MX30,20030111,50.023
maize,MX31,20030111,72.652
maize,MX32,20030111,20.621
maize,MX01,20030121,23.519
maize,MX02,20030121,47.579
maize,MX03,20030121,24.04
maize,MX04,20030121,68.334
maize,MX05,20030121,25.869
maize,MX06,20030121,46.79
maize,MX07,20030121,41.216
maize,MX08,20030121,15.165
maize,MX09,20030121,16.312
maize,MX10,20030121,16.562
maize,MX11,20030121,33.052
maize,MX12,20030121,34.565
maize,MX13,20030121,29.51
maize,MX14,20030121,29.379
maize,MX15,20030121,23.432
maize,MX16,20030121,32.477
maize,MX17,20030121,29.474
maize,MX18,20030121,46.74
maize,MX19,20030121,31.576
maize,MX20,20030121,44.547
maize,MX21,20030121,23.275
maize,MX22,20030121,30.127
maize,MX23,20030121,84.408
maize,MX24,20030121,32.709
maize,MX25,20030121,52.44
maize,MX26,20030121,51.569
maize,MX27,20030121,59.111
maize,MX28,20030121,35.187
maize,MX29,20030121,17.906
maize,MX30,20030121,48.286
maize,MX31,20030121,70.451
maize,MX32,20030121,20.175
maize,MX01,20030201,23.549
maize,MX02,20030201,52.989
maize,MX03,20030201,24.294
maize,MX04,20030201,65.508
maize,MX05,20030201,26.738
maize,MX06,20030201,43.932
maize,MX07,20030201,39.422
maize,MX08,20030201,15.158
maize,MX09,20030201,16.386
maize,MX10,20030201,17.202
maize,MX11,20030201,37.935
maize,MX12,20030201,33.061
maize,MX13,20030201,29.939
maize,MX14,20030201,29.194
maize,MX15,20030201,22.905
maize,MX16,20030201,34.64
maize,MX17,20030201,27.839
maize,MX18,20030201,44.755
maize,MX19,20030201,31.438
maize,MX20,20030201,43.738
maize,MX21,20030201,22.629
maize,MX22,20030201,31.65
maize,MX23,20030201,83.734
maize,MX24,20030201,31.901
maize,MX25,20030201,53.25
maize,MX26,20030201,54.564
maize,MX27,20030201,57.635
maize,MX28,20030201,34.046
maize,MX29,20030201,17.611
maize,MX30,20030201,46.27
maize,MX31,20030201,67.712
maize,MX32,20030201,19.718
maize,MX01,20030211,23.411
maize,MX02,20030211,57.568
maize,MX03,20030211,24.29
maize,MX04,20030211,62.643
maize,MX05,20030211,27.657
maize,MX06,20030211,41.408
maize,MX07,20030211,38.033
maize,MX08,20030211,15.201
maize,MX09,20030211,16.143
maize,MX10,20030211,17.798
maize,MX11,20030211,41.539
maize,MX12,20030211,31.679
maize,MX13,20030211,29.913
maize,MX14,20030211,28.926
maize,MX15,20030211,22.22
maize,MX16,20030211,36.208
maize,MX17,20030211,26.409
maize,MX18,20030211,42.312
maize,MX19,20030211,31.679
maize,MX20,20030211,42.57
maize,MX21,20030211,21.864
maize,MX22,20030211,32.594
maize,MX23,20030211,83.035
maize,MX24,20030211,31.322
maize,MX25,20030211,53.245
maize,MX26,20030211,55.853
maize,MX27,20030211,55.785
maize,MX28,20030211,33.51
maize,MX29,20030211,17.196
maize,MX30,20030211,44.109
maize,MX31,20030211,65.036
maize,MX32,20030211,19.295
maize,MX01,20030221,22.883
maize,MX02,20030221,61.274
maize,MX03,20030221,23.96
maize,MX04,20030221,59.839
maize,MX05,20030221,28.355
maize,MX06,20030221,38.82
maize,MX07,20030221,36.894
maize,MX08,20030221,15.269
maize,MX09,20030221,15.84
maize,MX10,20030221,18.168
maize,MX11,20030221,43.452
maize,MX12,20030221,30.155
maize,MX13,20030221,29.491
maize,MX14,20030221,28.287
maize,MX15,20030221,21.389
maize,MX16,20030221,36.735
maize,MX17,20030221,25.065
maize,MX18,20030221,39.4
maize,MX19,20030221,31.948
maize,MX20,20030221,40.953
maize,MX21,20030221,21.052
maize,MX22,20030221,32.718
maize,MX23,20030221,82.296
maize,MX24,20030221,30.645
maize,MX25,20030221,52.41
maize,MX26,20030221,55.668
maize,MX27,20030221,53.481
maize,MX28,20030221,33.472
maize,MX29,20030221,16.789
maize,MX30,20030221,41.617
maize,MX31,20030221,62.372
maize,MX32,20030221,18.855
maize,MX01,20030301,22.289
maize,MX02,20030301,63.193
maize,MX03,20030301,23.432
maize,MX04,20030301,57.953
maize,MX05,20030301,28.5
maize,MX06,20030301,36.919
maize,MX07,20030301,36.333
maize,MX08,20030301,15.31
maize,MX09,20030301,15.501
maize,MX10,20030301,18.343
maize,MX11,20030301,43.738
maize,MX12,20030301,29.009
maize,MX13,20030301,28.94
maize,MX14,20030301,27.565
maize,MX15,20030301,20.743
maize,MX16,20030301,36.468
maize,MX17,20030301,24.15
maize,MX18,20030301,36.956
maize,MX19,20030301,32.116
maize,MX20,20030301,39.509
maize,MX21,20030301,20.416
maize,MX22,20030301,32.265
maize,MX23,20030301,81.725
maize,MX24,20030301,30.043
maize,MX25,20030301,51.225
maize,MX26,20030301,54.408
maize,MX27,20030301,51.371
maize,MX28,20030301,33.821
maize,MX29,20030301,16.464
maize,MX30,20030301,39.529
maize,MX31,20030301,60.228
maize,MX32,20030301,18.515
maize,MX01,20030311,21.505
maize,MX02,20030311,63.887
maize,MX03,20030311,22.659
maize,MX04,20030311,56.539
maize,MX05,20030311,28.257
maize,MX06,20030311,34.937
maize,MX07,20030311,35.941
maize,MX08,20030311,15.363
maize,MX09,20030311,15.081
maize,MX10,20030311,18.514
maize,MX11,20030311,42.702
maize,MX12,20030311,27.84
maize,MX13,20030311,28.291
maize,MX14,20030311,26.533
maize,MX15,20030311,20.199
maize,MX16,20030311,35.436
maize,MX17,20030311,23.394
maize,MX18,20030311,34.07
maize,MX19,20030311,32.064
maize,MX20,20030311,37.732
maize,MX21,20030311,19.85
maize,MX22,20030311,31.34
maize,MX23,20030311,80.791
maize,MX24,20030311,29.282
maize,MX25,20030311,49.251
maize,MX26,20030311,51.328
maize,MX27,20030311,48.582
maize,MX28,20030311,34.782
maize,MX29,20030311,16.293
maize,MX30,20030311,37.071
maize,MX31,20030311,57.939
maize,MX32,20030311,18.147
maize,MX01,20030321,20.724
maize,MX02,20030321,62.752
maize,MX03,20030321,21.567
maize,MX04,20030321,56.438
maize,MX05,20030321,27.477
maize,MX06,20030321,33.461
maize,MX07,20030321,35.855
maize,MX08,20030321,15.441
maize,MX09,20030321,15.173
maize,MX10,20030321,18.651
maize,MX11,20030321,40.309
maize,MX12,20030321,27.0
maize,MX13,20030321,27.859
maize,MX14,20030321,25.484
maize,MX15,20030321,20.062
maize,MX16,20030321,33.839
maize,MX17,20030321,23.021
maize,MX18,20030321,31.568
maize,MX19,20030321,31.513
maize,MX20,20030321,36.19
maize,MX21,20030321,19.561
maize,MX22,20030321,30.073
maize,MX23,20030321,79.617
maize,MX24,20030321,28.51
maize,MX25,20030321,46.709
maize,MX26,20030321,46.729
maize,MX27,20030321,46.287
maize,MX28,20030321,36.169
maize,MX29,20030321,16.35
maize,MX30,20030321,35.118
maize,MX31,20030321,56.475
maize,MX32,20030321,17.91
maize,MX01,20030401,20.14
maize,MX02,20030401,59.348
maize,MX03,20030401,20.137
maize,MX04,20030401,57.477
maize,MX05,20030401,26.223
maize,MX06,20030401,32.439
maize,MX07,20030401,35.85
maize,MX08,20030401,15.691
maize,MX09,20030401,15.505
maize,MX10,20030401,18.825
maize,MX11,20030401,36.428
maize,MX12,20030401,26.435
maize,MX13,20030401,27.854
maize,MX14,20030401,24.434
maize,MX15,20030401,20.242
maize,MX16,20030401,31.574
maize,MX17,20030401,22.765
maize,MX18,20030401,29.512
maize,MX19,20030401,30.483
maize,MX20,20030401,34.842
maize,MX21,20030401,19.544
maize,MX22,20030401,28.624
maize,MX23,20030401,78.328
maize,MX24,20030401,27.719
maize,MX25,20030401,43.237
maize,MX26,20030401,40.521
maize,MX27,20030401,44.234
maize,MX28,20030401,37.806
maize,MX29,20030401,16.655
maize,MX30,20030401,33.694
maize,MX31,20030401,55.473
maize,MX32,20030401,17.782
maize,MX01,20030411,19.948
maize,MX02,20030411,54.544
maize,MX03,20030411,19.064
maize,MX04,20030411,58.987
maize,MX05,20030411,25.102
maize,MX06,20030411,31.544
maize,MX07,20030411,36.006
maize,MX08,20030411,16.064
maize,MX09,20030411,15.793
maize,MX10,20030411,19.015
maize,MX11,20030411,32.385
maize,MX12,20030411,25.953
maize,MX13,20030411,28.153
maize,MX14,20030411,23.594
maize,MX15,20030411,20.601
maize,MX16,20030411,29.335
maize,MX17,20030411,22.534
maize,MX18,20030411,28.218
maize,MX19,20030411,29.401
maize,MX20,20030411,33.935
maize,MX21,20030411,19.781
maize,MX22,20030411,27.549
maize,MX23,20030411,77.234
maize,MX24,20030411,27.111
maize,MX25,20030411,39.692
maize,MX26,20030411,34.858
maize,MX27,20030411,43.034
maize,MX28,20030411,38.98
maize,MX29,20030411,17.059
maize,MX30,20030411,33.011
maize,MX31,20030411,54.874
maize,MX32,20030411,17.764
maize,MX01,20030421,19.77
maize,MX02,20030421,48.534
maize,MX03,20030421,18.3
maize,MX04,20030421,59.89
maize,MX05,20030421,24.454
maize,MX06,20030421,30.664
maize,MX07,20030421,36.288
maize,MX08,20030421,16.547
maize,MX09,20030421,16.165
maize,MX10,20030421,19.119
maize,MX11,20030421,28.593
maize,MX12,20030421,25.662
maize,MX13,20030421,28.595
maize,MX14,20030421,22.857
maize,MX15,20030421,21.092
maize,MX16,20030421,27.339
maize,MX17,20030421,22.448
maize,MX18,20030421,27.309
maize,MX19,20030421,28.625
maize,MX20,20030421,33.423
maize,MX21,20030421,20.282
maize,MX22,20030421,26.844
maize,MX23,20030421,76.312
maize,MX24,20030421,26.645
maize,MX25,20030421,35.993
maize,MX26,20030421,29.893
maize,MX27,20030421,42.119
maize,MX28,20030421,39.633
maize,MX29,20030421,17.611
maize,MX30,20030421,32.832
maize,MX31,20030421,54.342
maize,MX32,20030421,17.728
maize,MX01,20030501,19.857
maize,MX02,20030501,42.161
maize,MX03,20030501,17.985
maize,MX04,20030501,59.961
maize,MX05,20030501,24.505
maize,MX06,20030501,29.919
maize,MX07,20030501,37.08
maize,MX08,20030501,17.116
maize,MX09,20030501,16.781
maize,MX10,20030501,19.326
maize,MX11,20030501,25.963
maize,MX12,20030501,25.826
maize,MX13,20030501,29.342
maize,MX14,20030501,22.529
maize,MX15,20030501,22.023
maize,MX16,20030501,26.1
maize,MX17,20030501,23.023
maize,MX18,20030501,26.638
maize,MX19,20030501,28.501
maize,MX20,20030501,33.55
maize,MX21,20030501,21.315
maize,MX22,20030501,26.968
maize,MX23,20030501,75.578
maize,MX24,20030501,26.601
maize,MX25,20030501,32.375
maize,MX26,20030501,26.072
maize,MX27,20030501,41.624
maize,MX28,20030501,39.858
maize,MX29,20030501,18.638
maize,MX30,20030501,33.172
maize,MX31,20030501,54.313
maize,MX32,20030501,17.964
maize,MX01,20030511,20.473
maize,MX02,20030511,36.924
maize,MX03,20030511,18.036
maize,MX04,20030511,59.859
maize,MX05,20030511,25.333
maize,MX06,20030511,29.894
maize,MX07,20030511,38.936
maize,MX08,20030511,17.828
maize,MX09,20030511,18.052
maize,MX10,20030511,19.823
maize,MX11,20030511,25.523
maize,MX12,20030511,26.98
maize,MX13,20030511,30.857
maize,MX14,20030511,23.211
maize,MX15,20030511,23.988
maize,MX16,20030511,26.463
maize,MX17,20030511,24.997
maize,MX18,20030511,26.236
maize,MX19,20030511,29.19
maize,MX20,20030511,34.858
maize,MX21,20030511,23.332
maize,MX22,20030511,28.378
maize,MX23,20030511,75.179
maize,MX24,20030511,27.246
maize,MX25,20030511,29.113
maize,MX26,20030511,23.439
maize,MX27,20030511,42.199
maize,MX28,20030511,39.818
maize,MX29,20030511,20.664
maize,MX30,20030511,34.514
maize,MX31,20030511,55.007
maize,MX32,20030511,18.752
maize,MX01,20030521,21.819
maize,MX02,20030521,33.122
maize,MX03,20030521,18.19
maize,MX04,20030521,60.755
maize,MX05,20030521,26.918
maize,MX06,20030521,31.403
maize,MX07,20030521,42.075
maize,MX08,20030521,18.846
maize,MX09,20030521,20.452
maize,MX10,20030521,20.851
maize,MX11,20030521,27.872
maize,MX12,20030521,29.807
maize,MX13,20030521,33.475
maize,MX14,20030521,25.546
maize,MX15,20030521,27.536
maize,MX16,20030521,29.099
maize,MX17,20030521,29.149
maize,MX18,20030521,26.421
maize,MX19,20030521,30.871
maize,MX20,20030521,37.769
maize,MX21,20030521,26.93
maize,MX22,20030521,31.375
maize,MX23,20030521,75.461
maize,MX24,20030521,28.884
maize,MX25,20030521,26.316
maize,MX26,20030521,21.761
maize,MX27,20030521,44.498
maize,MX28,20030521,39.864
maize,MX29,20030521,24.407
maize,MX30,20030521,37.426
maize,MX31,20030521,56.822
maize,MX32,20030521,20.537
maize,MX01,20030601,24.196
maize,MX02,20030601,30.92
maize,MX03,20030601,18.274
maize,MX04,20030601,63.073
maize,MX05,20030601,29.062
maize,MX06,20030601,35.582
maize,MX07,20030601,46.756
maize,MX08,20030601,20.471
maize,MX09,20030601,25.022
maize,MX10,20030601,23.11
maize,MX11,20030601,33.549
maize,MX12,20030601,35.206
maize,MX13,20030601,37.414
maize,MX14,20030601,30.439
maize,MX15,20030601,33.467
maize,MX16,20030601,34.82
maize,MX17,20030601,36.016
maize,MX18,20030601,27.805
maize,MX19,20030601,33.586
maize,MX20,20030601,42.664
maize,MX21,20030601,32.633
maize,MX22,20030601,36.192
maize,MX23,20030601,76.532
maize,MX24,20030601,31.681
maize,MX25,20030601,23.93
maize,MX26,20030601,20.703
maize,MX27,20030601,49.182
maize,MX28,20030601,40.311
maize,MX29,20030601,30.368
maize,MX30,20030601,42.217
maize,MX31,20030601,59.873
maize,MX32,20030601,23.893
maize,MX01,20030611,27.555
maize,MX02,20030611,30.286
maize,MX03,20030611,18.063
maize,MX04,20030611,65.979
maize,MX05,20030611,30.94
maize,MX06,20030611,41.774
maize,MX07,20030611,51.454
maize,MX08,20030611,22.433
maize,MX09,20030611,30.959
maize,MX10,20030611,26.592
maize,MX11,20030611,40.802
maize,MX12,20030611,42.038
maize,MX13,20030611,41.536
maize,MX14,20030611,37.067
maize,MX15,20030611,40.358
maize,MX16,20030611,42.191
maize,MX17,20030611,43.181
maize,MX18,20030611,30.703
maize,MX19,20030611,36.368
maize,MX20,20030611,48.135
maize,MX21,20030611,38.739
maize,MX22,20030611,41.371
maize,MX23,20030611,77.92
maize,MX24,20030611,34.844
maize,MX25,20030611,22.435
maize,MX26,20030611,20.28
maize,MX27,20030611,54.323
maize,MX28,20030611,41.187
maize,MX29,20030611,37.075
maize,MX30,20030611,47.542
maize,MX31,20030611,63.19
maize,MX32,20030611,28.444
maize,MX01,20030621,32.12
maize,MX02,20030621,30.284
maize,MX03,20030621,17.474
maize,MX04,20030621,69.025
maize,MX05,20030621,32.516
maize,MX06,20030621,49.398
maize,MX07,20030621,55.761
maize,MX08,20030621,24.823
maize,MX09,20030621,37.967
maize,MX10,20030621,31.67
maize,MX11,20030621,48.746
maize,MX12,20030621,49.644
maize,MX13,20030621,45.365
maize,MX14,20030621,45.029
maize,MX15,20030621,47.663
maize,MX16,20030621,50.504
maize,MX17,20030621,49.633
maize,MX18,20030621,35.319
maize,MX19,20030621,38.824
maize,MX20,20030621,53.465
maize,MX21,20030621,44.527
maize,MX22,20030621,46.357
maize,MX23,20030621,79.464
maize,MX24,20030621,38.122
maize,MX25,20030621,21.616
maize,MX26,20030621,20.446
maize,MX27,20030621,59.328
maize,MX28,20030621,42.401
maize,MX29,20030621,43.887
maize,MX30,20030621,52.764
maize,MX31,20030621,66.361
maize,MX32,20030621,34.122
maize,MX01,20030701,37.643
maize,MX02,20030701,30.426
maize,MX03,20030701,16.419
maize,MX04,20030701,71.792
maize,MX05,20030701,33.74
maize,MX06,20030701,56.905
maize,MX07,20030701,59.063
maize,MX08,20030701,27.467
maize,MX09,20030701,44.869
maize,MX10,20030701,37.785
maize,MX11,20030701,56.097
maize,MX12,20030701,56.865
maize,MX13,20030701,48.576
maize,MX14,20030701,53.149
maize,MX15,20030701,54.322
maize,MX16,20030701,58.322
maize,MX17,20030701,54.293
maize,MX18,20030701,41.396
maize,MX19,20030701,40.435
maize,MX20,20030701,57.67
maize,MX21,20030701,49.168
maize,MX22,20030701,50.827
maize,MX23,20030701,80.917
maize,MX24,20030701,41.168
maize,MX25,20030701,21.492
maize,MX26,20030701,21.348
maize,MX27,20030701,62.861
maize,MX28,20030701,43.675
maize,MX29,20030701,49.976
maize,MX30,20030701,57.216
maize,MX31,20030701,69.197
maize,MX32,20030701,40.196
maize,MX01,20030711,43.52
maize,MX02,20030711,30.55
maize,MX03,20030711,15.424
maize,MX04,20030711,73.953
maize,MX05,20030711,34.649
maize,MX06,20030711,62.932
maize,MX07,20030711,61.215
maize,MX08,20030711,30.185
maize,MX09,20030711,50.925
maize,MX10,20030711,44.033
maize,MX11,20030711,62.229
maize,MX12,20030711,62.988
maize,MX13,20030711,50.82
maize,MX14,20030711,60.492
maize,MX15,20030711,59.73
maize,MX16,20030711,64.751
maize,MX17,20030711,57.354
maize,MX18,20030711,48.246
maize,MX19,20030711,41.128
maize,MX20,20030711,60.134
maize,MX21,20030711,52.294
maize,MX22,20030711,54.219
maize,MX23,20030711,82.093
maize,MX24,20030711,43.909
maize,MX25,20030711,22.175
maize,MX26,20030711,23.025
maize,MX27,20030711,65.141
maize,MX28,20030711,44.778
maize,MX29,20030711,54.792
maize,MX30,20030711,60.448
maize,MX31,20030711,71.788
maize,MX32,20030711,45.994
maize,MX01,20030721,48.928
maize,MX02,20030721,30.733
maize,MX03,20030721,14.987
maize,MX04,20030721,75.76
maize,MX05,20030721,34.862
maize,MX06,20030721,66.974
maize,MX07,20030721,62.665
maize,MX08,20030721,32.923
maize,MX09,20030721,55.786
maize,MX10,20030721,49.286
maize,MX11,20030721,66.699
maize,MX12,20030721,67.887
maize,MX13,20030721,52.072
maize,MX14,20030721,66.322
maize,MX15,20030721,63.554
maize,MX16,20030721,69.343
maize,MX17,20030721,59.416
maize,MX18,20030721,54.894
maize,MX19,20030721,41.054
maize,MX20,20030721,61.113
maize,MX21,20030721,54.005
maize,MX22,20030721,56.28
maize,MX23,20030721,83.15
maize,MX24,20030721,46.15
maize,MX25,20030721,23.725
maize,MX26,20030721,25.377
maize,MX27,20030721,66.113
maize,MX28,20030721,45.429
maize,MX29,20030721,58.099
maize,MX30,20030721,62.498
maize,MX31,20030721,73.924
maize,MX32,20030721,50.917
maize,MX01,20030801,53.769
maize,MX02,20030801,30.745
maize,MX03,20030801,16.029
maize,MX04,20030801,77.329
maize,MX05,20030801,34.856
maize,MX06,20030801,69.575
maize,MX07,20030801,64.122
maize,MX08,20030801,35.89
maize,MX09,20030801,59.479
maize,MX10,20030801,53.603
maize,MX11,20030801,69.578
maize,MX12,20030801,72.139
maize,MX13,20030801,52.834
maize,MX14,20030801,70.703
maize,MX15,20030801,66.08
maize,MX16,20030801,72.204
maize,MX17,20030801,61.751
maize,MX18,20030801,61.039
maize,MX19,20030801,41.296
maize,MX20,20030801,61.305
maize,MX21,20030801,55.142
maize,MX22,20030801,57.523
maize,MX23,20030801,83.923
maize,MX24,20030801,48.081
maize,MX25,20030801,26.292
maize,MX26,20030801,28.415
maize,MX27,20030801,66.354
maize,MX28,20030801,46.186
maize,MX29,20030801,60.31
maize,MX30,20030801,63.596
maize,MX31,20030801,75.779
maize,MX32,20030801,55.198
maize,MX01,20030811,56.928
maize,MX02,20030811,30.516
maize,MX03,20030811,19.298
maize,MX04,20030811,78.505
maize,MX05,20030811,34.879
maize,MX06,20030811,70.991
maize,MX07,20030811,65.807
maize,MX08,20030811,38.376
maize,MX09,20030811,61.511
maize,MX10,20030811,56.268
maize,MX11,20030811,70.339
maize,MX12,20030811,74.889
maize,MX13,20030811,53.205
maize,MX14,20030811,72.793
maize,MX15,20030811,67.063
maize,MX16,20030811,73.017
maize,MX17,20030811,64.521
maize,MX18,20030811,65.013
maize,MX19,20030811,42.399
maize,MX20,20030811,61.544
maize,MX21,20030811,56.292
maize,MX22,20030811,58.188
maize,MX23,20030811,84.495
maize,MX24,20030811,49.676
maize,MX25,20030811,29.259
maize,MX26,20030811,31.202
maize,MX27,20030811,66.326
maize,MX28,20030811,47.601
maize,MX29,20030811,61.357
maize,MX30,20030811,64.186
maize,MX31,20030811,77.199
maize,MX32,20030811,58.039
maize,MX01,20030821,58.996
maize,MX02,20030821,30.106
maize,MX03,20030821,25.335
maize,MX04,20030821,79.393
maize,MX05,20030821,35.405
maize,MX06,20030821,72.117
maize,MX07,20030821,67.645
maize,MX08,20030821,40.594
maize,MX09,20030821,62.127
maize,MX10,20030821,58.061
maize,MX11,20030821,69.548
maize,MX12,20030821,76.565
maize,MX13,20030821,53.382
maize,MX14,20030821,73.351
maize,MX15,20030821,66.888
maize,MX16,20030821,72.464
maize,MX17,20030821,67.675
maize,MX18,20030821,67.514
maize,MX19,20030821,44.305
maize,MX20,20030821,62.084
maize,MX21,20030821,57.773
maize,MX22,20030821,58.552
maize,MX23,20030821,84.713
maize,MX24,20030821,51.29
maize,MX25,20030821,32.47
maize,MX26,20030821,33.771
maize,MX27,20030821,66.058
maize,MX28,20030821,49.739
maize,MX29,20030821,61.541
maize,MX30,20030821,64.542
maize,MX31,20030821,78.273
maize,MX32,20030821,59.994
maize,MX01,20030901,59.899
maize,MX02,20030901,29.517
maize,MX03,20030901,34.66
maize,MX04,20030901,80.069
maize,MX05,20030901,36.981
maize,MX06,20030901,73.197
maize,MX07,20030901,69.544
maize,MX08,20030901,42.307
maize,MX09,20030901,61.653
maize,MX10,20030901,58.934
maize,MX11,20030901,67.119
maize,MX12,20030901,77.031
maize,MX13,20030901,53.327
maize,MX14,20030901,72.597
maize,MX15,20030901,65.348
maize,MX16,20030901,70.705
maize,MX17,20030901,70.354
maize,MX18,20030901,68.983
maize,MX19,20030901,46.802
maize,MX20,20030901,63.145
maize,MX21,20030901,59.24
maize,MX22,20030901,58.406
maize,MX23,20030901,84.819
maize,MX24,20030901,53.038
maize,MX25,20030901,35.676
maize,MX26,20030901,36.028
maize,MX27,20030901,65.791
maize,MX28,20030901,52.42
maize,MX29,20030901,60.466
maize,MX30,20030901,65.022
maize,MX31,20030901,79.252
maize,MX32,20030901,61.094
maize,MX01,20030911,59.298
maize,MX02,20030911,28.915
maize,MX03,20030911,43.738
maize,MX04,20030911,80.459
maize,MX05,20030911,38.905
maize,MX06,20030911,73.969
maize,MX07,20030911,70.619
maize,MX08,20030911,42.685
maize,MX09,20030911,60.08
maize,MX10,20030911,58.256
maize,MX11,20030911,63.746
maize,MX12,20030911,76.351
maize,MX13,20030911,52.937
maize,MX14,20030911,70.832
maize,MX15,20030911,62.813
maize,MX16,20030911,68.331
maize,MX17,20030911,71.414
maize,MX18,20030911,69.389
maize,MX19,20030911,48.863
maize,MX20,20030911,64.293
maize,MX21,20030911,59.733
maize,MX22,20030911,57.341
maize,MX23,20030911,85.11
maize,MX24,20030911,54.374
maize,MX25,20030911,37.667
maize,MX26,20030911,37.43
maize,MX27,20030911,65.614
maize,MX28,20030911,54.665
maize,MX29,20030911,58.033
maize,MX30,20030911,65.446
maize,MX31,20030911,79.995
maize,MX32,20030911,60.867
maize,MX01,20030921,57.265
maize,MX02,20030921,28.352
maize,MX03,20030921,51.036
maize,MX04,20030921,80.667
maize,MX05,20030921,40.936
maize,MX06,20030921,74.521
maize,MX07,20030921,70.994
maize,MX08,20030921,41.735
maize,MX09,20030921,56.962
maize,MX10,20030921,55.977
maize,MX11,20030921,59.636
maize,MX12,20030921,74.919
maize,MX13,20030921,52.079
maize,MX14,20030921,68.178
maize,MX15,20030921,59.387
maize,MX16,20030921,65.358
maize,MX17,20030921,71.235
maize,MX18,20030921,69.116
maize,MX19,20030921,50.209
maize,MX20,20030921,65.131
maize,MX21,20030921,59.101
maize,MX22,20030921,55.157
maize,MX23,20030921,85.446
maize,MX24,20030921,55.129
maize,MX25,20030921,38.33
maize,MX26,20030921,38.317
maize,MX27,20030921,65.482
maize,MX28,20030921,56.463
maize,MX29,20030921,54.296
maize,MX30,20030921,65.931
maize,MX31,20030921,80.671
maize,MX32,20030921,59.293
maize,MX01,20031001,53.881
maize,MX02,20031001,27.888
maize,MX03,20031001,54.839
maize,MX04,20031001,80.792
maize,MX05,20031001,42.544
maize,MX06,20031001,74.886
maize,MX07,20031001,70.648
maize,MX08,20031001,39.608
maize,MX09,20031001,52.68
maize,MX10,20031001,52.271
maize,MX11,20031001,55.145
maize,MX12,20031001,73.074
maize,MX13,20031001,50.747
maize,MX14,20031001,64.758
maize,MX15,20031001,55.544
maize,MX16,20031001,62.023
maize,MX17,20031001,70.054
maize,MX18,20031001,68.195
maize,MX19,20031001,50.714
maize,MX20,20031001,65.394
maize,MX21,20031001,57.358
maize,MX22,20031001,52.172
maize,MX23,20031001,85.577
maize,MX24,20031001,55.182
maize,MX25,20031001,37.486
maize,MX26,20031001,38.671
maize,MX27,20031001,65.322
maize,MX28,20031001,57.718
maize,MX29,20031001,49.8
maize,MX30,20031001,66.519
maize,MX31,20031001,80.938
maize,MX32,20031001,56.325
maize,MX01,20031011,49.674
maize,MX02,20031011,27.586
maize,MX03,20031011,55.12
maize,MX04,20031011,80.934
maize,MX05,20031011,43.312
maize,MX06,20031011,74.803
maize,MX07,20031011,69.59
maize,MX08,20031011,36.547
maize,MX09,20031011,47.931
maize,MX10,20031011,47.646
maize,MX11,20031011,50.588
maize,MX12,20031011,70.697
maize,MX13,20031011,49.066
maize,MX14,20031011,60.74
maize,MX15,20031011,51.676
maize,MX16,20031011,58.392
maize,MX17,20031011,67.818
maize,MX18,20031011,66.731
maize,MX19,20031011,50.392
maize,MX20,20031011,64.975
maize,MX21,20031011,54.576
maize,MX22,20031011,48.71
maize,MX23,20031011,85.76
maize,MX24,20031011,54.635
maize,MX25,20031011,35.521
maize,MX26,20031011,38.115
maize,MX27,20031011,65.449
maize,MX28,20031011,58.357
maize,MX29,20031011,45.062
maize,MX30,20031011,67.186
maize,MX31,20031011,81.297
maize,MX32,20031011,52.32
maize,MX01,20031021,45.068
maize,MX02,20031021,27.497
maize,MX03,20031021,52.736
maize,MX04,20031021,81.044
maize,MX05,20031021,42.802
maize,MX06,20031021,73.879
maize,MX07,20031021,67.928
maize,MX08,20031021,32.707
maize,MX09,20031021,43.1
maize,MX10,20031021,42.569
maize,MX11,20031021,46.103
maize,MX12,20031021,67.377
maize,MX13,20031021,46.922
maize,MX14,20031021,56.278
maize,MX15,20031021,47.781
maize,MX16,20031021,54.511
maize,MX17,20031021,64.324
maize,MX18,20031021,64.476
maize,MX19,20031021,49.357
maize,MX20,20031021,63.649
maize,MX21,20031021,50.814
maize,MX22,20031021,45.136
maize,MX23,20031021,85.891
maize,MX24,20031021,53.432
maize,MX25,20031021,33.033
maize,MX26,20031021,36.516
maize,MX27,20031021,65.533
maize,MX28,20031021,58.226
maize,MX29,20031021,40.396
maize,MX30,20031021,67.544
maize,MX31,20031021,81.524
maize,MX32,20031021,47.551
maize,MX01,20031101,39.96
maize,MX02,20031101,27.885
maize,MX03,20031101,48.693
maize,MX04,20031101,81.052
maize,MX05,20031101,40.727
maize,MX06,20031101,71.234
maize,MX07,20031101,65.539
maize,MX08,20031101,28.235
maize,MX09,20031101,38.082
maize,MX10,20031101,37.111
maize,MX11,20031101,41.28
maize,MX12,20031101,62.472
maize,MX13,20031101,43.988
maize,MX14,20031101,51.112
maize,MX15,20031101,43.586
maize,MX16,20031101,49.949
maize,MX17,20031101,58.975
maize,MX18,20031101,60.96
maize,MX19,20031101,47.432
maize,MX20,20031101,61.293
maize,MX21,20031101,45.827
maize,MX22,20031101,41.275
maize,MX23,20031101,85.984
maize,MX24,20031101,51.345
maize,MX25,20031101,30.771
maize,MX26,20031101,34.2
maize,MX27,20031101,65.505
maize,MX28,20031101,56.79
maize,MX29,20031101,35.461
maize,MX30,20031101,67.26
maize,MX31,20031101,81.612
maize,MX32,20031101,41.984
maize,MX01,20031111,35.878
maize,MX02,20031111,28.54
maize,MX03,20031111,44.98
maize,MX04,20031111,80.906
maize,MX05,20031111,38.068
maize,MX06,20031111,67.385
maize,MX07,20031111,62.992
maize,MX08,20031111,24.687
maize,MX09,20031111,33.967
maize,MX10,20031111,32.912
maize,MX11,20031111,37.111
maize,MX12,20031111,57.185
maize,MX13,20031111,41.037
maize,MX14,20031111,46.638
maize,MX15,20031111,39.911
maize,MX16,20031111,45.742
maize,MX17,20031111,53.366
maize,MX18,20031111,57.418
maize,MX19,20031111,45.23
maize,MX20,20031111,58.504
maize,MX21,20031111,41.057
maize,MX22,20031111,37.969
maize,MX23,20031111,86.054
maize,MX24,20031111,48.992
maize,MX25,20031111,30.025
maize,MX26,20031111,32.236
maize,MX27,20031111,65.137
maize,MX28,20031111,54.461
maize,MX29,20031111,31.337
maize,MX30,20031111,66.084
maize,MX31,20031111,81.411
maize,MX32,20031111,37.365
maize,MX01,20031121,32.365
maize,MX02,20031121,29.09
maize,MX03,20031121,41.618
maize,MX04,20031121,80.383
maize,MX05,20031121,34.98
maize,MX06,20031121,62.662
maize,MX07,20031121,60.003
maize,MX08,20031121,21.942
maize,MX09,20031121,30.344
maize,MX10,20031121,29.617
maize,MX11,20031121,33.152
maize,MX12,20031121,51.747
maize,MX13,20031121,37.998
maize,MX14,20031121,42.439
maize,MX15,20031121,36.41
maize,MX16,20031121,41.555
maize,MX17,20031121,47.804
maize,MX18,20031121,53.943
maize,MX19,20031121,42.511
maize,MX20,20031121,55.314
maize,MX21,20031121,36.591
maize,MX22,20031121,34.961
maize,MX23,20031121,85.92
maize,MX24,20031121,46.308
maize,MX25,20031121,30.675
maize,MX26,20031121,30.598
maize,MX27,20031121,64.211
maize,MX28,20031121,51.213
maize,MX29,20031121,27.688
maize,MX30,20031121,63.878
maize,MX31,20031121,80.901
maize,MX32,20031121,33.369
maize,MX01,20031201,29.455
maize,MX02,20031201,29.547
maize,MX03,20031201,38.855
maize,MX04,20031201,79.267
maize,MX05,20031201,31.796
maize,MX06,20031201,57.755
maize,MX07,20031201,56.611
maize,MX08,20031201,19.886
maize,MX09,20031201,27.132
maize,MX10,20031201,27.073
maize,MX11,20031201,29.617
maize,MX12,20031201,46.718
maize,MX13,20031201,34.977
maize,MX14,20031201,38.654
maize,MX15,20031201,33.092
maize,MX16,20031201,37.61
maize,MX17,20031201,42.817
maize,MX18,20031201,50.973
maize,MX19,20031201,39.378
maize,MX20,20031201,52.107
maize,MX21,20031201,32.725
maize,MX22,20031201,32.189
maize,MX23,20031201,85.829
maize,MX24,20031201,43.396
maize,MX25,20031201,32.644
maize,MX26,20031201,29.223
maize,MX27,20031201,62.95
maize,MX28,20031201,47.326
maize,MX29,20031201,24.695
maize,MX30,20031201,60.882
maize,MX31,20031201,79.814
maize,MX32,20031201,30.126
maize,MX01,20031211,26.972
maize,MX02,20031211,30.35
maize,MX03,20031211,36.322
maize,MX04,20031211,77.496
maize,MX05,20031211,28.816
maize,MX06,20031211,53.24
maize,MX07,20031211,53.027
maize,MX08,20031211,18.411
maize,MX09,20031211,24.039
maize,MX10,20031211,24.87
maize,MX11,20031211,26.68
maize,MX12,20031211,42.466
maize,MX13,20031211,32.089
maize,MX14,20031211,35.125
maize,MX15,20031211,29.862
maize,MX16,20031211,34.06
maize,MX17,20031211,38.642
maize,MX18,20031211,48.578
maize,MX19,20031211,36.121
maize,MX20,20031211,49.239
maize,MX21,20031211,29.436
maize,MX22,20031211,29.643
maize,MX23,20031211,85.653
maize,MX24,20031211,40.397
maize,MX25,20031211,35.533
maize,MX26,20031211,27.963
maize,MX27,20031211,61.726
maize,MX28,20031211,43.146
maize,MX29,20031211,22.105
maize,MX30,20031211,57.504
maize,MX31,20031211,78.264
maize,MX32,20031211,27.332
maize,MX01,20031221,24.988
maize,MX02,20031221,31.991
maize,MX03,20031221,33.926
maize,MX04,20031221,75.272
maize,MX05,20031221,26.445
maize,MX06,20031221,49.495
maize,MX07,20031221,49.651
maize,MX08,20031221,17.324
maize,MX09,20031221,21.381
maize,MX10,20031221,22.829
maize,MX11,20031221,24.884
maize,MX12,20031221,39.119
maize,MX13,20031221,29.653
maize,MX14,20031221,31.979
maize,MX15,20031221,26.928
maize,MX16,20031221,31.24
maize,MX17,20031221,35.297
maize,MX18,20031221,46.891
maize,MX19,20031221,33.198
maize,MX20,20031221,46.858
maize,MX21,20031221,26.818
maize,MX22,20031221,27.586
maize,MX23,20031221,85.419
maize,MX24,20031221,37.443
maize,MX25,20031221,39.091
maize,MX26,20031221,26.681
maize,MX27,20031221,60.897
maize,MX28,20031221,38.903
maize,MX29,20031221,20.004
maize,MX30,20031221,54.02
maize,MX31,20031221,76.35
maize,MX32,20031221,24.887
maize,MX01,20040101,23.413
maize,MX02,20040101,35.205
maize,MX03,20040101,31.445
maize,MX04,20040101,72.582
maize,MX05,20040101,24.93
maize,MX06,20040101,46.513
maize,MX07,20040101,46.433
maize,MX08,20040101,16.425
maize,MX09,20040101,19.203
maize,MX10,20040101,20.852
maize,MX11,20040101,24.799
maize,MX12,20040101,36.419
maize,MX13,20040101,28.079
maize,MX14,20040101,29.183
maize,MX15,20040101,24.335
maize,MX16,20040101,29.373
maize,MX17,20040101,32.538
maize,MX18,20040101,45.902
maize,MX19,20040101,30.753
maize,MX20,20040101,45.026
maize,MX21,20040101,24.821
maize,MX22,20040101,26.383
maize,MX23,20040101,85.022
maize,MX24,20040101,34.678
maize,MX25,20040101,43.623
maize,MX26,20040101,25.485
maize,MX27,20040101,60.405
maize,MX28,20040101,35.05
maize,MX29,20040101,18.444
maize,MX30,20040101,50.711
maize,MX31,20040101,73.969
maize,MX32,20040101,22.496
maize,MX01,20040111,22.509
maize,MX02,20040111,39.339
maize,MX03,20040111,29.888
maize,MX04,20040111,70.046
maize,MX05,20040111,24.438
maize,MX06,20040111,44.911
maize,MX07,20040111,44.037
maize,MX08,20040111,15.742
maize,MX09,20040111,17.806
maize,MX10,20040111,19.29
maize,MX11,20040111,26.556
maize,MX12,20040111,34.69
maize,MX13,20040111,27.623
maize,MX14,20040111,27.426
maize,MX15,20040111,22.643
maize,MX16,20040111,28.896
maize,MX17,20040111,30.629
maize,MX18,20040111,45.585
maize,MX19,20040111,29.275
maize,MX20,20040111,43.961
maize,MX21,20040111,23.715
maize,MX22,20040111,26.364
maize,MX23,20040111,84.587
maize,MX24,20040111,32.798
maize,MX25,20040111,48.151
maize,MX26,20040111,24.963
maize,MX27,20040111,60.272
maize,MX28,20040111,32.67
maize,MX29,20040111,17.669
maize,MX30,20040111,48.415
maize,MX31,20040111,71.556
maize,MX32,20040111,20.611
maize,MX01,20040121,21.846
maize,MX02,20040121,44.344
maize,MX03,20040121,29.36
maize,MX04,20040121,67.629
maize,MX05,20040121,24.656
maize,MX06,20040121,44.102
maize,MX07,20040121,42.044
maize,MX08,20040121,15.173
maize,MX09,20040121,16.931
maize,MX10,20040121,18.135
maize,MX11,20040121,29.664
maize,MX12,20040121,33.504
maize,MX13,20040121,27.678
maize,MX14,20040121,26.384
maize,MX15,20040121,21.416
maize,MX16,20040121,29.45
maize,MX17,20040121,28.989
maize,MX18,20040121,45.268
maize,MX19,20040121,28.447
maize,MX20,20040121,43.095
maize,MX21,20040121,22.956
maize,MX22,20040121,26.854
maize,MX23,20040121,84.039
maize,MX24,20040121,31.462
maize,MX25,20040121,52.572
maize,MX26,20040121,25.263
maize,MX27,20040121,60.174
maize,MX28,20040121,31.459
maize,MX29,20040121,17.193
maize,MX30,20040121,46.538
maize,MX31,20040121,68.884
maize,MX32,20040121,19.144
maize,MX01,20040201,21.265
maize,MX02,20040201,49.96
maize,MX03,20040201,29.957
maize,MX04,20040201,65.365
maize,MX05,20040201,25.267
maize,MX06,20040201,43.389
maize,MX07,20040201,40.195
maize,MX08,20040201,14.783
maize,MX09,20040201,16.305
maize,MX10,20040201,17.578
maize,MX11,20040201,33.862
maize,MX12,20040201,32.612
maize,MX13,20040201,27.826
maize,MX14,20040201,25.878
maize,MX15,20040201,20.581
maize,MX16,20040201,30.895
maize,MX17,20040201,27.409
maize,MX18,20040201,44.319
maize,MX19,20040201,28.042
maize,MX20,20040201,41.857
maize,MX21,20040201,22.307
maize,MX22,20040201,27.809
maize,MX23,20040201,83.38
maize,MX24,20040201,30.362
maize,MX25,20040201,56.56
maize,MX26,20040201,26.606
maize,MX27,20040201,59.897
maize,MX28,20040201,31.072
maize,MX29,20040201,16.845
maize,MX30,20040201,44.398
maize,MX31,20040201,66.167
maize,MX32,20040201,18.116
maize,MX01,20040211,20.888
maize,MX02,20040211,54.722
maize,MX03,20040211,31.072
maize,MX04,20040211,63.6
maize,MX05,20040211,26.052
maize,MX06,20040211,42.365
maize,MX07,20040211,38.734
maize,MX08,20040211,14.691
maize,MX09,20040211,15.955
maize,MX10,20040211,17.67
maize,MX11,20040211,37.546
maize,MX12,20040211,31.889
maize,MX13,20040211,27.866
maize,MX14,20040211,25.842
maize,MX15,20040211,20.086
maize,MX16,20040211,32.436
maize,MX17,20040211,26.152
maize,MX18,20040211,42.796
maize,MX19,20040211,28.083
maize,MX20,20040211,40.345
maize,MX21,20040211,21.717
maize,MX22,20040211,28.805
maize,MX23,20040211,82.642
maize,MX24,20040211,29.619
maize,MX25,20040211,59.03
maize,MX26,20040211,28.69
maize,MX27,20040211,59.367
maize,MX28,20040211,31.419
maize,MX29,20040211,16.583
maize,MX30,20040211,42.16
maize,MX31,20040211,63.917
maize,MX32,20040211,17.708
maize,MX01,20040221,20.703
maize,MX02,20040221,58.905
maize,MX03,20040221,32.173
maize,MX04,20040221,61.519
maize,MX05,20040221,27.126
maize,MX06,20040221,40.929
maize,MX07,20040221,37.486
maize,MX08,20040221,14.78
maize,MX09,20040221,15.602
maize,MX10,20040221,18.175
maize,MX11,20040221,40.482
maize,MX12,20040221,30.871
maize,MX13,20040221,27.805
maize,MX14,20040221,26.015
maize,MX15,20040221,19.699
maize,MX16,20040221,33.72
maize,MX17,20040221,24.955
maize,MX18,20040221,40.821
maize,MX19,20040221,28.562
maize,MX20,20040221,38.72
maize,MX21,20040221,21.044
maize,MX22,20040221,29.658
maize,MX23,20040221,81.78
maize,MX24,20040221,29.122
maize,MX25,20040221,60.345
maize,MX26,20040221,31.386
maize,MX27,20040221,58.567
maize,MX28,20040221,32.439
maize,MX29,20040221,16.208
maize,MX30,20040221,39.86
maize,MX31,20040221,61.741
maize,MX32,20040221,17.678
maize,MX01,20040301,20.701
maize,MX02,20040301,61.675
maize,MX03,20040301,32.849
maize,MX04,20040301,59.198
maize,MX05,20040301,28.224
maize,MX06,20040301,39.306
maize,MX07,20040301,36.511
maize,MX08,20040301,15.002
maize,MX09,20040301,15.437
maize,MX10,20040301,18.931
maize,MX11,20040301,42.266
maize,MX12,20040301,29.84
maize,MX13,20040301,27.9
maize,MX14,20040301,26.273
maize,MX15,20040301,19.592
maize,MX16,20040301,34.521
maize,MX17,20040301,24.058
maize,MX18,20040301,38.765
maize,MX19,20040301,29.4
maize,MX20,20040301,37.282
maize,MX21,20040301,20.441
maize,MX22,20040301,30.256
maize,MX23,20040301,80.937
maize,MX24,20040301,28.964
maize,MX25,20040301,60.524
maize,MX26,20040301,33.946
maize,MX27,20040301,57.714
maize,MX28,20040301,34.125
maize,MX29,20040301,15.924
maize,MX30,20040301,38.001
maize,MX31,20040301,59.785
maize,MX32,20040301,17.893
maize,MX01,20040311,20.951
maize,MX02,20040311,62.836
maize,MX03,20040311,32.942
maize,MX04,20040311,56.177
maize,MX05,20040311,29.527
maize,MX06,20040311,37.422
maize,MX07,20040311,35.662
maize,MX08,20040311,15.376
maize,MX09,20040311,15.553
maize,MX10,20040311,20.025
maize,MX11,20040311,43.176
maize,MX12,20040311,28.772
maize,MX13,20040311,28.184
maize,MX14,20040311,26.672
maize,MX15,20040311,19.719
maize,MX16,20040311,34.934
maize,MX17,20040311,23.348
maize,MX18,20040311,36.478
maize,MX19,20040311,30.965
maize,MX20,20040311,35.936
maize,MX21,20040311,19.921
maize,MX22,20040311,30.827
maize,MX23,20040311,80.047
maize,MX24,20040311,29.164
maize,MX25,20040311,59.667
maize,MX26,20040311,36.346
maize,MX27,20040311,56.865
maize,MX28,20040311,37.035
maize,MX29,20040311,15.716
maize,MX30,20040311,36.369
maize,MX31,20040311,57.929
maize,MX32,20040311,18.43
maize,MX01,20040321,21.165
maize,MX02,20040321,61.863
maize,MX03,20040321,32.226
maize,MX04,20040321,53.208
maize,MX05,20040321,30.629
maize,MX06,20040321,35.589
maize,MX07,20040321,34.995
maize,MX08,20040321,15.908
maize,MX09,20040321,16.154
maize,MX10,20040321,21.192
maize,MX11,20040321,42.439
maize,MX12,20040321,27.824
maize,MX13,20040321,28.622
maize,MX14,20040321,26.775
maize,MX15,20040321,20.095
maize,MX16,20040321,34.444
maize,MX17,20040321,22.876
maize,MX18,20040321,34.341
maize,MX19,20040321,33.086
maize,MX20,20040321,34.908
maize,MX21,20040321,19.645
maize,MX22,20040321,30.897
maize,MX23,20040321,79.278
maize,MX24,20040321,29.743
maize,MX25,20040321,57.682
maize,MX26,20040321,37.606
maize,MX27,20040321,56.533
maize,MX28,20040321,40.92
maize,MX29,20040321,15.743
maize,MX30,20040321,35.416
maize,MX31,20040321,56.516
maize,MX32,20040321,19.014
maize,MX01,20040401,21.241
maize,MX02,20040401,58.575
maize,MX03,20040401,30.723
maize,MX04,20040401,50.867
maize,MX05,20040401,31.403
maize,MX06,20040401,33.767
maize,MX07,20040401,34.565
maize,MX08,20040401,16.658
maize,MX09,20040401,17.103
maize,MX10,20040401,22.301
maize,MX11,20040401,39.669
maize,MX12,20040401,27.049
maize,MX13,20040401,29.439
maize,MX14,20040401,26.426
maize,MX15,20040401,20.791
maize,MX16,20040401,32.919
maize,MX17,20040401,22.584
maize,MX18,20040401,32.231
maize,MX19,20040401,35.545
maize,MX20,20040401,34.493
maize,MX21,20040401,19.811
maize,MX22,20040401,30.676
maize,MX23,20040401,78.619
maize,MX24,20040401,30.721
maize,MX25,20040401,54.401
maize,MX26,20040401,37.501
maize,MX27,20040401,56.698
maize,MX28,20040401,45.478
maize,MX29,20040401,16.236
maize,MX30,20040401,35.489
maize,MX31,20040401,56.069
maize,MX32,20040401,19.606
maize,MX01,20040411,21.25
maize,MX02,20040411,53.669
maize,MX03,20040411,29.071
maize,MX04,20040411,50.397
maize,MX05,20040411,31.724
maize,MX06,20040411,32.278
maize,MX07,20040411,34.746
maize,MX08,20040411,17.391
maize,MX09,20040411,18.545
maize,MX10,20040411,23.002
maize,MX11,20040411,35.847
maize,MX12,20040411,26.552
maize,MX13,20040411,30.541
maize,MX14,20040411,25.754
maize,MX15,20040411,21.692
maize,MX16,20040411,30.934
maize,MX17,20040411,22.423
maize,MX18,20040411,30.564
maize,MX19,20040411,37.485
maize,MX20,20040411,34.961
maize,MX21,20040411,20.492
maize,MX22,20040411,30.343
maize,MX23,20040411,78.433
maize,MX24,20040411,31.751
maize,MX25,20040411,50.673
maize,MX26,20040411,36.247
maize,MX27,20040411,57.069
maize,MX28,20040411,48.857
maize,MX29,20040411,17.182
maize,MX30,20040411,36.713
maize,MX31,20040411,56.899
maize,MX32,20040411,19.931
maize,MX01,20040421,21.411
maize,MX02,20040421,47.401
maize,MX03,20040421,27.578
maize,MX04,20040421,51.899
maize,MX05,20040421,31.979
maize,MX06,20040421,31.169
maize,MX07,20040421,35.792
maize,MX08,20040421,18.099
maize,MX09,20040421,20.523
maize,MX10,20040421,23.474
maize,MX11,20040421,31.983
maize,MX12,20040421,26.53
maize,MX13,20040421,32.189
maize,MX14,20040421,25.201
maize,MX15,20040421,23.139
maize,MX16,20040421,29.184
maize,MX17,20040421,22.627
maize,MX18,20040421,29.293
maize,MX19,20040421,38.834
maize,MX20,20040421,36.517
maize,MX21,20040421,21.864
maize,MX22,20040421,30.316
maize,MX23,20040421,78.656
maize,MX24,20040421,32.871
maize,MX25,20040421,46.493
maize,MX26,20040421,34.306
maize,MX27,20040421,57.708
maize,MX28,20040421,50.965
maize,MX29,20040421,18.738
maize,MX30,20040421,39.175
maize,MX31,20040421,58.827
maize,MX32,20040421,20.363
maize,MX01,20040501,22.092
maize,MX02,20040501,40.93
maize,MX03,20040501,26.429
maize,MX04,20040501,55.222
maize,MX05,20040501,32.354
maize,MX06,20040501,30.9
maize,MX07,20040501,38.165
maize,MX08,20040501,18.808
maize,MX09,20040501,23.146
maize,MX10,20040501,23.767
maize,MX11,20040501,29.304
maize,MX12,20040501,27.518
maize,MX13,20040501,34.572
maize,MX14,20040501,25.423
maize,MX15,20040501,25.429
maize,MX16,20040501,28.615
maize,MX17,20040501,23.636
maize,MX18,20040501,28.665
maize,MX19,20040501,39.745
maize,MX20,20040501,39.187
maize,MX21,20040501,24.191
maize,MX22,20040501,31.102
maize,MX23,20040501,79.35
maize,MX24,20040501,34.154
maize,MX25,20040501,41.848
maize,MX26,20040501,31.857
maize,MX27,20040501,58.442
maize,MX28,20040501,51.879
maize,MX29,20040501,21.162
maize,MX30,20040501,42.686
maize,MX31,20040501,61.871
maize,MX32,20040501,21.223
maize,MX01,20040511,23.547
maize,MX02,20040511,35.774
maize,MX03,20040511,25.524
maize,MX04,20040511,59.44
maize,MX05,20040511,32.954
maize,MX06,20040511,32.07
maize,MX07,20040511,41.858
maize,MX08,20040511,19.579
maize,MX09,20040511,26.35
maize,MX10,20040511,23.937
maize,MX11,20040511,28.744
maize,MX12,20040511,30.101
maize,MX13,20040511,37.369
maize,MX14,20040511,27.052
maize,MX15,20040511,28.751
maize,MX16,20040511,30.006
maize,MX17,20040511,25.988
maize,MX18,20040511,29.108
maize,MX19,20040511,40.066
maize,MX20,20040511,42.704
maize,MX21,20040511,27.526
maize,MX22,20040511,33.026
maize,MX23,20040511,80.309
maize,MX24,20040511,35.687
maize,MX25,20040511,37.101
maize,MX26,20040511,29.267
maize,MX27,20040511,59.18
maize,MX28,20040511,51.72
maize,MX29,20040511,24.543
maize,MX30,20040511,46.825
maize,MX31,20040511,65.344
maize,MX32,20040511,22.874
maize,MX01,20040521,26.431
maize,MX02,20040521,32.429
maize,MX03,20040521,24.807
maize,MX04,20040521,63.453
maize,MX05,20040521,33.871
maize,MX06,20040521,35.577
maize,MX07,20040521,46.546
maize,MX08,20040521,20.577
maize,MX09,20040521,29.946
maize,MX10,20040521,24.412
maize,MX11,20040521,31.053
maize,MX12,20040521,34.689
maize,MX13,20040521,40.411
maize,MX14,20040521,30.901
maize,MX15,20040521,33.387
maize,MX16,20040521,34.028
maize,MX17,20040521,30.117
maize,MX18,20040521,31.381
maize,MX19,20040521,39.914
maize,MX20,20040521,46.614
maize,MX21,20040521,31.879
maize,MX22,20040521,36.441
maize,MX23,20040521,81.431
maize,MX24,20040521,37.741
maize,MX25,20040521,32.702
maize,MX26,20040521,26.866
maize,MX27,20040521,59.451
maize,MX28,20040521,50.935
maize,MX29,20040521,29.044
maize,MX30,20040521,51.144
maize,MX31,20040521,68.392
maize,MX32,20040521,25.908
maize,MX01,20040601,31.543
maize,MX02,20040601,30.785
maize,MX03,20040601,24.051
maize,MX04,20040601,66.475
maize,MX05,20040601,35.2
maize,MX06,20040601,42.19
maize,MX07,20040601,51.768
maize,MX08,20040601,22.225
maize,MX09,20040601,34.575
maize,MX10,20040601,25.789
maize,MX11,20040601,36.967
maize,MX12,20040601,42.042
maize,MX13,20040601,44.274
maize,MX14,20040601,37.801
maize,MX15,20040601,40.037
maize,MX16,20040601,41.4
maize,MX17,20040601,36.819
maize,MX18,20040601,36.274
maize,MX19,20040601,39.434
maize,MX20,20040601,50.887
maize,MX21,20040601,37.624
maize,MX22,20040601,41.945
maize,MX23,20040601,82.406
maize,MX24,20040601,40.584
maize,MX25,20040601,28.826
maize,MX26,20040601,24.85
maize,MX27,20040601,59.149
maize,MX28,20040601,49.6
maize,MX29,20040601,35.232
maize,MX30,20040601,55.512
maize,MX31,20040601,70.345
maize,MX32,20040601,31.086
maize,MX01,20040611,37.395
maize,MX02,20040611,30.488
maize,MX03,20040611,23.291
maize,MX04,20040611,68.025
maize,MX05,20040611,36.506
maize,MX06,20040611,49.772
maize,MX07,20040611,55.729
maize,MX08,20040611,24.437
maize,MX09,20040611,39.055
maize,MX10,20040611,28.058
maize,MX11,20040611,44.49
maize,MX12,20040611,49.761
maize,MX13,20040611,48.079
maize,MX14,20040611,45.525
maize,MX15,20040611,46.945
maize,MX16,20040611,49.677
maize,MX17,20040611,43.943
maize,MX18,20040611,42.436
maize,MX19,20040611,38.895
maize,MX20,20040611,54.359
maize,MX21,20040611,43.165
maize,MX22,20040611,47.84
maize,MX23,20040611,82.973
maize,MX24,20040611,43.466
maize,MX25,20040611,26.353
maize,MX26,20040611,23.816
maize,MX27,20040611,58.527
maize,MX28,20040611,48.387
maize,MX29,20040611,41.684
maize,MX30,20040611,58.86
maize,MX31,20040611,71.247
maize,MX32,20040611,36.851
maize,MX01,20040621,43.579
maize,MX02,20040621,30.821
maize,MX03,20040621,22.12
maize,MX04,20040621,69.256
maize,MX05,20040621,37.803
maize,MX06,20040621,57.284
maize,MX07,20040621,58.465
maize,MX08,20040621,27.428
maize,MX09,20040621,43.448
maize,MX10,20040621,31.456
maize,MX11,20040621,52.659
maize,MX12,20040621,56.952
maize,MX13,20040621,51.446
maize,MX14,20040621,53.369
maize,MX15,20040621,53.703
maize,MX16,20040621,57.929
maize,MX17,20040621,50.715
maize,MX18,20040621,49.234
maize,MX19,20040621,38.471
maize,MX20,20040621,57.037
maize,MX21,20040621,48.118
maize,MX22,20040621,53.434
maize,MX23,20040621,83.353
maize,MX24,20040621,46.291
maize,MX25,20040621,25.002
maize,MX26,20040621,23.74
maize,MX27,20040621,57.747
maize,MX28,20040621,47.418
maize,MX29,20040621,48.35
maize,MX30,20040621,61.382
maize,MX31,20040621,71.734
maize,MX32,20040621,42.775
maize,MX01,20040701,48.985
maize,MX02,20040701,31.102
maize,MX03,20040701,20.619
maize,MX04,20040701,70.656
maize,MX05,20040701,38.798
maize,MX06,20040701,63.287
maize,MX07,20040701,60.21
maize,MX08,20040701,31.062
maize,MX09,20040701,47.303
maize,MX10,20040701,35.771
maize,MX11,20040701,60.088
maize,MX12,20040701,62.772
maize,MX13,20040701,54.001
maize,MX14,20040701,60.186
maize,MX15,20040701,59.256
maize,MX16,20040701,64.85
maize,MX17,20040701,56.705
maize,MX18,20040701,55.496
maize,MX19,20040701,38.211
maize,MX20,20040701,58.95
maize,MX21,20040701,51.992
maize,MX22,20040701,57.651
maize,MX23,20040701,83.62
maize,MX24,20040701,48.597
maize,MX25,20040701,24.815
maize,MX26,20040701,24.661
maize,MX27,20040701,57.227
maize,MX28,20040701,46.63
maize,MX29,20040701,54.416
maize,MX30,20040701,63.11
maize,MX31,20040701,72.306
maize,MX32,20040701,47.958
maize,MX01,20040711,52.985
maize,MX02,20040711,31.047
maize,MX03,20040711,19.168
maize,MX04,20040711,72.546
maize,MX05,20040711,39.538
maize,MX06,20040711,67.181
maize,MX07,20040711,61.447
maize,MX08,20040711,35.18
maize,MX09,20040711,50.097
maize,MX10,20040711,40.693
maize,MX11,20040711,65.907
maize,MX12,20040711,67.129
maize,MX13,20040711,55.538
maize,MX14,20040711,65.511
maize,MX15,20040711,63.187
maize,MX16,20040711,69.79
maize,MX17,20040711,62.282
maize,MX18,20040711,60.477
maize,MX19,20040711,38.21
maize,MX20,20040711,60.209
maize,MX21,20040711,55.015
maize,MX22,20040711,60.176
maize,MX23,20040711,83.902
maize,MX24,20040711,50.263
maize,MX25,20040711,25.935
maize,MX26,20040711,26.635
maize,MX27,20040711,57.07
maize,MX28,20040711,45.956
maize,MX29,20040711,59.295
maize,MX30,20040711,64.047
maize,MX31,20040711,73.227
maize,MX32,20040711,51.987
maize,MX01,20040721,55.995
maize,MX02,20040721,30.433
maize,MX03,20040721,18.228
maize,MX04,20040721,74.596
maize,MX05,20040721,40.217
maize,MX06,20040721,69.238
maize,MX07,20040721,62.465
maize,MX08,20040721,39.626
maize,MX09,20040721,52.399
maize,MX10,20040721,45.941
maize,MX11,20040721,69.973
maize,MX12,20040721,70.437
maize,MX13,20040721,56.308
maize,MX14,20040721,69.438
maize,MX15,20040721,65.628
maize,MX16,20040721,72.817
maize,MX17,20040721,67.555
maize,MX18,20040721,64.258
maize,MX19,20040721,38.708
maize,MX20,20040721,61.027
maize,MX21,20040721,57.367
maize,MX22,20040721,61.404
maize,MX23,20040721,84.133
maize,MX24,20040721,51.594
maize,MX25,20040721,28.12
maize,MX26,20040721,29.302
maize,MX27,20040721,57.144
maize,MX28,20040721,45.393
maize,MX29,20040721,62.561
maize,MX30,20040721,64.424
maize,MX31,20040721,74.285
maize,MX32,20040721,55.06
maize,MX01,20040801,58.352
maize,MX02,20040801,29.368
maize,MX03,20040801,18.4
maize,MX04,20040801,76.682
maize,MX05,20040801,41.055
maize,MX06,20040801,70.27
maize,MX07,20040801,63.43
maize,MX08,20040801,44.542
maize,MX09,20040801,54.309
maize,MX10,20040801,51.605
maize,MX11,20040801,72.468
maize,MX12,20040801,73.198
maize,MX13,20040801,56.297
maize,MX14,20040801,72.218
maize,MX15,20040801,66.863
maize,MX16,20040801,74.309
maize,MX17,20040801,72.44
maize,MX18,20040801,67.172
maize,MX19,20040801,39.828
maize,MX20,20040801,61.651
maize,MX21,20040801,59.155
maize,MX22,20040801,61.724
maize,MX23,20040801,84.072
maize,MX24,20040801,52.693
maize,MX25,20040801,31.361
maize,MX26,20040801,32.386
maize,MX27,20040801,57.37
maize,MX28,20040801,44.909
maize,MX29,20040801,63.675
maize,MX30,20040801,64.478
maize,MX31,20040801,75.616
maize,MX32,20040801,57.605
maize,MX01,20040811,59.414
maize,MX02,20040811,28.436
maize,MX03,20040811,20.476
maize,MX04,20040811,78.283
maize,MX05,20040811,41.93
maize,MX06,20040811,70.869
maize,MX07,20040811,64.099
maize,MX08,20040811,48.305
maize,MX09,20040811,55.583
maize,MX10,20040811,56.016
maize,MX11,20040811,72.962
maize,MX12,20040811,75.031
maize,MX13,20040811,55.411
maize,MX14,20040811,73.452
maize,MX15,20040811,66.88
maize,MX16,20040811,74.354
maize,MX17,20040811,75.393
maize,MX18,20040811,68.88
maize,MX19,20040811,41.283
maize,MX20,20040811,62.089
maize,MX21,20040811,59.888
maize,MX22,20040811,61.081
maize,MX23,20040811,83.797
maize,MX24,20040811,53.317
maize,MX25,20040811,34.357
maize,MX26,20040811,35.164
maize,MX27,20040811,57.608
maize,MX28,20040811,44.764
maize,MX29,20040811,62.578
maize,MX30,20040811,64.465
maize,MX31,20040811,76.631
maize,MX32,20040811,59.191
maize,MX01,20040821,59.425
maize,MX02,20040821,27.794
maize,MX03,20040821,24.754
maize,MX04,20040821,79.51
maize,MX05,20040821,42.799
maize,MX06,20040821,71.553
maize,MX07,20040821,64.854
maize,MX08,20040821,50.535
maize,MX09,20040821,56.498
maize,MX10,20040821,59.197
maize,MX11,20040821,71.999
maize,MX12,20040821,76.192
maize,MX13,20040821,53.795
maize,MX14,20040821,73.526
maize,MX15,20040821,66.004
maize,MX16,20040821,73.324
maize,MX17,20040821,76.77
maize,MX18,20040821,69.952
maize,MX19,20040821,43.242
maize,MX20,20040821,62.595
maize,MX21,20040821,59.873
maize,MX22,20040821,59.57
maize,MX23,20040821,83.654
maize,MX24,20040821,53.709
maize,MX25,20040821,36.782
maize,MX26,20040821,38.21
maize,MX27,20040821,58.311
maize,MX28,20040821,45.144
maize,MX29,20040821,60.003
maize,MX30,20040821,64.594
maize,MX31,20040821,77.662
maize,MX32,20040821,60.163
maize,MX01,20040901,58.365
maize,MX02,20040901,27.416
maize,MX03,20040901,31.821
maize,MX04,20040901,80.327
maize,MX05,20040901,43.324
maize,MX06,20040901,72.642
maize,MX07,20040901,66.102
maize,MX08,20040901,50.334
maize,MX09,20040901,57.007
maize,MX10,20040901,60.91
maize,MX11,20040901,69.464
maize,MX12,20040901,76.698
maize,MX13,20040901,51.469
maize,MX14,20040901,72.505
maize,MX15,20040901,64.17
maize,MX16,20040901,71.195
maize,MX17,20040901,76.749
maize,MX18,20040901,70.474
maize,MX19,20040901,45.913
maize,MX20,20040901,63.43
maize,MX21,20040901,59.301
maize,MX22,20040901,57.11
maize,MX23,20040901,83.705
maize,MX24,20040901,54.154
maize,MX25,20040901,38.463
maize,MX26,20040901,42.089
maize,MX27,20040901,59.708
maize,MX28,20040901,46.289
maize,MX29,20040901,56.213
maize,MX30,20040901,65.097
maize,MX31,20040901,78.53
maize,MX32,20040901,60.422
maize,MX01,20040911,56.464
maize,MX02,20040911,27.446
maize,MX03,20040911,38.634
maize,MX04,20040911,80.643
maize,MX05,20040911,43.232
maize,MX06,20040911,73.801
maize,MX07,20040911,67.462
maize,MX08,20040911,47.84
maize,MX09,20040911,56.264
maize,MX10,20040911,60.646
maize,MX11,20040911,66.037
maize,MX12,20040911,76.473
maize,MX13,20040911,49.149
maize,MX14,20040911,70.622
maize,MX15,20040911,61.753
maize,MX16,20040911,68.473
maize,MX17,20040911,75.557
maize,MX18,20040911,70.393
maize,MX19,20040911,48.347
maize,MX20,20040911,64.278
maize,MX21,20040911,58.292
maize,MX22,20040911,54.24
maize,MX23,20040911,83.85
maize,MX24,20040911,54.573
maize,MX25,20040911,38.755
maize,MX26,20040911,45.57
maize,MX27,20040911,61.478
maize,MX28,20040911,47.709
maize,MX29,20040911,52.25
maize,MX30,20040911,65.838
maize,MX31,20040911,79.031
maize,MX32,20040911,59.644
maize,MX01,20040921,53.918
maize,MX02,20040921,27.498
maize,MX03,20040921,43.428
maize,MX04,20040921,80.808
maize,MX05,20040921,42.405
maize,MX06,20040921,74.607
maize,MX07,20040921,68.752
maize,MX08,20040921,43.819
maize,MX09,20040921,54.443
maize,MX10,20040921,58.427
maize,MX11,20040921,61.778
maize,MX12,20040921,75.446
maize,MX13,20040921,47.005
maize,MX14,20040921,67.88
maize,MX15,20040921,58.743
maize,MX16,20040921,65.106
maize,MX17,20040921,73.412
maize,MX18,20040921,69.702
maize,MX19,20040921,50.088
maize,MX20,20040921,64.895
maize,MX21,20040921,56.712
maize,MX22,20040921,51.126
maize,MX23,20040921,84.281
maize,MX24,20040921,54.921
maize,MX25,20040921,37.651
maize,MX26,20040921,47.548
maize,MX27,20040921,63.531
maize,MX28,20040921,48.959
maize,MX29,20040921,48.081
maize,MX30,20040921,66.7
maize,MX31,20040921,79.487
maize,MX32,20040921,57.705
maize,MX01,20041001,50.584
maize,MX02,20041001,27.87
maize,MX03,20041001,44.581
maize,MX04,20041001,80.798
maize,MX05,20041001,40.981
maize,MX06,20041001,74.756
maize,MX07,20041001,69.576
maize,MX08,20041001,38.914
maize,MX09,20041001,51.511
maize,MX10,20041001,54.324
maize,MX11,20041001,56.837
maize,MX12,20041001,73.348
maize,MX13,20041001,45.123
maize,MX14,20041001,64.218
maize,MX15,20041001,55.31
maize,MX16,20041001,61.294
maize,MX17,20041001,70.421
maize,MX18,20041001,68.139
maize,MX19,20041001,50.489
maize,MX20,20041001,65.053
maize,MX21,20041001,54.386
maize,MX22,20041001,47.887
maize,MX23,20041001,84.913
maize,MX24,20041001,54.679
maize,MX25,20041001,35.41
maize,MX26,20041001,46.811
maize,MX27,20041001,65.431
maize,MX28,20041001,49.394
maize,MX29,20041001,43.832
maize,MX30,20041001,67.445
maize,MX31,20041001,79.704
maize,MX32,20041001,54.453
maize,MX01,20041011,46.45
maize,MX02,20041011,28.477
maize,MX03,20041011,42.766
maize,MX04,20041011,80.736
maize,MX05,20041011,38.918
maize,MX06,20041011,74.019
maize,MX07,20041011,69.593
maize,MX08,20041011,33.603
maize,MX09,20041011,47.669
maize,MX10,20041011,48.57
maize,MX11,20041011,51.635
maize,MX12,20041011,70.163
maize,MX13,20041011,43.496
maize,MX14,20041011,59.728
maize,MX15,20041011,51.621
maize,MX16,20041011,57.244
maize,MX17,20041011,66.633
maize,MX18,20041011,65.758
maize,MX19,20041011,49.169
maize,MX20,20041011,64.533
maize,MX21,20041011,51.341
maize,MX22,20041011,44.661
maize,MX23,20041011,85.554
maize,MX24,20041011,53.628
maize,MX25,20041011,32.84
maize,MX26,20041011,43.53
maize,MX27,20041011,66.775
maize,MX28,20041011,48.655
maize,MX29,20041011,39.812
maize,MX30,20041011,67.787
maize,MX31,20041011,79.72
maize,MX32,20041011,49.978
maize,MX01,20041021,41.815
maize,MX02,20041021,29.441
maize,MX03,20041021,39.573
maize,MX04,20041021,80.623
maize,MX05,20041021,36.372
maize,MX06,20041021,72.029
maize,MX07,20041021,68.442
maize,MX08,20041021,28.492
maize,MX09,20041021,43.165
maize,MX10,20041021,41.904
maize,MX11,20041021,46.28
maize,MX12,20041021,65.866
maize,MX13,20041021,41.861
maize,MX14,20041021,54.64
maize,MX15,20041021,47.703
maize,MX16,20041021,52.983
maize,MX17,20041021,62.155
maize,MX18,20041021,62.68
maize,MX19,20041021,46.325
maize,MX20,20041021,63.152
maize,MX21,20041021,47.538
maize,MX22,20041021,41.373
maize,MX23,20041021,86.086
maize,MX24,20041021,51.605
maize,MX25,20041021,31.029
maize,MX26,20041021,39.292
maize,MX27,20041021,67.403
maize,MX28,20041021,46.71
maize,MX29,20041021,35.994
maize,MX30,20041021,67.412
maize,MX31,20041021,79.292
maize,MX32,20041021,44.64
maize,MX01,20041101,36.538
maize,MX02,20041101,30.502
maize,MX03,20041101,36.028
maize,MX04,20041101,80.326
maize,MX05,20041101,33.364
maize,MX06,20041101,68.286
maize,MX07,20041101,65.783
maize,MX08,20041101,23.66
maize,MX09,20041101,37.498
maize,MX10,20041101,34.683
maize,MX11,20041101,40.288
maize,MX12,20041101,59.859
maize,MX13,20041101,39.605
maize,MX14,20041101,48.719
maize,MX15,20041101,42.87
maize,MX16,20041101,47.999
maize,MX17,20041101,56.405
maize,MX18,20041101,58.855
maize,MX19,20041101,42.116
maize,MX20,20041101,60.498
maize,MX21,20041101,42.44
maize,MX22,20041101,37.515
maize,MX23,20041101,86.478
maize,MX24,20041101,48.359
maize,MX25,20041101,30.575
maize,MX26,20041101,35.246
maize,MX27,20041101,67.122
maize,MX28,20041101,43.498
maize,MX29,20041101,31.628
maize,MX30,20041101,65.799
maize,MX31,20041101,77.99
maize,MX32,20041101,38.418
maize,MX01,20041111,32.237
maize,MX02,20041111,31.426
maize,MX03,20041111,33.117
maize,MX04,20041111,79.771
maize,MX05,20041111,30.775
maize,MX06,20041111,63.897
maize,MX07,20041111,62.309
maize,MX08,20041111,20.272
maize,MX09,20041111,32.436
maize,MX10,20041111,29.081
maize,MX11,20041111,35.104
maize,MX12,20041111,54.021
maize,MX13,20041111,37.279
maize,MX14,20041111,43.581
maize,MX15,20041111,38.344
maize,MX16,20041111,43.416
maize,MX17,20041111,50.895
maize,MX18,20041111,55.412
maize,MX19,20041111,38.09
maize,MX20,20041111,57.311
maize,MX21,20041111,37.594
maize,MX22,20041111,34.263
maize,MX23,20041111,86.633
maize,MX24,20041111,44.92
maize,MX25,20041111,31.654
maize,MX26,20041111,32.837
maize,MX27,20041111,66.161
maize,MX28,20041111,40.201
maize,MX29,20041111,27.726
maize,MX30,20041111,63.174
maize,MX31,20041111,76.211
maize,MX32,20041111,33.203
maize,MX01,20041121,28.939
maize,MX02,20041121,32.431
maize,MX03,20041121,30.703
maize,MX04,20041121,78.817
maize,MX05,20041121,28.649
maize,MX06,20041121,59.219
maize,MX07,20041121,58.196
maize,MX08,20041121,18.019
maize,MX09,20041121,28.063
maize,MX10,20041121,24.994
maize,MX11,20041121,30.684
maize,MX12,20041121,48.528
maize,MX13,20041121,35.196
maize,MX14,20041121,39.152
maize,MX15,20041121,34.288
maize,MX16,20041121,39.106
maize,MX17,20041121,45.722
maize,MX18,20041121,52.501
maize,MX19,20041121,34.502
maize,MX20,20041121,53.835
maize,MX21,20041121,33.312
maize,MX22,20041121,31.666
maize,MX23,20041121,86.598
maize,MX24,20041121,41.601
maize,MX25,20041121,33.783
maize,MX26,20041121,31.567
maize,MX27,20041121,64.502
maize,MX28,20041121,37.048
maize,MX29,20041121,24.497
maize,MX30,20041121,59.652
maize,MX31,20041121,74.05
maize,MX32,20041121,29.055
maize,MX01,20041201,26.763
maize,MX02,20041201,33.451
maize,MX03,20041201,28.737
maize,MX04,20041201,77.411
maize,MX05,20041201,27.036
maize,MX06,20041201,54.826
maize,MX07,20041201,53.992
maize,MX08,20041201,16.679
maize,MX09,20041201,24.731
maize,MX10,20041201,22.381
maize,MX11,20041201,27.328
maize,MX12,20041201,43.861
maize,MX13,20041201,33.508
maize,MX14,20041201,35.645
maize,MX15,20041201,31.062
maize,MX16,20041201,35.387
maize,MX17,20041201,41.276
maize,MX18,20041201,50.308
maize,MX19,20041201,31.534
maize,MX20,20041201,50.439
maize,MX21,20041201,30.03
maize,MX22,20041201,29.894
maize,MX23,20041201,86.357
maize,MX24,20041201,38.627
maize,MX25,20041201,36.656
maize,MX26,20041201,31.21
maize,MX27,20041201,62.457
maize,MX28,20041201,34.119
maize,MX29,20041201,22.193
maize,MX30,20041201,55.554
maize,MX31,20041201,71.672
maize,MX32,20041201,26.132
maize,MX01,20041211,25.346
maize,MX02,20041211,35.095
maize,MX03,20041211,27.325
maize,MX04,20041211,75.495
maize,MX05,20041211,25.848
maize,MX06,20041211,51.007
maize,MX07,20041211,50.134
maize,MX08,20041211,15.894
maize,MX09,20041211,22.512
maize,MX10,20041211,20.851
maize,MX11,20041211,25.221
maize,MX12,20041211,40.284
maize,MX13,20041211,32.092
maize,MX14,20041211,33.028
maize,MX15,20041211,28.577
maize,MX16,20041211,32.487
maize,MX17,20041211,37.741
maize,MX18,20041211,48.851
maize,MX19,20041211,29.098
maize,MX20,20041211,47.363
maize,MX21,20041211,27.709
maize,MX22,20041211,28.691
maize,MX23,20041211,85.925
maize,MX24,20041211,36.045
maize,MX25,20041211,40.13
maize,MX26,20041211,31.732
maize,MX27,20041211,60.442
maize,MX28,20041211,31.503
maize,MX29,20041211,20.683
maize,MX30,20041211,51.248
maize,MX31,20041211,69.232
maize,MX32,20041211,24.152
maize,MX01,20041221,24.389
maize,MX02,20041221,37.617
maize,MX03,20041221,26.567
maize,MX04,20041221,73.099
maize,MX05,20041221,24.849
maize,MX06,20041221,47.95
maize,MX07,20041221,46.792
maize,MX08,20041221,15.42
maize,MX09,20041221,21.041
maize,MX10,20041221,19.849
maize,MX11,20041221,24.497
maize,MX12,20041221,37.749
maize,MX13,20041221,30.946
maize,MX14,20041221,31.094
maize,MX15,20041221,26.732
maize,MX16,20041221,30.539
maize,MX17,20041221,34.993
maize,MX18,20041221,47.838
maize,MX19,20041221,26.881
maize,MX20,20041221,44.685
maize,MX21,20041221,26.068
maize,MX22,20041221,27.976
maize,MX23,20041221,85.332
maize,MX24,20041221,33.782
maize,MX25,20041221,44.089
maize,MX26,20041221,33.293
maize,MX27,20041221,58.752
maize,MX28,20041221,29.082
maize,MX29,20041221,19.636
maize,MX30,20041221,47.128
maize,MX31,20041221,66.68
maize,MX32,20041221,22.74
maize,MX01,20050101,23.691
maize,MX02,20050101,41.46
maize,MX03,20050101,27.024
maize,MX04,20050101,70.035
maize,MX05,20050101,24.103
maize,MX06,20050101,45.333
maize,MX07,20050101,43.836
maize,MX08,20050101,15.108
maize,MX09,20050101,19.838
maize,MX10,20050101,19.071
maize,MX11,20050101,25.582
maize,MX12,20050101,35.825
maize,MX13,20050101,30.044
maize,MX14,20050101,29.699
maize,MX15,20050101,25.08
maize,MX16,20050101,29.589
maize,MX17,20050101,32.653
maize,MX18,20050101,46.915
maize,MX19,20050101,24.652
maize,MX20,20050101,42.3
maize,MX21,20050101,24.763
maize,MX22,20050101,27.744
maize,MX23,20050101,84.578
maize,MX24,20050101,31.506
maize,MX25,20050101,48.897
maize,MX26,20050101,36.317
maize,MX27,20050101,57.433
maize,MX28,20050101,26.667
maize,MX29,20050101,18.806
maize,MX30,20050101,43.138
maize,MX31,20050101,63.861
maize,MX32,20050101,21.603
maize,MX01,20050111,23.347
maize,MX02,20050111,45.793
maize,MX03,20050111,28.912
maize,MX04,20050111,66.74
maize,MX05,20050111,23.974
maize,MX06,20050111,43.562
maize,MX07,20050111,41.676
maize,MX08,20050111,14.985
maize,MX09,20050111,19.034
maize,MX10,20050111,18.533
maize,MX11,20050111,28.274
maize,MX12,20050111,34.543
maize,MX13,20050111,29.72
maize,MX14,20050111,28.961
maize,MX15,20050111,23.905
maize,MX16,20050111,29.824
maize,MX17,20050111,30.909
maize,MX18,20050111,45.881
maize,MX19,20050111,23.027
maize,MX20,20050111,40.524
maize,MX21,20050111,23.873
maize,MX22,20050111,27.947
maize,MX23,20050111,83.731
maize,MX24,20050111,29.748
maize,MX25,20050111,53.407
maize,MX26,20050111,40.106
maize,MX27,20050111,56.444
maize,MX28,20050111,24.938
maize,MX29,20050111,18.262
maize,MX30,20050111,40.04
maize,MX31,20050111,61.203
maize,MX32,20050111,20.789
maize,MX01,20050121,23.165
maize,MX02,20050121,50.483
maize,MX03,20050121,32.122
maize,MX04,20050121,63.089
maize,MX05,20050121,24.426
maize,MX06,20050121,42.316
maize,MX07,20050121,39.941
maize,MX08,20050121,14.991
maize,MX09,20050121,18.54
maize,MX10,20050121,18.098
maize,MX11,20050121,32.181
maize,MX12,20050121,33.484
maize,MX13,20050121,29.792
maize,MX14,20050121,28.634
maize,MX15,20050121,23.023
maize,MX16,20050121,31.004
maize,MX17,20050121,29.397
maize,MX18,20050121,44.664
maize,MX19,20050121,22.032
maize,MX20,20050121,39.159
maize,MX21,20050121,23.151
maize,MX22,20050121,28.465
maize,MX23,20050121,82.766
maize,MX24,20050121,28.418
maize,MX25,20050121,57.544
maize,MX26,20050121,44.378
maize,MX27,20050121,55.162
maize,MX28,20050121,23.969
maize,MX29,20050121,17.803
maize,MX30,20050121,37.584
maize,MX31,20050121,58.553
maize,MX32,20050121,20.075
maize,MX01,20050201,22.991
maize,MX02,20050201,55.634
maize,MX03,20050201,36.125
maize,MX04,20050201,58.634
maize,MX05,20050201,25.618
maize,MX06,20050201,41.231
maize,MX07,20050201,38.349
maize,MX08,20050201,15.243
maize,MX09,20050201,18.334
maize,MX10,20050201,17.848
maize,MX11,20050201,36.775
maize,MX12,20050201,32.452
maize,MX13,20050201,29.928
maize,MX14,20050201,28.68
maize,MX15,20050201,22.302
maize,MX16,20050201,32.965
maize,MX17,20050201,27.883
maize,MX18,20050201,43.203
maize,MX19,20050201,21.902
maize,MX20,20050201,38.009
maize,MX21,20050201,22.458
maize,MX22,20050201,28.945
maize,MX23,20050201,81.614
maize,MX24,20050201,27.51
maize,MX25,20050201,61.043
maize,MX26,20050201,48.834
maize,MX27,20050201,53.319
maize,MX28,20050201,24.253
maize,MX29,20050201,17.383
maize,MX30,20050201,35.675
maize,MX31,20050201,55.471
maize,MX32,20050201,19.395
maize,MX01,20050211,22.756
maize,MX02,20050211,59.939
maize,MX03,20050211,39.351
maize,MX04,20050211,54.431
maize,MX05,20050211,27.132
maize,MX06,20050211,40.186
maize,MX07,20050211,37.135
maize,MX08,20050211,15.702
maize,MX09,20050211,18.271
maize,MX10,20050211,17.805
maize,MX11,20050211,40.254
maize,MX12,20050211,31.45
maize,MX13,20050211,29.798
maize,MX14,20050211,28.856
maize,MX15,20050211,21.777
maize,MX16,20050211,34.698
maize,MX17,20050211,26.576
maize,MX18,20050211,41.742
maize,MX19,20050211,22.866
maize,MX20,20050211,37.185
maize,MX21,20050211,21.857
maize,MX22,20050211,29.026
maize,MX23,20050211,80.487
maize,MX24,20050211,27.244
maize,MX25,20050211,63.012
maize,MX26,20050211,52.168
maize,MX27,20050211,51.377
maize,MX28,20050211,26.015
maize,MX29,20050211,17.042
maize,MX30,20050211,34.676
maize,MX31,20050211,52.669
maize,MX32,20050211,18.938
maize,MX01,20050221,22.438
maize,MX02,20050221,63.237
maize,MX03,20050221,41.155
maize,MX04,20050221,50.449
maize,MX05,20050221,28.772
maize,MX06,20050221,39.014
maize,MX07,20050221,36.314
maize,MX08,20050221,16.292
maize,MX09,20050221,18.19
maize,MX10,20050221,17.983
maize,MX11,20050221,42.425
maize,MX12,20050221,30.433
maize,MX13,20050221,29.355
maize,MX14,20050221,28.955
maize,MX15,20050221,21.218
maize,MX16,20050221,35.771
maize,MX17,20050221,25.459
maize,MX18,20050221,40.15
maize,MX19,20050221,24.861
maize,MX20,20050221,36.475
maize,MX21,20050221,21.252
maize,MX22,20050221,28.739
maize,MX23,20050221,79.165
maize,MX24,20050221,27.436
maize,MX25,20050221,63.51
maize,MX26,20050221,54.235
maize,MX27,20050221,49.278
maize,MX28,20050221,29.25
maize,MX29,20050221,16.678
maize,MX30,20050221,34.238
maize,MX31,20050221,50.163
maize,MX32,20050221,18.71
maize,MX01,20050301,22.129
maize,MX02,20050301,64.618
maize,MX03,20050301,41.24
maize,MX04,20050301,47.837
maize,MX05,20050301,29.864
maize,MX06,20050301,38.122
maize,MX07,20050301,35.889
maize,MX08,20050301,16.729
maize,MX09,20050301,18.158
maize,MX10,20050301,18.221
maize,MX11,20050301,43.233
maize,MX12,20050301,29.679
maize,MX13,20050301,28.962
maize,MX14,20050301,28.897
maize,MX15,20050301,20.839
maize,MX16,20050301,36.126
maize,MX17,20050301,24.808
maize,MX18,20050301,38.745
maize,MX19,20050301,26.966
maize,MX20,20050301,35.964
maize,MX21,20050301,20.839
maize,MX22,20050301,28.375
maize,MX23,20050301,78.007
maize,MX24,20050301,27.802
maize,MX25,20050301,62.894
maize,MX26,20050301,54.694
maize,MX27,20050301,47.611
maize,MX28,20050301,32.69
maize,MX29,20050301,16.436
maize,MX30,20050301,34.076
maize,MX31,20050301,48.689
maize,MX32,20050301,18.657
maize,MX01,20050311,21.777
maize,MX02,20050311,64.432
maize,MX03,20050311,39.861
maize,MX04,20050311,45.918
maize,MX05,20050311,30.596
maize,MX06,20050311,37.005
maize,MX07,20050311,35.722
maize,MX08,20050311,17.089
maize,MX09,20050311,18.217
maize,MX10,20050311,18.529
maize,MX11,20050311,43.127
maize,MX12,20050311,28.902
maize,MX13,20050311,28.642
maize,MX14,20050311,28.632
maize,MX15,20050311,20.582
maize,MX16,20050311,35.937
maize,MX17,20050311,24.311
maize,MX18,20050311,36.731
maize,MX19,20050311,29.619
maize,MX20,20050311,35.431
maize,MX21,20050311,20.522
maize,MX22,20050311,27.834
maize,MX23,20050311,76.592
maize,MX24,20050311,28.247
maize,MX25,20050311,61.033
maize,MX26,20050311,53.537
maize,MX27,20050311,45.675
maize,MX28,20050311,37.332
maize,MX29,20050311,16.32
maize,MX30,20050311,33.945
maize,MX31,20050311,47.815
maize,MX32,20050311,18.7
maize,MX01,20050321,21.402
maize,MX02,20050321,62.229
maize,MX03,20050321,37.178
maize,MX04,20050321,45.941
maize,MX05,20050321,30.604
maize,MX06,20050321,35.824
maize,MX07,20050321,35.964
maize,MX08,20050321,17.206
maize,MX09,20050321,18.284
maize,MX10,20050321,18.84
maize,MX11,20050321,41.667
maize,MX12,20050321,28.225
maize,MX13,20050321,28.5
maize,MX14,20050321,28.076
maize,MX15,20050321,20.57
maize,MX16,20050321,35.037
maize,MX17,20050321,23.996
maize,MX18,20050321,34.51
maize,MX19,20050321,31.599
maize,MX20,20050321,34.801
maize,MX21,20050321,20.436
maize,MX22,20050321,27.193
maize,MX23,20050321,75.309
maize,MX24,20050321,28.333
maize,MX25,20050321,58.121
maize,MX26,20050321,50.549
maize,MX27,20050321,43.984
maize,MX28,20050321,41.304
maize,MX29,20050321,16.441
maize,MX30,20050321,33.445
maize,MX31,20050321,48.05
maize,MX32,20050321,18.75
maize,MX01,20050401,21.083
maize,MX02,20050401,58.005
maize,MX03,20050401,33.452
maize,MX04,20050401,47.9
maize,MX05,20050401,29.928
maize,MX06,20050401,34.451
maize,MX07,20050401,36.584
maize,MX08,20050401,17.242
maize,MX09,20050401,18.453
maize,MX10,20050401,19.239
maize,MX11,20050401,38.447
maize,MX12,20050401,27.624
maize,MX13,20050401,28.742
maize,MX14,20050401,27.204
maize,MX15,20050401,20.901
maize,MX16,20050401,33.241
maize,MX17,20050401,23.83
maize,MX18,20050401,32.267
maize,MX19,20050401,32.566
maize,MX20,20050401,34.167
maize,MX21,20050401,20.66
maize,MX22,20050401,26.614
maize,MX23,20050401,74.11
maize,MX24,20050401,28.032
maize,MX25,20050401,53.979
maize,MX26,20050401,45.746
maize,MX27,20050401,42.59
maize,MX28,20050401,43.894
maize,MX29,20050401,16.929
maize,MX30,20050401,32.682
maize,MX31,20050401,48.907
maize,MX32,20050401,18.904
maize,MX01,20050411,20.916
maize,MX02,20050411,53.033
maize,MX03,20050411,30.228
maize,MX04,20050411,50.584
maize,MX05,20050411,29.02
maize,MX06,20050411,33.296
maize,MX07,20050411,37.365
maize,MX08,20050411,17.336
maize,MX09,20050411,18.736
maize,MX10,20050411,19.692
maize,MX11,20050411,34.507
maize,MX12,20050411,27.239
maize,MX13,20050411,29.246
maize,MX14,20050411,26.284
maize,MX15,20050411,21.405
maize,MX16,20050411,31.111
maize,MX17,20050411,23.776
maize,MX18,20050411,30.54
maize,MX19,20050411,32.737
maize,MX20,20050411,33.948
maize,MX21,20050411,21.154
maize,MX22,20050411,26.409
maize,MX23,20050411,73.495
maize,MX24,20050411,27.656
maize,MX25,20050411,49.598
maize,MX26,20050411,40.854
maize,MX27,20050411,41.867
maize,MX28,20050411,44.769
maize,MX29,20050411,17.61
maize,MX30,20050411,32.337
maize,MX31,20050411,49.919
maize,MX32,20050411,19.144
maize,MX01,20050421,20.805
maize,MX02,20050421,47.431
maize,MX03,20050421,27.676
maize,MX04,20050421,53.028
maize,MX05,20050421,28.317
maize,MX06,20050421,32.306
maize,MX07,20050421,38.363
maize,MX08,20050421,17.566
maize,MX09,20050421,18.883
maize,MX10,20050421,20.165
maize,MX11,20050421,30.462
maize,MX12,20050421,26.899
maize,MX13,20050421,29.893
maize,MX14,20050421,25.218
maize,MX15,20050421,21.908
maize,MX16,20050421,28.835
maize,MX17,20050421,23.735
maize,MX18,20050421,29.107
maize,MX19,20050421,32.922
maize,MX20,20050421,34.557
maize,MX21,20050421,21.85
maize,MX22,20050421,26.709
maize,MX23,20050421,73.689
maize,MX24,20050421,27.494
maize,MX25,20050421,44.974
maize,MX26,20050421,36.2
maize,MX27,20050421,41.632
maize,MX28,20050421,44.902
maize,MX29,20050421,18.444
maize,MX30,20050421,33.023
maize,MX31,20050421,51.154
maize,MX32,20050421,19.334
maize,MX01,20050501,20.863
maize,MX02,20050501,41.96
maize,MX03,20050501,26.021
maize,MX04,20050501,54.864
maize,MX05,20050501,28.103
maize,MX06,20050501,31.516
maize,MX07,20050501,39.829
maize,MX08,20050501,17.932
maize,MX09,20050501,19.12
maize,MX10,20050501,20.554
maize,MX11,20050501,27.123
maize,MX12,20050501,26.636
maize,MX13,20050501,30.636
maize,MX14,20050501,24.284
maize,MX15,20050501,22.318
maize,MX16,20050501,26.952
maize,MX17,20050501,23.491
maize,MX18,20050501,27.969
maize,MX19,20050501,33.332
maize,MX20,20050501,36.281
maize,MX21,20050501,22.68
maize,MX22,20050501,27.564
maize,MX23,20050501,74.312
maize,MX24,20050501,27.77
maize,MX25,20050501,40.385
maize,MX26,20050501,32.446
maize,MX27,20050501,41.606
maize,MX28,20050501,44.782
maize,MX29,20050501,19.425
maize,MX30,20050501,35.135
maize,MX31,20050501,52.922
maize,MX32,20050501,19.548
maize,MX01,20050511,21.031
maize,MX02,20050511,37.503
maize,MX03,20050511,24.83
maize,MX04,20050511,56.68
maize,MX05,20050511,28.407
maize,MX06,20050511,30.925
maize,MX07,20050511,42.169
maize,MX08,20050511,18.534
maize,MX09,20050511,19.211
maize,MX10,20050511,20.671
maize,MX11,20050511,25.136
maize,MX12,20050511,26.547
maize,MX13,20050511,31.496
maize,MX14,20050511,23.58
maize,MX15,20050511,22.77
maize,MX16,20050511,25.876
maize,MX17,20050511,23.196
maize,MX18,20050511,27.064
maize,MX19,20050511,33.648
maize,MX20,20050511,38.948
maize,MX21,20050511,23.601
maize,MX22,20050511,28.948
maize,MX23,20050511,75.521
maize,MX24,20050511,28.473
maize,MX25,20050511,36.112
maize,MX26,20050511,29.797
maize,MX27,20050511,42.393
maize,MX28,20050511,44.453
maize,MX29,20050511,20.352
maize,MX30,20050511,38.368
maize,MX31,20050511,55.303
maize,MX32,20050511,19.713
maize,MX01,20050521,21.368
maize,MX02,20050521,34.691
maize,MX03,20050521,24.115
maize,MX04,20050521,58.988
maize,MX05,20050521,29.131
maize,MX06,20050521,30.414
maize,MX07,20050521,45.472
maize,MX08,20050521,19.501
maize,MX09,20050521,19.731
maize,MX10,20050521,20.663
maize,MX11,20050521,24.815
maize,MX12,20050521,27.005
maize,MX13,20050521,32.45
maize,MX14,20050521,23.334
maize,MX15,20050521,23.487
maize,MX16,20050521,25.959
maize,MX17,20050521,23.073
maize,MX18,20050521,26.528
maize,MX19,20050521,33.543
maize,MX20,20050521,42.138
maize,MX21,20050521,24.624
maize,MX22,20050521,30.608
maize,MX23,20050521,77.052
maize,MX24,20050521,29.478
maize,MX25,20050521,32.513
maize,MX26,20050521,28.166
maize,MX27,20050521,43.988
maize,MX28,20050521,43.625
maize,MX29,20050521,21.37
maize,MX30,20050521,42.226
maize,MX31,20050521,58.398
maize,MX32,20050521,19.86
maize,MX01,20050601,22.061
maize,MX02,20050601,33.253
maize,MX03,20050601,23.388
maize,MX04,20050601,62.042
maize,MX05,20050601,30.103
maize,MX06,20050601,30.845
maize,MX07,20050601,49.722
maize,MX08,20050601,21.007
maize,MX09,20050601,20.823
maize,MX10,20050601,20.693
maize,MX11,20050601,26.598
maize,MX12,20050601,29.145
maize,MX13,20050601,33.63
maize,MX14,20050601,24.176
maize,MX15,20050601,25.036
maize,MX16,20050601,27.984
maize,MX17,20050601,24.042
maize,MX18,20050601,26.861
maize,MX19,20050601,32.766
maize,MX20,20050601,45.279
maize,MX21,20050601,26.249
maize,MX22,20050601,32.74
maize,MX23,20050601,78.761
maize,MX24,20050601,30.798
maize,MX25,20050601,29.461
maize,MX26,20050601,27.139
maize,MX27,20050601,46.718
maize,MX28,20050601,41.856
maize,MX29,20050601,23.013
maize,MX30,20050601,46.205
maize,MX31,20050601,62.229
maize,MX32,20050601,20.221
maize,MX01,20050611,23.271
maize,MX02,20050611,33.079
maize,MX03,20050611,22.588
maize,MX04,20050611,65.055
maize,MX05,20050611,30.905
maize,MX06,20050611,33.379
maize,MX07,20050611,53.569
maize,MX08,20050611,22.81
maize,MX09,20050611,22.846
maize,MX10,20050611,21.219
maize,MX11,20050611,30.335
maize,MX12,20050611,33.462
maize,MX13,20050611,34.975
maize,MX14,20050611,26.746
maize,MX15,20050611,27.749
maize,MX16,20050611,32.154
maize,MX17,20050611,26.687
maize,MX18,20050611,28.764
maize,MX19,20050611,31.768
maize,MX20,20050611,47.85
maize,MX21,20050611,28.593
maize,MX22,20050611,35.065
maize,MX23,20050611,80.184
maize,MX24,20050611,32.222
maize,MX25,20050611,27.607
maize,MX26,20050611,26.556
maize,MX27,20050611,50.131
maize,MX28,20050611,39.82
maize,MX29,20050611,25.343
maize,MX30,20050611,49.487
maize,MX31,20050611,65.981
maize,MX32,20050611,21.201
maize,MX01,20050621,25.546
maize,MX02,20050621,33.417
maize,MX03,20050621,21.66
maize,MX04,20050621,68.107
maize,MX05,20050621,31.511
maize,MX06,20050621,38.48
maize,MX07,20050621,57.033
maize,MX08,20050621,25.065
maize,MX09,20050621,26.024
maize,MX10,20050621,22.951
maize,MX11,20050621,35.997
maize,MX12,20050621,40.279
maize,MX13,20050621,36.872
maize,MX14,20050621,31.621
maize,MX15,20050621,32.1
maize,MX16,20050621,38.776
maize,MX17,20050621,31.728
maize,MX18,20050621,32.77
maize,MX19,20050621,31.173
maize,MX20,20050621,50.494
maize,MX21,20050621,32.285
maize,MX22,20050621,37.912
maize,MX23,20050621,81.48
maize,MX24,20050621,34.046
maize,MX25,20050621,26.702
maize,MX26,20050621,26.431
maize,MX27,20050621,54.045
maize,MX28,20050621,38.22
maize,MX29,20050621,29.185
maize,MX30,20050621,52.74
maize,MX31,20050621,69.448
maize,MX32,20050621,23.395
maize,MX01,20050701,29.06
maize,MX02,20050701,33.75
maize,MX03,20050701,20.644
maize,MX04,20050701,70.951
maize,MX05,20050701,31.985
maize,MX06,20050701,45.697
maize,MX07,20050701,59.864
maize,MX08,20050701,27.918
maize,MX09,20050701,30.708
maize,MX10,20050701,26.391
maize,MX11,20050701,43.051
maize,MX12,20050701,48.764
maize,MX13,20050701,39.622
maize,MX14,20050701,38.724
maize,MX15,20050701,38.119
maize,MX16,20050701,47.2
maize,MX17,20050701,39.025
maize,MX18,20050701,38.863
maize,MX19,20050701,31.66
maize,MX20,20050701,53.289
maize,MX21,20050701,37.194
maize,MX22,20050701,41.497
maize,MX23,20050701,82.577
maize,MX24,20050701,36.403
maize,MX25,20050701,26.765
maize,MX26,20050701,27.109
maize,MX27,20050701,57.783
maize,MX28,20050701,37.826
maize,MX29,20050701,34.511
maize,MX30,20050701,55.952
maize,MX31,20050701,72.329
maize,MX32,20050701,27.125
maize,MX01,20050711,33.811
maize,MX02,20050711,33.906
maize,MX03,20050711,19.702
maize,MX04,20050711,73.188
maize,MX05,20050711,32.629
maize,MX06,20050711,53.591
maize,MX07,20050711,61.8
maize,MX08,20050711,31.553
maize,MX09,20050711,36.213
maize,MX10,20050711,31.72
maize,MX11,20050711,50.505
maize,MX12,20050711,57.314
maize,MX13,20050711,42.782
maize,MX14,20050711,47.14
maize,MX15,20050711,44.898
maize,MX16,20050711,56.008
maize,MX17,20050711,47.582
maize,MX18,20050711,46.273
maize,MX19,20050711,33.663
maize,MX20,20050711,55.846
maize,MX21,20050711,42.547
maize,MX22,20050711,45.431
maize,MX23,20050711,83.346
maize,MX24,20050711,38.997
maize,MX25,20050711,27.748
maize,MX26,20050711,28.849
maize,MX27,20050711,60.615
maize,MX28,20050711,38.85
maize,MX29,20050711,40.823
maize,MX30,20050711,58.732
maize,MX31,20050711,74.069
maize,MX32,20050711,32.274
maize,MX01,20050721,39.401
maize,MX02,20050721,33.804
maize,MX03,20050721,18.954
maize,MX04,20050721,75.03
maize,MX05,20050721,33.735
maize,MX06,20050721,60.539
maize,MX07,20050721,63.044
maize,MX08,20050721,36.165
maize,MX09,20050721,41.909
maize,MX10,20050721,38.612
maize,MX11,20050721,57.338
maize,MX12,20050721,64.69
maize,MX13,20050721,46.118
maize,MX14,20050721,55.619
maize,MX15,20050721,51.646
maize,MX16,20050721,63.634
maize,MX17,20050721,56.23
maize,MX18,20050721,53.742
maize,MX19,20050721,37.014
maize,MX20,20050721,57.98
maize,MX21,20050721,47.688
maize,MX22,20050721,49.292
maize,MX23,20050721,83.904
maize,MX24,20050721,41.744
maize,MX25,20050721,29.511
maize,MX26,20050721,31.554
maize,MX27,20050721,62.511
maize,MX28,20050721,41.129
maize,MX29,20050721,47.384
maize,MX30,20050721,60.824
maize,MX31,20050721,74.91
maize,MX32,20050721,38.397
maize,MX01,20050801,45.754
maize,MX02,20050801,33.259
maize,MX03,20050801,18.415
maize,MX04,20050801,76.56
maize,MX05,20050801,35.227
maize,MX06,20050801,66.217
maize,MX07,20050801,64.003
maize,MX08,20050801,42.176
maize,MX09,20050801,48.084
maize,MX10,20050801,46.916
maize,MX11,20050801,63.236
maize,MX12,20050801,70.809
maize,MX13,20050801,49.628
maize,MX14,20050801,63.648
maize,MX15,20050801,58.039
maize,MX16,20050801,69.561
maize,MX17,20050801,64.736
maize,MX18,20050801,60.772
maize,MX19,20050801,41.222
maize,MX20,20050801,59.816
maize,MX21,20050801,52.678
maize,MX22,20050801,52.925
maize,MX23,20050801,84.317
maize,MX24,20050801,44.867
maize,MX25,20050801,31.874
maize,MX26,20050801,34.667
maize,MX27,20050801,63.409
maize,MX28,20050801,44.337
maize,MX29,20050801,53.953
maize,MX30,20050801,62.472
maize,MX31,20050801,75.245
maize,MX32,20050801,45.358
maize,MX01,20050811,51.117
maize,MX02,20050811,32.188
maize,MX03,20050811,18.073
maize,MX04,20050811,77.706
maize,MX05,20050811,36.502
maize,MX06,20050811,69.489
maize,MX07,20050811,64.956
maize,MX08,20050811,47.92
maize,MX09,20050811,52.774
maize,MX10,20050811,53.714
maize,MX11,20050811,66.915
maize,MX12,20050811,74.673
maize,MX13,20050811,52.421
maize,MX14,20050811,69.177
maize,MX15,20050811,62.52
maize,MX16,20050811,72.804
maize,MX17,20050811,70.974
maize,MX18,20050811,65.561
maize,MX19,20050811,44.31
maize,MX20,20050811,61.34
maize,MX21,20050811,56.502
maize,MX22,20050811,55.284
maize,MX23,20050811,84.685
maize,MX24,20050811,47.662
maize,MX25,20050811,33.638
maize,MX26,20050811,36.482
maize,MX27,20050811,63.782
maize,MX28,20050811,46.886
maize,MX29,20050811,58.653
maize,MX30,20050811,63.752
maize,MX31,20050811,75.892
maize,MX32,20050811,51.188
maize,MX01,20050821,55.496
maize,MX02,20050821,30.507
maize,MX03,20050821,17.94
maize,MX04,20050821,78.565
maize,MX05,20050821,37.325
maize,MX06,20050821,71.478
maize,MX07,20050821,66.082
maize,MX08,20050821,52.76
maize,MX09,20050821,56.343
maize,MX10,20050821,58.487
maize,MX11,20050821,69.018
maize,MX12,20050821,77.163
maize,MX13,20050821,54.691
maize,MX14,20050821,72.859
maize,MX15,20050821,65.709
maize,MX16,20050821,74.45
maize,MX17,20050821,75.474
maize,MX18,20050821,68.836
maize,MX19,20050821,46.255
maize,MX20,20050821,62.811
maize,MX21,20050821,59.524
maize,MX22,20050821,56.517
maize,MX23,20050821,85.068
maize,MX24,20050821,50.265
maize,MX25,20050821,34.385
maize,MX26,20050821,36.684
maize,MX27,20050821,63.781
maize,MX28,20050821,48.695
maize,MX29,20050821,61.728
maize,MX30,20050821,64.915
maize,MX31,20050821,76.709
maize,MX32,20050821,55.962
maize,MX01,20050901,58.266
maize,MX02,20050901,28.623
maize,MX03,20050901,18.236
maize,MX04,20050901,79.32
maize,MX05,20050901,37.562
maize,MX06,20050901,72.766
maize,MX07,20050901,67.406
maize,MX08,20050901,55.442
maize,MX09,20050901,58.698
maize,MX10,20050901,60.452
maize,MX11,20050901,69.353
maize,MX12,20050901,78.402
maize,MX13,20050901,56.196
maize,MX14,20050901,74.585
maize,MX15,20050901,67.61
maize,MX16,20050901,74.601
maize,MX17,20050901,77.911
maize,MX18,20050901,70.937
maize,MX19,20050901,47.162
maize,MX20,20050901,64.211
maize,MX21,20050901,61.453
maize,MX22,20050901,56.332
maize,MX23,20050901,85.536
maize,MX24,20050901,52.575
maize,MX25,20050901,34.02
maize,MX26,20050901,35.203
maize,MX27,20050901,63.744
maize,MX28,20050901,49.921
maize,MX29,20050901,62.813
maize,MX30,20050901,66.116
maize,MX31,20050901,77.575
maize,MX32,20050901,59.223
maize,MX01,20050911,58.036
maize,MX02,20050911,27.393
maize,MX03,20050911,18.916
maize,MX04,20050911,79.887
maize,MX05,20050911,37.245
maize,MX06,20050911,73.435
maize,MX07,20050911,68.282
maize,MX08,20050911,54.527
maize,MX09,20050911,58.98
maize,MX10,20050911,58.961
maize,MX11,20050911,67.578
maize,MX12,20050911,78.095
maize,MX13,20050911,56.257
maize,MX14,20050911,73.803
maize,MX15,20050911,67.595
maize,MX16,20050911,73.11
maize,MX17,20050911,77.803
maize,MX18,20050911,71.478
maize,MX19,20050911,47.122
maize,MX20,20050911,64.878
maize,MX21,20050911,61.397
maize,MX22,20050911,54.555
maize,MX23,20050911,85.881
maize,MX24,20050911,53.868
maize,MX25,20050911,32.787
maize,MX26,20050911,32.838
maize,MX27,20050911,63.572
maize,MX28,20050911,50.679
maize,MX29,20050911,61.282
maize,MX30,20050911,66.931
maize,MX31,20050911,78.167
maize,MX32,20050911,59.589
maize,MX01,20050921,54.615
maize,MX02,20050921,26.973
maize,MX03,20050921,19.957
maize,MX04,20050921,80.247
maize,MX05,20050921,36.596
maize,MX06,20050921,73.858
maize,MX07,20050921,68.521
maize,MX08,20050921,50.48
maize,MX09,20050921,57.292
maize,MX10,20050921,54.757
maize,MX11,20050921,63.631
maize,MX12,20050921,76.069
maize,MX13,20050921,54.806
maize,MX14,20050921,70.746
maize,MX15,20050921,65.529
maize,MX16,20050921,69.948
maize,MX17,20050921,75.432
maize,MX18,20050921,70.865
maize,MX19,20050921,46.404
maize,MX20,20050921,64.86
maize,MX21,20050921,59.335
maize,MX22,20050921,51.286
maize,MX23,20050921,85.951
maize,MX24,20050921,54.03
maize,MX25,20050921,31.102
maize,MX26,20050921,30.178
maize,MX27,20050921,63.343
maize,MX28,20050921,51.174
maize,MX29,20050921,57.243
maize,MX30,20050921,67.44
maize,MX31,20050921,78.425
maize,MX32,20050921,57.227
maize,MX01,20051001,49.048
maize,MX02,20051001,27.244
maize,MX03,20051001,21.229
maize,MX04,20051001,80.609
maize,MX05,20051001,35.817
maize,MX06,20051001,74.064
maize,MX07,20051001,68.205
maize,MX08,20051001,44.545
maize,MX09,20051001,54.086
maize,MX10,20051001,49.075
maize,MX11,20051001,58.068
maize,MX12,20051001,72.622
maize,MX13,20051001,52.364
maize,MX14,20051001,65.971
maize,MX15,20051001,61.661
maize,MX16,20051001,65.504
maize,MX17,20051001,71.242
maize,MX18,20051001,69.399
maize,MX19,20051001,45.499
maize,MX20,20051001,64.203
maize,MX21,20051001,55.724
maize,MX22,20051001,47.254
maize,MX23,20051001,86.102
maize,MX24,20051001,53.298
maize,MX25,20051001,29.357
maize,MX26,20051001,27.872
maize,MX27,20051001,63.131
maize,MX28,20051001,51.513
maize,MX29,20051001,51.583
maize,MX30,20051001,67.533
maize,MX31,20051001,78.321
maize,MX32,20051001,52.944
maize,MX01,20051011,42.903
maize,MX02,20051011,27.948
maize,MX03,20051011,22.356
maize,MX04,20051011,80.9
maize,MX05,20051011,35.007
maize,MX06,20051011,73.541
maize,MX07,20051011,67.246
maize,MX08,20051011,38.117
maize,MX09,20051011,49.81
maize,MX10,20051011,43.188
maize,MX11,20051011,51.794
maize,MX12,20051011,67.99
maize,MX13,20051011,49.397
maize,MX14,20051011,60.349
maize,MX15,20051011,56.579
maize,MX16,20051011,60.363
maize,MX17,20051011,65.664
maize,MX18,20051011,67.259
maize,MX19,20051011,44.611
maize,MX20,20051011,62.921
maize,MX21,20051011,50.991
maize,MX22,20051011,43.196
maize,MX23,20051011,86.3
maize,MX24,20051011,52.014
maize,MX25,20051011,27.923
maize,MX26,20051011,26.156
maize,MX27,20051011,62.914
maize,MX28,20051011,51.573
maize,MX29,20051011,45.25
maize,MX30,20051011,67.427
maize,MX31,20051011,77.811
maize,MX32,20051011,47.895
maize,MX01,20051021,37.136
maize,MX02,20051021,28.958
maize,MX03,20051021,23.259
maize,MX04,20051021,80.81
maize,MX05,20051021,34.064
maize,MX06,20051021,71.587
maize,MX07,20051021,65.389
maize,MX08,20051021,32.164
maize,MX09,20051021,44.736
maize,MX10,20051021,37.625
maize,MX11,20051021,45.384
maize,MX12,20051021,62.401
maize,MX13,20051021,46.044
maize,MX14,20051021,54.412
maize,MX15,20051021,50.751
maize,MX16,20051021,54.832
maize,MX17,20051021,59.199
maize,MX18,20051021,64.393
maize,MX19,20051021,43.537
maize,MX20,20051021,61.058
maize,MX21,20051021,45.586
maize,MX22,20051021,39.343
maize,MX23,20051021,86.166
maize,MX24,20051021,50.248
maize,MX25,20051021,26.955
maize,MX26,20051021,25.052
maize,MX27,20051021,62.892
maize,MX28,20051021,50.925
maize,MX29,20051021,38.85
maize,MX30,20051021,67.122
maize,MX31,20051021,76.665
maize,MX32,20051021,42.617
maize,MX01,20051101,31.985
maize,MX02,20051101,30.159
maize,MX03,20051101,23.878
maize,MX04,20051101,80.47
maize,MX05,20051101,32.753
maize,MX06,20051101,67.73
maize,MX07,20051101,62.258
maize,MX08,20051101,26.913
maize,MX09,20051101,38.986
maize,MX10,20051101,32.338
maize,MX11,20051101,38.752
maize,MX12,20051101,55.728
maize,MX13,20051101,42.138
maize,MX14,20051101,48.071
maize,MX15,20051101,44.269
maize,MX16,20051101,48.522
maize,MX17,20051101,51.967
maize,MX18,20051101,60.397
maize,MX19,20051101,41.868
maize,MX20,20051101,58.464
maize,MX21,20051101,39.683
maize,MX22,20051101,35.661
maize,MX23,20051101,86.213
maize,MX24,20051101,47.81
maize,MX25,20051101,26.944
maize,MX26,20051101,24.573
maize,MX27,20051101,63.027
maize,MX28,20051101,49.112
maize,MX29,20051101,32.6
maize,MX30,20051101,66.482
maize,MX31,20051101,75.611
maize,MX32,20051101,36.992
maize,MX01,20051111,28.602
maize,MX02,20051111,31.108
maize,MX03,20051111,24.095
maize,MX04,20051111,79.928
maize,MX05,20051111,31.244
maize,MX06,20051111,63.205
maize,MX07,20051111,58.656
maize,MX08,20051111,23.441
maize,MX09,20051111,34.237
maize,MX10,20051111,28.489
maize,MX11,20051111,33.515
maize,MX12,20051111,49.974
maize,MX13,20051111,38.679
maize,MX14,20051111,42.922
maize,MX15,20051111,38.913
maize,MX16,20051111,42.98
maize,MX17,20051111,45.979
maize,MX18,20051111,56.589
maize,MX19,20051111,39.878
maize,MX20,20051111,55.908
maize,MX21,20051111,34.965
maize,MX22,20051111,32.896
maize,MX23,20051111,86.205
maize,MX24,20051111,45.216
maize,MX25,20051111,28.073
maize,MX26,20051111,24.653
maize,MX27,20051111,63.286
maize,MX28,20051111,46.505
maize,MX29,20051111,28.03
maize,MX30,20051111,65.469
maize,MX31,20051111,75.17
maize,MX32,20051111,32.443
maize,MX01,20051121,26.395
maize,MX02,20051121,31.556
maize,MX03,20051121,24.012
maize,MX04,20051121,79.172
maize,MX05,20051121,29.565
maize,MX06,20051121,58.405
maize,MX07,20051121,54.784
maize,MX08,20051121,21.126
maize,MX09,20051121,30.125
maize,MX10,20051121,25.614
maize,MX11,20051121,29.358
maize,MX12,20051121,45.097
maize,MX13,20051121,35.669
maize,MX14,20051121,38.779
maize,MX15,20051121,34.393
maize,MX16,20051121,38.175
maize,MX17,20051121,41.022
maize,MX18,20051121,53.24
maize,MX19,20051121,37.747
maize,MX20,20051121,53.458
maize,MX21,20051121,31.26
maize,MX22,20051121,30.879
maize,MX23,20051121,86.078
maize,MX24,20051121,42.536
maize,MX25,20051121,30.347
maize,MX26,20051121,25.165
maize,MX27,20051121,63.474
maize,MX28,20051121,43.453
maize,MX29,20051121,24.676
maize,MX30,20051121,63.988
maize,MX31,20051121,75.198
maize,MX32,20051121,28.736
maize,MX01,20051201,24.973
maize,MX02,20051201,31.933
maize,MX03,20051201,23.665
maize,MX04,20051201,78.306
maize,MX05,20051201,27.854
maize,MX06,20051201,53.914
maize,MX07,20051201,51.077
maize,MX08,20051201,19.608
maize,MX09,20051201,26.682
maize,MX10,20051201,23.545
maize,MX11,20051201,26.254
maize,MX12,20051201,41.264
maize,MX13,20051201,33.371
maize,MX14,20051201,35.57
maize,MX15,20051201,30.758
maize,MX16,20051201,34.281
maize,MX17,20051201,37.094
maize,MX18,20051201,50.654
maize,MX19,20051201,35.793
maize,MX20,20051201,51.135
maize,MX21,20051201,28.55
maize,MX22,20051201,29.443
maize,MX23,20051201,85.879
maize,MX24,20051201,39.978
maize,MX25,20051201,33.503
maize,MX26,20051201,26.329
maize,MX27,20051201,63.685
maize,MX28,20051201,40.434
maize,MX29,20051201,22.357
maize,MX30,20051201,61.943
maize,MX31,20051201,75.617
maize,MX32,20051201,25.835
maize,MX01,20051211,24.015
maize,MX02,20051211,32.714
maize,MX03,20051211,23.287
maize,MX04,20051211,77.288
maize,MX05,20051211,26.516
maize,MX06,20051211,50.015
maize,MX07,20051211,47.71
maize,MX08,20051211,18.637
maize,MX09,20051211,23.753
maize,MX10,20051211,22.121
maize,MX11,20051211,24.178
maize,MX12,20051211,38.44
maize,MX13,20051211,31.633
maize,MX14,20051211,33.128
maize,MX15,20051211,27.851
maize,MX16,20051211,31.366
maize,MX17,20051211,34.057
maize,MX18,20051211,48.909
maize,MX19,20051211,34.199
maize,MX20,20051211,48.918
maize,MX21,20051211,26.524
maize,MX22,20051211,28.484
maize,MX23,20051211,85.589
maize,MX24,20051211,37.797
maize,MX25,20051211,37.204
maize,MX26,20051211,28.415
maize,MX27,20051211,63.672
maize,MX28,20051211,37.895
maize,MX29,20051211,20.723
maize,MX30,20051211,59.412
maize,MX31,20051211,76.074
maize,MX32,20051211,23.656
maize,MX01,20051221,23.343
maize,MX02,20051221,34.417
maize,MX03,20051221,22.983
maize,MX04,20051221,76.093
maize,MX05,20051221,25.706
maize,MX06,20051221,46.858
maize,MX07,20051221,44.842
maize,MX08,20051221,17.947
maize,MX09,20051221,21.384
maize,MX10,20051221,21.161
maize,MX11,20051221,23.153
maize,MX12,20051221,36.463
maize,MX13,20051221,30.345
maize,MX14,20051221,31.278
maize,MX15,20051221,25.665
maize,MX16,20051221,29.388
maize,MX17,20051221,31.683
maize,MX18,20051221,47.744
maize,MX19,20051221,33.001
maize,MX20,20051221,46.849
maize,MX21,20051221,24.976
maize,MX22,20051221,27.908
maize,MX23,20051221,85.13
maize,MX24,20051221,36.096
maize,MX25,20051221,40.926
maize,MX26,20051221,31.551
maize,MX27,20051221,63.371
maize,MX28,20051221,35.947
maize,MX29,20051221,19.533
maize,MX30,20051221,56.709
maize,MX31,20051221,76.142
maize,MX32,20051221,22.101
maize,MX01,20060101,22.625
maize,MX02,20060101,37.363
maize,MX03,20060101,22.803
maize,MX04,20060101,74.54
maize,MX05,20060101,25.204
maize,MX06,20060101,44.068
maize,MX07,20060101,42.394
maize,MX08,20060101,17.379
maize,MX09,20060101,19.309
maize,MX10,20060101,20.264
maize,MX11,20060101,23.367
maize,MX12,20060101,34.889
maize,MX13,20060101,29.131
maize,MX14,20060101,29.569
maize,MX15,20060101,23.73
maize,MX16,20060101,28.191
maize,MX17,20060101,29.519
maize,MX18,20060101,46.616
maize,MX19,20060101,31.681
maize,MX20,20060101,44.686
maize,MX21,20060101,23.589
maize,MX22,20060101,27.443
maize,MX23,20060101,84.553
maize,MX24,20060101,34.359
maize,MX25,20060101,44.634
maize,MX26,20060101,36.171
maize,MX27,20060101,62.839
maize,MX28,20060101,33.995
maize,MX29,20060101,18.564
maize,MX30,20060101,53.49
maize,MX31,20060101,75.426
maize,MX32,20060101,20.854
maize,MX01,20060111,22.066
maize,MX02,20060111,40.665
maize,MX03,20060111,22.883
maize,MX04,20060111,72.987
maize,MX05,20060111,25.14
maize,MX06,20060111,42.194
maize,MX07,20060111,40.819
maize,MX08,20060111,16.972
maize,MX09,20060111,17.909
maize,MX10,20060111,19.496
maize,MX11,20060111,24.968
maize,MX12,20060111,33.892
maize,MX13,20060111,28.384
maize,MX14,20060111,28.295
maize,MX15,20060111,22.374
maize,MX16,20060111,28.019
maize,MX17,20060111,27.785
maize,MX18,20060111,45.503
maize,MX19,20060111,30.23
maize,MX20,20060111,42.821
maize,MX21,20060111,22.503
maize,MX22,20060111,27.308
maize,MX23,20060111,84.083
maize,MX24,20060111,32.769
maize,MX25,20060111,47.612
maize,MX26,20060111,41.029
maize,MX27,20060111,62.212
maize,MX28,20060111,32.237
maize,MX29,20060111,17.817
maize,MX30,20060111,50.462
maize,MX31,20060111,74.106
maize,MX32,20060111,20.038
maize,MX01,20060121,21.664
maize,MX02,20060121,44.292
maize,MX03,20060121,23.256
maize,MX04,20060121,71.054
maize,MX05,20060121,25.352
maize,MX06,20060121,40.545
maize,MX07,20060121,39.698
maize,MX08,20060121,16.608
maize,MX09,20060121,16.95
maize,MX10,20060121,18.867
maize,MX11,20060121,27.774
maize,MX12,20060121,32.963
maize,MX13,20060121,28.156
maize,MX14,20060121,27.325
maize,MX15,20060121,21.38
maize,MX16,20060121,28.674
maize,MX17,20060121,26.201
maize,MX18,20060121,44.036
maize,MX19,20060121,28.7
maize,MX20,20060121,41.294
maize,MX21,20060121,21.625
maize,MX22,20060121,27.596
maize,MX23,20060121,83.661
maize,MX24,20060121,31.379
maize,MX25,20060121,50.33
maize,MX26,20060121,45.903
maize,MX27,20060121,61.386
maize,MX28,20060121,30.733
maize,MX29,20060121,17.27
maize,MX30,20060121,47.842
maize,MX31,20060121,72.253
maize,MX32,20060121,19.412
maize,MX01,20060201,21.392
maize,MX02,20060201,48.332
maize,MX03,20060201,23.822
maize,MX04,20060201,68.479
maize,MX05,20060201,25.782
maize,MX06,20060201,38.819
maize,MX07,20060201,38.756
maize,MX08,20060201,16.298
maize,MX09,20060201,16.406
maize,MX10,20060201,18.454
maize,MX11,20060201,31.626
maize,MX12,20060201,31.842
maize,MX13,20060201,28.493
maize,MX14,20060201,26.639
maize,MX15,20060201,20.643
maize,MX16,20060201,30.101
maize,MX17,20060201,24.669
maize,MX18,20060201,41.904
maize,MX19,20060201,27.129
maize,MX20,20060201,39.965
maize,MX21,20060201,20.85
maize,MX22,20060201,28.309
maize,MX23,20060201,83.291
maize,MX24,20060201,30.105
maize,MX25,20060201,52.957
maize,MX26,20060201,50.627
maize,MX27,20060201,60.457
maize,MX28,20060201,29.556
maize,MX29,20060201,16.839
maize,MX30,20060201,45.482
maize,MX31,20060201,70.028
maize,MX32,20060201,18.905
maize,MX01,20060211,21.243
maize,MX02,20060211,51.88
maize,MX03,20060211,24.039
maize,MX04,20060211,65.625
maize,MX05,20060211,26.141
maize,MX06,20060211,37.157
maize,MX07,20060211,37.93
maize,MX08,20060211,16.123
maize,MX09,20060211,16.033
maize,MX10,20060211,18.381
maize,MX11,20060211,34.919
maize,MX12,20060211,30.759
maize,MX13,20060211,28.867
maize,MX14,20060211,26.315
maize,MX15,20060211,20.152
maize,MX16,20060211,31.694
maize,MX17,20060211,23.542
maize,MX18,20060211,39.49
maize,MX19,20060211,25.87
maize,MX20,20060211,38.867
maize,MX21,20060211,20.24
maize,MX22,20060211,28.906
maize,MX23,20060211,82.862
maize,MX24,20060211,29.118
maize,MX25,20060211,54.628
maize,MX26,20060211,53.864
maize,MX27,20060211,59.443
maize,MX28,20060211,29.137
maize,MX29,20060211,16.532
maize,MX30,20060211,43.644
maize,MX31,20060211,68.02
maize,MX32,20060211,18.599
maize,MX01,20060221,21.07
maize,MX02,20060221,55.015
maize,MX03,20060221,23.974
maize,MX04,20060221,62.429
maize,MX05,20060221,26.292
maize,MX06,20060221,35.456
maize,MX07,20060221,37.056
maize,MX08,20060221,16.042
maize,MX09,20060221,15.813
maize,MX10,20060221,18.526
maize,MX11,20060221,37.21
maize,MX12,20060221,29.605
maize,MX13,20060221,28.91
maize,MX14,20060221,26.12
maize,MX15,20060221,19.681
maize,MX16,20060221,32.91
maize,MX17,20060221,22.655
maize,MX18,20060221,36.919
maize,MX19,20060221,24.947
maize,MX20,20060221,37.629
maize,MX21,20060221,19.627
maize,MX22,20060221,29.186
maize,MX23,20060221,82.375
maize,MX24,20060221,28.106
maize,MX25,20060221,55.34
maize,MX26,20060221,55.624
maize,MX27,20060221,58.36
maize,MX28,20060221,29.407
maize,MX29,20060221,16.157
maize,MX30,20060221,41.801
maize,MX31,20060221,66.005
maize,MX32,20060221,18.398
maize,MX01,20060301,20.824
maize,MX02,20060301,56.944
maize,MX03,20060301,23.72
maize,MX04,20060301,59.72
maize,MX05,20060301,26.142
maize,MX06,20060301,34.193
maize,MX07,20060301,36.404
maize,MX08,20060301,16.023
maize,MX09,20060301,15.68
maize,MX10,20060301,18.691
maize,MX11,20060301,38.035
maize,MX12,20060301,28.724
maize,MX13,20060301,28.818
maize,MX14,20060301,25.961
maize,MX15,20060301,19.313
maize,MX16,20060301,33.349
maize,MX17,20060301,22.182
maize,MX18,20060301,34.959
maize,MX19,20060301,24.533
maize,MX20,20060301,36.47
maize,MX21,20060301,19.18
maize,MX22,20060301,29.013
maize,MX23,20060301,81.823
maize,MX24,20060301,27.287
maize,MX25,20060301,55.174
maize,MX26,20060301,55.783
maize,MX27,20060301,57.424
maize,MX28,20060301,30.188
maize,MX29,20060301,15.865
maize,MX30,20060301,40.191
maize,MX31,20060301,64.334
maize,MX32,20060301,18.286
maize,MX01,20060311,20.514
maize,MX02,20060311,58.378
maize,MX03,20060311,23.232
maize,MX04,20060311,56.27
maize,MX05,20060311,25.7
maize,MX06,20060311,32.81
maize,MX07,20060311,35.632
maize,MX08,20060311,16.026
maize,MX09,20060311,15.735
maize,MX10,20060311,18.951
maize,MX11,20060311,37.916
maize,MX12,20060311,27.857
maize,MX13,20060311,28.769
maize,MX14,20060311,25.741
maize,MX15,20060311,19.041
maize,MX16,20060311,33.25
maize,MX17,20060311,21.989
maize,MX18,20060311,32.815
maize,MX19,20060311,24.394
maize,MX20,20060311,34.886
maize,MX21,20060311,18.798
maize,MX22,20060311,28.59
maize,MX23,20060311,80.845
maize,MX24,20060311,26.35
maize,MX25,20060311,54.272
maize,MX26,20060311,54.39
maize,MX27,20060311,56.1
maize,MX28,20060311,31.72
maize,MX29,20060311,15.59
maize,MX30,20060311,38.16
maize,MX31,20060311,62.264
maize,MX32,20060311,18.261
maize,MX01,20060321,20.189
maize,MX02,20060321,58.465
maize,MX03,20060321,22.647
maize,MX04,20060321,52.973
maize,MX05,20060321,25.048
maize,MX06,20060321,31.666
maize,MX07,20060321,35.063
maize,MX08,20060321,16.094
maize,MX09,20060321,16.013
maize,MX10,20060321,19.25
maize,MX11,20060321,36.553
maize,MX12,20060321,27.075
maize,MX13,20060321,29.053
maize,MX14,20060321,25.439
maize,MX15,20060321,19.128
maize,MX16,20060321,32.393
maize,MX17,20060321,21.974
maize,MX18,20060321,31.064
maize,MX19,20060321,24.756
maize,MX20,20060321,33.4
maize,MX21,20060321,18.691
maize,MX22,20060321,28.126
maize,MX23,20060321,79.628
maize,MX24,20060321,25.675
maize,MX25,20060321,52.848
maize,MX26,20060321,51.315
maize,MX27,20060321,54.718
maize,MX28,20060321,33.668
maize,MX29,20060321,15.53
maize,MX30,20060321,36.195
maize,MX31,20060321,59.878
maize,MX32,20060321,18.365
maize,MX01,20060401,19.941
maize,MX02,20060401,56.943
maize,MX03,20060401,21.652
maize,MX04,20060401,49.718
maize,MX05,20060401,24.265
maize,MX06,20060401,30.495
maize,MX07,20060401,34.795
maize,MX08,20060401,16.335
maize,MX09,20060401,16.372
maize,MX10,20060401,19.619
maize,MX11,20060401,33.808
maize,MX12,20060401,26.396
maize,MX13,20060401,29.632
maize,MX14,20060401,24.952
maize,MX15,20060401,19.643
maize,MX16,20060401,30.74
maize,MX17,20060401,22.101
maize,MX18,20060401,29.461
maize,MX19,20060401,25.474
maize,MX20,20060401,32.248
maize,MX21,20060401,18.979
maize,MX22,20060401,27.794
maize,MX23,20060401,78.177
maize,MX24,20060401,25.359
maize,MX25,20060401,50.788
maize,MX26,20060401,46.019
maize,MX27,20060401,53.148
maize,MX28,20060401,35.823
maize,MX29,20060401,15.735
maize,MX30,20060401,34.563
maize,MX31,20060401,56.975
maize,MX32,20060401,18.587
maize,MX01,20060411,19.812
maize,MX02,20060411,54.124
maize,MX03,20060411,20.718
maize,MX04,20060411,47.346
maize,MX05,20060411,23.748
maize,MX06,20060411,29.496
maize,MX07,20060411,35.163
maize,MX08,20060411,16.686
maize,MX09,20060411,16.886
maize,MX10,20060411,19.93
maize,MX11,20060411,30.718
maize,MX12,20060411,26.054
maize,MX13,20060411,30.67
maize,MX14,20060411,24.403
maize,MX15,20060411,20.728
maize,MX16,20060411,28.937
maize,MX17,20060411,22.373
maize,MX18,20060411,28.267
maize,MX19,20060411,26.117
maize,MX20,20060411,32.171
maize,MX21,20060411,19.799
maize,MX22,20060411,28.077
maize,MX23,20060411,76.793
maize,MX24,20060411,25.334
maize,MX25,20060411,48.342
maize,MX26,20060411,39.909
maize,MX27,20060411,51.821
maize,MX28,20060411,37.1
maize,MX29,20060411,16.368
maize,MX30,20060411,33.767
maize,MX31,20060411,54.29
maize,MX32,20060411,18.782
maize,MX01,20060421,19.887
maize,MX02,20060421,50.04
maize,MX03,20060421,19.933
maize,MX04,20060421,45.961
maize,MX05,20060421,23.593
maize,MX06,20060421,28.721
maize,MX07,20060421,36.479
maize,MX08,20060421,17.032
maize,MX09,20060421,17.595
maize,MX10,20060421,19.989
maize,MX11,20060421,27.996
maize,MX12,20060421,26.302
maize,MX13,20060421,32.437
maize,MX14,20060421,23.95
maize,MX15,20060421,22.784
maize,MX16,20060421,27.545
maize,MX17,20060421,23.173
maize,MX18,20060421,27.213
maize,MX19,20060421,26.715
maize,MX20,20060421,33.479
maize,MX21,20060421,21.621
maize,MX22,20060421,29.478
maize,MX23,20060421,75.627
maize,MX24,20060421,25.654
maize,MX25,20060421,45.261
maize,MX26,20060421,33.606
maize,MX27,20060421,50.777
maize,MX28,20060421,37.612
maize,MX29,20060421,17.866
maize,MX30,20060421,33.9
maize,MX31,20060421,52.452
maize,MX32,20060421,18.936
maize,MX01,20060501,20.277
maize,MX02,20060501,45.156
maize,MX03,20060501,19.463
maize,MX04,20060501,46.166
maize,MX05,20060501,24.026
maize,MX06,20060501,28.396
maize,MX07,20060501,39.002
maize,MX08,20060501,17.399
maize,MX09,20060501,19.105
maize,MX10,20060501,19.978
maize,MX11,20060501,26.431
maize,MX12,20060501,27.525
maize,MX13,20060501,34.816
maize,MX14,20060501,23.822
maize,MX15,20060501,25.851
maize,MX16,20060501,27.212
maize,MX17,20060501,24.981
maize,MX18,20060501,26.452
maize,MX19,20060501,27.481
maize,MX20,20060501,36.256
maize,MX21,20060501,24.635
maize,MX22,20060501,31.996
maize,MX23,20060501,74.674
maize,MX24,20060501,26.363
maize,MX25,20060501,41.712
maize,MX26,20060501,28.182
maize,MX27,20060501,50.483
maize,MX28,20060501,37.851
maize,MX29,20060501,20.313
maize,MX30,20060501,35.362
maize,MX31,20060501,52.235
maize,MX32,20060501,19.133
maize,MX01,20060511,20.998
maize,MX02,20060511,40.308
maize,MX03,20060511,19.346
maize,MX04,20060511,48.398
maize,MX05,20060511,25.004
maize,MX06,20060511,29.042
maize,MX07,20060511,42.77
maize,MX08,20060511,17.89
maize,MX09,20060511,21.299
maize,MX10,20060511,20.123
maize,MX11,20060511,26.512
maize,MX12,20060511,30.117
maize,MX13,20060511,37.458
maize,MX14,20060511,24.289
maize,MX15,20060511,29.697
maize,MX16,20060511,28.457
maize,MX17,20060511,28.031
maize,MX18,20060511,26.049
maize,MX19,20060511,28.495
maize,MX20,20060511,40.297
maize,MX21,20060511,28.547
maize,MX22,20060511,35.191
maize,MX23,20060511,74.196
maize,MX24,20060511,27.502
maize,MX25,20060511,37.993
maize,MX26,20060511,24.217
maize,MX27,20060511,51.59
maize,MX28,20060511,38.14
maize,MX29,20060511,23.602
maize,MX30,20060511,38.083
maize,MX31,20060511,54.229
maize,MX32,20060511,19.569
maize,MX01,20060521,22.003
maize,MX02,20060521,36.6
maize,MX03,20060521,19.443
maize,MX04,20060521,52.735
maize,MX05,20060521,26.333
maize,MX06,20060521,31.321
maize,MX07,20060521,47.553
maize,MX08,20060521,18.675
maize,MX09,20060521,24.406
maize,MX10,20060521,20.731
maize,MX11,20060521,28.413
maize,MX12,20060521,34.524
maize,MX13,20060521,39.923
maize,MX14,20060521,25.685
maize,MX15,20060521,34.109
maize,MX16,20060521,31.616
maize,MX17,20060521,32.447
maize,MX18,20060521,26.36
maize,MX19,20060521,29.61
maize,MX20,20060521,44.981
maize,MX21,20060521,32.981
maize,MX22,20060521,38.593
maize,MX23,20060521,74.517
maize,MX24,20060521,28.979
maize,MX25,20060521,34.371
maize,MX26,20060521,21.822
maize,MX27,20060521,54.05
maize,MX28,20060521,38.64
maize,MX29,20060521,27.578
maize,MX30,20060521,41.914
maize,MX31,20060521,58.445
maize,MX32,20060521,20.394
maize,MX01,20060601,23.246
maize,MX02,20060601,34.115
maize,MX03,20060601,19.493
maize,MX04,20060601,58.82
maize,MX05,20060601,27.967
maize,MX06,20060601,35.996
maize,MX07,20060601,53.053
maize,MX08,20060601,20.215
maize,MX09,20060601,28.92
maize,MX10,20060601,22.196
maize,MX11,20060601,32.213
maize,MX12,20060601,41.369
maize,MX13,20060601,42.159
maize,MX14,20060601,28.519
maize,MX15,20060601,39.347
maize,MX16,20060601,37.034
maize,MX17,20060601,38.573
maize,MX18,20060601,27.886
maize,MX19,20060601,30.744
maize,MX20,20060601,49.761
maize,MX21,20060601,37.855
maize,MX22,20060601,41.858
maize,MX23,20060601,75.922
maize,MX24,20060601,30.684
maize,MX25,20060601,30.892
maize,MX26,20060601,20.72
maize,MX27,20060601,57.514
maize,MX28,20060601,39.404
maize,MX29,20060601,32.439
maize,MX30,20060601,46.698
maize,MX31,20060601,64.24
maize,MX32,20060601,21.884
maize,MX01,20060611,24.422
maize,MX02,20060611,33.127
maize,MX03,20060611,19.389
maize,MX04,20060611,64.263
maize,MX05,20060611,29.281
maize,MX06,20060611,41.857
maize,MX07,20060611,57.309
maize,MX08,20060611,22.548
maize,MX09,20060611,33.861
maize,MX10,20060611,24.623
maize,MX11,20060611,36.688
maize,MX12,20060611,48.468
maize,MX13,20060611,43.699
maize,MX14,20060611,32.424
maize,MX15,20060611,44.192
maize,MX16,20060611,43.102
maize,MX17,20060611,44.199
maize,MX18,20060611,30.847
maize,MX19,20060611,31.457
maize,MX20,20060611,52.973
maize,MX21,20060611,41.755
maize,MX22,20060611,44.018
maize,MX23,20060611,77.613
maize,MX24,20060611,31.986
maize,MX25,20060611,28.531
maize,MX26,20060611,20.862
maize,MX27,20060611,60.344
maize,MX28,20060611,39.822
maize,MX29,20060611,37.302
maize,MX30,20060611,50.755
maize,MX31,20060611,69.123
maize,MX32,20060611,23.933
maize,MX01,20060621,25.846
maize,MX02,20060621,32.853
maize,MX03,20060621,18.961
maize,MX04,20060621,68.773
maize,MX05,20060621,30.516
maize,MX06,20060621,48.353
maize,MX07,20060621,60.278
maize,MX08,20060621,26.098
maize,MX09,20060621,39.43
maize,MX10,20060621,28.376
maize,MX11,20060621,41.799
maize,MX12,20060621,55.258
maize,MX13,20060621,44.948
maize,MX14,20060621,37.488
maize,MX15,20060621,48.915
maize,MX16,20060621,49.484
maize,MX17,20060621,48.924
maize,MX18,20060621,35.428
maize,MX19,20060621,32.141
maize,MX20,20060621,54.787
maize,MX21,20060621,45.052
maize,MX22,20060621,45.63
maize,MX23,20060621,79.232
maize,MX24,20060621,33.143
maize,MX25,20060621,27.261
maize,MX26,20060621,22.023
maize,MX27,20060621,62.127
maize,MX28,20060621,39.722
maize,MX29,20060621,42.755
maize,MX30,20060621,53.905
maize,MX31,20060621,72.775
maize,MX32,20060621,26.642
maize,MX01,20060701,27.91
maize,MX02,20060701,33.052
maize,MX03,20060701,18.298
maize,MX04,20060701,72.227
maize,MX05,20060701,31.543
maize,MX06,20060701,54.488
maize,MX07,20060701,62.192
maize,MX08,20060701,30.978
maize,MX09,20060701,45.173
maize,MX10,20060701,33.452
maize,MX11,20060701,47.287
maize,MX12,20060701,61.087
maize,MX13,20060701,46.374
maize,MX14,20060701,43.37
maize,MX15,20060701,53.421
maize,MX16,20060701,55.481
maize,MX17,20060701,52.829
maize,MX18,20060701,41.454
maize,MX19,20060701,33.085
maize,MX20,20060701,55.714
maize,MX21,20060701,48.171
maize,MX22,20060701,47.062
maize,MX23,20060701,80.592
maize,MX24,20060701,34.612
maize,MX25,20060701,27.34
maize,MX26,20060701,24.151
maize,MX27,20060701,62.875
maize,MX28,20060701,39.487
maize,MX29,20060701,48.679
maize,MX30,20060701,56.339
maize,MX31,20060701,75.018
maize,MX32,20060701,30.153
maize,MX01,20060711,31.253
maize,MX02,20060711,33.256
maize,MX03,20060711,17.782
maize,MX04,20060711,74.758
maize,MX05,20060711,32.393
maize,MX06,20060711,59.835
maize,MX07,20060711,63.476
maize,MX08,20060711,36.771
maize,MX09,20060711,50.148
maize,MX10,20060711,39.339
maize,MX11,20060711,52.766
maize,MX12,20060711,66.048
maize,MX13,20060711,48.222
maize,MX14,20060711,49.675
maize,MX15,20060711,57.526
maize,MX16,20060711,60.698
maize,MX17,20060711,56.889
maize,MX18,20060711,48.467
maize,MX19,20060711,34.184
maize,MX20,20060711,56.371
maize,MX21,20060711,51.546
maize,MX22,20060711,48.61
maize,MX23,20060711,81.626
maize,MX24,20060711,36.421
maize,MX25,20060711,28.803
maize,MX26,20060711,26.94
maize,MX27,20060711,62.828
maize,MX28,20060711,39.031
maize,MX29,20060711,54.667
maize,MX30,20060711,58.054
maize,MX31,20060711,76.214
maize,MX32,20060711,34.501
maize,MX01,20060721,35.935
maize,MX02,20060721,33.188
maize,MX03,20060721,17.784
maize,MX04,20060721,76.68
maize,MX05,20060721,33.13
maize,MX06,20060721,64.089
maize,MX07,20060721,64.345
maize,MX08,20060721,43.034
maize,MX09,20060721,53.857
maize,MX10,20060721,45.337
maize,MX11,20060721,57.886
maize,MX12,20060721,70.152
maize,MX13,20060721,50.5
maize,MX14,20060721,55.875
maize,MX15,20060721,60.846
maize,MX16,20060721,64.76
maize,MX17,20060721,61.547
maize,MX18,20060721,55.335
maize,MX19,20060721,35.141
maize,MX20,20060721,57.063
maize,MX21,20060721,55.175
maize,MX22,20060721,50.609
maize,MX23,20060721,82.432
maize,MX24,20060721,38.467
maize,MX25,20060721,31.553
maize,MX26,20060721,30.128
maize,MX27,20060721,62.395
maize,MX28,20060721,38.18
maize,MX29,20060721,59.97
maize,MX30,20060721,59.291
maize,MX31,20060721,76.787
maize,MX32,20060721,39.532
maize,MX01,20060801,42.27
maize,MX02,20060801,32.686
maize,MX03,20060801,18.825
maize,MX04,20060801,78.367
maize,MX05,20060801,34.031
maize,MX06,20060801,67.42
maize,MX07,20060801,65.136
maize,MX08,20060801,50.143
maize,MX09,20060801,56.605
maize,MX10,20060801,51.586
maize,MX11,20060801,62.918
maize,MX12,20060801,73.61
maize,MX13,20060801,53.115
maize,MX14,20060801,62.165
maize,MX15,20060801,63.472
maize,MX16,20060801,68.164
maize,MX17,20060801,66.944
maize,MX18,20060801,61.827
maize,MX19,20060801,36.197
maize,MX20,20060801,58.139
maize,MX21,20060801,59.069
maize,MX22,20060801,53.371
maize,MX23,20060801,83.262
maize,MX24,20060801,40.954
maize,MX25,20060801,35.456
maize,MX26,20060801,33.651
maize,MX27,20060801,61.651
maize,MX28,20060801,37.08
maize,MX29,20060801,64.104
maize,MX30,20060801,60.374
maize,MX31,20060801,76.984
maize,MX32,20060801,45.484
maize,MX01,20060811,48.305
maize,MX02,20060811,31.854
maize,MX03,20060811,20.966
maize,MX04,20060811,79.489
maize,MX05,20060811,34.948
maize,MX06,20060811,69.486
maize,MX07,20060811,65.882
maize,MX08,20060811,56.106
maize,MX09,20060811,58.299
maize,MX10,20060811,56.41
maize,MX11,20060811,66.441
maize,MX12,20060811,75.705
maize,MX13,20060811,55.081
maize,MX14,20060811,66.921
maize,MX15,20060811,65.026
maize,MX16,20060811,70.317
maize,MX17,20060811,71.23
maize,MX18,20060811,66.156
maize,MX19,20060811,37.344
maize,MX20,20060811,59.449
maize,MX21,20060811,62.0
maize,MX22,20060811,55.891
maize,MX23,20060811,83.971
maize,MX24,20060811,43.363
maize,MX25,20060811,38.881
maize,MX26,20060811,36.307
maize,MX27,20060811,61.006
maize,MX28,20060811,36.504
maize,MX29,20060811,65.699
maize,MX30,20060811,61.258
maize,MX31,20060811,77.042
maize,MX32,20060811,50.827
maize,MX01,20060821,53.574
maize,MX02,20060821,30.811
maize,MX03,20060821,24.432
maize,MX04,20060821,80.22
maize,MX05,20060821,35.982
maize,MX06,20060821,70.923
maize,MX07,20060821,66.816
maize,MX08,20060821,60.534
maize,MX09,20060821,59.16
maize,MX10,20060821,59.82
maize,MX11,20060821,68.512
maize,MX12,20060821,76.785
maize,MX13,20060821,56.12
maize,MX14,20060821,70.306
maize,MX15,20060821,65.668
maize,MX16,20060821,71.475
maize,MX17,20060821,73.993
maize,MX18,20060821,68.879
maize,MX19,20060821,39.037
maize,MX20,20060821,61.061
maize,MX21,20060821,63.902
maize,MX22,20060821,57.866
maize,MX23,20060821,84.222
maize,MX24,20060821,45.821
maize,MX25,20060821,41.261
maize,MX26,20060821,37.884
maize,MX27,20060821,60.796
maize,MX28,20060821,36.581
maize,MX29,20060821,65.011
maize,MX30,20060821,62.117
maize,MX31,20060821,77.137
maize,MX32,20060821,55.508
maize,MX01,20060901,57.841
maize,MX02,20060901,29.71
maize,MX03,20060901,29.13
maize,MX04,20060901,80.768
maize,MX05,20060901,37.319
maize,MX06,20060901,72.255
maize,MX07,20060901,68.156
maize,MX08,20060901,62.253
maize,MX09,20060901,58.929
maize,MX10,20060901,61.473
maize,MX11,20060901,69.035
maize,MX12,20060901,77.006
maize,MX13,20060901,56.231
maize,MX14,20060901,72.305
maize,MX15,20060901,65.207
maize,MX16,20060901,71.604
maize,MX17,20060901,75.163
maize,MX18,20060901,70.328
maize,MX19,20060901,41.907
maize,MX20,20060901,62.864
maize,MX21,20060901,64.568
maize,MX22,20060901,58.995
maize,MX23,20060901,84.413
maize,MX24,20060901,48.663
maize,MX25,20060901,41.968
maize,MX26,20060901,38.057
maize,MX27,20060901,61.281
maize,MX28,20060901,37.76
maize,MX29,20060901,62.108
maize,MX30,20060901,63.238
maize,MX31,20060901,77.712
maize,MX32,20060901,59.388
maize,MX01,20060911,59.789
maize,MX02,20060911,28.857
maize,MX03,20060911,32.895
maize,MX04,20060911,81.025
maize,MX05,20060911,38.516
maize,MX06,20060911,73.187
maize,MX07,20060911,69.209
maize,MX08,20060911,60.269
maize,MX09,20060911,57.383
maize,MX10,20060911,60.603
maize,MX11,20060911,67.737
maize,MX12,20060911,76.43
maize,MX13,20060911,55.49
maize,MX14,20060911,72.509
maize,MX15,20060911,63.685
maize,MX16,20060911,70.503
maize,MX17,20060911,74.661
maize,MX18,20060911,70.484
maize,MX19,20060911,45.099
maize,MX20,20060911,64.039
maize,MX21,20060911,63.581
maize,MX22,20060911,58.617
maize,MX23,20060911,84.657
maize,MX24,20060911,51.013
maize,MX25,20060911,40.678
maize,MX26,20060911,36.708
maize,MX27,20060911,62.17
maize,MX28,20060911,39.796
maize,MX29,20060911,57.855
maize,MX30,20060911,64.337
maize,MX31,20060911,78.43
maize,MX32,20060911,61.271
maize,MX01,20060921,59.698
maize,MX02,20060921,28.214
maize,MX03,20060921,34.635
maize,MX04,20060921,81.022
maize,MX05,20060921,39.25
maize,MX06,20060921,73.872
maize,MX07,20060921,69.771
maize,MX08,20060921,54.9
maize,MX09,20060921,54.707
maize,MX10,20060921,57.34
maize,MX11,20060921,64.854
maize,MX12,20060921,75.323
maize,MX13,20060921,54.018
maize,MX14,20060921,71.263
maize,MX15,20060921,61.137
maize,MX16,20060921,68.176
maize,MX17,20060921,72.845
maize,MX18,20060921,69.851
maize,MX19,20060921,47.939
maize,MX20,20060921,64.383
maize,MX21,20060921,61.053
maize,MX22,20060921,56.544
maize,MX23,20060921,84.964
maize,MX24,20060921,52.782
maize,MX25,20060921,37.991
maize,MX26,20060921,34.214
maize,MX27,20060921,63.078
maize,MX28,20060921,42.381
maize,MX29,20060921,52.677
maize,MX30,20060921,65.361
maize,MX31,20060921,78.952
maize,MX32,20060921,61.236
maize,MX01,20061001,57.787
maize,MX02,20061001,28.01
maize,MX03,20061001,34.494
maize,MX04,20061001,80.785
maize,MX05,20061001,39.252
maize,MX06,20061001,74.188
maize,MX07,20061001,69.72
maize,MX08,20061001,47.34
maize,MX09,20061001,51.225
maize,MX10,20061001,52.202
maize,MX11,20061001,60.728
maize,MX12,20061001,73.53
maize,MX13,20061001,51.949
maize,MX14,20061001,68.731
maize,MX15,20061001,57.691
maize,MX16,20061001,64.884
maize,MX17,20061001,69.662
maize,MX18,20061001,68.551
maize,MX19,20061001,49.645
maize,MX20,20061001,63.742
maize,MX21,20061001,57.154
maize,MX22,20061001,53.026
maize,MX23,20061001,85.206
maize,MX24,20061001,53.761
maize,MX25,20061001,34.802
maize,MX26,20061001,31.301
maize,MX27,20061001,63.869
maize,MX28,20061001,45.165
maize,MX29,20061001,47.171
maize,MX30,20061001,66.22
maize,MX31,20061001,79.26
maize,MX32,20061001,59.299
maize,MX01,20061011,54.627
maize,MX02,20061011,28.31
maize,MX03,20061011,33.503
maize,MX04,20061011,80.465
maize,MX05,20061011,38.548
maize,MX06,20061011,74.079
maize,MX07,20061011,69.111
maize,MX08,20061011,39.273
maize,MX09,20061011,47.12
maize,MX10,20061011,46.125
maize,MX11,20061011,55.848
maize,MX12,20061011,70.989
maize,MX13,20061011,49.428
maize,MX14,20061011,65.199
maize,MX15,20061011,53.519
maize,MX16,20061011,60.946
maize,MX17,20061011,65.145
maize,MX18,20061011,66.733
maize,MX19,20061011,49.744
maize,MX20,20061011,62.233
maize,MX21,20061011,52.189
maize,MX22,20061011,48.723
maize,MX23,20061011,85.455
maize,MX24,20061011,53.771
maize,MX25,20061011,32.003
maize,MX26,20061011,28.55
maize,MX27,20061011,64.33
maize,MX28,20061011,47.609
maize,MX29,20061011,41.659
maize,MX30,20061011,66.798
maize,MX31,20061011,79.581
maize,MX32,20061011,55.822
maize,MX01,20061021,50.564
maize,MX02,20061021,29.108
maize,MX03,20061021,32.345
maize,MX04,20061021,80.028
maize,MX05,20061021,37.098
maize,MX06,20061021,73.506
maize,MX07,20061021,67.965
maize,MX08,20061021,32.088
maize,MX09,20061021,42.258
maize,MX10,20061021,40.062
maize,MX11,20061021,50.501
maize,MX12,20061021,67.835
maize,MX13,20061021,46.466
maize,MX14,20061021,60.911
maize,MX15,20061021,48.812
maize,MX16,20061021,56.592
maize,MX17,20061021,59.748
maize,MX18,20061021,64.502
maize,MX19,20061021,48.217
maize,MX20,20061021,60.332
maize,MX21,20061021,46.697
maize,MX22,20061021,44.134
maize,MX23,20061021,85.598
maize,MX24,20061021,52.722
maize,MX25,20061021,30.147
maize,MX26,20061021,26.496
maize,MX27,20061021,64.565
maize,MX28,20061021,49.017
maize,MX29,20061021,36.396
maize,MX30,20061021,67.014
maize,MX31,20061021,79.667
maize,MX32,20061021,51.272
maize,MX01,20061101,45.559
maize,MX02,20061101,30.273
maize,MX03,20061101,31.394
maize,MX04,20061101,79.405
maize,MX05,20061101,34.779
maize,MX06,20061101,72.273
maize,MX07,20061101,65.891
maize,MX08,20061101,26.137
maize,MX09,20061101,36.76
maize,MX10,20061101,34.23
maize,MX11,20061101,44.557
maize,MX12,20061101,63.766
maize,MX13,20061101,42.929
maize,MX14,20061101,55.802
maize,MX15,20061101,43.627
maize,MX16,20061101,51.702
maize,MX17,20061101,53.575
maize,MX18,20061101,61.561
maize,MX19,20061101,45.156
maize,MX20,20061101,57.931
maize,MX21,20061101,40.798
maize,MX22,20061101,39.372
maize,MX23,20061101,85.776
maize,MX24,20061101,50.492
maize,MX25,20061101,29.803
maize,MX26,20061101,25.17
maize,MX27,20061101,64.4
maize,MX28,20061101,48.852
maize,MX29,20061101,31.203
maize,MX30,20061101,66.578
maize,MX31,20061101,79.629
maize,MX32,20061101,45.67
maize,MX01,20061111,40.724
maize,MX02,20061111,31.195
maize,MX03,20061111,30.471
maize,MX04,20061111,78.672
maize,MX05,20061111,32.428
maize,MX06,20061111,70.072
maize,MX07,20061111,63.17
maize,MX08,20061111,22.606
maize,MX09,20061111,31.858
maize,MX10,20061111,29.938
maize,MX11,20061111,39.159
maize,MX12,20061111,59.596
maize,MX13,20061111,39.62
maize,MX14,20061111,50.903
maize,MX15,20061111,39.124
maize,MX16,20061111,47.062
maize,MX17,20061111,48.228
maize,MX18,20061111,58.667
maize,MX19,20061111,41.921
maize,MX20,20061111,55.679
maize,MX21,20061111,35.938
maize,MX22,20061111,35.564
maize,MX23,20061111,85.833
maize,MX24,20061111,47.83
maize,MX25,20061111,30.907
maize,MX26,20061111,24.707
maize,MX27,20061111,64.134
maize,MX28,20061111,47.212
maize,MX29,20061111,27.116
maize,MX30,20061111,65.498
maize,MX31,20061111,79.444
maize,MX32,20061111,40.389
maize,MX01,20061121,36.082
maize,MX02,20061121,31.808
maize,MX03,20061121,29.524
maize,MX04,20061121,77.846
maize,MX05,20061121,30.336
maize,MX06,20061121,66.815
maize,MX07,20061121,59.839
maize,MX08,20061121,20.466
maize,MX09,20061121,27.437
maize,MX10,20061121,26.6
maize,MX11,20061121,34.043
maize,MX12,20061121,55.208
maize,MX13,20061121,36.475
maize,MX14,20061121,46.091
maize,MX15,20061121,35.03
maize,MX16,20061121,42.416
maize,MX17,20061121,43.51
maize,MX18,20061121,55.998
maize,MX19,20061121,38.792
maize,MX20,20061121,53.557
maize,MX21,20061121,31.968
maize,MX22,20061121,32.497
maize,MX23,20061121,85.794
maize,MX24,20061121,44.99
maize,MX25,20061121,33.134
maize,MX26,20061121,24.908
maize,MX27,20061121,63.757
maize,MX28,20061121,44.764
maize,MX29,20061121,23.903
maize,MX30,20061121,64.0
maize,MX31,20061121,79.086
maize,MX32,20061121,35.364
maize,MX01,20061201,32.093
maize,MX02,20061201,31.935
maize,MX03,20061201,28.552
maize,MX04,20061201,77.016
maize,MX05,20061201,28.679
maize,MX06,20061201,62.823
maize,MX07,20061201,56.147
maize,MX08,20061201,19.086
maize,MX09,20061201,23.923
maize,MX10,20061201,24.107
maize,MX11,20061201,29.727
maize,MX12,20061201,50.833
maize,MX13,20061201,33.921
maize,MX14,20061201,41.629
maize,MX15,20061201,31.603
maize,MX16,20061201,38.106
maize,MX17,20061201,39.602
maize,MX18,20061201,53.851
maize,MX19,20061201,36.127
maize,MX20,20061201,51.524
maize,MX21,20061201,28.973
maize,MX22,20061201,30.306
maize,MX23,20061201,85.697
maize,MX24,20061201,42.33
maize,MX25,20061201,36.282
maize,MX26,20061201,25.853
maize,MX27,20061201,63.434
maize,MX28,20061201,42.144
maize,MX29,20061201,21.649
maize,MX30,20061201,62.147
maize,MX31,20061201,78.666
maize,MX32,20061201,30.96
maize,MX01,20061211,29.016
maize,MX02,20061211,32.09
maize,MX03,20061211,27.532
maize,MX04,20061211,76.268
maize,MX05,20061211,27.579
maize,MX06,20061211,58.6
maize,MX07,20061211,52.462
maize,MX08,20061211,18.031
maize,MX09,20061211,21.451
maize,MX10,20061211,22.26
maize,MX11,20061211,26.576
maize,MX12,20061211,46.742
maize,MX13,20061211,32.165
maize,MX14,20061211,37.636
maize,MX15,20061211,28.87
maize,MX16,20061211,34.466
maize,MX17,20061211,36.417
maize,MX18,20061211,52.286
maize,MX19,20061211,34.131
maize,MX20,20061211,49.634
maize,MX21,20061211,26.856
maize,MX22,20061211,29.02
maize,MX23,20061211,85.534
maize,MX24,20061211,40.113
maize,MX25,20061211,40.122
maize,MX26,20061211,27.809
maize,MX27,20061211,63.022
maize,MX28,20061211,39.877
maize,MX29,20061211,20.128
maize,MX30,20061211,60.003
maize,MX31,20061211,78.236
maize,MX32,20061211,27.325
maize,MX01,20061221,26.692
maize,MX02,20061221,32.688
maize,MX03,20061221,26.457
maize,MX04,20061221,75.565
maize,MX05,20061221,26.883
maize,MX06,20061221,54.514
maize,MX07,20061221,49.001
maize,MX08,20061221,17.066
maize,MX09,20061221,19.858
maize,MX10,20061221,20.855
maize,MX11,20061221,24.781
maize,MX12,20061221,43.18
maize,MX13,20061221,31.118
maize,MX14,20061221,34.114
maize,MX15,20061221,26.741
maize,MX16,20061221,31.619
maize,MX17,20061221,33.893
maize,MX18,20061221,51.014
maize,MX19,20061221,32.753
maize,MX20,20061221,47.914
maize,MX21,20061221,25.382
maize,MX22,20061221,28.427
maize,MX23,20061221,85.395
maize,MX24,20061221,38.357
maize,MX25,20061221,44.249
maize,MX26,20061221,31.0
maize,MX27,20061221,62.435
maize,MX28,20061221,38.068
maize,MX29,20061221,19.107
maize,MX30,20061221,57.714
maize,MX31,20061221,77.867
maize,MX32,20061221,24.397
maize,MX01,20070101,24.922
maize,MX02,20070101,34.143
maize,MX03,20070101,25.421
maize,MX04,20070101,74.886
maize,MX05,20070101,26.386
maize,MX06,20070101,50.592
maize,MX07,20070101,45.665
maize,MX08,20070101,16.057
maize,MX09,20070101,18.785
maize,MX10,20070101,19.651
maize,MX11,20070101,24.725
maize,MX12,20070101,39.999
maize,MX13,20070101,30.469
maize,MX14,20070101,30.921
maize,MX15,20070101,24.901
maize,MX16,20070101,29.76
maize,MX17,20070101,31.624
maize,MX18,20070101,49.832
maize,MX19,20070101,31.578
maize,MX20,20070101,46.106
maize,MX21,20070101,24.264
maize,MX22,20070101,28.336
maize,MX23,20070101,85.222
maize,MX24,20070101,36.613
maize,MX25,20070101,48.632
maize,MX26,20070101,35.87
maize,MX27,20070101,61.662
maize,MX28,20070101,36.262
maize,MX29,20070101,18.394
maize,MX30,20070101,54.944
maize,MX31,20070101,77.283
maize,MX32,20070101,21.965
maize,MX01,20070111,24.119
maize,MX02,20070111,36.473
maize,MX03,20070111,24.779
maize,MX04,20070111,74.325
maize,MX05,20070111,26.238
maize,MX06,20070111,47.876
maize,MX07,20070111,43.198
maize,MX08,20070111,15.359
maize,MX09,20070111,18.307
maize,MX10,20070111,18.873
maize,MX11,20070111,26.665
maize,MX12,20070111,37.815
maize,MX13,20070111,30.457
maize,MX14,20070111,29.122
maize,MX15,20070111,23.819
maize,MX16,20070111,29.561
maize,MX17,20070111,29.916
maize,MX18,20070111,48.693
maize,MX19,20070111,30.679
maize,MX20,20070111,44.612
maize,MX21,20070111,23.63
maize,MX22,20070111,28.782
maize,MX23,20070111,84.862
maize,MX24,20070111,35.136
maize,MX25,20070111,52.285
maize,MX26,20070111,41.195
maize,MX27,20070111,61.046
maize,MX28,20070111,34.625
maize,MX29,20070111,18.091
maize,MX30,20070111,52.445
maize,MX31,20070111,76.599
maize,MX32,20070111,20.449
maize,MX01,20070121,23.881
maize,MX02,20070121,39.786
maize,MX03,20070121,24.614
maize,MX04,20070121,73.841
maize,MX05,20070121,26.641
maize,MX06,20070121,45.822
maize,MX07,20070121,41.396
maize,MX08,20070121,14.931
maize,MX09,20070121,18.144
maize,MX10,20070121,18.509
maize,MX11,20070121,30.313
maize,MX12,20070121,36.173
maize,MX13,20070121,31.051
maize,MX14,20070121,28.369
maize,MX15,20070121,23.2
maize,MX16,20070121,30.64
maize,MX17,20070121,28.429
maize,MX18,20070121,47.178
maize,MX19,20070121,30.245
maize,MX20,20070121,43.392
maize,MX21,20070121,23.169
maize,MX22,20070121,29.834
maize,MX23,20070121,84.729
maize,MX24,20070121,33.947
maize,MX25,20070121,55.556
maize,MX26,20070121,46.854
maize,MX27,20070121,60.806
maize,MX28,20070121,33.443
maize,MX29,20070121,17.997
maize,MX30,20070121,50.333
maize,MX31,20070121,75.849
maize,MX32,20070121,19.524
maize,MX01,20070201,24.047
maize,MX02,20070201,44.475
maize,MX03,20070201,24.666
maize,MX04,20070201,73.233
maize,MX05,20070201,27.627
maize,MX06,20070201,44.082
maize,MX07,20070201,39.908
maize,MX08,20070201,14.843
maize,MX09,20070201,18.289
maize,MX10,20070201,18.467
maize,MX11,20070201,35.421
maize,MX12,20070201,34.717
maize,MX13,20070201,31.989
maize,MX14,20070201,28.653
maize,MX15,20070201,23.019
maize,MX16,20070201,33.03
maize,MX17,20070201,26.968
maize,MX18,20070201,45.108
maize,MX19,20070201,30.429
maize,MX20,20070201,42.228
maize,MX21,20070201,22.686
maize,MX22,20070201,31.423
maize,MX23,20070201,84.467
maize,MX24,20070201,33.116
maize,MX25,20070201,58.403
maize,MX26,20070201,52.591
maize,MX27,20070201,60.723
maize,MX28,20070201,33.045
maize,MX29,20070201,17.994
maize,MX30,20070201,48.718
maize,MX31,20070201,74.769
maize,MX32,20070201,19.123
maize,MX01,20070211,24.238
maize,MX02,20070211,49.007
maize,MX03,20070211,24.788
maize,MX04,20070211,72.404
maize,MX05,20070211,28.655
maize,MX06,20070211,42.352
maize,MX07,20070211,38.711
maize,MX08,20070211,15.014
maize,MX09,20070211,18.576
maize,MX10,20070211,18.62
maize,MX11,20070211,39.764
maize,MX12,20070211,33.249
maize,MX13,20070211,32.549
maize,MX14,20070211,29.325
maize,MX15,20070211,22.915
maize,MX16,20070211,35.319
maize,MX17,20070211,25.544
maize,MX18,20070211,42.661
maize,MX19,20070211,30.913
maize,MX20,20070211,41.202
maize,MX21,20070211,22.123
maize,MX22,20070211,32.63
maize,MX23,20070211,83.978
maize,MX24,20070211,32.721
maize,MX25,20070211,59.952
maize,MX26,20070211,56.524
maize,MX27,20070211,60.441
maize,MX28,20070211,33.458
maize,MX29,20070211,17.959
maize,MX30,20070211,47.734
maize,MX31,20070211,73.534
maize,MX32,20070211,19.13
maize,MX01,20070221,24.119
maize,MX02,20070221,53.171
maize,MX03,20070221,24.819
maize,MX04,20070221,70.932
maize,MX05,20070221,29.489
maize,MX06,20070221,40.226
maize,MX07,20070221,37.58
maize,MX08,20070221,15.277
maize,MX09,20070221,19.174
maize,MX10,20070221,18.855
maize,MX11,20070221,42.728
maize,MX12,20070221,31.728
maize,MX13,20070221,32.62
maize,MX14,20070221,29.786
maize,MX15,20070221,22.763
maize,MX16,20070221,36.927
maize,MX17,20070221,24.269
maize,MX18,20070221,39.861
maize,MX19,20070221,31.256
maize,MX20,20070221,40.222
maize,MX21,20070221,21.487
maize,MX22,20070221,33.175
maize,MX23,20070221,83.318
maize,MX24,20070221,32.519
maize,MX25,20070221,60.355
maize,MX26,20070221,58.69
maize,MX27,20070221,59.749
maize,MX28,20070221,34.7
maize,MX29,20070221,17.813
maize,MX30,20070221,46.98
maize,MX31,20070221,71.75
maize,MX32,20070221,19.187
maize,MX01,20070301,23.859
maize,MX02,20070301,55.744
maize,MX03,20070301,24.798
maize,MX04,20070301,69.199
maize,MX05,20070301,29.809
maize,MX06,20070301,38.379
maize,MX07,20070301,36.87
maize,MX08,20070301,15.541
maize,MX09,20070301,19.806
maize,MX10,20070301,19.086
maize,MX11,20070301,43.936
maize,MX12,20070301,30.481
maize,MX13,20070301,32.534
maize,MX14,20070301,29.866
maize,MX15,20070301,22.584
maize,MX16,20070301,37.483
maize,MX17,20070301,23.354
maize,MX18,20070301,37.55
maize,MX19,20070301,31.306
maize,MX20,20070301,39.476
maize,MX21,20070301,21.002
maize,MX22,20070301,33.08
maize,MX23,20070301,82.655
maize,MX24,20070301,32.354
maize,MX25,20070301,59.97
maize,MX26,20070301,59.036
maize,MX27,20070301,58.929
maize,MX28,20070301,36.151
maize,MX29,20070301,17.637
maize,MX30,20070301,46.357
maize,MX31,20070301,69.921
maize,MX32,20070301,19.239
maize,MX01,20070311,23.512
maize,MX02,20070311,57.68
maize,MX03,20070311,24.524
maize,MX04,20070311,66.424
maize,MX05,20070311,29.776
maize,MX06,20070311,36.277
maize,MX07,20070311,36.365
maize,MX08,20070311,15.902
maize,MX09,20070311,21.284
maize,MX10,20070311,19.484
maize,MX11,20070311,44.088
maize,MX12,20070311,29.218
maize,MX13,20070311,32.634
maize,MX14,20070311,29.708
maize,MX15,20070311,22.596
maize,MX16,20070311,37.435
maize,MX17,20070311,22.623
maize,MX18,20070311,34.898
maize,MX19,20070311,31.351
maize,MX20,20070311,38.723
maize,MX21,20070311,20.649
maize,MX22,20070311,32.592
maize,MX23,20070311,81.549
maize,MX24,20070311,32.336
maize,MX25,20070311,58.741
maize,MX26,20070311,57.696
maize,MX27,20070311,57.603
maize,MX28,20070311,38.647
maize,MX29,20070311,17.498
maize,MX30,20070311,45.429
maize,MX31,20070311,67.111
maize,MX32,20070311,19.358
maize,MX01,20070321,23.179
maize,MX02,20070321,58.006
maize,MX03,20070321,23.873
maize,MX04,20070321,63.095
maize,MX05,20070321,29.368
maize,MX06,20070321,34.6
maize,MX07,20070321,36.267
maize,MX08,20070321,16.336
maize,MX09,20070321,23.11
maize,MX10,20070321,19.934
maize,MX11,20070321,42.779
maize,MX12,20070321,28.387
maize,MX13,20070321,33.074
maize,MX14,20070321,29.255
maize,MX15,20070321,22.889
maize,MX16,20070321,36.619
maize,MX17,20070321,22.364
maize,MX18,20070321,32.689
maize,MX19,20070321,31.516
maize,MX20,20070321,38.217
maize,MX21,20070321,20.724
maize,MX22,20070321,31.928
maize,MX23,20070321,80.37
maize,MX24,20070321,32.526
maize,MX25,20070321,56.899
maize,MX26,20070321,54.309
maize,MX27,20070321,55.958
maize,MX28,20070321,41.643
maize,MX29,20070321,17.517
maize,MX30,20070321,44.542
maize,MX31,20070321,63.925
maize,MX32,20070321,19.586
maize,MX01,20070401,22.815
maize,MX02,20070401,56.161
maize,MX03,20070401,23.008
maize,MX04,20070401,59.155
maize,MX05,20070401,28.622
maize,MX06,20070401,33.204
maize,MX07,20070401,36.644
maize,MX08,20070401,16.879
maize,MX09,20070401,25.186
maize,MX10,20070401,20.404
maize,MX11,20070401,39.873
maize,MX12,20070401,27.818
maize,MX13,20070401,33.764
maize,MX14,20070401,28.441
maize,MX15,20070401,23.266
maize,MX16,20070401,34.85
maize,MX17,20070401,22.345
maize,MX18,20070401,30.797
maize,MX19,20070401,31.755
maize,MX20,20070401,37.938
maize,MX21,20070401,21.242
maize,MX22,20070401,31.154
maize,MX23,20070401,78.804
maize,MX24,20070401,32.76
maize,MX25,20070401,54.119
maize,MX26,20070401,48.398
maize,MX27,20070401,53.885
maize,MX28,20070401,44.887
maize,MX29,20070401,17.741
maize,MX30,20070401,43.383
maize,MX31,20070401,60.251
maize,MX32,20070401,19.861
maize,MX01,20070411,22.222
maize,MX02,20070411,52.78
maize,MX03,20070411,22.171
maize,MX04,20070411,55.992
maize,MX05,20070411,27.743
maize,MX06,20070411,32.138
maize,MX07,20070411,37.38
maize,MX08,20070411,17.439
maize,MX09,20070411,26.9
maize,MX10,20070411,20.525
maize,MX11,20070411,35.954
maize,MX12,20070411,27.47
maize,MX13,20070411,34.437
maize,MX14,20070411,27.203
maize,MX15,20070411,23.731
maize,MX16,20070411,32.461
maize,MX17,20070411,22.41
maize,MX18,20070411,29.346
maize,MX19,20070411,31.772
maize,MX20,20070411,37.983
maize,MX21,20070411,22.063
maize,MX22,20070411,30.616
maize,MX23,20070411,77.424
maize,MX24,20070411,32.708
maize,MX25,20070411,50.855
maize,MX26,20070411,41.722
maize,MX27,20070411,51.733
maize,MX28,20070411,46.977
maize,MX29,20070411,18.197
maize,MX30,20070411,42.188
maize,MX31,20070411,57.139
maize,MX32,20070411,19.733
maize,MX01,20070421,21.538
maize,MX02,20070421,48.034
maize,MX03,20070421,21.458
maize,MX04,20070421,53.912
maize,MX05,20070421,27.334
maize,MX06,20070421,31.167
maize,MX07,20070421,38.501
maize,MX08,20070421,18.026
maize,MX09,20070421,28.651
maize,MX10,20070421,20.4
maize,MX11,20070421,31.624
maize,MX12,20070421,27.472
maize,MX13,20070421,35.21
maize,MX14,20070421,25.68
maize,MX15,20070421,24.506
maize,MX16,20070421,29.789
maize,MX17,20070421,22.69
maize,MX18,20070421,28.07
maize,MX19,20070421,31.975
maize,MX20,20070421,38.333
maize,MX21,20070421,23.28
maize,MX22,20070421,30.518
maize,MX23,20070421,76.282
maize,MX24,20070421,32.471
maize,MX25,20070421,47.008
maize,MX26,20070421,35.002
maize,MX27,20070421,49.555
maize,MX28,20070421,47.876
maize,MX29,20070421,19.048
maize,MX30,20070421,41.017
maize,MX31,20070421,54.729
maize,MX32,20070421,19.383
maize,MX01,20070501,21.153
maize,MX02,20070501,42.581
maize,MX03,20070501,21.015
maize,MX04,20070501,53.033
maize,MX05,20070501,27.815
maize,MX06,20070501,30.264
maize,MX07,20070501,39.931
maize,MX08,20070501,18.716
maize,MX09,20070501,30.717
maize,MX10,20070501,20.26
maize,MX11,20070501,28.009
maize,MX12,20070501,28.006
maize,MX13,20070501,36.063
maize,MX14,20070501,24.404
maize,MX15,20070501,25.739
maize,MX16,20070501,27.714
maize,MX17,20070501,23.311
maize,MX18,20070501,27.024
maize,MX19,20070501,32.711
maize,MX20,20070501,38.992
maize,MX21,20070501,24.966
maize,MX22,20070501,31.194
maize,MX23,20070501,75.632
maize,MX24,20070501,32.368
maize,MX25,20070501,42.497
maize,MX26,20070501,29.343
maize,MX27,20070501,47.679
maize,MX28,20070501,47.769
maize,MX29,20070501,20.494
maize,MX30,20070501,40.164
maize,MX31,20070501,53.437
maize,MX32,20070501,19.175
maize,MX01,20070511,21.484
maize,MX02,20070511,37.843
maize,MX03,20070511,20.836
maize,MX04,20070511,53.532
maize,MX05,20070511,29.209
maize,MX06,20070511,29.714
maize,MX07,20070511,41.69
maize,MX08,20070511,19.559
maize,MX09,20070511,33.207
maize,MX10,20070511,20.473
maize,MX11,20070511,26.155
maize,MX12,20070511,29.365
maize,MX13,20070511,37.136
maize,MX14,20070511,23.912
maize,MX15,20070511,27.618
maize,MX16,20070511,26.96
maize,MX17,20070511,24.479
maize,MX18,20070511,26.476
maize,MX19,20070511,34.204
maize,MX20,20070511,40.094
maize,MX21,20070511,27.125
maize,MX22,20070511,32.862
maize,MX23,20070511,75.754
maize,MX24,20070511,32.737
maize,MX25,20070511,37.903
maize,MX26,20070511,25.202
maize,MX27,20070511,46.411
maize,MX28,20070511,47.065
maize,MX29,20070511,22.708
maize,MX30,20070511,39.886
maize,MX31,20070511,53.877
maize,MX32,20070511,19.535
maize,MX01,20070521,23.07
maize,MX02,20070521,34.49
maize,MX03,20070521,20.655
maize,MX04,20070521,55.272
maize,MX05,20070521,31.313
maize,MX06,20070521,29.897
maize,MX07,20070521,44.077
maize,MX08,20070521,20.692
maize,MX09,20070521,35.759
maize,MX10,20070521,21.5
maize,MX11,20070521,26.706
maize,MX12,20070521,31.949
maize,MX13,20070521,38.624
maize,MX14,20070521,24.956
maize,MX15,20070521,30.317
maize,MX16,20070521,28.217
maize,MX17,20070521,26.557
maize,MX18,20070521,26.822
maize,MX19,20070521,36.302
maize,MX20,20070521,41.984
maize,MX21,20070521,29.892
maize,MX22,20070521,35.446
maize,MX23,20070521,76.553
maize,MX24,20070521,33.822
maize,MX25,20070521,33.705
maize,MX26,20070521,22.601
maize,MX27,20070521,46.053
maize,MX28,20070521,46.233
maize,MX29,20070521,25.841
maize,MX30,20070521,40.411
maize,MX31,20070521,56.025
maize,MX32,20070521,21.055
maize,MX01,20070601,26.842
maize,MX02,20070601,32.688
maize,MX03,20070601,20.386
maize,MX04,20070601,58.315
maize,MX05,20070601,33.804
maize,MX06,20070601,31.404
maize,MX07,20070601,47.436
maize,MX08,20070601,22.61
maize,MX09,20070601,38.77
maize,MX10,20070601,24.2
maize,MX11,20070601,30.522
maize,MX12,20070601,36.714
maize,MX13,20070601,40.86
maize,MX14,20070601,28.401
maize,MX15,20070601,34.314
maize,MX16,20070601,32.393
maize,MX17,20070601,30.382
maize,MX18,20070601,28.749
maize,MX19,20070601,38.758
maize,MX20,20070601,45.101
maize,MX21,20070601,33.663
maize,MX22,20070601,39.349
maize,MX23,20070601,78.055
maize,MX24,20070601,36.028
maize,MX25,20070601,30.053
maize,MX26,20070601,21.183
maize,MX27,20070601,46.775
maize,MX28,20070601,45.498
maize,MX29,20070601,30.408
maize,MX30,20070601,42.041
maize,MX31,20070601,60.146
maize,MX32,20070601,24.716
maize,MX01,20070611,32.247
maize,MX02,20070611,32.384
maize,MX03,20070611,19.953
maize,MX04,20070611,61.409
maize,MX05,20070611,35.828
maize,MX06,20070611,34.516
maize,MX07,20070611,50.933
maize,MX08,20070611,25.221
maize,MX09,20070611,41.425
maize,MX10,20070611,28.367
maize,MX11,20070611,36.863
maize,MX12,20070611,42.682
maize,MX13,20070611,43.449
maize,MX14,20070611,33.929
maize,MX15,20070611,38.982
maize,MX16,20070611,38.775
maize,MX17,20070611,35.555
maize,MX18,20070611,32.208
maize,MX19,20070611,40.781
maize,MX20,20070611,48.516
maize,MX21,20070611,37.731
maize,MX22,20070611,43.803
maize,MX23,20070611,79.447
maize,MX24,20070611,38.787
maize,MX25,20070611,27.677
maize,MX26,20070611,20.952
maize,MX27,20070611,48.131
maize,MX28,20070611,45.043
maize,MX29,20070611,35.717
maize,MX30,20070611,44.398
maize,MX31,20070611,64.579
maize,MX32,20070611,30.03
maize,MX01,20070621,39.112
maize,MX02,20070621,32.647
maize,MX03,20070621,19.379
maize,MX04,20070621,64.264
maize,MX05,20070621,37.561
maize,MX06,20070621,39.378
maize,MX07,20070621,54.18
maize,MX08,20070621,28.751
maize,MX09,20070621,43.608
maize,MX10,20070621,33.84
maize,MX11,20070621,45.132
maize,MX12,20070621,49.352
maize,MX13,20070621,46.421
maize,MX14,20070621,41.336
maize,MX15,20070621,44.4
maize,MX16,20070621,46.884
maize,MX17,20070621,41.761
maize,MX18,20070621,37.324
maize,MX19,20070621,42.727
maize,MX20,20070621,52.16
maize,MX21,20070621,42.068
maize,MX22,20070621,48.876
maize,MX23,20070621,80.786
maize,MX24,20070621,41.979
maize,MX25,20070621,26.152
maize,MX26,20070621,21.633
maize,MX27,20070621,49.404
maize,MX28,20070621,45.004
maize,MX29,20070621,41.664
maize,MX30,20070621,47.561
maize,MX31,20070621,68.895
maize,MX32,20070621,36.883
maize,MX01,20070701,46.267
maize,MX02,20070701,32.704
maize,MX03,20070701,18.636
maize,MX04,20070701,66.486
maize,MX05,20070701,38.879
maize,MX06,20070701,45.738
maize,MX07,20070701,56.772
maize,MX08,20070701,33.183
maize,MX09,20070701,45.432
maize,MX10,20070701,39.852
maize,MX11,20070701,53.82
maize,MX12,20070701,55.723
maize,MX13,20070701,49.226
maize,MX14,20070701,49.689
maize,MX15,20070701,49.905
maize,MX16,20070701,55.325
maize,MX17,20070701,48.467
maize,MX18,20070701,43.794
maize,MX19,20070701,44.572
maize,MX20,20070701,55.53
maize,MX21,20070701,46.289
maize,MX22,20070701,53.816
maize,MX23,20070701,81.545
maize,MX24,20070701,45.185
maize,MX25,20070701,25.462
maize,MX26,20070701,23.193
maize,MX27,20070701,50.522
maize,MX28,20070701,45.486
maize,MX29,20070701,47.548
maize,MX30,20070701,51.005
maize,MX31,20070701,72.092
maize,MX32,20070701,44.248
maize,MX01,20070711,52.219
maize,MX02,20070711,32.533
maize,MX03,20070711,17.842
maize,MX04,20070711,68.399
maize,MX05,20070711,39.849
maize,MX06,20070711,52.9
maize,MX07,20070711,59.156
maize,MX08,20070711,38.351
maize,MX09,20070711,46.673
maize,MX10,20070711,45.435
maize,MX11,20070711,61.359
maize,MX12,20070711,61.108
maize,MX13,20070711,51.312
maize,MX14,20070711,57.776
maize,MX15,20070711,54.722
maize,MX16,20070711,62.677
maize,MX17,20070711,55.299
maize,MX18,20070711,50.654
maize,MX19,20070711,46.102
maize,MX20,20070711,58.353
maize,MX21,20070711,50.36
maize,MX22,20070711,57.63
maize,MX23,20070711,82.002
maize,MX24,20070711,47.918
maize,MX25,20070711,25.602
maize,MX26,20070711,25.546
maize,MX27,20070711,51.41
maize,MX28,20070711,46.345
maize,MX29,20070711,52.782
maize,MX30,20070711,54.351
maize,MX31,20070711,74.127
maize,MX32,20070711,50.792
maize,MX01,20070721,56.343
maize,MX02,20070721,31.993
maize,MX03,20070721,17.105
maize,MX04,20070721,70.093
maize,MX05,20070721,40.648
maize,MX06,20070721,59.657
maize,MX07,20070721,61.65
maize,MX08,20070721,43.939
maize,MX09,20070721,47.494
maize,MX10,20070721,50.184
maize,MX11,20070721,67.044
maize,MX12,20070721,65.746
maize,MX13,20070721,52.718
maize,MX14,20070721,64.835
maize,MX15,20070721,58.524
maize,MX16,20070721,68.331
maize,MX17,20070721,62.138
maize,MX18,20070721,57.082
maize,MX19,20070721,47.187
maize,MX20,20070721,60.627
maize,MX21,20070721,54.178
maize,MX22,20070721,60.042
maize,MX23,20070721,81.787
maize,MX24,20070721,49.998
maize,MX25,20070721,26.652
maize,MX26,20070721,28.472
maize,MX27,20070721,52.716
maize,MX28,20070721,47.265
maize,MX29,20070721,56.902
maize,MX30,20070721,57.127
maize,MX31,20070721,75.203
maize,MX32,20070721,55.872
maize,MX01,20070801,58.903
maize,MX02,20070801,31.257
maize,MX03,20070801,16.535
maize,MX04,20070801,71.966
maize,MX05,20070801,41.245
maize,MX06,20070801,65.79
maize,MX07,20070801,64.476
maize,MX08,20070801,49.948
maize,MX09,20070801,48.311
maize,MX10,20070801,54.122
maize,MX11,20070801,71.068
maize,MX12,20070801,70.053
maize,MX13,20070801,53.731
maize,MX14,20070801,70.808
maize,MX15,20070801,61.529
maize,MX16,20070801,72.537
maize,MX17,20070801,68.838
maize,MX18,20070801,62.865
maize,MX19,20070801,47.859
maize,MX20,20070801,62.63
maize,MX21,20070801,57.893
maize,MX22,20070801,61.284
maize,MX23,20070801,80.958
maize,MX24,20070801,51.611
maize,MX25,20070801,28.694
maize,MX26,20070801,31.86
maize,MX27,20070801,54.987
maize,MX28,20070801,48.189
maize,MX29,20070801,60.057
maize,MX30,20070801,59.506
maize,MX31,20070801,75.754
maize,MX32,20070801,59.586
maize,MX01,20070811,59.609
maize,MX02,20070811,30.444
maize,MX03,20070811,16.435
maize,MX04,20070811,73.745
maize,MX05,20070811,41.464
maize,MX06,20070811,69.658
maize,MX07,20070811,66.952
maize,MX08,20070811,54.462
maize,MX09,20070811,49.22
maize,MX10,20070811,56.376
maize,MX11,20070811,72.836
maize,MX12,20070811,73.344
maize,MX13,20070811,54.326
maize,MX14,20070811,74.285
maize,MX15,20070811,63.35
maize,MX16,20070811,74.699
maize,MX17,20070811,73.524
maize,MX18,20070811,66.633
maize,MX19,20070811,48.197
maize,MX20,20070811,64.182
maize,MX21,20070811,60.768
maize,MX22,20070811,61.181
maize,MX23,20070811,79.899
maize,MX24,20070811,52.703
maize,MX25,20070811,31.26
maize,MX26,20070811,34.704
maize,MX27,20070811,57.622
maize,MX28,20070811,49.107
maize,MX29,20070811,61.611
maize,MX30,20070811,61.292
maize,MX31,20070811,76.192
maize,MX32,20070811,61.377
maize,MX01,20070821,59.23
maize,MX02,20070821,29.65
maize,MX03,20070821,16.909
maize,MX04,20070821,75.684
maize,MX05,20070821,41.401
maize,MX06,20070821,72.044
maize,MX07,20070821,68.985
maize,MX08,20070821,57.237
maize,MX09,20070821,50.46
maize,MX10,20070821,57.399
maize,MX11,20070821,73.066
maize,MX12,20070821,75.907
maize,MX13,20070821,54.829
maize,MX14,20070821,76.042
maize,MX15,20070821,64.367
maize,MX16,20070821,75.45
maize,MX17,20070821,76.451
maize,MX18,20070821,69.05
maize,MX19,20070821,48.576
maize,MX20,20070821,65.536
maize,MX21,20070821,62.968
maize,MX22,20070821,60.204
maize,MX23,20070821,79.0
maize,MX24,20070821,53.663
maize,MX25,20070821,34.081
maize,MX26,20070821,37.29
maize,MX27,20070821,60.414
maize,MX28,20070821,50.509
maize,MX29,20070821,61.821
maize,MX30,20070821,62.989
maize,MX31,20070821,77.057
maize,MX32,20070821,61.917
maize,MX01,20070901,57.652
maize,MX02,20070901,28.956
maize,MX03,20070901,18.143
maize,MX04,20070901,77.671
maize,MX05,20070901,41.321
maize,MX06,20070901,73.478
maize,MX07,20070901,70.444
maize,MX08,20070901,57.663
maize,MX09,20070901,51.646
maize,MX10,20070901,57.258
maize,MX11,20070901,71.783
maize,MX12,20070901,77.66
maize,MX13,20070901,55.128
maize,MX14,20070901,76.179
maize,MX15,20070901,64.532
maize,MX16,20070901,74.857
maize,MX17,20070901,77.634
maize,MX18,20070901,70.565
maize,MX19,20070901,49.093
maize,MX20,20070901,66.661
maize,MX21,20070901,64.232
maize,MX22,20070901,58.254
maize,MX23,20070901,78.586
maize,MX24,20070901,54.619
maize,MX25,20070901,36.791
maize,MX26,20070901,39.983
maize,MX27,20070901,63.285
maize,MX28,20070901,52.571
maize,MX29,20070901,60.431
maize,MX30,20070901,64.659
maize,MX31,20070901,78.0
maize,MX32,20070901,61.196
maize,MX01,20070911,54.659
maize,MX02,20070911,28.476
maize,MX03,20070911,19.975
maize,MX04,20070911,79.404
maize,MX05,20070911,40.847
maize,MX06,20070911,74.159
maize,MX07,20070911,70.956
maize,MX08,20070911,55.522
maize,MX09,20070911,51.81
maize,MX10,20070911,55.715
maize,MX11,20070911,68.968
maize,MX12,20070911,77.94
maize,MX13,20070911,54.668
maize,MX14,20070911,74.483
maize,MX15,20070911,63.476
maize,MX16,20070911,72.95
maize,MX17,20070911,76.97
maize,MX18,20070911,70.853
maize,MX19,20070911,48.919
maize,MX20,20070911,66.982
maize,MX21,20070911,63.687
maize,MX22,20070911,55.407
maize,MX23,20070911,79.017
maize,MX24,20070911,54.993
maize,MX25,20070911,38.141
maize,MX26,20070911,42.101
maize,MX27,20070911,65.165
maize,MX28,20070911,54.28
maize,MX29,20070911,57.404
maize,MX30,20070911,66.042
maize,MX31,20070911,78.986
maize,MX32,20070911,58.942
maize,MX01,20070921,50.18
maize,MX02,20070921,28.346
maize,MX03,20070921,22.207
maize,MX04,20070921,80.864
maize,MX05,20070921,39.666
maize,MX06,20070921,74.406
maize,MX07,20070921,70.678
maize,MX08,20070921,51.245
maize,MX09,20070921,50.71
maize,MX10,20070921,52.442
maize,MX11,20070921,64.61
maize,MX12,20070921,76.648
maize,MX13,20070921,53.289
maize,MX14,20070921,71.069
maize,MX15,20070921,60.89
maize,MX16,20070921,69.736
maize,MX17,20070921,74.492
maize,MX18,20070921,69.925
maize,MX19,20070921,47.6
maize,MX20,20070921,66.328
maize,MX21,20070921,61.12
maize,MX22,20070921,51.623
maize,MX23,20070921,80.166
maize,MX24,20070921,54.618
maize,MX25,20070921,37.792
maize,MX26,20070921,43.032
maize,MX27,20070921,66.279
maize,MX28,20070921,55.04
maize,MX29,20070921,52.748
maize,MX30,20070921,67.175
maize,MX31,20070921,79.879
maize,MX32,20070921,55.074
maize,MX01,20071001,44.94
maize,MX02,20071001,28.521
maize,MX03,20071001,24.32
maize,MX04,20071001,81.803
maize,MX05,20071001,37.698
maize,MX06,20071001,74.17
maize,MX07,20071001,69.725
maize,MX08,20071001,45.319
maize,MX09,20071001,47.974
maize,MX10,20071001,47.38
maize,MX11,20071001,59.03
maize,MX12,20071001,73.716
maize,MX13,20071001,51.061
maize,MX14,20071001,66.201
maize,MX15,20071001,56.899
maize,MX16,20071001,65.391
maize,MX17,20071001,70.376
maize,MX18,20071001,67.84
maize,MX19,20071001,45.208
maize,MX20,20071001,64.923
maize,MX21,20071001,56.926
maize,MX22,20071001,47.331
maize,MX23,20071001,81.616
maize,MX24,20071001,53.633
maize,MX25,20071001,35.715
maize,MX26,20071001,41.809
maize,MX27,20071001,66.415
maize,MX28,20071001,54.666
maize,MX29,20071001,47.126
maize,MX30,20071001,68.035
maize,MX31,20071001,80.535
maize,MX32,20071001,49.969
maize,MX01,20071011,39.673
maize,MX02,20071011,28.991
maize,MX03,20071011,26.069
maize,MX04,20071011,82.403
maize,MX05,20071011,35.08
maize,MX06,20071011,73.204
maize,MX07,20071011,68.236
maize,MX08,20071011,38.626
maize,MX09,20071011,43.96
maize,MX10,20071011,41.324
maize,MX11,20071011,52.622
maize,MX12,20071011,69.497
maize,MX13,20071011,47.991
maize,MX14,20071011,60.333
maize,MX15,20071011,51.943
maize,MX16,20071011,60.143
maize,MX17,20071011,65.151
maize,MX18,20071011,64.833
maize,MX19,20071011,42.041
maize,MX20,20071011,63.083
maize,MX21,20071011,51.785
maize,MX22,20071011,42.851
maize,MX23,20071011,83.168
maize,MX24,20071011,52.006
maize,MX25,20071011,32.828
maize,MX26,20071011,38.578
maize,MX27,20071011,65.914
maize,MX28,20071011,53.073
maize,MX29,20071011,41.198
maize,MX30,20071011,68.395
maize,MX31,20071011,80.999
maize,MX32,20071011,44.268
maize,MX01,20071021,34.875
maize,MX02,20071021,29.648
maize,MX03,20071021,26.817
maize,MX04,20071021,82.612
maize,MX05,20071021,32.217
maize,MX06,20071021,71.183
maize,MX07,20071021,66.423
maize,MX08,20071021,32.215
maize,MX09,20071021,38.961
maize,MX10,20071021,35.324
maize,MX11,20071021,45.958
maize,MX12,20071021,64.433
maize,MX13,20071021,44.371
maize,MX14,20071021,54.016
maize,MX15,20071021,46.544
maize,MX16,20071021,54.383
maize,MX17,20071021,59.403
maize,MX18,20071021,61.165
maize,MX19,20071021,38.437
maize,MX20,20071021,61.088
maize,MX21,20071021,46.295
maize,MX22,20071021,38.536
maize,MX23,20071021,84.452
maize,MX24,20071021,49.833
maize,MX25,20071021,30.175
maize,MX26,20071021,34.683
maize,MX27,20071021,64.969
maize,MX28,20071021,50.35
maize,MX29,20071021,35.447
maize,MX30,20071021,68.192
maize,MX31,20071021,81.006
maize,MX32,20071021,38.647
maize,MX01,20071101,30.678
maize,MX02,20071101,30.876
maize,MX03,20071101,26.851
maize,MX04,20071101,82.518
maize,MX05,20071101,29.363
maize,MX06,20071101,67.858
maize,MX07,20071101,64.191
maize,MX08,20071101,26.709
maize,MX09,20071101,33.547
maize,MX10,20071101,29.973
maize,MX11,20071101,38.987
maize,MX12,20071101,58.42
maize,MX13,20071101,40.604
maize,MX14,20071101,47.38
maize,MX15,20071101,40.839
maize,MX16,20071101,47.904
maize,MX17,20071101,53.15
maize,MX18,20071101,57.021
maize,MX19,20071101,34.682
maize,MX20,20071101,58.817
maize,MX21,20071101,40.565
maize,MX22,20071101,34.493
maize,MX23,20071101,85.476
maize,MX24,20071101,47.169
maize,MX25,20071101,28.703
maize,MX26,20071101,31.276
maize,MX27,20071101,63.854
maize,MX28,20071101,46.656
maize,MX29,20071101,29.876
maize,MX30,20071101,67.459
maize,MX31,20071101,80.326
maize,MX32,20071101,33.327
maize,MX01,20071111,28.052
maize,MX02,20071111,32.27
maize,MX03,20071111,26.433
maize,MX04,20071111,81.938
maize,MX05,20071111,27.402
maize,MX06,20071111,64.131
maize,MX07,20071111,61.783
maize,MX08,20071111,23.313
maize,MX09,20071111,29.402
maize,MX10,20071111,26.69
maize,MX11,20071111,33.58
maize,MX12,20071111,52.977
maize,MX13,20071111,37.978
maize,MX14,20071111,42.274
maize,MX15,20071111,36.407
maize,MX16,20071111,42.48
maize,MX17,20071111,47.903
maize,MX18,20071111,53.778
maize,MX19,20071111,31.857
maize,MX20,20071111,56.731
maize,MX21,20071111,36.09
maize,MX22,20071111,31.903
maize,MX23,20071111,85.958
maize,MX24,20071111,44.813
maize,MX25,20071111,29.149
maize,MX26,20071111,29.447
maize,MX27,20071111,63.061
maize,MX28,20071111,43.273
maize,MX29,20071111,25.905
maize,MX30,20071111,66.474
maize,MX31,20071111,78.903
maize,MX32,20071111,29.64
maize,MX01,20071121,26.371
maize,MX02,20071121,33.523
maize,MX03,20071121,26.021
maize,MX04,20071121,80.95
maize,MX05,20071121,26.149
maize,MX06,20071121,60.119
maize,MX07,20071121,59.039
maize,MX08,20071121,21.166
maize,MX09,20071121,26.245
maize,MX10,20071121,24.671
maize,MX11,20071121,29.377
maize,MX12,20071121,47.997
maize,MX13,20071121,36.28
maize,MX14,20071121,38.254
maize,MX15,20071121,32.911
maize,MX16,20071121,37.824
maize,MX17,20071121,43.369
maize,MX18,20071121,51.4
maize,MX19,20071121,29.646
maize,MX20,20071121,54.707
maize,MX21,20071121,32.509
maize,MX22,20071121,30.46
maize,MX23,20071121,86.145
maize,MX24,20071121,42.718
maize,MX25,20071121,31.203
maize,MX26,20071121,28.92
maize,MX27,20071121,62.876
maize,MX28,20071121,40.245
maize,MX29,20071121,23.054
maize,MX30,20071121,65.222
maize,MX31,20071121,76.873
maize,MX32,20071121,26.942
maize,MX01,20071201,25.35
maize,MX02,20071201,34.603
maize,MX03,20071201,25.993
maize,MX04,20071201,79.506
maize,MX05,20071201,25.401
maize,MX06,20071201,56.263
maize,MX07,20071201,55.937
maize,MX08,20071201,19.754
maize,MX09,20071201,24.112
maize,MX10,20071201,23.333
maize,MX11,20071201,26.513
maize,MX12,20071201,43.761
maize,MX13,20071201,35.245
maize,MX14,20071201,35.284
maize,MX15,20071201,30.36
maize,MX16,20071201,34.233
maize,MX17,20071201,39.593
maize,MX18,20071201,49.85
maize,MX19,20071201,28.033
maize,MX20,20071201,52.748
maize,MX21,20071201,29.889
maize,MX22,20071201,29.9
maize,MX23,20071201,85.898
maize,MX24,20071201,40.871
maize,MX25,20071201,34.438
maize,MX26,20071201,29.481
maize,MX27,20071201,63.015
maize,MX28,20071201,37.797
maize,MX29,20071201,21.236
maize,MX30,20071201,63.635
maize,MX31,20071201,74.623
maize,MX32,20071201,25.009
maize,MX01,20071211,24.646
maize,MX02,20071211,35.466
maize,MX03,20071211,26.298
maize,MX04,20071211,77.692
maize,MX05,20071211,24.926
maize,MX06,20071211,52.83
maize,MX07,20071211,52.672
maize,MX08,20071211,18.718
maize,MX09,20071211,22.788
maize,MX10,20071211,22.395
maize,MX11,20071211,24.928
maize,MX12,20071211,40.345
maize,MX13,20071211,34.517
maize,MX14,20071211,33.159
maize,MX15,20071211,28.499
maize,MX16,20071211,31.716
maize,MX17,20071211,36.487
maize,MX18,20071211,48.84
maize,MX19,20071211,26.826
maize,MX20,20071211,50.819
maize,MX21,20071211,27.926
maize,MX22,20071211,29.766
maize,MX23,20071211,85.452
maize,MX24,20071211,39.147
maize,MX25,20071211,38.109
maize,MX26,20071211,30.931
maize,MX27,20071211,63.223
maize,MX28,20071211,35.749
maize,MX29,20071211,20.167
maize,MX30,20071211,61.53
maize,MX31,20071211,72.446
maize,MX32,20071211,23.614
maize,MX01,20071221,24.042
maize,MX02,20071221,36.437
maize,MX03,20071221,26.77
maize,MX04,20071221,75.591
maize,MX05,20071221,24.636
maize,MX06,20071221,49.769
maize,MX07,20071221,49.405
maize,MX08,20071221,17.876
maize,MX09,20071221,21.842
maize,MX10,20071221,21.556
maize,MX11,20071221,24.652
maize,MX12,20071221,37.766
maize,MX13,20071221,33.977
maize,MX14,20071221,31.591
maize,MX15,20071221,27.136
maize,MX16,20071221,30.194
maize,MX17,20071221,33.941
maize,MX18,20071221,48.012
maize,MX19,20071221,25.816
maize,MX20,20071221,48.897
maize,MX21,20071221,26.395
maize,MX22,20071221,29.938
maize,MX23,20071221,84.907
maize,MX24,20071221,37.394
maize,MX25,20071221,41.534
maize,MX26,20071221,33.244
maize,MX27,20071221,63.047
maize,MX28,20071221,33.943
maize,MX29,20071221,19.482
maize,MX30,20071221,58.729
maize,MX31,20071221,70.524
maize,MX32,20071221,22.558
maize,MX01,20080101,23.468
maize,MX02,20080101,38.306
maize,MX03,20080101,27.168
maize,MX04,20080101,73.091
maize,MX05,20080101,24.565
maize,MX06,20080101,46.817
maize,MX07,20080101,46.235
maize,MX08,20080101,17.145
maize,MX09,20080101,21.073
maize,MX10,20080101,20.718
maize,MX11,20080101,25.905
maize,MX12,20080101,35.71
maize,MX13,20080101,33.399
maize,MX14,20080101,30.29
maize,MX15,20080101,25.823
maize,MX16,20080101,29.564
maize,MX17,20080101,31.613
maize,MX18,20080101,46.883
maize,MX19,20080101,24.83
maize,MX20,20080101,46.763
maize,MX21,20080101,25.054
maize,MX22,20080101,30.236
maize,MX23,20080101,84.372
maize,MX24,20080101,35.47
maize,MX25,20080101,44.655
maize,MX26,20080101,36.787
maize,MX27,20080101,62.484
maize,MX28,20080101,32.019
maize,MX29,20080101,18.921
maize,MX30,20080101,55.102
maize,MX31,20080101,68.937
maize,MX32,20080101,21.686
maize,MX01,20080111,23.084
maize,MX02,20080111,41.155
maize,MX03,20080111,27.245
maize,MX04,20080111,70.719
maize,MX05,20080111,24.683
maize,MX06,20080111,44.436
maize,MX07,20080111,43.777
maize,MX08,20080111,16.578
maize,MX09,20080111,20.339
maize,MX10,20080111,20.041
maize,MX11,20080111,28.441
maize,MX12,20080111,34.339
maize,MX13,20080111,33.013
maize,MX14,20080111,29.431
maize,MX15,20080111,24.71
maize,MX16,20080111,29.945
maize,MX17,20080111,29.808
maize,MX18,20080111,45.366
maize,MX19,20080111,23.985
maize,MX20,20080111,44.906
maize,MX21,20080111,24.02
maize,MX22,20080111,30.623
maize,MX23,20080111,83.846
maize,MX24,20080111,33.845
maize,MX25,20080111,47.124
maize,MX26,20080111,40.902
maize,MX27,20080111,61.92
maize,MX28,20080111,30.366
maize,MX29,20080111,18.396
maize,MX30,20080111,51.773
maize,MX31,20080111,67.962
maize,MX32,20080111,21.094
maize,MX01,20080121,22.852
maize,MX02,20080121,44.837
maize,MX03,20080121,27.214
maize,MX04,20080121,68.494
maize,MX05,20080121,24.984
maize,MX06,20080121,42.275
maize,MX07,20080121,41.859
maize,MX08,20080121,16.137
maize,MX09,20080121,19.759
maize,MX10,20080121,19.573
maize,MX11,20080121,31.999
maize,MX12,20080121,33.262
maize,MX13,20080121,32.767
maize,MX14,20080121,28.834
maize,MX15,20080121,23.752
maize,MX16,20080121,31.045
maize,MX17,20080121,28.268
maize,MX18,20080121,43.427
maize,MX19,20080121,23.285
maize,MX20,20080121,43.162
maize,MX21,20080121,23.208
maize,MX22,20080121,31.148
maize,MX23,20080121,83.352
maize,MX24,20080121,32.447
maize,MX25,20080121,49.512
maize,MX26,20080121,45.683
maize,MX27,20080121,61.344
maize,MX28,20080121,29.045
maize,MX29,20080121,18.014
maize,MX30,20080121,48.677
maize,MX31,20080121,67.412
maize,MX32,20080121,20.618
maize,MX01,20080201,22.695
maize,MX02,20080201,49.328
maize,MX03,20080201,27.206
maize,MX04,20080201,66.311
maize,MX05,20080201,25.566
maize,MX06,20080201,39.942
maize,MX07,20080201,40.207
maize,MX08,20080201,15.815
maize,MX09,20080201,19.092
maize,MX10,20080201,19.281
maize,MX11,20080201,36.242
maize,MX12,20080201,32.063
maize,MX13,20080201,32.542
maize,MX14,20080201,28.364
maize,MX15,20080201,22.793
maize,MX16,20080201,32.712
maize,MX17,20080201,26.643
maize,MX18,20080201,40.967
maize,MX19,20080201,22.902
maize,MX20,20080201,41.066
maize,MX21,20080201,22.344
maize,MX22,20080201,31.626
maize,MX23,20080201,82.766
maize,MX24,20080201,31.165
maize,MX25,20080201,52.217
maize,MX26,20080201,51.234
maize,MX27,20080201,60.665
maize,MX28,20080201,28.21
maize,MX29,20080201,17.621
maize,MX30,20080201,45.398
maize,MX31,20080201,66.901
maize,MX32,20080201,20.194
maize,MX01,20080211,22.438
maize,MX02,20080211,53.358
maize,MX03,20080211,27.255
maize,MX04,20080211,64.63
maize,MX05,20080211,26.088
maize,MX06,20080211,37.838
maize,MX07,20080211,39.108
maize,MX08,20080211,15.746
maize,MX09,20080211,18.557
maize,MX10,20080211,19.209
maize,MX11,20080211,39.509
maize,MX12,20080211,30.827
maize,MX13,20080211,32.052
maize,MX14,20080211,27.961
maize,MX15,20080211,21.909
maize,MX16,20080211,34.109
maize,MX17,20080211,25.215
maize,MX18,20080211,38.57
maize,MX19,20080211,22.844
maize,MX20,20080211,38.897
maize,MX21,20080211,21.503
maize,MX22,20080211,31.66
maize,MX23,20080211,82.234
maize,MX24,20080211,30.102
maize,MX25,20080211,54.578
maize,MX26,20080211,55.762
maize,MX27,20080211,59.939
maize,MX28,20080211,28.008
maize,MX29,20080211,17.225
maize,MX30,20080211,42.339
maize,MX31,20080211,66.341
maize,MX32,20080211,19.804
maize,MX01,20080221,21.921
maize,MX02,20080221,56.763
maize,MX03,20080221,27.25
maize,MX04,20080221,63.031
maize,MX05,20080221,26.339
maize,MX06,20080221,35.747
maize,MX07,20080221,38.327
maize,MX08,20080221,15.832
maize,MX09,20080221,17.93
maize,MX10,20080221,19.2
maize,MX11,20080221,41.58
maize,MX12,20080221,29.485
maize,MX13,20080221,31.213
maize,MX14,20080221,27.376
maize,MX15,20080221,20.99
maize,MX16,20080221,34.946
maize,MX17,20080221,23.867
maize,MX18,20080221,36.041
maize,MX19,20080221,22.867
maize,MX20,20080221,36.701
maize,MX21,20080221,20.631
maize,MX22,20080221,31.185
maize,MX23,20080221,81.644
maize,MX24,20080221,29.037
maize,MX25,20080221,56.43
maize,MX26,20080221,59.014
maize,MX27,20080221,59.155
maize,MX28,20080221,28.326
maize,MX29,20080221,16.784
maize,MX30,20080221,39.39
maize,MX31,20080221,65.199
maize,MX32,20080221,19.305
maize,MX01,20080301,21.369
maize,MX02,20080301,59.124
maize,MX03,20080301,26.989
maize,MX04,20080301,61.633
maize,MX05,20080301,26.183
maize,MX06,20080301,34.046
maize,MX07,20080301,37.767
maize,MX08,20080301,16.003
maize,MX09,20080301,17.393
maize,MX10,20080301,19.2
maize,MX11,20080301,42.323
maize,MX12,20080301,28.382
maize,MX13,20080301,30.367
maize,MX14,20080301,26.804
maize,MX15,20080301,20.335
maize,MX16,20080301,35.183
maize,MX17,20080301,22.851
maize,MX18,20080301,33.811
maize,MX19,20080301,22.942
maize,MX20,20080301,34.811
maize,MX21,20080301,19.919
maize,MX22,20080301,30.381
maize,MX23,20080301,81.22
maize,MX24,20080301,28.095
maize,MX25,20080301,57.396
maize,MX26,20080301,60.463
maize,MX27,20080301,58.467
maize,MX28,20080301,29.075
maize,MX29,20080301,16.409
maize,MX30,20080301,36.968
maize,MX31,20080301,63.915
maize,MX32,20080301,18.906
maize,MX01,20080311,20.844
maize,MX02,20080311,60.697
maize,MX03,20080311,26.29
maize,MX04,20080311,60.062
maize,MX05,20080311,25.755
maize,MX06,20080311,32.437
maize,MX07,20080311,37.352
maize,MX08,20080311,16.249
maize,MX09,20080311,16.97
maize,MX10,20080311,19.251
maize,MX11,20080311,41.913
maize,MX12,20080311,27.317
maize,MX13,20080311,29.642
maize,MX14,20080311,26.143
maize,MX15,20080311,19.924
maize,MX16,20080311,34.836
maize,MX17,20080311,22.039
maize,MX18,20080311,31.584
maize,MX19,20080311,22.998
maize,MX20,20080311,33.008
maize,MX21,20080311,19.333
maize,MX22,20080311,29.4
maize,MX23,20080311,80.58
maize,MX24,20080311,27.192
maize,MX25,20080311,57.653
maize,MX26,20080311,60.268
maize,MX27,20080311,57.516
maize,MX28,20080311,30.423
maize,MX29,20080311,16.154
maize,MX30,20080311,34.704
maize,MX31,20080311,62.378
maize,MX32,20080311,18.597
maize,MX01,20080321,20.523
maize,MX02,20080321,60.882
maize,MX03,20080321,25.333
maize,MX04,20080321,58.558
maize,MX05,20080321,25.123
maize,MX06,20080321,31.31
maize,MX07,20080321,36.951
maize,MX08,20080321,16.576
maize,MX09,20080321,16.917
maize,MX10,20080321,19.427
maize,MX11,20080321,40.288
maize,MX12,20080321,26.684
maize,MX13,20080321,29.305
maize,MX14,20080321,25.643
maize,MX15,20080321,19.934
maize,MX16,20080321,33.934
maize,MX17,20080321,21.648
maize,MX18,20080321,29.754
maize,MX19,20080321,23.104
maize,MX20,20080321,31.391
maize,MX21,20080321,19.051
maize,MX22,20080321,28.402
maize,MX23,20080321,79.737
maize,MX24,20080321,26.475
maize,MX25,20080321,57.166
maize,MX26,20080321,58.143
maize,MX27,20080321,56.346
maize,MX28,20080321,32.26
maize,MX29,20080321,16.128
maize,MX30,20080321,32.831
maize,MX31,20080321,60.79
maize,MX32,20080321,18.528
maize,MX01,20080401,20.329
maize,MX02,20080401,59.072
maize,MX03,20080401,24.178
maize,MX04,20080401,56.982
maize,MX05,20080401,24.4
maize,MX06,20080401,30.512
maize,MX07,20080401,36.728
maize,MX08,20080401,17.033
maize,MX09,20080401,17.295
maize,MX10,20080401,19.789
maize,MX11,20080401,37.094
maize,MX12,20080401,26.157
maize,MX13,20080401,29.352
maize,MX14,20080401,25.084
maize,MX15,20080401,20.323
maize,MX16,20080401,32.266
maize,MX17,20080401,21.594
maize,MX18,20080401,28.153
maize,MX19,20080401,23.5
maize,MX20,20080401,30.026
maize,MX21,20080401,19.108
maize,MX22,20080401,27.285
maize,MX23,20080401,78.502
maize,MX24,20080401,25.945
maize,MX25,20080401,55.772
maize,MX26,20080401,53.474
maize,MX27,20080401,54.804
maize,MX28,20080401,34.741
maize,MX29,20080401,16.249
maize,MX30,20080401,31.345
maize,MX31,20080401,58.864
maize,MX32,20080401,18.608
maize,MX01,20080411,20.273
maize,MX02,20080411,55.367
maize,MX03,20080411,23.16
maize,MX04,20080411,55.538
maize,MX05,20080411,23.942
maize,MX06,20080411,30.007
maize,MX07,20080411,36.651
maize,MX08,20080411,17.472
maize,MX09,20080411,17.916
maize,MX10,20080411,20.187
maize,MX11,20080411,33.256
maize,MX12,20080411,25.937
maize,MX13,20080411,29.674
maize,MX14,20080411,24.537
maize,MX15,20080411,20.913
maize,MX16,20080411,30.246
maize,MX17,20080411,21.894
maize,MX18,20080411,27.021
maize,MX19,20080411,24.23
maize,MX20,20080411,29.321
maize,MX21,20080411,19.466
maize,MX22,20080411,26.404
maize,MX23,20080411,77.096
maize,MX24,20080411,25.693
maize,MX25,20080411,53.619
maize,MX26,20080411,47.314
maize,MX27,20080411,53.547
maize,MX28,20080411,37.063
maize,MX29,20080411,16.389
maize,MX30,20080411,30.64
maize,MX31,20080411,56.83
maize,MX32,20080411,18.739
maize,MX01,20080421,20.143
maize,MX02,20080421,50.001
maize,MX03,20080421,22.324
maize,MX04,20080421,54.223
maize,MX05,20080421,23.903
maize,MX06,20080421,29.494
maize,MX07,20080421,36.865
maize,MX08,20080421,17.849
maize,MX09,20080421,18.488
maize,MX10,20080421,20.385
maize,MX11,20080421,29.222
maize,MX12,20080421,25.967
maize,MX13,20080421,30.339
maize,MX14,20080421,23.811
maize,MX15,20080421,21.661
maize,MX16,20080421,28.006
maize,MX17,20080421,22.51
maize,MX18,20080421,26.041
maize,MX19,20080421,25.367
maize,MX20,20080421,29.29
maize,MX21,20080421,20.199
maize,MX22,20080421,26.017
maize,MX23,20080421,75.536
maize,MX24,20080421,25.727
maize,MX25,20080421,50.603
maize,MX26,20080421,40.032
maize,MX27,20080421,52.638
maize,MX28,20080421,39.242
maize,MX29,20080421,16.611
maize,MX30,20080421,30.616
maize,MX31,20080421,54.771
maize,MX32,20080421,18.719
maize,MX01,20080501,20.1
maize,MX02,20080501,43.937
maize,MX03,20080501,21.793
maize,MX04,20080501,53.43
maize,MX05,20080501,24.431
maize,MX06,20080501,29.042
maize,MX07,20080501,37.699
maize,MX08,20080501,18.2
maize,MX09,20080501,19.61
maize,MX10,20080501,20.397
maize,MX11,20080501,26.009
maize,MX12,20080501,26.4
maize,MX13,20080501,31.603
maize,MX14,20080501,23.253
maize,MX15,20080501,22.827
maize,MX16,20080501,26.299
maize,MX17,20080501,23.395
maize,MX18,20080501,25.485
maize,MX19,20080501,26.919
maize,MX20,20080501,30.216
maize,MX21,20080501,21.508
maize,MX22,20080501,26.511
maize,MX23,20080501,73.949
maize,MX24,20080501,26.209
maize,MX25,20080501,46.986
maize,MX26,20080501,33.271
maize,MX27,20080501,52.116
maize,MX28,20080501,41.353
maize,MX29,20080501,17.278
maize,MX30,20080501,31.521
maize,MX31,20080501,53.206
maize,MX32,20080501,18.725
maize,MX01,20080511,20.397
maize,MX02,20080511,38.666
maize,MX03,20080511,21.432
maize,MX04,20080511,53.73
maize,MX05,20080511,25.651
maize,MX06,20080511,29.014
maize,MX07,20080511,39.723
maize,MX08,20080511,18.717
maize,MX09,20080511,21.381
maize,MX10,20080511,20.319
maize,MX11,20080511,24.448
maize,MX12,20080511,27.573
maize,MX13,20080511,33.521
maize,MX14,20080511,23.423
maize,MX15,20080511,24.593
maize,MX16,20080511,25.813
maize,MX17,20080511,24.99
maize,MX18,20080511,25.548
maize,MX19,20080511,28.569
maize,MX20,20080511,32.272
maize,MX21,20080511,23.541
maize,MX22,20080511,28.064
maize,MX23,20080511,72.668
maize,MX24,20080511,27.222
maize,MX25,20080511,42.924
maize,MX26,20080511,27.669
maize,MX27,20080511,52.169
maize,MX28,20080511,43.198
maize,MX29,20080511,18.59
maize,MX30,20080511,33.603
maize,MX31,20080511,52.899
maize,MX32,20080511,19.02
maize,MX01,20080521,21.278
maize,MX02,20080521,34.907
maize,MX03,20080521,21.152
maize,MX04,20080521,55.65
maize,MX05,20080521,27.27
maize,MX06,20080521,29.907
maize,MX07,20080521,43.186
maize,MX08,20080521,19.689
maize,MX09,20080521,24.259
maize,MX10,20080521,20.311
maize,MX11,20080521,25.188
maize,MX12,20080521,30.121
maize,MX13,20080521,36.083
maize,MX14,20080521,25.002
maize,MX15,20080521,27.315
maize,MX16,20080521,27.264
maize,MX17,20080521,27.897
maize,MX18,20080521,26.641
maize,MX19,20080521,29.792
maize,MX20,20080521,35.757
maize,MX21,20080521,26.626
maize,MX22,20080521,30.812
maize,MX23,20080521,71.955
maize,MX24,20080521,28.897
maize,MX25,20080521,38.747
maize,MX26,20080521,23.911
maize,MX27,20080521,53.107
maize,MX28,20080521,44.567
maize,MX29,20080521,20.948
maize,MX30,20080521,37.308
maize,MX31,20080521,54.526
maize,MX32,20080521,20.023
maize,MX01,20080601,23.535
maize,MX02,20080601,32.735
maize,MX03,20080601,20.775
maize,MX04,20080601,59.405
maize,MX05,20080601,28.998
maize,MX06,20080601,32.67
maize,MX07,20080601,48.146
maize,MX08,20080601,21.644
maize,MX09,20080601,29.045
maize,MX10,20080601,20.816
maize,MX11,20080601,29.101
maize,MX12,20080601,35.157
maize,MX13,20080601,39.524
maize,MX14,20080601,29.073
maize,MX15,20080601,31.743
maize,MX16,20080601,31.683
maize,MX17,20080601,32.95
maize,MX18,20080601,29.452
maize,MX19,20080601,30.488
maize,MX20,20080601,41.022
maize,MX21,20080601,31.345
maize,MX22,20080601,35.179
maize,MX23,20080601,72.299
maize,MX24,20080601,31.528
maize,MX25,20080601,34.42
maize,MX26,20080601,21.971
maize,MX27,20080601,55.213
maize,MX28,20080601,45.214
maize,MX29,20080601,25.029
maize,MX30,20080601,42.967
maize,MX31,20080601,58.445
maize,MX32,20080601,22.51
maize,MX01,20080611,27.279
maize,MX02,20080611,32.115
maize,MX03,20080611,20.328
maize,MX04,20080611,63.194
maize,MX05,20080611,30.331
maize,MX06,20080611,37.233
maize,MX07,20080611,52.676
maize,MX08,20080611,24.653
maize,MX09,20080611,34.643
maize,MX10,20080611,22.406
maize,MX11,20080611,35.409
maize,MX12,20080611,41.637
maize,MX13,20080611,43.247
maize,MX14,20080611,35.229
maize,MX15,20080611,37.337
maize,MX16,20080611,38.417
maize,MX17,20080611,39.002
maize,MX18,20080611,33.971
maize,MX19,20080611,31.243
maize,MX20,20080611,46.222
maize,MX21,20080611,36.632
maize,MX22,20080611,40.294
maize,MX23,20080611,73.546
maize,MX24,20080611,34.435
maize,MX25,20080611,31.205
maize,MX26,20080611,21.981
maize,MX27,20080611,57.318
maize,MX28,20080611,45.373
maize,MX29,20080611,30.184
maize,MX30,20080611,48.539
maize,MX31,20080611,62.675
maize,MX32,20080611,26.474
maize,MX01,20080621,32.44
maize,MX02,20080621,32.275
maize,MX03,20080621,19.564
maize,MX04,20080621,66.613
maize,MX05,20080621,31.494
maize,MX06,20080621,43.467
maize,MX07,20080621,56.417
maize,MX08,20080621,29.13
maize,MX09,20080621,40.316
maize,MX10,20080621,25.685
maize,MX11,20080621,43.429
maize,MX12,20080621,49.027
maize,MX13,20080621,47.173
maize,MX14,20080621,43.008
maize,MX15,20080621,43.913
maize,MX16,20080621,46.772
maize,MX17,20080621,45.406
maize,MX18,20080621,39.987
maize,MX19,20080621,32.709
maize,MX20,20080621,50.946
maize,MX21,20080621,42.063
maize,MX22,20080621,45.9
maize,MX23,20080621,75.468
maize,MX24,20080621,37.376
maize,MX25,20080621,28.974
maize,MX26,20080621,23.505
maize,MX27,20080621,59.274
maize,MX28,20080621,45.469
maize,MX29,20080621,36.259
maize,MX30,20080621,53.405
maize,MX31,20080621,66.783
maize,MX32,20080621,31.845
maize,MX01,20080701,38.529
maize,MX02,20080701,32.576
maize,MX03,20080701,18.625
maize,MX04,20080701,69.081
maize,MX05,20080701,32.646
maize,MX06,20080701,50.507
maize,MX07,20080701,59.268
maize,MX08,20080701,35.025
maize,MX09,20080701,45.165
maize,MX10,20080701,30.574
maize,MX11,20080701,51.858
maize,MX12,20080701,56.159
maize,MX13,20080701,50.702
maize,MX14,20080701,51.288
maize,MX15,20080701,50.508
maize,MX16,20080701,55.441
maize,MX17,20080701,51.408
maize,MX18,20080701,46.898
maize,MX19,20080701,35.1
maize,MX20,20080701,54.562
maize,MX21,20080701,47.051
maize,MX22,20080701,51.11
maize,MX23,20080701,77.57
maize,MX24,20080701,39.96
maize,MX25,20080701,27.93
maize,MX26,20080701,26.196
maize,MX27,20080701,60.734
maize,MX28,20080701,45.648
maize,MX29,20080701,42.591
maize,MX30,20080701,56.837
maize,MX31,20080701,69.986
maize,MX32,20080701,38.0
maize,MX01,20080711,45.059
maize,MX02,20080711,32.863
maize,MX03,20080711,17.729
maize,MX04,20080711,70.973
maize,MX05,20080711,33.795
maize,MX06,20080711,57.304
maize,MX07,20080711,61.543
maize,MX08,20080711,41.861
maize,MX09,20080711,49.137
maize,MX10,20080711,36.857
maize,MX11,20080711,59.549
maize,MX12,20080711,62.481
maize,MX13,20080711,53.74
maize,MX14,20080711,59.205
maize,MX15,20080711,56.364
maize,MX16,20080711,63.252
maize,MX17,20080711,57.106
maize,MX18,20080711,53.633
maize,MX19,20080711,38.036
maize,MX20,20080711,57.462
maize,MX21,20080711,51.444
maize,MX22,20080711,55.649
maize,MX23,20080711,79.759
maize,MX24,20080711,42.467
maize,MX25,20080711,28.083
maize,MX26,20080711,29.611
maize,MX27,20080711,61.728
maize,MX28,20080711,46.263
maize,MX29,20080711,48.459
maize,MX30,20080711,59.314
maize,MX31,20080711,72.203
maize,MX32,20080711,44.402
maize,MX01,20080721,51.077
maize,MX02,20080721,32.871
maize,MX03,20080721,17.384
maize,MX04,20080721,72.353
maize,MX05,20080721,34.887
maize,MX06,20080721,62.504
maize,MX07,20080721,63.554
maize,MX08,20080721,48.822
maize,MX09,20080721,51.804
maize,MX10,20080721,43.728
maize,MX11,20080721,65.56
maize,MX12,20080721,67.587
maize,MX13,20080721,55.763
maize,MX14,20080721,65.936
maize,MX15,20080721,60.723
maize,MX16,20080721,69.222
maize,MX17,20080721,62.53
maize,MX18,20080721,59.232
maize,MX19,20080721,40.789
maize,MX20,20080721,59.773
maize,MX21,20080721,55.052
maize,MX22,20080721,59.002
maize,MX23,20080721,81.632
maize,MX24,20080721,44.901
maize,MX25,20080721,29.163
maize,MX26,20080721,33.093
maize,MX27,20080721,62.251
maize,MX28,20080721,47.197
maize,MX29,20080721,53.318
maize,MX30,20080721,61.031
maize,MX31,20080721,73.418
maize,MX32,20080721,50.28
maize,MX01,20080801,56.618
maize,MX02,20080801,32.844
maize,MX03,20080801,18.441
maize,MX04,20080801,73.607
maize,MX05,20080801,36.25
maize,MX06,20080801,66.196
maize,MX07,20080801,65.386
maize,MX08,20080801,55.61
maize,MX09,20080801,53.746
maize,MX10,20080801,50.994
maize,MX11,20080801,70.045
maize,MX12,20080801,71.842
maize,MX13,20080801,56.859
maize,MX14,20080801,71.439
maize,MX15,20080801,63.725
maize,MX16,20080801,73.393
maize,MX17,20080801,68.095
maize,MX18,20080801,63.821
maize,MX19,20080801,43.486
maize,MX20,20080801,61.62
maize,MX21,20080801,58.227
maize,MX22,20080801,61.389
maize,MX23,20080801,82.626
maize,MX24,20080801,47.754
maize,MX25,20080801,31.061
maize,MX26,20080801,36.793
maize,MX27,20080801,62.289
maize,MX28,20080801,48.556
maize,MX29,20080801,57.233
maize,MX30,20080801,62.053
maize,MX31,20080801,73.545
maize,MX32,20080801,55.733
maize,MX01,20080811,60.46
maize,MX02,20080811,32.869
maize,MX03,20080811,21.527
maize,MX04,20080811,74.795
maize,MX05,20080811,38.152
maize,MX06,20080811,68.218
maize,MX07,20080811,66.766
maize,MX08,20080811,60.173
maize,MX09,20080811,55.152
maize,MX10,20080811,56.575
maize,MX11,20080811,72.235
maize,MX12,20080811,74.603
maize,MX13,20080811,57.05
maize,MX14,20080811,74.532
maize,MX15,20080811,65.12
maize,MX16,20080811,75.282
maize,MX17,20080811,72.306
maize,MX18,20080811,66.693
maize,MX19,20080811,46.134
maize,MX20,20080811,62.745
maize,MX21,20080811,60.466
maize,MX22,20080811,62.571
maize,MX23,20080811,83.157
maize,MX24,20080811,50.584
maize,MX25,20080811,33.059
maize,MX26,20080811,39.982
maize,MX27,20080811,62.074
maize,MX28,20080811,50.159
maize,MX29,20080811,59.35
maize,MX30,20080811,62.364
maize,MX31,20080811,73.414
maize,MX32,20080811,59.625
maize,MX01,20080821,62.74
maize,MX02,20080821,32.915
maize,MX03,20080821,26.881
maize,MX04,20080821,75.979
maize,MX05,20080821,40.675
maize,MX06,20080821,69.562
maize,MX07,20080821,67.68
maize,MX08,20080821,62.595
maize,MX09,20080821,56.036
maize,MX10,20080821,60.653
maize,MX11,20080821,72.612
maize,MX12,20080821,76.352
maize,MX13,20080821,56.669
maize,MX14,20080821,75.814
maize,MX15,20080821,65.531
maize,MX16,20080821,75.61
maize,MX17,20080821,75.316
maize,MX18,20080821,68.57
maize,MX19,20080821,49.228
maize,MX20,20080821,63.44
maize,MX21,20080821,62.071
maize,MX22,20080821,62.599
maize,MX23,20080821,83.271
maize,MX24,20080821,53.579
maize,MX25,20080821,34.952
maize,MX26,20080821,42.899
maize,MX27,20080821,61.925
maize,MX28,20080821,52.181
maize,MX29,20080821,60.07
maize,MX30,20080821,62.326
maize,MX31,20080821,73.396
maize,MX32,20080821,62.345
maize,MX01,20080901,62.959
maize,MX02,20080901,32.497
maize,MX03,20080901,34.505
maize,MX04,20080901,77.23
maize,MX05,20080901,43.548
maize,MX06,20080901,70.97
maize,MX07,20080901,68.213
maize,MX08,20080901,62.31
maize,MX09,20080901,56.254
maize,MX10,20080901,62.81
maize,MX11,20080901,70.912
maize,MX12,20080901,77.273
maize,MX13,20080901,55.711
maize,MX14,20080901,75.286
maize,MX15,20080901,65.019
maize,MX16,20080901,74.387
maize,MX17,20080901,76.853
maize,MX18,20080901,69.775
maize,MX19,20080901,52.431
maize,MX20,20080901,63.848
maize,MX21,20080901,62.869
maize,MX22,20080901,61.301
maize,MX23,20080901,83.043
maize,MX24,20080901,56.482
maize,MX25,20080901,36.451
maize,MX26,20080901,45.293
maize,MX27,20080901,61.567
maize,MX28,20080901,54.478
maize,MX29,20080901,59.382
maize,MX30,20080901,62.189
maize,MX31,20080901,73.757
maize,MX32,20080901,63.614
maize,MX01,20080911,61.015
maize,MX02,20080911,31.292
maize,MX03,20080911,41.004
maize,MX04,20080911,78.461
maize,MX05,20080911,45.245
maize,MX06,20080911,72.129
maize,MX07,20080911,68.362
maize,MX08,20080911,59.257
maize,MX09,20080911,55.266
maize,MX10,20080911,62.381
maize,MX11,20080911,67.678
maize,MX12,20080911,77.228
maize,MX13,20080911,54.36
maize,MX14,20080911,73.122
maize,MX15,20080911,63.479
maize,MX16,20080911,72.03
maize,MX17,20080911,76.42
maize,MX18,20080911,70.085
maize,MX19,20080911,54.244
maize,MX20,20080911,63.838
maize,MX21,20080911,62.249
maize,MX22,20080911,58.809
maize,MX23,20080911,82.933
maize,MX24,20080911,58.155
maize,MX25,20080911,36.761
maize,MX26,20080911,46.111
maize,MX27,20080911,61.128
maize,MX28,20080911,56.061
maize,MX29,20080911,57.336
maize,MX30,20080911,62.115
maize,MX31,20080911,74.7
maize,MX32,20080911,62.88
maize,MX01,20080921,57.245
maize,MX02,20080921,29.615
maize,MX03,20080921,45.177
maize,MX04,20080921,79.574
maize,MX05,20080921,45.636
maize,MX06,20080921,72.859
maize,MX07,20080921,68.321
maize,MX08,20080921,54.054
maize,MX09,20080921,53.191
maize,MX10,20080921,59.905
maize,MX11,20080921,63.24
maize,MX12,20080921,76.294
maize,MX13,20080921,52.576
maize,MX14,20080921,69.568
maize,MX15,20080921,60.883
maize,MX16,20080921,68.761
maize,MX17,20080921,74.338
maize,MX18,20080921,69.721
maize,MX19,20080921,54.512
maize,MX20,20080921,63.506
maize,MX21,20080921,60.242
maize,MX22,20080921,55.233
maize,MX23,20080921,83.123
maize,MX24,20080921,58.816
maize,MX25,20080921,36.068
maize,MX26,20080921,45.13
maize,MX27,20080921,60.36
maize,MX28,20080921,56.897
maize,MX29,20080921,53.962
maize,MX30,20080921,62.35
maize,MX31,20080921,76.089
maize,MX32,20080921,60.383
maize,MX01,20081001,52.055
maize,MX02,20081001,27.759
maize,MX03,20081001,46.557
maize,MX04,20081001,80.359
maize,MX05,20081001,44.544
maize,MX06,20081001,72.916
maize,MX07,20081001,67.964
maize,MX08,20081001,47.487
maize,MX09,20081001,49.594
maize,MX10,20081001,55.731
maize,MX11,20081001,57.823
maize,MX12,20081001,74.178
maize,MX13,20081001,50.125
maize,MX14,20081001,64.841
maize,MX15,20081001,57.066
maize,MX16,20081001,64.62
maize,MX17,20081001,70.5
maize,MX18,20081001,68.618
maize,MX19,20081001,52.992
maize,MX20,20081001,62.64
maize,MX21,20081001,56.572
maize,MX22,20081001,50.633
maize,MX23,20081001,83.231
maize,MX24,20081001,58.167
maize,MX25,20081001,34.109
maize,MX26,20081001,41.981
maize,MX27,20081001,59.559
maize,MX28,20081001,56.33
maize,MX29,20081001,49.166
maize,MX30,20081001,62.645
maize,MX31,20081001,77.542
maize,MX32,20081001,56.3
maize,MX01,20081011,46.228
maize,MX02,20081011,26.431
maize,MX03,20081011,46.2
maize,MX04,20081011,80.955
maize,MX05,20081011,42.301
maize,MX06,20081011,72.217
maize,MX07,20081011,67.324
maize,MX08,20081011,40.532
maize,MX09,20081011,44.925
maize,MX10,20081011,50.373
maize,MX11,20081011,51.849
maize,MX12,20081011,71.009
maize,MX13,20081011,47.287
maize,MX14,20081011,59.274
maize,MX15,20081011,52.428
maize,MX16,20081011,59.764
maize,MX17,20081011,65.272
maize,MX18,20081011,66.639
maize,MX19,20081011,50.145
maize,MX20,20081011,61.327
maize,MX21,20081011,51.686
maize,MX22,20081011,45.596
maize,MX23,20081011,83.686
maize,MX24,20081011,56.45
maize,MX25,20081011,31.612
maize,MX26,20081011,37.66
maize,MX27,20081011,59.158
maize,MX28,20081011,54.539
maize,MX29,20081011,43.538
maize,MX30,20081011,63.064
maize,MX31,20081011,79.012
maize,MX32,20081011,51.044
maize,MX01,20081021,40.655
maize,MX02,20081021,26.027
maize,MX03,20081021,44.659
maize,MX04,20081021,81.043
maize,MX05,20081021,39.391
maize,MX06,20081021,70.565
maize,MX07,20081021,66.092
maize,MX08,20081021,34.126
maize,MX09,20081021,40.06
maize,MX10,20081021,44.517
maize,MX11,20081021,45.781
maize,MX12,20081021,66.755
maize,MX13,20081021,44.331
maize,MX14,20081021,53.513
maize,MX15,20081021,47.374
maize,MX16,20081021,54.409
maize,MX17,20081021,59.186
maize,MX18,20081021,63.853
maize,MX19,20081021,46.694
maize,MX20,20081021,59.515
maize,MX21,20081021,46.29
maize,MX22,20081021,40.73
maize,MX23,20081021,83.911
maize,MX24,20081021,54.092
maize,MX25,20081021,29.546
maize,MX26,20081021,33.407
maize,MX27,20081021,58.761
maize,MX28,20081021,51.896
maize,MX29,20081021,37.879
maize,MX30,20081021,63.319
maize,MX31,20081021,80.027
maize,MX32,20081021,45.366
maize,MX01,20081101,35.512
maize,MX02,20081101,27.039
maize,MX03,20081101,41.775
maize,MX04,20081101,80.568
maize,MX05,20081101,35.853
maize,MX06,20081101,67.419
maize,MX07,20081101,63.681
maize,MX08,20081101,28.462
maize,MX09,20081101,35.08
maize,MX10,20081101,38.225
maize,MX11,20081101,39.482
maize,MX12,20081101,60.986
maize,MX13,20081101,41.043
maize,MX14,20081101,47.542
maize,MX15,20081101,41.728
maize,MX16,20081101,48.287
maize,MX17,20081101,52.293
maize,MX18,20081101,59.901
maize,MX19,20081101,42.949
maize,MX20,20081101,57.092
maize,MX21,20081101,40.564
maize,MX22,20081101,36.044
maize,MX23,20081101,84.16
maize,MX24,20081101,51.135
maize,MX25,20081101,28.538
maize,MX26,20081101,29.859
maize,MX27,20081101,58.503
maize,MX28,20081101,48.524
maize,MX29,20081101,32.36
maize,MX30,20081101,63.165
maize,MX31,20081101,80.391
maize,MX32,20081101,39.361
maize,MX01,20081111,31.936
maize,MX02,20081111,28.857
maize,MX03,20081111,38.593
maize,MX04,20081111,79.487
maize,MX05,20081111,32.806
maize,MX06,20081111,63.318
maize,MX07,20081111,60.476
maize,MX08,20081111,24.763
maize,MX09,20081111,30.971
maize,MX10,20081111,33.222
maize,MX11,20081111,34.368
maize,MX12,20081111,55.304
maize,MX13,20081111,38.325
maize,MX14,20081111,42.767
maize,MX15,20081111,36.889
maize,MX16,20081111,42.914
maize,MX17,20081111,46.509
maize,MX18,20081111,56.089
maize,MX19,20081111,39.878
maize,MX20,20081111,54.668
maize,MX21,20081111,36.034
maize,MX22,20081111,32.578
maize,MX23,20081111,84.121
maize,MX24,20081111,48.461
maize,MX25,20081111,29.338
maize,MX26,20081111,28.136
maize,MX27,20081111,58.164
maize,MX28,20081111,45.408
maize,MX29,20081111,28.272
maize,MX30,20081111,62.376
maize,MX31,20081111,79.617
maize,MX32,20081111,34.688
maize,MX01,20081121,29.334
maize,MX02,20081121,31.32
maize,MX03,20081121,35.539
maize,MX04,20081121,77.903
maize,MX05,20081121,30.237
maize,MX06,20081121,58.631
maize,MX07,20081121,56.641
maize,MX08,20081121,22.371
maize,MX09,20081121,27.558
maize,MX10,20081121,29.233
maize,MX11,20081121,30.051
maize,MX12,20081121,49.852
maize,MX13,20081121,35.957
maize,MX14,20081121,38.726
maize,MX15,20081121,32.602
maize,MX16,20081121,38.116
maize,MX17,20081121,41.537
maize,MX18,20081121,52.617
maize,MX19,20081121,37.286
maize,MX20,20081121,52.285
maize,MX21,20081121,32.331
maize,MX22,20081121,29.91
maize,MX23,20081121,83.825
maize,MX24,20081121,45.907
maize,MX25,20081121,31.946
maize,MX26,20081121,28.129
maize,MX27,20081121,57.776
maize,MX28,20081121,42.37
maize,MX29,20081121,25.096
maize,MX30,20081121,60.919
maize,MX31,20081121,78.006
maize,MX32,20081121,30.979
maize,MX01,20081201,27.467
maize,MX02,20081201,34.092
maize,MX03,20081201,33.071
maize,MX04,20081201,76.025
maize,MX05,20081201,28.353
maize,MX06,20081201,54.207
maize,MX07,20081201,52.673
maize,MX08,20081201,20.824
maize,MX09,20081201,24.652
maize,MX10,20081201,26.312
maize,MX11,20081201,26.715
maize,MX12,20081201,45.145
maize,MX13,20081201,34.016
maize,MX14,20081201,35.51
maize,MX15,20081201,29.092
maize,MX16,20081201,34.217
maize,MX17,20081201,37.609
maize,MX18,20081201,49.946
maize,MX19,20081201,35.065
maize,MX20,20081201,50.131
maize,MX21,20081201,29.459
maize,MX22,20081201,28.046
maize,MX23,20081201,83.369
maize,MX24,20081201,43.574
maize,MX25,20081201,36.15
maize,MX26,20081201,29.937
maize,MX27,20081201,57.323
maize,MX28,20081201,39.487
maize,MX29,20081201,22.745
maize,MX30,20081201,58.932
maize,MX31,20081201,75.898
maize,MX32,20081201,28.27
maize,MX01,20081211,26.342
maize,MX02,20081211,36.997
maize,MX03,20081211,31.433
maize,MX04,20081211,73.947
maize,MX05,20081211,27.112
maize,MX06,20081211,50.407
maize,MX07,20081211,49.036
maize,MX08,20081211,19.79
maize,MX09,20081211,22.266
maize,MX10,20081211,24.405
maize,MX11,20081211,24.627
maize,MX12,20081211,41.414
maize,MX13,20081211,32.557
maize,MX14,20081211,33.111
maize,MX15,20081211,26.413
maize,MX16,20081211,31.35
maize,MX17,20081211,34.52
maize,MX18,20081211,48.197
maize,MX19,20081211,33.085
maize,MX20,20081211,48.147
maize,MX21,20081211,27.257
maize,MX22,20081211,26.944
maize,MX23,20081211,82.911
maize,MX24,20081211,41.556
maize,MX25,20081211,41.443
maize,MX26,20081211,33.441
maize,MX27,20081211,56.976
maize,MX28,20081211,36.864
maize,MX29,20081211,21.005
maize,MX30,20081211,56.427
maize,MX31,20081211,73.609
maize,MX32,20081211,26.522
maize,MX01,20081221,25.65
maize,MX02,20081221,40.235
maize,MX03,20081221,30.57
maize,MX04,20081221,71.768
maize,MX05,20081221,26.599
maize,MX06,20081221,47.32
maize,MX07,20081221,46.038
maize,MX08,20081221,19.031
maize,MX09,20081221,20.425
maize,MX10,20081221,23.228
maize,MX11,20081221,23.998
maize,MX12,20081221,38.654
maize,MX13,20081221,31.518
maize,MX14,20081221,31.364
maize,MX15,20081221,24.346
maize,MX16,20081221,29.566
maize,MX17,20081221,32.169
maize,MX18,20081221,47.231
maize,MX19,20081221,31.348
maize,MX20,20081221,46.306
maize,MX21,20081221,25.553
maize,MX22,20081221,26.491
maize,MX23,20081221,82.467
maize,MX24,20081221,39.708
maize,MX25,20081221,47.135
maize,MX26,20081221,38.469
maize,MX27,20081221,56.73
maize,MX28,20081221,34.517
maize,MX29,20081221,19.617
maize,MX30,20081221,53.581
maize,MX31,20081221,71.458
maize,MX32,20081221,25.343
maize,MX01,20090101,25.238
maize,MX02,20090101,44.034
maize,MX03,20090101,30.088
maize,MX04,20090101,69.297
maize,MX05,20090101,26.578
maize,MX06,20090101,44.657
maize,MX07,20090101,43.447
maize,MX08,20090101,18.351
maize,MX09,20090101,19.219
maize,MX10,20090101,22.505
maize,MX11,20090101,25.212
maize,MX12,20090101,36.623
maize,MX13,20090101,30.974
maize,MX14,20090101,30.136
maize,MX15,20090101,22.851
maize,MX16,20090101,28.942
maize,MX17,20090101,30.304
maize,MX18,20090101,46.559
maize,MX19,20090101,29.881
maize,MX20,20090101,44.629
maize,MX21,20090101,24.257
maize,MX22,20090101,26.754
maize,MX23,20090101,81.951
maize,MX24,20090101,38.008
maize,MX25,20090101,52.787
maize,MX26,20090101,44.905
maize,MX27,20090101,56.638
maize,MX28,20090101,32.549
maize,MX29,20090101,18.613
maize,MX30,20090101,50.614
maize,MX31,20090101,69.206
maize,MX32,20090101,24.476
maize,MX01,20090111,24.894
maize,MX02,20090111,47.875
maize,MX03,20090111,29.795
maize,MX04,20090111,67.176
maize,MX05,20090111,27.056
maize,MX06,20090111,42.76
maize,MX07,20090111,41.737
maize,MX08,20090111,17.795
maize,MX09,20090111,18.481
maize,MX10,20090111,22.066
maize,MX11,20090111,27.94
maize,MX12,20090111,35.425
maize,MX13,20090111,30.918
maize,MX14,20090111,29.465
maize,MX15,20090111,21.927
maize,MX16,20090111,29.47
maize,MX17,20090111,29.01
maize,MX18,20090111,45.841
maize,MX19,20090111,28.946
maize,MX20,20090111,43.257
maize,MX21,20090111,23.394
maize,MX22,20090111,27.662
maize,MX23,20090111,81.705
maize,MX24,20090111,36.624
maize,MX25,20090111,56.901
maize,MX26,20090111,50.705
maize,MX27,20090111,56.717
maize,MX28,20090111,31.268
maize,MX29,20090111,17.947
maize,MX30,20090111,48.176
maize,MX31,20090111,67.458
maize,MX32,20090111,23.745
maize,MX01,20090121,24.686
maize,MX02,20090121,52.015
maize,MX03,20090121,29.549
maize,MX04,20090121,64.933
maize,MX05,20090121,27.741
maize,MX06,20090121,41.163
maize,MX07,20090121,40.398
maize,MX08,20090121,17.253
maize,MX09,20090121,17.976
maize,MX10,20090121,21.784
maize,MX11,20090121,31.75
maize,MX12,20090121,34.509
maize,MX13,20090121,31.036
maize,MX14,20090121,29.16
maize,MX15,20090121,21.245
maize,MX16,20090121,30.837
maize,MX17,20090121,27.891
maize,MX18,20090121,44.648
maize,MX19,20090121,28.305
maize,MX20,20090121,41.988
maize,MX21,20090121,22.665
maize,MX22,20090121,28.927
maize,MX23,20090121,81.293
maize,MX24,20090121,35.41
maize,MX25,20090121,59.76
maize,MX26,20090121,55.664
maize,MX27,20090121,56.801
maize,MX28,20090121,30.4
maize,MX29,20090121,17.425
maize,MX30,20090121,46.033
maize,MX31,20090121,65.78
maize,MX32,20090121,23.107
maize,MX01,20090201,24.457
maize,MX02,20090201,56.371
maize,MX03,20090201,29.176
maize,MX04,20090201,62.181
maize,MX05,20090201,28.472
maize,MX06,20090201,39.462
maize,MX07,20090201,39.277
maize,MX08,20090201,16.73
maize,MX09,20090201,17.524
maize,MX10,20090201,21.591
maize,MX11,20090201,36.248
maize,MX12,20090201,33.414
maize,MX13,20090201,31.164
maize,MX14,20090201,29.041
maize,MX15,20090201,20.664
maize,MX16,20090201,32.786
maize,MX17,20090201,26.648
maize,MX18,20090201,42.668
maize,MX19,20090201,27.911
maize,MX20,20090201,40.498
maize,MX21,20090201,21.913
maize,MX22,20090201,30.352
maize,MX23,20090201,80.931
maize,MX24,20090201,34.25
maize,MX25,20090201,61.313
maize,MX26,20090201,59.516
maize,MX27,20090201,56.632
maize,MX28,20090201,29.905
maize,MX29,20090201,16.944
maize,MX30,20090201,43.841
maize,MX31,20090201,63.526
maize,MX32,20090201,22.5
maize,MX01,20090211,24.168
maize,MX02,20090211,59.818
maize,MX03,20090211,28.669
maize,MX04,20090211,59.228
maize,MX05,20090211,28.933
maize,MX06,20090211,37.813
maize,MX07,20090211,38.486
maize,MX08,20090211,16.454
maize,MX09,20090211,17.141
maize,MX10,20090211,21.592
maize,MX11,20090211,39.749
maize,MX12,20090211,32.232
maize,MX13,20090211,31.136
maize,MX14,20090211,28.93
maize,MX15,20090211,20.189
maize,MX16,20090211,34.36
maize,MX17,20090211,25.611
maize,MX18,20090211,40.435
maize,MX19,20090211,27.719
maize,MX20,20090211,39.118
maize,MX21,20090211,21.281
maize,MX22,20090211,31.282
maize,MX23,20090211,80.553
maize,MX24,20090211,33.293
maize,MX25,20090211,61.41
maize,MX26,20090211,61.433
maize,MX27,20090211,55.931
maize,MX28,20090211,29.951
maize,MX29,20090211,16.533
maize,MX30,20090211,42.039
maize,MX31,20090211,60.944
maize,MX32,20090211,22.044
maize,MX01,20090221,23.819
maize,MX02,20090221,62.363
maize,MX03,20090221,27.964
maize,MX04,20090221,55.879
maize,MX05,20090221,29.055
maize,MX06,20090221,36.085
maize,MX07,20090221,37.745
maize,MX08,20090221,16.425
maize,MX09,20090221,16.788
maize,MX10,20090221,21.808
maize,MX11,20090221,42.082
maize,MX12,20090221,30.913
maize,MX13,20090221,30.859
maize,MX14,20090221,28.684
maize,MX15,20090221,19.775
maize,MX16,20090221,35.326
maize,MX17,20090221,24.62
maize,MX18,20090221,37.938
maize,MX19,20090221,27.682
maize,MX20,20090221,37.563
maize,MX21,20090221,20.64
maize,MX22,20090221,31.598
maize,MX23,20090221,79.984
maize,MX24,20090221,32.388
maize,MX25,20090221,60.574
maize,MX26,20090221,61.873
maize,MX27,20090221,54.583
maize,MX28,20090221,30.495
maize,MX29,20090221,16.151
maize,MX30,20090221,40.176
maize,MX31,20090221,57.938
maize,MX32,20090221,21.694
maize,MX01,20090301,23.543
maize,MX02,20090301,63.521
maize,MX03,20090301,27.399
maize,MX04,20090301,53.259
maize,MX05,20090301,28.796
maize,MX06,20090301,34.83
maize,MX07,20090301,37.217
maize,MX08,20090301,16.581
maize,MX09,20090301,16.535
maize,MX10,20090301,22.142
maize,MX11,20090301,42.876
maize,MX12,20090301,29.88
maize,MX13,20090301,30.404
maize,MX14,20090301,28.382
maize,MX15,20090301,19.497
maize,MX16,20090301,35.543
maize,MX17,20090301,23.901
maize,MX18,20090301,35.933
maize,MX19,20090301,27.688
maize,MX20,20090301,36.29
maize,MX21,20090301,20.11
maize,MX22,20090301,31.339
maize,MX23,20090301,79.376
maize,MX24,20090301,31.654
maize,MX25,20090301,59.432
maize,MX26,20090301,61.073
maize,MX27,20090301,52.904
maize,MX28,20090301,31.271
maize,MX29,20090301,15.863
maize,MX30,20090301,38.734
maize,MX31,20090301,55.488
maize,MX32,20090301,21.48
maize,MX01,20090311,23.237
maize,MX02,20090311,63.771
maize,MX03,20090311,26.701
maize,MX04,20090311,50.293
maize,MX05,20090311,28.084
maize,MX06,20090311,33.536
maize,MX07,20090311,36.631
maize,MX08,20090311,16.939
maize,MX09,20090311,16.246
maize,MX10,20090311,22.663
maize,MX11,20090311,42.498
maize,MX12,20090311,28.742
maize,MX13,20090311,29.795
maize,MX14,20090311,27.916
maize,MX15,20090311,19.304
maize,MX16,20090311,35.138
maize,MX17,20090311,23.04
maize,MX18,20090311,33.654
maize,MX19,20090311,27.619
maize,MX20,20090311,34.52
maize,MX21,20090311,19.504
maize,MX22,20090311,30.565
maize,MX23,20090311,78.379
maize,MX24,20090311,30.738
maize,MX25,20090311,57.519
maize,MX26,20090311,58.439
maize,MX27,20090311,50.433
maize,MX28,20090311,32.581
maize,MX29,20090311,15.653
maize,MX30,20090311,36.784
maize,MX31,20090311,52.404
maize,MX32,20090311,21.366
maize,MX01,20090321,22.873
maize,MX02,20090321,62.513
maize,MX03,20090321,26.056
maize,MX04,20090321,47.976
maize,MX05,20090321,27.226
maize,MX06,20090321,32.45
maize,MX07,20090321,36.26
maize,MX08,20090321,17.36
maize,MX09,20090321,16.173
maize,MX10,20090321,23.115
maize,MX11,20090321,40.552
maize,MX12,20090321,27.8
maize,MX13,20090321,29.258
maize,MX14,20090321,27.287
maize,MX15,20090321,19.262
maize,MX16,20090321,33.946
maize,MX17,20090321,22.387
maize,MX18,20090321,31.746
maize,MX19,20090321,27.445
maize,MX20,20090321,32.917
maize,MX21,20090321,19.149
maize,MX22,20090321,29.345
maize,MX23,20090321,77.284
maize,MX24,20090321,29.826
maize,MX25,20090321,55.089
maize,MX26,20090321,53.814
maize,MX27,20090321,47.798
maize,MX28,20090321,34.215
maize,MX29,20090321,15.604
maize,MX30,20090321,35.018
maize,MX31,20090321,49.746
maize,MX32,20090321,21.277
maize,MX01,20090401,22.322
maize,MX02,20090401,59.31
maize,MX03,20090401,25.37
maize,MX04,20090401,46.065
maize,MX05,20090401,26.181
maize,MX06,20090401,31.469
maize,MX07,20090401,36.019
maize,MX08,20090401,17.863
maize,MX09,20090401,16.316
maize,MX10,20090401,23.4
maize,MX11,20090401,36.755
maize,MX12,20090401,26.982
maize,MX13,20090401,28.87
maize,MX14,20090401,26.379
maize,MX15,20090401,19.378
maize,MX16,20090401,31.8
maize,MX17,20090401,21.876
maize,MX18,20090401,30.039
maize,MX19,20090401,27.236
maize,MX20,20090401,31.463
maize,MX21,20090401,19.023
maize,MX22,20090401,27.677
maize,MX23,20090401,75.995
maize,MX24,20090401,28.838
maize,MX25,20090401,51.774
maize,MX26,20090401,46.733
maize,MX27,20090401,45.243
maize,MX28,20090401,36.139
maize,MX29,20090401,15.679
maize,MX30,20090401,33.436
maize,MX31,20090401,47.178
maize,MX32,20090401,21.137
maize,MX01,20090411,21.794
maize,MX02,20090411,54.773
maize,MX03,20090411,24.692
maize,MX04,20090411,44.927
maize,MX05,20090411,25.634
maize,MX06,20090411,30.631
maize,MX07,20090411,36.239
maize,MX08,20090411,18.274
maize,MX09,20090411,16.622
maize,MX10,20090411,23.44
maize,MX11,20090411,32.412
maize,MX12,20090411,26.579
maize,MX13,20090411,28.769
maize,MX14,20090411,25.394
maize,MX15,20090411,19.641
maize,MX16,20090411,29.405
maize,MX17,20090411,21.858
maize,MX18,20090411,28.74
maize,MX19,20090411,27.202
maize,MX20,20090411,30.687
maize,MX21,20090411,19.145
maize,MX22,20090411,26.341
maize,MX23,20090411,74.974
maize,MX24,20090411,28.194
maize,MX25,20090411,48.147
maize,MX26,20090411,39.588
maize,MX27,20090411,43.657
maize,MX28,20090411,37.764
maize,MX29,20090411,15.776
maize,MX30,20090411,32.569
maize,MX31,20090411,45.393
maize,MX32,20090411,20.98
maize,MX01,20090421,21.424
maize,MX02,20090421,49.002
maize,MX03,20090421,24.015
maize,MX04,20090421,44.322
maize,MX05,20090421,25.744
maize,MX06,20090421,29.733
maize,MX07,20090421,37.247
maize,MX08,20090421,18.614
maize,MX09,20090421,16.984
maize,MX10,20090421,23.302
maize,MX11,20090421,28.254
maize,MX12,20090421,26.835
maize,MX13,20090421,29.021
maize,MX14,20090421,24.469
maize,MX15,20090421,20.265
maize,MX16,20090421,27.204
maize,MX17,20090421,22.671
maize,MX18,20090421,27.659
maize,MX19,20090421,27.398
maize,MX20,20090421,30.852
maize,MX21,20090421,19.636
maize,MX22,20090421,25.685
maize,MX23,20090421,74.137
maize,MX24,20090421,28.063
maize,MX25,20090421,43.898
maize,MX26,20090421,32.885
maize,MX27,20090421,43.271
maize,MX28,20090421,39.071
maize,MX29,20090421,15.881
maize,MX30,20090421,32.416
maize,MX31,20090421,44.078
maize,MX32,20090421,20.837
maize,MX01,20090501,21.381
maize,MX02,20090501,42.847
maize,MX03,20090501,23.337
maize,MX04,20090501,44.546
maize,MX05,20090501,26.645
maize,MX06,20090501,29.089
maize,MX07,20090501,39.463
maize,MX08,20090501,19.064
maize,MX09,20090501,17.615
maize,MX10,20090501,23.121
maize,MX11,20090501,25.288
maize,MX12,20090501,28.258
maize,MX13,20090501,29.89
maize,MX14,20090501,23.965
maize,MX15,20090501,21.649
maize,MX16,20090501,25.912
maize,MX17,20090501,24.761
maize,MX18,20090501,27.051
maize,MX19,20090501,27.861
maize,MX20,20090501,32.215
maize,MX21,20090501,20.724
maize,MX22,20090501,26.104
maize,MX23,20090501,73.849
maize,MX24,20090501,28.513
maize,MX25,20090501,39.504
maize,MX26,20090501,27.59
maize,MX27,20090501,44.132
maize,MX28,20090501,39.987
maize,MX29,20090501,16.342
maize,MX30,20090501,33.03
maize,MX31,20090501,43.578
maize,MX32,20090501,20.942
maize,MX01,20090511,21.691
maize,MX02,20090511,37.543
maize,MX03,20090511,22.739
maize,MX04,20090511,45.647
maize,MX05,20090511,28.343
maize,MX06,20090511,28.993
maize,MX07,20090511,42.647
maize,MX08,20090511,19.837
maize,MX09,20090511,18.514
maize,MX10,20090511,23.09
maize,MX11,20090511,24.15
maize,MX12,20090511,31.038
maize,MX13,20090511,31.494
maize,MX14,20090511,24.073
maize,MX15,20090511,24.009
maize,MX16,20090511,26.023
maize,MX17,20090511,28.305
maize,MX18,20090511,27.169
maize,MX19,20090511,28.551
maize,MX20,20090511,34.932
maize,MX21,20090511,22.622
maize,MX22,20090511,27.709
maize,MX23,20090511,74.087
maize,MX24,20090511,29.559
maize,MX25,20090511,35.38
maize,MX26,20090511,24.015
maize,MX27,20090511,46.145
maize,MX28,20090511,40.583
maize,MX29,20090511,17.498
maize,MX30,20090511,34.481
maize,MX31,20090511,44.238
maize,MX32,20090511,21.393
maize,MX01,20090521,22.492
maize,MX02,20090521,33.838
maize,MX03,20090521,22.12
maize,MX04,20090521,47.736
maize,MX05,20090521,30.499
maize,MX06,20090521,29.831
maize,MX07,20090521,46.333
maize,MX08,20090521,21.298
maize,MX09,20090521,19.881
maize,MX10,20090521,23.474
maize,MX11,20090521,25.224
maize,MX12,20090521,35.107
maize,MX13,20090521,33.879
maize,MX14,20090521,25.134
maize,MX15,20090521,27.526
maize,MX16,20090521,27.859
maize,MX17,20090521,33.089
maize,MX18,20090521,28.33
maize,MX19,20090521,29.419
maize,MX20,20090521,38.963
maize,MX21,20090521,25.49
maize,MX22,20090521,30.448
maize,MX23,20090521,74.745
maize,MX24,20090521,31.132
maize,MX25,20090521,31.817
maize,MX26,20090521,22.067
maize,MX27,20090521,48.981
maize,MX28,20090521,41.025
maize,MX29,20090521,19.784
maize,MX30,20090521,36.903
maize,MX31,20090521,46.403
maize,MX32,20090521,22.477
maize,MX01,20090601,24.264
maize,MX02,20090601,31.638
maize,MX03,20090601,21.401
maize,MX04,20090601,51.235
maize,MX05,20090601,32.965
maize,MX06,20090601,32.653
maize,MX07,20090601,50.329
maize,MX08,20090601,24.068
maize,MX09,20090601,22.114
maize,MX10,20090601,24.691
maize,MX11,20090601,29.046
maize,MX12,20090601,40.686
maize,MX13,20090601,37.084
maize,MX14,20090601,28.021
maize,MX15,20090601,32.542
maize,MX16,20090601,31.998
maize,MX17,20090601,38.631
maize,MX18,20090601,31.309
maize,MX19,20090601,30.308
maize,MX20,20090601,44.233
maize,MX21,20090601,29.578
maize,MX22,20090601,34.483
maize,MX23,20090601,75.824
maize,MX24,20090601,33.336
maize,MX25,20090601,28.728
maize,MX26,20090601,21.349
maize,MX27,20090601,52.477
maize,MX28,20090601,41.263
maize,MX29,20090601,23.983
maize,MX30,20090601,40.638
maize,MX31,20090601,50.738
maize,MX32,20090601,24.844
maize,MX01,20090611,26.963
maize,MX02,20090611,31.082
maize,MX03,20090611,20.836
maize,MX04,20090611,55.125
maize,MX05,20090611,34.649
maize,MX06,20090611,37.461
maize,MX07,20090611,53.667
maize,MX08,20090611,27.971
maize,MX09,20090611,25.138
maize,MX10,20090611,27.001
maize,MX11,20090611,34.878
maize,MX12,20090611,46.177
maize,MX13,20090611,40.321
maize,MX14,20090611,32.696
maize,MX15,20090611,38.031
maize,MX16,20090611,37.785
maize,MX17,20090611,43.165
maize,MX18,20090611,35.911
maize,MX19,20090611,30.625
maize,MX20,20090611,49.092
maize,MX21,20090611,33.919
maize,MX22,20090611,39.038
maize,MX23,20090611,76.933
maize,MX24,20090611,35.456
maize,MX25,20090611,26.747
maize,MX26,20090611,21.956
maize,MX27,20090611,55.407
maize,MX28,20090611,40.769
maize,MX29,20090611,29.4
maize,MX30,20090611,44.765
maize,MX31,20090611,55.796
maize,MX32,20090611,28.492
maize,MX01,20090621,30.242
maize,MX02,20090621,31.201
maize,MX03,20090621,20.115
maize,MX04,20090621,59.13
maize,MX05,20090621,35.549
maize,MX06,20090621,44.255
maize,MX07,20090621,56.579
maize,MX08,20090621,33.178
maize,MX09,20090621,29.156
maize,MX10,20090621,30.559
maize,MX11,20090621,42.23
maize,MX12,20090621,51.962
maize,MX13,20090621,43.637
maize,MX14,20090621,39.173
maize,MX15,20090621,44.086
maize,MX16,20090621,45.084
maize,MX17,20090621,47.453
maize,MX18,20090621,42.115
maize,MX19,20090621,30.337
maize,MX20,20090621,53.514
maize,MX21,20090621,38.556
maize,MX22,20090621,43.865
maize,MX23,20090621,78.314
maize,MX24,20090621,37.434
maize,MX25,20090621,25.628
maize,MX26,20090621,23.551
maize,MX27,20090621,57.977
maize,MX28,20090621,39.581
maize,MX29,20090621,35.841
maize,MX30,20090621,49.294
maize,MX31,20090621,60.796
maize,MX32,20090621,33.202
maize,MX01,20090701,33.464
maize,MX02,20090701,31.377
maize,MX03,20090701,19.14
maize,MX04,20090701,62.74
maize,MX05,20090701,35.371
maize,MX06,20090701,52.073
maize,MX07,20090701,58.873
maize,MX08,20090701,39.013
maize,MX09,20090701,33.798
maize,MX10,20090701,34.66
maize,MX11,20090701,49.775
maize,MX12,20090701,57.424
maize,MX13,20090701,46.35
maize,MX14,20090701,46.642
maize,MX15,20090701,49.876
maize,MX16,20090701,52.856
maize,MX17,20090701,51.414
maize,MX18,20090701,49.091
maize,MX19,20090701,29.594
maize,MX20,20090701,56.905
maize,MX21,20090701,42.853
maize,MX22,20090701,48.204
maize,MX23,20090701,79.614
maize,MX24,20090701,38.942
maize,MX25,20090701,25.331
maize,MX26,20090701,25.871
maize,MX27,20090701,59.585
maize,MX28,20090701,37.801
maize,MX29,20090701,42.154
maize,MX30,20090701,53.524
maize,MX31,20090701,64.614
maize,MX32,20090701,38.215
maize,MX01,20090711,35.865
maize,MX02,20090711,31.134
maize,MX03,20090711,18.079
maize,MX04,20090711,65.883
maize,MX05,20090711,34.411
maize,MX06,20090711,59.288
maize,MX07,20090711,60.449
maize,MX08,20090711,44.702
maize,MX09,20090711,38.597
maize,MX10,20090711,38.504
maize,MX11,20090711,55.942
maize,MX12,20090711,61.986
maize,MX13,20090711,47.974
maize,MX14,20090711,53.86
maize,MX15,20090711,54.563
maize,MX16,20090711,59.674
maize,MX17,20090711,55.137
maize,MX18,20090711,55.667
maize,MX19,20090711,28.617
maize,MX20,20090711,58.837
maize,MX21,20090711,46.296
maize,MX22,20090711,50.887
maize,MX23,20090711,80.862
maize,MX24,20090711,39.547
maize,MX25,20090711,25.626
maize,MX26,20090711,28.474
maize,MX27,20090711,60.048
maize,MX28,20090711,35.505
maize,MX29,20090711,47.443
maize,MX30,20090711,56.755
maize,MX31,20090711,66.909
maize,MX32,20090711,42.405
maize,MX01,20090721,37.421
maize,MX02,20090721,30.478
maize,MX03,20090721,17.167
maize,MX04,20090721,68.658
maize,MX05,20090721,33.142
maize,MX06,20090721,64.498
maize,MX07,20090721,61.42
maize,MX08,20090721,49.686
maize,MX09,20090721,42.937
maize,MX10,20090721,41.686
maize,MX11,20090721,59.938
maize,MX12,20090721,65.446
maize,MX13,20090721,48.346
maize,MX14,20090721,59.924
maize,MX15,20090721,57.696
maize,MX16,20090721,64.552
maize,MX17,20090721,58.66
maize,MX18,20090721,60.994
maize,MX19,20090721,27.851
maize,MX20,20090721,59.45
maize,MX21,20090721,48.619
maize,MX22,20090721,51.83
maize,MX23,20090721,81.64
maize,MX24,20090721,39.466
maize,MX25,20090721,26.324
maize,MX26,20090721,31.002
maize,MX27,20090721,59.831
maize,MX28,20090721,33.375
maize,MX29,20090721,50.918
maize,MX30,20090721,58.754
maize,MX31,20090721,68.049
maize,MX32,20090721,45.295
maize,MX01,20090801,38.975
maize,MX02,20090801,29.731
maize,MX03,20090801,16.904
maize,MX04,20090801,71.688
maize,MX05,20090801,31.904
maize,MX06,20090801,67.895
maize,MX07,20090801,62.523
maize,MX08,20090801,54.333
maize,MX09,20090801,46.79
maize,MX10,20090801,44.922
maize,MX11,20090801,62.005
maize,MX12,20090801,68.579
maize,MX13,20090801,47.918
maize,MX14,20090801,64.868
maize,MX15,20090801,59.508
maize,MX16,20090801,67.544
maize,MX17,20090801,62.492
maize,MX18,20090801,65.124
maize,MX19,20090801,27.758
maize,MX20,20090801,59.534
maize,MX21,20090801,50.467
maize,MX22,20090801,51.71
maize,MX23,20090801,82.433
maize,MX24,20090801,39.251
maize,MX25,20090801,27.317
maize,MX26,20090801,33.31
maize,MX27,20090801,59.71
maize,MX28,20090801,32.007
maize,MX29,20090801,52.812
maize,MX30,20090801,59.906
maize,MX31,20090801,68.776
maize,MX32,20090801,47.494
maize,MX01,20090811,41.316
maize,MX02,20090811,29.186
maize,MX03,20090811,18.031
maize,MX04,20090811,74.498
maize,MX05,20090811,31.477
maize,MX06,20090811,69.421
maize,MX07,20090811,63.728
maize,MX08,20090811,57.546
maize,MX09,20090811,49.45
maize,MX10,20090811,48.411
maize,MX11,20090811,62.725
maize,MX12,20090811,71.071
maize,MX13,20090811,47.527
maize,MX14,20090811,68.106
maize,MX15,20090811,60.031
maize,MX16,20090811,68.889
maize,MX17,20090811,65.858
maize,MX18,20090811,67.581
maize,MX19,20090811,28.998
maize,MX20,20090811,59.925
maize,MX21,20090811,52.145
maize,MX22,20090811,51.585
maize,MX23,20090811,82.974
maize,MX24,20090811,39.893
maize,MX25,20090811,28.31
maize,MX26,20090811,35.148
maize,MX27,20090811,59.976
maize,MX28,20090811,32.344
maize,MX29,20090811,53.47
maize,MX30,20090811,60.621
maize,MX31,20090811,69.353
maize,MX32,20090811,49.499
maize,MX01,20090821,44.87
maize,MX02,20090821,28.625
maize,MX03,20090821,21.121
maize,MX04,20090821,77.186
maize,MX05,20090821,32.071
maize,MX06,20090821,70.383
maize,MX07,20090821,65.139
maize,MX08,20090821,59.247
maize,MX09,20090821,51.301
maize,MX10,20090821,52.53
maize,MX11,20090821,63.3
maize,MX12,20090821,73.182
maize,MX13,20090821,47.938
maize,MX14,20090821,70.445
maize,MX15,20090821,60.143
maize,MX16,20090821,69.629
maize,MX17,20090821,68.986
maize,MX18,20090821,69.084
maize,MX19,20090821,31.873
maize,MX20,20090821,61.031
maize,MX21,20090821,54.176
maize,MX22,20090821,52.278
maize,MX23,20090821,83.364
maize,MX24,20090821,41.926
maize,MX25,20090821,29.126
maize,MX26,20090821,36.61
maize,MX27,20090821,60.827
maize,MX28,20090821,34.53
maize,MX29,20090821,53.752
maize,MX30,20090821,61.57
maize,MX31,20090821,70.061
maize,MX32,20090821,51.945
maize,MX01,20090901,49.455
maize,MX02,20090901,28.02
maize,MX03,20090901,27.334
maize,MX04,20090901,79.793
maize,MX05,20090901,33.938
maize,MX06,20090901,71.215
maize,MX07,20090901,66.7
maize,MX08,20090901,58.69
maize,MX09,20090901,52.746
maize,MX10,20090901,56.931
maize,MX11,20090901,63.942
maize,MX12,20090901,74.929
maize,MX13,20090901,49.571
maize,MX14,20090901,72.004
maize,MX15,20090901,60.171
maize,MX16,20090901,69.96
maize,MX17,20090901,71.621
maize,MX18,20090901,69.758
maize,MX19,20090901,36.622
maize,MX20,20090901,62.912
maize,MX21,20090901,56.671
maize,MX22,20090901,53.945
maize,MX23,20090901,83.715
maize,MX24,20090901,45.67
maize,MX25,20090901,29.492
maize,MX26,20090901,37.625
maize,MX27,20090901,62.266
maize,MX28,20090901,38.696
maize,MX29,20090901,53.769
maize,MX30,20090901,63.061
maize,MX31,20090901,71.168
maize,MX32,20090901,54.788
maize,MX01,20090911,52.645
maize,MX02,20090911,27.566
maize,MX03,20090911,34.941
maize,MX04,20090911,81.568
maize,MX05,20090911,36.044
maize,MX06,20090911,71.846
maize,MX07,20090911,67.894
maize,MX08,20090911,55.63
maize,MX09,20090911,53.265
maize,MX10,20090911,59.337
maize,MX11,20090911,63.928
maize,MX12,20090911,75.564
maize,MX13,20090911,51.299
maize,MX14,20090911,72.152
maize,MX15,20090911,59.825
maize,MX16,20090911,69.503
maize,MX17,20090911,72.686
maize,MX18,20090911,69.544
maize,MX19,20090911,41.492
maize,MX20,20090911,64.706
maize,MX21,20090911,58.408
maize,MX22,20090911,55.314
maize,MX23,20090911,83.995
maize,MX24,20090911,49.568
maize,MX25,20090911,29.246
maize,MX26,20090911,37.855
maize,MX27,20090911,63.752
maize,MX28,20090911,43.225
maize,MX29,20090911,53.162
maize,MX30,20090911,64.661
maize,MX31,20090911,72.33
maize,MX32,20090911,56.441
maize,MX01,20090921,53.498
maize,MX02,20090921,27.276
maize,MX03,20090921,42.606
maize,MX04,20090921,82.502
maize,MX05,20090921,37.841
maize,MX06,20090921,72.241
maize,MX07,20090921,68.627
maize,MX08,20090921,50.31
maize,MX09,20090921,53.027
maize,MX10,20090921,59.078
maize,MX11,20090921,62.573
maize,MX12,20090921,74.938
maize,MX13,20090921,52.55
maize,MX14,20090921,70.709
maize,MX15,20090921,58.725
maize,MX16,20090921,67.976
maize,MX17,20090921,72.309
maize,MX18,20090921,68.658
maize,MX19,20090921,45.638
maize,MX20,20090921,65.925
maize,MX21,20090921,58.899
maize,MX22,20090921,55.475
maize,MX23,20090921,84.115
maize,MX24,20090921,52.863
maize,MX25,20090921,28.597
maize,MX26,20090921,37.59
maize,MX27,20090921,65.022
maize,MX28,20090921,47.197
maize,MX29,20090921,51.682
maize,MX30,20090921,66.063
maize,MX31,20090921,73.505
maize,MX32,20090921,56.233
maize,MX01,20091001,51.812
maize,MX02,20091001,27.303
maize,MX03,20091001,48.994
maize,MX04,20091001,82.582
maize,MX05,20091001,38.916
maize,MX06,20091001,72.465
maize,MX07,20091001,68.936
maize,MX08,20091001,43.586
maize,MX09,20091001,51.226
maize,MX10,20091001,56.275
maize,MX11,20091001,59.629
maize,MX12,20091001,72.98
maize,MX13,20091001,52.905
maize,MX14,20091001,67.593
maize,MX15,20091001,56.657
maize,MX16,20091001,65.252
maize,MX17,20091001,70.528
maize,MX18,20091001,67.33
maize,MX19,20091001,48.202
maize,MX20,20091001,66.279
maize,MX21,20091001,57.829
maize,MX22,20091001,54.099
maize,MX23,20091001,84.374
maize,MX24,20091001,55.158
maize,MX25,20091001,28.129
maize,MX26,20091001,37.515
maize,MX27,20091001,65.714
maize,MX28,20091001,49.777
maize,MX29,20091001,49.313
maize,MX30,20091001,67.307
maize,MX31,20091001,74.212
maize,MX32,20091001,54.014
maize,MX01,20091011,48.205
maize,MX02,20091011,27.692
maize,MX03,20091011,52.793
maize,MX04,20091011,82.023
maize,MX05,20091011,38.759
maize,MX06,20091011,72.272
maize,MX07,20091011,68.742
maize,MX08,20091011,36.655
maize,MX09,20091011,48.775
maize,MX10,20091011,51.434
maize,MX11,20091011,55.253
maize,MX12,20091011,69.886
maize,MX13,20091011,52.197
maize,MX14,20091011,63.02
maize,MX15,20091011,53.697
maize,MX16,20091011,61.489
maize,MX17,20091011,67.604
maize,MX18,20091011,65.486
maize,MX19,20091011,48.422
maize,MX20,20091011,65.569
maize,MX21,20091011,55.175
maize,MX22,20091011,51.498
maize,MX23,20091011,84.488
maize,MX24,20091011,56.136
maize,MX25,20091011,28.066
maize,MX26,20091011,37.678
maize,MX27,20091011,65.617
maize,MX28,20091011,50.408
maize,MX29,20091011,46.002
maize,MX30,20091011,68.132
maize,MX31,20091011,74.597
maize,MX32,20091011,50.191
maize,MX01,20091021,43.723
maize,MX02,20091021,28.44
maize,MX03,20091021,53.166
maize,MX04,20091021,81.079
maize,MX05,20091021,37.471
maize,MX06,20091021,71.808
maize,MX07,20091021,67.959
maize,MX08,20091021,30.52
maize,MX09,20091021,45.608
maize,MX10,20091021,45.596
maize,MX11,20091021,49.992
maize,MX12,20091021,65.95
maize,MX13,20091021,50.525
maize,MX14,20091021,57.588
maize,MX15,20091021,50.141
maize,MX16,20091021,56.989
maize,MX17,20091021,63.767
maize,MX18,20091021,63.339
maize,MX19,20091021,46.801
maize,MX20,20091021,63.861
maize,MX21,20091021,51.405
maize,MX22,20091021,48.052
maize,MX23,20091021,84.61
maize,MX24,20091021,55.799
maize,MX25,20091021,28.429
maize,MX26,20091021,37.66
maize,MX27,20091021,65.117
maize,MX28,20091021,49.415
maize,MX29,20091021,42.037
maize,MX30,20091021,68.346
maize,MX31,20091021,74.72
maize,MX32,20091021,45.366
maize,MX01,20091101,38.736
maize,MX02,20091101,29.493
maize,MX03,20091101,50.323
maize,MX04,20091101,80.087
maize,MX05,20091101,35.083
maize,MX06,20091101,70.418
maize,MX07,20091101,66.501
maize,MX08,20091101,25.364
maize,MX09,20091101,42.192
maize,MX10,20091101,39.066
maize,MX11,20091101,43.944
maize,MX12,20091101,61.083
maize,MX13,20091101,48.282
maize,MX14,20091101,51.436
maize,MX15,20091101,46.146
maize,MX16,20091101,51.602
maize,MX17,20091101,58.889
maize,MX18,20091101,60.653
maize,MX19,20091101,44.014
maize,MX20,20091101,61.334
maize,MX21,20091101,46.728
maize,MX22,20091101,44.051
maize,MX23,20091101,84.694
maize,MX24,20091101,54.416
maize,MX25,20091101,29.304
maize,MX26,20091101,36.601
maize,MX27,20091101,64.467
maize,MX28,20091101,47.124
maize,MX29,20091101,37.617
maize,MX30,20091101,68.048
maize,MX31,20091101,74.924
maize,MX32,20091101,39.597
maize,MX01,20091111,34.593
maize,MX02,20091111,30.571
maize,MX03,20091111,46.295
maize,MX04,20091111,79.234
maize,MX05,20091111,32.644
maize,MX06,20091111,67.684
maize,MX07,20091111,64.499
maize,MX08,20091111,22.256
maize,MX09,20091111,38.842
maize,MX10,20091111,33.74
maize,MX11,20091111,38.755
maize,MX12,20091111,56.148
maize,MX13,20091111,45.924
maize,MX14,20091111,46.163
maize,MX15,20091111,42.42
maize,MX16,20091111,46.571
maize,MX17,20091111,53.992
maize,MX18,20091111,58.148
maize,MX19,20091111,41.242
maize,MX20,20091111,58.66
maize,MX21,20091111,42.424
maize,MX22,20091111,40.501
maize,MX23,20091111,84.686
maize,MX24,20091111,52.314
maize,MX25,20091111,31.045
maize,MX26,20091111,34.962
maize,MX27,20091111,64.041
maize,MX28,20091111,44.275
maize,MX29,20091111,33.86
maize,MX30,20091111,67.18
maize,MX31,20091111,75.051
maize,MX32,20091111,34.561
maize,MX01,20091121,31.157
maize,MX02,20091121,31.504
maize,MX03,20091121,42.219
maize,MX04,20091121,78.291
maize,MX05,20091121,30.445
maize,MX06,20091121,63.906
maize,MX07,20091121,61.655
maize,MX08,20091121,20.35
maize,MX09,20091121,35.606
maize,MX10,20091121,29.427
maize,MX11,20091121,34.268
maize,MX12,20091121,50.995
maize,MX13,20091121,43.488
maize,MX14,20091121,41.554
maize,MX15,20091121,38.729
maize,MX16,20091121,41.785
maize,MX17,20091121,48.99
maize,MX18,20091121,56.152
maize,MX19,20091121,38.953
maize,MX20,20091121,55.744
maize,MX21,20091121,38.341
maize,MX22,20091121,37.243
maize,MX23,20091121,84.74
maize,MX24,20091121,49.735
maize,MX25,20091121,34.121
maize,MX26,20091121,33.653
maize,MX27,20091121,63.636
maize,MX28,20091121,41.049
maize,MX29,20091121,30.514
maize,MX30,20091121,65.578
maize,MX31,20091121,75.0
maize,MX32,20091121,30.149
maize,MX01,20091201,28.503
maize,MX02,20091201,32.41
maize,MX03,20091201,38.841
maize,MX04,20091201,77.227
maize,MX05,20091201,28.706
maize,MX06,20091201,59.67
maize,MX07,20091201,58.078
maize,MX08,20091201,19.161
maize,MX09,20091201,32.551
maize,MX10,20091201,26.146
maize,MX11,20091201,30.771
maize,MX12,20091201,46.1
maize,MX13,20091201,41.222
maize,MX14,20091201,37.704
maize,MX15,20091201,35.413
maize,MX16,20091201,37.601
maize,MX17,20091201,44.321
maize,MX18,20091201,55.118
maize,MX19,20091201,37.256
maize,MX20,20091201,52.849
maize,MX21,20091201,34.75
maize,MX22,20091201,34.579
maize,MX23,20091201,84.652
maize,MX24,20091201,47.091
maize,MX25,20091201,38.559
maize,MX26,20091201,33.449
maize,MX27,20091201,63.137
maize,MX28,20091201,37.95
maize,MX29,20091201,27.698
maize,MX30,20091201,63.368
maize,MX31,20091201,74.421
maize,MX32,20091201,26.544
maize,MX01,20091211,26.615
maize,MX02,20091211,33.874
maize,MX03,20091211,36.215
maize,MX04,20091211,76.064
maize,MX05,20091211,27.533
maize,MX06,20091211,55.505
maize,MX07,20091211,54.369
maize,MX08,20091211,18.317
maize,MX09,20091211,29.827
maize,MX10,20091211,23.787
maize,MX11,20091211,28.253
maize,MX12,20091211,41.826
maize,MX13,20091211,39.204
maize,MX14,20091211,34.572
maize,MX15,20091211,32.504
maize,MX16,20091211,34.118
maize,MX17,20091211,40.189
maize,MX18,20091211,55.011
maize,MX19,20091211,36.022
maize,MX20,20091211,50.092
maize,MX21,20091211,31.624
maize,MX22,20091211,32.41
maize,MX23,20091211,84.59
maize,MX24,20091211,44.689
maize,MX25,20091211,43.96
maize,MX26,20091211,34.812
maize,MX27,20091211,62.547
maize,MX28,20091211,35.357
maize,MX29,20091211,25.329
maize,MX30,20091211,60.645
maize,MX31,20091211,73.416
maize,MX32,20091211,23.869
maize,MX01,20091221,25.425
maize,MX02,20091221,36.567
maize,MX03,20091221,34.159
maize,MX04,20091221,74.781
maize,MX05,20091221,26.892
maize,MX06,20091221,51.731
maize,MX07,20091221,51.134
maize,MX08,20091221,17.645
maize,MX09,20091221,27.338
maize,MX10,20091221,22.083
maize,MX11,20091221,26.731
maize,MX12,20091221,38.3
maize,MX13,20091221,37.498
maize,MX14,20091221,31.996
maize,MX15,20091221,30.039
maize,MX16,20091221,31.404
maize,MX17,20091221,36.642
maize,MX18,20091221,55.209
maize,MX19,20091221,34.88
maize,MX20,20091221,47.694
maize,MX21,20091221,28.981
maize,MX22,20091221,30.806
maize,MX23,20091221,84.521
maize,MX24,20091221,42.64
maize,MX25,20091221,49.627
maize,MX26,20091221,37.881
maize,MX27,20091221,61.955
maize,MX28,20091221,33.312
maize,MX29,20091221,23.323
maize,MX30,20091221,57.729
maize,MX31,20091221,71.872
maize,MX32,20091221,22.047
maize,MX01,20100101,24.649
maize,MX02,20100101,41.398
maize,MX03,20100101,32.582
maize,MX04,20100101,73.093
maize,MX05,20100101,26.756
maize,MX06,20100101,48.397
maize,MX07,20100101,48.349
maize,MX08,20100101,17.002
maize,MX09,20100101,24.833
maize,MX10,20100101,20.681
maize,MX11,20100101,26.372
maize,MX12,20100101,35.416
maize,MX13,20100101,36.273
maize,MX14,20100101,29.73
maize,MX15,20100101,27.857
maize,MX16,20100101,29.46
maize,MX17,20100101,33.459
maize,MX18,20100101,55.095
maize,MX19,20100101,33.468
maize,MX20,20100101,45.446
maize,MX21,20100101,26.653
maize,MX22,20100101,29.928
maize,MX23,20100101,84.523
maize,MX24,20100101,40.79
maize,MX25,20100101,55.411
maize,MX26,20100101,42.937
maize,MX27,20100101,61.428
maize,MX28,20100101,31.591
maize,MX29,20100101,21.504
maize,MX30,20100101,54.551
maize,MX31,20100101,69.826
maize,MX32,20100101,20.704
maize,MX01,20100111,24.237
maize,MX02,20100111,47.251
maize,MX03,20100111,31.436
maize,MX04,20100111,71.192
maize,MX05,20100111,27.018
maize,MX06,20100111,46.196
maize,MX07,20100111,46.415
maize,MX08,20100111,16.475
maize,MX09,20100111,23.034
maize,MX10,20100111,19.665
maize,MX11,20100111,27.317
maize,MX12,20100111,33.892
maize,MX13,20100111,35.868
maize,MX14,20100111,28.2
maize,MX15,20100111,26.45
maize,MX16,20100111,28.832
maize,MX17,20100111,31.35
maize,MX18,20100111,54.258
maize,MX19,20100111,32.064
maize,MX20,20100111,43.739
maize,MX21,20100111,25.192
maize,MX22,20100111,30.112
maize,MX23,20100111,84.377
maize,MX24,20100111,39.383
maize,MX25,20100111,59.549
maize,MX26,20100111,48.464
maize,MX27,20100111,61.197
maize,MX28,20100111,30.512
maize,MX29,20100111,20.344
maize,MX30,20100111,51.932
maize,MX31,20100111,67.825
maize,MX32,20100111,19.885
maize,MX01,20100121,24.001
maize,MX02,20100121,53.451
maize,MX03,20100121,30.57
maize,MX04,20100121,68.745
maize,MX05,20100121,27.639
maize,MX06,20100121,45.009
maize,MX07,20100121,44.707
maize,MX08,20100121,16.081
maize,MX09,20100121,21.448
maize,MX10,20100121,18.957
maize,MX11,20100121,29.236
maize,MX12,20100121,33.579
maize,MX13,20100121,35.864
maize,MX14,20100121,27.269
maize,MX15,20100121,25.506
maize,MX16,20100121,29.365
maize,MX17,20100121,30.207
maize,MX18,20100121,52.794
maize,MX19,20100121,31.004
maize,MX20,20100121,42.166
maize,MX21,20100121,24.393
maize,MX22,20100121,30.934
maize,MX23,20100121,83.985
maize,MX24,20100121,38.108
maize,MX25,20100121,62.392
maize,MX26,20100121,54.113
maize,MX27,20100121,61.017
maize,MX28,20100121,29.98
maize,MX29,20100121,19.659
maize,MX30,20100121,49.435
maize,MX31,20100121,65.909
maize,MX32,20100121,19.355
maize,MX01,20100201,23.949
maize,MX02,20100201,59.472
maize,MX03,20100201,30.031
maize,MX04,20100201,65.478
maize,MX05,20100201,28.459
maize,MX06,20100201,44.878
maize,MX07,20100201,42.926
maize,MX08,20100201,15.8
maize,MX09,20100201,20.285
maize,MX10,20100201,18.546
maize,MX11,20100201,32.072
maize,MX12,20100201,34.522
maize,MX13,20100201,36.145
maize,MX14,20100201,27.089
maize,MX15,20100201,25.026
maize,MX16,20100201,31.013
maize,MX17,20100201,29.88
maize,MX18,20100201,50.758
maize,MX19,20100201,30.566
maize,MX20,20100201,40.371
maize,MX21,20100201,24.102
maize,MX22,20100201,32.372
maize,MX23,20100201,82.999
maize,MX24,20100201,36.945
maize,MX25,20100201,64.081
maize,MX26,20100201,59.532
maize,MX27,20100201,60.706
maize,MX28,20100201,30.02
maize,MX29,20100201,19.395
maize,MX30,20100201,46.588
maize,MX31,20100201,63.952
maize,MX32,20100201,19.195
maize,MX01,20100211,24.214
maize,MX02,20100211,63.465
maize,MX03,20100211,29.896
maize,MX04,20100211,62.031
maize,MX05,20100211,29.152
maize,MX06,20100211,45.997
maize,MX07,20100211,41.243
maize,MX08,20100211,15.758
maize,MX09,20100211,20.016
maize,MX10,20100211,18.555
maize,MX11,20100211,35.117
maize,MX12,20100211,36.124
maize,MX13,20100211,36.552
maize,MX14,20100211,27.849
maize,MX15,20100211,25.184
maize,MX16,20100211,33.42
maize,MX17,20100211,30.234
maize,MX18,20100211,49.012
maize,MX19,20100211,30.869
maize,MX20,20100211,38.892
maize,MX21,20100211,24.226
maize,MX22,20100211,34.04
maize,MX23,20100211,81.647
maize,MX24,20100211,36.308
maize,MX25,20100211,64.531
maize,MX26,20100211,63.118
maize,MX27,20100211,60.02
maize,MX28,20100211,30.856
maize,MX29,20100211,19.58
maize,MX30,20100211,44.212
maize,MX31,20100211,61.948
maize,MX32,20100211,19.502
maize,MX01,20100221,24.694
maize,MX02,20100221,65.81
maize,MX03,20100221,29.92
maize,MX04,20100221,58.205
maize,MX05,20100221,29.673
maize,MX06,20100221,47.569
maize,MX07,20100221,39.833
maize,MX08,20100221,15.893
maize,MX09,20100221,20.362
maize,MX10,20100221,18.874
maize,MX11,20100221,38.073
maize,MX12,20100221,37.613
maize,MX13,20100221,36.687
maize,MX14,20100221,29.258
maize,MX15,20100221,25.596
maize,MX16,20100221,36.115
maize,MX17,20100221,30.718
maize,MX18,20100221,47.382
maize,MX19,20100221,31.492
maize,MX20,20100221,37.621
maize,MX21,20100221,24.433
maize,MX22,20100221,35.734
maize,MX23,20100221,79.922
maize,MX24,20100221,35.878
maize,MX25,20100221,64.111
maize,MX26,20100221,65.077
maize,MX27,20100221,58.983
maize,MX28,20100221,32.181
maize,MX29,20100221,19.997
maize,MX30,20100221,42.007
maize,MX31,20100221,59.789
maize,MX32,20100221,20.104
maize,MX01,20100301,25.175
maize,MX02,20100301,66.733
maize,MX03,20100301,29.782
maize,MX04,20100301,54.868
maize,MX05,20100301,29.848
maize,MX06,20100301,48.469
maize,MX07,20100301,38.883
maize,MX08,20100301,16.098
maize,MX09,20100301,21.29
maize,MX10,20100301,19.31
maize,MX11,20100301,40.012
maize,MX12,20100301,38.127
maize,MX13,20100301,36.536
maize,MX14,20100301,30.58
maize,MX15,20100301,25.916
maize,MX16,20100301,38.017
maize,MX17,20100301,30.935
maize,MX18,20100301,45.959
maize,MX19,20100301,32.047
maize,MX20,20100301,36.821
maize,MX21,20100301,24.593
maize,MX22,20100301,36.825
maize,MX23,20100301,78.32
maize,MX24,20100301,35.506
maize,MX25,20100301,63.14
maize,MX26,20100301,65.313
maize,MX27,20100301,57.672
maize,MX28,20100301,33.496
maize,MX29,20100301,20.416
maize,MX30,20100301,40.442
maize,MX31,20100301,57.779
maize,MX32,20100301,20.753
maize,MX01,20100311,25.824
maize,MX02,20100311,66.721
maize,MX03,20100311,29.427
maize,MX04,20100311,50.672
maize,MX05,20100311,29.828
maize,MX06,20100311,48.366
maize,MX07,20100311,37.993
maize,MX08,20100311,16.469
maize,MX09,20100311,22.626
maize,MX10,20100311,20.087
maize,MX11,20100311,41.435
maize,MX12,20100311,37.684
maize,MX13,20100311,36.239
maize,MX14,20100311,32.08
maize,MX15,20100311,26.226
maize,MX16,20100311,39.53
maize,MX17,20100311,30.815
maize,MX18,20100311,44.027
maize,MX19,20100311,32.723
maize,MX20,20100311,36.224
maize,MX21,20100311,24.739
maize,MX22,20100311,37.679
maize,MX23,20100311,76.226
maize,MX24,20100311,35.021
maize,MX25,20100311,61.327
maize,MX26,20100311,63.851
maize,MX27,20100311,55.595
maize,MX28,20100311,35.551
maize,MX29,20100311,20.977
maize,MX30,20100311,39.13
maize,MX31,20100311,55.182
maize,MX32,20100311,21.682
maize,MX01,20100321,26.313
maize,MX02,20100321,65.621
maize,MX03,20100321,28.851
maize,MX04,20100321,47.19
maize,MX05,20100321,29.573
maize,MX06,20100321,46.822
maize,MX07,20100321,37.453
maize,MX08,20100321,16.971
maize,MX09,20100321,24.365
maize,MX10,20100321,21.098
maize,MX11,20100321,41.348
maize,MX12,20100321,36.166
maize,MX13,20100321,35.958
maize,MX14,20100321,32.935
maize,MX15,20100321,26.369
maize,MX16,20100321,39.681
maize,MX17,20100321,30.239
maize,MX18,20100321,41.955
maize,MX19,20100321,33.46
maize,MX20,20100321,36.061
maize,MX21,20100321,24.792
maize,MX22,20100321,37.652
maize,MX23,20100321,74.203
maize,MX24,20100321,34.638
maize,MX25,20100321,58.914
maize,MX26,20100321,60.329
maize,MX27,20100321,53.442
maize,MX28,20100321,38.273
maize,MX29,20100321,21.508
maize,MX30,20100321,38.707
maize,MX31,20100321,53.295
maize,MX32,20100321,22.592
maize,MX01,20100401,26.403
maize,MX02,20100401,63.025
maize,MX03,20100401,27.911
maize,MX04,20100401,45.065
maize,MX05,20100401,29.146
maize,MX06,20100401,44.021
maize,MX07,20100401,37.39
maize,MX08,20100401,17.667
maize,MX09,20100401,26.294
maize,MX10,20100401,22.303
maize,MX11,20100401,39.342
maize,MX12,20100401,33.762
maize,MX13,20100401,35.906
maize,MX14,20100401,32.728
maize,MX15,20100401,26.358
maize,MX16,20100401,38.234
maize,MX17,20100401,29.154
maize,MX18,20100401,39.544
maize,MX19,20100401,34.717
maize,MX20,20100401,36.377
maize,MX21,20100401,24.691
maize,MX22,20100401,36.698
maize,MX23,20100401,72.683
maize,MX24,20100401,34.631
maize,MX25,20100401,55.568
maize,MX26,20100401,54.107
maize,MX27,20100401,51.193
maize,MX28,20100401,42.259
maize,MX29,20100401,21.921
maize,MX30,20100401,39.313
maize,MX31,20100401,52.911
maize,MX32,20100401,23.374
maize,MX01,20100411,25.988
maize,MX02,20100411,58.879
maize,MX03,20100411,26.894
maize,MX04,20100411,44.959
maize,MX05,20100411,28.733
maize,MX06,20100411,40.872
maize,MX07,20100411,37.682
maize,MX08,20100411,18.369
maize,MX09,20100411,27.759
maize,MX10,20100411,23.253
maize,MX11,20100411,36.28
maize,MX12,20100411,31.428
maize,MX13,20100411,36.009
maize,MX14,20100411,31.57
maize,MX15,20100411,26.154
maize,MX16,20100411,35.818
maize,MX17,20100411,27.976
maize,MX18,20100411,37.342
maize,MX19,20100411,36.304
maize,MX20,20100411,37.068
maize,MX21,20100411,24.522
maize,MX22,20100411,35.156
maize,MX23,20100411,71.878
maize,MX24,20100411,34.991
maize,MX25,20100411,52.008
maize,MX26,20100411,46.836
maize,MX27,20100411,49.761
maize,MX28,20100411,46.475
maize,MX29,20100411,22.11
maize,MX30,20100411,40.776
maize,MX31,20100411,54.185
maize,MX32,20100411,23.725
maize,MX01,20100421,25.184
maize,MX02,20100421,53.005
maize,MX03,20100421,25.887
maize,MX04,20100421,46.552
maize,MX05,20100421,28.308
maize,MX06,20100421,37.807
maize,MX07,20100421,38.482
maize,MX08,20100421,18.995
maize,MX09,20100421,28.755
maize,MX10,20100421,23.683
maize,MX11,20100421,32.81
maize,MX12,20100421,29.395
maize,MX13,20100421,36.223
maize,MX14,20100421,29.773
maize,MX15,20100421,25.829
maize,MX16,20100421,32.999
maize,MX17,20100421,26.713
maize,MX18,20100421,35.106
maize,MX19,20100421,37.838
maize,MX20,20100421,38.143
maize,MX21,20100421,24.33
maize,MX22,20100421,33.371
maize,MX23,20100421,71.844
maize,MX24,20100421,35.537
maize,MX25,20100421,48.023
maize,MX26,20100421,39.246
maize,MX27,20100421,48.988
maize,MX28,20100421,50.243
maize,MX29,20100421,22.07
maize,MX30,20100421,42.821
maize,MX31,20100421,56.779
maize,MX32,20100421,23.554
maize,MX01,20100501,24.197
maize,MX02,20100501,46.17
maize,MX03,20100501,24.981
maize,MX04,20100501,49.249
maize,MX05,20100501,28.44
maize,MX06,20100501,35.201
maize,MX07,20100501,39.826
maize,MX08,20100501,19.593
maize,MX09,20100501,29.488
maize,MX10,20100501,23.501
maize,MX11,20100501,29.963
maize,MX12,20100501,28.031
maize,MX13,20100501,36.376
maize,MX14,20100501,27.847
maize,MX15,20100501,25.677
maize,MX16,20100501,30.593
maize,MX17,20100501,25.728
maize,MX18,20100501,32.967
maize,MX19,20100501,38.718
maize,MX20,20100501,39.114
maize,MX21,20100501,24.239
maize,MX22,20100501,31.912
maize,MX23,20100501,72.279
maize,MX24,20100501,35.936
maize,MX25,20100501,43.787
maize,MX26,20100501,32.527
maize,MX27,20100501,49.187
maize,MX28,20100501,52.345
maize,MX29,20100501,21.893
maize,MX30,20100501,44.415
maize,MX31,20100501,59.626
maize,MX32,20100501,22.978
maize,MX01,20100511,23.596
maize,MX02,20100511,39.915
maize,MX03,20100511,24.295
maize,MX04,20100511,52.584
maize,MX05,20100511,29.326
maize,MX06,20100511,33.343
maize,MX07,20100511,41.903
maize,MX08,20100511,20.327
maize,MX09,20100511,30.762
maize,MX10,20100511,23.099
maize,MX11,20100511,28.713
maize,MX12,20100511,27.714
maize,MX13,20100511,36.809
maize,MX14,20100511,26.547
maize,MX15,20100511,26.289
maize,MX16,20100511,29.459
maize,MX17,20100511,25.396
maize,MX18,20100511,31.248
maize,MX19,20100511,39.049
maize,MX20,20100511,40.114
maize,MX21,20100511,24.728
maize,MX22,20100511,31.53
maize,MX23,20100511,73.107
maize,MX24,20100511,36.423
maize,MX25,20100511,39.495
maize,MX26,20100511,27.374
maize,MX27,20100511,50.593
maize,MX28,20100511,52.676
maize,MX29,20100511,22.277
maize,MX30,20100511,45.495
maize,MX31,20100511,61.897
maize,MX32,20100511,22.488
maize,MX01,20100521,23.566
maize,MX02,20100521,35.288
maize,MX03,20100521,23.837
maize,MX04,20100521,56.15
maize,MX05,20100521,31.041
maize,MX06,20100521,32.61
maize,MX07,20100521,44.792
maize,MX08,20100521,21.656
maize,MX09,20100521,32.809
maize,MX10,20100521,22.919
maize,MX11,20100521,29.57
maize,MX12,20100521,28.876
maize,MX13,20100521,37.665
maize,MX14,20100521,26.433
maize,MX15,20100521,27.973
maize,MX16,20100521,30.112
maize,MX17,20100521,26.081
maize,MX18,20100521,30.452
maize,MX19,20100521,39.254
maize,MX20,20100521,41.424
maize,MX21,20100521,25.88
maize,MX22,20100521,32.447
maize,MX23,20100521,74.441
maize,MX24,20100521,37.013
maize,MX25,20100521,35.51
maize,MX26,20100521,23.993
maize,MX27,20100521,53.09
maize,MX28,20100521,51.703
maize,MX29,20100521,23.405
maize,MX30,20100521,46.459
maize,MX31,20100521,63.306
maize,MX32,20100521,22.433
maize,MX01,20100601,24.627
maize,MX02,20100601,32.568
maize,MX03,20100601,23.42
maize,MX04,20100601,59.979
maize,MX05,20100601,33.789
maize,MX06,20100601,33.6
maize,MX07,20100601,48.567
maize,MX08,20100601,24.246
maize,MX09,20100601,35.424
maize,MX10,20100601,23.749
maize,MX11,20100601,33.166
maize,MX12,20100601,32.489
maize,MX13,20100601,39.105
maize,MX14,20100601,28.496
maize,MX15,20100601,31.189
maize,MX16,20100601,33.445
maize,MX17,20100601,28.504
maize,MX18,20100601,31.218
maize,MX19,20100601,39.832
maize,MX20,20100601,43.558
maize,MX21,20100601,28.183
maize,MX22,20100601,34.934
maize,MX23,20100601,76.226
maize,MX24,20100601,37.907
maize,MX25,20100601,31.845
maize,MX26,20100601,21.945
maize,MX27,20100601,56.4
maize,MX28,20100601,49.743
maize,MX29,20100601,25.774
maize,MX30,20100601,47.956
maize,MX31,20100601,64.074
maize,MX32,20100601,23.507
maize,MX01,20100611,26.964
maize,MX02,20100611,31.842
maize,MX03,20100611,22.953
maize,MX04,20100611,63.254
maize,MX05,20100611,36.81
maize,MX06,20100611,36.433
maize,MX07,20100611,52.005
maize,MX08,20100611,27.948
maize,MX09,20100611,37.668
maize,MX10,20100611,26.124
maize,MX11,20100611,38.639
maize,MX12,20100611,38.0
maize,MX13,20100611,41.024
maize,MX14,20100611,32.818
maize,MX15,20100611,35.382
maize,MX16,20100611,38.88
maize,MX17,20100611,32.556
maize,MX18,20100611,33.888
maize,MX19,20100611,40.994
maize,MX20,20100611,46.287
maize,MX21,20100611,31.33
maize,MX22,20100611,38.435
maize,MX23,20100611,77.897
maize,MX24,20100611,39.129
maize,MX25,20100611,29.274
maize,MX26,20100611,21.191
maize,MX27,20100611,59.276
maize,MX28,20100611,47.774
maize,MX29,20100611,29.083
maize,MX30,20100611,50.071
maize,MX31,20100611,64.522
maize,MX32,20100611,26.036
maize,MX01,20100621,30.821
maize,MX02,20100621,32.215
maize,MX03,20100621,22.217
maize,MX04,20100621,66.342
maize,MX05,20100621,40.088
maize,MX06,20100621,41.516
maize,MX07,20100621,55.138
maize,MX08,20100621,32.988
maize,MX09,20100621,39.97
maize,MX10,20100621,30.336
maize,MX11,20100621,45.541
maize,MX12,20100621,45.185
maize,MX13,20100621,43.921
maize,MX14,20100621,39.355
maize,MX15,20100621,40.732
maize,MX16,20100621,46.046
maize,MX17,20100621,38.181
maize,MX18,20100621,38.6
maize,MX19,20100621,43.133
maize,MX20,20100621,49.754
maize,MX21,20100621,35.599
maize,MX22,20100621,42.929
maize,MX23,20100621,79.313
maize,MX24,20100621,41.279
maize,MX25,20100621,27.28
maize,MX26,20100621,21.317
maize,MX27,20100621,61.488
maize,MX28,20100621,46.515
maize,MX29,20100621,33.824
maize,MX30,20100621,52.966
maize,MX31,20100621,65.531
maize,MX32,20100621,30.295
maize,MX01,20100701,35.801
maize,MX02,20100701,32.929
maize,MX03,20100701,21.388
maize,MX04,20100701,69.077
maize,MX05,20100701,43.052
maize,MX06,20100701,47.948
maize,MX07,20100701,57.873
maize,MX08,20100701,38.943
maize,MX09,20100701,42.386
maize,MX10,20100701,36.15
maize,MX11,20100701,52.671
maize,MX12,20100701,52.696
maize,MX13,20100701,47.527
maize,MX14,20100701,47.063
maize,MX15,20100701,46.568
maize,MX16,20100701,53.467
maize,MX17,20100701,44.555
maize,MX18,20100701,44.738
maize,MX19,20100701,46.137
maize,MX20,20100701,53.3
maize,MX21,20100701,40.688
maize,MX22,20100701,47.783
maize,MX23,20100701,80.544
maize,MX24,20100701,44.027
maize,MX25,20100701,25.842
maize,MX26,20100701,22.416
maize,MX27,20100701,62.674
maize,MX28,20100701,46.218
maize,MX29,20100701,39.676
maize,MX30,20100701,55.919
maize,MX31,20100701,66.971
maize,MX32,20100701,35.778
maize,MX01,20100711,41.341
maize,MX02,20100711,33.471
maize,MX03,20100711,20.4
maize,MX04,20100711,71.456
maize,MX05,20100711,45.208
maize,MX06,20100711,54.61
maize,MX07,20100711,59.957
maize,MX08,20100711,45.187
maize,MX09,20100711,44.987
maize,MX10,20100711,42.719
maize,MX11,20100711,59.188
maize,MX12,20100711,59.615
maize,MX13,20100711,51.396
maize,MX14,20100711,55.057
maize,MX15,20100711,52.486
maize,MX16,20100711,60.181
maize,MX17,20100711,51.201
maize,MX18,20100711,51.31
maize,MX19,20100711,49.318
maize,MX20,20100711,56.391
maize,MX21,20100711,46.229
maize,MX22,20100711,52.422
maize,MX23,20100711,81.485
maize,MX24,20100711,47.014
maize,MX25,20100711,25.193
maize,MX26,20100711,24.406
maize,MX27,20100711,62.724
maize,MX28,20100711,46.879
maize,MX29,20100711,46.161
maize,MX30,20100711,58.301
maize,MX31,20100711,68.96
maize,MX32,20100711,41.732
maize,MX01,20100721,46.335
maize,MX02,20100721,33.762
maize,MX03,20100721,19.436
maize,MX04,20100721,73.594
maize,MX05,20100721,45.96
maize,MX06,20100721,60.11
maize,MX07,20100721,61.73
maize,MX08,20100721,51.092
maize,MX09,20100721,47.577
maize,MX10,20100721,48.934
maize,MX11,20100721,64.274
maize,MX12,20100721,65.372
maize,MX13,20100721,54.755
maize,MX14,20100721,62.216
maize,MX15,20100721,57.623
maize,MX16,20100721,65.417
maize,MX17,20100721,57.633
maize,MX18,20100721,57.204
maize,MX19,20100721,51.787
maize,MX20,20100721,58.928
maize,MX21,20100721,51.686
maize,MX22,20100721,55.88
maize,MX23,20100721,82.372
maize,MX24,20100721,49.626
maize,MX25,20100721,25.431
maize,MX26,20100721,27.335
maize,MX27,20100721,61.873
maize,MX28,20100721,48.176
maize,MX29,20100721,52.324
maize,MX30,20100721,59.963
maize,MX31,20100721,71.315
maize,MX32,20100721,46.923
maize,MX01,20100801,50.658
maize,MX02,20100801,33.639
maize,MX03,20100801,18.532
maize,MX04,20100801,75.655
maize,MX05,20100801,45.518
maize,MX06,20100801,64.461
maize,MX07,20100801,63.393
maize,MX08,20100801,56.588
maize,MX09,20100801,49.678
maize,MX10,20100801,54.416
maize,MX11,20100801,67.82
maize,MX12,20100801,70.24
maize,MX13,20100801,57.257
maize,MX14,20100801,68.384
maize,MX15,20100801,61.685
maize,MX16,20100801,69.268
maize,MX17,20100801,64.171
maize,MX18,20100801,62.34
maize,MX19,20100801,53.009
maize,MX20,20100801,60.987
maize,MX21,20100801,56.976
maize,MX22,20100801,57.875
maize,MX23,20100801,82.985
maize,MX24,20100801,51.692
maize,MX25,20100801,26.623
maize,MX26,20100801,30.857
maize,MX27,20100801,60.348
maize,MX28,20100801,49.833
maize,MX29,20100801,57.507
maize,MX30,20100801,61.07
maize,MX31,20100801,73.814
maize,MX32,20100801,51.305
maize,MX01,20100811,53.258
maize,MX02,20100811,33.33
maize,MX03,20100811,18.05
maize,MX04,20100811,77.353
maize,MX05,20100811,44.309
maize,MX06,20100811,67.147
maize,MX07,20100811,64.744
maize,MX08,20100811,60.017
maize,MX09,20100811,50.824
maize,MX10,20100811,57.701
maize,MX11,20100811,69.286
maize,MX12,20100811,73.515
maize,MX13,20100811,58.37
maize,MX14,20100811,72.167
maize,MX15,20100811,64.033
maize,MX16,20100811,71.277
maize,MX17,20100811,69.374
maize,MX18,20100811,65.668
maize,MX19,20100811,52.592
maize,MX20,20100811,62.217
maize,MX21,20100811,60.942
maize,MX22,20100811,58.163
maize,MX23,20100811,83.406
maize,MX24,20100811,52.888
maize,MX25,20100811,28.478
maize,MX26,20100811,33.647
maize,MX27,20100811,58.679
maize,MX28,20100811,51.039
maize,MX29,20100811,60.443
maize,MX30,20100811,61.573
maize,MX31,20100811,75.625
maize,MX32,20100811,54.075
maize,MX01,20100821,54.557
maize,MX02,20100821,32.714
maize,MX03,20100821,17.916
maize,MX04,20100821,78.789
maize,MX05,20100821,43.044
maize,MX06,20100821,69.265
maize,MX07,20100821,65.979
maize,MX08,20100821,61.5
maize,MX09,20100821,51.6
maize,MX10,20100821,59.33
maize,MX11,20100821,69.3
maize,MX12,20100821,75.77
maize,MX13,20100821,58.615
maize,MX14,20100821,74.149
maize,MX15,20100821,65.281
maize,MX16,20100821,72.122
maize,MX17,20100821,73.438
maize,MX18,20100821,67.875
maize,MX19,20100821,51.451
maize,MX20,20100821,63.116
maize,MX21,20100821,64.0
maize,MX22,20100821,57.415
maize,MX23,20100821,83.554
maize,MX24,20100821,53.774
maize,MX25,20100821,30.731
maize,MX26,20100821,35.646
maize,MX27,20100821,57.308
maize,MX28,20100821,52.114
maize,MX29,20100821,61.754
maize,MX30,20100821,61.962
maize,MX31,20100821,76.912
maize,MX32,20100821,55.844
maize,MX01,20100901,54.79
maize,MX02,20100901,31.917
maize,MX03,20100901,18.302
maize,MX04,20100901,80.162
maize,MX05,20100901,42.068
maize,MX06,20100901,71.427
maize,MX07,20100901,67.064
maize,MX08,20100901,60.363
maize,MX09,20100901,51.494
maize,MX10,20100901,59.593
maize,MX11,20100901,67.984
maize,MX12,20100901,77.152
maize,MX13,20100901,57.902
maize,MX14,20100901,74.519
maize,MX15,20100901,65.283
maize,MX16,20100901,71.88
maize,MX17,20100901,76.144
maize,MX18,20100901,69.481
maize,MX19,20100901,50.241
maize,MX20,20100901,63.89
maize,MX21,20100901,65.798
maize,MX22,20100901,56.185
maize,MX23,20100901,83.704
maize,MX24,20100901,54.623
maize,MX25,20100901,33.147
maize,MX26,20100901,36.676
maize,MX27,20100901,56.379
maize,MX28,20100901,53.321
maize,MX29,20100901,61.274
maize,MX30,20100901,62.485
maize,MX31,20100901,77.983
maize,MX32,20100901,56.885
maize,MX01,20100911,53.932
maize,MX02,20100911,31.169
maize,MX03,20100911,19.071
maize,MX04,20100911,81.117
maize,MX05,20100911,41.67
maize,MX06,20100911,72.875
maize,MX07,20100911,67.63
maize,MX08,20100911,56.711
maize,MX09,20100911,50.175
maize,MX10,20100911,58.653
maize,MX11,20100911,65.531
maize,MX12,20100911,77.328
maize,MX13,20100911,56.175
maize,MX14,20100911,73.208
maize,MX15,20100911,63.719
maize,MX16,20100911,70.444
maize,MX17,20100911,76.677
maize,MX18,20100911,70.231
maize,MX19,20100911,49.496
maize,MX20,20100911,64.255
maize,MX21,20100911,65.473
maize,MX22,20100911,54.711
maize,MX23,20100911,83.76
maize,MX24,20100911,55.092
maize,MX25,20100911,34.78
maize,MX26,20100911,36.571
maize,MX27,20100911,56.13
maize,MX28,20100911,54.457
maize,MX29,20100911,58.847
maize,MX30,20100911,63.098
maize,MX31,20100911,78.462
maize,MX32,20100911,56.888
maize,MX01,20100921,51.895
maize,MX02,20100921,30.664
maize,MX03,20100921,20.152
maize,MX04,20100921,81.706
maize,MX05,20100921,41.308
maize,MX06,20100921,73.465
maize,MX07,20100921,67.499
maize,MX08,20100921,51.129
maize,MX09,20100921,47.284
maize,MX10,20100921,56.417
maize,MX11,20100921,61.698
maize,MX12,20100921,76.129
maize,MX13,20100921,53.454
maize,MX14,20100921,70.299
maize,MX15,20100921,60.466
maize,MX16,20100921,67.671
maize,MX17,20100921,75.08
maize,MX18,20100921,70.093
maize,MX19,20100921,48.763
maize,MX20,20100921,64.026
maize,MX21,20100921,63.021
maize,MX22,20100921,52.508
maize,MX23,20100921,83.744
maize,MX24,20100921,55.005
maize,MX25,20100921,35.219
maize,MX26,20100921,35.67
maize,MX27,20100921,56.316
maize,MX28,20100921,55.218
maize,MX29,20100921,54.572
maize,MX30,20100921,63.681
maize,MX31,20100921,78.629
maize,MX32,20100921,55.669
maize,MX01,20101001,48.34
maize,MX02,20101001,30.281
maize,MX03,20101001,21.366
maize,MX04,20101001,81.55
maize,MX05,20101001,40.562
maize,MX06,20101001,72.895
maize,MX07,20101001,66.613
maize,MX08,20101001,44.539
maize,MX09,20101001,43.022
maize,MX10,20101001,52.555
maize,MX11,20101001,56.504
maize,MX12,20101001,73.059
maize,MX13,20101001,49.881
maize,MX14,20101001,65.698
maize,MX15,20101001,55.623
maize,MX16,20101001,63.476
maize,MX17,20101001,71.118
maize,MX18,20101001,68.728
maize,MX19,20101001,47.541
maize,MX20,20101001,63.051
maize,MX21,20101001,58.543
maize,MX22,20101001,49.218
maize,MX23,20101001,83.728
maize,MX24,20101001,54.21
maize,MX25,20101001,33.998
maize,MX26,20101001,33.955
maize,MX27,20101001,56.801
maize,MX28,20101001,54.996
maize,MX29,20101001,48.855
maize,MX30,20101001,64.122
maize,MX31,20101001,78.212
maize,MX32,20101001,52.823
maize,MX01,20101011,43.397
maize,MX02,20101011,29.991
maize,MX03,20101011,22.555
maize,MX04,20101011,80.774
maize,MX05,20101011,39.117
maize,MX06,20101011,70.893
maize,MX07,20101011,64.952
maize,MX08,20101011,37.923
maize,MX09,20101011,38.124
maize,MX10,20101011,47.227
maize,MX11,20101011,50.338
maize,MX12,20101011,68.162
maize,MX13,20101011,45.853
maize,MX14,20101011,59.558
maize,MX15,20101011,49.777
maize,MX16,20101011,57.949
maize,MX17,20101011,65.331
maize,MX18,20101011,65.919
maize,MX19,20101011,45.786
maize,MX20,20101011,61.24
maize,MX21,20101011,52.715
maize,MX22,20101011,44.978
maize,MX23,20101011,83.793
maize,MX24,20101011,52.722
maize,MX25,20101011,31.468
maize,MX26,20101011,31.472
maize,MX27,20101011,57.592
maize,MX28,20101011,53.564
maize,MX29,20101011,42.505
maize,MX30,20101011,64.226
maize,MX31,20101011,77.373
maize,MX32,20101011,48.271
maize,MX01,20101021,38.1
maize,MX02,20101021,29.925
maize,MX03,20101021,23.608
maize,MX04,20101021,79.328
maize,MX05,20101021,37.099
maize,MX06,20101021,67.411
maize,MX07,20101021,62.519
maize,MX08,20101021,32.087
maize,MX09,20101021,33.308
maize,MX10,20101021,41.294
maize,MX11,20101021,43.796
maize,MX12,20101021,62.292
maize,MX13,20101021,41.771
maize,MX14,20101021,52.742
maize,MX15,20101021,43.643
maize,MX16,20101021,51.681
maize,MX17,20101021,58.679
maize,MX18,20101021,62.052
maize,MX19,20101021,43.398
maize,MX20,20101021,58.673
maize,MX21,20101021,46.416
maize,MX22,20101021,40.252
maize,MX23,20101021,83.803
maize,MX24,20101021,50.563
maize,MX25,20101021,28.684
maize,MX26,20101021,28.727
maize,MX27,20101021,58.491
maize,MX28,20101021,50.827
maize,MX29,20101021,36.284
maize,MX30,20101021,63.554
maize,MX31,20101021,76.04
maize,MX32,20101021,42.832
maize,MX01,20101101,32.969
maize,MX02,20101101,30.042
maize,MX03,20101101,24.562
maize,MX04,20101101,77.353
maize,MX05,20101101,34.363
maize,MX06,20101101,62.366
maize,MX07,20101101,59.309
maize,MX08,20101101,27.167
maize,MX09,20101101,28.308
maize,MX10,20101101,35.217
maize,MX11,20101101,36.918
maize,MX12,20101101,55.776
maize,MX13,20101101,37.529
maize,MX14,20101101,45.614
maize,MX15,20101101,37.228
maize,MX16,20101101,44.707
maize,MX17,20101101,51.504
maize,MX18,20101101,57.342
maize,MX19,20101101,40.333
maize,MX20,20101101,55.397
maize,MX21,20101101,39.858
maize,MX22,20101101,35.205
maize,MX23,20101101,83.854
maize,MX24,20101101,47.593
maize,MX25,20101101,26.594
maize,MX26,20101101,26.328
maize,MX27,20101101,59.366
maize,MX28,20101101,46.843
maize,MX29,20101101,30.206
maize,MX30,20101101,61.975
maize,MX31,20101101,74.375
maize,MX32,20101101,37.022
maize,MX01,20101111,29.451
maize,MX02,20101111,30.38
maize,MX03,20101111,25.258
maize,MX04,20101111,75.341
maize,MX05,20101111,31.875
maize,MX06,20101111,57.384
maize,MX07,20101111,56.103
maize,MX08,20101111,24.003
maize,MX09,20101111,24.163
maize,MX10,20101111,30.796
maize,MX11,20101111,31.439
maize,MX12,20101111,50.4
maize,MX13,20101111,34.141
maize,MX14,20101111,40.126
maize,MX15,20101111,32.116
maize,MX16,20101111,38.883
maize,MX17,20101111,45.725
maize,MX18,20101111,53.439
maize,MX19,20101111,37.555
maize,MX20,20101111,52.239
maize,MX21,20101111,34.746
maize,MX22,20101111,31.227
maize,MX23,20101111,83.804
maize,MX24,20101111,44.645
maize,MX25,20101111,26.352
maize,MX26,20101111,25.203
maize,MX27,20101111,59.951
maize,MX28,20101111,42.953
maize,MX29,20101111,25.73
maize,MX30,20101111,59.748
maize,MX31,20101111,72.633
maize,MX32,20101111,32.647
maize,MX01,20101121,27.187
maize,MX02,20101121,30.972
maize,MX03,20101121,25.747
maize,MX04,20101121,73.153
maize,MX05,20101121,29.788
maize,MX06,20101121,52.713
maize,MX07,20101121,52.841
maize,MX08,20101121,21.872
maize,MX09,20101121,20.965
maize,MX10,20101121,27.585
maize,MX11,20101121,27.179
maize,MX12,20101121,45.88
maize,MX13,20101121,31.618
maize,MX14,20101121,35.935
maize,MX15,20101121,28.119
maize,MX16,20101121,34.187
maize,MX17,20101121,40.968
maize,MX18,20101121,50.362
maize,MX19,20101121,35.103
maize,MX20,20101121,49.168
maize,MX21,20101121,30.812
maize,MX22,20101121,28.239
maize,MX23,20101121,83.483
maize,MX24,20101121,41.839
maize,MX25,20101121,27.718
maize,MX26,20101121,25.414
maize,MX27,20101121,60.263
maize,MX28,20101121,39.305
maize,MX29,20101121,22.514
maize,MX30,20101121,56.953
maize,MX31,20101121,70.66
maize,MX32,20101121,29.421
maize,MX01,20101201,25.889
maize,MX02,20101201,32.012
maize,MX03,20101201,26.017
maize,MX04,20101201,70.917
maize,MX05,20101201,28.134
maize,MX06,20101201,48.618
maize,MX07,20101201,49.76
maize,MX08,20101201,20.426
maize,MX09,20101201,18.893
maize,MX10,20101201,25.347
maize,MX11,20101201,24.304
maize,MX12,20101201,42.273
maize,MX13,20101201,29.934
maize,MX14,20101201,32.894
maize,MX15,20101201,25.214
maize,MX16,20101201,30.736
maize,MX17,20101201,37.166
maize,MX18,20101201,48.214
maize,MX19,20101201,33.045
maize,MX20,20101201,46.332
maize,MX21,20101201,27.905
maize,MX22,20101201,26.27
maize,MX23,20101201,83.154
maize,MX24,20101201,39.312
maize,MX25,20101201,30.787
maize,MX26,20101201,27.143
maize,MX27,20101201,60.301
maize,MX28,20101201,36.043
maize,MX29,20101201,20.346
maize,MX30,20101201,53.808
maize,MX31,20101201,68.603
maize,MX32,20101201,27.201
maize,MX01,20101211,25.096
maize,MX02,20101211,33.824
maize,MX03,20101211,26.118
maize,MX04,20101211,68.607
maize,MX05,20101211,27.021
maize,MX06,20101211,45.19
maize,MX07,20101211,46.905
maize,MX08,20101211,19.441
maize,MX09,20101211,17.702
maize,MX10,20101211,23.81
maize,MX11,20101211,22.808
maize,MX12,20101211,39.51
maize,MX13,20101211,28.855
maize,MX14,20101211,30.641
maize,MX15,20101211,23.213
maize,MX16,20101211,28.499
maize,MX17,20101211,34.204
maize,MX18,20101211,46.892
maize,MX19,20101211,31.276
maize,MX20,20101211,43.895
maize,MX21,20101211,25.805
maize,MX22,20101211,25.095
maize,MX23,20101211,82.77
maize,MX24,20101211,37.016
maize,MX25,20101211,35.176
maize,MX26,20101211,30.545
maize,MX27,20101211,60.1
maize,MX28,20101211,33.178
maize,MX29,20101211,19.014
maize,MX30,20101211,50.501
maize,MX31,20101211,66.315
maize,MX32,20101211,25.623
maize,MX01,20101221,24.627
maize,MX02,20101221,36.343
maize,MX03,20101221,26.177
maize,MX04,20101221,66.279
maize,MX05,20101221,26.498
maize,MX06,20101221,42.485
maize,MX07,20101221,44.43
maize,MX08,20101221,18.758
maize,MX09,20101221,17.127
maize,MX10,20101221,22.759
maize,MX11,20101221,22.9
maize,MX12,20101221,37.6
maize,MX13,20101221,28.448
maize,MX14,20101221,29.06
maize,MX15,20101221,21.945
maize,MX16,20101221,27.524
maize,MX17,20101221,32.002
maize,MX18,20101221,46.105
maize,MX19,20101221,29.732
maize,MX20,20101221,41.791
maize,MX21,20101221,24.336
maize,MX22,20101221,24.738
maize,MX23,20101221,82.287
maize,MX24,20101221,34.909
maize,MX25,20101221,40.309
maize,MX26,20101221,35.405
maize,MX27,20101221,59.787
maize,MX28,20101221,30.666
maize,MX29,20101221,18.205
maize,MX30,20101221,47.116
maize,MX31,20101221,63.96
maize,MX32,20101221,24.509
maize,MX01,20110101,24.29
maize,MX02,20110101,39.706
maize,MX03,20110101,26.23
maize,MX04,20110101,64.144
maize,MX05,20110101,26.314
maize,MX06,20110101,40.178
maize,MX07,20110101,42.248
maize,MX08,20110101,18.228
maize,MX09,20110101,17.042
maize,MX10,20110101,21.814
maize,MX11,20110101,24.868
maize,MX12,20110101,36.099
maize,MX13,20110101,28.72
maize,MX14,20110101,27.902
maize,MX15,20110101,21.107
maize,MX16,20110101,27.738
maize,MX17,20110101,30.097
maize,MX18,20110101,45.361
maize,MX19,20110101,28.126
maize,MX20,20110101,39.998
maize,MX21,20110101,23.289
maize,MX22,20110101,25.465
maize,MX23,20110101,81.853
maize,MX24,20110101,32.908
maize,MX25,20110101,45.622
maize,MX26,20110101,41.765
maize,MX27,20110101,59.254
maize,MX28,20110101,28.265
maize,MX29,20110101,17.776
maize,MX30,20110101,43.691
maize,MX31,20110101,61.764
maize,MX32,20110101,23.528
maize,MX01,20110111,23.975
maize,MX02,20110111,42.939
maize,MX03,20110111,26.409
maize,MX04,20110111,63.068
maize,MX05,20110111,26.341
maize,MX06,20110111,38.518
maize,MX07,20110111,41.014
maize,MX08,20110111,17.804
maize,MX09,20110111,17.12
maize,MX10,20110111,21.084
maize,MX11,20110111,28.163
maize,MX12,20110111,35.088
maize,MX13,20110111,29.515
maize,MX14,20110111,27.195
maize,MX15,20110111,20.664
maize,MX16,20110111,28.963
maize,MX17,20110111,28.696
maize,MX18,20110111,44.439
maize,MX19,20110111,26.669
maize,MX20,20110111,38.666
maize,MX21,20110111,22.716
maize,MX22,20110111,26.935
maize,MX23,20110111,81.516
maize,MX24,20110111,31.338
maize,MX25,20110111,48.929
maize,MX26,20110111,47.543
maize,MX27,20110111,59.089
maize,MX28,20110111,26.414
maize,MX29,20110111,17.631
maize,MX30,20110111,40.95
maize,MX31,20110111,60.494
maize,MX32,20110111,22.699
maize,MX01,20110121,23.713
maize,MX02,20110121,45.986
maize,MX03,20110121,26.453
maize,MX04,20110121,62.756
maize,MX05,20110121,26.344
maize,MX06,20110121,37.201
maize,MX07,20110121,40.36
maize,MX08,20110121,17.343
maize,MX09,20110121,17.049
maize,MX10,20110121,20.377
maize,MX11,20110121,32.345
maize,MX12,20110121,34.271
maize,MX13,20110121,30.433
maize,MX14,20110121,26.83
maize,MX15,20110121,20.396
maize,MX16,20110121,30.905
maize,MX17,20110121,27.51
maize,MX18,20110121,43.052
maize,MX19,20110121,25.392
maize,MX20,20110121,37.584
maize,MX21,20110121,22.288
maize,MX22,20110121,28.805
maize,MX23,20110121,81.192
maize,MX24,20110121,30.063
maize,MX25,20110121,49.352
maize,MX26,20110121,52.237
maize,MX27,20110121,59.106
maize,MX28,20110121,25.052
maize,MX29,20110121,17.557
maize,MX30,20110121,38.67
maize,MX31,20110121,60.09
maize,MX32,20110121,21.995
maize,MX01,20110201,23.49
maize,MX02,20110201,49.016
maize,MX03,20110201,26.327
maize,MX04,20110201,62.6
maize,MX05,20110201,26.235
maize,MX06,20110201,35.834
maize,MX07,20110201,40.052
maize,MX08,20110201,16.8
maize,MX09,20110201,16.867
maize,MX10,20110201,19.795
maize,MX11,20110201,36.994
maize,MX12,20110201,33.346
maize,MX13,20110201,31.171
maize,MX14,20110201,26.688
maize,MX15,20110201,20.119
maize,MX16,20110201,33.287
maize,MX17,20110201,26.38
maize,MX18,20110201,41.002
maize,MX19,20110201,24.328
maize,MX20,20110201,36.591
maize,MX21,20110201,21.818
maize,MX22,20110201,30.802
maize,MX23,20110201,80.738
maize,MX24,20110201,28.909
maize,MX25,20110201,45.359
maize,MX26,20110201,55.602
maize,MX27,20110201,59.328
maize,MX28,20110201,24.222
maize,MX29,20110201,17.493
maize,MX30,20110201,36.765
maize,MX31,20110201,60.223
maize,MX32,20110201,21.34
maize,MX01,20110211,23.284
maize,MX02,20110211,51.581
maize,MX03,20110211,26.176
maize,MX04,20110211,61.989
maize,MX05,20110211,26.23
maize,MX06,20110211,34.589
maize,MX07,20110211,39.838
maize,MX08,20110211,16.444
maize,MX09,20110211,16.49
maize,MX10,20110211,19.575
maize,MX11,20110211,40.535
maize,MX12,20110211,32.302
maize,MX13,20110211,31.377
maize,MX14,20110211,26.64
maize,MX15,20110211,19.863
maize,MX16,20110211,35.179
maize,MX17,20110211,25.493
maize,MX18,20110211,38.823
maize,MX19,20110211,23.822
maize,MX20,20110211,35.773
maize,MX21,20110211,21.377
maize,MX22,20110211,32.211
maize,MX23,20110211,80.296
maize,MX24,20110211,28.085
maize,MX25,20110211,38.905
maize,MX26,20110211,57.251
maize,MX27,20110211,59.376
maize,MX28,20110211,24.185
maize,MX29,20110211,17.401
maize,MX30,20110211,35.49
maize,MX31,20110211,60.346
maize,MX32,20110211,20.815
maize,MX01,20110221,22.991
maize,MX02,20110221,53.955
maize,MX03,20110221,26.159
maize,MX04,20110221,60.25
maize,MX05,20110221,26.609
maize,MX06,20110221,33.376
maize,MX07,20110221,39.615
maize,MX08,20110221,16.32
maize,MX09,20110221,15.906
maize,MX10,20110221,19.699
maize,MX11,20110221,42.824
maize,MX12,20110221,31.074
maize,MX13,20110221,31.073
maize,MX14,20110221,26.55
maize,MX15,20110221,19.548
maize,MX16,20110221,36.396
maize,MX17,20110221,24.612
maize,MX18,20110221,36.55
maize,MX19,20110221,23.811
maize,MX20,20110221,34.918
maize,MX21,20110221,20.798
maize,MX22,20110221,32.955
maize,MX23,20110221,79.814
maize,MX24,20110221,27.442
maize,MX25,20110221,32.808
maize,MX26,20110221,57.911
maize,MX27,20110221,59.126
maize,MX28,20110221,24.915
maize,MX29,20110221,17.165
maize,MX30,20110221,34.374
maize,MX31,20110221,59.684
maize,MX32,20110221,20.372
maize,MX01,20110301,22.639
maize,MX02,20110301,55.514
maize,MX03,20110301,26.121
maize,MX04,20110301,58.313
maize,MX05,20110301,27.028
maize,MX06,20110301,32.49
maize,MX07,20110301,39.415
maize,MX08,20110301,16.397
maize,MX09,20110301,15.542
maize,MX10,20110301,19.981
maize,MX11,20110301,43.533
maize,MX12,20110301,30.111
maize,MX13,20110301,30.633
maize,MX14,20110301,26.36
maize,MX15,20110301,19.315
maize,MX16,20110301,36.725
maize,MX17,20110301,24.026
maize,MX18,20110301,34.761
maize,MX19,20110301,24.128
maize,MX20,20110301,34.172
maize,MX21,20110301,20.335
maize,MX22,20110301,32.987
maize,MX23,20110301,79.46
maize,MX24,20110301,27.061
maize,MX25,20110301,29.575
maize,MX26,20110301,57.719
maize,MX27,20110301,58.787
maize,MX28,20110301,26.088
maize,MX29,20110301,16.911
maize,MX30,20110301,33.492
maize,MX31,20110301,58.284
maize,MX32,20110301,20.067
maize,MX01,20110311,22.047
maize,MX02,20110311,56.741
maize,MX03,20110311,26.103
maize,MX04,20110311,55.511
maize,MX05,20110311,27.385
maize,MX06,20110311,31.612
maize,MX07,20110311,39.193
maize,MX08,20110311,16.666
maize,MX09,20110311,15.227
maize,MX10,20110311,20.466
maize,MX11,20110311,42.91
maize,MX12,20110311,29.139
maize,MX13,20110311,29.959
maize,MX14,20110311,25.995
maize,MX15,20110311,19.16
maize,MX16,20110311,36.349
maize,MX17,20110311,23.489
maize,MX18,20110311,32.743
maize,MX19,20110311,24.792
maize,MX20,20110311,33.277
maize,MX21,20110311,19.837
maize,MX22,20110311,32.304
maize,MX23,20110311,79.062
maize,MX24,20110311,26.73
maize,MX25,20110311,28.336
maize,MX26,20110311,56.402
maize,MX27,20110311,58.093
maize,MX28,20110311,28.289
maize,MX29,20110311,16.632
maize,MX30,20110311,32.516
maize,MX31,20110311,55.687
maize,MX32,20110311,19.769
maize,MX01,20110321,21.4
maize,MX02,20110321,56.657
maize,MX03,20110321,25.807
maize,MX04,20110321,52.488
maize,MX05,20110321,27.392
maize,MX06,20110321,31.093
maize,MX07,20110321,38.927
maize,MX08,20110321,17.048
maize,MX09,20110321,15.322
maize,MX10,20110321,21.021
maize,MX11,20110321,40.731
maize,MX12,20110321,28.489
maize,MX13,20110321,29.413
maize,MX14,20110321,25.501
maize,MX15,20110321,19.254
maize,MX16,20110321,35.171
maize,MX17,20110321,23.158
maize,MX18,20110321,31.079
maize,MX19,20110321,25.511
maize,MX20,20110321,32.455
maize,MX21,20110321,19.564
maize,MX22,20110321,30.951
maize,MX23,20110321,78.474
maize,MX24,20110321,26.51
maize,MX25,20110321,30.273
maize,MX26,20110321,53.553
maize,MX27,20110321,57.199
maize,MX28,20110321,31.055
maize,MX29,20110321,16.436
maize,MX30,20110321,31.693
maize,MX31,20110321,52.636
maize,MX32,20110321,19.561
maize,MX01,20110401,20.621
maize,MX02,20110401,54.924
maize,MX03,20110401,25.16
maize,MX04,20110401,49.415
maize,MX05,20110401,26.911
maize,MX06,20110401,30.632
maize,MX07,20110401,38.767
maize,MX08,20110401,17.478
maize,MX09,20110401,15.78
maize,MX10,20110401,21.558
maize,MX11,20110401,36.839
maize,MX12,20110401,28.289
maize,MX13,20110401,29.276
maize,MX14,20110401,24.793
maize,MX15,20110401,19.807
maize,MX16,20110401,33.069
maize,MX17,20110401,23.317
maize,MX18,20110401,29.609
maize,MX19,20110401,26.0
maize,MX20,20110401,31.856
maize,MX21,20110401,19.743
maize,MX22,20110401,29.025
maize,MX23,20110401,77.539
maize,MX24,20110401,26.269
maize,MX25,20110401,35.205
maize,MX26,20110401,48.352
maize,MX27,20110401,55.736
maize,MX28,20110401,34.169
maize,MX29,20110401,16.528
maize,MX30,20110401,31.028
maize,MX31,20110401,49.339
maize,MX32,20110401,19.323
maize,MX01,20110411,20.131
maize,MX02,20110411,51.662
maize,MX03,20110411,24.309
maize,MX04,20110411,47.176
maize,MX05,20110411,26.284
maize,MX06,20110411,30.443
maize,MX07,20110411,38.8
maize,MX08,20110411,17.859
maize,MX09,20110411,16.568
maize,MX10,20110411,21.904
maize,MX11,20110411,32.523
maize,MX12,20110411,28.491
maize,MX13,20110411,29.517
maize,MX14,20110411,24.095
maize,MX15,20110411,20.605
maize,MX16,20110411,30.714
maize,MX17,20110411,23.91
maize,MX18,20110411,28.595
maize,MX19,20110411,26.059
maize,MX20,20110411,31.713
maize,MX21,20110411,20.292
maize,MX22,20110411,27.207
maize,MX23,20110411,76.375
maize,MX24,20110411,26.024
maize,MX25,20110411,40.913
maize,MX26,20110411,42.167
maize,MX27,20110411,54.197
maize,MX28,20110411,36.286
maize,MX29,20110411,16.881
maize,MX30,20110411,30.582
maize,MX31,20110411,46.814
maize,MX32,20110411,19.236
maize,MX01,20110421,19.739
maize,MX02,20110421,46.769
maize,MX03,20110421,23.3
maize,MX04,20110421,45.661
maize,MX05,20110421,25.886
maize,MX06,20110421,30.187
maize,MX07,20110421,38.944
maize,MX08,20110421,18.194
maize,MX09,20110421,17.376
maize,MX10,20110421,22.053
maize,MX11,20110421,28.203
maize,MX12,20110421,28.804
maize,MX13,20110421,29.962
maize,MX14,20110421,23.28
maize,MX15,20110421,21.525
maize,MX16,20110421,28.238
maize,MX17,20110421,24.747
maize,MX18,20110421,27.664
maize,MX19,20110421,25.843
maize,MX20,20110421,32.009
maize,MX21,20110421,21.155
maize,MX22,20110421,25.751
maize,MX23,20110421,74.925
maize,MX24,20110421,25.767
maize,MX25,20110421,46.638
maize,MX26,20110421,35.764
maize,MX27,20110421,52.853
maize,MX28,20110421,37.201
maize,MX29,20110421,17.452
maize,MX30,20110421,30.311
maize,MX31,20110421,45.028
maize,MX32,20110421,19.15
maize,MX01,20110501,19.541
maize,MX02,20110501,41.112
maize,MX03,20110501,22.342
maize,MX04,20110501,45.132
maize,MX05,20110501,25.967
maize,MX06,20110501,29.883
maize,MX07,20110501,39.416
maize,MX08,20110501,18.549
maize,MX09,20110501,18.063
maize,MX10,20110501,22.004
maize,MX11,20110501,24.714
maize,MX12,20110501,29.249
maize,MX13,20110501,30.468
maize,MX14,20110501,22.482
maize,MX15,20110501,22.482
maize,MX16,20110501,26.186
maize,MX17,20110501,25.662
maize,MX18,20110501,26.862
maize,MX19,20110501,25.59
maize,MX20,20110501,32.686
maize,MX21,20110501,22.319
maize,MX22,20110501,24.994
maize,MX23,20110501,73.668
maize,MX24,20110501,25.51
maize,MX25,20110501,50.71
maize,MX26,20110501,30.208
maize,MX27,20110501,52.157
maize,MX28,20110501,36.966
maize,MX29,20110501,18.108
maize,MX30,20110501,30.2
maize,MX31,20110501,44.299
maize,MX32,20110501,19.13
maize,MX01,20110511,19.488
maize,MX02,20110511,36.012
maize,MX03,20110511,21.643
maize,MX04,20110511,45.379
maize,MX05,20110511,26.574
maize,MX06,20110511,29.721
maize,MX07,20110511,40.333
maize,MX08,20110511,19.152
maize,MX09,20110511,18.798
maize,MX10,20110511,21.791
maize,MX11,20110511,22.624
maize,MX12,20110511,29.861
maize,MX13,20110511,30.976
maize,MX14,20110511,21.889
maize,MX15,20110511,23.501
maize,MX16,20110511,25.032
maize,MX17,20110511,26.59
maize,MX18,20110511,26.31
maize,MX19,20110511,25.358
maize,MX20,20110511,33.815
maize,MX21,20110511,23.847
maize,MX22,20110511,24.959
maize,MX23,20110511,72.535
maize,MX24,20110511,25.32
maize,MX25,20110511,52.832
maize,MX26,20110511,26.157
maize,MX27,20110511,52.131
maize,MX28,20110511,35.866
maize,MX29,20110511,19.032
maize,MX30,20110511,30.401
maize,MX31,20110511,44.671
maize,MX32,20110511,19.146
maize,MX01,20110521,19.742
maize,MX02,20110521,32.562
maize,MX03,20110521,21.163
maize,MX04,20110521,46.428
maize,MX05,20110521,27.503
maize,MX06,20110521,30.046
maize,MX07,20110521,41.915
maize,MX08,20110521,20.255
maize,MX09,20110521,19.452
maize,MX10,20110521,21.427
maize,MX11,20110521,22.385
maize,MX12,20110521,31.021
maize,MX13,20110521,31.544
maize,MX14,20110521,21.978
maize,MX15,20110521,24.694
maize,MX16,20110521,25.326
maize,MX17,20110521,27.786
maize,MX18,20110521,26.421
maize,MX19,20110521,25.204
maize,MX20,20110521,35.569
maize,MX21,20110521,25.741
maize,MX22,20110521,25.74
maize,MX23,20110521,72.094
maize,MX24,20110521,25.428
maize,MX25,20110521,52.67
maize,MX26,20110521,23.731
maize,MX27,20110521,52.805
maize,MX28,20110521,34.379
maize,MX29,20110521,20.201
maize,MX30,20110521,31.294
maize,MX31,20110521,46.365
maize,MX32,20110521,19.322
maize,MX01,20110601,20.595
maize,MX02,20110601,30.955
maize,MX03,20110601,20.821
maize,MX04,20110601,48.776
maize,MX05,20110601,28.577
maize,MX06,20110601,31.893
maize,MX07,20110601,44.503
maize,MX08,20110601,22.384
maize,MX09,20110601,20.776
maize,MX10,20110601,21.183
maize,MX11,20110601,24.54
maize,MX12,20110601,33.864
maize,MX13,20110601,32.838
maize,MX14,20110601,23.605
maize,MX15,20110601,26.842
maize,MX16,20110601,27.955
maize,MX17,20110601,30.231
maize,MX18,20110601,27.897
maize,MX19,20110601,25.319
maize,MX20,20110601,38.396
maize,MX21,20110601,28.593
maize,MX22,20110601,27.727
maize,MX23,20110601,72.381
maize,MX24,20110601,26.066
maize,MX25,20110601,50.666
maize,MX26,20110601,22.64
maize,MX27,20110601,54.252
maize,MX28,20110601,32.991
maize,MX29,20110601,22.306
maize,MX30,20110601,33.253
maize,MX31,20110601,49.573
maize,MX32,20110601,20.124
maize,MX01,20110611,21.91
maize,MX02,20110611,31.15
maize,MX03,20110611,20.473
maize,MX04,20110611,52.191
maize,MX05,20110611,29.454
maize,MX06,20110611,35.591
maize,MX07,20110611,47.65
maize,MX08,20110611,25.363
maize,MX09,20110611,22.615
maize,MX10,20110611,21.383
maize,MX11,20110611,28.742
maize,MX12,20110611,38.2
maize,MX13,20110611,35.173
maize,MX14,20110611,27.095
maize,MX15,20110611,30.096
maize,MX16,20110611,32.747
maize,MX17,20110611,33.946
maize,MX18,20110611,31.015
maize,MX19,20110611,26.059
maize,MX20,20110611,42.067
maize,MX21,20110611,32.235
maize,MX22,20110611,30.713
maize,MX23,20110611,73.396
maize,MX24,20110611,27.406
maize,MX25,20110611,48.034
maize,MX26,20110611,22.874
maize,MX27,20110611,56.072
maize,MX28,20110611,32.79
maize,MX29,20110611,25.735
maize,MX30,20110611,36.366
maize,MX31,20110611,53.567
maize,MX32,20110611,21.713
maize,MX01,20110621,23.913
maize,MX02,20110621,32.371
maize,MX03,20110621,20.109
maize,MX04,20110621,56.408
maize,MX05,20110621,30.044
maize,MX06,20110621,41.576
maize,MX07,20110621,51.193
maize,MX08,20110621,29.359
maize,MX09,20110621,25.807
maize,MX10,20110621,22.281
maize,MX11,20110621,34.949
maize,MX12,20110621,44.193
maize,MX13,20110621,38.956
maize,MX14,20110621,32.843
maize,MX15,20110621,35.085
maize,MX16,20110621,39.874
maize,MX17,20110621,39.255
maize,MX18,20110621,36.114
maize,MX19,20110621,27.757
maize,MX20,20110621,46.404
maize,MX21,20110621,37.01
maize,MX22,20110621,35.066
maize,MX23,20110621,75.213
maize,MX24,20110621,29.734
maize,MX25,20110621,45.352
maize,MX26,20110621,24.225
maize,MX27,20110621,58.091
maize,MX28,20110621,34.055
maize,MX29,20110621,30.853
maize,MX30,20110621,40.592
maize,MX31,20110621,58.206
maize,MX32,20110621,24.387
maize,MX01,20110701,26.328
maize,MX02,20110701,33.591
maize,MX03,20110701,19.603
maize,MX04,20110701,61.12
maize,MX05,20110701,30.372
maize,MX06,20110701,48.8
maize,MX07,20110701,54.905
maize,MX08,20110701,34.33
maize,MX09,20110701,30.103
maize,MX10,20110701,24.101
maize,MX11,20110701,42.384
maize,MX12,20110701,51.16
maize,MX13,20110701,43.808
maize,MX14,20110701,40.393
maize,MX15,20110701,41.441
maize,MX16,20110701,48.484
maize,MX17,20110701,45.777
maize,MX18,20110701,42.885
maize,MX19,20110701,30.131
maize,MX20,20110701,51.025
maize,MX21,20110701,42.682
maize,MX22,20110701,40.196
maize,MX23,20110701,77.498
maize,MX24,20110701,32.994
maize,MX25,20110701,43.119
maize,MX26,20110701,26.712
maize,MX27,20110701,60.373
maize,MX28,20110701,36.516
maize,MX29,20110701,37.562
maize,MX30,20110701,45.781
maize,MX31,20110701,62.991
maize,MX32,20110701,28.009
maize,MX01,20110711,28.907
maize,MX02,20110711,34.68
maize,MX03,20110711,18.958
maize,MX04,20110711,65.846
maize,MX05,20110711,30.549
maize,MX06,20110711,56.236
maize,MX07,20110711,58.635
maize,MX08,20110711,40.086
maize,MX09,20110711,35.88
maize,MX10,20110711,26.885
maize,MX11,20110711,49.96
maize,MX12,20110711,58.233
maize,MX13,20110711,48.958
maize,MX14,20110711,48.89
maize,MX15,20110711,48.451
maize,MX16,20110711,57.408
maize,MX17,20110711,53.008
maize,MX18,20110711,50.358
maize,MX19,20110711,32.517
maize,MX20,20110711,55.337
maize,MX21,20110711,48.531
maize,MX22,20110711,45.324
maize,MX23,20110711,79.789
maize,MX24,20110711,36.912
maize,MX25,20110711,41.675
maize,MX26,20110711,30.034
maize,MX27,20110711,62.351
maize,MX28,20110711,39.395
maize,MX29,20110711,45.091
maize,MX30,20110711,51.125
maize,MX31,20110711,67.274
maize,MX32,20110711,32.105
maize,MX01,20110721,31.293
maize,MX02,20110721,35.128
maize,MX03,20110721,18.234
maize,MX04,20110721,70.073
maize,MX05,20110721,30.792
maize,MX06,20110721,62.621
maize,MX07,20110721,62.06
maize,MX08,20110721,46.214
maize,MX09,20110721,42.139
maize,MX10,20110721,30.343
maize,MX11,20110721,56.541
maize,MX12,20110721,64.788
maize,MX13,20110721,53.463
maize,MX14,20110721,57.087
maize,MX15,20110721,54.886
maize,MX16,20110721,65.207
maize,MX17,20110721,60.389
maize,MX18,20110721,57.271
maize,MX19,20110721,33.956
maize,MX20,20110721,58.843
maize,MX21,20110721,53.842
maize,MX22,20110721,49.712
maize,MX23,20110721,81.636
maize,MX24,20110721,40.723
maize,MX25,20110721,41.219
maize,MX26,20110721,33.828
maize,MX27,20110721,63.654
maize,MX28,20110721,41.717
maize,MX29,20110721,52.233
maize,MX30,20110721,55.813
maize,MX31,20110721,70.22
maize,MX32,20110721,36.023
maize,MX01,20110801,33.773
maize,MX02,20110801,35.055
maize,MX03,20110801,17.553
maize,MX04,20110801,73.906
maize,MX05,20110801,31.183
maize,MX06,20110801,67.641
maize,MX07,20110801,65.247
maize,MX08,20110801,52.589
maize,MX09,20110801,49.041
maize,MX10,20110801,34.371
maize,MX11,20110801,61.813
maize,MX12,20110801,70.991
maize,MX13,20110801,56.872
maize,MX14,20110801,64.654
maize,MX15,20110801,60.29
maize,MX16,20110801,71.523
maize,MX17,20110801,67.84
maize,MX18,20110801,63.338
maize,MX19,20110801,34.264
maize,MX20,20110801,61.502
maize,MX21,20110801,58.456
maize,MX22,20110801,53.305
maize,MX23,20110801,82.904
maize,MX24,20110801,44.101
maize,MX25,20110801,41.709
maize,MX26,20110801,37.667
maize,MX27,20110801,64.126
maize,MX28,20110801,43.251
maize,MX29,20110801,58.241
maize,MX30,20110801,59.501
maize,MX31,20110801,71.899
maize,MX32,20110801,39.845
maize,MX01,20110811,36.038
maize,MX02,20110811,34.463
maize,MX03,20110811,17.119
maize,MX04,20110811,76.637
maize,MX05,20110811,31.654
maize,MX06,20110811,70.602
maize,MX07,20110811,67.574
maize,MX08,20110811,56.98
maize,MX09,20110811,54.207
maize,MX10,20110811,37.852
maize,MX11,20110811,64.721
maize,MX12,20110811,75.32
maize,MX13,20110811,58.434
maize,MX14,20110811,69.598
maize,MX15,20110811,63.351
maize,MX16,20110811,75.051
maize,MX17,20110811,73.121
maize,MX18,20110811,67.246
maize,MX19,20110811,33.93
maize,MX20,20110811,62.912
maize,MX21,20110811,61.22
maize,MX22,20110811,55.534
maize,MX23,20110811,83.618
maize,MX24,20110811,46.34
maize,MX25,20110811,42.515
maize,MX26,20110811,40.232
maize,MX27,20110811,63.9
maize,MX28,20110811,44.03
maize,MX29,20110811,61.134
maize,MX30,20110811,61.621
maize,MX31,20110811,72.442
maize,MX32,20110811,42.814
maize,MX01,20110821,38.223
maize,MX02,20110821,33.511
maize,MX03,20110821,17.032
maize,MX04,20110821,78.71
maize,MX05,20110821,32.185
maize,MX06,20110821,72.271
maize,MX07,20110821,69.208
maize,MX08,20110821,58.918
maize,MX09,20110821,57.721
maize,MX10,20110821,40.723
maize,MX11,20110821,65.902
maize,MX12,20110821,78.178
maize,MX13,20110821,58.678
maize,MX14,20110821,72.328
maize,MX15,20110821,64.539
maize,MX16,20110821,76.583
maize,MX17,20110821,76.477
maize,MX18,20110821,69.696
maize,MX19,20110821,33.43
maize,MX20,20110821,63.71
maize,MX21,20110821,62.45
maize,MX22,20110821,56.733
maize,MX23,20110821,83.962
maize,MX24,20110821,47.98
maize,MX25,20110821,42.808
maize,MX26,20110821,41.585
maize,MX27,20110821,63.27
maize,MX28,20110821,44.577
maize,MX29,20110821,61.152
maize,MX30,20110821,63.055
maize,MX31,20110821,72.721
maize,MX32,20110821,45.196
maize,MX01,20110901,40.407
maize,MX02,20110901,32.537
maize,MX03,20110901,17.282
maize,MX04,20110901,80.276
maize,MX05,20110901,32.755
maize,MX06,20110901,73.183
maize,MX07,20110901,70.028
maize,MX08,20110901,57.521
maize,MX09,20110901,59.396
maize,MX10,20110901,42.981
maize,MX11,20110901,65.414
maize,MX12,20110901,79.292
maize,MX13,20110901,57.809
maize,MX14,20110901,72.781
maize,MX15,20110901,63.824
maize,MX16,20110901,76.086
maize,MX17,20110901,77.931
maize,MX18,20110901,71.053
maize,MX19,20110901,33.003
maize,MX20,20110901,64.093
maize,MX21,20110901,62.032
maize,MX22,20110901,56.832
maize,MX23,20110901,84.072
maize,MX24,20110901,49.392
maize,MX25,20110901,41.498
maize,MX26,20110901,41.355
maize,MX27,20110901,62.327
maize,MX28,20110901,45.033
maize,MX29,20110901,58.039
maize,MX30,20110901,64.199
maize,MX31,20110901,72.993
maize,MX32,20110901,47.13
maize,MX01,20110911,41.279
maize,MX02,20110911,31.922
maize,MX03,20110911,17.658
maize,MX04,20110911,81.125
maize,MX05,20110911,33.211
maize,MX06,20110911,73.371
maize,MX07,20110911,69.974
maize,MX08,20110911,53.562
maize,MX09,20110911,58.661
maize,MX10,20110911,43.8
maize,MX11,20110911,63.132
maize,MX12,20110911,78.318
maize,MX13,20110911,55.937
maize,MX14,20110911,70.654
maize,MX15,20110911,61.442
maize,MX16,20110911,73.48
maize,MX17,20110911,77.189
maize,MX18,20110911,71.058
maize,MX19,20110911,32.786
maize,MX20,20110911,64.108
maize,MX21,20110911,60.102
maize,MX22,20110911,55.432
maize,MX23,20110911,84.238
maize,MX24,20110911,50.133
maize,MX25,20110911,38.654
maize,MX26,20110911,39.406
maize,MX27,20110911,61.162
maize,MX28,20110911,45.011
maize,MX29,20110911,53.305
maize,MX30,20110911,64.9
maize,MX31,20110911,73.449
maize,MX32,20110911,47.733
maize,MX01,20110921,40.723
maize,MX02,20110921,31.212
maize,MX03,20110921,18.288
maize,MX04,20110921,81.428
maize,MX05,20110921,33.345
maize,MX06,20110921,73.118
maize,MX07,20110921,69.377
maize,MX08,20110921,48.066
maize,MX09,20110921,55.812
maize,MX10,20110921,43.074
maize,MX11,20110921,59.14
maize,MX12,20110921,75.582
maize,MX13,20110921,53.094
maize,MX14,20110921,66.556
maize,MX15,20110921,57.886
maize,MX16,20110921,69.027
maize,MX17,20110921,74.469
maize,MX18,20110921,70.054
maize,MX19,20110921,32.741
maize,MX20,20110921,63.792
maize,MX21,20110921,57.095
maize,MX22,20110921,52.435
maize,MX23,20110921,84.297
maize,MX24,20110921,50.206
maize,MX25,20110921,34.718
maize,MX26,20110921,36.091
maize,MX27,20110921,59.893
maize,MX28,20110921,44.485
maize,MX29,20110921,47.993
maize,MX30,20110921,65.231
maize,MX31,20110921,73.948
maize,MX32,20110921,47.036
maize,MX01,20111001,39.101
maize,MX02,20111001,30.358
maize,MX03,20111001,19.11
maize,MX04,20111001,81.113
maize,MX05,20111001,32.977
maize,MX06,20111001,72.635
maize,MX07,20111001,68.17
maize,MX08,20111001,41.945
maize,MX09,20111001,51.07
maize,MX10,20111001,40.817
maize,MX11,20111001,54.004
maize,MX12,20111001,71.443
maize,MX13,20111001,49.625
maize,MX14,20111001,61.392
maize,MX15,20111001,53.626
maize,MX16,20111001,63.383
maize,MX17,20111001,70.15
maize,MX18,20111001,68.288
maize,MX19,20111001,32.674
maize,MX20,20111001,62.97
maize,MX21,20111001,53.388
maize,MX22,20111001,48.469
maize,MX23,20111001,84.135
maize,MX24,20111001,49.67
maize,MX25,20111001,30.637
maize,MX26,20111001,32.332
maize,MX27,20111001,58.502
maize,MX28,20111001,43.587
maize,MX29,20111001,42.951
maize,MX30,20111001,65.103
maize,MX31,20111001,74.229
maize,MX32,20111001,45.089
maize,MX01,20111011,37.034
maize,MX02,20111011,29.796
maize,MX03,20111011,20.057
maize,MX04,20111011,80.642
maize,MX05,20111011,32.193
maize,MX06,20111011,71.813
maize,MX07,20111011,66.702
maize,MX08,20111011,35.951
maize,MX09,20111011,45.106
maize,MX10,20111011,37.41
maize,MX11,20111011,48.269
maize,MX12,20111011,66.384
maize,MX13,20111011,45.902
maize,MX14,20111011,55.943
maize,MX15,20111011,48.964
maize,MX16,20111011,57.186
maize,MX17,20111011,64.848
maize,MX18,20111011,65.816
maize,MX19,20111011,32.414
maize,MX20,20111011,61.685
maize,MX21,20111011,49.204
maize,MX22,20111011,44.016
maize,MX23,20111011,84.02
maize,MX24,20111011,48.481
maize,MX25,20111011,27.37
maize,MX26,20111011,28.946
maize,MX27,20111011,57.589
maize,MX28,20111011,42.232
maize,MX29,20111011,38.283
maize,MX30,20111011,64.692
maize,MX31,20111011,74.726
maize,MX32,20111011,42.25
maize,MX01,20111021,34.604
maize,MX02,20111021,29.68
maize,MX03,20111021,21.032
maize,MX04,20111021,80.063
maize,MX05,20111021,31.013
maize,MX06,20111021,70.363
maize,MX07,20111021,64.98
maize,MX08,20111021,30.634
maize,MX09,20111021,38.485
maize,MX10,20111021,33.515
maize,MX11,20111021,42.256
maize,MX12,20111021,60.747
maize,MX13,20111021,42.033
maize,MX14,20111021,50.565
maize,MX15,20111021,43.949
maize,MX16,20111021,50.869
maize,MX17,20111021,59.118
maize,MX18,20111021,62.724
maize,MX19,20111021,31.77
maize,MX20,20111021,59.879
maize,MX21,20111021,44.644
maize,MX22,20111021,39.201
maize,MX23,20111021,83.972
maize,MX24,20111021,46.61
maize,MX25,20111021,25.41
maize,MX26,20111021,26.521
maize,MX27,20111021,57.389
maize,MX28,20111021,40.313
maize,MX29,20111021,33.837
maize,MX30,20111021,63.945
maize,MX31,20111021,75.106
maize,MX32,20111021,38.677
maize,MX01,20111101,31.785
maize,MX02,20111101,30.141
maize,MX03,20111101,22.071
maize,MX04,20111101,79.398
maize,MX05,20111101,29.446
maize,MX06,20111101,67.569
maize,MX07,20111101,62.536
maize,MX08,20111101,26.004
maize,MX09,20111101,31.36
maize,MX10,20111101,29.448
maize,MX11,20111101,35.871
maize,MX12,20111101,54.486
maize,MX13,20111101,38.054
maize,MX14,20111101,45.008
maize,MX15,20111101,38.513
maize,MX16,20111101,44.349
maize,MX17,20111101,52.864
maize,MX18,20111101,58.854
maize,MX19,20111101,30.503
maize,MX20,20111101,57.455
maize,MX21,20111101,39.672
maize,MX22,20111101,34.194
maize,MX23,20111101,83.825
maize,MX24,20111101,43.922
maize,MX25,20111101,24.903
maize,MX26,20111101,25.047
maize,MX27,20111101,57.796
maize,MX28,20111101,37.665
maize,MX29,20111101,29.315
maize,MX30,20111101,62.889
maize,MX31,20111101,75.246
maize,MX32,20111101,34.413
maize,MX01,20111111,29.42
maize,MX02,20111111,30.901
maize,MX03,20111111,22.937
maize,MX04,20111111,78.628
maize,MX05,20111111,28.117
maize,MX06,20111111,64.078
maize,MX07,20111111,59.705
maize,MX08,20111111,22.906
maize,MX09,20111111,26.237
maize,MX10,20111111,26.333
maize,MX11,20111111,30.948
maize,MX12,20111111,49.297
maize,MX13,20111111,35.241
maize,MX14,20111111,40.535
maize,MX15,20111111,34.311
maize,MX16,20111111,39.282
maize,MX17,20111111,47.639
maize,MX18,20111111,55.473
maize,MX19,20111111,29.134
maize,MX20,20111111,55.126
maize,MX21,20111111,35.708
maize,MX22,20111111,30.617
maize,MX23,20111111,83.552
maize,MX24,20111111,41.318
maize,MX25,20111111,25.851
maize,MX26,20111111,24.761
maize,MX27,20111111,58.528
maize,MX28,20111111,35.186
maize,MX29,20111111,25.958
maize,MX30,20111111,61.826
maize,MX31,20111111,74.881
maize,MX32,20111111,30.787
maize,MX01,20111121,27.229
maize,MX02,20111121,31.498
maize,MX03,20111121,23.735
maize,MX04,20111121,77.631
maize,MX05,20111121,26.852
maize,MX06,20111121,59.997
maize,MX07,20111121,56.34
maize,MX08,20111121,20.732
maize,MX09,20111121,22.668
maize,MX10,20111121,23.814
maize,MX11,20111121,27.005
maize,MX12,20111121,44.94
maize,MX13,20111121,32.924
maize,MX14,20111121,36.641
maize,MX15,20111121,30.893
maize,MX16,20111121,35.093
maize,MX17,20111121,42.995
maize,MX18,20111121,52.656
maize,MX19,20111121,27.549
maize,MX20,20111121,52.843
maize,MX21,20111121,32.342
maize,MX22,20111121,27.859
maize,MX23,20111121,83.151
maize,MX24,20111121,38.651
maize,MX25,20111121,27.624
maize,MX26,20111121,25.256
maize,MX27,20111121,59.184
maize,MX28,20111121,32.733
maize,MX29,20111121,23.327
maize,MX30,20111121,60.534
maize,MX31,20111121,73.663
maize,MX32,20111121,27.592
maize,MX01,20111201,25.29
maize,MX02,20111201,31.871
maize,MX03,20111201,24.2
maize,MX04,20111201,76.424
maize,MX05,20111201,25.811
maize,MX06,20111201,55.859
maize,MX07,20111201,52.826
maize,MX08,20111201,19.218
maize,MX09,20111201,20.568
maize,MX10,20111201,21.876
maize,MX11,20111201,24.193
maize,MX12,20111201,41.484
maize,MX13,20111201,30.919
maize,MX14,20111201,33.367
maize,MX15,20111201,28.224
maize,MX16,20111201,31.814
maize,MX17,20111201,39.064
maize,MX18,20111201,50.57
maize,MX19,20111201,26.026
maize,MX20,20111201,50.722
maize,MX21,20111201,29.468
maize,MX22,20111201,25.824
maize,MX23,20111201,82.814
maize,MX24,20111201,36.102
maize,MX25,20111201,29.724
maize,MX26,20111201,26.348
maize,MX27,20111201,59.353
maize,MX28,20111201,30.487
maize,MX29,20111201,21.142
maize,MX30,20111201,58.921
maize,MX31,20111201,71.882
maize,MX32,20111201,24.897
maize,MX01,20111211,23.898
maize,MX02,20111211,32.274
maize,MX03,20111211,24.399
maize,MX04,20111211,75.242
maize,MX05,20111211,25.06
maize,MX06,20111211,52.009
maize,MX07,20111211,49.601
maize,MX08,20111211,18.18
maize,MX09,20111211,19.634
maize,MX10,20111211,20.516
maize,MX11,20111211,22.851
maize,MX12,20111211,38.914
maize,MX13,20111211,29.662
maize,MX14,20111211,30.766
maize,MX15,20111211,26.281
maize,MX16,20111211,29.575
maize,MX17,20111211,35.926
maize,MX18,20111211,49.24
maize,MX19,20111211,24.734
maize,MX20,20111211,49.01
maize,MX21,20111211,27.257
maize,MX22,20111211,24.874
maize,MX23,20111211,82.623
maize,MX24,20111211,33.891
maize,MX25,20111211,31.912
maize,MX26,20111211,28.083
maize,MX27,20111211,59.356
maize,MX28,20111211,28.698
maize,MX29,20111211,19.571
maize,MX30,20111211,57.118
maize,MX31,20111211,70.018
maize,MX32,20111211,22.844
maize,MX01,20111221,23.046
maize,MX02,20111221,33.248
maize,MX03,20111221,24.346
maize,MX04,20111221,74.197
maize,MX05,20111221,24.778
maize,MX06,20111221,48.629
maize,MX07,20111221,46.973
maize,MX08,20111221,17.449
maize,MX09,20111221,19.254
maize,MX10,20111221,19.616
maize,MX11,20111221,23.128
maize,MX12,20111221,37.031
maize,MX13,20111221,29.303
maize,MX14,20111221,28.83
maize,MX15,20111221,24.892
maize,MX16,20111221,28.425
maize,MX17,20111221,33.437
maize,MX18,20111221,48.405
maize,MX19,20111221,23.744
maize,MX20,20111221,47.73
maize,MX21,20111221,25.622
maize,MX22,20111221,25.004
maize,MX23,20111221,82.676
maize,MX24,20111221,32.078
maize,MX25,20111221,34.062
maize,MX26,20111221,30.846
maize,MX27,20111221,59.302
maize,MX28,20111221,27.408
maize,MX29,20111221,18.577
maize,MX30,20111221,55.217
maize,MX31,20111221,68.262
maize,MX32,20111221,21.368
maize,MX01,20120101,22.569
maize,MX02,20120101,35.093
maize,MX03,20120101,24.108
maize,MX04,20120101,73.158
maize,MX05,20120101,24.866
maize,MX06,20120101,45.579
maize,MX07,20120101,44.754
maize,MX08,20120101,16.901
maize,MX09,20120101,19.159
maize,MX10,20120101,18.981
maize,MX11,20120101,25.225
maize,MX12,20120101,35.506
maize,MX13,20120101,29.603
maize,MX14,20120101,27.39
maize,MX15,20120101,23.8
maize,MX16,20120101,28.376
maize,MX17,20120101,31.286
maize,MX18,20120101,47.567
maize,MX19,20120101,22.894
maize,MX20,20120101,46.7
maize,MX21,20120101,24.327
maize,MX22,20120101,26.123
maize,MX23,20120101,82.744
maize,MX24,20120101,30.56
maize,MX25,20120101,36.563
maize,MX26,20120101,35.366
maize,MX27,20120101,59.213
maize,MX28,20120101,26.649
maize,MX29,20120101,17.912
maize,MX30,20120101,53.083
maize,MX31,20120101,66.432
maize,MX32,20120101,20.248
maize,MX01,20120111,22.46
maize,MX02,20120111,37.765
maize,MX03,20120111,24.047
maize,MX04,20120111,72.124
maize,MX05,20120111,25.343
maize,MX06,20120111,43.332
maize,MX07,20120111,43.243
maize,MX08,20120111,16.538
maize,MX09,20120111,18.904
maize,MX10,20120111,18.657
maize,MX11,20120111,28.409
maize,MX12,20120111,34.389
maize,MX13,20120111,30.281
maize,MX14,20120111,26.538
maize,MX15,20120111,23.064
maize,MX16,20120111,29.197
maize,MX17,20120111,29.687
maize,MX18,20120111,46.489
maize,MX19,20120111,22.411
maize,MX20,20120111,45.9
maize,MX21,20120111,23.525
maize,MX22,20120111,27.784
maize,MX23,20120111,82.754
maize,MX24,20120111,29.598
maize,MX25,20120111,39.298
maize,MX26,20120111,40.803
maize,MX27,20120111,59.235
maize,MX28,20120111,26.589
maize,MX29,20120111,17.59
maize,MX30,20120111,51.187
maize,MX31,20120111,64.735
maize,MX32,20120111,19.51
maize,MX01,20120121,22.607
maize,MX02,20120121,41.24
maize,MX03,20120121,24.384
maize,MX04,20120121,70.888
maize,MX05,20120121,26.096
maize,MX06,20120121,41.765
maize,MX07,20120121,42.356
maize,MX08,20120121,16.298
maize,MX09,20120121,18.906
maize,MX10,20120121,18.569
maize,MX11,20120121,32.313
maize,MX12,20120121,33.398
maize,MX13,20120121,31.325
maize,MX14,20120121,26.249
maize,MX15,20120121,22.606
maize,MX16,20120121,30.749
maize,MX17,20120121,28.306
maize,MX18,20120121,45.07
maize,MX19,20120121,22.384
maize,MX20,20120121,45.196
maize,MX21,20120121,22.921
maize,MX22,20120121,30.037
maize,MX23,20120121,82.572
maize,MX24,20120121,29.211
maize,MX25,20120121,42.524
maize,MX26,20120121,46.741
maize,MX27,20120121,59.419
maize,MX28,20120121,27.232
maize,MX29,20120121,17.443
maize,MX30,20120121,49.422
maize,MX31,20120121,63.15
maize,MX32,20120121,18.962
maize,MX01,20120201,23.054
maize,MX02,20120201,45.561
maize,MX03,20120201,24.883
maize,MX04,20120201,69.133
maize,MX05,20120201,26.972
maize,MX06,20120201,40.884
maize,MX07,20120201,41.716
maize,MX08,20120201,16.125
maize,MX09,20120201,18.718
maize,MX10,20120201,18.704
maize,MX11,20120201,36.724
maize,MX12,20120201,32.259
maize,MX13,20120201,32.663
maize,MX14,20120201,26.602
maize,MX15,20120201,22.476
maize,MX16,20120201,32.985
maize,MX17,20120201,26.89
maize,MX18,20120201,43.063
maize,MX19,20120201,23.182
maize,MX20,20120201,44.321
maize,MX21,20120201,22.334
maize,MX22,20120201,32.991
maize,MX23,20120201,82.136
maize,MX24,20120201,29.597
maize,MX25,20120201,46.311
maize,MX26,20120201,52.697
maize,MX27,20120201,59.513
maize,MX28,20120201,29.007
maize,MX29,20120201,17.3
maize,MX30,20120201,47.561
maize,MX31,20120201,61.209
maize,MX32,20120201,18.565
maize,MX01,20120211,23.611
maize,MX02,20120211,49.517
maize,MX03,20120211,25.252
maize,MX04,20120211,67.018
maize,MX05,20120211,27.482
maize,MX06,20120211,40.708
maize,MX07,20120211,41.352
maize,MX08,20120211,16.099
maize,MX09,20120211,18.899
maize,MX10,20120211,18.961
maize,MX11,20120211,40.276
maize,MX12,20120211,31.147
maize,MX13,20120211,33.836
maize,MX14,20120211,27.516
maize,MX15,20120211,22.71
maize,MX16,20120211,35.261
maize,MX17,20120211,25.797
maize,MX18,20120211,41.005
maize,MX19,20120211,24.683
maize,MX20,20120211,43.455
maize,MX21,20120211,21.909
maize,MX22,20120211,35.692
maize,MX23,20120211,81.445
maize,MX24,20120211,30.642
maize,MX25,20120211,49.531
maize,MX26,20120211,56.779
maize,MX27,20120211,59.473
maize,MX28,20120211,31.612
maize,MX29,20120211,17.302
maize,MX30,20120211,46.136
maize,MX31,20120211,59.248
maize,MX32,20120211,18.36
maize,MX01,20120221,24.167
maize,MX02,20120221,52.854
maize,MX03,20120221,25.419
maize,MX04,20120221,64.16
maize,MX05,20120221,27.756
maize,MX06,20120221,40.913
maize,MX07,20120221,40.984
maize,MX08,20120221,16.163
maize,MX09,20120221,19.355
maize,MX10,20120221,19.272
maize,MX11,20120221,42.96
maize,MX12,20120221,30.067
maize,MX13,20120221,34.688
maize,MX14,20120221,28.852
maize,MX15,20120221,23.225
maize,MX16,20120221,37.454
maize,MX17,20120221,24.876
maize,MX18,20120221,38.978
maize,MX19,20120221,26.713
maize,MX20,20120221,42.347
maize,MX21,20120221,21.546
maize,MX22,20120221,37.873
maize,MX23,20120221,80.472
maize,MX24,20120221,32.178
maize,MX25,20120221,52.009
maize,MX26,20120221,59.176
maize,MX27,20120221,59.094
maize,MX28,20120221,35.074
maize,MX29,20120221,17.458
maize,MX30,20120221,44.838
maize,MX31,20120221,56.813
maize,MX32,20120221,18.337
maize,MX01,20120301,24.516
maize,MX02,20120301,54.923
maize,MX03,20120301,25.297
maize,MX04,20120301,61.034
maize,MX05,20120301,27.714
maize,MX06,20120301,41.006
maize,MX07,20120301,40.525
maize,MX08,20120301,16.295
maize,MX09,20120301,19.708
maize,MX10,20120301,19.606
maize,MX11,20120301,44.161
maize,MX12,20120301,29.139
maize,MX13,20120301,34.891
maize,MX14,20120301,30.101
maize,MX15,20120301,23.644
maize,MX16,20120301,38.841
maize,MX17,20120301,24.234
maize,MX18,20120301,37.187
maize,MX19,20120301,28.619
maize,MX20,20120301,41.228
maize,MX21,20120301,21.247
maize,MX22,20120301,38.876
maize,MX23,20120301,79.491
maize,MX24,20120301,33.609
maize,MX25,20120301,53.386
maize,MX26,20120301,59.837
maize,MX27,20120301,58.053
maize,MX28,20120301,38.492
maize,MX29,20120301,17.641
maize,MX30,20120301,43.84
maize,MX31,20120301,54.178
maize,MX32,20120301,18.483
maize,MX01,20120311,24.481
maize,MX02,20120311,56.006
maize,MX03,20120311,25.066
maize,MX04,20120311,57.472
maize,MX05,20120311,27.421
maize,MX06,20120311,40.292
maize,MX07,20120311,40.127
maize,MX08,20120311,16.536
maize,MX09,20120311,20.19
maize,MX10,20120311,20.068
maize,MX11,20120311,43.668
maize,MX12,20120311,28.282
maize,MX13,20120311,34.604
maize,MX14,20120311,30.904
maize,MX15,20120311,23.901
maize,MX16,20120311,39.175
maize,MX17,20120311,23.701
maize,MX18,20120311,35.239
maize,MX19,20120311,30.294
maize,MX20,20120311,40.158
maize,MX21,20120311,20.952
maize,MX22,20120311,38.576
maize,MX23,20120311,78.244
maize,MX24,20120311,34.846
maize,MX25,20120311,54.078
maize,MX26,20120311,59.088
maize,MX27,20120311,56.443
maize,MX28,20120311,42.077
maize,MX29,20120311,17.864
maize,MX30,20120311,42.935
maize,MX31,20120311,51.28
maize,MX32,20120311,18.697
maize,MX01,20120321,23.936
maize,MX02,20120321,55.855
maize,MX03,20120321,24.73
maize,MX04,20120321,54.629
maize,MX05,20120321,27.1
maize,MX06,20120321,38.814
maize,MX07,20120321,40.031
maize,MX08,20120321,16.917
maize,MX09,20120321,20.626
maize,MX10,20120321,20.64
maize,MX11,20120321,41.203
maize,MX12,20120321,27.625
maize,MX13,20120321,33.989
maize,MX14,20120321,30.699
maize,MX15,20120321,23.951
maize,MX16,20120321,38.103
maize,MX17,20120321,23.448
maize,MX18,20120321,33.37
maize,MX19,20120321,31.481
maize,MX20,20120321,39.563
maize,MX21,20120321,20.819
maize,MX22,20120321,36.925
maize,MX23,20120321,77.08
maize,MX24,20120321,35.756
maize,MX25,20120321,53.952
maize,MX26,20120321,56.895
maize,MX27,20120321,54.647
maize,MX28,20120321,45.333
maize,MX29,20120321,18.167
maize,MX30,20120321,42.381
maize,MX31,20120321,49.224
maize,MX32,20120321,18.874
maize,MX01,20120401,22.927
maize,MX02,20120401,54.127
maize,MX03,20120401,24.123
maize,MX04,20120401,52.836
maize,MX05,20120401,26.749
maize,MX06,20120401,36.765
maize,MX07,20120401,40.329
maize,MX08,20120401,17.443
maize,MX09,20120401,21.016
maize,MX10,20120401,21.301
maize,MX11,20120401,36.685
maize,MX12,20120401,27.103
maize,MX13,20120401,33.178
maize,MX14,20120401,29.424
maize,MX15,20120401,23.749
maize,MX16,20120401,35.534
maize,MX17,20120401,23.32
maize,MX18,20120401,31.461
maize,MX19,20120401,32.438
maize,MX20,20120401,39.426
maize,MX21,20120401,20.732
maize,MX22,20120401,33.894
maize,MX23,20120401,75.922
maize,MX24,20120401,36.461
maize,MX25,20120401,52.836
maize,MX26,20120401,52.457
maize,MX27,20120401,52.747
maize,MX28,20120401,48.448
maize,MX29,20120401,18.391
maize,MX30,20120401,42.086
maize,MX31,20120401,48.663
maize,MX32,20120401,18.943
maize,MX01,20120411,21.909
maize,MX02,20120411,51.01
maize,MX03,20120411,23.382
maize,MX04,20120411,52.73
maize,MX05,20120411,26.653
maize,MX06,20120411,35.015
maize,MX07,20120411,40.956
maize,MX08,20120411,17.959
maize,MX09,20120411,21.141
maize,MX10,20120411,21.671
maize,MX11,20120411,31.96
maize,MX12,20120411,26.646
maize,MX13,20120411,32.634
maize,MX14,20120411,27.729
maize,MX15,20120411,23.537
maize,MX16,20120411,32.555
maize,MX17,20120411,23.188
maize,MX18,20120411,29.909
maize,MX19,20120411,32.874
maize,MX20,20120411,39.907
maize,MX21,20120411,20.686
maize,MX22,20120411,30.943
maize,MX23,20120411,74.983
maize,MX24,20120411,36.929
maize,MX25,20120411,50.75
maize,MX26,20120411,46.516
maize,MX27,20120411,51.556
maize,MX28,20120411,50.484
maize,MX29,20120411,18.405
maize,MX30,20120411,42.357
maize,MX31,20120411,50.141
maize,MX32,20120411,18.904
maize,MX01,20120421,21.087
maize,MX02,20120421,46.682
maize,MX03,20120421,22.649
maize,MX04,20120421,53.652
maize,MX05,20120421,27.011
maize,MX06,20120421,33.525
maize,MX07,20120421,41.862
maize,MX08,20120421,18.436
maize,MX09,20120421,20.883
maize,MX10,20120421,21.691
maize,MX11,20120421,27.649
maize,MX12,20120421,26.504
maize,MX13,20120421,32.452
maize,MX14,20120421,25.939
maize,MX15,20120421,23.28
maize,MX16,20120421,29.598
maize,MX17,20120421,23.093
maize,MX18,20120421,28.513
maize,MX19,20120421,32.714
maize,MX20,20120421,40.74
maize,MX21,20120421,20.72
maize,MX22,20120421,28.463
maize,MX23,20120421,74.312
maize,MX24,20120421,37.14
maize,MX25,20120421,47.684
maize,MX26,20120421,39.639
maize,MX27,20120421,51.007
maize,MX28,20120421,51.17
maize,MX29,20120421,18.106
maize,MX30,20120421,42.987
maize,MX31,20120421,52.916
maize,MX32,20120421,18.787
maize,MX01,20120501,20.547
maize,MX02,20120501,41.736
maize,MX03,20120501,22.085
maize,MX04,20120501,55.231
maize,MX05,20120501,27.888
maize,MX06,20120501,32.489
maize,MX07,20120501,43.262
maize,MX08,20120501,18.991
maize,MX09,20120501,20.496
maize,MX10,20120501,21.387
maize,MX11,20120501,24.573
maize,MX12,20120501,26.894
maize,MX13,20120501,32.781
maize,MX14,20120501,24.431
maize,MX15,20120501,23.272
maize,MX16,20120501,27.298
maize,MX17,20120501,23.328
maize,MX18,20120501,27.457
maize,MX19,20120501,32.105
maize,MX20,20120501,42.064
maize,MX21,20120501,21.103
maize,MX22,20120501,26.973
maize,MX23,20120501,73.588
maize,MX24,20120501,36.962
maize,MX25,20120501,43.773
maize,MX26,20120501,33.2
maize,MX27,20120501,51.409
maize,MX28,20120501,50.26
maize,MX29,20120501,17.84
maize,MX30,20120501,44.069
maize,MX31,20120501,55.999
maize,MX32,20120501,18.629
maize,MX01,20120511,20.444
maize,MX02,20120511,37.276
maize,MX03,20120511,21.658
maize,MX04,20120511,57.381
maize,MX05,20120511,29.197
maize,MX06,20120511,32.27
maize,MX07,20120511,45.57
maize,MX08,20120511,19.815
maize,MX09,20120511,20.946
maize,MX10,20120511,20.865
maize,MX11,20120511,23.245
maize,MX12,20120511,28.047
maize,MX13,20120511,33.779
maize,MX14,20120511,23.606
maize,MX15,20120511,23.837
maize,MX16,20120511,26.178
maize,MX17,20120511,24.014
maize,MX18,20120511,26.925
maize,MX19,20120511,31.286
maize,MX20,20120511,44.029
maize,MX21,20120511,22.064
maize,MX22,20120511,26.734
maize,MX23,20120511,73.549
maize,MX24,20120511,36.485
maize,MX25,20120511,39.287
maize,MX26,20120511,28.084
maize,MX27,20120511,52.923
maize,MX28,20120511,48.151
maize,MX29,20120511,18.075
maize,MX30,20120511,45.818
maize,MX31,20120511,59.004
maize,MX32,20120511,18.578
maize,MX01,20120521,20.864
maize,MX02,20120521,34.165
maize,MX03,20120521,21.252
maize,MX04,20120521,60.027
maize,MX05,20120521,30.554
maize,MX06,20120521,33.392
maize,MX07,20120521,48.564
maize,MX08,20120521,21.303
maize,MX09,20120521,22.528
maize,MX10,20120521,20.317
maize,MX11,20120521,23.932
maize,MX12,20120521,30.323
maize,MX13,20120521,35.388
maize,MX14,20120521,23.975
maize,MX15,20120521,25.327
maize,MX16,20120521,26.717
maize,MX17,20120521,25.527
maize,MX18,20120521,27.356
maize,MX19,20120521,30.327
maize,MX20,20120521,46.757
maize,MX21,20120521,24.019
maize,MX22,20120521,27.672
maize,MX23,20120521,73.805
maize,MX24,20120521,36.001
maize,MX25,20120521,34.697
maize,MX26,20120521,24.663
maize,MX27,20120521,55.428
maize,MX28,20120521,45.301
maize,MX29,20120521,19.469
maize,MX30,20120521,48.325
maize,MX31,20120521,61.579
maize,MX32,20120521,18.822
maize,MX01,20120601,22.163
maize,MX02,20120601,32.677
maize,MX03,20120601,20.692
maize,MX04,20120601,63.113
maize,MX05,20120601,31.691
maize,MX06,20120601,36.795
maize,MX07,20120601,52.104
maize,MX08,20120601,24.037
maize,MX09,20120601,25.712
maize,MX10,20120601,20.09
maize,MX11,20120601,27.13
maize,MX12,20120601,34.416
maize,MX13,20120601,37.731
maize,MX14,20120601,26.449
maize,MX15,20120601,28.369
maize,MX16,20120601,29.825
maize,MX17,20120601,28.308
maize,MX18,20120601,29.628
maize,MX19,20120601,29.489
maize,MX20,20120601,49.924
maize,MX21,20120601,27.264
maize,MX22,20120601,30.062
maize,MX23,20120601,74.8
maize,MX24,20120601,35.824
maize,MX25,20120601,30.198
maize,MX26,20120601,22.832
maize,MX27,20120601,58.325
maize,MX28,20120601,42.111
maize,MX29,20120601,22.507
maize,MX30,20120601,51.351
maize,MX31,20120601,64.291
maize,MX32,20120601,19.877
maize,MX01,20120611,24.503
maize,MX02,20120611,32.672
maize,MX03,20120611,19.924
maize,MX04,20120611,65.645
maize,MX05,20120611,32.161
maize,MX06,20120611,41.869
maize,MX07,20120611,55.021
maize,MX08,20120611,27.794
maize,MX09,20120611,30.411
maize,MX10,20120611,20.823
maize,MX11,20120611,32.334
maize,MX12,20120611,39.819
maize,MX13,20120611,40.686
maize,MX14,20120611,31.05
maize,MX15,20120611,32.94
maize,MX16,20120611,35.237
maize,MX17,20120611,32.242
maize,MX18,20120611,33.809
maize,MX19,20120611,29.068
maize,MX20,20120611,52.764
maize,MX21,20120611,31.516
maize,MX22,20120611,33.711
maize,MX23,20120611,76.103
maize,MX24,20120611,36.256
maize,MX25,20120611,27.082
maize,MX26,20120611,22.65
maize,MX27,20120611,60.446
maize,MX28,20120611,39.878
maize,MX29,20120611,27.187
maize,MX30,20120611,54.134
maize,MX31,20120611,66.487
maize,MX32,20120611,21.975
maize,MX01,20120621,28.172
maize,MX02,20120621,33.271
maize,MX03,20120621,18.787
maize,MX04,20120621,67.808
maize,MX05,20120621,32.165
maize,MX06,20120621,48.389
maize,MX07,20120621,57.476
maize,MX08,20120621,32.623
maize,MX09,20120621,36.328
maize,MX10,20120621,23.081
maize,MX11,20120621,39.398
maize,MX12,20120621,46.614
maize,MX13,20120621,44.31
maize,MX14,20120621,37.852
maize,MX15,20120621,39.147
maize,MX16,20120621,42.832
maize,MX17,20120621,37.802
maize,MX18,20120621,39.982
maize,MX19,20120621,28.985
maize,MX20,20120621,55.517
maize,MX21,20120621,36.928
maize,MX22,20120621,38.665
maize,MX23,20120621,77.721
maize,MX24,20120621,37.269
maize,MX25,20120621,25.257
maize,MX26,20120621,23.745
maize,MX27,20120621,61.902
maize,MX28,20120621,38.629
maize,MX29,20120621,33.599
maize,MX30,20120621,56.869
maize,MX31,20120621,68.469
maize,MX32,20120621,25.458
maize,MX01,20120701,32.867
maize,MX02,20120701,34.049
maize,MX03,20120701,17.739
maize,MX04,20120701,69.442
maize,MX05,20120701,31.816
maize,MX06,20120701,55.198
maize,MX07,20120701,59.504
maize,MX08,20120701,38.136
maize,MX09,20120701,42.46
maize,MX10,20120701,27.126
maize,MX11,20120701,47.48
maize,MX12,20120701,53.85
maize,MX13,20120701,48.299
maize,MX14,20120701,46.06
maize,MX15,20120701,46.247
maize,MX16,20120701,51.579
maize,MX17,20120701,44.661
maize,MX18,20120701,47.294
maize,MX19,20120701,29.155
maize,MX20,20120701,57.855
maize,MX21,20120701,43.001
maize,MX22,20120701,44.407
maize,MX23,20120701,79.35
maize,MX24,20120701,38.671
maize,MX25,20120701,24.74
maize,MX26,20120701,25.844
maize,MX27,20120701,62.711
maize,MX28,20120701,38.142
maize,MX29,20120701,41.152
maize,MX30,20120701,59.349
maize,MX31,20120701,70.075
maize,MX32,20120701,30.146
maize,MX01,20120711,38.056
maize,MX02,20120711,34.808
maize,MX03,20120711,17.017
maize,MX04,20120711,70.74
maize,MX05,20120711,31.389
maize,MX06,20120711,61.128
maize,MX07,20120711,61.261
maize,MX08,20120711,43.914
maize,MX09,20120711,48.08
maize,MX10,20120711,32.853
maize,MX11,20120711,55.388
maize,MX12,20120711,60.574
maize,MX13,20120711,52.145
maize,MX14,20120711,54.628
maize,MX15,20120711,53.244
maize,MX16,20120711,60.044
maize,MX17,20120711,52.148
maize,MX18,20120711,54.458
maize,MX19,20120711,29.381
maize,MX20,20120711,59.782
maize,MX21,20120711,49.079
maize,MX22,20120711,50.036
maize,MX23,20120711,80.81
maize,MX24,20120711,40.305
maize,MX25,20120711,25.488
maize,MX26,20120711,28.624
maize,MX27,20120711,62.883
maize,MX28,20120711,38.142
maize,MX29,20120711,48.88
maize,MX30,20120711,61.372
maize,MX31,20120711,71.238
maize,MX32,20120711,35.684
maize,MX01,20120721,43.014
maize,MX02,20120721,35.4
maize,MX03,20120721,17.168
maize,MX04,20120721,72.032
maize,MX05,20120721,30.998
maize,MX06,20120721,65.524
maize,MX07,20120721,62.949
maize,MX08,20120721,49.432
maize,MX09,20120721,52.615
maize,MX10,20120721,39.509
maize,MX11,20120721,62.2
maize,MX12,20120721,66.533
maize,MX13,20120721,55.265
maize,MX14,20120721,62.454
maize,MX15,20120721,59.266
maize,MX16,20120721,67.151
maize,MX17,20120721,59.693
maize,MX18,20120721,60.457
maize,MX19,20120721,29.732
maize,MX20,20120721,61.24
maize,MX21,20120721,54.6
maize,MX22,20120721,54.66
maize,MX23,20120721,81.986
maize,MX24,20120721,42.137
maize,MX25,20120721,27.291
maize,MX26,20120721,31.675
maize,MX27,20120721,62.554
maize,MX28,20120721,38.539
maize,MX29,20120721,55.676
maize,MX30,20120721,62.846
maize,MX31,20120721,72.185
maize,MX32,20120721,41.415
maize,MX01,20120801,47.535
maize,MX02,20120801,35.589
maize,MX03,20120801,19.419
maize,MX04,20120801,73.618
maize,MX05,20120801,30.805
maize,MX06,20120801,68.733
maize,MX07,20120801,64.877
maize,MX08,20120801,54.615
maize,MX09,20120801,55.557
maize,MX10,20120801,46.733
maize,MX11,20120801,67.685
maize,MX12,20120801,71.96
maize,MX13,20120801,57.42
maize,MX14,20120801,69.225
maize,MX15,20120801,64.038
maize,MX16,20120801,72.754
maize,MX17,20120801,66.989
maize,MX18,20120801,65.206
maize,MX19,20120801,30.261
maize,MX20,20120801,62.57
maize,MX21,20120801,59.488
maize,MX22,20120801,57.875
maize,MX23,20120801,82.73
maize,MX24,20120801,44.241
maize,MX25,20120801,30.161
maize,MX26,20120801,35.056
maize,MX27,20120801,62.081
maize,MX28,20120801,39.452
maize,MX29,20120801,61.058
maize,MX30,20120801,63.918
maize,MX31,20120801,72.871
maize,MX32,20120801,47.23
maize,MX01,20120811,50.756
maize,MX02,20120811,35.235
maize,MX03,20120811,24.045
maize,MX04,20120811,75.139
maize,MX05,20120811,31.017
maize,MX06,20120811,70.578
maize,MX07,20120811,66.733
maize,MX08,20120811,58.059
maize,MX09,20120811,57.281
maize,MX10,20120811,52.46
maize,MX11,20120811,70.81
maize,MX12,20120811,75.653
maize,MX13,20120811,58.413
maize,MX14,20120811,73.397
maize,MX15,20120811,66.739
maize,MX16,20120811,75.785
maize,MX17,20120811,72.059
maize,MX18,20120811,68.006
maize,MX19,20120811,30.915
maize,MX20,20120811,63.679
maize,MX21,20120811,62.911
maize,MX22,20120811,59.221
maize,MX23,20120811,83.089
maize,MX24,20120811,46.208
maize,MX25,20120811,33.264
maize,MX26,20120811,37.982
maize,MX27,20120811,61.414
maize,MX28,20120811,40.804
maize,MX29,20120811,64.055
maize,MX30,20120811,64.558
maize,MX31,20120811,73.159
maize,MX32,20120811,51.767
maize,MX01,20120821,53.153
maize,MX02,20120821,34.592
maize,MX03,20120821,30.748
maize,MX04,20120821,76.639
maize,MX05,20120821,31.852
maize,MX06,20120821,71.889
maize,MX07,20120821,68.528
maize,MX08,20120821,59.808
maize,MX09,20120821,58.31
maize,MX10,20120821,56.867
maize,MX11,20120821,72.197
maize,MX12,20120821,78.034
maize,MX13,20120821,58.56
maize,MX14,20120821,75.671
maize,MX15,20120821,68.115
maize,MX16,20120821,77.081
maize,MX17,20120821,75.563
maize,MX18,20120821,69.702
maize,MX19,20120821,31.992
maize,MX20,20120821,64.666
maize,MX21,20120821,65.265
maize,MX22,20120821,59.431
maize,MX23,20120821,83.154
maize,MX24,20120821,48.204
maize,MX25,20120821,36.133
maize,MX26,20120821,40.53
maize,MX27,20120821,61.167
maize,MX28,20120821,42.597
maize,MX29,20120821,65.23
maize,MX30,20120821,65.213
maize,MX31,20120821,73.145
maize,MX32,20120821,55.348
maize,MX01,20120901,54.329
maize,MX02,20120901,33.522
maize,MX03,20120901,38.901
maize,MX04,20120901,78.133
maize,MX05,20120901,33.32
maize,MX06,20120901,72.871
maize,MX07,20120901,70.11
maize,MX08,20120901,59.255
maize,MX09,20120901,58.279
maize,MX10,20120901,59.492
maize,MX11,20120901,71.664
maize,MX12,20120901,78.795
maize,MX13,20120901,57.389
maize,MX14,20120901,75.867
maize,MX15,20120901,67.922
maize,MX16,20120901,76.662
maize,MX17,20120901,77.205
maize,MX18,20120901,70.502
maize,MX19,20120901,33.202
maize,MX20,20120901,65.356
maize,MX21,20120901,66.132
maize,MX22,20120901,58.426
maize,MX23,20120901,83.427
maize,MX24,20120901,50.022
maize,MX25,20120901,37.999
maize,MX26,20120901,42.415
maize,MX27,20120901,61.661
maize,MX28,20120901,44.489
maize,MX29,20120901,64.321
maize,MX30,20120901,66.008
maize,MX31,20120901,73.054
maize,MX32,20120901,57.626
maize,MX01,20120911,53.388
maize,MX02,20120911,32.398
maize,MX03,20120911,44.891
maize,MX04,20120911,79.053
maize,MX05,20120911,34.741
maize,MX06,20120911,73.265
maize,MX07,20120911,70.679
maize,MX08,20120911,56.199
maize,MX09,20120911,56.646
maize,MX10,20120911,59.068
maize,MX11,20120911,69.094
maize,MX12,20120911,77.716
maize,MX13,20120911,54.828
maize,MX14,20120911,73.688
maize,MX15,20120911,65.772
maize,MX16,20120911,74.506
maize,MX17,20120911,76.496
maize,MX18,20120911,70.288
maize,MX19,20120911,34.046
maize,MX20,20120911,65.344
maize,MX21,20120911,64.962
maize,MX22,20120911,56.352
maize,MX23,20120911,83.614
maize,MX24,20120911,50.917
maize,MX25,20120911,37.596
maize,MX26,20120911,42.664
maize,MX27,20120911,62.255
maize,MX28,20120911,45.795
maize,MX29,20120911,61.341
maize,MX30,20120911,66.732
maize,MX31,20120911,73.107
maize,MX32,20120911,57.559
maize,MX01,20120921,50.471
maize,MX02,20120921,31.266
maize,MX03,20120921,48.692
maize,MX04,20120921,79.576
maize,MX05,20120921,35.889
maize,MX06,20120921,73.021
maize,MX07,20120921,70.319
maize,MX08,20120921,51.05
maize,MX09,20120921,53.443
maize,MX10,20120921,55.92
maize,MX11,20120921,64.647
maize,MX12,20120921,75.433
maize,MX13,20120921,51.178
maize,MX14,20120921,69.215
maize,MX15,20120921,61.91
maize,MX16,20120921,70.711
maize,MX17,20120921,74.33
maize,MX18,20120921,69.066
maize,MX19,20120921,34.441
maize,MX20,20120921,64.675
maize,MX21,20120921,62.223
maize,MX22,20120921,53.393
maize,MX23,20120921,83.651
maize,MX24,20120921,50.922
maize,MX25,20120921,35.681
maize,MX26,20120921,41.022
maize,MX27,20120921,63.026
maize,MX28,20120921,46.361
maize,MX29,20120921,56.599
maize,MX30,20120921,67.32
maize,MX31,20120921,73.24
maize,MX32,20120921,55.27
maize,MX01,20121001,45.999
maize,MX02,20121001,30.308
maize,MX03,20121001,50.804
maize,MX04,20121001,79.858
maize,MX05,20121001,36.481
maize,MX06,20121001,72.329
maize,MX07,20121001,69.209
maize,MX08,20121001,44.522
maize,MX09,20121001,48.931
maize,MX10,20121001,50.753
maize,MX11,20121001,58.675
maize,MX12,20121001,72.069
maize,MX13,20121001,46.96
maize,MX14,20121001,63.114
maize,MX15,20121001,56.844
maize,MX16,20121001,65.605
maize,MX17,20121001,70.948
maize,MX18,20121001,67.022
maize,MX19,20121001,34.212
maize,MX20,20121001,63.351
maize,MX21,20121001,58.292
maize,MX22,20121001,49.769
maize,MX23,20121001,83.892
maize,MX24,20121001,50.162
maize,MX25,20121001,33.266
maize,MX26,20121001,37.699
maize,MX27,20121001,63.851
maize,MX28,20121001,46.143
maize,MX29,20121001,50.712
maize,MX30,20121001,67.724
maize,MX31,20121001,73.576
maize,MX32,20121001,51.182
maize,MX01,20121011,40.76
maize,MX02,20121011,29.722
maize,MX03,20121011,51.56
maize,MX04,20121011,79.63
maize,MX05,20121011,36.236
maize,MX06,20121011,70.999
maize,MX07,20121011,67.281
maize,MX08,20121011,37.701
maize,MX09,20121011,43.582
maize,MX10,20121011,44.604
maize,MX11,20121011,51.792
maize,MX12,20121011,67.479
maize,MX13,20121011,42.727
maize,MX14,20121011,56.274
maize,MX15,20121011,51.093
maize,MX16,20121011,59.593
maize,MX17,20121011,66.083
maize,MX18,20121011,64.309
maize,MX19,20121011,33.33
maize,MX20,20121011,61.507
maize,MX21,20121011,53.302
maize,MX22,20121011,45.521
maize,MX23,20121011,83.985
maize,MX24,20121011,48.627
maize,MX25,20121011,31.157
maize,MX26,20121011,33.593
maize,MX27,20121011,64.593
maize,MX28,20121011,44.863
maize,MX29,20121011,44.105
maize,MX30,20121011,67.679
maize,MX31,20121011,73.79
maize,MX32,20121011,46.031
maize,MX01,20121021,35.787
maize,MX02,20121021,29.537
maize,MX03,20121021,51.35
maize,MX04,20121021,78.772
maize,MX05,20121021,35.135
maize,MX06,20121021,68.863
maize,MX07,20121021,64.734
maize,MX08,20121021,31.576
maize,MX09,20121021,38.029
maize,MX10,20121021,38.502
maize,MX11,20121021,44.738
maize,MX12,20121021,61.958
maize,MX13,20121021,38.979
maize,MX14,20121021,49.657
maize,MX15,20121021,45.391
maize,MX16,20121021,53.233
maize,MX17,20121021,60.073
maize,MX18,20121021,61.139
maize,MX19,20121021,32.104
maize,MX20,20121021,59.403
maize,MX21,20121021,47.618
maize,MX22,20121021,41.094
maize,MX23,20121021,83.788
maize,MX24,20121021,46.526
maize,MX25,20121021,30.099
maize,MX26,20121021,29.942
maize,MX27,20121021,64.952
maize,MX28,20121021,42.735
maize,MX29,20121021,37.456
maize,MX30,20121021,67.134
maize,MX31,20121021,73.587
maize,MX32,20121021,40.675
maize,MX01,20121101,31.338
maize,MX02,20121101,30.021
maize,MX03,20121101,50.131
maize,MX04,20121101,76.931
maize,MX05,20121101,33.174
maize,MX06,20121101,65.67
maize,MX07,20121101,61.276
maize,MX08,20121101,26.39
maize,MX09,20121101,32.766
maize,MX10,20121101,32.646
maize,MX11,20121101,37.615
maize,MX12,20121101,55.633
maize,MX13,20121101,35.818
maize,MX14,20121101,43.429
maize,MX15,20121101,39.83
maize,MX16,20121101,46.549
maize,MX17,20121101,53.277
maize,MX18,20121101,57.492
maize,MX19,20121101,30.726
maize,MX20,20121101,56.993
maize,MX21,20121101,41.591
maize,MX22,20121101,36.726
maize,MX23,20121101,83.156
maize,MX24,20121101,43.978
maize,MX25,20121101,30.501
maize,MX26,20121101,27.248
maize,MX27,20121101,64.478
maize,MX28,20121101,39.998
maize,MX29,20121101,31.32
maize,MX30,20121101,65.931
maize,MX31,20121101,72.446
maize,MX32,20121101,35.352
maize,MX01,20121111,28.445
maize,MX02,20121111,30.857
maize,MX03,20121111,48.409
maize,MX04,20121111,74.455
maize,MX05,20121111,31.248
maize,MX06,20121111,62.155
maize,MX07,20121111,57.739
maize,MX08,20121111,23.15
maize,MX09,20121111,28.877
maize,MX10,20121111,28.452
maize,MX11,20121111,32.29
maize,MX12,20121111,50.253
maize,MX13,20121111,33.867
maize,MX14,20121111,38.944
maize,MX15,20121111,35.658
maize,MX16,20121111,41.245
maize,MX17,20121111,47.536
maize,MX18,20121111,54.531
maize,MX19,20121111,29.751
maize,MX20,20121111,54.869
maize,MX21,20121111,36.924
maize,MX22,20121111,33.601
maize,MX23,20121111,82.209
maize,MX24,20121111,41.748
maize,MX25,20121111,32.825
maize,MX26,20121111,26.318
maize,MX27,20121111,63.43
maize,MX28,20121111,37.642
maize,MX29,20121111,27.246
maize,MX30,20121111,64.36
maize,MX31,20121111,70.548
maize,MX32,20121111,31.408
maize,MX01,20121121,26.575
maize,MX02,20121121,32.37
maize,MX03,20121121,46.345
maize,MX04,20121121,71.608
maize,MX05,20121121,29.608
maize,MX06,20121121,58.25
maize,MX07,20121121,54.092
maize,MX08,20121121,21.118
maize,MX09,20121121,25.843
maize,MX10,20121121,25.408
maize,MX11,20121121,28.322
maize,MX12,20121121,45.606
maize,MX13,20121121,32.654
maize,MX14,20121121,35.56
maize,MX15,20121121,32.304
maize,MX16,20121121,36.908
maize,MX17,20121121,42.594
maize,MX18,20121121,52.315
maize,MX19,20121121,29.115
maize,MX20,20121121,52.806
maize,MX21,20121121,33.235
maize,MX22,20121121,31.345
maize,MX23,20121121,81.18
maize,MX24,20121121,39.723
maize,MX25,20121121,37.162
maize,MX26,20121121,26.849
maize,MX27,20121121,61.809
maize,MX28,20121121,35.612
maize,MX29,20121121,24.419
maize,MX30,20121121,62.292
maize,MX31,20121121,68.342
maize,MX32,20121121,28.389
maize,MX01,20121201,25.391
maize,MX02,20121201,34.223
maize,MX03,20121201,44.162
maize,MX04,20121201,68.742
maize,MX05,20121201,28.318
maize,MX06,20121201,54.313
maize,MX07,20121201,50.571
maize,MX08,20121201,19.832
maize,MX09,20121201,23.7
maize,MX10,20121201,23.211
maize,MX11,20121201,25.653
maize,MX12,20121201,41.924
maize,MX13,20121201,32.022
maize,MX14,20121201,32.986
maize,MX15,20121201,29.69
maize,MX16,20121201,33.536
maize,MX17,20121201,38.688
maize,MX18,20121201,50.911
maize,MX19,20121201,28.646
maize,MX20,20121201,50.964
maize,MX21,20121201,30.601
maize,MX22,20121201,29.836
maize,MX23,20121201,80.278
maize,MX24,20121201,37.877
maize,MX25,20121201,43.06
maize,MX26,20121201,28.75
maize,MX27,20121201,59.973
maize,MX28,20121201,33.912
maize,MX29,20121201,22.701
maize,MX30,20121201,59.886
maize,MX31,20121201,66.032
maize,MX32,20121201,26.039
maize,MX01,20121211,24.672
maize,MX02,20121211,36.388
maize,MX03,20121211,42.173
maize,MX04,20121211,66.293
maize,MX05,20121211,27.21
maize,MX06,20121211,50.857
maize,MX07,20121211,47.514
maize,MX08,20121211,18.931
maize,MX09,20121211,22.303
maize,MX10,20121211,21.597
maize,MX11,20121211,24.283
maize,MX12,20121211,39.16
maize,MX13,20121211,31.7
maize,MX14,20121211,31.032
maize,MX15,20121211,27.602
maize,MX16,20121211,31.185
maize,MX17,20121211,35.721
maize,MX18,20121211,50.123
maize,MX19,20121211,28.108
maize,MX20,20121211,49.218
maize,MX21,20121211,28.755
maize,MX22,20121211,28.915
maize,MX23,20121211,79.812
maize,MX24,20121211,36.077
maize,MX25,20121211,49.518
maize,MX26,20121211,31.895
maize,MX27,20121211,58.059
maize,MX28,20121211,32.314
maize,MX29,20121211,21.587
maize,MX30,20121211,56.952
maize,MX31,20121211,63.901
maize,MX32,20121211,24.107
maize,MX01,20121221,24.274
maize,MX02,20121221,38.58
maize,MX03,20121221,40.374
maize,MX04,20121221,64.671
maize,MX05,20121221,26.328
maize,MX06,20121221,48.287
maize,MX07,20121221,45.119
maize,MX08,20121221,18.207
maize,MX09,20121221,21.261
maize,MX10,20121221,20.368
maize,MX11,20121221,24.233
maize,MX12,20121221,37.224
maize,MX13,20121221,31.568
maize,MX14,20121221,29.533
maize,MX15,20121221,25.981
maize,MX16,20121221,29.893
maize,MX17,20121221,33.587
maize,MX18,20121221,49.589
maize,MX19,20121221,27.474
maize,MX20,20121221,47.537
maize,MX21,20121221,27.43
maize,MX22,20121221,28.566
maize,MX23,20121221,79.51
maize,MX24,20121221,34.373
maize,MX25,20121221,55.199
maize,MX26,20121221,35.965
maize,MX27,20121221,56.423
maize,MX28,20121221,30.788
maize,MX29,20121221,20.798
maize,MX30,20121221,53.687
maize,MX31,20121221,61.61
maize,MX32,20121221,22.397
maize,MX01,20130101,24.353
maize,MX02,20130101,41.242
maize,MX03,20130101,38.584
maize,MX04,20130101,64.259
maize,MX05,20130101,25.802
maize,MX06,20130101,46.81
maize,MX07,20130101,43.387
maize,MX08,20130101,17.52
maize,MX09,20130101,20.536
maize,MX10,20130101,19.358
maize,MX11,20130101,25.764
maize,MX12,20130101,35.835
maize,MX13,20130101,31.555
maize,MX14,20130101,28.591
maize,MX15,20130101,24.606
maize,MX16,20130101,29.75
maize,MX17,20130101,31.838
maize,MX18,20130101,49.005
maize,MX19,20130101,26.872
maize,MX20,20130101,45.628
maize,MX21,20130101,26.31
maize,MX22,20130101,28.955
maize,MX23,20130101,79.637
maize,MX24,20130101,32.795
maize,MX25,20130101,59.372
maize,MX26,20130101,40.99
maize,MX27,20130101,55.581
maize,MX28,20130101,29.306
maize,MX29,20130101,20.092
maize,MX30,20130101,50.044
maize,MX31,20130101,59.364
maize,MX32,20130101,20.863
maize,MX01,20130111,24.833
maize,MX02,20130111,44.202
maize,MX03,20130111,36.818
maize,MX04,20130111,64.935
maize,MX05,20130111,25.898
maize,MX06,20130111,46.419
maize,MX07,20130111,42.516
maize,MX08,20130111,16.891
maize,MX09,20130111,20.037
maize,MX10,20130111,18.644
maize,MX11,20130111,28.39
maize,MX12,20130111,34.916
maize,MX13,20130111,31.666
maize,MX14,20130111,28.412
maize,MX15,20130111,23.67
maize,MX16,20130111,30.73
maize,MX17,20130111,30.456
maize,MX18,20130111,48.074
maize,MX19,20130111,26.528
maize,MX20,20130111,43.945
maize,MX21,20130111,25.399
maize,MX22,20130111,30.019
maize,MX23,20130111,79.978
maize,MX24,20130111,31.709
maize,MX25,20130111,60.728
maize,MX26,20130111,45.429
maize,MX27,20130111,55.661
maize,MX28,20130111,28.284
maize,MX29,20130111,19.518
maize,MX30,20130111,47.028
maize,MX31,20130111,57.399
maize,MX32,20130111,19.922
maize,MX01,20130121,25.517
maize,MX02,20130121,47.755
maize,MX03,20130121,35.211
maize,MX04,20130121,65.968
maize,MX05,20130121,26.421
maize,MX06,20130121,46.121
maize,MX07,20130121,42.161
maize,MX08,20130121,16.373
maize,MX09,20130121,19.573
maize,MX10,20130121,18.27
maize,MX11,20130121,31.591
maize,MX12,20130121,34.074
maize,MX13,20130121,31.793
maize,MX14,20130121,28.756
maize,MX15,20130121,22.851
maize,MX16,20130121,32.403
maize,MX17,20130121,29.127
maize,MX18,20130121,46.613
maize,MX19,20130121,26.33
maize,MX20,20130121,42.341
maize,MX21,20130121,24.507
maize,MX22,20130121,31.399
maize,MX23,20130121,80.443
maize,MX24,20130121,30.817
maize,MX25,20130121,60.363
maize,MX26,20130121,49.517
maize,MX27,20130121,56.721
maize,MX28,20130121,27.613
maize,MX29,20130121,18.977
maize,MX30,20130121,44.454
maize,MX31,20130121,55.689
maize,MX32,20130121,19.503
maize,MX01,20130201,25.959
maize,MX02,20130201,52.16
maize,MX03,20130201,34.117
maize,MX04,20130201,66.23
maize,MX05,20130201,27.208
maize,MX06,20130201,44.976
maize,MX07,20130201,41.877
maize,MX08,20130201,15.952
maize,MX09,20130201,18.848
maize,MX10,20130201,18.168
maize,MX11,20130201,34.739
maize,MX12,20130201,32.988
maize,MX13,20130201,31.596
maize,MX14,20130201,29.06
maize,MX15,20130201,21.908
maize,MX16,20130201,34.339
maize,MX17,20130201,27.58
maize,MX18,20130201,44.301
maize,MX19,20130201,26.056
maize,MX20,20130201,40.639
maize,MX21,20130201,23.459
maize,MX22,20130201,32.626
maize,MX23,20130201,80.885
maize,MX24,20130201,29.808
maize,MX25,20130201,58.955
maize,MX26,20130201,53.619
maize,MX27,20130201,58.239
maize,MX28,20130201,27.127
maize,MX29,20130201,18.36
maize,MX30,20130201,41.971
maize,MX31,20130201,53.844
maize,MX32,20130201,19.297
maize,MX01,20130211,25.794
maize,MX02,20130211,55.883
maize,MX03,20130211,33.45
maize,MX04,20130211,64.63
maize,MX05,20130211,27.757
maize,MX06,20130211,42.967
maize,MX07,20130211,41.369
maize,MX08,20130211,15.777
maize,MX09,20130211,18.048
maize,MX10,20130211,18.222
maize,MX11,20130211,36.493
maize,MX12,20130211,31.758
maize,MX13,20130211,30.948
maize,MX14,20130211,28.917
maize,MX15,20130211,20.932
maize,MX16,20130211,35.525
maize,MX17,20130211,26.152
maize,MX18,20130211,41.709
maize,MX19,20130211,25.462
maize,MX20,20130211,39.064
maize,MX21,20130211,22.415
maize,MX22,20130211,32.986
maize,MX23,20130211,80.994
maize,MX24,20130211,28.809
maize,MX25,20130211,57.261
maize,MX26,20130211,56.667
maize,MX27,20130211,59.23
maize,MX28,20130211,26.947
maize,MX29,20130211,17.745
maize,MX30,20130211,39.932
maize,MX31,20130211,52.065
maize,MX32,20130211,19.09
maize,MX01,20130221,25.135
maize,MX02,20130221,58.754
maize,MX03,20130221,33.134
maize,MX04,20130221,61.417
maize,MX05,20130221,27.831
maize,MX06,20130221,40.446
maize,MX07,20130221,40.51
maize,MX08,20130221,15.752
maize,MX09,20130221,16.899
maize,MX10,20130221,18.334
maize,MX11,20130221,36.884
maize,MX12,20130221,30.375
maize,MX13,20130221,29.716
maize,MX14,20130221,28.332
maize,MX15,20130221,19.891
maize,MX16,20130221,35.899
maize,MX17,20130221,24.821
maize,MX18,20130221,38.934
maize,MX19,20130221,24.507
maize,MX20,20130221,37.421
maize,MX21,20130221,21.327
maize,MX22,20130221,32.39
maize,MX23,20130221,80.781
maize,MX24,20130221,27.706
maize,MX25,20130221,55.564
maize,MX26,20130221,58.712
maize,MX27,20130221,59.1
maize,MX28,20130221,27.109
maize,MX29,20130221,17.06
maize,MX30,20130221,37.946
maize,MX31,20130221,50.243
maize,MX32,20130221,18.775
maize,MX01,20130301,24.385
maize,MX02,20130301,60.259
maize,MX03,20130301,32.94
maize,MX04,20130301,58.155
maize,MX05,20130301,27.624
maize,MX06,20130301,38.475
maize,MX07,20130301,39.716
maize,MX08,20130301,15.881
maize,MX09,20130301,16.037
maize,MX10,20130301,18.486
maize,MX11,20130301,36.24
maize,MX12,20130301,29.342
maize,MX13,20130301,28.482
maize,MX14,20130301,27.642
maize,MX15,20130301,19.102
maize,MX16,20130301,35.62
maize,MX17,20130301,23.957
maize,MX18,20130301,36.794
maize,MX19,20130301,23.631
maize,MX20,20130301,36.177
maize,MX21,20130301,20.533
maize,MX22,20130301,31.256
maize,MX23,20130301,80.322
maize,MX24,20130301,26.864
maize,MX25,20130301,54.323
maize,MX26,20130301,59.399
maize,MX27,20130301,58.356
maize,MX28,20130301,27.689
maize,MX29,20130301,16.564
maize,MX30,20130301,36.427
maize,MX31,20130301,49.142
maize,MX32,20130301,18.498
maize,MX01,20130311,23.4
maize,MX02,20130311,61.048
maize,MX03,20130311,32.566
maize,MX04,20130311,53.78
maize,MX05,20130311,26.984
maize,MX06,20130311,36.432
maize,MX07,20130311,38.772
maize,MX08,20130311,16.156
maize,MX09,20130311,15.241
maize,MX10,20130311,18.75
maize,MX11,20130311,34.641
maize,MX12,20130311,28.234
maize,MX13,20130311,27.093
maize,MX14,20130311,26.716
maize,MX15,20130311,18.389
maize,MX16,20130311,34.787
maize,MX17,20130311,23.246
maize,MX18,20130311,34.446
maize,MX19,20130311,22.62
maize,MX20,20130311,34.892
maize,MX21,20130311,19.819
maize,MX22,20130311,29.392
maize,MX23,20130311,79.43
maize,MX24,20130311,25.951
maize,MX25,20130311,52.72
maize,MX26,20130311,58.781
maize,MX27,20130311,57.039
maize,MX28,20130311,28.933
maize,MX29,20130311,16.159
maize,MX30,20130311,34.805
maize,MX31,20130311,48.412
maize,MX32,20130311,18.211
maize,MX01,20130321,22.408
maize,MX02,20130321,60.129
maize,MX03,20130321,31.924
maize,MX04,20130321,49.649
maize,MX05,20130321,26.068
maize,MX06,20130321,34.876
maize,MX07,20130321,37.93
maize,MX08,20130321,16.506
maize,MX09,20130321,14.809
maize,MX10,20130321,19.073
maize,MX11,20130321,32.37
maize,MX12,20130321,27.289
maize,MX13,20130321,26.272
maize,MX14,20130321,25.741
maize,MX15,20130321,18.048
maize,MX16,20130321,33.505
maize,MX17,20130321,22.612
maize,MX18,20130321,32.451
maize,MX19,20130321,21.772
maize,MX20,20130321,34.132
maize,MX21,20130321,19.434
maize,MX22,20130321,27.473
maize,MX23,20130321,78.237
maize,MX24,20130321,25.421
maize,MX25,20130321,50.81
maize,MX26,20130321,56.059
maize,MX27,20130321,55.493
maize,MX28,20130321,30.72
maize,MX29,20130321,15.988
maize,MX30,20130321,33.856
maize,MX31,20130321,48.402
maize,MX32,20130321,18.046
maize,MX01,20130401,21.331
maize,MX02,20130401,57.094
maize,MX03,20130401,30.651
maize,MX04,20130401,45.861
maize,MX05,20130401,24.938
maize,MX06,20130401,33.395
maize,MX07,20130401,37.177
maize,MX08,20130401,16.852
maize,MX09,20130401,14.812
maize,MX10,20130401,19.379
maize,MX11,20130401,29.298
maize,MX12,20130401,26.549
maize,MX13,20130401,26.039
maize,MX14,20130401,24.524
maize,MX15,20130401,18.1
maize,MX16,20130401,31.488
maize,MX17,20130401,22.103
maize,MX18,20130401,30.447
maize,MX19,20130401,21.229
maize,MX20,20130401,33.842
maize,MX21,20130401,19.378
maize,MX22,20130401,25.534
maize,MX23,20130401,76.554
maize,MX24,20130401,25.026
maize,MX25,20130401,48.072
maize,MX26,20130401,50.365
maize,MX27,20130401,53.699
maize,MX28,20130401,32.719
maize,MX29,20130401,16.037
maize,MX30,20130401,33.508
maize,MX31,20130401,48.97
maize,MX32,20130401,17.881
maize,MX01,20130411,20.503
maize,MX02,20130411,52.498
maize,MX03,20130411,29.225
maize,MX04,20130411,43.571
maize,MX05,20130411,24.172
maize,MX06,20130411,32.152
maize,MX07,20130411,36.698
maize,MX08,20130411,17.13
maize,MX09,20130411,15.25
maize,MX10,20130411,19.56
maize,MX11,20130411,26.326
maize,MX12,20130411,26.187
maize,MX13,20130411,26.444
maize,MX14,20130411,23.291
maize,MX15,20130411,18.492
maize,MX16,20130411,29.188
maize,MX17,20130411,21.902
maize,MX18,20130411,28.834
maize,MX19,20130411,21.281
maize,MX20,20130411,33.874
maize,MX21,20130411,19.585
maize,MX22,20130411,24.17
maize,MX23,20130411,74.834
maize,MX24,20130411,24.777
maize,MX25,20130411,45.097
maize,MX26,20130411,43.399
maize,MX27,20130411,52.182
maize,MX28,20130411,34.154
maize,MX29,20130411,16.157
maize,MX30,20130411,33.622
maize,MX31,20130411,49.892
maize,MX32,20130411,17.782
maize,MX01,20130421,19.9
maize,MX02,20130421,46.661
maize,MX03,20130421,27.886
maize,MX04,20130421,42.433
maize,MX05,20130421,23.998
maize,MX06,20130421,30.949
maize,MX07,20130421,36.535
maize,MX08,20130421,17.403
maize,MX09,20130421,16.09
maize,MX10,20130421,19.644
maize,MX11,20130421,23.834
maize,MX12,20130421,26.331
maize,MX13,20130421,27.493
maize,MX14,20130421,22.166
maize,MX15,20130421,19.315
maize,MX16,20130421,26.951
maize,MX17,20130421,22.186
maize,MX18,20130421,27.476
maize,MX19,20130421,22.119
maize,MX20,20130421,34.324
maize,MX21,20130421,20.098
maize,MX22,20130421,23.58
maize,MX23,20130421,72.79
maize,MX24,20130421,24.724
maize,MX25,20130421,41.812
maize,MX26,20130421,36.186
maize,MX27,20130421,51.287
maize,MX28,20130421,35.24
maize,MX29,20130421,16.392
maize,MX30,20130421,34.196
maize,MX31,20130421,50.816
maize,MX32,20130421,17.733
maize,MX01,20130501,19.724
maize,MX02,20130501,40.588
maize,MX03,20130501,26.91
maize,MX04,20130501,42.529
maize,MX05,20130501,24.599
maize,MX06,20130501,30.009
maize,MX07,20130501,36.936
maize,MX08,20130501,17.86
maize,MX09,20130501,17.811
maize,MX10,20130501,19.543
maize,MX11,20130501,22.449
maize,MX12,20130501,27.235
maize,MX13,20130501,29.39
maize,MX14,20130501,21.366
maize,MX15,20130501,20.799
maize,MX16,20130501,25.351
maize,MX17,20130501,23.178
maize,MX18,20130501,26.457
maize,MX19,20130501,23.912
maize,MX20,20130501,35.385
maize,MX21,20130501,21.026
maize,MX22,20130501,23.993
maize,MX23,20130501,70.985
maize,MX24,20130501,25.012
maize,MX25,20130501,38.336
maize,MX26,20130501,30.038
maize,MX27,20130501,51.195
maize,MX28,20130501,36.051
maize,MX29,20130501,16.908
maize,MX30,20130501,35.33
maize,MX31,20130501,51.958
maize,MX32,20130501,17.723
maize,MX01,20130511,20.176
maize,MX02,20130511,35.408
maize,MX03,20130511,26.208
maize,MX04,20130511,43.851
maize,MX05,20130511,26.078
maize,MX06,20130511,29.529
maize,MX07,20130511,38.196
maize,MX08,20130511,18.83
maize,MX09,20130511,20.593
maize,MX10,20130511,19.443
maize,MX11,20130511,22.628
maize,MX12,20130511,29.274
maize,MX13,20130511,32.109
maize,MX14,20130511,21.356
maize,MX15,20130511,23.171
maize,MX16,20130511,24.995
maize,MX17,20130511,25.309
maize,MX18,20130511,25.909
maize,MX19,20130511,26.667
maize,MX20,20130511,37.24
maize,MX21,20130511,22.535
maize,MX22,20130511,25.618
maize,MX23,20130511,69.971
maize,MX24,20130511,25.903
maize,MX25,20130511,34.889
maize,MX26,20130511,25.582
maize,MX27,20130511,52.012
maize,MX28,20130511,36.735
maize,MX29,20130511,17.979
maize,MX30,20130511,37.321
maize,MX31,20130511,53.588
maize,MX32,20130511,18.03
maize,MX01,20130521,21.452
maize,MX02,20130521,31.934
maize,MX03,20130521,25.71
maize,MX04,20130521,46.681
maize,MX05,20130521,28.272
maize,MX06,20130521,29.907
maize,MX07,20130521,40.567
maize,MX08,20130521,20.758
maize,MX09,20130521,24.68
maize,MX10,20130521,19.496
maize,MX11,20130521,24.793
maize,MX12,20130521,32.989
maize,MX13,20130521,35.468
maize,MX14,20130521,22.627
maize,MX15,20130521,26.708
maize,MX16,20130521,26.464
maize,MX17,20130521,29.048
maize,MX18,20130521,26.174
maize,MX19,20130521,29.754
maize,MX20,20130521,40.334
maize,MX21,20130521,25.063
maize,MX22,20130521,28.519
maize,MX23,20130521,69.721
maize,MX24,20130521,27.362
maize,MX25,20130521,31.623
maize,MX26,20130521,22.833
maize,MX27,20130521,53.651
maize,MX28,20130521,37.101
maize,MX29,20130521,20.138
maize,MX30,20130521,40.457
maize,MX31,20130521,55.998
maize,MX32,20130521,18.809
maize,MX01,20130601,24.065
maize,MX02,20130601,30.083
maize,MX03,20130601,25.115
maize,MX04,20130601,51.339
maize,MX05,20130601,31.059
maize,MX06,20130601,32.132
maize,MX07,20130601,44.493
maize,MX08,20130601,24.357
maize,MX09,20130601,30.582
maize,MX10,20130601,20.12
maize,MX11,20130601,29.614
maize,MX12,20130601,39.116
maize,MX13,20130601,39.471
maize,MX14,20130601,26.048
maize,MX15,20130601,31.887
maize,MX16,20130601,30.72
maize,MX17,20130601,34.936
maize,MX18,20130601,27.971
maize,MX19,20130601,32.616
maize,MX20,20130601,45.075
maize,MX21,20130601,29.296
maize,MX22,20130601,32.948
maize,MX23,20130601,70.716
maize,MX24,20130601,29.481
maize,MX25,20130601,28.478
maize,MX26,20130601,21.314
maize,MX27,20130601,56.148
maize,MX28,20130601,36.878
maize,MX29,20130601,24.332
maize,MX30,20130601,45.178
maize,MX31,20130601,59.532
maize,MX32,20130601,20.591
maize,MX01,20130611,28.173
maize,MX02,20130611,29.661
maize,MX03,20130611,24.357
maize,MX04,20130611,56.619
maize,MX05,20130611,33.42
maize,MX06,20130611,36.536
maize,MX07,20130611,48.771
maize,MX08,20130611,29.107
maize,MX09,20130611,36.358
maize,MX10,20130611,21.736
maize,MX11,20130611,36.218
maize,MX12,20130611,45.774
maize,MX13,20130611,43.424
maize,MX14,20130611,31.519
maize,MX15,20130611,37.738
maize,MX16,20130611,37.071
maize,MX17,20130611,41.244
maize,MX18,20130611,31.517
maize,MX19,20130611,34.428
maize,MX20,20130611,49.905
maize,MX21,20130611,34.385
maize,MX22,20130611,37.898
maize,MX23,20130611,72.687
maize,MX24,20130611,31.991
maize,MX25,20130611,26.048
maize,MX26,20130611,21.008
maize,MX27,20130611,58.581
maize,MX28,20130611,36.461
maize,MX29,20130611,30.078
maize,MX30,20130611,50.068
maize,MX31,20130611,63.599
maize,MX32,20130611,23.669
maize,MX01,20130621,33.749
maize,MX02,20130621,29.948
maize,MX03,20130621,23.024
maize,MX04,20130621,61.475
maize,MX05,20130621,35.21
maize,MX06,20130621,42.869
maize,MX07,20130621,53.014
maize,MX08,20130621,34.901
maize,MX09,20130621,41.712
maize,MX10,20130621,24.667
maize,MX11,20130621,44.208
maize,MX12,20130621,52.349
maize,MX13,20130621,47.341
maize,MX14,20130621,38.839
maize,MX15,20130621,44.195
maize,MX16,20130621,45.203
maize,MX17,20130621,47.638
maize,MX18,20130621,37.258
maize,MX19,20130621,35.544
maize,MX20,20130621,54.2
maize,MX21,20130621,40.114
maize,MX22,20130621,43.247
maize,MX23,20130621,74.61
maize,MX24,20130621,34.886
maize,MX25,20130621,24.151
maize,MX26,20130621,21.848
maize,MX27,20130621,60.576
maize,MX28,20130621,36.12
maize,MX29,20130621,37.085
maize,MX30,20130621,54.638
maize,MX31,20130621,67.104
maize,MX32,20130621,28.117
maize,MX01,20130701,40.362
maize,MX02,20130701,30.357
maize,MX03,20130701,21.616
maize,MX04,20130701,65.466
maize,MX05,20130701,36.197
maize,MX06,20130701,50.383
maize,MX07,20130701,56.727
maize,MX08,20130701,41.176
maize,MX09,20130701,45.978
maize,MX10,20130701,29.071
maize,MX11,20130701,52.568
maize,MX12,20130701,58.387
maize,MX13,20130701,51.017
maize,MX14,20130701,47.333
maize,MX15,20130701,50.696
maize,MX16,20130701,53.972
maize,MX17,20130701,53.909
maize,MX18,20130701,44.448
maize,MX19,20130701,36.142
maize,MX20,20130701,57.225
maize,MX21,20130701,45.97
maize,MX22,20130701,48.61
maize,MX23,20130701,75.809
maize,MX24,20130701,37.815
maize,MX25,20130701,22.873
maize,MX26,20130701,23.884
maize,MX27,20130701,61.79
maize,MX28,20130701,35.943
maize,MX29,20130701,44.742
maize,MX30,20130701,58.061
maize,MX31,20130701,69.711
maize,MX32,20130701,33.744
maize,MX01,20130711,47.117
maize,MX02,20130711,30.876
maize,MX03,20130711,20.25
maize,MX04,20130711,68.821
maize,MX05,20130711,36.791
maize,MX06,20130711,57.665
maize,MX07,20130711,59.887
maize,MX08,20130711,47.611
maize,MX09,20130711,49.033
maize,MX10,20130711,34.863
maize,MX11,20130711,60.133
maize,MX12,20130711,63.75
maize,MX13,20130711,54.13
maize,MX14,20130711,55.944
maize,MX15,20130711,56.695
maize,MX16,20130711,62.086
maize,MX17,20130711,60.134
maize,MX18,20130711,51.898
maize,MX19,20130711,36.682
maize,MX20,20130711,58.978
maize,MX21,20130711,51.515
maize,MX22,20130711,53.491
maize,MX23,20130711,77.247
maize,MX24,20130711,40.56
maize,MX25,20130711,22.421
maize,MX26,20130711,26.931
maize,MX27,20130711,62.359
maize,MX28,20130711,36.184
maize,MX29,20130711,52.047
maize,MX30,20130711,60.275
maize,MX31,20130711,71.813
maize,MX32,20130711,39.971
maize,MX01,20130721,52.676
maize,MX02,20130721,31.167
maize,MX03,20130721,19.282
maize,MX04,20130721,71.428
maize,MX05,20130721,36.908
maize,MX06,20130721,63.235
maize,MX07,20130721,62.59
maize,MX08,20130721,53.705
maize,MX09,20130721,50.943
maize,MX10,20130721,40.999
maize,MX11,20130721,65.912
maize,MX12,20130721,68.298
maize,MX13,20130721,56.254
maize,MX14,20130721,63.454
maize,MX15,20130721,61.439
maize,MX16,20130721,68.452
maize,MX17,20130721,65.897
maize,MX18,20130721,58.343
maize,MX19,20130721,36.95
maize,MX20,20130721,59.673
maize,MX21,20130721,56.067
maize,MX22,20130721,57.312
maize,MX23,20130721,78.518
maize,MX24,20130721,42.843
maize,MX25,20130721,22.877
maize,MX26,20130721,30.438
maize,MX27,20130721,62.589
maize,MX28,20130721,36.754
maize,MX29,20130721,57.827
maize,MX30,20130721,61.418
maize,MX31,20130721,73.261
maize,MX32,20130721,45.728
maize,MX01,20130801,56.138
maize,MX02,20130801,31.384
maize,MX03,20130801,19.457
maize,MX04,20130801,73.621
maize,MX05,20130801,36.76
maize,MX06,20130801,66.903
maize,MX07,20130801,65.027
maize,MX08,20130801,59.342
maize,MX09,20130801,52.232
maize,MX10,20130801,46.716
maize,MX11,20130801,69.568
maize,MX12,20130801,72.057
maize,MX13,20130801,57.14
maize,MX14,20130801,69.353
maize,MX15,20130801,64.7
maize,MX16,20130801,72.846
maize,MX17,20130801,71.028
maize,MX18,20130801,63.702
maize,MX19,20130801,36.868
maize,MX20,20130801,59.713
maize,MX21,20130801,59.586
maize,MX22,20130801,59.657
maize,MX23,20130801,79.346
maize,MX24,20130801,44.681
maize,MX25,20130801,24.216
maize,MX26,20130801,33.859
maize,MX27,20130801,62.335
maize,MX28,20130801,37.842
maize,MX29,20130801,61.526
maize,MX30,20130801,61.684
maize,MX31,20130801,74.106
maize,MX32,20130801,50.486
maize,MX01,20130811,57.327
maize,MX02,20130811,31.558
maize,MX03,20130811,21.487
maize,MX04,20130811,75.358
maize,MX05,20130811,36.593
maize,MX06,20130811,68.67
maize,MX07,20130811,66.987
maize,MX08,20130811,62.886
maize,MX09,20130811,52.999
maize,MX10,20130811,50.707
maize,MX11,20130811,70.778
maize,MX12,20130811,74.318
maize,MX13,20130811,57.128
maize,MX14,20130811,72.511
maize,MX15,20130811,66.073
maize,MX16,20130811,74.732
maize,MX17,20130811,74.072
maize,MX18,20130811,66.991
maize,MX19,20130811,37.074
maize,MX20,20130811,59.877
maize,MX21,20130811,61.717
maize,MX22,20130811,60.346
maize,MX23,20130811,80.08
maize,MX24,20130811,46.29
maize,MX25,20130811,26.108
maize,MX26,20130811,36.306
maize,MX27,20130811,62.122
maize,MX28,20130811,39.799
maize,MX29,20130811,62.659
maize,MX30,20130811,61.75
maize,MX31,20130811,74.556
maize,MX32,20130811,53.653
maize,MX01,20130821,57.519
maize,MX02,20130821,31.931
maize,MX03,20130821,25.652
maize,MX04,20130821,76.672
maize,MX05,20130821,36.861
maize,MX06,20130821,69.664
maize,MX07,20130821,68.42
maize,MX08,20130821,64.56
maize,MX09,20130821,53.472
maize,MX10,20130821,53.999
maize,MX11,20130821,70.504
maize,MX12,20130821,75.438
maize,MX13,20130821,56.755
maize,MX14,20130821,73.918
maize,MX15,20130821,66.265
maize,MX16,20130821,75.035
maize,MX17,20130821,75.42
maize,MX18,20130821,68.964
maize,MX19,20130821,37.982
maize,MX20,20130821,60.467
maize,MX21,20130821,63.004
maize,MX22,20130821,60.215
maize,MX23,20130821,80.373
maize,MX24,20130821,48.169
maize,MX25,20130821,28.468
maize,MX26,20130821,38.159
maize,MX27,20130821,61.801
maize,MX28,20130821,42.705
maize,MX29,20130821,62.139
maize,MX30,20130821,62.047
maize,MX31,20130821,74.91
maize,MX32,20130821,56.242
maize,MX01,20130901,57.422
maize,MX02,20130901,32.217
maize,MX03,20130901,31.874
maize,MX04,20130901,77.799
maize,MX05,20130901,37.69
maize,MX06,20130901,70.614
maize,MX07,20130901,69.38
maize,MX08,20130901,64.002
maize,MX09,20130901,53.687
maize,MX10,20130901,56.977
maize,MX11,20130901,69.167
maize,MX12,20130901,75.461
maize,MX13,20130901,56.021
maize,MX14,20130901,74.16
maize,MX15,20130901,65.374
maize,MX16,20130901,74.167
maize,MX17,20130901,75.063
maize,MX18,20130901,70.028
maize,MX19,20130901,40.045
maize,MX20,20130901,61.494
maize,MX21,20130901,63.552
maize,MX22,20130901,59.508
maize,MX23,20130901,80.661
maize,MX24,20130901,50.606
maize,MX25,20130901,31.096
maize,MX26,20130901,39.372
maize,MX27,20130901,61.53
maize,MX28,20130901,46.353
maize,MX29,20130901,60.194
maize,MX30,20130901,62.541
maize,MX31,20130901,75.248
maize,MX32,20130901,58.66
maize,MX01,20130911,57.223
maize,MX02,20130911,32.046
maize,MX03,20130911,37.3
maize,MX04,20130911,78.675
maize,MX05,20130911,38.839
maize,MX06,20130911,71.364
maize,MX07,20130911,69.651
maize,MX08,20130911,61.069
maize,MX09,20130911,53.268
maize,MX10,20130911,58.76
maize,MX11,20130911,67.151
maize,MX12,20130911,74.528
maize,MX13,20130911,54.899
maize,MX14,20130911,73.447
maize,MX15,20130911,63.642
maize,MX16,20130911,72.499
maize,MX17,20130911,73.451
maize,MX18,20130911,70.16
maize,MX19,20130911,42.676
maize,MX20,20130911,62.836
maize,MX21,20130911,63.16
maize,MX22,20130911,58.349
maize,MX23,20130911,81.362
maize,MX24,20130911,52.949
maize,MX25,20130911,32.846
maize,MX26,20130911,39.288
maize,MX27,20130911,61.684
maize,MX28,20130911,49.384
maize,MX29,20130911,57.584
maize,MX30,20130911,63.507
maize,MX31,20130911,75.707
maize,MX32,20130911,60.198
maize,MX01,20130921,56.478
maize,MX02,20130921,31.383
maize,MX03,20130921,40.644
maize,MX04,20130921,79.302
maize,MX05,20130921,39.901
maize,MX06,20130921,71.992
maize,MX07,20130921,69.306
maize,MX08,20130921,55.919
maize,MX09,20130921,52.262
maize,MX10,20130921,58.791
maize,MX11,20130921,64.301
maize,MX12,20130921,72.85
maize,MX13,20130921,53.193
maize,MX14,20130921,71.797
maize,MX15,20130921,61.038
maize,MX16,20130921,70.064
maize,MX17,20130921,71.043
maize,MX18,20130921,69.568
maize,MX19,20130921,45.353
maize,MX20,20130921,63.815
maize,MX21,20130921,61.764
maize,MX22,20130921,56.407
maize,MX23,20130921,82.107
maize,MX24,20130921,55.064
maize,MX25,20130921,33.348
maize,MX26,20130921,37.735
maize,MX27,20130921,61.986
maize,MX28,20130921,51.712
maize,MX29,20130921,54.409
maize,MX30,20130921,64.691
maize,MX31,20130921,76.327
maize,MX32,20130921,60.485
maize,MX01,20131001,54.714
maize,MX02,20131001,30.745
maize,MX03,20131001,42.124
maize,MX04,20131001,79.621
maize,MX05,20131001,40.461
maize,MX06,20131001,72.5
maize,MX07,20131001,68.455
maize,MX08,20131001,48.981
maize,MX09,20131001,50.789
maize,MX10,20131001,56.37
maize,MX11,20131001,60.625
maize,MX12,20131001,70.676
maize,MX13,20131001,50.954
maize,MX14,20131001,69.124
maize,MX15,20131001,57.709
maize,MX16,20131001,66.963
maize,MX17,20131001,68.016
maize,MX18,20131001,68.327
maize,MX19,20131001,47.189
maize,MX20,20131001,64.054
maize,MX21,20131001,59.203
maize,MX22,20131001,53.535
maize,MX23,20131001,82.966
maize,MX24,20131001,56.36
maize,MX25,20131001,32.538
maize,MX26,20131001,35.1
maize,MX27,20131001,62.208
maize,MX28,20131001,52.653
maize,MX29,20131001,50.737
maize,MX30,20131001,65.828
maize,MX31,20131001,76.964
maize,MX32,20131001,59.07
maize,MX01,20131011,51.634
maize,MX02,20131011,30.521
maize,MX03,20131011,43.128
maize,MX04,20131011,79.48
maize,MX05,20131011,40.211
maize,MX06,20131011,72.707
maize,MX07,20131011,67.348
maize,MX08,20131011,41.347
maize,MX09,20131011,48.311
maize,MX10,20131011,51.581
maize,MX11,20131011,56.094
maize,MX12,20131011,67.912
maize,MX13,20131011,48.328
maize,MX14,20131011,65.189
maize,MX15,20131011,53.848
maize,MX16,20131011,63.046
maize,MX17,20131011,64.364
maize,MX18,20131011,66.065
maize,MX19,20131011,47.648
maize,MX20,20131011,63.192
maize,MX21,20131011,55.428
maize,MX22,20131011,49.692
maize,MX23,20131011,83.346
maize,MX24,20131011,56.44
maize,MX25,20131011,31.007
maize,MX26,20131011,32.404
maize,MX27,20131011,62.396
maize,MX28,20131011,52.097
maize,MX29,20131011,46.599
maize,MX30,20131011,66.365
maize,MX31,20131011,77.471
maize,MX32,20131011,55.915
maize,MX01,20131021,47.653
maize,MX02,20131021,30.997
maize,MX03,20131021,43.98
maize,MX04,20131021,79.165
maize,MX05,20131021,39.099
maize,MX06,20131021,72.33
maize,MX07,20131021,66.13
maize,MX08,20131021,34.207
maize,MX09,20131021,45.04
maize,MX10,20131021,45.287
maize,MX11,20131021,51.063
maize,MX12,20131021,64.735
maize,MX13,20131021,45.703
maize,MX14,20131021,60.41
maize,MX15,20131021,49.922
maize,MX16,20131021,58.599
maize,MX17,20131021,60.37
maize,MX18,20131021,63.299
maize,MX19,20131021,46.788
maize,MX20,20131021,61.515
maize,MX21,20131021,51.057
maize,MX22,20131021,45.422
maize,MX23,20131021,83.475
maize,MX24,20131021,55.46
maize,MX25,20131021,29.932
maize,MX26,20131021,30.412
maize,MX27,20131021,62.244
maize,MX28,20131021,50.345
maize,MX29,20131021,42.347
maize,MX30,20131021,66.286
maize,MX31,20131021,77.824
maize,MX32,20131021,51.494
maize,MX01,20131101,43.208
maize,MX02,20131101,32.075
maize,MX03,20131101,44.389
maize,MX04,20131101,78.852
maize,MX05,20131101,37.358
maize,MX06,20131101,71.359
maize,MX07,20131101,64.596
maize,MX08,20131101,27.883
maize,MX09,20131101,41.005
maize,MX10,20131101,38.188
maize,MX11,20131101,45.386
maize,MX12,20131101,61.05
maize,MX13,20131101,43.106
maize,MX14,20131101,55.029
maize,MX15,20131101,45.979
maize,MX16,20131101,53.524
maize,MX17,20131101,56.036
maize,MX18,20131101,60.445
maize,MX19,20131101,44.982
maize,MX20,20131101,59.145
maize,MX21,20131101,46.227
maize,MX22,20131101,40.976
maize,MX23,20131101,83.323
maize,MX24,20131101,53.655
maize,MX25,20131101,30.216
maize,MX26,20131101,29.259
maize,MX27,20131101,61.844
maize,MX28,20131101,47.738
maize,MX29,20131101,37.983
maize,MX30,20131101,65.691
maize,MX31,20131101,78.081
maize,MX32,20131101,46.119
maize,MX01,20131111,39.489
maize,MX02,20131111,33.176
maize,MX03,20131111,43.801
maize,MX04,20131111,78.543
maize,MX05,20131111,35.55
maize,MX06,20131111,69.895
maize,MX07,20131111,62.842
maize,MX08,20131111,23.722
maize,MX09,20131111,37.305
maize,MX10,20131111,32.552
maize,MX11,20131111,40.373
maize,MX12,20131111,57.372
maize,MX13,20131111,40.998
maize,MX14,20131111,50.454
maize,MX15,20131111,42.77
maize,MX16,20131111,48.976
maize,MX17,20131111,52.218
maize,MX18,20131111,58.413
maize,MX19,20131111,43.035
maize,MX20,20131111,56.743
maize,MX21,20131111,42.195
maize,MX22,20131111,37.375
maize,MX23,20131111,83.103
maize,MX24,20131111,51.601
maize,MX25,20131111,32.015
maize,MX26,20131111,28.99
maize,MX27,20131111,61.218
maize,MX28,20131111,45.219
maize,MX29,20131111,34.546
maize,MX30,20131111,64.617
maize,MX31,20131111,78.078
maize,MX32,20131111,41.342
maize,MX01,20131121,36.104
maize,MX02,20131121,34.084
maize,MX03,20131121,42.304
maize,MX04,20131121,78.117
maize,MX05,20131121,33.691
maize,MX06,20131121,67.61
maize,MX07,20131121,60.484
maize,MX08,20131121,20.967
maize,MX09,20131121,33.691
maize,MX10,20131121,27.978
maize,MX11,20131121,35.835
maize,MX12,20131121,53.417
maize,MX13,20131121,39.14
maize,MX14,20131121,46.322
maize,MX15,20131121,39.828
maize,MX16,20131121,44.653
maize,MX17,20131121,48.658
maize,MX18,20131121,56.928
maize,MX19,20131121,40.861
maize,MX20,20131121,54.312
maize,MX21,20131121,38.689
maize,MX22,20131121,34.378
maize,MX23,20131121,82.82
maize,MX24,20131121,49.266
maize,MX25,20131121,34.844
maize,MX26,20131121,29.306
maize,MX27,20131121,60.382
maize,MX28,20131121,42.874
maize,MX29,20131121,31.658
maize,MX30,20131121,62.97
maize,MX31,20131121,77.934
maize,MX32,20131121,36.827
maize,MX01,20131201,33.139
maize,MX02,20131201,34.794
maize,MX03,20131201,40.21
maize,MX04,20131201,77.532
maize,MX05,20131201,31.867
maize,MX06,20131201,64.615
maize,MX07,20131201,57.5
maize,MX08,20131201,19.267
maize,MX09,20131201,30.516
maize,MX10,20131201,24.475
maize,MX11,20131201,32.081
maize,MX12,20131201,49.373
maize,MX13,20131201,37.368
maize,MX14,20131201,42.682
maize,MX15,20131201,37.068
maize,MX16,20131201,40.74
maize,MX17,20131201,45.516
maize,MX18,20131201,55.988
maize,MX19,20131201,38.635
maize,MX20,20131201,52.007
maize,MX21,20131201,35.721
maize,MX22,20131201,31.992
maize,MX23,20131201,82.451
maize,MX24,20131201,46.767
maize,MX25,20131201,38.246
maize,MX26,20131201,30.397
maize,MX27,20131201,59.452
maize,MX28,20131201,40.894
maize,MX29,20131201,29.217
maize,MX30,20131201,60.788
maize,MX31,20131201,77.538
maize,MX32,20131201,32.778
maize,MX01,20131211,30.752
maize,MX02,20131211,35.547
maize,MX03,20131211,38.126
maize,MX04,20131211,76.798
maize,MX05,20131211,30.392
maize,MX06,20131211,61.331
maize,MX07,20131211,54.272
maize,MX08,20131211,18.211
maize,MX09,20131211,27.677
maize,MX10,20131211,21.912
maize,MX11,20131211,29.256
maize,MX12,20131211,45.641
maize,MX13,20131211,35.717
maize,MX14,20131211,39.633
maize,MX15,20131211,34.561
maize,MX16,20131211,37.403
maize,MX17,20131211,42.846
maize,MX18,20131211,55.676
maize,MX19,20131211,36.659
maize,MX20,20131211,49.948
maize,MX21,20131211,33.328
maize,MX22,20131211,30.103
maize,MX23,20131211,82.084
maize,MX24,20131211,44.32
maize,MX25,20131211,42.086
maize,MX26,20131211,32.76
maize,MX27,20131211,58.217
maize,MX28,20131211,39.329
maize,MX29,20131211,27.248
maize,MX30,20131211,58.239
maize,MX31,20131211,77.019
maize,MX32,20131211,29.356
maize,MX01,20131221,29.05
maize,MX02,20131221,36.914
maize,MX03,20131221,36.193
maize,MX04,20131221,76.121
maize,MX05,20131221,29.539
maize,MX06,20131221,58.285
maize,MX07,20131221,51.285
maize,MX08,20131221,17.492
maize,MX09,20131221,25.759
maize,MX10,20131221,20.225
maize,MX11,20131221,27.654
maize,MX12,20131221,42.504
maize,MX13,20131221,34.387
maize,MX14,20131221,37.324
maize,MX15,20131221,32.563
maize,MX16,20131221,34.88
maize,MX17,20131221,40.563
maize,MX18,20131221,56.056
maize,MX19,20131221,35.121
maize,MX20,20131221,48.289
maize,MX21,20131221,31.372
maize,MX22,20131221,28.779
maize,MX23,20131221,81.836
maize,MX24,20131221,42.168
maize,MX25,20131221,46.247
maize,MX26,20131221,36.537
maize,MX27,20131221,56.731
maize,MX28,20131221,38.265
maize,MX29,20131221,25.716
maize,MX30,20131221,55.486
maize,MX31,20131221,76.63
maize,MX32,20131221,26.642
maize,MX01,20140101,28.062
maize,MX02,20140101,39.355
maize,MX03,20140101,34.514
maize,MX04,20140101,75.589
maize,MX05,20140101,29.23
maize,MX06,20140101,55.598
maize,MX07,20140101,48.468
maize,MX08,20140101,16.924
maize,MX09,20140101,24.25
maize,MX10,20140101,18.936
maize,MX11,20140101,27.468
maize,MX12,20140101,39.816
maize,MX13,20140101,33.448
maize,MX14,20140101,35.778
maize,MX15,20140101,30.846
maize,MX16,20140101,33.206
maize,MX17,20140101,38.249
maize,MX18,20140101,56.722
maize,MX19,20140101,34.267
maize,MX20,20140101,46.692
maize,MX21,20140101,29.608
maize,MX22,20140101,28.273
maize,MX23,20140101,82.011
maize,MX24,20140101,40.364
maize,MX25,20140101,50.919
maize,MX26,20140101,42.217
maize,MX27,20140101,55.195
maize,MX28,20140101,37.721
maize,MX29,20140101,24.426
maize,MX30,20140101,52.489
maize,MX31,20140101,76.487
maize,MX32,20140101,24.554
maize,MX01,20140111,27.806
maize,MX02,20140111,42.557
maize,MX03,20140111,33.432
maize,MX04,20140111,75.084
maize,MX05,20140111,29.419
maize,MX06,20140111,53.569
maize,MX07,20140111,46.446
maize,MX08,20140111,16.554
maize,MX09,20140111,23.182
maize,MX10,20140111,18.286
maize,MX11,20140111,28.86
maize,MX12,20140111,37.904
maize,MX13,20140111,33.037
maize,MX14,20140111,35.228
maize,MX15,20140111,29.422
maize,MX16,20140111,32.754
maize,MX17,20140111,36.116
maize,MX18,20140111,56.798
maize,MX19,20140111,34.304
maize,MX20,20140111,45.136
maize,MX21,20140111,28.098
maize,MX22,20140111,28.683
maize,MX23,20140111,82.189
maize,MX24,20140111,39.32
maize,MX25,20140111,54.76
maize,MX26,20140111,47.99
maize,MX27,20140111,54.306
maize,MX28,20140111,37.681
maize,MX29,20140111,23.391
maize,MX30,20140111,49.673
maize,MX31,20140111,76.035
maize,MX32,20140111,23.6
maize,MX01,20140121,27.929
maize,MX02,20140121,46.379
maize,MX03,20140121,32.689
maize,MX04,20140121,74.436
maize,MX05,20140121,29.787
maize,MX06,20140121,51.317
maize,MX07,20140121,44.912
maize,MX08,20140121,16.34
maize,MX09,20140121,22.154
maize,MX10,20140121,18.092
maize,MX11,20140121,31.31
maize,MX12,20140121,36.402
maize,MX13,20140121,32.794
maize,MX14,20140121,35.031
maize,MX15,20140121,28.093
maize,MX16,20140121,33.065
maize,MX17,20140121,34.028
maize,MX18,20140121,55.905
maize,MX19,20140121,34.788
maize,MX20,20140121,43.378
maize,MX21,20140121,26.664
maize,MX22,20140121,29.351
maize,MX23,20140121,82.383
maize,MX24,20140121,38.54
maize,MX25,20140121,57.978
maize,MX26,20140121,53.486
maize,MX27,20140121,54.071
maize,MX28,20140121,37.675
maize,MX29,20140121,22.336
maize,MX30,20140121,46.733
maize,MX31,20140121,75.407
maize,MX32,20140121,23.36
maize,MX01,20140201,28.321
maize,MX02,20140201,50.771
maize,MX03,20140201,32.326
maize,MX04,20140201,73.34
maize,MX05,20140201,30.39
maize,MX06,20140201,48.458
maize,MX07,20140201,43.759
maize,MX08,20140201,16.24
maize,MX09,20140201,21.226
maize,MX10,20140201,18.318
maize,MX11,20140201,34.618
maize,MX12,20140201,34.914
maize,MX13,20140201,32.727
maize,MX14,20140201,34.876
maize,MX15,20140201,26.672
maize,MX16,20140201,33.968
maize,MX17,20140201,31.838
maize,MX18,20140201,53.728
maize,MX19,20140201,35.719
maize,MX20,20140201,41.419
maize,MX21,20140201,25.253
maize,MX22,20140201,30.151
maize,MX23,20140201,82.339
maize,MX24,20140201,37.922
maize,MX25,20140201,60.373
maize,MX26,20140201,58.344
maize,MX27,20140201,54.617
maize,MX28,20140201,37.649
maize,MX29,20140201,21.298
maize,MX30,20140201,43.627
maize,MX31,20140201,74.063
maize,MX32,20140201,23.614
maize,MX01,20140211,28.539
maize,MX02,20140211,54.449
maize,MX03,20140211,31.989
maize,MX04,20140211,71.722
maize,MX05,20140211,31.034
maize,MX06,20140211,45.513
maize,MX07,20140211,43.161
maize,MX08,20140211,16.253
maize,MX09,20140211,20.494
maize,MX10,20140211,18.789
maize,MX11,20140211,37.427
maize,MX12,20140211,33.535
maize,MX13,20140211,32.696
maize,MX14,20140211,34.46
maize,MX15,20140211,25.401
maize,MX16,20140211,34.844
maize,MX17,20140211,29.922
maize,MX18,20140211,50.787
maize,MX19,20140211,36.824
maize,MX20,20140211,39.771
maize,MX21,20140211,24.124
maize,MX22,20140211,30.694
maize,MX23,20140211,82.064
maize,MX24,20140211,37.604
maize,MX25,20140211,61.315
maize,MX26,20140211,61.125
maize,MX27,20140211,55.529
maize,MX28,20140211,37.948
maize,MX29,20140211,20.497
maize,MX30,20140211,41.323
maize,MX31,20140211,72.198
maize,MX32,20140211,23.97
maize,MX01,20140221,28.258
maize,MX02,20140221,57.405
maize,MX03,20140221,31.498
maize,MX04,20140221,69.118
maize,MX05,20140221,31.451
maize,MX06,20140221,42.493
maize,MX07,20140221,42.716
maize,MX08,20140221,16.387
maize,MX09,20140221,19.878
maize,MX10,20140221,19.379
maize,MX11,20140221,39.491
maize,MX12,20140221,32.12
maize,MX13,20140221,32.418
maize,MX14,20140221,33.652
maize,MX15,20140221,24.185
maize,MX16,20140221,35.457
maize,MX17,20140221,28.173
maize,MX18,20140221,47.421
maize,MX19,20140221,37.949
maize,MX20,20140221,38.215
maize,MX21,20140221,23.198
maize,MX22,20140221,30.907
maize,MX23,20140221,81.446
maize,MX24,20140221,37.332
maize,MX25,20140221,61.227
maize,MX26,20140221,62.073
maize,MX27,20140221,56.147
maize,MX28,20140221,38.65
maize,MX29,20140221,19.862
maize,MX30,20140221,39.44
maize,MX31,20140221,69.499
maize,MX32,20140221,24.163
maize,MX01,20140301,27.862
maize,MX02,20140301,58.901
maize,MX03,20140301,30.889
maize,MX04,20140301,66.484
maize,MX05,20140301,31.502
maize,MX06,20140301,40.236
maize,MX07,20140301,42.436
maize,MX08,20140301,16.577
maize,MX09,20140301,19.57
maize,MX10,20140301,19.827
maize,MX11,20140301,40.457
maize,MX12,20140301,31.04
maize,MX13,20140301,32.097
maize,MX14,20140301,32.895
maize,MX15,20140301,23.411
maize,MX16,20140301,35.683
maize,MX17,20140301,26.994
maize,MX18,20140301,44.706
maize,MX19,20140301,38.694
maize,MX20,20140301,37.026
maize,MX21,20140301,22.608
maize,MX22,20140301,30.92
maize,MX23,20140301,81.058
maize,MX24,20140301,37.105
maize,MX25,20140301,60.517
maize,MX26,20140301,61.407
maize,MX27,20140301,56.191
maize,MX28,20140301,39.559
maize,MX29,20140301,19.529
maize,MX30,20140301,38.25
maize,MX31,20140301,67.03
maize,MX32,20140301,24.232
maize,MX01,20140311,27.042
maize,MX02,20140311,59.295
maize,MX03,20140311,29.645
maize,MX04,20140311,62.673
maize,MX05,20140311,31.201
maize,MX06,20140311,37.76
maize,MX07,20140311,42.04
maize,MX08,20140311,16.878
maize,MX09,20140311,19.536
maize,MX10,20140311,20.295
maize,MX11,20140311,40.477
maize,MX12,20140311,29.913
maize,MX13,20140311,31.617
maize,MX14,20140311,31.716
maize,MX15,20140311,22.77
maize,MX16,20140311,35.457
maize,MX17,20140311,25.842
maize,MX18,20140311,41.426
maize,MX19,20140311,39.315
maize,MX20,20140311,35.614
maize,MX21,20140311,22.003
maize,MX22,20140311,30.511
maize,MX23,20140311,80.328
maize,MX24,20140311,36.748
maize,MX25,20140311,58.963
maize,MX26,20140311,58.693
maize,MX27,20140311,55.84
maize,MX28,20140311,41.201
maize,MX29,20140311,19.263
maize,MX30,20140311,37.241
maize,MX31,20140311,63.534
maize,MX32,20140311,24.136
maize,MX01,20140321,25.948
maize,MX02,20140321,57.8
maize,MX03,20140321,28.054
maize,MX04,20140321,58.651
maize,MX05,20140321,30.558
maize,MX06,20140321,35.428
maize,MX07,20140321,41.402
maize,MX08,20140321,17.187
maize,MX09,20140321,19.655
maize,MX10,20140321,20.606
maize,MX11,20140321,38.914
maize,MX12,20140321,28.805
maize,MX13,20140321,31.075
maize,MX14,20140321,30.221
maize,MX15,20140321,22.465
maize,MX16,20140321,34.457
maize,MX17,20140321,24.882
maize,MX18,20140321,38.39
maize,MX19,20140321,39.35
maize,MX20,20140321,34.322
maize,MX21,20140321,21.543
maize,MX22,20140321,29.57
maize,MX23,20140321,79.263
maize,MX24,20140321,36.18
maize,MX25,20140321,56.638
maize,MX26,20140321,53.896
maize,MX27,20140321,55.164
maize,MX28,20140321,43.276
maize,MX29,20140321,19.154
maize,MX30,20140321,36.507
maize,MX31,20140321,60.03
maize,MX32,20140321,23.785
maize,MX01,20140401,24.688
maize,MX02,20140401,54.482
maize,MX03,20140401,26.109
maize,MX04,20140401,54.796
maize,MX05,20140401,29.555
maize,MX06,20140401,33.443
maize,MX07,20140401,40.604
maize,MX08,20140401,17.5
maize,MX09,20140401,19.969
maize,MX10,20140401,20.813
maize,MX11,20140401,35.675
maize,MX12,20140401,27.802
maize,MX13,20140401,30.544
maize,MX14,20140401,28.55
maize,MX15,20140401,22.477
maize,MX16,20140401,32.661
maize,MX17,20140401,24.073
maize,MX18,20140401,35.454
maize,MX19,20140401,38.728
maize,MX20,20140401,33.39
maize,MX21,20140401,21.245
maize,MX22,20140401,28.103
maize,MX23,20140401,78.02
maize,MX24,20140401,35.233
maize,MX25,20140401,53.3
maize,MX26,20140401,46.769
maize,MX27,20140401,54.474
maize,MX28,20140401,45.524
maize,MX29,20140401,19.123
maize,MX30,20140401,36.076
maize,MX31,20140401,56.546
maize,MX32,20140401,23.316
maize,MX01,20140411,23.593
maize,MX02,20140411,50.191
maize,MX03,20140411,24.552
maize,MX04,20140411,52.458
maize,MX05,20140411,28.587
maize,MX06,20140411,32.094
maize,MX07,20140411,39.977
maize,MX08,20140411,17.762
maize,MX09,20140411,20.161
maize,MX10,20140411,20.921
maize,MX11,20140411,32.022
maize,MX12,20140411,27.346
maize,MX13,20140411,30.363
maize,MX14,20140411,27.082
maize,MX15,20140411,22.766
maize,MX16,20140411,30.704
maize,MX17,20140411,23.658
maize,MX18,20140411,33.177
maize,MX19,20140411,37.651
maize,MX20,20140411,33.32
maize,MX21,20140411,21.195
maize,MX22,20140411,26.963
maize,MX23,20140411,76.912
maize,MX24,20140411,34.186
maize,MX25,20140411,49.607
maize,MX26,20140411,39.561
maize,MX27,20140411,54.385
maize,MX28,20140411,47.17
maize,MX29,20140411,19.189
maize,MX30,20140411,36.064
maize,MX31,20140411,54.347
maize,MX32,20140411,22.782
maize,MX01,20140421,22.815
maize,MX02,20140421,44.962
maize,MX03,20140421,23.397
maize,MX04,20140421,51.793
maize,MX05,20140421,27.975
maize,MX06,20140421,31.606
maize,MX07,20140421,39.859
maize,MX08,20140421,18.08
maize,MX09,20140421,20.407
maize,MX10,20140421,20.923
maize,MX11,20140421,28.831
maize,MX12,20140421,27.839
maize,MX13,20140421,30.792
maize,MX14,20140421,26.118
maize,MX15,20140421,23.639
maize,MX16,20140421,29.181
maize,MX17,20140421,23.77
maize,MX18,20140421,31.491
maize,MX19,20140421,36.495
maize,MX20,20140421,34.473
maize,MX21,20140421,21.664
maize,MX22,20140421,26.608
maize,MX23,20140421,75.906
maize,MX24,20140421,33.225
maize,MX25,20140421,45.363
maize,MX26,20140421,32.908
maize,MX27,20140421,54.988
maize,MX28,20140421,48.158
maize,MX29,20140421,19.534
maize,MX30,20140421,36.775
maize,MX31,20140421,53.658
maize,MX32,20140421,22.334
maize,MX01,20140501,22.675
maize,MX02,20140501,39.641
maize,MX03,20140501,22.566
maize,MX04,20140501,52.814
maize,MX05,20140501,28.136
maize,MX06,20140501,32.447
maize,MX07,20140501,40.603
maize,MX08,20140501,18.626
maize,MX09,20140501,21.549
maize,MX10,20140501,20.937
maize,MX11,20140501,26.987
maize,MX12,20140501,29.792
maize,MX13,20140501,32.114
maize,MX14,20140501,26.125
maize,MX15,20140501,25.426
maize,MX16,20140501,28.894
maize,MX17,20140501,24.722
maize,MX18,20140501,30.704
maize,MX19,20140501,35.696
maize,MX20,20140501,37.054
maize,MX21,20140501,23.016
maize,MX22,20140501,27.564
maize,MX23,20140501,75.549
maize,MX24,20140501,32.841
maize,MX25,20140501,40.863
maize,MX26,20140501,27.616
maize,MX27,20140501,56.104
maize,MX28,20140501,48.524
maize,MX29,20140501,20.71
maize,MX30,20140501,38.522
maize,MX31,20140501,54.459
maize,MX32,20140501,22.374
maize,MX01,20140511,23.553
maize,MX02,20140511,35.335
maize,MX03,20140511,21.991
maize,MX04,20140511,55.005
maize,MX05,20140511,29.226
maize,MX06,20140511,35.238
maize,MX07,20140511,42.423
maize,MX08,20140511,19.733
maize,MX09,20140511,23.61
maize,MX10,20140511,21.031
maize,MX11,20140511,27.224
maize,MX12,20140511,33.784
maize,MX13,20140511,34.403
maize,MX14,20140511,27.642
maize,MX15,20140511,28.488
maize,MX16,20140511,30.544
maize,MX17,20140511,27.043
maize,MX18,20140511,31.134
maize,MX19,20140511,35.452
maize,MX20,20140511,41.043
maize,MX21,20140511,25.525
maize,MX22,20140511,29.96
maize,MX23,20140511,75.458
maize,MX24,20140511,33.388
maize,MX25,20140511,36.487
maize,MX26,20140511,23.94
maize,MX27,20140511,57.354
maize,MX28,20140511,48.389
maize,MX29,20140511,23.04
maize,MX30,20140511,41.61
maize,MX31,20140511,56.659
maize,MX32,20140511,23.265
maize,MX01,20140521,25.561
maize,MX02,20140521,32.574
maize,MX03,20140521,21.609
maize,MX04,20140521,57.775
maize,MX05,20140521,30.963
maize,MX06,20140521,40.266
maize,MX07,20140521,45.466
maize,MX08,20140521,21.895
maize,MX09,20140521,27.077
maize,MX10,20140521,21.428
maize,MX11,20140521,29.841
maize,MX12,20140521,39.739
maize,MX13,20140521,37.638
maize,MX14,20140521,30.999
maize,MX15,20140521,32.836
maize,MX16,20140521,34.411
maize,MX17,20140521,31.085
maize,MX18,20140521,33.158
maize,MX19,20140521,35.73
maize,MX20,20140521,46.126
maize,MX21,20140521,29.411
maize,MX22,20140521,33.669
maize,MX23,20140521,75.738
maize,MX24,20140521,34.826
maize,MX25,20140521,32.661
maize,MX26,20140521,21.827
maize,MX27,20140521,58.416
maize,MX28,20140521,47.782
maize,MX29,20140521,26.718
maize,MX30,20140521,45.715
maize,MX31,20140521,59.762
maize,MX32,20140521,25.405
maize,MX01,20140601,29.36
maize,MX02,20140601,31.316
maize,MX03,20140601,21.503
maize,MX04,20140601,60.707
maize,MX05,20140601,33.247
maize,MX06,20140601,47.993
maize,MX07,20140601,49.702
maize,MX08,20140601,25.952
maize,MX09,20140601,32.727
maize,MX10,20140601,22.81
maize,MX11,20140601,35.289
maize,MX12,20140601,47.614
maize,MX13,20140601,42.131
maize,MX14,20140601,36.872
maize,MX15,20140601,38.949
maize,MX16,20140601,40.901
maize,MX17,20140601,37.227
maize,MX18,20140601,37.649
maize,MX19,20140601,36.37
maize,MX20,20140601,51.918
maize,MX21,20140601,35.132
maize,MX22,20140601,38.922
maize,MX23,20140601,76.19
maize,MX24,20140601,37.348
maize,MX25,20140601,29.584
maize,MX26,20140601,21.064
maize,MX27,20140601,58.937
maize,MX28,20140601,46.625
maize,MX29,20140601,32.221
maize,MX30,20140601,50.621
maize,MX31,20140601,63.533
maize,MX32,20140601,29.545
maize,MX01,20140611,34.091
maize,MX02,20140611,31.344
maize,MX03,20140611,21.68
maize,MX04,20140611,62.974
maize,MX05,20140611,35.345
maize,MX06,20140611,55.569
maize,MX07,20140611,53.697
maize,MX08,20140611,31.223
maize,MX09,20140611,38.794
maize,MX10,20140611,25.344
maize,MX11,20140611,41.956
maize,MX12,20140611,54.344
maize,MX13,20140611,46.641
maize,MX14,20140611,43.509
maize,MX15,20140611,45.049
maize,MX16,20140611,47.859
maize,MX17,20140611,43.175
maize,MX18,20140611,43.309
maize,MX19,20140611,37.023
maize,MX20,20140611,56.313
maize,MX21,20140611,40.879
maize,MX22,20140611,44.17
maize,MX23,20140611,76.712
maize,MX24,20140611,40.089
maize,MX25,20140611,28.153
maize,MX26,20140611,21.843
maize,MX27,20140611,59.196
maize,MX28,20140611,45.072
maize,MX29,20140611,38.11
maize,MX30,20140611,54.65
maize,MX31,20140611,66.64
maize,MX32,20140611,34.748
maize,MX01,20140621,39.741
maize,MX02,20140621,31.917
maize,MX03,20140621,22.278
maize,MX04,20140621,64.378
maize,MX05,20140621,37.17
maize,MX06,20140621,61.855
maize,MX07,20140621,56.827
maize,MX08,20140621,37.518
maize,MX09,20140621,44.695
maize,MX10,20140621,29.206
maize,MX11,20140621,49.455
maize,MX12,20140621,59.334
maize,MX13,20140621,51.126
maize,MX14,20140621,50.669
maize,MX15,20140621,50.973
maize,MX16,20140621,54.828
maize,MX17,20140621,48.326
maize,MX18,20140621,49.624
maize,MX19,20140621,37.889
maize,MX20,20140621,59.004
maize,MX21,20140621,46.233
maize,MX22,20140621,49.63
maize,MX23,20140621,77.337
maize,MX24,20140621,43.017
maize,MX25,20140621,28.133
maize,MX26,20140621,24.079
maize,MX27,20140621,59.19
maize,MX28,20140621,43.426
maize,MX29,20140621,44.068
maize,MX30,20140621,57.828
maize,MX31,20140621,68.742
maize,MX32,20140621,40.689
maize,MX01,20140701,45.428
maize,MX02,20140701,32.599
maize,MX03,20140701,23.29
maize,MX04,20140701,65.182
maize,MX05,20140701,38.478
maize,MX06,20140701,66.207
maize,MX07,20140701,58.845
maize,MX08,20140701,43.958
maize,MX09,20140701,49.834
maize,MX10,20140701,34.108
maize,MX11,20140701,56.864
maize,MX12,20140701,62.672
maize,MX13,20140701,55.116
maize,MX14,20140701,57.576
maize,MX15,20140701,56.278
maize,MX16,20140701,61.115
maize,MX17,20140701,52.658
maize,MX18,20140701,55.536
maize,MX19,20140701,38.901
maize,MX20,20140701,60.046
maize,MX21,20140701,50.796
maize,MX22,20140701,54.811
maize,MX23,20140701,77.692
maize,MX24,20140701,45.772
maize,MX25,20140701,29.438
maize,MX26,20140701,27.745
maize,MX27,20140701,59.243
maize,MX28,20140701,41.98
maize,MX29,20140701,49.71
maize,MX30,20140701,59.945
maize,MX31,20140701,69.965
maize,MX32,20140701,46.348
maize,MX01,20140711,50.086
maize,MX02,20140711,33.226
maize,MX03,20140711,24.518
maize,MX04,20140711,66.069
maize,MX05,20140711,39.121
maize,MX06,20140711,68.494
maize,MX07,20140711,60.041
maize,MX08,20140711,50.042
maize,MX09,20140711,53.366
maize,MX10,20140711,39.503
maize,MX11,20140711,63.119
maize,MX12,20140711,64.944
maize,MX13,20140711,58.046
maize,MX14,20140711,63.416
maize,MX15,20140711,60.311
maize,MX16,20140711,66.073
maize,MX17,20140711,56.576
maize,MX18,20140711,60.167
maize,MX19,20140711,39.834
maize,MX20,20140711,59.893
maize,MX21,20140711,54.174
maize,MX22,20140711,58.977
maize,MX23,20140711,78.291
maize,MX24,20140711,47.906
maize,MX25,20140711,31.72
maize,MX26,20140711,32.353
maize,MX27,20140711,59.49
maize,MX28,20140711,40.843
maize,MX29,20140711,54.382
maize,MX30,20140711,61.066
maize,MX31,20140711,70.881
maize,MX32,20140711,50.654
maize,MX01,20140721,53.099
maize,MX02,20140721,33.598
maize,MX03,20140721,25.676
maize,MX04,20140721,67.469
maize,MX05,20140721,39.292
maize,MX06,20140721,69.214
maize,MX07,20140721,60.817
maize,MX08,20140721,55.575
maize,MX09,20140721,55.005
maize,MX10,20140721,44.696
maize,MX11,20140721,67.489
maize,MX12,20140721,66.978
maize,MX13,20140721,59.535
maize,MX14,20140721,67.715
maize,MX15,20140721,62.884
maize,MX16,20140721,69.43
maize,MX17,20140721,60.465
maize,MX18,20140721,63.333
maize,MX19,20140721,40.463
maize,MX20,20140721,59.234
maize,MX21,20140721,56.382
maize,MX22,20140721,61.464
maize,MX23,20140721,78.896
maize,MX24,20140721,49.211
maize,MX25,20140721,34.258
maize,MX26,20140721,37.24
maize,MX27,20140721,59.791
maize,MX28,20140721,40.011
maize,MX29,20140721,57.519
maize,MX30,20140721,61.46
maize,MX31,20140721,71.558
maize,MX32,20140721,53.276
maize,MX01,20140801,54.534
maize,MX02,20140801,33.658
maize,MX03,20140801,27.004
maize,MX04,20140801,69.634
maize,MX05,20140801,39.191
maize,MX06,20140801,68.963
maize,MX07,20140801,61.509
maize,MX08,20140801,60.918
maize,MX09,20140801,55.058
maize,MX10,20140801,49.739
maize,MX11,20140801,70.046
maize,MX12,20140801,69.29
maize,MX13,20140801,59.655
maize,MX14,20140801,70.693
maize,MX15,20140801,64.216
maize,MX16,20140801,71.507
maize,MX17,20140801,64.625
maize,MX18,20140801,65.867
maize,MX19,20140801,40.975
maize,MX20,20140801,58.322
maize,MX21,20140801,57.79
maize,MX22,20140801,62.355
maize,MX23,20140801,79.224
maize,MX24,20140801,49.83
maize,MX25,20140801,36.519
maize,MX26,20140801,42.084
maize,MX27,20140801,60.057
maize,MX28,20140801,39.785
maize,MX29,20140801,59.034
maize,MX30,20140801,61.268
maize,MX31,20140801,72.033
maize,MX32,20140801,54.738
maize,MX01,20140811,55.031
maize,MX02,20140811,33.472
maize,MX03,20140811,28.7
maize,MX04,20140811,72.231
maize,MX05,20140811,39.151
maize,MX06,20140811,68.685
maize,MX07,20140811,62.603
maize,MX08,20140811,64.762
maize,MX09,20140811,54.114
maize,MX10,20140811,53.529
maize,MX11,20140811,70.69
maize,MX12,20140811,71.512
maize,MX13,20140811,58.837
maize,MX14,20140811,72.196
maize,MX15,20140811,64.393
maize,MX16,20140811,72.353
maize,MX17,20140811,68.203
maize,MX18,20140811,67.74
maize,MX19,20140811,41.458
maize,MX20,20140811,58.052
maize,MX21,20140811,58.702
maize,MX22,20140811,61.841
maize,MX23,20140811,79.635
maize,MX24,20140811,50.306
maize,MX25,20140811,37.841
maize,MX26,20140811,45.464
maize,MX27,20140811,60.414
maize,MX28,20140811,40.517
maize,MX29,20140811,59.054
maize,MX30,20140811,61.211
maize,MX31,20140811,72.657
maize,MX32,20140811,55.635
maize,MX01,20140821,54.997
maize,MX02,20140821,32.822
maize,MX03,20140821,31.263
maize,MX04,20140821,75.071
maize,MX05,20140821,39.41
maize,MX06,20140821,68.731
maize,MX07,20140821,64.203
maize,MX08,20140821,66.855
maize,MX09,20140821,52.775
maize,MX10,20140821,56.165
maize,MX11,20140821,69.933
maize,MX12,20140821,73.493
maize,MX13,20140821,57.315
maize,MX14,20140821,72.716
maize,MX15,20140821,63.794
maize,MX16,20140821,72.351
maize,MX17,20140821,71.181
maize,MX18,20140821,69.228
maize,MX19,20140821,42.284
maize,MX20,20140821,58.584
maize,MX21,20140821,59.415
maize,MX22,20140821,60.229
maize,MX23,20140821,80.321
maize,MX24,20140821,51.111
maize,MX25,20140821,38.459
maize,MX26,20140821,47.327
maize,MX27,20140821,60.88
maize,MX28,20140821,42.419
maize,MX29,20140821,58.139
maize,MX30,20140821,61.636
maize,MX31,20140821,73.544
maize,MX32,20140821,56.261
maize,MX01,20140901,54.244
maize,MX02,20140901,31.835
maize,MX03,20140901,35.018
maize,MX04,20140901,77.634
maize,MX05,20140901,39.971
maize,MX06,20140901,69.399
maize,MX07,20140901,66.229
maize,MX08,20140901,66.236
maize,MX09,20140901,50.922
maize,MX10,20140901,57.54
maize,MX11,20140901,67.791
maize,MX12,20140901,74.976
maize,MX13,20140901,55.173
maize,MX14,20140901,72.384
maize,MX15,20140901,62.416
maize,MX16,20140901,71.475
maize,MX17,20140901,73.3
maize,MX18,20140901,70.421
maize,MX19,20140901,44.012
maize,MX20,20140901,59.931
maize,MX21,20140901,59.972
maize,MX22,20140901,57.484
maize,MX23,20140901,80.916
maize,MX24,20140901,52.54
maize,MX25,20140901,38.43
maize,MX26,20140901,47.374
maize,MX27,20140901,61.556
maize,MX28,20140901,45.836
maize,MX29,20140901,56.414
maize,MX30,20140901,62.622
maize,MX31,20140901,74.577
maize,MX32,20140901,56.566
maize,MX01,20140911,52.652
maize,MX02,20140911,31.055
maize,MX03,20140911,39.318
maize,MX04,20140911,79.594
maize,MX05,20140911,40.635
maize,MX06,20140911,70.591
maize,MX07,20140911,67.916
maize,MX08,20140911,62.952
maize,MX09,20140911,49.173
maize,MX10,20140911,57.398
maize,MX11,20140911,64.803
maize,MX12,20140911,75.512
maize,MX13,20140911,53.103
maize,MX14,20140911,71.306
maize,MX15,20140911,60.741
maize,MX16,20140911,69.926
maize,MX17,20140911,73.884
maize,MX18,20140911,70.981
maize,MX19,20140911,46.293
maize,MX20,20140911,61.446
maize,MX21,20140911,59.904
maize,MX22,20140911,54.354
maize,MX23,20140911,81.628
maize,MX24,20140911,54.156
maize,MX25,20140911,37.821
maize,MX26,20140911,45.735
maize,MX27,20140911,62.055
maize,MX28,20140911,49.636
maize,MX29,20140911,54.132
maize,MX30,20140911,63.876
maize,MX31,20140911,75.848
maize,MX32,20140911,56.153
maize,MX01,20140921,49.947
maize,MX02,20140921,30.623
maize,MX03,20140921,43.694
maize,MX04,20140921,80.855
maize,MX05,20140921,40.939
maize,MX06,20140921,71.863
maize,MX07,20140921,68.964
maize,MX08,20140921,57.464
maize,MX09,20140921,47.388
maize,MX10,20140921,55.516
maize,MX11,20140921,60.884
maize,MX12,20140921,75.008
maize,MX13,20140921,50.901
maize,MX14,20140921,69.349
maize,MX15,20140921,58.531
maize,MX16,20140921,67.446
maize,MX17,20140921,72.947
maize,MX18,20140921,70.944
maize,MX19,20140921,48.563
maize,MX20,20140921,62.792
maize,MX21,20140921,58.857
maize,MX22,20140921,50.845
maize,MX23,20140921,82.47
maize,MX24,20140921,55.456
maize,MX25,20140921,36.754
maize,MX26,20140921,42.85
maize,MX27,20140921,62.582
maize,MX28,20140921,53.1
maize,MX29,20140921,51.094
maize,MX30,20140921,65.158
maize,MX31,20140921,77.084
maize,MX32,20140921,54.635
maize,MX01,20141001,46.253
maize,MX02,20141001,30.528
maize,MX03,20141001,47.002
maize,MX04,20141001,81.364
maize,MX05,20141001,40.469
maize,MX06,20141001,72.578
maize,MX07,20141001,69.079
maize,MX08,20141001,50.332
maize,MX09,20141001,45.531
maize,MX10,20141001,51.473
maize,MX11,20141001,56.214
maize,MX12,20141001,73.176
maize,MX13,20141001,48.652
maize,MX14,20141001,66.428
maize,MX15,20141001,55.703
maize,MX16,20141001,63.992
maize,MX17,20141001,70.479
maize,MX18,20141001,70.155
maize,MX19,20141001,50.021
maize,MX20,20141001,63.288
maize,MX21,20141001,56.64
maize,MX22,20141001,47.24
maize,MX23,20141001,83.216
maize,MX24,20141001,55.93
maize,MX25,20141001,34.728
maize,MX26,20141001,38.965
maize,MX27,20141001,62.677
maize,MX28,20141001,55.348
maize,MX29,20141001,47.458
maize,MX30,20141001,66.118
maize,MX31,20141001,78.175
maize,MX32,20141001,51.786
maize,MX01,20141011,41.937
maize,MX02,20141011,30.877
maize,MX03,20141011,48.162
maize,MX04,20141011,81.336
maize,MX05,20141011,39.022
maize,MX06,20141011,72.574
maize,MX07,20141011,68.372
maize,MX08,20141011,42.672
maize,MX09,20141011,43.343
maize,MX10,20141011,45.674
maize,MX11,20141011,50.986
maize,MX12,20141011,70.263
maize,MX13,20141011,46.291
maize,MX14,20141011,62.459
maize,MX15,20141011,52.377
maize,MX16,20141011,59.685
maize,MX17,20141011,66.914
maize,MX18,20141011,68.617
maize,MX19,20141011,49.827
maize,MX20,20141011,63.004
maize,MX21,20141011,53.367
maize,MX22,20141011,43.556
maize,MX23,20141011,83.647
maize,MX24,20141011,55.215
maize,MX25,20141011,31.995
maize,MX26,20141011,34.683
maize,MX27,20141011,62.727
maize,MX28,20141011,55.66
maize,MX29,20141011,43.438
maize,MX30,20141011,66.63
maize,MX31,20141011,78.876
maize,MX32,20141011,47.683
maize,MX01,20141021,37.509
maize,MX02,20141021,31.556
maize,MX03,20141021,47.344
maize,MX04,20141021,80.711
maize,MX05,20141021,36.953
maize,MX06,20141021,71.662
maize,MX07,20141021,67.07
maize,MX08,20141021,35.595
maize,MX09,20141021,40.931
maize,MX10,20141021,39.255
maize,MX11,20141021,45.317
maize,MX12,20141021,66.377
maize,MX13,20141021,43.724
maize,MX14,20141021,57.465
maize,MX15,20141021,48.539
maize,MX16,20141021,54.64
maize,MX17,20141021,62.491
maize,MX18,20141021,66.219
maize,MX19,20141021,48.138
maize,MX20,20141021,62.085
maize,MX21,20141021,49.307
maize,MX22,20141021,39.772
maize,MX23,20141021,83.863
maize,MX24,20141021,53.425
maize,MX25,20141021,29.278
maize,MX26,20141021,30.833
maize,MX27,20141021,62.466
maize,MX28,20141021,54.206
maize,MX29,20141021,39.222
maize,MX30,20141021,66.633
maize,MX31,20141021,79.115
maize,MX32,20141021,42.779
maize,MX01,20141101,33.198
maize,MX02,20141101,32.552
maize,MX03,20141101,45.13
maize,MX04,20141101,79.492
maize,MX05,20141101,34.422
maize,MX06,20141101,69.956
maize,MX07,20141101,65.099
maize,MX08,20141101,29.364
maize,MX09,20141101,37.723
maize,MX10,20141101,32.756
maize,MX11,20141101,39.148
maize,MX12,20141101,61.24
maize,MX13,20141101,40.852
maize,MX14,20141101,51.533
maize,MX15,20141101,43.989
maize,MX16,20141101,48.842
maize,MX17,20141101,56.983
maize,MX18,20141101,63.064
maize,MX19,20141101,45.335
maize,MX20,20141101,60.37
maize,MX21,20141101,44.425
maize,MX22,20141101,35.867
maize,MX23,20141101,83.751
maize,MX24,20141101,50.514
maize,MX25,20141101,27.267
maize,MX26,20141101,27.797
maize,MX27,20141101,62.249
maize,MX28,20141101,51.266
maize,MX29,20141101,34.725
maize,MX30,20141101,65.825
maize,MX31,20141101,78.703
maize,MX32,20141101,37.219
maize,MX01,20141111,30.041
maize,MX02,20141111,33.446
maize,MX03,20141111,42.844
maize,MX04,20141111,77.832
maize,MX05,20141111,32.292
maize,MX06,20141111,68.008
maize,MX07,20141111,62.664
maize,MX08,20141111,25.279
maize,MX09,20141111,34.36
maize,MX10,20141111,27.985
maize,MX11,20141111,34.082
maize,MX12,20141111,56.231
maize,MX13,20141111,38.355
maize,MX14,20141111,46.302
maize,MX15,20141111,39.78
maize,MX16,20141111,43.806
maize,MX17,20141111,51.75
maize,MX18,20141111,60.268
maize,MX19,20141111,42.648
maize,MX20,20141111,58.286
maize,MX21,20141111,40.096
maize,MX22,20141111,32.793
maize,MX23,20141111,83.291
maize,MX24,20141111,47.464
maize,MX25,20141111,26.861
maize,MX26,20141111,26.36
maize,MX27,20141111,61.808
maize,MX28,20141111,48.106
maize,MX29,20141111,31.036
maize,MX30,20141111,64.176
maize,MX31,20141111,77.775
maize,MX32,20141111,32.594
maize,MX01,20141121,27.603
maize,MX02,20141121,34.256
maize,MX03,20141121,40.662
maize,MX04,20141121,75.831
maize,MX05,20141121,30.265
maize,MX06,20141121,65.554
maize,MX07,20141121,59.684
maize,MX08,20141121,22.587
maize,MX09,20141121,30.572
maize,MX10,20141121,24.3
maize,MX11,20141121,29.865
maize,MX12,20141121,51.327
maize,MX13,20141121,36.042
maize,MX14,20141121,41.575
maize,MX15,20141121,35.699
maize,MX16,20141121,39.274
maize,MX17,20141121,46.738
maize,MX18,20141121,57.723
maize,MX19,20141121,40.178
maize,MX20,20141121,55.933
maize,MX21,20141121,36.14
maize,MX22,20141121,30.302
maize,MX23,20141121,82.858
maize,MX24,20141121,44.329
maize,MX25,20141121,27.826
maize,MX26,20141121,26.233
maize,MX27,20141121,61.452
maize,MX28,20141121,44.971
maize,MX29,20141121,27.905
maize,MX30,20141121,61.857
maize,MX31,20141121,76.314
maize,MX32,20141121,28.539
maize,MX01,20141201,25.813
maize,MX02,20141201,35.302
maize,MX03,20141201,38.899
maize,MX04,20141201,73.711
maize,MX05,20141201,28.635
maize,MX06,20141201,62.578
maize,MX07,20141201,56.372
maize,MX08,20141201,20.874
maize,MX09,20141201,26.61
maize,MX10,20141201,21.552
maize,MX11,20141201,26.77
maize,MX12,20141201,46.944
maize,MX13,20141201,34.136
maize,MX14,20141201,37.596
maize,MX15,20141201,31.991
maize,MX16,20141201,35.508
maize,MX17,20141201,42.307
maize,MX18,20141201,55.512
maize,MX19,20141201,37.917
maize,MX20,20141201,53.656
maize,MX21,20141201,32.713
maize,MX22,20141201,28.555
maize,MX23,20141201,82.347
maize,MX24,20141201,41.443
maize,MX25,20141201,30.205
maize,MX26,20141201,27.574
maize,MX27,20141201,61.256
maize,MX28,20141201,42.164
maize,MX29,20141201,25.268
maize,MX30,20141201,59.203
maize,MX31,20141201,74.52
maize,MX32,20141201,25.172
maize,MX01,20141211,24.729
maize,MX02,20141211,36.839
maize,MX03,20141211,37.562
maize,MX04,20141211,71.6
maize,MX05,20141211,27.702
maize,MX06,20141211,59.301
maize,MX07,20141211,52.955
maize,MX08,20141211,19.696
maize,MX09,20141211,23.356
maize,MX10,20141211,19.728
maize,MX11,20141211,25.09
maize,MX12,20141211,43.4
maize,MX13,20141211,33.036
maize,MX14,20141211,34.59
maize,MX15,20141211,29.097
maize,MX16,20141211,32.743
maize,MX17,20141211,38.655
maize,MX18,20141211,53.865
maize,MX19,20141211,36.103
maize,MX20,20141211,51.617
maize,MX21,20141211,30.031
maize,MX22,20141211,27.616
maize,MX23,20141211,81.925
maize,MX24,20141211,39.058
maize,MX25,20141211,34.011
maize,MX26,20141211,30.58
maize,MX27,20141211,61.024
maize,MX28,20141211,39.889
maize,MX29,20141211,23.209
maize,MX30,20141211,56.618
maize,MX31,20141211,72.504
maize,MX32,20141211,22.65
maize,MX01,20141221,24.205
maize,MX02,20141221,39.037
maize,MX03,20141221,36.647
maize,MX04,20141221,69.584
maize,MX05,20141221,27.432
maize,MX06,20141221,55.844
maize,MX07,20141221,49.779
maize,MX08,20141221,18.78
maize,MX09,20141221,21.075
maize,MX10,20141221,18.622
maize,MX11,20141221,24.962
maize,MX12,20141221,40.729
maize,MX13,20141221,32.738
maize,MX14,20141221,32.544
maize,MX15,20141221,27.197
maize,MX16,20141221,31.102
maize,MX17,20141221,35.765
maize,MX18,20141221,52.773
maize,MX19,20141221,34.772
maize,MX20,20141221,49.915
maize,MX21,20141221,28.177
maize,MX22,20141221,27.463
maize,MX23,20141221,81.838
maize,MX24,20141221,37.132
maize,MX25,20141221,39.02
maize,MX26,20141221,35.119
maize,MX27,20141221,60.646
maize,MX28,20141221,37.979
maize,MX29,20141221,21.978
maize,MX30,20141221,54.225
maize,MX31,20141221,70.559
maize,MX32,20141221,20.919
maize,MX01,20150101,23.92
maize,MX02,20150101,42.517
maize,MX03,20150101,35.909
maize,MX04,20150101,67.619
maize,MX05,20150101,27.638
maize,MX06,20150101,52.104
maize,MX07,20150101,47.057
maize,MX08,20150101,17.791
maize,MX09,20150101,19.738
maize,MX10,20150101,17.757
maize,MX11,20150101,26.608
maize,MX12,20150101,38.574
maize,MX13,20150101,32.866
maize,MX14,20150101,31.116
maize,MX15,20150101,26.018
maize,MX16,20150101,30.586
maize,MX17,20150101,33.329
maize,MX18,20150101,51.829
maize,MX19,20150101,33.836
maize,MX20,20150101,48.222
maize,MX21,20150101,26.804
maize,MX22,20150101,27.882
maize,MX23,20150101,81.86
maize,MX24,20150101,35.461
maize,MX25,20150101,45.422
maize,MX26,20150101,41.46
maize,MX27,20150101,59.999
maize,MX28,20150101,36.336
maize,MX29,20150101,21.253
maize,MX30,20150101,51.873
maize,MX31,20150101,68.499
maize,MX32,20150101,19.617
maize,MX01,20150111,23.825
maize,MX02,20150111,46.764
maize,MX03,20150111,35.51
maize,MX04,20150111,66.058
maize,MX05,20150111,28.5
maize,MX06,20150111,49.182
maize,MX07,20150111,45.515
maize,MX08,20150111,16.891
maize,MX09,20150111,19.31
maize,MX10,20150111,17.297
maize,MX11,20150111,29.489
maize,MX12,20150111,37.192
maize,MX13,20150111,33.021
maize,MX14,20150111,30.305
maize,MX15,20150111,25.493
maize,MX16,20150111,31.208
maize,MX17,20150111,31.666
maize,MX18,20150111,51.155
maize,MX19,20150111,33.611
maize,MX20,20150111,46.688
maize,MX21,20150111,25.929
maize,MX22,20150111,28.556
maize,MX23,20150111,81.929
maize,MX24,20150111,34.361
maize,MX25,20150111,51.627
maize,MX26,20150111,47.834
maize,MX27,20150111,59.577
maize,MX28,20150111,35.403
maize,MX29,20150111,20.986
maize,MX30,20150111,49.936
maize,MX31,20150111,66.924
maize,MX32,20150111,18.847
maize,MX01,20150121,23.748
maize,MX02,20150121,51.867
maize,MX03,20150121,35.666
maize,MX04,20150121,64.416
maize,MX05,20150121,29.809
maize,MX06,20150121,46.873
maize,MX07,20150121,44.548
maize,MX08,20150121,16.164
maize,MX09,20150121,19.218
maize,MX10,20150121,17.339
maize,MX11,20150121,33.201
maize,MX12,20150121,35.958
maize,MX13,20150121,33.131
maize,MX14,20150121,29.773
maize,MX15,20150121,25.084
maize,MX16,20150121,32.564
maize,MX17,20150121,30.208
maize,MX18,20150121,50.51
maize,MX19,20150121,33.868
maize,MX20,20150121,45.094
maize,MX21,20150121,25.055
maize,MX22,20150121,29.369
maize,MX23,20150121,81.744
maize,MX24,20150121,33.555
maize,MX25,20150121,57.683
maize,MX26,20150121,54.089
maize,MX27,20150121,59.227
maize,MX28,20150121,34.961
maize,MX29,20150121,20.63
maize,MX30,20150121,48.047
maize,MX31,20150121,65.472
maize,MX32,20150121,18.415
maize,MX01,20150201,23.759
maize,MX02,20150201,57.526
maize,MX03,20150201,36.22
maize,MX04,20150201,62.403
maize,MX05,20150201,31.58
maize,MX06,20150201,45.374
maize,MX07,20150201,43.759
maize,MX08,20150201,15.758
maize,MX09,20150201,19.264
maize,MX10,20150201,18.081
maize,MX11,20150201,37.229
maize,MX12,20150201,34.566
maize,MX13,20150201,33.069
maize,MX14,20150201,29.406
maize,MX15,20150201,24.485
maize,MX16,20150201,34.349
maize,MX17,20150201,28.755
maize,MX18,20150201,49.841
maize,MX19,20150201,34.531
maize,MX20,20150201,43.293
maize,MX21,20150201,23.958
maize,MX22,20150201,30.181
maize,MX23,20150201,81.098
maize,MX24,20150201,32.945
maize,MX25,20150201,63.384
maize,MX26,20150201,59.942
maize,MX27,20150201,58.893
maize,MX28,20150201,34.902
maize,MX29,20150201,20.016
maize,MX30,20150201,45.949
maize,MX31,20150201,63.884
maize,MX32,20150201,18.383
maize,MX01,20150211,23.87
maize,MX02,20150211,61.637
maize,MX03,20150211,36.856
maize,MX04,20150211,60.36
maize,MX05,20150211,33.107
maize,MX06,20150211,44.906
maize,MX07,20150211,42.943
maize,MX08,20150211,15.865
maize,MX09,20150211,19.292
maize,MX10,20150211,19.408
maize,MX11,20150211,40.155
maize,MX12,20150211,33.272
maize,MX13,20150211,32.877
maize,MX14,20150211,29.403
maize,MX15,20150211,24.013
maize,MX16,20150211,35.934
maize,MX17,20150211,27.544
maize,MX18,20150211,49.3
maize,MX19,20150211,35.133
maize,MX20,20150211,41.683
maize,MX21,20150211,22.995
maize,MX22,20150211,30.75
maize,MX23,20150211,79.96
maize,MX24,20150211,32.72
maize,MX25,20150211,66.905
maize,MX26,20150211,63.735
maize,MX27,20150211,58.428
maize,MX28,20150211,35.298
maize,MX29,20150211,19.344
maize,MX30,20150211,44.079
maize,MX31,20150211,62.493
maize,MX32,20150211,18.93
maize,MX01,20150221,24.152
maize,MX02,20150221,64.279
maize,MX03,20150221,37.249
maize,MX04,20150221,58.374
maize,MX05,20150221,34.357
maize,MX06,20150221,44.962
maize,MX07,20150221,41.954
maize,MX08,20150221,16.319
maize,MX09,20150221,19.538
maize,MX10,20150221,21.248
maize,MX11,20150221,42.191
maize,MX12,20150221,32.135
maize,MX13,20150221,32.922
maize,MX14,20150221,29.794
maize,MX15,20150221,23.86
maize,MX16,20150221,37.308
maize,MX17,20150221,26.531
maize,MX18,20150221,48.526
maize,MX19,20150221,35.809
maize,MX20,20150221,40.355
maize,MX21,20150221,22.327
maize,MX22,20150221,31.351
maize,MX23,20150221,78.316
maize,MX24,20150221,32.917
maize,MX25,20150221,68.433
maize,MX26,20150221,65.6
maize,MX27,20150221,57.675
maize,MX28,20150221,36.345
maize,MX29,20150221,18.89
maize,MX30,20150221,42.687
maize,MX31,20150221,60.936
maize,MX32,20150221,20.038
maize,MX01,20150301,24.6
maize,MX02,20150301,65.279
maize,MX03,20150301,37.374
maize,MX04,20150301,57.16
maize,MX05,20150301,35.238
maize,MX06,20150301,45.404
maize,MX07,20150301,41.179
maize,MX08,20150301,16.87
maize,MX09,20150301,20.189
maize,MX10,20150301,22.936
maize,MX11,20150301,43.139
maize,MX12,20150301,31.523
maize,MX13,20150301,33.378
maize,MX14,20150301,30.536
maize,MX15,20150301,24.224
maize,MX16,20150301,38.324
maize,MX17,20150301,26.031
maize,MX18,20150301,47.782
maize,MX19,20150301,36.685
maize,MX20,20150301,39.647
maize,MX21,20150301,22.148
maize,MX22,20150301,31.895
maize,MX23,20150301,76.795
maize,MX24,20150301,33.558
maize,MX25,20150301,68.311
maize,MX26,20150301,65.497
maize,MX27,20150301,57.11
maize,MX28,20150301,37.843
maize,MX29,20150301,18.855
maize,MX30,20150301,42.279
maize,MX31,20150301,59.83
maize,MX32,20150301,21.358
maize,MX01,20150311,25.622
maize,MX02,20150311,65.012
maize,MX03,20150311,37.124
maize,MX04,20150311,56.282
maize,MX05,20150311,36.313
maize,MX06,20150311,46.537
maize,MX07,20150311,40.432
maize,MX08,20150311,17.689
maize,MX09,20150311,21.462
maize,MX10,20150311,25.228
maize,MX11,20150311,43.517
maize,MX12,20150311,31.244
maize,MX13,20150311,34.568
maize,MX14,20150311,31.978
maize,MX15,20150311,25.247
maize,MX16,20150311,39.497
maize,MX17,20150311,25.967
maize,MX18,20150311,46.886
maize,MX19,20150311,38.431
maize,MX20,20150311,39.287
maize,MX21,20150311,22.436
maize,MX22,20150311,32.839
maize,MX23,20150311,75.021
maize,MX24,20150311,35.011
maize,MX25,20150311,66.741
maize,MX26,20150311,63.016
maize,MX27,20150311,56.718
maize,MX28,20150311,40.718
maize,MX29,20150311,19.275
maize,MX30,20150311,42.553
maize,MX31,20150311,58.441
maize,MX32,20150311,23.558
maize,MX01,20150321,27.033
maize,MX02,20150321,62.971
maize,MX03,20150321,36.016
maize,MX04,20150321,55.792
maize,MX05,20150321,37.227
maize,MX06,20150321,48.012
maize,MX07,20150321,39.977
maize,MX08,20150321,18.52
maize,MX09,20150321,23.194
maize,MX10,20150321,27.498
maize,MX11,20150321,43.108
maize,MX12,20150321,31.213
maize,MX13,20150321,36.37
maize,MX14,20150321,33.653
maize,MX15,20150321,26.767
maize,MX16,20150321,40.465
maize,MX17,20150321,26.267
maize,MX18,20150321,46.082
maize,MX19,20150321,40.948
maize,MX20,20150321,39.404
maize,MX21,20150321,23.323
maize,MX22,20150321,34.142
maize,MX23,20150321,73.315
maize,MX24,20150321,37.129
maize,MX25,20150321,63.792
maize,MX26,20150321,57.75
maize,MX27,20150321,56.529
maize,MX28,20150321,44.652
maize,MX29,20150321,20.272
maize,MX30,20150321,43.545
maize,MX31,20150321,56.666
maize,MX32,20150321,26.008
maize,MX01,20150401,28.465
maize,MX02,20150401,58.332
maize,MX03,20150401,33.844
maize,MX04,20150401,54.782
maize,MX05,20150401,37.483
maize,MX06,20150401,48.967
maize,MX07,20150401,39.882
maize,MX08,20150401,19.348
maize,MX09,20150401,25.421
maize,MX10,20150401,29.506
maize,MX11,20150401,41.661
maize,MX12,20150401,31.111
maize,MX13,20150401,38.504
maize,MX14,20150401,34.999
maize,MX15,20150401,28.512
maize,MX16,20150401,40.886
maize,MX17,20150401,27.075
maize,MX18,20150401,45.042
maize,MX19,20150401,43.784
maize,MX20,20150401,40.019
maize,MX21,20150401,24.779
maize,MX22,20150401,35.658
maize,MX23,20150401,71.582
maize,MX24,20150401,39.509
maize,MX25,20150401,59.084
maize,MX26,20150401,49.616
maize,MX27,20150401,56.08
maize,MX28,20150401,49.466
maize,MX29,20150401,21.919
maize,MX30,20150401,45.025
maize,MX31,20150401,54.488
maize,MX32,20150401,28.389
maize,MX01,20150411,29.127
maize,MX02,20150411,52.52
maize,MX03,20150411,31.524
maize,MX04,20150411,53.227
maize,MX05,20150411,37.05
maize,MX06,20150411,48.578
maize,MX07,20150411,40.217
maize,MX08,20150411,19.925
maize,MX09,20150411,27.708
maize,MX10,20150411,30.391
maize,MX11,20150411,39.584
maize,MX12,20150411,30.906
maize,MX13,20150411,40.153
maize,MX14,20150411,35.171
maize,MX15,20150411,29.823
maize,MX16,20150411,40.453
maize,MX17,20150411,27.949
maize,MX18,20150411,43.863
maize,MX19,20150411,45.973
maize,MX20,20150411,41.032
maize,MX21,20150411,26.305
maize,MX22,20150411,36.852
maize,MX23,20150411,70.289
maize,MX24,20150411,41.155
maize,MX25,20150411,53.703
maize,MX26,20150411,41.744
maize,MX27,20150411,55.385
maize,MX28,20150411,53.492
maize,MX29,20150411,23.746
maize,MX30,20150411,46.438
maize,MX31,20150411,52.397
maize,MX32,20150411,29.509
maize,MX01,20150421,29.036
maize,MX02,20150421,46.102
maize,MX03,20150421,29.309
maize,MX04,20150421,51.625
maize,MX05,20150421,36.493
maize,MX06,20150421,46.947
maize,MX07,20150421,40.82
maize,MX08,20150421,20.345
maize,MX09,20150421,30.356
maize,MX10,20150421,30.173
maize,MX11,20150421,37.349
maize,MX12,20150421,30.985
maize,MX13,20150421,41.554
maize,MX14,20150421,34.26
maize,MX15,20150421,31.162
maize,MX16,20150421,39.502
maize,MX17,20150421,28.675
maize,MX18,20150421,42.35
maize,MX19,20150421,47.646
maize,MX20,20150421,42.231
maize,MX21,20150421,27.848
maize,MX22,20150421,38.291
maize,MX23,20150421,69.185
maize,MX24,20150421,42.082
maize,MX25,20150421,47.627
maize,MX26,20150421,34.722
maize,MX27,20150421,54.645
maize,MX28,20150421,56.478
maize,MX29,20150421,25.887
maize,MX30,20150421,47.545
maize,MX31,20150421,50.755
maize,MX32,20150421,29.526
maize,MX01,20150501,28.578
maize,MX02,20150501,40.347
maize,MX03,20150501,27.419
maize,MX04,20150501,50.548
maize,MX05,20150501,36.5
maize,MX06,20150501,44.911
maize,MX07,20150501,41.828
maize,MX08,20150501,20.732
maize,MX09,20150501,33.639
maize,MX10,20150501,29.193
maize,MX11,20150501,35.943
maize,MX12,20150501,32.187
maize,MX13,20150501,42.916
maize,MX14,20150501,32.953
maize,MX15,20150501,33.128
maize,MX16,20150501,38.944
maize,MX17,20150501,29.76
maize,MX18,20150501,40.577
maize,MX19,20150501,48.882
maize,MX20,20150501,43.807
maize,MX21,20150501,29.762
maize,MX22,20150501,40.399
maize,MX23,20150501,68.562
maize,MX24,20150501,42.53
maize,MX25,20150501,41.281
maize,MX26,20150501,29.362
maize,MX27,20150501,54.447
maize,MX28,20150501,57.89
maize,MX29,20150501,28.57
maize,MX30,20150501,48.409
maize,MX31,20150501,50.183
maize,MX32,20150501,28.787
maize,MX01,20150511,28.564
maize,MX02,20150511,35.949
maize,MX03,20150511,26.081
maize,MX04,20150511,50.328
maize,MX05,20150511,37.32
maize,MX06,20150511,43.261
maize,MX07,20150511,43.362
maize,MX08,20150511,21.579
maize,MX09,20150511,37.467
maize,MX10,20150511,28.216
maize,MX11,20150511,36.222
maize,MX12,20150511,35.106
maize,MX13,20150511,44.568
maize,MX14,20150511,32.255
maize,MX15,20150511,36.292
maize,MX16,20150511,39.676
maize,MX17,20150511,32.064
maize,MX18,20150511,38.931
maize,MX19,20150511,49.911
maize,MX20,20150511,45.72
maize,MX21,20150511,32.447
maize,MX22,20150511,43.465
maize,MX23,20150511,68.229
maize,MX24,20150511,42.958
maize,MX25,20150511,35.464
maize,MX26,20150511,25.883
maize,MX27,20150511,54.736
maize,MX28,20150511,57.716
maize,MX29,20150511,32.152
maize,MX30,20150511,49.09
maize,MX31,20150511,50.771
maize,MX32,20150511,28.223
maize,MX01,20150521,29.625
maize,MX02,20150521,33.21
maize,MX03,20150521,25.177
maize,MX04,20150521,51.15
maize,MX05,20150521,38.988
maize,MX06,20150521,42.692
maize,MX07,20150521,45.517
maize,MX08,20150521,23.601
maize,MX09,20150521,41.413
maize,MX10,20150521,28.097
maize,MX11,20150521,38.594
maize,MX12,20150521,39.818
maize,MX13,20150521,46.718
maize,MX14,20150521,33.153
maize,MX15,20150521,40.677
maize,MX16,20150521,42.266
maize,MX17,20150521,35.934
maize,MX18,20150521,38.022
maize,MX19,20150521,50.733
maize,MX20,20150521,48.076
maize,MX21,20150521,36.099
maize,MX22,20150521,47.137
maize,MX23,20150521,68.336
maize,MX24,20150521,43.572
maize,MX25,20150521,30.68
maize,MX26,20150521,24.135
maize,MX27,20150521,55.634
maize,MX28,20150521,56.242
maize,MX29,20150521,36.763
maize,MX30,20150521,49.952
maize,MX31,20150521,52.513
maize,MX32,20150521,28.749
maize,MX01,20150601,32.671
maize,MX02,20150601,31.736
maize,MX03,20150601,24.478
maize,MX04,20150601,53.089
maize,MX05,20150601,41.0
maize,MX06,20150601,43.986
maize,MX07,20150601,48.4
maize,MX08,20150601,27.818
maize,MX09,20150601,45.215
maize,MX10,20150601,29.862
maize,MX11,20150601,43.375
maize,MX12,20150601,46.248
maize,MX13,20150601,49.667
maize,MX14,20150601,36.579
maize,MX15,20150601,46.398
maize,MX16,20150601,47.143
maize,MX17,20150601,41.535
maize,MX18,20150601,38.614
maize,MX19,20150601,51.072
maize,MX20,20150601,50.99
maize,MX21,20150601,41.032
maize,MX22,20150601,51.267
maize,MX23,20150601,69.091
maize,MX24,20150601,44.515
maize,MX25,20150601,26.937
maize,MX26,20150601,23.913
maize,MX27,20150601,57.252
maize,MX28,20150601,53.518
maize,MX29,20150601,42.931
maize,MX30,20150601,51.304
maize,MX31,20150601,55.21
maize,MX32,20150601,31.352
maize,MX01,20150611,37.161
maize,MX02,20150611,31.296
maize,MX03,20150611,24.11
maize,MX04,20150611,55.294
maize,MX05,20150611,42.614
maize,MX06,20150611,46.819
maize,MX07,20150611,51.118
maize,MX08,20150611,33.641
maize,MX09,20150611,47.894
maize,MX10,20150611,33.556
maize,MX11,20150611,49.106
maize,MX12,20150611,51.721
maize,MX13,20150611,52.767
maize,MX14,20150611,41.852
maize,MX15,20150611,51.771
maize,MX16,20150611,52.739
maize,MX17,20150611,46.626
maize,MX18,20150611,40.854
maize,MX19,20150611,50.956
maize,MX20,20150611,53.518
maize,MX21,20150611,45.68
maize,MX22,20150611,54.848
maize,MX23,20150611,70.501
maize,MX24,20150611,45.714
maize,MX25,20150611,25.014
maize,MX26,20150611,25.281
maize,MX27,20150611,58.732
maize,MX28,20150611,50.362
maize,MX29,20150611,48.976
maize,MX30,20150611,52.95
maize,MX31,20150611,58.01
maize,MX32,20150611,35.743
maize,MX01,20150621,42.458
maize,MX02,20150621,30.97
maize,MX03,20150621,23.921
maize,MX04,20150621,57.664
maize,MX05,20150621,43.702
maize,MX06,20150621,50.648
maize,MX07,20150621,53.49
maize,MX08,20150621,40.922
maize,MX09,20150621,49.914
maize,MX10,20150621,38.93
maize,MX11,20150621,55.391
maize,MX12,20150621,55.987
maize,MX13,20150621,55.759
maize,MX14,20150621,48.428
maize,MX15,20150621,56.579
maize,MX16,20150621,58.458
maize,MX17,20150621,50.76
maize,MX18,20150621,44.506
maize,MX19,20150621,50.347
maize,MX20,20150621,55.411
maize,MX21,20150621,49.852
maize,MX22,20150621,57.992
maize,MX23,20150621,72.559
maize,MX24,20150621,47.163
maize,MX25,20150621,24.411
maize,MX26,20150621,28.027
maize,MX27,20150621,59.928
maize,MX28,20150621,47.211
maize,MX29,20150621,54.52
maize,MX30,20150621,54.763
maize,MX31,20150621,60.831
maize,MX32,20150621,41.339
maize,MX01,20150701,47.703
maize,MX02,20150701,30.757
maize,MX03,20150701,23.814
maize,MX04,20150701,59.84
maize,MX05,20150701,43.929
maize,MX06,20150701,55.128
maize,MX07,20150701,55.426
maize,MX08,20150701,48.67
maize,MX09,20150701,51.276
maize,MX10,20150701,44.874
maize,MX11,20150701,61.236
maize,MX12,20150701,59.028
maize,MX13,20150701,57.853
maize,MX14,20150701,55.591
maize,MX15,20150701,60.329
maize,MX16,20150701,63.575
maize,MX17,20150701,54.03
maize,MX18,20150701,49.099
maize,MX19,20150701,49.323
maize,MX20,20150701,56.748
maize,MX21,20150701,53.158
maize,MX22,20150701,60.117
maize,MX23,20150701,74.462
maize,MX24,20150701,48.684
maize,MX25,20150701,25.166
maize,MX26,20150701,31.877
maize,MX27,20150701,60.651
maize,MX28,20150701,44.578
maize,MX29,20150701,59.019
maize,MX30,20150701,56.793
maize,MX31,20150701,63.313
maize,MX32,20150701,47.234
maize,MX01,20150711,51.745
maize,MX02,20150711,30.556
maize,MX03,20150711,24.053
maize,MX04,20150711,61.75
maize,MX05,20150711,43.315
maize,MX06,20150711,59.078
maize,MX07,20150711,56.97
maize,MX08,20150711,55.747
maize,MX09,20150711,52.003
maize,MX10,20150711,49.837
maize,MX11,20150711,65.786
maize,MX12,20150711,61.201
maize,MX13,20150711,58.687
maize,MX14,20150711,62.445
maize,MX15,20150711,62.786
maize,MX16,20150711,67.52
maize,MX17,20150711,57.032
maize,MX18,20150711,53.944
maize,MX19,20150711,47.585
maize,MX20,20150711,57.578
maize,MX21,20150711,55.315
maize,MX22,20150711,61.111
maize,MX23,20150711,76.297
maize,MX24,20150711,49.83
maize,MX25,20150711,27.044
maize,MX26,20150711,36.164
maize,MX27,20150711,60.917
maize,MX28,20150711,42.408
maize,MX29,20150711,61.688
maize,MX30,20150711,58.439
maize,MX31,20150711,65.504
maize,MX32,20150711,52.249
maize,MX01,20150721,54.101
maize,MX02,20150721,30.2
maize,MX03,20150721,24.712
maize,MX04,20150721,63.886
maize,MX05,20150721,41.956
maize,MX06,20150721,62.326
maize,MX07,20150721,58.496
maize,MX08,20150721,61.465
maize,MX09,20150721,52.253
maize,MX10,20150721,53.054
maize,MX11,20150721,68.482
maize,MX12,20150721,63.113
maize,MX13,20150721,58.328
maize,MX14,20150721,68.134
maize,MX15,20150721,64.015
maize,MX16,20150721,70.159
maize,MX17,20150721,59.814
maize,MX18,20150721,58.652
maize,MX19,20150721,45.382
maize,MX20,20150721,58.202
maize,MX21,20150721,56.287
maize,MX22,20150721,60.959
maize,MX23,20150721,77.804
maize,MX24,20150721,50.374
maize,MX25,20150721,29.736
maize,MX26,20150721,40.282
maize,MX27,20150721,60.773
maize,MX28,20150721,40.809
maize,MX29,20150721,62.358
maize,MX30,20150721,59.691
maize,MX31,20150721,67.306
maize,MX32,20150721,55.727
maize,MX01,20150801,55.02
maize,MX02,20150801,29.787
maize,MX03,20150801,25.6
maize,MX04,20150801,66.457
maize,MX05,20150801,40.191
maize,MX06,20150801,64.961
maize,MX07,20150801,60.149
maize,MX08,20150801,65.679
maize,MX09,20150801,51.834
maize,MX10,20150801,54.55
maize,MX11,20150801,69.131
maize,MX12,20150801,65.21
maize,MX13,20150801,56.803
maize,MX14,20150801,72.492
maize,MX15,20150801,64.093
maize,MX16,20150801,71.547
maize,MX17,20150801,62.457
maize,MX18,20150801,63.272
maize,MX19,20150801,43.011
maize,MX20,20150801,58.635
maize,MX21,20150801,56.117
maize,MX22,20150801,59.507
maize,MX23,20150801,78.589
maize,MX24,20150801,50.41
maize,MX25,20150801,32.963
maize,MX26,20150801,43.951
maize,MX27,20150801,60.165
maize,MX28,20150801,39.985
maize,MX29,20150801,60.969
maize,MX30,20150801,60.3
maize,MX31,20150801,69.082
maize,MX32,20150801,57.869
maize,MX01,20150811,54.84
maize,MX02,20150811,29.346
maize,MX03,20150811,26.252
maize,MX04,20150811,69.395
maize,MX05,20150811,38.865
maize,MX06,20150811,66.787
maize,MX07,20150811,62.028
maize,MX08,20150811,67.336
maize,MX09,20150811,51.372
maize,MX10,20150811,54.529
maize,MX11,20150811,67.863
maize,MX12,20150811,67.343
maize,MX13,20150811,55.105
maize,MX14,20150811,74.602
maize,MX15,20150811,63.407
maize,MX16,20150811,71.54
maize,MX17,20150811,64.56
maize,MX18,20150811,66.716
maize,MX19,20150811,41.552
maize,MX20,20150811,59.335
maize,MX21,20150811,55.658
maize,MX22,20150811,57.316
maize,MX23,20150811,78.964
maize,MX24,20150811,50.563
maize,MX25,20150811,35.65
maize,MX26,20150811,46.277
maize,MX27,20150811,59.664
maize,MX28,20150811,40.211
maize,MX29,20150811,58.621
maize,MX30,20150811,60.965
maize,MX31,20150811,70.834
maize,MX32,20150811,58.691
maize,MX01,20150821,54.261
maize,MX02,20150821,28.905
maize,MX03,20150821,26.664
maize,MX04,20150821,72.616
maize,MX05,20150821,38.002
maize,MX06,20150821,68.529
maize,MX07,20150821,64.274
maize,MX08,20150821,66.759
maize,MX09,20150821,51.058
maize,MX10,20150821,53.669
maize,MX11,20150821,65.501
maize,MX12,20150821,69.727
maize,MX13,20150821,53.661
maize,MX14,20150821,75.168
maize,MX15,20150821,62.368
maize,MX16,20150821,70.643
maize,MX17,20150821,66.455
maize,MX18,20150821,69.279
maize,MX19,20150821,40.874
maize,MX20,20150821,60.404
maize,MX21,20150821,55.497
maize,MX22,20150821,54.794
maize,MX23,20150821,79.06
maize,MX24,20150821,51.254
maize,MX25,20150821,37.637
maize,MX26,20150821,47.564
maize,MX27,20150821,59.394
maize,MX28,20150821,41.569
maize,MX29,20150821,55.938
maize,MX30,20150821,62.067
maize,MX31,20150821,72.875
maize,MX32,20150821,58.823
maize,MX01,20150901,53.39
maize,MX02,20150901,28.514
maize,MX03,20150901,27.26
maize,MX04,20150901,76.107
maize,MX05,20150901,37.573
maize,MX06,20150901,70.206
maize,MX07,20150901,66.909
maize,MX08,20150901,63.392
maize,MX09,20150901,49.908
maize,MX10,20150901,52.223
maize,MX11,20150901,62.068
maize,MX12,20150901,72.087
maize,MX13,20150901,52.114
maize,MX14,20150901,74.332
maize,MX15,20150901,60.757
maize,MX16,20150901,68.696
maize,MX17,20150901,68.204
maize,MX18,20150901,71.061
maize,MX19,20150901,41.002
maize,MX20,20150901,61.762
maize,MX21,20150901,55.495
maize,MX22,20150901,51.69
maize,MX23,20150901,79.329
maize,MX24,20150901,52.475
maize,MX25,20150901,38.671
maize,MX26,20150901,47.72
maize,MX27,20150901,59.792
maize,MX28,20150901,43.998
maize,MX29,20150901,52.658
maize,MX30,20150901,63.639
maize,MX31,20150901,75.166
maize,MX32,20150901,58.358
maize,MX01,20150911,52.197
maize,MX02,20150911,28.279
maize,MX03,20150911,27.954
maize,MX04,20150911,78.818
maize,MX05,20150911,37.386
maize,MX06,20150911,71.474
maize,MX07,20150911,68.961
maize,MX08,20150911,58.223
maize,MX09,20150911,48.067
maize,MX10,20150911,50.701
maize,MX11,20150911,58.357
maize,MX12,20150911,73.426
maize,MX13,20150911,50.54
maize,MX14,20150911,72.268
maize,MX15,20150911,58.837
maize,MX16,20150911,66.049
maize,MX17,20150911,69.127
maize,MX18,20150911,71.69
maize,MX19,20150911,41.468
maize,MX20,20150911,62.732
maize,MX21,20150911,55.3
maize,MX22,20150911,48.516
maize,MX23,20150911,79.711
maize,MX24,20150911,53.697
maize,MX25,20150911,38.492
maize,MX26,20150911,46.811
maize,MX27,20150911,60.667
maize,MX28,20150911,46.387
maize,MX29,20150911,49.413
maize,MX30,20150911,65.124
maize,MX31,20150911,77.222
maize,MX32,20150911,57.296
maize,MX01,20150921,50.284
maize,MX02,20150921,28.056
maize,MX03,20150921,28.718
maize,MX04,20150921,80.873
maize,MX05,20150921,37.163
maize,MX06,20150921,72.403
maize,MX07,20150921,70.363
maize,MX08,20150921,51.651
maize,MX09,20150921,45.668
maize,MX10,20150921,48.71
maize,MX11,20150921,54.059
maize,MX12,20150921,73.341
maize,MX13,20150921,48.624
maize,MX14,20150921,68.879
maize,MX15,20150921,56.279
maize,MX16,20150921,62.447
maize,MX17,20150921,68.763
maize,MX18,20150921,71.36
maize,MX19,20150921,41.96
maize,MX20,20150921,63.014
maize,MX21,20150921,54.355
maize,MX22,20150921,45.049
maize,MX23,20150921,80.308
maize,MX24,20150921,54.596
maize,MX25,20150921,37.344
maize,MX26,20150921,44.927
maize,MX27,20150921,61.888
maize,MX28,20150921,48.392
maize,MX29,20150921,45.845
maize,MX30,20150921,66.442
maize,MX31,20150921,79.011
maize,MX32,20150921,55.323
maize,MX01,20151001,47.77
maize,MX02,20151001,27.964
maize,MX03,20151001,29.403
maize,MX04,20151001,82.07
maize,MX05,20151001,36.711
maize,MX06,20151001,72.931
maize,MX07,20151001,70.809
maize,MX08,20151001,44.501
maize,MX09,20151001,42.428
maize,MX10,20151001,45.899
maize,MX11,20151001,49.31
maize,MX12,20151001,71.537
maize,MX13,20151001,46.458
maize,MX14,20151001,64.364
maize,MX15,20151001,53.06
maize,MX16,20151001,58.08
maize,MX17,20151001,66.691
maize,MX18,20151001,70.228
maize,MX19,20151001,42.336
maize,MX20,20151001,62.533
maize,MX21,20151001,52.299
maize,MX22,20151001,41.521
maize,MX23,20151001,81.103
maize,MX24,20151001,55.0
maize,MX25,20151001,35.357
maize,MX26,20151001,42.026
maize,MX27,20151001,63.313
maize,MX28,20151001,49.65
maize,MX29,20151001,41.99
maize,MX30,20151001,67.48
maize,MX31,20151001,80.309
maize,MX32,20151001,52.355
maize,MX01,20151011,45.181
maize,MX02,20151011,28.057
maize,MX03,20151011,29.98
maize,MX04,20151011,82.414
maize,MX05,20151011,35.909
maize,MX06,20151011,72.814
maize,MX07,20151011,70.199
maize,MX08,20151011,37.598
maize,MX09,20151011,38.982
maize,MX10,20151011,42.338
maize,MX11,20151011,44.613
maize,MX12,20151011,68.399
maize,MX13,20151011,44.494
maize,MX14,20151011,59.352
maize,MX15,20151011,49.608
maize,MX16,20151011,53.541
maize,MX17,20151011,63.221
maize,MX18,20151011,68.393
maize,MX19,20151011,42.482
maize,MX20,20151011,61.357
maize,MX21,20151011,49.449
maize,MX22,20151011,38.422
maize,MX23,20151011,81.735
maize,MX24,20151011,54.726
maize,MX25,20151011,33.014
maize,MX26,20151011,38.276
maize,MX27,20151011,64.648
maize,MX28,20151011,49.929
maize,MX29,20151011,38.373
maize,MX30,20151011,68.033
maize,MX31,20151011,81.008
maize,MX32,20151011,48.798
maize,MX01,20151021,42.93
maize,MX02,20151021,28.419
maize,MX03,20151021,30.304
maize,MX04,20151021,82.051
maize,MX05,20151021,34.903
maize,MX06,20151021,72.241
maize,MX07,20151021,68.946
maize,MX08,20151021,31.603
maize,MX09,20151021,35.854
maize,MX10,20151021,38.213
maize,MX11,20151021,40.348
maize,MX12,20151021,64.667
maize,MX13,20151021,43.176
maize,MX14,20151021,54.613
maize,MX15,20151021,46.339
maize,MX16,20151021,49.349
maize,MX17,20151021,59.094
maize,MX18,20151021,66.161
maize,MX19,20151021,42.499
maize,MX20,20151021,60.098
maize,MX21,20151021,46.403
maize,MX22,20151021,36.138
maize,MX23,20151021,82.066
maize,MX24,20151021,53.848
maize,MX25,20151021,30.782
maize,MX26,20151021,34.308
maize,MX27,20151021,65.812
maize,MX28,20151021,49.461
maize,MX29,20151021,35.301
maize,MX30,20151021,68.224
maize,MX31,20151021,81.157
maize,MX32,20151021,45.203
maize,MX01,20151101,40.883
maize,MX02,20151101,28.996
maize,MX03,20151101,30.437
maize,MX04,20151101,80.983
maize,MX05,20151101,33.623
maize,MX06,20151101,71.018
maize,MX07,20151101,66.933
maize,MX08,20151101,26.467
maize,MX09,20151101,32.949
maize,MX10,20151101,33.681
maize,MX11,20151101,36.38
maize,MX12,20151101,60.405
maize,MX13,20151101,42.423
maize,MX14,20151101,50.164
maize,MX15,20151101,43.268
maize,MX16,20151101,45.434
maize,MX17,20151101,54.513
maize,MX18,20151101,63.46
maize,MX19,20151101,42.19
maize,MX20,20151101,58.639
maize,MX21,20151101,43.332
maize,MX22,20151101,34.565
maize,MX23,20151101,82.296
maize,MX24,20151101,52.261
maize,MX25,20151101,29.208
maize,MX26,20151101,30.661
maize,MX27,20151101,66.67
maize,MX28,20151101,48.32
maize,MX29,20151101,32.778
maize,MX30,20151101,67.954
maize,MX31,20151101,80.62
maize,MX32,20151101,41.602
maize,MX01,20151111,38.971
maize,MX02,20151111,29.554
maize,MX03,20151111,30.461
maize,MX04,20151111,79.673
maize,MX05,20151111,32.51
maize,MX06,20151111,69.007
maize,MX07,20151111,64.542
maize,MX08,20151111,23.122
maize,MX09,20151111,30.726
maize,MX10,20151111,30.016
maize,MX11,20151111,33.384
maize,MX12,20151111,56.342
maize,MX13,20151111,41.868
maize,MX14,20151111,46.778
maize,MX15,20151111,40.823
maize,MX16,20151111,42.352
maize,MX17,20151111,50.38
maize,MX18,20151111,61.005
maize,MX19,20151111,41.442
maize,MX20,20151111,57.11
maize,MX21,20151111,40.689
maize,MX22,20151111,33.64
maize,MX23,20151111,82.532
maize,MX24,20151111,50.284
maize,MX25,20151111,29.318
maize,MX26,20151111,28.635
maize,MX27,20151111,66.792
maize,MX28,20151111,46.857
maize,MX29,20151111,31.0
maize,MX30,20151111,67.201
maize,MX31,20151111,79.672
maize,MX32,20151111,38.623
maize,MX01,20151121,36.901
maize,MX02,20151121,29.972
maize,MX03,20151121,30.501
maize,MX04,20151121,78.297
maize,MX05,20151121,31.533
maize,MX06,20151121,66.285
maize,MX07,20151121,61.729
maize,MX08,20151121,20.875
maize,MX09,20151121,28.91
maize,MX10,20151121,26.938
maize,MX11,20151121,30.961
maize,MX12,20151121,52.218
maize,MX13,20151121,41.248
maize,MX14,20151121,43.874
maize,MX15,20151121,38.632
maize,MX16,20151121,39.692
maize,MX17,20151121,46.389
maize,MX18,20151121,58.827
maize,MX19,20151121,40.314
maize,MX20,20151121,55.378
maize,MX21,20151121,38.114
maize,MX22,20151121,33.054
maize,MX23,20151121,82.77
maize,MX24,20151121,47.954
maize,MX25,20151121,31.074
maize,MX26,20151121,28.0
maize,MX27,20151121,66.246
maize,MX28,20151121,45.143
maize,MX29,20151121,29.449
maize,MX30,20151121,65.983
maize,MX31,20151121,78.218
maize,MX32,20151121,35.793
maize,MX01,20151201,34.8
maize,MX02,20151201,30.622
maize,MX03,20151201,30.701
maize,MX04,20151201,76.976
maize,MX05,20151201,30.728
maize,MX06,20151201,63.374
maize,MX07,20151201,58.454
maize,MX08,20151201,19.41
maize,MX09,20151201,27.455
maize,MX10,20151201,24.435
maize,MX11,20151201,29.235
maize,MX12,20151201,48.164
maize,MX13,20151201,40.422
maize,MX14,20151201,41.485
maize,MX15,20151201,36.601
maize,MX16,20151201,37.455
maize,MX17,20151201,42.631
maize,MX18,20151201,57.265
maize,MX19,20151201,38.827
maize,MX20,20151201,53.389
maize,MX21,20151201,35.516
maize,MX22,20151201,32.715
maize,MX23,20151201,83.199
maize,MX24,20151201,45.533
maize,MX25,20151201,34.315
maize,MX26,20151201,28.849
maize,MX27,20151201,65.291
maize,MX28,20151201,43.381
maize,MX29,20151201,27.888
maize,MX30,20151201,64.151
maize,MX31,20151201,76.503
maize,MX32,20151201,33.089
maize,MX01,20151211,32.881
maize,MX02,20151211,31.805
maize,MX03,20151211,30.843
maize,MX04,20151211,75.771
maize,MX05,20151211,30.062
maize,MX06,20151211,60.614
maize,MX07,20151211,54.87
maize,MX08,20151211,18.522
maize,MX09,20151211,26.133
maize,MX10,20151211,22.418
maize,MX11,20151211,28.297
maize,MX12,20151211,44.434
maize,MX13,20151211,39.342
maize,MX14,20151211,39.539
maize,MX15,20151211,34.548
maize,MX16,20151211,35.599
maize,MX17,20151211,39.291
maize,MX18,20151211,56.406
maize,MX19,20151211,37.137
maize,MX20,20151211,51.128
maize,MX21,20151211,33.061
maize,MX22,20151211,32.348
maize,MX23,20151211,83.627
maize,MX24,20151211,43.16
maize,MX25,20151211,38.423
maize,MX26,20151211,31.041
maize,MX27,20151211,64.101
maize,MX28,20151211,41.489
maize,MX29,20151211,26.371
maize,MX30,20151211,61.532
maize,MX31,20151211,74.463
maize,MX32,20151211,30.565
maize,MX01,20151221,31.102
maize,MX02,20151221,34.078
maize,MX03,20151221,30.966
maize,MX04,20151221,74.408
maize,MX05,20151221,29.454
maize,MX06,20151221,58.14
maize,MX07,20151221,51.445
maize,MX08,20151221,17.974
maize,MX09,20151221,24.818
maize,MX10,20151221,20.81
maize,MX11,20151221,28.324
maize,MX12,20151221,41.14
maize,MX13,20151221,38.121
maize,MX14,20151221,37.855
maize,MX15,20151221,32.492
maize,MX16,20151221,34.177
maize,MX17,20151221,36.4
maize,MX18,20151221,56.048
maize,MX19,20151221,35.43
maize,MX20,20151221,48.73
maize,MX21,20151221,30.826
maize,MX22,20151221,31.955
maize,MX23,20151221,83.872
maize,MX24,20151221,40.959
maize,MX25,20151221,42.81
maize,MX26,20151221,34.504
maize,MX27,20151221,62.746
maize,MX28,20151221,39.497
maize,MX29,20151221,24.911
maize,MX30,20151221,58.252
maize,MX31,20151221,72.107
maize,MX32,20151221,28.337
maize,MX01,20160101,29.243
maize,MX02,20160101,38.16
maize,MX03,20160101,30.999
maize,MX04,20160101,72.623
maize,MX05,20160101,28.986
maize,MX06,20160101,55.7
maize,MX07,20160101,48.297
maize,MX08,20160101,17.532
maize,MX09,20160101,23.147
maize,MX10,20160101,19.446
maize,MX11,20160101,29.538
maize,MX12,20160101,38.117
maize,MX13,20160101,36.714
maize,MX14,20160101,35.949
maize,MX15,20160101,30.208
maize,MX16,20160101,33.108
maize,MX17,20160101,33.515
maize,MX18,20160101,55.55
maize,MX19,20160101,33.724
maize,MX20,20160101,46.004
maize,MX21,20160101,28.551
maize,MX22,20160101,31.537
maize,MX23,20160101,84.102
maize,MX24,20160101,38.79
maize,MX25,20160101,47.256
maize,MX26,20160101,39.591
maize,MX27,20160101,61.14
maize,MX28,20160101,37.546
maize,MX29,20160101,23.359
maize,MX30,20160101,54.242
maize,MX31,20160101,69.506
maize,MX32,20160101,26.198
maize,MX01,20160111,27.618
maize,MX02,20160111,43.135
maize,MX03,20160111,30.921
maize,MX04,20160111,70.828
maize,MX05,20160111,28.722
maize,MX06,20160111,53.608
maize,MX07,20160111,46.185
maize,MX08,20160111,17.19
maize,MX09,20160111,21.275
maize,MX10,20160111,18.599
maize,MX11,20160111,31.51
maize,MX12,20160111,35.915
maize,MX13,20160111,35.203
maize,MX14,20160111,34.001
maize,MX15,20160111,28.018
maize,MX16,20160111,32.597
maize,MX17,20160111,31.137
maize,MX18,20160111,54.428
maize,MX19,20160111,32.301
maize,MX20,20160111,43.604
maize,MX21,20160111,26.736
maize,MX22,20160111,31.135
maize,MX23,20160111,84.239
maize,MX24,20160111,36.887
maize,MX25,20160111,50.869
maize,MX26,20160111,44.874
maize,MX27,20160111,59.581
maize,MX28,20160111,36.033
maize,MX29,20160111,21.974
maize,MX30,20160111,50.597
maize,MX31,20160111,67.506
maize,MX32,20160111,24.473
maize,MX01,20160121,26.08
maize,MX02,20160121,48.729
maize,MX03,20160121,30.662
maize,MX04,20160121,68.84
maize,MX05,20160121,28.699
maize,MX06,20160121,51.568
maize,MX07,20160121,44.488
maize,MX08,20160121,16.806
maize,MX09,20160121,19.326
maize,MX10,20160121,18.132
maize,MX11,20160121,33.971
maize,MX12,20160121,34.184
maize,MX13,20160121,33.574
maize,MX14,20160121,32.137
maize,MX15,20160121,25.773
maize,MX16,20160121,32.577
maize,MX17,20160121,29.087
maize,MX18,20160121,52.573
maize,MX19,20160121,30.926
maize,MX20,20160121,41.343
maize,MX21,20160121,25.104
maize,MX22,20160121,30.803
maize,MX23,20160121,83.807
maize,MX24,20160121,34.923
maize,MX25,20160121,54.098
maize,MX26,20160121,50.143
maize,MX27,20160121,58.344
maize,MX28,20160121,34.683
maize,MX29,20160121,20.611
maize,MX30,20160121,47.077
maize,MX31,20160121,65.752
maize,MX32,20160121,23.016
maize,MX01,20160201,24.81
maize,MX02,20160201,54.811
maize,MX03,20160201,30.187
maize,MX04,20160201,66.609
maize,MX05,20160201,28.93
maize,MX06,20160201,49.24
maize,MX07,20160201,43.028
maize,MX08,20160201,16.459
maize,MX09,20160201,17.617
maize,MX10,20160201,18.099
maize,MX11,20160201,36.821
maize,MX12,20160201,32.721
maize,MX13,20160201,31.988
maize,MX14,20160201,30.559
maize,MX15,20160201,23.612
maize,MX16,20160201,33.097
maize,MX17,20160201,27.391
maize,MX18,20160201,49.929
maize,MX19,20160201,29.501
maize,MX20,20160201,39.466
maize,MX21,20160201,23.596
maize,MX22,20160201,30.709
maize,MX23,20160201,83.337
maize,MX24,20160201,32.815
maize,MX25,20160201,57.36
maize,MX26,20160201,55.223
maize,MX27,20160201,57.512
maize,MX28,20160201,33.606
maize,MX29,20160201,19.299
maize,MX30,20160201,43.895
maize,MX31,20160201,64.426
maize,MX32,20160201,21.836
maize,MX01,20160211,24.159
maize,MX02,20160211,59.471
maize,MX03,20160211,29.509
maize,MX04,20160211,64.36
maize,MX05,20160211,29.315
maize,MX06,20160211,46.893
maize,MX07,20160211,41.794
maize,MX08,20160211,16.32
maize,MX09,20160211,16.421
maize,MX10,20160211,18.425
maize,MX11,20160211,39.144
maize,MX12,20160211,31.505
maize,MX13,20160211,30.897
maize,MX14,20160211,29.715
maize,MX15,20160211,22.127
maize,MX16,20160211,33.92
maize,MX17,20160211,26.274
maize,MX18,20160211,47.4
maize,MX19,20160211,28.367
maize,MX20,20160211,38.11
maize,MX21,20160211,22.479
maize,MX22,20160211,30.924
maize,MX23,20160211,82.686
maize,MX24,20160211,31.207
maize,MX25,20160211,60.093
maize,MX26,20160211,58.798
maize,MX27,20160211,57.289
maize,MX28,20160211,33.435
maize,MX29,20160211,18.338
maize,MX30,20160211,41.504
maize,MX31,20160211,63.242
maize,MX32,20160211,21.247
maize,MX01,20160221,23.868
maize,MX02,20160221,62.869
maize,MX03,20160221,28.754
maize,MX04,20160221,61.72
maize,MX05,20160221,29.736
maize,MX06,20160221,44.376
maize,MX07,20160221,40.424
maize,MX08,20160221,16.373
maize,MX09,20160221,15.783
maize,MX10,20160221,18.982
maize,MX11,20160221,40.911
maize,MX12,20160221,30.365
maize,MX13,20160221,30.189
maize,MX14,20160221,29.254
maize,MX15,20160221,21.204
maize,MX16,20160221,34.773
maize,MX17,20160221,25.478
maize,MX18,20160221,44.921
maize,MX19,20160221,27.501
maize,MX20,20160221,37.016
maize,MX21,20160221,21.696
maize,MX22,20160221,31.345
maize,MX23,20160221,81.82
maize,MX24,20160221,29.948
maize,MX25,20160221,62.376
maize,MX26,20160221,61.128
maize,MX27,20160221,57.335
maize,MX28,20160221,34.257
maize,MX29,20160221,17.623
maize,MX30,20160221,39.449
maize,MX31,20160221,61.887
maize,MX32,20160221,20.993
maize,MX01,20160301,23.669
maize,MX02,20160301,64.821
maize,MX03,20160301,28.016
maize,MX04,20160301,59.235
maize,MX05,20160301,29.92
maize,MX06,20160301,42.384
maize,MX07,20160301,39.364
maize,MX08,20160301,16.566
maize,MX09,20160301,15.626
maize,MX10,20160301,19.535
maize,MX11,20160301,41.646
maize,MX12,20160301,29.448
maize,MX13,20160301,29.684
maize,MX14,20160301,28.92
maize,MX15,20160301,20.832
maize,MX16,20160301,35.291
maize,MX17,20160301,25.003
maize,MX18,20160301,42.852
maize,MX19,20160301,26.965
maize,MX20,20160301,36.356
maize,MX21,20160301,21.402
maize,MX22,20160301,31.576
maize,MX23,20160301,81.057
maize,MX24,20160301,29.103
maize,MX25,20160301,63.836
maize,MX26,20160301,61.933
maize,MX27,20160301,57.455
maize,MX28,20160301,35.875
maize,MX29,20160301,17.272
maize,MX30,20160301,37.975
maize,MX31,20160301,60.825
maize,MX32,20160301,20.835
maize,MX01,20160311,23.334
maize,MX02,20160311,65.553
maize,MX03,20160311,27.238
maize,MX04,20160311,56.352
maize,MX05,20160311,29.903
maize,MX06,20160311,40.376
maize,MX07,20160311,38.291
maize,MX08,20160311,16.884
maize,MX09,20160311,15.822
maize,MX10,20160311,20.152
maize,MX11,20160311,41.218
maize,MX12,20160311,28.605
maize,MX13,20160311,29.09
maize,MX14,20160311,28.407
maize,MX15,20160311,20.752
maize,MX16,20160311,35.302
maize,MX17,20160311,24.505
maize,MX18,20160311,40.855
maize,MX19,20160311,26.751
maize,MX20,20160311,35.827
maize,MX21,20160311,21.476
maize,MX22,20160311,31.516
maize,MX23,20160311,80.045
maize,MX24,20160311,28.563
maize,MX25,20160311,64.474
maize,MX26,20160311,61.066
maize,MX27,20160311,57.06
maize,MX28,20160311,38.646
maize,MX29,20160311,17.21
maize,MX30,20160311,36.512
maize,MX31,20160311,59.65
maize,MX32,20160311,20.715
maize,MX01,20160321,22.936
maize,MX02,20160321,64.409
maize,MX03,20160321,26.321
maize,MX04,20160321,53.317
maize,MX05,20160321,29.604
maize,MX06,20160321,38.616
maize,MX07,20160321,37.518
maize,MX08,20160321,17.225
maize,MX09,20160321,16.488
maize,MX10,20160321,20.746
maize,MX11,20160321,39.455
maize,MX12,20160321,28.023
maize,MX13,20160321,28.574
maize,MX14,20160321,27.704
maize,MX15,20160321,20.95
maize,MX16,20160321,34.647
maize,MX17,20160321,24.351
maize,MX18,20160321,39.19
maize,MX19,20160321,26.916
maize,MX20,20160321,35.474
maize,MX21,20160321,22.0
maize,MX22,20160321,30.881
maize,MX23,20160321,78.909
maize,MX24,20160321,28.498
maize,MX25,20160321,63.863
maize,MX26,20160321,57.972
maize,MX27,20160321,56.226
maize,MX28,20160321,41.913
maize,MX29,20160321,17.428
maize,MX30,20160321,35.388
maize,MX31,20160321,58.405
maize,MX32,20160321,20.703
maize,MX01,20160401,22.402
maize,MX02,20160401,61.009
maize,MX03,20160401,25.17
maize,MX04,20160401,50.034
maize,MX05,20160401,29.047
maize,MX06,20160401,36.892
maize,MX07,20160401,36.834
maize,MX08,20160401,17.587
maize,MX09,20160401,17.542
maize,MX10,20160401,21.277
maize,MX11,20160401,36.139
maize,MX12,20160401,27.549
maize,MX13,20160401,28.62
maize,MX14,20160401,26.677
maize,MX15,20160401,21.515
maize,MX16,20160401,32.976
maize,MX17,20160401,24.553
maize,MX18,20160401,37.432
maize,MX19,20160401,27.549
maize,MX20,20160401,35.117
maize,MX21,20160401,23.015
maize,MX22,20160401,29.596
maize,MX23,20160401,77.349
maize,MX24,20160401,28.992
maize,MX25,20160401,61.551
maize,MX26,20160401,52.021
maize,MX27,20160401,54.922
maize,MX28,20160401,45.142
maize,MX29,20160401,17.991
maize,MX30,20160401,34.66
maize,MX31,20160401,56.909
maize,MX32,20160401,20.762
maize,MX01,20160411,21.902
maize,MX02,20160411,55.883
maize,MX03,20160411,24.212
maize,MX04,20160411,47.73
maize,MX05,20160411,28.584
maize,MX06,20160411,35.238
maize,MX07,20160411,36.551
maize,MX08,20160411,17.873
maize,MX09,20160411,18.844
maize,MX10,20160411,21.618
maize,MX11,20160411,32.384
maize,MX12,20160411,27.349
maize,MX13,20160411,29.415
maize,MX14,20160411,25.517
maize,MX15,20160411,22.266
maize,MX16,20160411,30.858
maize,MX17,20160411,25.323
maize,MX18,20160411,35.848
maize,MX19,20160411,28.763
maize,MX20,20160411,34.898
maize,MX21,20160411,24.375
maize,MX22,20160411,28.061
maize,MX23,20160411,75.977
maize,MX24,20160411,30.009
maize,MX25,20160411,58.033
maize,MX26,20160411,45.144
maize,MX27,20160411,53.659
maize,MX28,20160411,47.353
maize,MX29,20160411,18.757
maize,MX30,20160411,34.627
maize,MX31,20160411,55.412
maize,MX32,20160411,20.777
maize,MX01,20160421,21.479
maize,MX02,20160421,49.551
maize,MX03,20160421,23.315
maize,MX04,20160421,46.466
maize,MX05,20160421,28.484
maize,MX06,20160421,33.788
maize,MX07,20160421,36.834
maize,MX08,20160421,18.136
maize,MX09,20160421,20.729
maize,MX10,20160421,21.655
maize,MX11,20160421,28.987
maize,MX12,20160421,27.609
maize,MX13,20160421,31.146
maize,MX14,20160421,24.385
maize,MX15,20160421,23.552
maize,MX16,20160421,28.887
maize,MX17,20160421,26.83
maize,MX18,20160421,34.158
maize,MX19,20160421,30.568
maize,MX20,20160421,34.991
maize,MX21,20160421,26.347
maize,MX22,20160421,26.974
maize,MX23,20160421,74.495
maize,MX24,20160421,31.497
maize,MX25,20160421,53.349
maize,MX26,20160421,38.08
maize,MX27,20160421,52.531
maize,MX28,20160421,48.763
maize,MX29,20160421,20.0
maize,MX30,20160421,35.114
maize,MX31,20160421,54.096
maize,MX32,20160421,20.729
maize,MX01,20160501,21.322
maize,MX02,20160501,43.271
maize,MX03,20160501,22.725
maize,MX04,20160501,46.603
maize,MX05,20160501,29.082
maize,MX06,20160501,32.766
maize,MX07,20160501,38.113
maize,MX08,20160501,18.611
maize,MX09,20160501,23.279
maize,MX10,20160501,21.463
maize,MX11,20160501,26.936
maize,MX12,20160501,28.599
maize,MX13,20160501,34.029
maize,MX14,20160501,23.627
maize,MX15,20160501,25.865
maize,MX16,20160501,27.843
maize,MX17,20160501,29.02
maize,MX18,20160501,32.527
maize,MX19,20160501,32.968
maize,MX20,20160501,35.693
maize,MX21,20160501,29.016
maize,MX22,20160501,27.249
maize,MX23,20160501,73.011
maize,MX24,20160501,33.362
maize,MX25,20160501,47.867
maize,MX26,20160501,31.999
maize,MX27,20160501,51.952
maize,MX28,20160501,49.373
maize,MX29,20160501,22.118
maize,MX30,20160501,36.122
maize,MX31,20160501,53.499
maize,MX32,20160501,20.715
maize,MX01,20160511,21.586
maize,MX02,20160511,38.074
maize,MX03,20160511,22.228
maize,MX04,20160511,48.215
maize,MX05,20160511,30.533
maize,MX06,20160511,32.377
maize,MX07,20160511,40.608
maize,MX08,20160511,19.728
maize,MX09,20160511,26.984
maize,MX10,20160511,21.228
maize,MX11,20160511,26.871
maize,MX12,20160511,30.73
maize,MX13,20160511,38.025
maize,MX14,20160511,23.645
maize,MX15,20160511,29.58
maize,MX16,20160511,28.391
maize,MX17,20160511,31.818
maize,MX18,20160511,31.368
maize,MX19,20160511,35.917
maize,MX20,20160511,37.173
maize,MX21,20160511,32.428
maize,MX22,20160511,29.348
maize,MX23,20160511,71.786
maize,MX24,20160511,35.527
maize,MX25,20160511,42.06
maize,MX26,20160511,27.39
maize,MX27,20160511,52.105
maize,MX28,20160511,49.393
maize,MX29,20160511,25.488
maize,MX30,20160511,37.642
maize,MX31,20160511,53.658
maize,MX32,20160511,21.03
maize,MX01,20160521,22.529
maize,MX02,20160521,34.37
maize,MX03,20160521,21.981
maize,MX04,20160521,51.16
maize,MX05,20160521,32.44
maize,MX06,20160521,32.972
maize,MX07,20160521,43.938
maize,MX08,20160521,22.077
maize,MX09,20160521,31.661
maize,MX10,20160521,21.287
maize,MX11,20160521,29.254
maize,MX12,20160521,34.323
maize,MX13,20160521,42.658
maize,MX14,20160521,25.094
maize,MX15,20160521,34.711
maize,MX16,20160521,31.065
maize,MX17,20160521,35.279
maize,MX18,20160521,31.26
maize,MX19,20160521,38.925
maize,MX20,20160521,39.654
maize,MX21,20160521,36.52
maize,MX22,20160521,33.368
maize,MX23,20160521,70.783
maize,MX24,20160521,37.846
maize,MX25,20160521,36.524
maize,MX26,20160521,24.505
maize,MX27,20160521,53.171
maize,MX28,20160521,48.821
maize,MX29,20160521,30.334
maize,MX30,20160521,39.782
maize,MX31,20160521,54.89
maize,MX32,20160521,22.108
maize,MX01,20160601,24.505
maize,MX02,20160601,31.943
maize,MX03,20160601,21.606
maize,MX04,20160601,55.388
maize,MX05,20160601,34.575
maize,MX06,20160601,35.561
maize,MX07,20160601,48.165
maize,MX08,20160601,26.538
maize,MX09,20160601,38.132
maize,MX10,20160601,22.191
maize,MX11,20160601,34.512
maize,MX12,20160601,40.321
maize,MX13,20160601,47.812
maize,MX14,20160601,28.898
maize,MX15,20160601,41.6
maize,MX16,20160601,36.547
maize,MX17,20160601,40.21
maize,MX18,20160601,32.952
maize,MX19,20160601,41.398
maize,MX20,20160601,43.487
maize,MX21,20160601,41.818
maize,MX22,20160601,39.467
maize,MX23,20160601,70.563
maize,MX24,20160601,40.163
maize,MX25,20160601,31.33
maize,MX26,20160601,23.242
maize,MX27,20160601,55.174
maize,MX28,20160601,47.484
maize,MX29,20160601,37.324
maize,MX30,20160601,43.0
maize,MX31,20160601,57.364
maize,MX32,20160601,24.512
maize,MX01,20160611,27.355
maize,MX02,20160611,30.772
maize,MX03,20160611,21.071
maize,MX04,20160611,59.447
maize,MX05,20160611,35.871
maize,MX06,20160611,40.075
maize,MX07,20160611,52.02
maize,MX08,20160611,32.404
maize,MX09,20160611,44.297
maize,MX10,20160611,24.377
maize,MX11,20160611,41.15
maize,MX12,20160611,47.088
maize,MX13,20160611,52.008
maize,MX14,20160611,34.792
maize,MX15,20160611,48.193
maize,MX16,20160611,43.539
maize,MX17,20160611,45.399
maize,MX18,20160611,36.526
maize,MX19,20160611,42.179
maize,MX20,20160611,47.745
maize,MX21,20160611,47.016
maize,MX22,20160611,45.434
maize,MX23,20160611,71.3
maize,MX24,20160611,41.744
maize,MX25,20160611,27.856
maize,MX26,20160611,23.88
maize,MX27,20160611,57.508
maize,MX28,20160611,45.722
maize,MX29,20160611,44.728
maize,MX30,20160611,46.784
maize,MX31,20160611,60.234
maize,MX32,20160611,28.238
maize,MX01,20160621,31.351
maize,MX02,20160621,30.093
maize,MX03,20160621,20.355
maize,MX04,20160621,63.243
maize,MX05,20160621,36.353
maize,MX06,20160621,46.275
maize,MX07,20160621,55.424
maize,MX08,20160621,39.532
maize,MX09,20160621,49.651
maize,MX10,20160621,28.242
maize,MX11,20160621,48.66
maize,MX12,20160621,53.994
maize,MX13,20160621,55.41
maize,MX14,20160621,42.764
maize,MX15,20160621,54.234
maize,MX16,20160621,51.433
maize,MX17,20160621,50.538
maize,MX18,20160621,41.912
maize,MX19,20160621,41.658
maize,MX20,20160621,51.901
maize,MX21,20160621,51.772
maize,MX22,20160621,50.632
maize,MX23,20160621,72.998
maize,MX24,20160621,42.884
maize,MX25,20160621,25.83
maize,MX26,20160621,26.376
maize,MX27,20160621,59.627
maize,MX28,20160621,43.724
maize,MX29,20160621,52.032
maize,MX30,20160621,50.947
maize,MX31,20160621,62.979
maize,MX32,20160621,33.405
maize,MX01,20160701,36.146
maize,MX02,20160701,29.514
maize,MX03,20160701,19.327
maize,MX04,20160701,66.361
maize,MX05,20160701,36.182
maize,MX06,20160701,53.053
maize,MX07,20160701,58.237
maize,MX08,20160701,46.932
maize,MX09,20160701,53.669
maize,MX10,20160701,33.634
maize,MX11,20160701,56.062
maize,MX12,20160701,59.942
maize,MX13,20160701,57.768
maize,MX14,20160701,51.653
maize,MX15,20160701,58.964
maize,MX16,20160701,58.925
maize,MX17,20160701,55.009
maize,MX18,20160701,48.322
maize,MX19,20160701,40.256
maize,MX20,20160701,55.366
maize,MX21,20160701,55.475
maize,MX22,20160701,54.809
maize,MX23,20160701,75.001
maize,MX24,20160701,43.627
maize,MX25,20160701,25.224
maize,MX26,20160701,30.544
maize,MX27,20160701,61.141
maize,MX28,20160701,41.726
maize,MX29,20160701,58.128
maize,MX30,20160701,54.924
maize,MX31,20160701,65.044
maize,MX32,20160701,39.359
maize,MX01,20160711,41.458
maize,MX02,20160711,29.015
maize,MX03,20160711,18.396
maize,MX04,20160711,68.797
maize,MX05,20160711,35.698
maize,MX06,20160711,58.918
maize,MX07,20160711,60.766
maize,MX08,20160711,53.363
maize,MX09,20160711,55.982
maize,MX10,20160711,39.931
maize,MX11,20160711,62.413
maize,MX12,20160711,64.532
maize,MX13,20160711,59.164
maize,MX14,20160711,60.107
maize,MX15,20160711,62.117
maize,MX16,20160711,65.008
maize,MX17,20160711,58.772
maize,MX18,20160711,54.624
maize,MX19,20160711,38.565
maize,MX20,20160711,58.02
maize,MX21,20160711,57.971
maize,MX22,20160711,57.923
maize,MX23,20160711,77.235
maize,MX24,20160711,44.141
maize,MX25,20160711,26.058
maize,MX26,20160711,35.902
maize,MX27,20160711,62.16
maize,MX28,20160711,39.88
maize,MX29,20160711,62.262
maize,MX30,20160711,58.284
maize,MX31,20160711,66.111
maize,MX32,20160711,45.17
maize,MX01,20160721,47.087
maize,MX02,20160721,28.591
maize,MX03,20160721,17.806
maize,MX04,20160721,70.775
maize,MX05,20160721,35.822
maize,MX06,20160721,63.483
maize,MX07,20160721,63.162
maize,MX08,20160721,58.434
maize,MX09,20160721,56.617
maize,MX10,20160721,46.483
maize,MX11,20160721,67.283
maize,MX12,20160721,68.304
maize,MX13,20160721,59.595
maize,MX14,20160721,67.241
maize,MX15,20160721,63.868
maize,MX16,20160721,69.585
maize,MX17,20160721,62.456
maize,MX18,20160721,60.121
maize,MX19,20160721,37.34
maize,MX20,20160721,59.922
maize,MX21,20160721,59.694
maize,MX22,20160721,60.151
maize,MX23,20160721,79.193
maize,MX24,20160721,44.88
maize,MX25,20160721,28.118
maize,MX26,20160721,41.845
maize,MX27,20160721,62.677
maize,MX28,20160721,38.68
maize,MX29,20160721,64.514
maize,MX30,20160721,60.877
maize,MX31,20160721,66.537
maize,MX32,20160721,50.382
maize,MX01,20160801,53.265
maize,MX02,20160801,28.353
maize,MX03,20160801,17.927
maize,MX04,20160801,72.849
maize,MX05,20160801,37.041
maize,MX06,20160801,67.027
maize,MX07,20160801,65.721
maize,MX08,20160801,62.674
maize,MX09,20160801,56.038
maize,MX10,20160801,53.387
maize,MX11,20160801,70.589
maize,MX12,20160801,71.667
maize,MX13,20160801,59.213
maize,MX14,20160801,72.977
maize,MX15,20160801,64.54
maize,MX16,20160801,72.738
maize,MX17,20160801,66.226
maize,MX18,20160801,64.721
maize,MX19,20160801,36.881
maize,MX20,20160801,61.486
maize,MX21,20160801,61.067
maize,MX22,20160801,61.679
maize,MX23,20160801,80.945
maize,MX24,20160801,46.324
maize,MX25,20160801,31.293
maize,MX26,20160801,48.205
maize,MX27,20160801,62.982
maize,MX28,20160801,38.548
maize,MX29,20160801,65.11
maize,MX30,20160801,62.967
maize,MX31,20160801,67.165
maize,MX32,20160801,55.324
maize,MX01,20160811,58.372
maize,MX02,20160811,28.317
maize,MX03,20160811,19.085
maize,MX04,20160811,74.673
maize,MX05,20160811,39.302
maize,MX06,20160811,69.271
maize,MX07,20160811,67.931
maize,MX08,20160811,65.337
maize,MX09,20160811,55.136
maize,MX10,20160811,58.967
maize,MX11,20160811,71.832
maize,MX12,20160811,74.298
maize,MX13,20160811,58.504
maize,MX14,20160811,76.28
maize,MX15,20160811,64.516
maize,MX16,20160811,74.245
maize,MX17,20160811,69.352
maize,MX18,20160811,67.623
maize,MX19,20160811,37.432
maize,MX20,20160811,62.668
maize,MX21,20160811,62.155
maize,MX22,20160811,62.443
maize,MX23,20160811,82.299
maize,MX24,20160811,48.477
maize,MX25,20160811,34.309
maize,MX26,20160811,52.928
maize,MX27,20160811,62.967
maize,MX28,20160811,39.752
maize,MX29,20160811,64.509
maize,MX30,20160811,64.45
maize,MX31,20160811,67.994
maize,MX32,20160811,59.184
maize,MX01,20160821,61.93
maize,MX02,20160821,28.445
maize,MX03,20160821,21.456
maize,MX04,20160821,76.486
maize,MX05,20160821,42.199
maize,MX06,20160821,70.858
maize,MX07,20160821,69.728
maize,MX08,20160821,66.379
maize,MX09,20160821,53.576
maize,MX10,20160821,63.131
maize,MX11,20160821,71.374
maize,MX12,20160821,76.185
maize,MX13,20160821,57.328
maize,MX14,20160821,77.74
maize,MX15,20160821,63.85
maize,MX16,20160821,74.473
maize,MX17,20160821,71.714
maize,MX18,20160821,69.596
maize,MX19,20160821,38.506
maize,MX20,20160821,63.616
maize,MX21,20160821,62.697
maize,MX22,20160821,62.305
maize,MX23,20160821,83.079
maize,MX24,20160821,50.796
maize,MX25,20160821,36.57
maize,MX26,20160821,55.653
maize,MX27,20160821,62.96
maize,MX28,20160821,41.723
maize,MX29,20160821,62.905
maize,MX30,20160821,65.651
maize,MX31,20160821,69.123
maize,MX32,20160821,62.002
maize,MX01,20160901,63.326
maize,MX02,20160901,28.792
maize,MX03,20160901,25.489
maize,MX04,20160901,78.408
maize,MX05,20160901,44.867
maize,MX06,20160901,72.18
maize,MX07,20160901,71.285
maize,MX08,20160901,64.877
maize,MX09,20160901,51.5
maize,MX10,20160901,65.255
maize,MX11,20160901,68.99
maize,MX12,20160901,77.39
maize,MX13,20160901,55.434
maize,MX14,20160901,77.564
maize,MX15,20160901,62.475
maize,MX16,20160901,73.393
maize,MX17,20160901,73.108
maize,MX18,20160901,70.954
maize,MX19,20160901,39.712
maize,MX20,20160901,64.467
maize,MX21,20160901,62.187
maize,MX22,20160901,60.716
maize,MX23,20160901,83.673
maize,MX24,20160901,53.155
maize,MX25,20160901,37.289
maize,MX26,20160901,55.661
maize,MX27,20160901,63.141
maize,MX28,20160901,44.19
maize,MX29,20160901,59.881
maize,MX30,20160901,66.848
maize,MX31,20160901,70.849
maize,MX32,20160901,63.497
maize,MX01,20160911,62.098
maize,MX02,20160911,29.243
maize,MX03,20160911,29.777
maize,MX04,20160911,79.89
maize,MX05,20160911,46.161
maize,MX06,20160911,72.996
maize,MX07,20160911,72.074
maize,MX08,20160911,60.717
maize,MX09,20160911,49.366
maize,MX10,20160911,64.508
maize,MX11,20160911,65.355
maize,MX12,20160911,77.551
maize,MX13,20160911,53.155
maize,MX14,20160911,75.786
maize,MX15,20160911,60.577
maize,MX16,20160911,71.204
maize,MX17,20160911,73.089
maize,MX18,20160911,71.465
maize,MX19,20160911,40.547
maize,MX20,20160911,64.914
maize,MX21,20160911,60.651
maize,MX22,20160911,57.867
maize,MX23,20160911,84.032
maize,MX24,20160911,54.598
maize,MX25,20160911,36.212
maize,MX26,20160911,52.781
maize,MX27,20160911,63.709
maize,MX28,20160911,45.948
maize,MX29,20160911,56.307
maize,MX30,20160911,67.785
maize,MX31,20160911,72.637
maize,MX32,20160911,63.041
maize,MX01,20160921,58.951
maize,MX02,20160921,29.775
maize,MX03,20160921,33.229
maize,MX04,20160921,80.89
maize,MX05,20160921,46.149
maize,MX06,20160921,73.304
maize,MX07,20160921,72.094
maize,MX08,20160921,54.555
maize,MX09,20160921,46.695
maize,MX10,20160921,61.459
maize,MX11,20160921,60.686
maize,MX12,20160921,76.496
maize,MX13,20160921,50.649
maize,MX14,20160921,72.548
maize,MX15,20160921,57.942
maize,MX16,20160921,68.029
maize,MX17,20160921,71.756
maize,MX18,20160921,71.323
maize,MX19,20160921,41.157
maize,MX20,20160921,64.83
maize,MX21,20160921,58.105
maize,MX22,20160921,53.868
maize,MX23,20160921,84.215
maize,MX24,20160921,55.185
maize,MX25,20160921,33.891
maize,MX26,20160921,47.586
maize,MX27,20160921,64.322
maize,MX28,20160921,46.869
maize,MX29,20160921,52.153
maize,MX30,20160921,68.454
maize,MX31,20160921,74.38
maize,MX32,20160921,60.908
maize,MX01,20161001,54.432
maize,MX02,20161001,30.035
maize,MX03,20161001,34.755
maize,MX04,20161001,81.173
maize,MX05,20161001,44.956
maize,MX06,20161001,73.099
maize,MX07,20161001,70.915
maize,MX08,20161001,47.517
maize,MX09,20161001,44.097
maize,MX10,20161001,56.678
maize,MX11,20161001,55.208
maize,MX12,20161001,74.016
maize,MX13,20161001,48.156
maize,MX14,20161001,68.045
maize,MX15,20161001,54.713
maize,MX16,20161001,63.937
maize,MX17,20161001,69.028
maize,MX18,20161001,70.358
maize,MX19,20161001,41.499
maize,MX20,20161001,63.981
maize,MX21,20161001,54.641
maize,MX22,20161001,49.103
maize,MX23,20161001,84.354
maize,MX24,20161001,54.912
maize,MX25,20161001,30.997
maize,MX26,20161001,41.261
maize,MX27,20161001,64.847
maize,MX28,20161001,47.008
maize,MX29,20161001,47.664
maize,MX30,20161001,68.779
maize,MX31,20161001,75.71
maize,MX32,20161001,57.275
maize,MX01,20161011,49.074
maize,MX02,20161011,30.097
maize,MX03,20161011,34.595
maize,MX04,20161011,80.533
maize,MX05,20161011,42.806
maize,MX06,20161011,72.103
maize,MX07,20161011,68.521
maize,MX08,20161011,40.651
maize,MX09,20161011,41.133
maize,MX10,20161011,50.766
maize,MX11,20161011,49.226
maize,MX12,20161011,69.819
maize,MX13,20161011,45.71
maize,MX14,20161011,62.482
maize,MX15,20161011,50.943
maize,MX16,20161011,59.018
maize,MX17,20161011,64.598
maize,MX18,20161011,68.395
maize,MX19,20161011,41.352
maize,MX20,20161011,62.288
maize,MX21,20161011,50.373
maize,MX22,20161011,43.993
maize,MX23,20161011,84.289
maize,MX24,20161011,53.773
maize,MX25,20161011,28.145
maize,MX26,20161011,35.169
maize,MX27,20161011,65.048
maize,MX28,20161011,46.434
maize,MX29,20161011,43.021
maize,MX30,20161011,68.712
maize,MX31,20161011,76.046
maize,MX32,20161011,52.383
maize,MX01,20161021,43.555
maize,MX02,20161021,30.079
maize,MX03,20161021,33.553
maize,MX04,20161021,79.119
maize,MX05,20161021,40.138
maize,MX06,20161021,70.237
maize,MX07,20161021,65.283
maize,MX08,20161021,34.71
maize,MX09,20161021,38.074
maize,MX10,20161021,44.485
maize,MX11,20161021,43.25
maize,MX12,20161021,64.462
maize,MX13,20161021,43.426
maize,MX14,20161021,56.326
maize,MX15,20161021,46.956
maize,MX16,20161021,53.65
maize,MX17,20161021,58.89
maize,MX18,20161021,65.445
maize,MX19,20161021,40.718
maize,MX20,20161021,60.002
maize,MX21,20161021,45.729
maize,MX22,20161021,39.141
maize,MX23,20161021,84.01
maize,MX24,20161021,52.037
maize,MX25,20161021,26.13
maize,MX26,20161021,30.371
maize,MX27,20161021,64.956
maize,MX28,20161021,45.443
maize,MX29,20161021,38.533
maize,MX30,20161021,68.244
maize,MX31,20161021,75.508
maize,MX32,20161021,46.77
maize,MX01,20161101,38.246
maize,MX02,20161101,30.442
maize,MX03,20161101,32.377
maize,MX04,20161101,76.995
maize,MX05,20161101,37.468
maize,MX06,20161101,67.59
maize,MX07,20161101,61.278
maize,MX08,20161101,29.634
maize,MX09,20161101,35.044
maize,MX10,20161101,38.06
maize,MX11,20161101,37.384
maize,MX12,20161101,58.171
maize,MX13,20161101,41.319
maize,MX14,20161101,49.843
maize,MX15,20161101,42.782
maize,MX16,20161101,47.913
maize,MX17,20161101,52.173
maize,MX18,20161101,61.61
maize,MX19,20161101,39.738
maize,MX20,20161101,57.397
maize,MX21,20161101,40.758
maize,MX22,20161101,34.722
maize,MX23,20161101,83.453
maize,MX24,20161101,49.853
maize,MX25,20161101,25.649
maize,MX26,20161101,27.268
maize,MX27,20161101,64.954
maize,MX28,20161101,44.202
maize,MX29,20161101,34.144
maize,MX30,20161101,67.328
maize,MX31,20161101,74.082
maize,MX32,20161101,40.65
maize,MX01,20161111,34.429
maize,MX02,20161111,31.146
maize,MX03,20161111,31.577
maize,MX04,20161111,74.74
maize,MX05,20161111,35.571
maize,MX06,20161111,64.996
maize,MX07,20161111,57.541
maize,MX08,20161111,26.317
maize,MX09,20161111,32.618
maize,MX10,20161111,33.226
maize,MX11,20161111,33.075
maize,MX12,20161111,52.865
maize,MX13,20161111,39.841
maize,MX14,20161111,44.869
maize,MX15,20161111,39.526
maize,MX16,20161111,43.321
maize,MX17,20161111,46.655
maize,MX18,20161111,58.338
maize,MX19,20161111,38.811
maize,MX20,20161111,55.293
maize,MX21,20161111,36.82
maize,MX22,20161111,31.908
maize,MX23,20161111,82.726
maize,MX24,20161111,47.922
maize,MX25,20161111,27.067
maize,MX26,20161111,26.364
maize,MX27,20161111,65.045
maize,MX28,20161111,43.09
maize,MX29,20161111,30.885
maize,MX30,20161111,66.17
maize,MX31,20161111,72.181
maize,MX32,20161111,35.674
maize,MX01,20161121,31.674
maize,MX02,20161121,32.133
maize,MX03,20161121,31.144
maize,MX04,20161121,72.281
maize,MX05,20161121,34.308
maize,MX06,20161121,62.286
maize,MX07,20161121,53.964
maize,MX08,20161121,23.917
maize,MX09,20161121,30.574
maize,MX10,20161121,29.536
maize,MX11,20161121,29.934
maize,MX12,20161121,48.312
maize,MX13,20161121,38.753
maize,MX14,20161121,40.969
maize,MX15,20161121,36.857
maize,MX16,20161121,39.549
maize,MX17,20161121,42.185
maize,MX18,20161121,55.878
maize,MX19,20161121,37.935
maize,MX20,20161121,53.599
maize,MX21,20161121,33.612
maize,MX22,20161121,30.201
maize,MX23,20161121,81.959
maize,MX24,20161121,46.116
maize,MX25,20161121,30.214
maize,MX26,20161121,27.101
maize,MX27,20161121,65.051
maize,MX28,20161121,41.843
maize,MX29,20161121,28.393
maize,MX30,20161121,64.817
maize,MX31,20161121,69.887
maize,MX32,20161121,31.593
maize,MX01,20161201,29.748
maize,MX02,20161201,33.506
maize,MX03,20161201,31.124
maize,MX04,20161201,69.719
maize,MX05,20161201,33.613
maize,MX06,20161201,59.353
maize,MX07,20161201,50.75
maize,MX08,20161201,22.123
maize,MX09,20161201,28.931
maize,MX10,20161201,26.763
maize,MX11,20161201,27.934
maize,MX12,20161201,44.642
maize,MX13,20161201,38.043
maize,MX14,20161201,38.119
maize,MX15,20161201,34.735
maize,MX16,20161201,36.684
maize,MX17,20161201,38.816
maize,MX18,20161201,54.322
maize,MX19,20161201,37.018
maize,MX20,20161201,52.284
maize,MX21,20161201,31.171
maize,MX22,20161201,29.43
maize,MX23,20161201,81.465
maize,MX24,20161201,44.465
maize,MX25,20161201,34.71
maize,MX26,20161201,29.243
maize,MX27,20161201,64.963
maize,MX28,20161201,40.32
maize,MX29,20161201,26.58
maize,MX30,20161201,63.395
maize,MX31,20161201,67.374
maize,MX32,20161201,28.469
maize,MX01,20161211,28.399
maize,MX02,20161211,35.638
maize,MX03,20161211,31.029
maize,MX04,20161211,67.276
maize,MX05,20161211,33.126
maize,MX06,20161211,56.151
maize,MX07,20161211,48.221
maize,MX08,20161211,20.74
maize,MX09,20161211,27.496
maize,MX10,20161211,24.647
maize,MX11,20161211,27.001
maize,MX12,20161211,41.796
maize,MX13,20161211,37.515
maize,MX14,20161211,36.018
maize,MX15,20161211,32.979
maize,MX16,20161211,34.575
maize,MX17,20161211,36.302
maize,MX18,20161211,53.446
maize,MX19,20161211,36.052
maize,MX20,20161211,51.171
maize,MX21,20161211,29.389
maize,MX22,20161211,29.226
maize,MX23,20161211,81.158
maize,MX24,20161211,42.904
maize,MX25,20161211,40.089
maize,MX26,20161211,32.722
maize,MX27,20161211,64.785
maize,MX28,20161211,38.544
maize,MX29,20161211,25.263
maize,MX30,20161211,61.923
maize,MX31,20161211,65.102
maize,MX32,20161211,26.141
maize,MX01,20161221,27.483
maize,MX02,20161221,38.825
maize,MX03,20161221,30.909
maize,MX04,20161221,64.873
maize,MX05,20161221,32.658
maize,MX06,20161221,52.686
maize,MX07,20161221,46.383
maize,MX08,20161221,19.644
maize,MX09,20161221,26.179
maize,MX10,20161221,23.142
maize,MX11,20161221,27.181
maize,MX12,20161221,39.63
maize,MX13,20161221,36.962
maize,MX14,20161221,34.404
maize,MX15,20161221,31.46
maize,MX16,20161221,33.144
maize,MX17,20161221,34.283
maize,MX18,20161221,52.871
maize,MX19,20161221,35.073
maize,MX20,20161221,50.06
maize,MX21,20161221,27.948
maize,MX22,20161221,29.343
maize,MX23,20161221,81.006
maize,MX24,20161221,41.384
maize,MX25,20161221,45.797
maize,MX26,20161221,37.298
maize,MX27,20161221,64.421
maize,MX28,20161221,36.679
maize,MX29,20161221,24.199
maize,MX30,20161221,60.324
maize,MX31,20161221,63.251
maize,MX32,20161221,24.524
maize,MX01,20170101,26.722
maize,MX02,20170101,43.451
maize,MX03,20170101,30.962
maize,MX04,20170101,62.089
maize,MX05,20170101,32.111
maize,MX06,20170101,48.856
maize,MX07,20170101,45.151
maize,MX08,20170101,18.805
maize,MX09,20170101,24.406
maize,MX10,20170101,22.079
maize,MX11,20170101,28.568
maize,MX12,20170101,37.826
maize,MX13,20170101,36.112
maize,MX14,20170101,32.872
maize,MX15,20170101,29.742
maize,MX16,20170101,32.202
maize,MX17,20170101,32.288
maize,MX18,20170101,52.004
maize,MX19,20170101,33.908
maize,MX20,20170101,48.592
maize,MX21,20170101,26.5
maize,MX22,20170101,29.755
maize,MX23,20170101,81.039
maize,MX24,20170101,39.67
maize,MX25,20170101,51.759
maize,MX26,20170101,43.302
maize,MX27,20170101,63.775
maize,MX28,20170101,34.794
maize,MX29,20170101,22.977
maize,MX30,20170101,58.031
maize,MX31,20170101,61.552
maize,MX32,20170101,23.217
maize,MX01,20170111,26.175
maize,MX02,20170111,48.087
maize,MX03,20170111,30.985
maize,MX04,20170111,59.304
maize,MX05,20170111,31.608
maize,MX06,20170111,45.619
maize,MX07,20170111,44.38
maize,MX08,20170111,18.223
maize,MX09,20170111,22.642
maize,MX10,20170111,21.473
maize,MX11,20170111,30.891
maize,MX12,20170111,36.497
maize,MX13,20170111,35.206
maize,MX14,20170111,31.604
maize,MX15,20170111,28.01
maize,MX16,20170111,31.97
maize,MX17,20170111,30.543
maize,MX18,20170111,50.588
maize,MX19,20170111,32.855
maize,MX20,20170111,46.895
maize,MX21,20170111,25.196
maize,MX22,20170111,30.393
maize,MX23,20170111,80.883
maize,MX24,20170111,38.093
maize,MX25,20170111,56.301
maize,MX26,20170111,48.915
maize,MX27,20170111,62.8
maize,MX28,20170111,33.576
maize,MX29,20170111,21.794
maize,MX30,20170111,55.318
maize,MX31,20170111,60.237
maize,MX32,20170111,22.332
maize,MX01,20170121,25.764
maize,MX02,20170121,52.28
maize,MX03,20170121,30.773
maize,MX04,20170121,56.111
maize,MX05,20170121,31.395
maize,MX06,20170121,42.724
maize,MX07,20170121,43.65
maize,MX08,20170121,17.729
maize,MX09,20170121,20.906
maize,MX10,20170121,21.124
maize,MX11,20170121,34.038
maize,MX12,20170121,35.299
maize,MX13,20170121,34.476
maize,MX14,20170121,30.537
maize,MX15,20170121,26.36
maize,MX16,20170121,32.373
maize,MX17,20170121,28.916
maize,MX18,20170121,48.579
maize,MX19,20170121,31.763
maize,MX20,20170121,44.998
maize,MX21,20170121,24.031
maize,MX22,20170121,31.404
maize,MX23,20170121,80.228
maize,MX24,20170121,36.579
maize,MX25,20170121,59.816
maize,MX26,20170121,53.874
maize,MX27,20170121,61.468
maize,MX28,20170121,32.934
maize,MX29,20170121,20.698
maize,MX30,20170121,52.259
maize,MX31,20170121,59.054
maize,MX32,20170121,21.69
maize,MX01,20170201,25.48
maize,MX02,20170201,55.747
maize,MX03,20170201,30.382
maize,MX04,20170201,52.122
maize,MX05,20170201,31.594
maize,MX06,20170201,40.004
maize,MX07,20170201,42.696
maize,MX08,20170201,17.269
maize,MX09,20170201,19.509
maize,MX10,20170201,21.025
maize,MX11,20170201,37.794
maize,MX12,20170201,34.049
maize,MX13,20170201,33.97
maize,MX14,20170201,29.71
maize,MX15,20170201,24.865
maize,MX16,20170201,33.501
maize,MX17,20170201,27.323
maize,MX18,20170201,45.845
maize,MX19,20170201,30.754
maize,MX20,20170201,42.906
maize,MX21,20170201,22.959
maize,MX22,20170201,32.807
maize,MX23,20170201,78.588
maize,MX24,20170201,35.151
maize,MX25,20170201,62.631
maize,MX26,20170201,58.098
maize,MX27,20170201,59.629
maize,MX28,20170201,33.209
maize,MX29,20170201,19.747
maize,MX30,20170201,48.987
maize,MX31,20170201,57.85
maize,MX32,20170201,21.21
maize,MX01,20170211,25.16
maize,MX02,20170211,58.209
maize,MX03,20170211,29.819
maize,MX04,20170211,48.364
maize,MX05,20170211,32.041
maize,MX06,20170211,37.93
maize,MX07,20170211,41.667
maize,MX08,20170211,17.056
maize,MX09,20170211,18.492
maize,MX10,20170211,21.173
maize,MX11,20170211,40.678
maize,MX12,20170211,32.809
maize,MX13,20170211,33.498
maize,MX14,20170211,29.152
maize,MX15,20170211,23.724
maize,MX16,20170211,34.68
maize,MX17,20170211,26.126
maize,MX18,20170211,43.186
maize,MX19,20170211,30.21
maize,MX20,20170211,41.047
maize,MX21,20170211,22.178
maize,MX22,20170211,33.84
maize,MX23,20170211,76.322
maize,MX24,20170211,33.94
maize,MX25,20170211,64.284
maize,MX26,20170211,60.685
maize,MX27,20170211,57.679
maize,MX28,20170211,34.454
maize,MX29,20170211,19.041
maize,MX30,20170211,46.324
maize,MX31,20170211,56.975
maize,MX32,20170211,20.852
maize,MX01,20170221,24.743
maize,MX02,20170221,59.857
maize,MX03,20170221,29.236
maize,MX04,20170221,44.7
maize,MX05,20170221,32.377
maize,MX06,20170221,36.107
maize,MX07,20170221,40.467
maize,MX08,20170221,17.073
maize,MX09,20170221,17.838
maize,MX10,20170221,21.501
maize,MX11,20170221,42.614
maize,MX12,20170221,31.574
maize,MX13,20170221,33.091
maize,MX14,20170221,28.735
maize,MX15,20170221,22.886
maize,MX16,20170221,35.737
maize,MX17,20170221,25.201
maize,MX18,20170221,40.521
maize,MX19,20170221,30.15
maize,MX20,20170221,39.158
maize,MX21,20170221,21.551
maize,MX22,20170221,34.531
maize,MX23,20170221,73.452
maize,MX24,20170221,33.059
maize,MX25,20170221,64.887
maize,MX26,20170221,61.815
maize,MX27,20170221,55.261
maize,MX28,20170221,36.8
maize,MX29,20170221,18.469
maize,MX30,20170221,43.946
maize,MX31,20170221,56.159
maize,MX32,20170221,20.578
maize,MX01,20170301,24.258
maize,MX02,20170301,60.26
maize,MX03,20170301,28.743
maize,MX04,20170301,42.091
maize,MX05,20170301,32.465
maize,MX06,20170301,34.828
maize,MX07,20170301,39.582
maize,MX08,20170301,17.224
maize,MX09,20170301,17.563
maize,MX10,20170301,21.83
maize,MX11,20170301,43.226
maize,MX12,20170301,30.696
maize,MX13,20170301,32.728
maize,MX14,20170301,28.345
maize,MX15,20170301,22.447
maize,MX16,20170301,36.249
maize,MX17,20170301,24.708
maize,MX18,20170301,38.462
maize,MX19,20170301,30.491
maize,MX20,20170301,37.79
maize,MX21,20170301,21.17
maize,MX22,20170301,34.642
maize,MX23,20170301,71.015
maize,MX24,20170301,32.524
maize,MX25,20170301,64.498
maize,MX26,20170301,61.439
maize,MX27,20170301,53.122
maize,MX28,20170301,39.262
maize,MX29,20170301,18.071
maize,MX30,20170301,42.426
maize,MX31,20170301,55.473
maize,MX32,20170301,20.348
maize,MX01,20170311,23.524
maize,MX02,20170311,59.559
maize,MX03,20170311,28.174
maize,MX04,20170311,39.487
maize,MX05,20170311,32.151
maize,MX06,20170311,33.427
maize,MX07,20170311,38.506
maize,MX08,20170311,17.525
maize,MX09,20170311,17.544
maize,MX10,20170311,22.356
maize,MX11,20170311,42.623
maize,MX12,20170311,29.791
maize,MX13,20170311,32.3
maize,MX14,20170311,27.749
maize,MX15,20170311,22.06
maize,MX16,20170311,36.225
maize,MX17,20170311,24.279
maize,MX18,20170311,36.045
maize,MX19,20170311,31.3
maize,MX20,20170311,36.249
maize,MX21,20170311,20.821
maize,MX22,20170311,34.148
maize,MX23,20170311,68.201
maize,MX24,20170311,32.058
maize,MX25,20170311,63.043
maize,MX26,20170311,59.115
maize,MX27,20170311,50.386
maize,MX28,20170311,42.615
maize,MX29,20170311,17.635
maize,MX30,20170311,40.9
maize,MX31,20170311,54.242
maize,MX32,20170311,20.094
maize,MX01,20170321,22.677
maize,MX02,20170321,57.392
maize,MX03,20170321,27.665
maize,MX04,20170321,38.024
maize,MX05,20170321,31.313
maize,MX06,20170321,32.226
maize,MX07,20170321,37.468
maize,MX08,20170321,17.81
maize,MX09,20170321,17.664
maize,MX10,20170321,22.84
maize,MX11,20170321,40.426
maize,MX12,20170321,28.949
maize,MX13,20170321,31.781
maize,MX14,20170321,26.899
maize,MX15,20170321,21.846
maize,MX16,20170321,35.29
maize,MX17,20170321,23.838
maize,MX18,20170321,33.949
maize,MX19,20170321,32.259
maize,MX20,20170321,34.961
maize,MX21,20170321,20.514
maize,MX22,20170321,32.75
maize,MX23,20170321,66.14
maize,MX24,20170321,31.675
maize,MX25,20170321,60.636
maize,MX26,20170321,54.574
maize,MX27,20170321,48.17
maize,MX28,20170321,45.487
maize,MX29,20170321,17.228
maize,MX30,20170321,39.802
maize,MX31,20170321,53.038
maize,MX32,20170321,19.883
maize,MX01,20170401,21.756
maize,MX02,20170401,53.48
maize,MX03,20170401,26.807
maize,MX04,20170401,38.01
maize,MX05,20170401,29.889
maize,MX06,20170401,31.031
maize,MX07,20170401,36.463
maize,MX08,20170401,18.05
maize,MX09,20170401,18.105
maize,MX10,20170401,23.173
maize,MX11,20170401,36.571
maize,MX12,20170401,28.135
maize,MX13,20170401,31.318
maize,MX14,20170401,25.702
maize,MX15,20170401,21.894
maize,MX16,20170401,33.283
maize,MX17,20170401,23.405
maize,MX18,20170401,31.992
maize,MX19,20170401,33.111
maize,MX20,20170401,34.005
maize,MX21,20170401,20.434
maize,MX22,20170401,30.464
maize,MX23,20170401,64.959
maize,MX24,20170401,31.239
maize,MX25,20170401,57.068
maize,MX26,20170401,47.575
maize,MX27,20170401,46.744
maize,MX28,20170401,47.221
maize,MX29,20170401,17.052
maize,MX30,20170401,38.966
maize,MX31,20170401,51.534
maize,MX32,20170401,19.72
maize,MX01,20170411,21.139
maize,MX02,20170411,49.029
maize,MX03,20170411,25.925
maize,MX04,20170411,39.493
maize,MX05,20170411,28.625
maize,MX06,20170411,30.07
maize,MX07,20170411,36.068
maize,MX08,20170411,18.252
maize,MX09,20170411,18.916
maize,MX10,20170411,23.287
maize,MX11,20170411,32.634
maize,MX12,20170411,27.682
maize,MX13,20170411,31.564
maize,MX14,20170411,24.56
maize,MX15,20170411,22.44
maize,MX16,20170411,30.954
maize,MX17,20170411,23.3
maize,MX18,20170411,30.562
maize,MX19,20170411,33.812
maize,MX20,20170411,33.858
maize,MX21,20170411,20.832
maize,MX22,20170411,28.432
maize,MX23,20170411,65.517
maize,MX24,20170411,31.087
maize,MX25,20170411,53.059
maize,MX26,20170411,40.684
maize,MX27,20170411,46.632
maize,MX28,20170411,47.459
maize,MX29,20170411,17.284
maize,MX30,20170411,38.662
maize,MX31,20170411,50.453
maize,MX32,20170411,19.698
maize,MX01,20170421,20.751
maize,MX02,20170421,44.271
maize,MX03,20170421,25.137
maize,MX04,20170421,41.852
maize,MX05,20170421,28.015
maize,MX06,20170421,29.314
maize,MX07,20170421,36.429
maize,MX08,20170421,18.515
maize,MX09,20170421,19.891
maize,MX10,20170421,23.229
maize,MX11,20170421,29.07
maize,MX12,20170421,27.763
maize,MX13,20170421,32.445
maize,MX14,20170421,23.487
maize,MX15,20170421,23.502
maize,MX16,20170421,28.691
maize,MX17,20170421,23.656
maize,MX18,20170421,29.385
maize,MX19,20170421,34.159
maize,MX20,20170421,34.742
maize,MX21,20170421,21.799
maize,MX22,20170421,27.045
maize,MX23,20170421,67.117
maize,MX24,20170421,31.104
maize,MX25,20170421,48.558
maize,MX26,20170421,34.475
maize,MX27,20170421,47.538
maize,MX28,20170421,46.405
maize,MX29,20170421,17.926
maize,MX30,20170421,38.948
maize,MX31,20170421,49.701
maize,MX32,20170421,19.707
maize,MX01,20170501,20.615
maize,MX02,20170501,40.004
maize,MX03,20170501,24.655
maize,MX04,20170501,44.267
maize,MX05,20170501,28.337
maize,MX06,20170501,28.992
maize,MX07,20170501,37.941
maize,MX08,20170501,18.981
maize,MX09,20170501,21.445
maize,MX10,20170501,22.871
maize,MX11,20170501,26.697
maize,MX12,20170501,28.94
maize,MX13,20170501,34.112
maize,MX14,20170501,22.687
maize,MX15,20170501,25.344
maize,MX16,20170501,27.274
maize,MX17,20170501,24.935
maize,MX18,20170501,28.43
maize,MX19,20170501,34.207
maize,MX20,20170501,36.801
maize,MX21,20170501,23.639
maize,MX22,20170501,26.759
maize,MX23,20170501,69.153
maize,MX24,20170501,31.446
maize,MX25,20170501,43.895
maize,MX26,20170501,29.543
maize,MX27,20170501,48.87
maize,MX28,20170501,44.554
maize,MX29,20170501,19.397
maize,MX30,20170501,39.961
maize,MX31,20170501,49.064
maize,MX32,20170501,19.675
maize,MX01,20170511,20.726
maize,MX02,20170511,36.736
maize,MX03,20170511,24.395
maize,MX04,20170511,46.476
maize,MX05,20170511,29.701
maize,MX06,20170511,29.171
maize,MX07,20170511,40.897
maize,MX08,20170511,20.04
maize,MX09,20170511,23.553
maize,MX10,20170511,22.336
maize,MX11,20170511,25.992
maize,MX12,20170511,31.8
maize,MX13,20170511,36.387
maize,MX14,20170511,22.334
maize,MX15,20170511,28.216
maize,MX16,20170511,27.287
maize,MX17,20170511,27.619
maize,MX18,20170511,27.684
maize,MX19,20170511,34.298
maize,MX20,20170511,40.27
maize,MX21,20170511,26.653
maize,MX22,20170511,27.714
maize,MX23,20170511,70.81
maize,MX24,20170511,32.253
maize,MX25,20170511,39.389
maize,MX26,20170511,26.063
maize,MX27,20170511,50.599
maize,MX28,20170511,42.459
maize,MX29,20170511,22.067
maize,MX30,20170511,42.062
maize,MX31,20170511,48.825
maize,MX32,20170511,19.657
maize,MX01,20170521,21.296
maize,MX02,20170521,34.608
maize,MX03,20170521,24.285
maize,MX04,20170521,49.044
maize,MX05,20170521,31.794
maize,MX06,20170521,30.107
maize,MX07,20170521,45.029
maize,MX08,20170521,22.196
maize,MX09,20170521,26.749
maize,MX10,20170521,21.949
maize,MX11,20170521,27.268
maize,MX12,20170521,36.688
maize,MX13,20170521,38.806
maize,MX14,20170521,22.844
maize,MX15,20170521,31.985
maize,MX16,20170521,29.26
maize,MX17,20170521,32.044
maize,MX18,20170521,27.373
maize,MX19,20170521,34.624
maize,MX20,20170521,44.859
maize,MX21,20170521,30.873
maize,MX22,20170521,29.822
maize,MX23,20170521,72.233
maize,MX24,20170521,33.313
maize,MX25,20170521,35.296
maize,MX26,20170521,23.806
maize,MX27,20170521,53.059
maize,MX28,20170521,40.426
maize,MX29,20170521,26.03
maize,MX30,20170521,45.238
maize,MX31,20170521,49.555
maize,MX32,20170521,19.885
maize,MX01,20170601,22.692
maize,MX02,20170601,33.308
maize,MX03,20170601,24.176
maize,MX04,20170601,52.727
maize,MX05,20170601,34.077
maize,MX06,20170601,32.272
maize,MX07,20170601,50.152
maize,MX08,20170601,26.221
maize,MX09,20170601,31.198
maize,MX10,20170601,22.116
maize,MX11,20170601,31.102
maize,MX12,20170601,44.084
maize,MX13,20170601,41.66
maize,MX14,20170601,24.984
maize,MX15,20170601,36.973
maize,MX16,20170601,33.97
maize,MX17,20170601,38.63
maize,MX18,20170601,27.982
maize,MX19,20170601,34.996
maize,MX20,20170601,50.699
maize,MX21,20170601,36.718
maize,MX22,20170601,33.347
maize,MX23,20170601,73.46
maize,MX24,20170601,34.512
maize,MX25,20170601,31.472
maize,MX26,20170601,22.547
maize,MX27,20170601,56.446
maize,MX28,20170601,38.399
maize,MX29,20170601,31.861
maize,MX30,20170601,49.644
maize,MX31,20170601,51.5
maize,MX32,20170601,20.817
maize,MX01,20170611,24.822
maize,MX02,20170611,32.911
maize,MX03,20170611,23.86
maize,MX04,20170611,56.727
maize,MX05,20170611,35.605
maize,MX06,20170611,35.845
maize,MX07,20170611,54.378
maize,MX08,20170611,31.44
maize,MX09,20170611,35.713
maize,MX10,20170611,23.223
maize,MX11,20170611,36.526
maize,MX12,20170611,51.48
maize,MX13,20170611,44.512
maize,MX14,20170611,28.754
maize,MX15,20170611,41.856
maize,MX16,20170611,40.157
maize,MX17,20170611,45.158
maize,MX18,20170611,29.988
maize,MX19,20170611,35.283
maize,MX20,20170611,55.58
maize,MX21,20170611,42.385
maize,MX22,20170611,37.502
maize,MX23,20170611,74.694
maize,MX24,20170611,35.779
maize,MX25,20170611,28.638
maize,MX26,20170611,22.473
maize,MX27,20170611,59.657
maize,MX28,20170611,36.913
maize,MX29,20170611,38.093
maize,MX30,20170611,53.761
maize,MX31,20170611,53.943
maize,MX32,20170611,22.66
maize,MX01,20170621,28.258
maize,MX02,20170621,32.665
maize,MX03,20170621,23.086
maize,MX04,20170621,60.942
maize,MX05,20170621,36.439
maize,MX06,20170621,41.345
maize,MX07,20170621,57.922
maize,MX08,20170621,37.838
maize,MX09,20170621,40.17
maize,MX10,20170621,25.826
maize,MX11,20170621,43.414
maize,MX12,20170621,57.847
maize,MX13,20170621,47.618
maize,MX14,20170621,34.759
maize,MX15,20170621,46.979
maize,MX16,20170621,47.557
maize,MX17,20170621,50.903
maize,MX18,20170621,33.948
maize,MX19,20170621,35.619
maize,MX20,20170621,59.217
maize,MX21,20170621,47.691
maize,MX22,20170621,42.331
maize,MX23,20170621,76.195
maize,MX24,20170621,37.559
maize,MX25,20170621,26.489
maize,MX26,20170621,23.626
maize,MX27,20170621,62.329
maize,MX28,20170621,35.946
maize,MX29,20170621,44.771
maize,MX30,20170621,57.218
maize,MX31,20170621,56.53
maize,MX32,20170621,26.062
maize,MX01,20170701,33.046
maize,MX02,20170701,32.519
maize,MX03,20170701,21.933
maize,MX04,20170701,64.743
maize,MX05,20170701,36.813
maize,MX06,20170701,48.231
maize,MX07,20170701,60.829
maize,MX08,20170701,44.852
maize,MX09,20170701,44.588
maize,MX10,20170701,30.322
maize,MX11,20170701,50.985
maize,MX12,20170701,62.727
maize,MX13,20170701,51.238
maize,MX14,20170701,42.518
maize,MX15,20170701,52.234
maize,MX16,20170701,55.221
maize,MX17,20170701,55.607
maize,MX18,20170701,39.583
maize,MX19,20170701,36.116
maize,MX20,20170701,61.465
maize,MX21,20170701,52.451
maize,MX22,20170701,47.718
maize,MX23,20170701,77.579
maize,MX24,20170701,40.117
maize,MX25,20170701,25.216
maize,MX26,20170701,26.156
maize,MX27,20170701,64.191
maize,MX28,20170701,35.826
maize,MX29,20170701,51.608
maize,MX30,20170701,59.94
maize,MX31,20170701,58.899
maize,MX32,20170701,31.1
maize,MX01,20170711,38.719
maize,MX02,20170711,32.224
maize,MX03,20170711,20.66
maize,MX04,20170711,67.716
maize,MX05,20170711,36.987
maize,MX06,20170711,55.256
maize,MX07,20170711,63.242
maize,MX08,20170711,51.853
maize,MX09,20170711,48.405
maize,MX10,20170711,36.621
maize,MX11,20170711,58.128
maize,MX12,20170711,66.377
maize,MX13,20170711,54.616
maize,MX14,20170711,51.14
maize,MX15,20170711,57.176
maize,MX16,20170711,62.182
maize,MX17,20170711,59.832
maize,MX18,20170711,46.33
maize,MX19,20170711,36.622
maize,MX20,20170711,62.625
maize,MX21,20170711,56.484
maize,MX22,20170711,52.858
maize,MX23,20170711,78.697
maize,MX24,20170711,42.927
maize,MX25,20170711,24.891
maize,MX26,20170711,29.88
maize,MX27,20170711,65.019
maize,MX28,20170711,36.194
maize,MX29,20170711,57.677
maize,MX30,20170711,61.908
maize,MX31,20170711,60.5
maize,MX32,20170711,37.373
maize,MX01,20170721,44.616
maize,MX02,20170721,31.819
maize,MX03,20170721,19.491
maize,MX04,20170721,70.153
maize,MX05,20170721,37.082
maize,MX06,20170721,61.036
maize,MX07,20170721,65.357
maize,MX08,20170721,58.277
maize,MX09,20170721,51.279
maize,MX10,20170721,44.035
maize,MX11,20170721,63.881
maize,MX12,20170721,69.291
maize,MX13,20170721,57.064
maize,MX14,20170721,59.416
maize,MX15,20170721,61.22
maize,MX16,20170721,67.662
maize,MX17,20170721,63.919
maize,MX18,20170721,53.065
maize,MX19,20170721,36.948
maize,MX20,20170721,63.251
maize,MX21,20170721,59.551
maize,MX22,20170721,56.99
maize,MX23,20170721,79.768
maize,MX24,20170721,45.555
maize,MX25,20170721,25.623
maize,MX26,20170721,34.292
maize,MX27,20170721,65.2
maize,MX28,20170721,36.695
maize,MX29,20170721,61.977
maize,MX30,20170721,63.161
maize,MX31,20170721,61.72
maize,MX32,20170721,44.039
maize,MX01,20170801,50.107
maize,MX02,20170801,31.465
maize,MX03,20170801,18.963
maize,MX04,20170801,72.426
maize,MX05,20170801,37.202
maize,MX06,20170801,65.307
maize,MX07,20170801,67.251
maize,MX08,20170801,63.901
maize,MX09,20170801,53.094
maize,MX10,20170801,52.096
maize,MX11,20170801,68.037
maize,MX12,20170801,72.046
maize,MX13,20170801,58.484
maize,MX14,20170801,66.93
maize,MX15,20170801,64.217
maize,MX16,20170801,71.548
maize,MX17,20170801,68.254
maize,MX18,20170801,59.454
maize,MX19,20170801,36.995
maize,MX20,20170801,63.582
maize,MX21,20170801,61.904
maize,MX22,20170801,59.839
maize,MX23,20170801,80.754
maize,MX24,20170801,47.782
maize,MX25,20170801,27.545
maize,MX26,20170801,38.922
maize,MX27,20170801,64.823
maize,MX28,20170801,37.377
maize,MX29,20170801,64.326
maize,MX30,20170801,63.758
maize,MX31,20170801,62.764
maize,MX32,20170801,50.709
maize,MX01,20170811,54.002
maize,MX02,20170811,31.2
maize,MX03,20170811,19.796
maize,MX04,20170811,74.346
maize,MX05,20170811,37.381
maize,MX06,20170811,67.686
maize,MX07,20170811,68.563
maize,MX08,20170811,67.103
maize,MX09,20170811,53.745
maize,MX10,20170811,58.035
maize,MX11,20170811,69.698
maize,MX12,20170811,74.105
maize,MX13,20170811,58.789
maize,MX14,20170811,71.713
maize,MX15,20170811,65.537
maize,MX16,20170811,73.161
maize,MX17,20170811,71.438
maize,MX18,20170811,63.903
maize,MX19,20170811,36.891
maize,MX20,20170811,63.857
maize,MX21,20170811,63.245
maize,MX22,20170811,60.93
maize,MX23,20170811,81.378
maize,MX24,20170811,49.484
maize,MX25,20170811,30.094
maize,MX26,20170811,42.253
maize,MX27,20170811,64.5
maize,MX28,20170811,38.389
maize,MX29,20170811,64.395
maize,MX30,20170811,63.907
maize,MX31,20170811,64.137
maize,MX32,20170811,55.663
maize,MX01,20170821,57.091
maize,MX02,20170821,30.963
maize,MX03,20170821,22.147
maize,MX04,20170821,76.247
maize,MX05,20170821,37.619
maize,MX06,20170821,69.346
maize,MX07,20170821,69.507
maize,MX08,20170821,67.836
maize,MX09,20170821,53.759
maize,MX10,20170821,62.101
maize,MX11,20170821,69.604
maize,MX12,20170821,75.608
maize,MX13,20170821,58.297
maize,MX14,20170821,74.583
maize,MX15,20170821,65.757
maize,MX16,20170821,73.261
maize,MX17,20170821,73.453
maize,MX18,20170821,67.055
maize,MX19,20170821,36.975
maize,MX20,20170821,64.273
maize,MX21,20170821,63.905
maize,MX22,20170821,60.833
maize,MX23,20170821,81.903
maize,MX24,20170821,51.234
maize,MX25,20170821,32.783
maize,MX26,20170821,44.268
maize,MX27,20170821,64.05
maize,MX28,20170821,39.95
maize,MX29,20170821,62.923
maize,MX30,20170821,64.109
maize,MX31,20170821,65.759
maize,MX32,20170821,59.613
maize,MX01,20170901,59.793
maize,MX02,20170901,30.981
maize,MX03,20170901,26.511
maize,MX04,20170901,78.134
maize,MX05,20170901,38.181
maize,MX06,20170901,70.908
maize,MX07,20170901,70.209
maize,MX08,20170901,65.4
maize,MX09,20170901,53.5
maize,MX10,20170901,64.492
maize,MX11,20170901,68.072
maize,MX12,20170901,76.546
maize,MX13,20170901,57.259
maize,MX14,20170901,76.05
maize,MX15,20170901,65.049
maize,MX16,20170901,72.226
maize,MX17,20170901,74.341
maize,MX18,20170901,69.321
maize,MX19,20170901,37.678
maize,MX20,20170901,64.941
maize,MX21,20170901,63.786
maize,MX22,20170901,60.002
maize,MX23,20170901,82.228
maize,MX24,20170901,53.369
maize,MX25,20170901,35.068
maize,MX26,20170901,44.846
maize,MX27,20170901,64.084
maize,MX28,20170901,42.391
maize,MX29,20170901,60.079
maize,MX30,20170901,64.709
maize,MX31,20170901,67.763
maize,MX32,20170901,62.903
maize,MX01,20170911,61.219
maize,MX02,20170911,31.115
maize,MX03,20170911,30.764
maize,MX04,20170911,79.524
maize,MX05,20170911,38.898
maize,MX06,20170911,72.199
maize,MX07,20170911,70.385
maize,MX08,20170911,60.569
maize,MX09,20170911,52.925
maize,MX10,20170911,64.842
maize,MX11,20170911,65.672
maize,MX12,20170911,76.6
maize,MX13,20170911,55.952
maize,MX14,20170911,75.956
maize,MX15,20170911,63.524
maize,MX16,20170911,70.475
maize,MX17,20170911,73.865
maize,MX18,20170911,70.496
maize,MX19,20170911,39.003
maize,MX20,20170911,65.504
maize,MX21,20170911,62.711
maize,MX22,20170911,58.66
maize,MX23,20170911,82.591
maize,MX24,20170911,55.194
maize,MX25,20170911,35.618
maize,MX26,20170911,43.581
maize,MX27,20170911,64.32
maize,MX28,20170911,45.056
maize,MX29,20170911,56.748
maize,MX30,20170911,65.645
maize,MX31,20170911,70.004
maize,MX32,20170911,64.566
maize,MX01,20170921,61.127
maize,MX02,20170921,31.073
maize,MX03,20170921,33.59
maize,MX04,20170921,80.254
maize,MX05,20170921,39.825
maize,MX06,20170921,73.326
maize,MX07,20170921,70.072
maize,MX08,20170921,54.082
maize,MX09,20170921,51.787
maize,MX10,20170921,63.364
maize,MX11,20170921,62.341
maize,MX12,20170921,75.769
maize,MX13,20170921,54.266
maize,MX14,20170921,74.499
maize,MX15,20170921,61.149
maize,MX16,20170921,67.981
maize,MX17,20170921,72.314
maize,MX18,20170921,70.871
maize,MX19,20170921,40.666
maize,MX20,20170921,65.877
maize,MX21,20170921,60.591
maize,MX22,20170921,56.533
maize,MX23,20170921,82.687
maize,MX24,20170921,56.483
maize,MX25,20170921,34.027
maize,MX26,20170921,40.268
maize,MX27,20170921,64.242
maize,MX28,20170921,47.611
maize,MX29,20170921,52.966
maize,MX30,20170921,66.689
maize,MX31,20170921,71.843
maize,MX32,20170921,64.567
maize,MX01,20171001,59.272
maize,MX02,20171001,31.003
maize,MX03,20171001,34.407
maize,MX04,20171001,80.253
maize,MX05,20171001,40.58
maize,MX06,20171001,74.083
maize,MX07,20171001,69.395
maize,MX08,20171001,46.889
maize,MX09,20171001,49.666
maize,MX10,20171001,60.036
maize,MX11,20171001,58.044
maize,MX12,20171001,73.821
maize,MX13,20171001,52.284
maize,MX14,20171001,71.582
maize,MX15,20171001,58.05
maize,MX16,20171001,64.651
maize,MX17,20171001,69.739
maize,MX18,20171001,70.397
maize,MX19,20171001,42.329
maize,MX20,20171001,65.741
maize,MX21,20171001,57.493
maize,MX22,20171001,53.548
maize,MX23,20171001,82.896
maize,MX24,20171001,57.032
maize,MX25,20171001,31.063
maize,MX26,20171001,35.627
maize,MX27,20171001,63.877
maize,MX28,20171001,49.817
maize,MX29,20171001,48.911
maize,MX30,20171001,67.439
maize,MX31,20171001,73.162
maize,MX32,20171001,62.534
maize,MX01,20171011,55.656
maize,MX02,20171011,31.18
maize,MX03,20171011,33.94
maize,MX04,20171011,79.638
maize,MX05,20171011,40.66
maize,MX06,20171011,73.822
maize,MX07,20171011,68.19
maize,MX08,20171011,39.944
maize,MX09,20171011,46.837
maize,MX10,20171011,54.905
maize,MX11,20171011,52.956
maize,MX12,20171011,70.592
maize,MX13,20171011,49.939
maize,MX14,20171011,67.147
maize,MX15,20171011,54.377
maize,MX16,20171011,60.554
maize,MX17,20171011,66.076
maize,MX18,20171011,68.887
maize,MX19,20171011,43.379
maize,MX20,20171011,64.996
maize,MX21,20171011,53.65
maize,MX22,20171011,49.679
maize,MX23,20171011,82.983
maize,MX24,20171011,56.674
maize,MX25,20171011,27.909
maize,MX26,20171011,31.008
maize,MX27,20171011,63.376
maize,MX28,20171011,51.26
maize,MX29,20171011,44.766
maize,MX30,20171011,67.841
maize,MX31,20171011,73.815
maize,MX32,20171011,58.538
maize,MX01,20171021,50.439
maize,MX02,20171021,31.918
maize,MX03,20171021,33.111
maize,MX04,20171021,78.58
maize,MX05,20171021,39.599
maize,MX06,20171021,72.088
maize,MX07,20171021,66.486
maize,MX08,20171021,33.952
maize,MX09,20171021,43.413
maize,MX10,20171021,48.541
maize,MX11,20171021,47.261
maize,MX12,20171021,65.969
maize,MX13,20171021,47.246
maize,MX14,20171021,61.198
maize,MX15,20171021,50.145
maize,MX16,20171021,55.631
maize,MX17,20171021,61.126
maize,MX18,20171021,66.173
maize,MX19,20171021,43.301
maize,MX20,20171021,63.475
maize,MX21,20171021,49.184
maize,MX22,20171021,45.038
maize,MX23,20171021,83.038
maize,MX24,20171021,55.314
maize,MX25,20171021,25.603
maize,MX26,20171021,27.471
maize,MX27,20171021,63.063
maize,MX28,20171021,51.49
maize,MX29,20171021,40.708
maize,MX30,20171021,67.812
maize,MX31,20171021,73.839
maize,MX32,20171021,52.867
maize,MX01,20171101,43.864
maize,MX02,20171101,33.335
maize,MX03,20171101,32.389
maize,MX04,20171101,77.148
maize,MX05,20171101,37.457
maize,MX06,20171101,68.586
maize,MX07,20171101,63.841
maize,MX08,20171101,28.897
maize,MX09,20171101,38.999
maize,MX10,20171101,41.285
maize,MX11,20171101,40.993
maize,MX12,20171101,59.783
maize,MX13,20171101,43.974
maize,MX14,20171101,53.811
maize,MX15,20171101,44.961
maize,MX16,20171101,49.718
maize,MX17,20171101,54.738
maize,MX18,20171101,62.033
maize,MX19,20171101,41.788
maize,MX20,20171101,60.844
maize,MX21,20171101,43.953
maize,MX22,20171101,39.662
maize,MX23,20171101,82.809
maize,MX24,20171101,52.545
maize,MX25,20171101,24.838
maize,MX26,20171101,25.397
maize,MX27,20171101,62.803
maize,MX28,20171101,49.806
maize,MX29,20171101,36.278
maize,MX30,20171101,66.928
maize,MX31,20171101,72.974
maize,MX32,20171101,45.767
maize,MX01,20171111,38.18
maize,MX02,20171111,34.728
maize,MX03,20171111,32.129
maize,MX04,20171111,75.701
maize,MX05,20171111,35.108
maize,MX06,20171111,64.303
maize,MX07,20171111,60.68
maize,MX08,20171111,25.617
maize,MX09,20171111,34.46
maize,MX10,20171111,35.373
maize,MX11,20171111,35.826
maize,MX12,20171111,53.912
maize,MX13,20171111,40.682
maize,MX14,20171111,47.288
maize,MX15,20171111,40.041
maize,MX16,20171111,44.415
maize,MX17,20171111,48.872
maize,MX18,20171111,57.921
maize,MX19,20171111,39.5
maize,MX20,20171111,57.883
maize,MX21,20171111,39.318
maize,MX22,20171111,34.995
maize,MX23,20171111,82.56
maize,MX24,20171111,49.176
maize,MX25,20171111,26.057
maize,MX26,20171111,25.232
maize,MX27,20171111,62.581
maize,MX28,20171111,46.851
maize,MX29,20171111,32.402
maize,MX30,20171111,65.221
maize,MX31,20171111,71.476
maize,MX32,20171111,39.567
maize,MX01,20171121,33.248
maize,MX02,20171121,35.853
maize,MX03,20171121,32.042
maize,MX04,20171121,74.227
maize,MX05,20171121,32.767
maize,MX06,20171121,59.621
maize,MX07,20171121,57.022
maize,MX08,20171121,23.235
maize,MX09,20171121,30.005
maize,MX10,20171121,30.378
maize,MX11,20171121,31.417
maize,MX12,20171121,48.59
maize,MX13,20171121,37.325
maize,MX14,20171121,41.625
maize,MX15,20171121,35.416
maize,MX16,20171121,39.581
maize,MX17,20171121,43.721
maize,MX18,20171121,54.219
maize,MX19,20171121,36.64
maize,MX20,20171121,54.798
maize,MX21,20171121,35.237
maize,MX22,20171121,30.945
maize,MX23,20171121,82.148
maize,MX24,20171121,45.287
maize,MX25,20171121,29.164
maize,MX26,20171121,26.565
maize,MX27,20171121,62.203
maize,MX28,20171121,42.967
maize,MX29,20171121,28.895
maize,MX30,20171121,62.794
maize,MX31,20171121,69.829
maize,MX32,20171121,34.121
maize,MX01,20171201,29.368
maize,MX02,20171201,36.854
maize,MX03,20171201,32.005
maize,MX04,20171201,72.789
maize,MX05,20171201,30.703
maize,MX06,20171201,55.092
maize,MX07,20171201,53.351
maize,MX08,20171201,21.399
maize,MX09,20171201,26.128
maize,MX10,20171201,26.243
maize,MX11,20171201,28.064
maize,MX12,20171201,44.269
maize,MX13,20171201,34.335
maize,MX14,20171201,37.131
maize,MX15,20171201,31.431
maize,MX16,20171201,35.563
maize,MX17,20171201,39.526
maize,MX18,20171201,51.463
maize,MX19,20171201,33.559
maize,MX20,20171201,51.908
maize,MX21,20171201,31.828
maize,MX22,20171201,28.009
maize,MX23,20171201,81.792
maize,MX24,20171201,41.3
maize,MX25,20171201,33.863
maize,MX26,20171201,29.233
maize,MX27,20171201,61.776
maize,MX28,20171201,38.675
maize,MX29,20171201,25.889
maize,MX30,20171201,59.798
maize,MX31,20171201,68.151
maize,MX32,20171201,29.562
maize,MX01,20171211,26.579
maize,MX02,20171211,38.013
maize,MX03,20171211,31.964
maize,MX04,20171211,71.456
maize,MX05,20171211,29.282
maize,MX06,20171211,51.187
maize,MX07,20171211,50.108
maize,MX08,20171211,19.984
maize,MX09,20171211,22.906
maize,MX10,20171211,22.95
maize,MX11,20171211,26.068
maize,MX12,20171211,41.09
maize,MX13,20171211,32.07
maize,MX14,20171211,33.951
maize,MX15,20171211,28.259
maize,MX16,20171211,32.67
maize,MX17,20171211,36.379
maize,MX18,20171211,49.91
maize,MX19,20171211,30.678
maize,MX20,20171211,49.421
maize,MX21,20171211,29.165
maize,MX22,20171211,26.304
maize,MX23,20171211,81.667
maize,MX24,20171211,37.69
maize,MX25,20171211,39.573
maize,MX26,20171211,33.115
maize,MX27,20171211,61.273
maize,MX28,20171211,34.549
maize,MX29,20171211,23.447
maize,MX30,20171211,56.457
maize,MX31,20171211,66.724
maize,MX32,20171211,25.967
maize,MX01,20171221,24.947
maize,MX02,20171221,39.468
maize,MX03,20171221,32.158
maize,MX04,20171221,70.309
maize,MX05,20171221,28.473
maize,MX06,20171221,48.029
maize,MX07,20171221,47.628
maize,MX08,20171221,18.96
maize,MX09,20171221,20.869
maize,MX10,20171221,20.632
maize,MX11,20171221,25.49
maize,MX12,20171221,38.837
maize,MX13,20171221,30.884
maize,MX14,20171221,31.934
maize,MX15,20171221,25.98
maize,MX16,20171221,30.876
maize,MX17,20171221,34.012
maize,MX18,20171221,49.31
maize,MX19,20171221,28.316
maize,MX20,20171221,47.473
maize,MX21,20171221,27.239
maize,MX22,20171221,25.829
maize,MX23,20171221,81.686
maize,MX24,20171221,34.763
maize,MX25,20171221,45.502
maize,MX26,20171221,37.927
maize,MX27,20171221,60.841
maize,MX28,20171221,31.016
maize,MX29,20171221,21.796
maize,MX30,20171221,53.138
maize,MX31,20171221,65.215
maize,MX32,20171221,23.471
maize,MX01,20180101,24.227
maize,MX02,20180101,41.631
maize,MX03,20180101,32.192
maize,MX04,20180101,69.068
maize,MX05,20180101,28.238
maize,MX06,20180101,45.199
maize,MX07,20180101,45.779
maize,MX08,20180101,18.139
maize,MX09,20180101,19.209
maize,MX10,20180101,19.205
maize,MX11,20180101,26.492
maize,MX12,20180101,37.083
maize,MX13,20180101,30.485
maize,MX14,20180101,30.704
maize,MX15,20180101,24.139
maize,MX16,20180101,30.133
maize,MX17,20180101,31.923
maize,MX18,20180101,49.015
maize,MX19,20180101,26.622
maize,MX20,20180101,45.751
maize,MX21,20180101,25.593
maize,MX22,20180101,26.359
maize,MX23,20180101,81.575
maize,MX24,20180101,32.336
maize,MX25,20180101,51.435
maize,MX26,20180101,43.848
maize,MX27,20180101,60.28
maize,MX28,20180101,28.015
maize,MX29,20180101,20.439
maize,MX30,20180101,49.671
maize,MX31,20180101,63.525
maize,MX32,20180101,21.851
maize,MX01,20180111,24.262
maize,MX02,20180111,44.175
maize,MX03,20180111,32.022
maize,MX04,20180111,68.025
maize,MX05,20180111,28.33
maize,MX06,20180111,42.982
maize,MX07,20180111,44.77
maize,MX08,20180111,17.583
maize,MX09,20180111,18.458
maize,MX10,20180111,18.639
maize,MX11,20180111,28.725
maize,MX12,20180111,35.85
maize,MX13,20180111,30.662
maize,MX14,20180111,30.039
maize,MX15,20180111,22.923
maize,MX16,20180111,30.413
maize,MX17,20180111,30.38
maize,MX18,20180111,48.117
maize,MX19,20180111,25.924
maize,MX20,20180111,44.552
maize,MX21,20180111,24.481
maize,MX22,20180111,27.488
maize,MX23,20180111,81.274
maize,MX24,20180111,30.747
maize,MX25,20180111,55.546
maize,MX26,20180111,49.133
maize,MX27,20180111,59.904
maize,MX28,20180111,26.165
maize,MX29,20180111,19.57
maize,MX30,20180111,46.994
maize,MX31,20180111,62.024
maize,MX32,20180111,21.127
maize,MX01,20180121,24.808
maize,MX02,20180121,46.681
maize,MX03,20180121,31.508
maize,MX04,20180121,66.975
maize,MX05,20180121,28.682
maize,MX06,20180121,40.967
maize,MX07,20180121,44.101
maize,MX08,20180121,17.112
maize,MX09,20180121,18.239
maize,MX10,20180121,18.584
maize,MX11,20180121,31.918
maize,MX12,20180121,34.745
maize,MX13,20180121,31.271
maize,MX14,20180121,29.594
maize,MX15,20180121,22.054
maize,MX16,20180121,31.461
maize,MX17,20180121,28.987
maize,MX18,20180121,46.462
maize,MX19,20180121,25.949
maize,MX20,20180121,43.602
maize,MX21,20180121,23.622
maize,MX22,20180121,29.1
maize,MX23,20180121,80.724
maize,MX24,20180121,29.667
maize,MX25,20180121,58.22
maize,MX26,20180121,53.559
maize,MX27,20180121,59.456
maize,MX28,20180121,25.314
maize,MX29,20180121,18.942
maize,MX30,20180121,44.982
maize,MX31,20180121,61.008
maize,MX32,20180121,20.915
maize,MX01,20180201,26.035
maize,MX02,20180201,49.081
maize,MX03,20180201,30.788
maize,MX04,20180201,65.655
maize,MX05,20180201,29.416
maize,MX06,20180201,38.976
maize,MX07,20180201,43.459
maize,MX08,20180201,16.696
maize,MX09,20180201,18.298
maize,MX10,20180201,19.102
maize,MX11,20180201,36.064
maize,MX12,20180201,33.614
maize,MX13,20180201,32.378
maize,MX14,20180201,29.558
maize,MX15,20180201,21.537
maize,MX16,20180201,33.391
maize,MX17,20180201,27.648
maize,MX18,20180201,44.256
maize,MX19,20180201,26.733
maize,MX20,20180201,42.781
maize,MX21,20180201,22.953
maize,MX22,20180201,31.457
maize,MX23,20180201,80.303
maize,MX24,20180201,29.139
maize,MX25,20180201,59.857
maize,MX26,20180201,57.206
maize,MX27,20180201,59.215
maize,MX28,20180201,25.64
maize,MX29,20180201,18.499
maize,MX30,20180201,43.571
maize,MX31,20180201,60.822
maize,MX32,20180201,21.302
maize,MX01,20180211,27.462
maize,MX02,20180211,50.654
maize,MX03,20180211,30.229
maize,MX04,20180211,63.778
maize,MX05,20180211,30.26
maize,MX06,20180211,37.384
maize,MX07,20180211,42.708
maize,MX08,20180211,16.564
maize,MX09,20180211,18.495
maize,MX10,20180211,20.056
maize,MX11,20180211,39.766
maize,MX12,20180211,32.68
maize,MX13,20180211,33.444
maize,MX14,20180211,29.909
maize,MX15,20180211,21.521
maize,MX16,20180211,35.489
maize,MX17,20180211,26.744
maize,MX18,20180211,42.228
maize,MX19,20180211,27.842
maize,MX20,20180211,42.113
maize,MX21,20180211,22.649
maize,MX22,20180211,33.713
maize,MX23,20180211,79.84
maize,MX24,20180211,29.171
maize,MX25,20180211,60.556
maize,MX26,20180211,59.374
maize,MX27,20180211,59.073
maize,MX28,20180211,26.997
maize,MX29,20180211,18.356
maize,MX30,20180211,42.813
maize,MX31,20180211,61.044
maize,MX32,20180211,22.118
maize,MX01,20180221,28.357
maize,MX02,20180221,51.508
maize,MX03,20180221,29.792
maize,MX04,20180221,60.885
maize,MX05,20180221,30.79
maize,MX06,20180221,35.888
maize,MX07,20180221,41.786
maize,MX08,20180221,16.676
maize,MX09,20180221,18.595
maize,MX10,20180221,21.261
maize,MX11,20180221,42.36
maize,MX12,20180221,31.669
maize,MX13,20180221,33.85
maize,MX14,20180221,30.086
maize,MX15,20180221,21.698
maize,MX16,20180221,37.196
maize,MX17,20180221,25.872
maize,MX18,20180221,40.123
maize,MX19,20180221,28.953
maize,MX20,20180221,41.34
maize,MX21,20180221,22.398
maize,MX22,20180221,35.224
maize,MX23,20180221,79.286
maize,MX24,20180221,29.391
maize,MX25,20180221,60.504
maize,MX26,20180221,60.289
maize,MX27,20180221,58.593
maize,MX28,20180221,29.165
maize,MX29,20180221,18.269
maize,MX30,20180221,42.235
maize,MX31,20180221,61.446
maize,MX32,20180221,22.932
maize,MX01,20180301,28.406
maize,MX02,20180301,51.559
maize,MX03,20180301,29.331
maize,MX04,20180301,57.903
maize,MX05,20180301,30.792
maize,MX06,20180301,34.769
maize,MX07,20180301,40.967
maize,MX08,20180301,16.856
maize,MX09,20180301,18.651
maize,MX10,20180301,22.171
maize,MX11,20180301,43.14
maize,MX12,20180301,30.822
maize,MX13,20180301,33.641
maize,MX14,20180301,29.862
maize,MX15,20180301,21.886
maize,MX16,20180301,37.786
maize,MX17,20180301,25.263
maize,MX18,20180301,38.295
maize,MX19,20180301,29.493
maize,MX20,20180301,40.61
maize,MX21,20180301,22.234
maize,MX22,20180301,35.532
maize,MX23,20180301,78.721
maize,MX24,20180301,29.528
maize,MX25,20180301,59.997
maize,MX26,20180301,60.034
maize,MX27,20180301,57.722
maize,MX28,20180301,31.217
maize,MX29,20180301,18.277
maize,MX30,20180301,41.837
maize,MX31,20180301,61.563
maize,MX32,20180301,23.317
maize,MX01,20180311,27.769
maize,MX02,20180311,50.933
maize,MX03,20180311,28.639
maize,MX04,20180311,54.16
maize,MX05,20180311,30.279
maize,MX06,20180311,33.498
maize,MX07,20180311,40.121
maize,MX08,20180311,17.175
maize,MX09,20180311,18.797
maize,MX10,20180311,23.125
maize,MX11,20180311,42.439
maize,MX12,20180311,29.795
maize,MX13,20180311,32.918
maize,MX14,20180311,29.111
maize,MX15,20180311,22.143
maize,MX16,20180311,37.433
maize,MX17,20180311,24.682
maize,MX18,20180311,36.008
maize,MX19,20180311,29.589
maize,MX20,20180311,39.679
maize,MX21,20180311,22.118
maize,MX22,20180311,34.739
maize,MX23,20180311,77.939
maize,MX24,20180311,29.654
maize,MX25,20180311,58.748
maize,MX26,20180311,58.397
maize,MX27,20180311,56.242
maize,MX28,20180311,33.938
maize,MX29,20180311,18.331
maize,MX30,20180311,41.455
maize,MX31,20180311,61.563
maize,MX32,20180311,23.407
maize,MX01,20180321,26.719
maize,MX02,20180321,49.555
maize,MX03,20180321,27.783
maize,MX04,20180321,51.243
maize,MX05,20180321,29.503
maize,MX06,20180321,32.391
maize,MX07,20180321,39.491
maize,MX08,20180321,17.506
maize,MX09,20180321,19.139
maize,MX10,20180321,23.813
maize,MX11,20180321,40.163
maize,MX12,20180321,29.083
maize,MX13,20180321,32.196
maize,MX14,20180321,28.035
maize,MX15,20180321,22.53
maize,MX16,20180321,36.081
maize,MX17,20180321,24.462
maize,MX18,20180321,33.898
maize,MX19,20180321,29.34
maize,MX20,20180321,38.957
maize,MX21,20180321,22.261
maize,MX22,20180321,32.993
maize,MX23,20180321,77.003
maize,MX24,20180321,29.78
maize,MX25,20180321,56.841
maize,MX26,20180321,55.135
maize,MX27,20180321,54.806
maize,MX28,20180321,36.72
maize,MX29,20180321,18.668
maize,MX30,20180321,41.308
maize,MX31,20180321,61.184
maize,MX32,20180321,23.277
maize,MX01,20180401,25.41
maize,MX02,20180401,47.221
maize,MX03,20180401,26.472
maize,MX04,20180401,49.967
maize,MX05,20180401,28.639
maize,MX06,20180401,31.35
maize,MX07,20180401,39.132
maize,MX08,20180401,17.799
maize,MX09,20180401,19.877
maize,MX10,20180401,24.162
maize,MX11,20180401,36.371
maize,MX12,20180401,28.894
maize,MX13,20180401,31.763
maize,MX14,20180401,26.785
maize,MX15,20180401,23.214
maize,MX16,20180401,33.759
maize,MX17,20180401,24.672
maize,MX18,20180401,31.938
maize,MX19,20180401,29.334
maize,MX20,20180401,38.527
maize,MX21,20180401,22.733
maize,MX22,20180401,30.464
maize,MX23,20180401,76.03
maize,MX24,20180401,30.149
maize,MX25,20180401,53.836
maize,MX26,20180401,49.637
maize,MX27,20180401,53.817
maize,MX28,20180401,39.696
maize,MX29,20180401,19.313
maize,MX30,20180401,41.442
maize,MX31,20180401,60.554
maize,MX32,20180401,23.012
maize,MX01,20180411,24.375
maize,MX02,20180411,44.404
maize,MX03,20180411,25.155
maize,MX04,20180411,50.778
maize,MX05,20180411,28.136
maize,MX06,20180411,30.597
maize,MX07,20180411,39.417
maize,MX08,20180411,18.067
maize,MX09,20180411,21.398
maize,MX10,20180411,24.045
maize,MX11,20180411,32.636
maize,MX12,20180411,29.62
maize,MX13,20180411,31.801
maize,MX14,20180411,25.969
maize,MX15,20180411,24.225
maize,MX16,20180411,31.629
maize,MX17,20180411,25.634
maize,MX18,20180411,30.453
maize,MX19,20180411,30.096
maize,MX20,20180411,38.734
maize,MX21,20180411,23.647
maize,MX22,20180411,28.331
maize,MX23,20180411,75.28
maize,MX24,20180411,30.984
maize,MX25,20180411,50.194
maize,MX26,20180411,43.337
maize,MX27,20180411,53.735
maize,MX28,20180411,42.236
maize,MX29,20180411,20.22
maize,MX30,20180411,41.889
maize,MX31,20180411,60.061
maize,MX32,20180411,22.685
maize,MX01,20180421,23.846
maize,MX02,20180421,41.25
maize,MX03,20180421,23.809
maize,MX04,20180421,52.835
maize,MX05,20180421,28.249
maize,MX06,20180421,30.249
maize,MX07,20180421,40.478
maize,MX08,20180421,18.389
maize,MX09,20180421,23.806
maize,MX10,20180421,23.672
maize,MX11,20180421,29.492
maize,MX12,20180421,31.56
maize,MX13,20180421,32.265
maize,MX14,20180421,25.848
maize,MX15,20180421,25.681
maize,MX16,20180421,30.258
maize,MX17,20180421,27.631
maize,MX18,20180421,29.272
maize,MX19,20180421,31.76
maize,MX20,20180421,39.569
maize,MX21,20180421,25.223
maize,MX22,20180421,26.839
maize,MX23,20180421,74.536
maize,MX24,20180421,32.43
maize,MX25,20180421,45.882
maize,MX26,20180421,36.858
maize,MX27,20180421,54.33
maize,MX28,20180421,44.48
maize,MX29,20180421,21.538
maize,MX30,20180421,42.536
maize,MX31,20180421,59.542
maize,MX32,20180421,22.473
maize,MX01,20180501,23.977
maize,MX02,20180501,38.097
maize,MX03,20180501,22.818
maize,MX04,20180501,55.328
maize,MX05,20180501,29.072
maize,MX06,20180501,30.415
maize,MX07,20180501,42.312
maize,MX08,20180501,19.054
maize,MX09,20180501,27.266
maize,MX10,20180501,23.322
maize,MX11,20180501,27.782
maize,MX12,20180501,34.784
maize,MX13,20180501,33.178
maize,MX14,20180501,26.791
maize,MX15,20180501,27.769
maize,MX16,20180501,30.363
maize,MX17,20180501,30.727
maize,MX18,20180501,28.569
maize,MX19,20180501,34.081
maize,MX20,20180501,41.298
maize,MX21,20180501,27.453
maize,MX22,20180501,26.52
maize,MX23,20180501,74.148
maize,MX24,20180501,34.395
maize,MX25,20180501,41.324
maize,MX26,20180501,31.169
maize,MX27,20180501,55.04
maize,MX28,20180501,46.333
maize,MX29,20180501,23.289
maize,MX30,20180501,43.761
maize,MX31,20180501,59.704
maize,MX32,20180501,22.671
maize,MX01,20180511,25.058
maize,MX02,20180511,35.537
maize,MX03,20180511,22.209
maize,MX04,20180511,57.564
maize,MX05,20180511,30.439
maize,MX06,20180511,31.241
maize,MX07,20180511,44.816
maize,MX08,20180511,20.457
maize,MX09,20180511,31.415
maize,MX10,20180511,23.307
maize,MX11,20180511,27.764
maize,MX12,20180511,38.987
maize,MX13,20180511,34.457
maize,MX14,20180511,28.81
maize,MX15,20180511,30.284
maize,MX16,20180511,32.034
maize,MX17,20180511,34.406
maize,MX18,20180511,28.566
maize,MX19,20180511,36.43
maize,MX20,20180511,43.644
maize,MX21,20180511,30.092
maize,MX22,20180511,27.501
maize,MX23,20180511,74.032
maize,MX24,20180511,36.397
maize,MX25,20180511,37.104
maize,MX26,20180511,26.88
maize,MX27,20180511,55.426
maize,MX28,20180511,47.269
maize,MX29,20180511,25.426
maize,MX30,20180511,45.237
maize,MX31,20180511,60.033
maize,MX32,20180511,23.483
maize,MX01,20180521,27.314
maize,MX02,20180521,33.895
maize,MX03,20180521,21.964
maize,MX04,20180521,59.231
maize,MX05,20180521,32.024
maize,MX06,20180521,33.02
maize,MX07,20180521,47.559
maize,MX08,20180521,23.069
maize,MX09,20180521,35.579
maize,MX10,20180521,23.974
maize,MX11,20180521,29.474
maize,MX12,20180521,43.231
maize,MX13,20180521,36.288
maize,MX14,20180521,31.584
maize,MX15,20180521,33.125
maize,MX16,20180521,34.995
maize,MX17,20180521,37.748
maize,MX18,20180521,29.55
maize,MX19,20180521,38.265
maize,MX20,20180521,46.356
maize,MX21,20180521,32.797
maize,MX22,20180521,29.892
maize,MX23,20180521,74.084
maize,MX24,20180521,38.214
maize,MX25,20180521,33.544
maize,MX26,20180521,24.336
maize,MX27,20180521,55.592
maize,MX28,20180521,47.098
maize,MX29,20180521,28.056
maize,MX30,20180521,46.869
maize,MX31,20180521,60.394
maize,MX32,20180521,25.176
maize,MX01,20180601,31.849
maize,MX02,20180601,33.009
maize,MX03,20180601,21.935
maize,MX04,20180601,60.319
maize,MX05,20180601,33.593
maize,MX06,20180601,36.725
maize,MX07,20180601,50.668
maize,MX08,20180601,27.77
maize,MX09,20180601,39.978
maize,MX10,20180601,26.17
maize,MX11,20180601,33.443
maize,MX12,20180601,47.479
maize,MX13,20180601,39.275
maize,MX14,20180601,35.734
maize,MX15,20180601,36.968
maize,MX16,20180601,39.508
maize,MX17,20180601,40.647
maize,MX18,20180601,32.375
maize,MX19,20180601,39.34
maize,MX20,20180601,49.621
maize,MX21,20180601,36.023
maize,MX22,20180601,34.252
maize,MX23,20180601,74.334
maize,MX24,20180601,40.076
maize,MX25,20180601,30.802
maize,MX26,20180601,23.863
maize,MX27,20180601,55.625
maize,MX28,20180601,45.747
maize,MX29,20180601,32.063
maize,MX30,20180601,49.048
maize,MX31,20180601,60.5
maize,MX32,20180601,28.794
maize,MX01,20180611,37.964
maize,MX02,20180611,32.666
maize,MX03,20180611,22.097
maize,MX04,20180611,61.0
maize,MX05,20180611,34.814
maize,MX06,20180611,41.776
maize,MX07,20180611,53.397
maize,MX08,20180611,33.649
maize,MX09,20180611,44.123
maize,MX10,20180611,29.814
maize,MX11,20180611,39.105
maize,MX12,20180611,51.342
maize,MX13,20180611,43.153
maize,MX14,20180611,41.047
maize,MX15,20180611,41.565
maize,MX16,20180611,45.035
maize,MX17,20180611,43.326
maize,MX18,20180611,36.764
maize,MX19,20180611,39.838
maize,MX20,20180611,52.733
maize,MX21,20180611,39.671
maize,MX22,20180611,39.855
maize,MX23,20180611,74.638
maize,MX24,20180611,41.996
maize,MX25,20180611,29.544
maize,MX26,20180611,25.647
maize,MX27,20180611,56.089
maize,MX28,20180611,44.132
maize,MX29,20180611,37.085
maize,MX30,20180611,51.488
maize,MX31,20180611,60.093
maize,MX32,20180611,33.961
maize,MX01,20180621,44.892
maize,MX02,20180621,32.517
maize,MX03,20180621,22.241
maize,MX04,20180621,61.649
maize,MX05,20180621,35.59
maize,MX06,20180621,47.959
maize,MX07,20180621,55.753
maize,MX08,20180621,40.447
maize,MX09,20180621,47.811
maize,MX10,20180621,34.602
maize,MX11,20180621,45.961
maize,MX12,20180621,55.086
maize,MX13,20180621,47.435
maize,MX14,20180621,47.487
maize,MX15,20180621,46.741
maize,MX16,20180621,51.408
maize,MX17,20180621,46.311
maize,MX18,20180621,42.547
maize,MX19,20180621,40.089
maize,MX20,20180621,55.507
maize,MX21,20180621,43.626
maize,MX22,20180621,46.026
maize,MX23,20180621,75.39
maize,MX24,20180621,43.901
maize,MX25,20180621,29.225
maize,MX26,20180621,29.263
maize,MX27,20180621,57.104
maize,MX28,20180621,42.605
maize,MX29,20180621,42.771
maize,MX30,20180621,54.121
maize,MX31,20180621,59.729
maize,MX32,20180621,40.14
maize,MX01,20180701,50.687
maize,MX02,20180701,32.163
maize,MX03,20180701,22.089
maize,MX04,20180701,62.309
maize,MX05,20180701,35.756
maize,MX06,20180701,54.338
maize,MX07,20180701,57.513
maize,MX08,20180701,47.283
maize,MX09,20180701,50.133
maize,MX10,20180701,39.437
maize,MX11,20180701,52.845
maize,MX12,20180701,58.186
maize,MX13,20180701,51.043
maize,MX14,20180701,54.275
maize,MX15,20180701,51.714
maize,MX16,20180701,57.769
maize,MX17,20180701,49.163
maize,MX18,20180701,48.967
maize,MX19,20180701,39.766
maize,MX20,20180701,57.375
maize,MX21,20180701,47.14
maize,MX22,20180701,51.26
maize,MX23,20180701,76.229
maize,MX24,20180701,45.071
maize,MX25,20180701,29.395
maize,MX26,20180701,33.999
maize,MX27,20180701,58.368
maize,MX28,20180701,40.941
maize,MX29,20180701,48.161
maize,MX30,20180701,56.554
maize,MX31,20180701,59.476
maize,MX32,20180701,45.922
maize,MX01,20180711,54.263
maize,MX02,20180711,31.93
maize,MX03,20180711,21.662
maize,MX04,20180711,63.131
maize,MX05,20180711,35.347
maize,MX06,20180711,59.886
maize,MX07,20180711,58.852
maize,MX08,20180711,53.517
maize,MX09,20180711,51.593
maize,MX10,20180711,43.396
maize,MX11,20180711,58.753
maize,MX12,20180711,60.602
maize,MX13,20180711,53.46
maize,MX14,20180711,60.541
maize,MX15,20180711,55.845
maize,MX16,20180711,63.197
maize,MX17,20180711,52.064
maize,MX18,20180711,55.089
maize,MX19,20180711,38.65
maize,MX20,20180711,58.394
maize,MX21,20180711,49.973
maize,MX22,20180711,54.72
maize,MX23,20180711,77.286
maize,MX24,20180711,45.22
maize,MX25,20180711,29.832
maize,MX26,20180711,38.688
maize,MX27,20180711,59.457
maize,MX28,20180711,39.099
maize,MX29,20180711,52.556
maize,MX30,20180711,58.514
maize,MX31,20180711,59.448
maize,MX32,20180711,50.231
maize,MX01,20180721,55.844
maize,MX02,20180721,31.628
maize,MX03,20180721,20.998
maize,MX04,20180721,64.506
maize,MX05,20180721,34.849
maize,MX06,20180721,63.969
maize,MX07,20180721,60.156
maize,MX08,20180721,58.702
maize,MX09,20180721,52.477
maize,MX10,20180721,46.373
maize,MX11,20180721,63.391
maize,MX12,20180721,62.928
maize,MX13,20180721,54.778
maize,MX14,20180721,65.816
maize,MX15,20180721,58.982
maize,MX16,20180721,67.36
maize,MX17,20180721,55.412
maize,MX18,20180721,60.307
maize,MX19,20180721,37.21
maize,MX20,20180721,58.924
maize,MX21,20180721,52.245
maize,MX22,20180721,56.505
maize,MX23,20180721,78.269
maize,MX24,20180721,44.886
maize,MX25,20180721,30.583
maize,MX26,20180721,42.336
maize,MX27,20180721,60.242
maize,MX28,20180721,37.316
maize,MX29,20180721,55.698
maize,MX30,20180721,59.957
maize,MX31,20180721,59.772
maize,MX32,20180721,53.172
maize,MX01,20180801,56.413
maize,MX02,20180801,31.2
maize,MX03,20180801,20.388
maize,MX04,20180801,66.851
maize,MX05,20180801,34.628
maize,MX06,20180801,66.988
maize,MX07,20180801,62.019
maize,MX08,20180801,63.19
maize,MX09,20180801,53.016
maize,MX10,20180801,48.97
maize,MX11,20180801,66.976
maize,MX12,20180801,65.989
maize,MX13,20180801,55.457
maize,MX14,20180801,70.163
maize,MX15,20180801,61.611
maize,MX16,20180801,70.424
maize,MX17,20180801,59.994
maize,MX18,20180801,64.727
maize,MX19,20180801,35.814
maize,MX20,20180801,59.599
maize,MX21,20180801,54.694
maize,MX22,20180801,57.325
maize,MX23,20180801,79.292
maize,MX24,20180801,44.496
maize,MX25,20180801,31.922
maize,MX26,20180801,44.648
maize,MX27,20180801,60.796
maize,MX28,20180801,35.722
maize,MX29,20180801,58.293
maize,MX30,20180801,60.944
maize,MX31,20180801,60.91
maize,MX32,20180801,55.365
maize,MX01,20180811,56.656
maize,MX02,20180811,30.799
maize,MX03,20180811,20.179
maize,MX04,20180811,69.583
maize,MX05,20180811,35.537
maize,MX06,20180811,68.736
maize,MX07,20180811,64.166
maize,MX08,20180811,66.289
maize,MX09,20180811,53.43
maize,MX10,20180811,51.362
maize,MX11,20180811,69.018
maize,MX12,20180811,69.175
maize,MX13,20180811,55.577
maize,MX14,20180811,72.796
maize,MX15,20180811,63.315
maize,MX16,20180811,72.088
maize,MX17,20180811,64.579
maize,MX18,20180811,67.572
maize,MX19,20180811,35.487
maize,MX20,20180811,60.638
maize,MX21,20180811,56.903
maize,MX22,20180811,57.736
maize,MX23,20180811,80.272
maize,MX24,20180811,44.829
maize,MX25,20180811,33.564
maize,MX26,20180811,45.369
maize,MX27,20180811,61.25
maize,MX28,20180811,35.241
maize,MX29,20180811,59.869
maize,MX30,20180811,61.867
maize,MX31,20180811,62.855
maize,MX32,20180811,57.04
maize,MX01,20180821,57.048
maize,MX02,20180821,30.473
maize,MX03,20180821,20.391
maize,MX04,20180821,72.711
maize,MX05,20180821,37.827
maize,MX06,20180821,70.102
maize,MX07,20180821,66.403
maize,MX08,20180821,67.899
maize,MX09,20180821,53.391
maize,MX10,20180821,53.931
maize,MX11,20180821,69.853
maize,MX12,20180821,72.278
maize,MX13,20180821,55.491
maize,MX14,20180821,74.228
maize,MX15,20180821,64.418
maize,MX16,20180821,72.763
maize,MX17,20180821,68.704
maize,MX18,20180821,69.472
maize,MX19,20180821,36.506
maize,MX20,20180821,61.898
maize,MX21,20180821,58.794
maize,MX22,20180821,58.228
maize,MX23,20180821,81.187
maize,MX24,20180821,46.093
maize,MX25,20180821,35.315
maize,MX26,20180821,45.039
maize,MX27,20180821,61.797
maize,MX28,20180821,36.017
maize,MX29,20180821,60.61
maize,MX30,20180821,62.831
maize,MX31,20180821,65.346
maize,MX32,20180821,58.573
maize,MX01,20180901,57.587
maize,MX02,20180901,30.255
maize,MX03,20180901,21.44
maize,MX04,20180901,76.033
maize,MX05,20180901,41.52
maize,MX06,20180901,71.318
maize,MX07,20180901,68.538
maize,MX08,20180901,67.104
maize,MX09,20180901,53.015
maize,MX10,20180901,56.682
maize,MX11,20180901,69.348
maize,MX12,20180901,74.917
maize,MX13,20180901,55.194
maize,MX14,20180901,74.531
maize,MX15,20180901,64.653
maize,MX16,20180901,72.413
maize,MX17,20180901,71.935
maize,MX18,20180901,70.447
maize,MX19,20180901,39.348
maize,MX20,20180901,63.204
maize,MX21,20180901,60.011
maize,MX22,20180901,58.581
maize,MX23,20180901,82.025
maize,MX24,20180901,48.631
maize,MX25,20180901,36.77
maize,MX26,20180901,43.966
maize,MX27,20180901,62.589
maize,MX28,20180901,38.471
maize,MX29,20180901,60.285
maize,MX30,20180901,63.858
maize,MX31,20180901,68.807
maize,MX32,20180901,60.026
maize,MX01,20180911,57.622
maize,MX02,20180911,30.378
maize,MX03,20180911,23.075
maize,MX04,20180911,78.366
maize,MX05,20180911,45.437
maize,MX06,20180911,72.168
maize,MX07,20180911,69.836
maize,MX08,20180911,63.654
maize,MX09,20180911,51.862
maize,MX10,20180911,58.401
maize,MX11,20180911,67.456
maize,MX12,20180911,76.006
maize,MX13,20180911,54.563
maize,MX14,20180911,73.677
maize,MX15,20180911,63.72
maize,MX16,20180911,70.956
maize,MX17,20180911,73.19
maize,MX18,20180911,70.513
maize,MX19,20180911,43.063
maize,MX20,20180911,63.999
maize,MX21,20180911,59.939
maize,MX22,20180911,58.243
maize,MX23,20180911,82.497
maize,MX24,20180911,51.692
maize,MX25,20180911,37.386
maize,MX26,20180911,42.975
maize,MX27,20180911,63.413
maize,MX28,20180911,42.024
maize,MX29,20180911,58.502
maize,MX30,20180911,64.709
maize,MX31,20180911,71.99
maize,MX32,20180911,60.691
maize,MX01,20180921,56.763
maize,MX02,20180921,30.786
maize,MX03,20180921,25.319
maize,MX04,20180921,79.736
maize,MX05,20180921,48.812
maize,MX06,20180921,72.813
maize,MX07,20180921,70.23
maize,MX08,20180921,57.917
maize,MX09,20180921,50.211
maize,MX10,20180921,58.506
maize,MX11,20180921,64.353
maize,MX12,20180921,75.695
maize,MX13,20180921,53.281
maize,MX14,20180921,71.861
maize,MX15,20180921,61.665
maize,MX16,20180921,68.576
maize,MX17,20180921,72.751
maize,MX18,20180921,69.914
maize,MX19,20180921,46.933
maize,MX20,20180921,64.107
maize,MX21,20180921,58.46
maize,MX22,20180921,56.748
maize,MX23,20180921,82.672
maize,MX24,20180921,54.764
maize,MX25,20180921,37.129
maize,MX26,20180921,42.266
maize,MX27,20180921,64.411
maize,MX28,20180921,46.119
maize,MX29,20180921,55.117
maize,MX30,20180921,65.47
maize,MX31,20180921,74.518
maize,MX32,20180921,60.355
maize,MX01,20181001,54.86
maize,MX02,20181001,31.457
maize,MX03,20181001,27.511
maize,MX04,20181001,80.274
maize,MX05,20181001,50.845
maize,MX06,20181001,73.223
maize,MX07,20181001,69.855
maize,MX08,20181001,50.718
maize,MX09,20181001,48.146
maize,MX10,20181001,56.522
maize,MX11,20181001,60.157
maize,MX12,20181001,74.022
maize,MX13,20181001,51.535
maize,MX14,20181001,69.074
maize,MX15,20181001,58.772
maize,MX16,20181001,65.391
maize,MX17,20181001,70.744
maize,MX18,20181001,68.776
maize,MX19,20181001,49.862
maize,MX20,20181001,63.875
maize,MX21,20181001,55.871
maize,MX22,20181001,53.977
maize,MX23,20181001,82.758
maize,MX24,20181001,56.977
maize,MX25,20181001,35.901
maize,MX26,20181001,41.56
maize,MX27,20181001,65.729
maize,MX28,20181001,49.901
maize,MX29,20181001,50.727
maize,MX30,20181001,66.19
maize,MX31,20181001,76.532
maize,MX32,20181001,58.714
maize,MX01,20181011,51.984
maize,MX02,20181011,32.025
maize,MX03,20181011,29.191
maize,MX04,20181011,79.971
maize,MX05,20181011,50.82
maize,MX06,20181011,73.319
maize,MX07,20181011,68.869
maize,MX08,20181011,43.129
maize,MX09,20181011,45.585
maize,MX10,20181011,52.48
maize,MX11,20181011,55.158
maize,MX12,20181011,71.2
maize,MX13,20181011,49.58
maize,MX14,20181011,65.348
maize,MX15,20181011,55.386
maize,MX16,20181011,61.549
maize,MX17,20181011,67.394
maize,MX18,20181011,67.055
maize,MX19,20181011,50.812
maize,MX20,20181011,63.34
maize,MX21,20181011,52.71
maize,MX22,20181011,50.448
maize,MX23,20181011,82.699
maize,MX24,20181011,57.723
maize,MX25,20181011,33.653
maize,MX26,20181011,40.329
maize,MX27,20181011,67.036
maize,MX28,20181011,52.236
maize,MX29,20181011,45.952
maize,MX30,20181011,66.744
maize,MX31,20181011,77.408
maize,MX32,20181011,55.777
maize,MX01,20181021,48.439
maize,MX02,20181021,32.712
maize,MX03,20181021,30.146
maize,MX04,20181021,79.089
maize,MX05,20181021,48.764
maize,MX06,20181021,72.87
maize,MX07,20181021,67.35
maize,MX08,20181021,36.166
maize,MX09,20181021,43.054
maize,MX10,20181021,47.014
maize,MX11,20181021,49.818
maize,MX12,20181021,67.471
maize,MX13,20181021,47.674
maize,MX14,20181021,60.914
maize,MX15,20181021,51.87
maize,MX16,20181021,57.335
maize,MX17,20181021,63.128
maize,MX18,20181021,64.929
maize,MX19,20181021,49.643
maize,MX20,20181021,62.579
maize,MX21,20181021,49.484
maize,MX22,20181021,46.803
maize,MX23,20181021,82.545
maize,MX24,20181021,56.886
maize,MX25,20181021,30.696
maize,MX26,20181021,37.971
maize,MX27,20181021,68.136
maize,MX28,20181021,52.725
maize,MX29,20181021,41.572
maize,MX30,20181021,67.12
maize,MX31,20181021,77.164
maize,MX32,20181021,51.725
maize,MX01,20181101,44.033
maize,MX02,20181101,33.702
maize,MX03,20181101,30.526
maize,MX04,20181101,77.529
maize,MX05,20181101,44.485
maize,MX06,20181101,71.516
maize,MX07,20181101,64.962
maize,MX08,20181101,29.902
maize,MX09,20181101,39.882
maize,MX10,20181101,40.283
maize,MX11,20181101,43.892
maize,MX12,20181101,62.426
maize,MX13,20181101,45.688
maize,MX14,20181101,55.498
maize,MX15,20181101,47.891
maize,MX16,20181101,52.449
maize,MX17,20181101,57.899
maize,MX18,20181101,62.395
maize,MX19,20181101,46.404
maize,MX20,20181101,61.008
maize,MX21,20181101,46.05
maize,MX22,20181101,42.751
maize,MX23,20181101,82.112
maize,MX24,20181101,54.37
maize,MX25,20181101,27.82
maize,MX26,20181101,34.45
maize,MX27,20181101,68.493
maize,MX28,20181101,51.214
maize,MX29,20181101,37.556
maize,MX30,20181101,66.83
maize,MX31,20181101,75.241
maize,MX32,20181101,46.322
maize,MX01,20181111,39.792
maize,MX02,20181111,34.927
maize,MX03,20181111,30.528
maize,MX04,20181111,75.798
maize,MX05,20181111,39.223
maize,MX06,20181111,69.473
maize,MX07,20181111,62.127
maize,MX08,20181111,25.642
maize,MX09,20181111,36.99
maize,MX10,20181111,34.138
maize,MX11,20181111,38.921
maize,MX12,20181111,57.35
maize,MX13,20181111,43.982
maize,MX14,20181111,50.452
maize,MX15,20181111,44.337
maize,MX16,20181111,48.128
maize,MX17,20181111,53.019
maize,MX18,20181111,59.983
maize,MX19,20181111,42.18
maize,MX20,20181111,58.83
maize,MX21,20181111,43.03
maize,MX22,20181111,39.232
maize,MX23,20181111,81.674
maize,MX24,20181111,50.94
maize,MX25,20181111,26.6
maize,MX26,20181111,31.472
maize,MX27,20181111,67.988
maize,MX28,20181111,48.346
maize,MX29,20181111,34.667
maize,MX30,20181111,65.726
maize,MX31,20181111,72.45
maize,MX32,20181111,40.923
maize,MX01,20181121,35.721
maize,MX02,20181121,36.45
maize,MX03,20181121,30.604
maize,MX04,20181121,74.046
maize,MX05,20181121,33.87
maize,MX06,20181121,66.96
maize,MX07,20181121,58.866
maize,MX08,20181121,22.681
maize,MX09,20181121,33.807
maize,MX10,20181121,28.623
maize,MX11,20181121,34.673
maize,MX12,20181121,52.322
maize,MX13,20181121,42.316
maize,MX14,20181121,45.757
maize,MX15,20181121,40.938
maize,MX16,20181121,44.166
maize,MX17,20181121,48.396
maize,MX18,20181121,57.65
maize,MX19,20181121,37.663
maize,MX20,20181121,56.245
maize,MX21,20181121,40.098
maize,MX22,20181121,35.964
maize,MX23,20181121,81.162
maize,MX24,20181121,47.089
maize,MX25,20181121,27.273
maize,MX26,20181121,29.619
maize,MX27,20181121,66.95
maize,MX28,20181121,44.852
maize,MX29,20181121,32.237
maize,MX30,20181121,64.04
maize,MX31,20181121,69.095
maize,MX32,20181121,35.643
maize,MX01,20181201,32.155
maize,MX02,20181201,38.206
maize,MX03,20181201,30.962
maize,MX04,20181201,72.305
maize,MX05,20181201,29.758
maize,MX06,20181201,64.357
maize,MX07,20181201,55.503
maize,MX08,20181201,20.698
maize,MX09,20181201,30.776
maize,MX10,20181201,24.339
maize,MX11,20181201,31.207
maize,MX12,20181201,47.901
maize,MX13,20181201,40.594
maize,MX14,20181201,41.669
maize,MX15,20181201,37.811
maize,MX16,20181201,40.648
maize,MX17,20181201,44.32
maize,MX18,20181201,55.632
maize,MX19,20181201,33.89
maize,MX20,20181201,53.762
maize,MX21,20181201,37.254
maize,MX22,20181201,33.084
maize,MX23,20181201,80.983
maize,MX24,20181201,43.491
maize,MX25,20181201,29.789
maize,MX26,20181201,29.298
maize,MX27,20181201,65.623
maize,MX28,20181201,41.511
maize,MX29,20181201,30.096
maize,MX30,20181201,62.011
maize,MX31,20181201,65.595
maize,MX32,20181201,31.017
maize,MX01,20181211,29.166
maize,MX02,20181211,39.94
maize,MX03,20181211,31.435
maize,MX04,20181211,70.453
maize,MX05,20181211,27.357
maize,MX06,20181211,61.741
maize,MX07,20181211,52.43
maize,MX08,20181211,19.378
maize,MX09,20181211,27.862
maize,MX10,20181211,21.445
maize,MX11,20181211,28.429
maize,MX12,20181211,44.207
maize,MX13,20181211,38.593
maize,MX14,20181211,38.178
maize,MX15,20181211,34.841
maize,MX16,20181211,37.562
maize,MX17,20181211,40.83
maize,MX18,20181211,54.039
maize,MX19,20181211,31.233
maize,MX20,20181211,51.536
maize,MX21,20181211,34.427
maize,MX22,20181211,30.624
maize,MX23,20181211,81.076
maize,MX24,20181211,40.37
maize,MX25,20181211,33.777
maize,MX26,20181211,30.555
maize,MX27,20181211,63.99
maize,MX28,20181211,38.57
maize,MX29,20181211,27.904
maize,MX30,20181211,59.632
maize,MX31,20181211,62.308
maize,MX32,20181211,27.226
maize,MX01,20181221,27.023
maize,MX02,20181221,41.368
maize,MX03,20181221,31.725
maize,MX04,20181221,68.423
maize,MX05,20181221,26.495
maize,MX06,20181221,58.98
maize,MX07,20181221,50.041
maize,MX08,20181221,18.483
maize,MX09,20181221,25.152
maize,MX10,20181221,19.827
maize,MX11,20181221,26.616
maize,MX12,20181221,41.191
maize,MX13,20181221,36.562
maize,MX14,20181221,35.359
maize,MX15,20181221,31.952
maize,MX16,20181221,34.954
maize,MX17,20181221,37.821
maize,MX18,20181221,52.891
maize,MX19,20181221,29.65
maize,MX20,20181221,49.616
maize,MX21,20181221,31.626
maize,MX22,20181221,28.883
maize,MX23,20181221,81.416
maize,MX24,20181221,37.848
maize,MX25,20181221,38.519
maize,MX26,20181221,33.136
maize,MX27,20181221,62.362
maize,MX28,20181221,36.058
maize,MX29,20181221,25.586
maize,MX30,20181221,56.98
maize,MX31,20181221,59.537
maize,MX32,20181221,24.477
maize,MX01,20190101,25.868
maize,MX02,20190101,42.884
maize,MX03,20190101,31.778
maize,MX04,20190101,66.061
maize,MX05,20190101,26.891
maize,MX06,20190101,55.735
maize,MX07,20190101,48.191
maize,MX08,20190101,17.795
maize,MX09,20190101,22.692
maize,MX10,20190101,19.052
maize,MX11,20190101,26.237
maize,MX12,20190101,38.61
maize,MX13,20190101,34.946
maize,MX14,20190101,33.3
maize,MX15,20190101,29.223
maize,MX16,20190101,32.996
maize,MX17,20190101,35.124
maize,MX18,20190101,52.066
maize,MX19,20190101,28.769
maize,MX20,20190101,47.829
maize,MX21,20190101,28.856
maize,MX22,20190101,28.218
maize,MX23,20190101,81.672
maize,MX24,20190101,35.814
maize,MX25,20190101,44.053
maize,MX26,20190101,37.168
maize,MX27,20190101,60.855
maize,MX28,20190101,33.772
maize,MX29,20190101,23.159
maize,MX30,20190101,53.977
maize,MX31,20190101,57.347
maize,MX32,20190101,22.651
maize,MX01,20190111,25.784
maize,MX02,20190111,44.441
maize,MX03,20190111,31.543
maize,MX04,20190111,63.894
maize,MX05,20190111,27.914
maize,MX06,20190111,52.632
maize,MX07,20190111,46.892
maize,MX08,20190111,17.245
maize,MX09,20190111,21.285
maize,MX10,20190111,18.961
maize,MX11,20190111,27.665
maize,MX12,20190111,36.85
maize,MX13,20190111,34.361
maize,MX14,20190111,32.414
maize,MX15,20190111,27.567
maize,MX16,20190111,32.342
maize,MX17,20190111,33.142
maize,MX18,20190111,51.486
maize,MX19,20190111,28.498
maize,MX20,20190111,46.324
maize,MX21,20190111,26.819
maize,MX22,20190111,28.923
maize,MX23,20190111,81.716
maize,MX24,20190111,34.702
maize,MX25,20190111,49.097
maize,MX26,20190111,41.732
maize,MX27,20190111,59.934
maize,MX28,20190111,32.326
maize,MX29,20190111,21.412
maize,MX30,20190111,51.339
maize,MX31,20190111,56.5
maize,MX32,20190111,21.915
maize,MX01,20190121,25.971
maize,MX02,20190121,46.193
maize,MX03,20190121,31.04
maize,MX04,20190121,61.724
maize,MX05,20190121,29.035
maize,MX06,20190121,49.347
maize,MX07,20190121,45.709
maize,MX08,20190121,16.79
maize,MX09,20190121,20.47
maize,MX10,20190121,19.139
maize,MX11,20190121,30.308
maize,MX12,20190121,35.44
maize,MX13,20190121,34.177
maize,MX14,20190121,31.981
maize,MX15,20190121,26.518
maize,MX16,20190121,32.556
maize,MX17,20190121,31.502
maize,MX18,20190121,50.52
maize,MX19,20190121,28.318
maize,MX20,20190121,44.785
maize,MX21,20190121,25.288
maize,MX22,20190121,30.32
maize,MX23,20190121,81.395
maize,MX24,20190121,33.776
maize,MX25,20190121,53.722
maize,MX26,20190121,46.595
maize,MX27,20190121,59.488
maize,MX28,20190121,31.315
maize,MX29,20190121,20.239
maize,MX30,20190121,48.623
maize,MX31,20190121,56.755
maize,MX32,20190121,21.617
maize,MX01,20190201,26.386
maize,MX02,20190201,48.048
maize,MX03,20190201,30.323
maize,MX04,20190201,59.264
maize,MX05,20190201,30.165
maize,MX06,20190201,45.885
maize,MX07,20190201,44.353
maize,MX08,20190201,16.396
maize,MX09,20190201,20.11
maize,MX10,20190201,19.679
maize,MX11,20190201,34.018
maize,MX12,20190201,33.937
maize,MX13,20190201,34.022
maize,MX14,20190201,31.943
maize,MX15,20190201,25.738
maize,MX16,20190201,33.513
maize,MX17,20190201,29.917
maize,MX18,20190201,48.793
maize,MX19,20190201,28.241
maize,MX20,20190201,42.983
maize,MX21,20190201,24.122
maize,MX22,20190201,32.133
maize,MX23,20190201,80.44
maize,MX24,20190201,32.999
maize,MX25,20190201,57.964
maize,MX26,20190201,51.625
maize,MX27,20190201,58.988
maize,MX28,20190201,30.882
maize,MX29,20190201,19.55
maize,MX30,20190201,45.708
maize,MX31,20190201,58.086
maize,MX32,20190201,21.803
maize,MX01,20190211,26.777
maize,MX02,20190211,49.346
maize,MX03,20190211,29.86
maize,MX04,20190211,56.737
maize,MX05,20190211,30.806
maize,MX06,20190211,42.849
maize,MX07,20190211,42.911
maize,MX08,20190211,16.246
maize,MX09,20190211,20.25
maize,MX10,20190211,20.351
maize,MX11,20190211,37.546
maize,MX12,20190211,32.548
maize,MX13,20190211,33.844
maize,MX14,20190211,31.969
maize,MX15,20190211,25.312
maize,MX16,20190211,34.769
maize,MX17,20190211,28.58
maize,MX18,20190211,46.558
maize,MX19,20190211,28.243
maize,MX20,20190211,41.158
maize,MX21,20190211,23.452
maize,MX22,20190211,33.738
maize,MX23,20190211,78.771
maize,MX24,20190211,32.214
maize,MX25,20190211,60.912
maize,MX26,20190211,55.563
maize,MX27,20190211,58.133
maize,MX28,20190211,31.035
maize,MX29,20190211,19.301
maize,MX30,20190211,42.918
maize,MX31,20190211,59.632
maize,MX32,20190211,22.177
maize,MX01,20190221,26.957
maize,MX02,20190221,50.143
maize,MX03,20190221,29.432
maize,MX04,20190221,54.041
maize,MX05,20190221,31.137
maize,MX06,20190221,40.029
maize,MX07,20190221,41.334
maize,MX08,20190221,16.329
maize,MX09,20190221,20.305
maize,MX10,20190221,21.144
maize,MX11,20190221,40.182
maize,MX12,20190221,31.19
maize,MX13,20190221,33.334
maize,MX14,20190221,31.836
maize,MX15,20190221,24.937
maize,MX16,20190221,35.708
maize,MX17,20190221,27.338
maize,MX18,20190221,43.876
maize,MX19,20190221,28.351
maize,MX20,20190221,39.158
maize,MX21,20190221,22.94
maize,MX22,20190221,34.682
maize,MX23,20190221,76.198
maize,MX24,20190221,31.448
maize,MX25,20190221,62.839
maize,MX26,20190221,58.582
maize,MX27,20190221,56.602
maize,MX28,20190221,31.756
maize,MX29,20190221,19.163
maize,MX30,20190221,40.025
maize,MX31,20190221,61.239
maize,MX32,20190221,22.576
maize,MX01,20190301,26.872
maize,MX02,20190301,50.508
maize,MX03,20190301,29.085
maize,MX04,20190301,51.994
maize,MX05,20190301,31.011
maize,MX06,20190301,38.049
maize,MX07,20190301,40.186
maize,MX08,20190301,16.522
maize,MX09,20190301,20.379
maize,MX10,20190301,21.8
maize,MX11,20190301,41.379
maize,MX12,20190301,30.23
maize,MX13,20190301,32.745
maize,MX14,20190301,31.541
maize,MX15,20190301,24.682
maize,MX16,20190301,36.144
maize,MX17,20190301,26.451
maize,MX18,20190301,41.571
maize,MX19,20190301,28.535
maize,MX20,20190301,37.588
maize,MX21,20190301,22.618
maize,MX22,20190301,34.879
maize,MX23,20190301,73.548
maize,MX24,20190301,30.873
maize,MX25,20190301,63.633
maize,MX26,20190301,60.166
maize,MX27,20190301,55.156
maize,MX28,20190301,32.838
maize,MX29,20190301,19.057
maize,MX30,20190301,37.929
maize,MX31,20190301,62.395
maize,MX32,20190301,22.839
maize,MX01,20190311,26.455
maize,MX02,20190311,50.359
maize,MX03,20190311,28.576
maize,MX04,20190311,49.796
maize,MX05,20190311,30.477
maize,MX06,20190311,35.941
maize,MX07,20190311,38.853
maize,MX08,20190311,16.924
maize,MX09,20190311,20.296
maize,MX10,20190311,22.624
maize,MX11,20190311,41.524
maize,MX12,20190311,29.244
maize,MX13,20190311,31.873
maize,MX14,20190311,30.87
maize,MX15,20190311,24.373
maize,MX16,20190311,36.108
maize,MX17,20190311,25.533
maize,MX18,20190311,38.858
maize,MX19,20190311,28.98
maize,MX20,20190311,35.911
maize,MX21,20190311,22.343
maize,MX22,20190311,34.351
maize,MX23,20190311,69.783
maize,MX24,20190311,30.208
maize,MX25,20190311,63.804
maize,MX26,20190311,60.963
maize,MX27,20190311,53.152
maize,MX28,20190311,34.804
maize,MX29,20190311,18.908
maize,MX30,20190311,35.744
maize,MX31,20190311,63.509
maize,MX32,20190311,23.061
maize,MX01,20190321,25.648
maize,MX02,20190321,49.533
maize,MX03,20190321,27.964
maize,MX04,20190321,48.125
maize,MX05,20190321,29.71
maize,MX06,20190321,34.204
maize,MX07,20190321,37.616
maize,MX08,20190321,17.404
maize,MX09,20190321,20.167
maize,MX10,20190321,23.337
maize,MX11,20190321,40.049
maize,MX12,20190321,28.361
maize,MX13,20190321,31.009
maize,MX14,20190321,29.79
maize,MX15,20190321,23.949
maize,MX16,20190321,35.232
maize,MX17,20190321,24.681
maize,MX18,20190321,36.477
maize,MX19,20190321,29.598
maize,MX20,20190321,34.643
maize,MX21,20190321,22.064
maize,MX22,20190321,32.874
maize,MX23,20190321,65.624
maize,MX24,20190321,29.638
maize,MX25,20190321,62.982
maize,MX26,20190321,60.142
maize,MX27,20190321,51.215
maize,MX28,20190321,37.246
maize,MX29,20190321,18.678
maize,MX30,20190321,34.247
maize,MX31,20190321,63.969
maize,MX32,20190321,23.073
maize,MX01,20190401,24.303
maize,MX02,20190401,48.031
maize,MX03,20190401,26.955
maize,MX04,20190401,47.003
maize,MX05,20190401,28.866
maize,MX06,20190401,32.595
maize,MX07,20190401,36.496
maize,MX08,20190401,17.932
maize,MX09,20190401,19.838
maize,MX10,20190401,23.779
maize,MX11,20190401,36.794
maize,MX12,20190401,27.363
maize,MX13,20190401,30.284
maize,MX14,20190401,28.137
maize,MX15,20190401,23.321
maize,MX16,20190401,33.318
maize,MX17,20190401,23.724
maize,MX18,20190401,34.239
maize,MX19,20190401,30.247
maize,MX20,20190401,33.671
maize,MX21,20190401,21.704
maize,MX22,20190401,30.495
maize,MX23,20190401,61.035
maize,MX24,20190401,28.962
maize,MX25,20190401,60.762
maize,MX26,20190401,57.036
maize,MX27,20190401,49.17
maize,MX28,20190401,39.811
maize,MX29,20190401,18.384
maize,MX30,20190401,33.301
maize,MX31,20190401,63.384
maize,MX32,20190401,22.702
maize,MX01,20190411,23.008
maize,MX02,20190411,46.095
maize,MX03,20190411,25.904
maize,MX04,20190411,46.544
maize,MX05,20190411,28.347
maize,MX06,20190411,31.308
maize,MX07,20190411,35.824
maize,MX08,20190411,18.363
maize,MX09,20190411,19.724
maize,MX10,20190411,23.773
maize,MX11,20190411,32.944
maize,MX12,20190411,26.6
maize,MX13,20190411,29.983
maize,MX14,20190411,26.377
maize,MX15,20190411,22.76
maize,MX16,20190411,30.946
maize,MX17,20190411,23.016
maize,MX18,20190411,32.458
maize,MX19,20190411,30.493
maize,MX20,20190411,33.229
maize,MX21,20190411,21.472
maize,MX22,20190411,28.122
maize,MX23,20190411,57.574
maize,MX24,20190411,28.349
maize,MX25,20190411,57.576
maize,MX26,20190411,52.378
maize,MX27,20190411,47.468
maize,MX28,20190411,41.449
maize,MX29,20190411,18.092
maize,MX30,20190411,32.897
maize,MX31,20190411,61.959
maize,MX32,20190411,22.126
maize,MX01,20190421,21.912
maize,MX02,20190421,43.601
maize,MX03,20190421,24.959
maize,MX04,20190421,46.545
maize,MX05,20190421,28.465
maize,MX06,20190421,30.299
maize,MX07,20190421,35.978
maize,MX08,20190421,18.74
maize,MX09,20190421,19.805
maize,MX10,20190421,23.463
maize,MX11,20190421,29.153
maize,MX12,20190421,26.37
maize,MX13,20190421,30.172
maize,MX14,20190421,24.63
maize,MX15,20190421,22.484
maize,MX16,20190421,28.556
maize,MX17,20190421,22.855
maize,MX18,20190421,30.929
maize,MX19,20190421,30.727
maize,MX20,20190421,33.347
maize,MX21,20190421,21.541
maize,MX22,20190421,26.188
maize,MX23,20190421,54.83
maize,MX24,20190421,28.03
maize,MX25,20190421,53.458
maize,MX26,20190421,46.841
maize,MX27,20190421,46.194
maize,MX28,20190421,42.302
maize,MX29,20190421,17.988
maize,MX30,20190421,32.952
maize,MX31,20190421,59.702
maize,MX32,20190421,21.477
maize,MX01,20190501,21.319
maize,MX02,20190501,40.839
maize,MX03,20190501,24.236
maize,MX04,20190501,47.028
maize,MX05,20190501,29.545
maize,MX06,20190501,29.649
maize,MX07,20190501,37.405
maize,MX08,20190501,19.241
maize,MX09,20190501,20.648
maize,MX10,20190501,23.006
maize,MX11,20190501,26.407
maize,MX12,20190501,27.217
maize,MX13,20190501,31.026
maize,MX14,20190501,23.304
maize,MX15,20190501,22.79
maize,MX16,20190501,26.88
maize,MX17,20190501,23.64
maize,MX18,20190501,29.756
maize,MX19,20190501,31.472
maize,MX20,20190501,34.415
maize,MX21,20190501,22.177
maize,MX22,20190501,25.363
maize,MX23,20190501,53.187
maize,MX24,20190501,28.288
maize,MX25,20190501,48.684
maize,MX26,20190501,41.383
maize,MX27,20190501,45.644
maize,MX28,20190501,42.627
maize,MX29,20190501,18.27
maize,MX30,20190501,33.581
maize,MX31,20190501,57.118
maize,MX32,20190501,21.03
maize,MX01,20190511,21.375
maize,MX02,20190511,38.334
maize,MX03,20190511,23.918
maize,MX04,20190511,48.363
maize,MX05,20190511,31.57
maize,MX06,20190511,29.777
maize,MX07,20190511,40.385
maize,MX08,20190511,20.206
maize,MX09,20190511,22.334
maize,MX10,20190511,22.617
maize,MX11,20190511,25.478
maize,MX12,20190511,29.707
maize,MX13,20190511,32.703
maize,MX14,20190511,22.871
maize,MX15,20190511,24.086
maize,MX16,20190511,26.681
maize,MX17,20190511,25.818
maize,MX18,20190511,28.885
maize,MX19,20190511,32.756
maize,MX20,20190511,36.762
maize,MX21,20190511,23.614
maize,MX22,20190511,26.012
maize,MX23,20190511,52.228
maize,MX24,20190511,29.039
maize,MX25,20190511,43.614
maize,MX26,20190511,36.649
maize,MX27,20190511,46.32
maize,MX28,20190511,42.533
maize,MX29,20190511,19.221
maize,MX30,20190511,35.189
maize,MX31,20190511,54.302
maize,MX32,20190511,21.038
maize,MX01,20190521,22.138
maize,MX02,20190521,36.647
maize,MX03,20190521,23.718
maize,MX04,20190521,50.667
maize,MX05,20190521,34.253
maize,MX06,20190521,31.005
maize,MX07,20190521,44.764
maize,MX08,20190521,22.142
maize,MX09,20190521,25.066
maize,MX10,20190521,22.485
maize,MX11,20190521,26.851
maize,MX12,20190521,34.166
maize,MX13,20190521,35.272
maize,MX14,20190521,23.768
maize,MX15,20190521,26.688
maize,MX16,20190521,28.516
maize,MX17,20190521,29.598
maize,MX18,20190521,28.407
maize,MX19,20190521,34.16
maize,MX20,20190521,40.432
maize,MX21,20190521,26.102
maize,MX22,20190521,28.318
maize,MX23,20190521,52.158
maize,MX24,20190521,30.124
maize,MX25,20190521,38.565
maize,MX26,20190521,32.799
maize,MX27,20190521,48.515
maize,MX28,20190521,42.052
maize,MX29,20190521,21.187
maize,MX30,20190521,37.868
maize,MX31,20190521,51.521
maize,MX32,20190521,21.649
maize,MX01,20190601,23.652
maize,MX02,20190601,35.792
maize,MX03,20190601,23.42
maize,MX04,20190601,54.108
maize,MX05,20190601,37.375
maize,MX06,20190601,33.918
maize,MX07,20190601,50.394
maize,MX08,20190601,25.877
maize,MX09,20190601,29.659
maize,MX10,20190601,22.886
maize,MX11,20190601,31.149
maize,MX12,20190601,41.296
maize,MX13,20190601,39.279
maize,MX14,20190601,26.548
maize,MX15,20190601,31.268
maize,MX16,20190601,33.138
maize,MX17,20190601,35.53
maize,MX18,20190601,28.423
maize,MX19,20190601,35.611
maize,MX20,20190601,45.808
maize,MX21,20190601,30.389
maize,MX22,20190601,32.604
maize,MX23,20190601,52.952
maize,MX24,20190601,31.691
maize,MX25,20190601,33.554
maize,MX26,20190601,29.507
maize,MX27,20190601,52.559
maize,MX28,20190601,41.315
maize,MX29,20190601,25.098
maize,MX30,20190601,42.138
maize,MX31,20190601,49.129
maize,MX32,20190601,23.094
maize,MX01,20190611,25.643
maize,MX02,20190611,35.574
maize,MX03,20190611,22.931
maize,MX04,20190611,57.633
maize,MX05,20190611,39.683
maize,MX06,20190611,38.066
maize,MX07,20190611,55.218
maize,MX08,20190611,30.887
maize,MX09,20190611,34.615
maize,MX10,20190611,23.859
maize,MX11,20190611,37.233
maize,MX12,20190611,48.714
maize,MX13,20190611,43.788
maize,MX14,20190611,30.929
maize,MX15,20190611,36.978
maize,MX16,20190611,39.433
maize,MX17,20190611,41.829
maize,MX18,20190611,29.376
maize,MX19,20190611,36.996
maize,MX20,20190611,50.934
maize,MX21,20190611,35.572
maize,MX22,20190611,37.615
maize,MX23,20190611,54.666
maize,MX24,20190611,33.473
maize,MX25,20190611,29.786
maize,MX26,20190611,27.408
maize,MX27,20190611,56.634
maize,MX28,20190611,40.799
maize,MX29,20190611,30.526
maize,MX30,20190611,46.612
maize,MX31,20190611,48.016
maize,MX32,20190611,25.157
maize,MX01,20190621,28.244
maize,MX02,20190621,35.412
maize,MX03,20190621,21.99
maize,MX04,20190621,61.092
maize,MX05,20190621,40.856
maize,MX06,20190621,43.285
maize,MX07,20190621,59.021
maize,MX08,20190621,37.074
maize,MX09,20190621,39.823
maize,MX10,20190621,25.475
maize,MX11,20190621,44.611
maize,MX12,20190621,55.317
maize,MX13,20190621,48.643
maize,MX14,20190621,36.851
maize,MX15,20190621,43.619
maize,MX16,20190621,46.822
maize,MX17,20190621,47.964
maize,MX18,20190621,31.785
maize,MX19,20190621,38.268
maize,MX20,20190621,55.189
maize,MX21,20190621,41.447
maize,MX22,20190621,43.162
maize,MX23,20190621,56.732
maize,MX24,20190621,35.247
maize,MX25,20190621,26.908
maize,MX26,20190621,26.217
maize,MX27,20190621,60.132
maize,MX28,20190621,40.47
maize,MX29,20190621,37.422
maize,MX30,20190621,50.633
maize,MX31,20190621,48.19
maize,MX32,20190621,28.051
maize,MX01,20190701,31.427
maize,MX02,20190701,35.176
maize,MX03,20190701,20.927
maize,MX04,20190701,64.385
maize,MX05,20190701,40.885
maize,MX06,20190701,49.16
maize,MX07,20190701,61.671
maize,MX08,20190701,43.779
maize,MX09,20190701,44.683
maize,MX10,20190701,27.891
maize,MX11,20190701,52.199
maize,MX12,20190701,60.314
maize,MX13,20190701,53.055
maize,MX14,20190701,44.019
maize,MX15,20190701,50.306
maize,MX16,20190701,54.217
maize,MX17,20190701,53.332
maize,MX18,20190701,36.109
maize,MX19,20190701,39.034
maize,MX20,20190701,58.157
maize,MX21,20190701,47.299
maize,MX22,20190701,48.234
maize,MX23,20190701,59.359
maize,MX24,20190701,36.563
maize,MX25,20190701,25.217
maize,MX26,20190701,26.187
maize,MX27,20190701,62.572
maize,MX28,20190701,39.995
maize,MX29,20190701,45.061
maize,MX30,20190701,53.744
maize,MX31,20190701,49.723
maize,MX32,20190701,31.879
maize,MX01,20190711,35.063
maize,MX02,20190711,34.706
maize,MX03,20190711,19.794
maize,MX04,20190711,67.407
maize,MX05,20190711,39.939
maize,MX06,20190711,55.002
maize,MX07,20190711,63.451
maize,MX08,20190711,50.34
maize,MX09,20190711,48.693
maize,MX10,20190711,31.044
maize,MX11,20190711,58.998
maize,MX12,20190711,64.138
maize,MX13,20190711,56.283
maize,MX14,20190711,51.791
maize,MX15,20190711,56.192
maize,MX16,20190711,60.762
maize,MX17,20190711,58.222
maize,MX18,20190711,42.134
maize,MX19,20190711,39.108
maize,MX20,20190711,60.051
maize,MX21,20190711,52.706
maize,MX22,20190711,52.092
maize,MX23,20190711,62.016
maize,MX24,20190711,37.092
maize,MX25,20190711,24.856
maize,MX26,20190711,27.368
maize,MX27,20190711,63.797
maize,MX28,20190711,39.039
maize,MX29,20190711,52.477
maize,MX30,20190711,55.681
maize,MX31,20190711,52.358
maize,MX32,20190711,36.478
maize,MX01,20190721,38.926
maize,MX02,20190721,34.158
maize,MX03,20190721,19.003
maize,MX04,20190721,70.293
maize,MX05,20190721,38.472
maize,MX06,20190721,60.26
maize,MX07,20190721,64.779
maize,MX08,20190721,56.065
maize,MX09,20190721,51.731
maize,MX10,20190721,34.533
maize,MX11,20190721,64.375
maize,MX12,20190721,67.34
maize,MX13,20190721,58.124
maize,MX14,20190721,59.397
maize,MX15,20190721,60.843
maize,MX16,20190721,66.033
maize,MX17,20190721,62.997
maize,MX18,20190721,49.252
maize,MX19,20190721,38.742
maize,MX20,20190721,61.345
maize,MX21,20190721,57.402
maize,MX22,20190721,54.598
maize,MX23,20190721,64.932
maize,MX24,20190721,37.041
maize,MX25,20190721,25.881
maize,MX26,20190721,29.613
maize,MX27,20190721,63.997
maize,MX28,20190721,37.647
maize,MX29,20190721,58.819
maize,MX30,20190721,56.584
maize,MX31,20190721,55.927
maize,MX32,20190721,41.472
maize,MX01,20190801,43.028
maize,MX02,20190801,33.605
maize,MX03,20190801,19.051
maize,MX04,20190801,73.226
maize,MX05,20190801,36.898
maize,MX06,20190801,64.443
maize,MX07,20190801,65.978
maize,MX08,20190801,61.188
maize,MX09,20190801,53.301
maize,MX10,20190801,38.473
maize,MX11,20190801,68.299
maize,MX12,20190801,70.229
maize,MX13,20190801,58.525
maize,MX14,20190801,66.597
maize,MX15,20190801,64.127
maize,MX16,20190801,70.096
maize,MX17,20190801,67.835
maize,MX18,20190801,57.087
maize,MX19,20190801,38.416
maize,MX20,20190801,62.408
maize,MX21,20190801,61.246
maize,MX22,20190801,56.123
maize,MX23,20190801,68.025
maize,MX24,20190801,36.682
maize,MX25,20190801,28.411
maize,MX26,20190801,32.804
maize,MX27,20190801,63.495
maize,MX28,20190801,36.081
maize,MX29,20190801,63.539
maize,MX30,20190801,56.696
maize,MX31,20190801,60.296
maize,MX32,20190801,46.72
maize,MX01,20190811,46.51
maize,MX02,20190811,33.233
maize,MX03,20190811,20.305
maize,MX04,20190811,75.613
maize,MX05,20190811,36.122
maize,MX06,20190811,67.137
maize,MX07,20190811,67.028
maize,MX08,20190811,64.655
maize,MX09,20190811,53.601
maize,MX10,20190811,42.255
maize,MX11,20190811,70.176
maize,MX12,20190811,72.124
maize,MX13,20190811,57.801
maize,MX14,20190811,71.545
maize,MX15,20190811,65.597
maize,MX16,20190811,72.41
maize,MX17,20190811,71.377
maize,MX18,20190811,63.24
maize,MX19,20190811,38.894
maize,MX20,20190811,63.149
maize,MX21,20190811,63.374
maize,MX22,20190811,56.623
maize,MX23,20190811,70.621
maize,MX24,20190811,36.605
maize,MX25,20190811,31.592
maize,MX26,20190811,36.01
maize,MX27,20190811,62.763
maize,MX28,20190811,35.287
maize,MX29,20190811,65.499
maize,MX30,20190811,56.476
maize,MX31,20190811,64.659
maize,MX32,20190811,50.929
maize,MX01,20190821,49.55
maize,MX02,20190821,32.788
maize,MX03,20190821,22.917
maize,MX04,20190821,77.35
maize,MX05,20190821,36.211
maize,MX06,20190821,69.246
maize,MX07,20190821,67.893
maize,MX08,20190821,66.765
maize,MX09,20190821,52.909
maize,MX10,20190821,46.36
maize,MX11,20190821,70.52
maize,MX12,20190821,73.054
maize,MX13,20190821,56.355
maize,MX14,20190821,74.605
maize,MX15,20190821,65.742
maize,MX16,20190821,73.47
maize,MX17,20190821,73.488
maize,MX18,20190821,67.857
maize,MX19,20190821,40.523
maize,MX20,20190821,63.565
maize,MX21,20190821,64.051
maize,MX22,20190821,56.272
maize,MX23,20190821,72.874
maize,MX24,20190821,37.218
maize,MX25,20190821,34.933
maize,MX26,20190821,39.318
maize,MX27,20190821,61.699
maize,MX28,20190821,35.802
maize,MX29,20190821,65.33
maize,MX30,20190821,56.385
maize,MX31,20190821,68.803
maize,MX32,20190821,54.387
maize,MX01,20190901,51.749
maize,MX02,20190901,32.381
maize,MX03,20190901,26.934
maize,MX04,20190901,78.676
maize,MX05,20190901,37.203
maize,MX06,20190901,71.154
maize,MX07,20190901,68.541
maize,MX08,20190901,67.015
maize,MX09,20190901,51.407
maize,MX10,20190901,50.816
maize,MX11,20190901,69.196
maize,MX12,20190901,73.375
maize,MX13,20190901,54.178
maize,MX14,20190901,75.609
maize,MX15,20190901,64.493
maize,MX16,20190901,73.105
maize,MX17,20190901,74.091
maize,MX18,20190901,71.078
maize,MX19,20190901,43.497
maize,MX20,20190901,63.645
maize,MX21,20190901,63.401
maize,MX22,20190901,54.844
maize,MX23,20190901,75.048
maize,MX24,20190901,38.707
maize,MX25,20190901,38.095
maize,MX26,20190901,42.737
maize,MX27,20190901,61.093
maize,MX28,20190901,38.068
maize,MX29,20190901,63.311
maize,MX30,20190901,56.862
maize,MX31,20190901,72.915
maize,MX32,20190901,57.032
maize,MX01,20190911,52.209
maize,MX02,20190911,32.228
maize,MX03,20190911,30.436
maize,MX04,20190911,79.481
maize,MX05,20190911,38.242
maize,MX06,20190911,72.521
maize,MX07,20190911,68.883
maize,MX08,20190911,64.881
maize,MX09,20190911,49.725
maize,MX10,20190911,53.615
maize,MX11,20190911,66.528
maize,MX12,20190911,73.586
maize,MX13,20190911,51.904
maize,MX14,20190911,74.51
maize,MX15,20190911,62.466
maize,MX16,20190911,71.446
maize,MX17,20190911,73.533
maize,MX18,20190911,72.398
maize,MX19,20190911,46.279
maize,MX20,20190911,63.697
maize,MX21,20190911,61.982
maize,MX22,20190911,52.62
maize,MX23,20190911,76.734
maize,MX24,20190911,40.519
maize,MX25,20190911,39.495
maize,MX26,20190911,45.009
maize,MX27,20190911,60.999
maize,MX28,20190911,41.244
maize,MX29,20190911,60.256
maize,MX30,20190911,57.992
maize,MX31,20190911,76.11
maize,MX32,20190911,57.909
maize,MX01,20190921,51.294
maize,MX02,20190921,32.337
maize,MX03,20190921,33.091
maize,MX04,20190921,79.773
maize,MX05,20190921,38.746
maize,MX06,20190921,73.472
maize,MX07,20190921,68.971
maize,MX08,20190921,60.535
maize,MX09,20190921,48.152
maize,MX10,20190921,54.333
maize,MX11,20190921,62.687
maize,MX12,20190921,73.614
maize,MX13,20190921,49.668
maize,MX14,20190921,71.887
maize,MX15,20190921,59.898
maize,MX16,20190921,68.619
maize,MX17,20190921,72.282
maize,MX18,20190921,72.545
maize,MX19,20190921,48.003
maize,MX20,20190921,63.816
maize,MX21,20190921,59.929
maize,MX22,20190921,49.889
maize,MX23,20190921,78.289
maize,MX24,20190921,42.443
maize,MX25,20190921,39.174
maize,MX26,20190921,45.662
maize,MX27,20190921,61.518
maize,MX28,20190921,44.555
maize,MX29,20190921,56.353
maize,MX30,20190921,59.574
maize,MX31,20190921,78.442
maize,MX32,20190921,57.294
maize,MX01,20191001,49.372
maize,MX02,20191001,32.44
maize,MX03,20191001,35.085
maize,MX04,20191001,79.482
maize,MX05,20191001,38.377
maize,MX06,20191001,74.011
maize,MX07,20191001,68.75
maize,MX08,20191001,54.242
maize,MX09,20191001,46.538
maize,MX10,20191001,52.402
maize,MX11,20191001,57.891
maize,MX12,20191001,72.982
maize,MX13,20191001,47.469
maize,MX14,20191001,68.099
maize,MX15,20191001,56.769
maize,MX16,20191001,64.792
maize,MX17,20191001,70.238
maize,MX18,20191001,71.881
maize,MX19,20191001,47.926
maize,MX20,20191001,63.865
maize,MX21,20191001,57.259
maize,MX22,20191001,46.757
maize,MX23,20191001,79.379
maize,MX24,20191001,44.18
maize,MX25,20191001,37.406
maize,MX26,20191001,44.103
maize,MX27,20191001,62.158
maize,MX28,20191001,46.954
maize,MX29,20191001,51.868
maize,MX30,20191001,61.281
maize,MX31,20191001,79.793
maize,MX32,20191001,55.306
maize,MX01,20191011,46.924
maize,MX02,20191011,32.551
maize,MX03,20191011,36.928
maize,MX04,20191011,78.72
maize,MX05,20191011,37.102
maize,MX06,20191011,74.281
maize,MX07,20191011,68.203
maize,MX08,20191011,46.754
maize,MX09,20191011,44.867
maize,MX10,20191011,48.177
maize,MX11,20191011,52.527
maize,MX12,20191011,71.502
maize,MX13,20191011,45.609
maize,MX14,20191011,63.735
maize,MX15,20191011,53.371
maize,MX16,20191011,60.338
maize,MX17,20191011,67.384
maize,MX18,20191011,70.686
maize,MX19,20191011,46.307
maize,MX20,20191011,63.667
maize,MX21,20191011,54.096
maize,MX22,20191011,43.694
maize,MX23,20191011,80.243
maize,MX24,20191011,45.56
maize,MX25,20191011,34.838
maize,MX26,20191011,40.585
maize,MX27,20191011,62.87
maize,MX28,20191011,48.013
maize,MX29,20191011,47.29
maize,MX30,20191011,62.771
maize,MX31,20191011,79.965
maize,MX32,20191011,52.353
maize,MX01,20191021,44.302
maize,MX02,20191021,32.924
maize,MX03,20191021,38.599
maize,MX04,20191021,77.645
maize,MX05,20191021,35.16
maize,MX06,20191021,74.11
maize,MX07,20191021,67.318
maize,MX08,20191021,38.979
maize,MX09,20191021,43.022
maize,MX10,20191021,42.717
maize,MX11,20191021,47.062
maize,MX12,20191021,69.159
maize,MX13,20191021,44.192
maize,MX14,20191021,59.259
maize,MX15,20191021,50.016
maize,MX16,20191021,55.692
maize,MX17,20191021,63.937
maize,MX18,20191021,69.057
maize,MX19,20191021,43.878
maize,MX20,20191021,63.128
maize,MX21,20191021,50.732
maize,MX22,20191021,41.025
maize,MX23,20191021,80.754
maize,MX24,20191021,46.571
maize,MX25,20191021,32.359
maize,MX26,20191021,36.261
maize,MX27,20191021,63.311
maize,MX28,20191021,47.751
maize,MX29,20191021,43.032
maize,MX30,20191021,64.02
maize,MX31,20191021,78.958
maize,MX32,20191021,48.861
maize,MX01,20191101,41.43
maize,MX02,20191101,33.996
maize,MX03,20191101,40.424
maize,MX04,20191101,76.394
maize,MX05,20191101,32.775
maize,MX06,20191101,73.231
maize,MX07,20191101,65.7
maize,MX08,20191101,31.365
maize,MX09,20191101,40.527
maize,MX10,20191101,36.784
maize,MX11,20191101,41.521
maize,MX12,20191101,65.482
maize,MX13,20191101,42.802
maize,MX14,20191101,54.729
maize,MX15,20191101,46.596
maize,MX16,20191101,50.852
maize,MX17,20191101,59.721
maize,MX18,20191101,66.785
maize,MX19,20191101,41.027
maize,MX20,20191101,62.006
maize,MX21,20191101,47.045
maize,MX22,20191101,38.626
maize,MX23,20191101,80.958
maize,MX24,20191101,47.29
maize,MX25,20191101,30.81
maize,MX26,20191101,31.969
maize,MX27,20191101,63.615
maize,MX28,20191101,46.452
maize,MX29,20191101,39.069
maize,MX30,20191101,65.096
maize,MX31,20191101,76.888
maize,MX32,20191101,44.922
maize,MX01,20191111,38.925
maize,MX02,20191111,35.806
maize,MX03,20191111,42.452
maize,MX04,20191111,75.31
maize,MX05,20191111,30.944
maize,MX06,20191111,71.367
maize,MX07,20191111,63.517
maize,MX08,20191111,26.238
maize,MX09,20191111,37.828
maize,MX10,20191111,32.334
maize,MX11,20191111,37.107
maize,MX12,20191111,61.202
maize,MX13,20191111,41.297
maize,MX14,20191111,50.887
maize,MX15,20191111,43.671
maize,MX16,20191111,46.697
maize,MX17,20191111,55.564
maize,MX18,20191111,64.207
maize,MX19,20191111,38.734
maize,MX20,20191111,60.418
maize,MX21,20191111,43.63
maize,MX22,20191111,36.709
maize,MX23,20191111,80.804
maize,MX24,20191111,47.406
maize,MX25,20191111,31.326
maize,MX26,20191111,29.511
maize,MX27,20191111,63.55
maize,MX28,20191111,44.821
maize,MX29,20191111,35.946
maize,MX30,20191111,65.614
maize,MX31,20191111,74.216
maize,MX32,20191111,41.495
maize,MX01,20191121,36.522
maize,MX02,20191121,37.983
maize,MX03,20191121,44.951
maize,MX04,20191121,74.284
maize,MX05,20191121,29.619
maize,MX06,20191121,68.647
maize,MX07,20191121,60.603
maize,MX08,20191121,22.973
maize,MX09,20191121,34.942
maize,MX10,20191121,28.967
maize,MX11,20191121,33.443
maize,MX12,20191121,56.419
maize,MX13,20191121,39.543
maize,MX14,20191121,47.35
maize,MX15,20191121,40.865
maize,MX16,20191121,42.901
maize,MX17,20191121,51.306
maize,MX18,20191121,61.591
maize,MX19,20191121,36.709
maize,MX20,20191121,58.282
maize,MX21,20191121,40.113
maize,MX22,20191121,34.883
maize,MX23,20191121,80.401
maize,MX24,20191121,46.835
maize,MX25,20191121,33.793
maize,MX26,20191121,28.654
maize,MX27,20191121,63.022
maize,MX28,20191121,42.912
maize,MX29,20191121,33.049
maize,MX30,20191121,65.219
maize,MX31,20191121,71.227
maize,MX32,20191121,38.329
maize,MX01,20191201,34.215
maize,MX02,20191201,40.037
maize,MX03,20191201,47.313
maize,MX04,20191201,73.41
maize,MX05,20191201,28.739
maize,MX06,20191201,65.277
maize,MX07,20191201,57.233
maize,MX08,20191201,21.249
maize,MX09,20191201,31.775
maize,MX10,20191201,26.439
maize,MX11,20191201,30.575
maize,MX12,20191201,51.574
maize,MX13,20191201,37.587
maize,MX14,20191201,43.996
maize,MX15,20191201,38.022
maize,MX16,20191201,39.529
maize,MX17,20191201,47.175
maize,MX18,20191201,59.24
maize,MX19,20191201,34.922
maize,MX20,20191201,55.766
maize,MX21,20191201,36.705
maize,MX22,20191201,33.221
maize,MX23,20191201,79.985
maize,MX24,20191201,45.579
maize,MX25,20191201,37.615
maize,MX26,20191201,29.232
maize,MX27,20191201,61.984
maize,MX28,20191201,40.79
maize,MX29,20191201,30.208
maize,MX30,20191201,63.73
maize,MX31,20191201,68.063
maize,MX32,20191201,35.325
maize,MX01,20191211,32.026
maize,MX02,20191211,41.485
maize,MX03,20191211,48.606
maize,MX04,20191211,72.786
maize,MX05,20191211,28.198
maize,MX06,20191211,61.621
maize,MX07,20191211,53.886
maize,MX08,20191211,20.382
maize,MX09,20191211,28.704
maize,MX10,20191211,24.335
maize,MX11,20191211,28.478
maize,MX12,20191211,47.197
maize,MX13,20191211,35.661
maize,MX14,20191211,40.818
maize,MX15,20191211,35.214
maize,MX16,20191211,36.618
maize,MX17,20191211,43.461
maize,MX18,20191211,57.274
maize,MX19,20191211,33.206
maize,MX20,20191211,53.022
maize,MX21,20191211,33.641
maize,MX22,20191211,31.861
maize,MX23,20191211,79.738
maize,MX24,20191211,43.745
maize,MX25,20191211,41.864
maize,MX26,20191211,31.093
maize,MX27,20191211,60.857
maize,MX28,20191211,38.508
maize,MX29,20191211,27.519
maize,MX30,20191211,61.103
maize,MX31,20191211,65.078
maize,MX32,20191211,32.381
maize,MX01,20191221,30.269
maize,MX02,20191221,42.381
maize,MX03,20191221,48.271
maize,MX04,20191221,72.497
maize,MX05,20191221,27.894
maize,MX06,20191221,58.097
maize,MX07,20191221,51.028
maize,MX08,20191221,19.881
maize,MX09,20191221,25.866
maize,MX10,20191221,22.465
maize,MX11,20191221,27.311
maize,MX12,20191221,43.501
maize,MX13,20191221,34.103
maize,MX14,20191221,37.997
maize,MX15,20191221,32.624
maize,MX16,20191221,34.277
maize,MX17,20191221,40.267
maize,MX18,20191221,55.804
maize,MX19,20191221,31.479
maize,MX20,20191221,50.289
maize,MX21,20191221,31.083
maize,MX22,20191221,31.07
maize,MX23,20191221,79.911
maize,MX24,20191221,41.694
maize,MX25,20191221,45.554
maize,MX26,20191221,33.842
maize,MX27,20191221,59.971
maize,MX28,20191221,36.29
maize,MX29,20191221,25.185
maize,MX30,20191221,57.822
maize,MX31,20191221,62.632
maize,MX32,20191221,29.605
maize,MX01,20200101,29.014
maize,MX02,20200101,43.1
maize,MX03,20200101,46.473
maize,MX04,20200101,72.446
maize,MX05,20200101,27.852
maize,MX06,20200101,54.847
maize,MX07,20200101,48.821
maize,MX08,20200101,19.411
maize,MX09,20200101,23.332
maize,MX10,20200101,20.752
maize,MX11,20200101,27.303
maize,MX12,20200101,40.357
maize,MX13,20200101,32.969
maize,MX14,20200101,35.57
maize,MX15,20200101,30.053
maize,MX16,20200101,32.532
maize,MX17,20200101,37.365
maize,MX18,20200101,54.88
maize,MX19,20200101,29.557
maize,MX20,20200101,47.75
maize,MX21,20200101,28.95
maize,MX22,20200101,30.898
maize,MX23,20200101,80.539
maize,MX24,20200101,39.431
maize,MX25,20200101,49.091
maize,MX26,20200101,38.032
maize,MX27,20200101,59.715
maize,MX28,20200101,34.118
maize,MX29,20200101,23.19
maize,MX30,20200101,54.226
maize,MX31,20200101,61.104
maize,MX32,20200101,27.076
maize,MX01,20200111,28.512
maize,MX02,20200111,43.823
maize,MX03,20200111,44.221
maize,MX04,20200111,72.072
maize,MX05,20200111,27.988
maize,MX06,20200111,52.762
maize,MX07,20200111,47.518
maize,MX08,20200111,18.964
maize,MX09,20200111,21.42
maize,MX10,20200111,19.721
maize,MX11,20200111,28.471
maize,MX12,20200111,38.171
maize,MX13,20200111,32.47
maize,MX14,20200111,34.196
maize,MX15,20200111,28.008
maize,MX16,20200111,31.816
maize,MX17,20200111,35.176
maize,MX18,20200111,54.619
maize,MX19,20200111,27.848
maize,MX20,20200111,46.095
maize,MX21,20200111,27.472
maize,MX22,20200111,31.344
maize,MX23,20200111,81.311
maize,MX24,20200111,37.631
maize,MX25,20200111,52.244
maize,MX26,20200111,42.474
maize,MX27,20200111,60.343
maize,MX28,20200111,32.594
maize,MX29,20200111,21.804
maize,MX30,20200111,51.47
maize,MX31,20200111,60.515
maize,MX32,20200111,25.524
maize,MX01,20200121,28.574
maize,MX02,20200121,44.652
maize,MX03,20200121,41.843
maize,MX04,20200121,70.721
maize,MX05,20200121,28.294
maize,MX06,20200121,51.268
maize,MX07,20200121,46.599
maize,MX08,20200121,18.414
maize,MX09,20200121,19.978
maize,MX10,20200121,19.362
maize,MX11,20200121,30.705
maize,MX12,20200121,36.488
maize,MX13,20200121,32.498
maize,MX14,20200121,33.655
maize,MX15,20200121,26.304
maize,MX16,20200121,32.03
maize,MX17,20200121,33.317
maize,MX18,20200121,54.471
maize,MX19,20200121,26.419
maize,MX20,20200121,44.733
maize,MX21,20200121,26.318
maize,MX22,20200121,32.438
maize,MX23,20200121,81.552
maize,MX24,20200121,36.29
maize,MX25,20200121,55.649
maize,MX26,20200121,46.98
maize,MX27,20200121,61.156
maize,MX28,20200121,31.525
maize,MX29,20200121,20.732
maize,MX30,20200121,49.122
maize,MX31,20200121,60.685
maize,MX32,20200121,24.786
maize,MX01,20200201,28.849
maize,MX02,20200201,45.71
maize,MX03,20200201,39.402
maize,MX04,20200201,67.561
maize,MX05,20200201,28.579
maize,MX06,20200201,50.294
maize,MX07,20200201,45.515
maize,MX08,20200201,17.774
maize,MX09,20200201,19.02
maize,MX10,20200201,19.631
maize,MX11,20200201,33.921
maize,MX12,20200201,34.867
maize,MX13,20200201,32.833
maize,MX14,20200201,33.722
maize,MX15,20200201,24.876
maize,MX16,20200201,33.209
maize,MX17,20200201,31.415
maize,MX18,20200201,53.996
maize,MX19,20200201,25.177
maize,MX20,20200201,43.401
maize,MX21,20200201,25.165
maize,MX22,20200201,34.072
maize,MX23,20200201,80.719
maize,MX24,20200201,35.158
maize,MX25,20200201,59.526
maize,MX26,20200201,51.218
maize,MX27,20200201,61.644
maize,MX28,20200201,31.069
maize,MX29,20200201,19.802
maize,MX30,20200201,46.837
maize,MX31,20200201,61.287
maize,MX32,20200201,24.596
maize,MX01,20200211,29.0
maize,MX02,20200211,46.875
maize,MX03,20200211,37.491
maize,MX04,20200211,63.353
maize,MX05,20200211,28.548
maize,MX06,20200211,49.555
maize,MX07,20200211,44.356
maize,MX08,20200211,17.322
maize,MX09,20200211,18.459
maize,MX10,20200211,20.304
maize,MX11,20200211,36.759
maize,MX12,20200211,33.517
maize,MX13,20200211,33.045
maize,MX14,20200211,34.011
maize,MX15,20200211,23.962
maize,MX16,20200211,34.598
maize,MX17,20200211,29.716
maize,MX18,20200211,53.017
maize,MX19,20200211,24.31
maize,MX20,20200211,42.132
maize,MX21,20200211,24.132
maize,MX22,20200211,35.455
maize,MX23,20200211,78.793
maize,MX24,20200211,34.151
maize,MX25,20200211,62.526
maize,MX26,20200211,54.25
maize,MX27,20200211,61.407
maize,MX28,20200211,31.162
maize,MX29,20200211,19.141
maize,MX30,20200211,44.727
maize,MX31,20200211,62.016
maize,MX32,20200211,24.816
maize,MX01,20200221,28.741
maize,MX02,20200221,48.18
maize,MX03,20200221,35.617
maize,MX04,20200221,58.281
maize,MX05,20200221,28.123
maize,MX06,20200221,48.358
maize,MX07,20200221,42.931
maize,MX08,20200221,17.125
maize,MX09,20200221,18.09
maize,MX10,20200221,21.199
maize,MX11,20200221,38.779
maize,MX12,20200221,32.208
maize,MX13,20200221,32.922
maize,MX14,20200221,33.996
maize,MX15,20200221,23.353
maize,MX16,20200221,35.681
maize,MX17,20200221,28.088
maize,MX18,20200221,51.254
maize,MX19,20200221,23.669
maize,MX20,20200221,40.666
maize,MX21,20200221,23.05
maize,MX22,20200221,36.217
maize,MX23,20200221,75.7
maize,MX24,20200221,32.825
maize,MX25,20200221,64.362
maize,MX26,20200221,56.611
maize,MX27,20200221,60.192
maize,MX28,20200221,31.662
maize,MX29,20200221,18.486
maize,MX30,20200221,42.369
maize,MX31,20200221,62.565
maize,MX32,20200221,25.134
maize,MX01,20200301,28.162
maize,MX02,20200301,49.518
maize,MX03,20200301,34.141
maize,MX04,20200301,53.594
maize,MX05,20200301,27.57
maize,MX06,20200301,46.647
maize,MX07,20200301,41.654
maize,MX08,20200301,17.258
maize,MX09,20200301,17.884
maize,MX10,20200301,22.051
maize,MX11,20200301,39.558
maize,MX12,20200301,31.149
maize,MX13,20200301,32.607
maize,MX14,20200301,33.627
maize,MX15,20200301,23.145
maize,MX16,20200301,36.152
maize,MX17,20200301,26.806
maize,MX18,20200301,49.136
maize,MX19,20200301,23.402
maize,MX20,20200301,39.279
maize,MX21,20200301,22.186
maize,MX22,20200301,36.367
maize,MX23,20200301,72.217
maize,MX24,20200301,31.494
maize,MX25,20200301,64.771
maize,MX26,20200301,58.224
maize,MX27,20200301,58.462
maize,MX28,20200301,32.536
maize,MX29,20200301,17.995
maize,MX30,20200301,40.196
maize,MX31,20200301,63.087
maize,MX32,20200301,25.395
maize,MX01,20200311,27.221
maize,MX02,20200311,50.709
maize,MX03,20200311,32.704
maize,MX04,20200311,48.539
maize,MX05,20200311,27.026
maize,MX06,20200311,44.21
maize,MX07,20200311,40.28
maize,MX08,20200311,17.747
maize,MX09,20200311,17.959
maize,MX10,20200311,23.021
maize,MX11,20200311,39.205
maize,MX12,20200311,30.274
maize,MX13,20200311,32.289
maize,MX14,20200311,32.742
maize,MX15,20200311,23.363
maize,MX16,20200311,36.037
maize,MX17,20200311,25.804
maize,MX18,20200311,46.406
maize,MX19,20200311,23.499
maize,MX20,20200311,37.756
maize,MX21,20200311,21.528
maize,MX22,20200311,36.049
maize,MX23,20200311,67.268
maize,MX24,20200311,30.14
maize,MX25,20200311,64.021
maize,MX26,20200311,59.183
maize,MX27,20200311,55.731
maize,MX28,20200311,33.954
maize,MX29,20200311,17.778
maize,MX30,20200311,37.924
maize,MX31,20200311,63.13
maize,MX32,20200311,25.504
maize,MX01,20200321,25.996
maize,MX02,20200321,51.174
maize,MX03,20200321,31.341
maize,MX04,20200321,44.126
maize,MX05,20200321,26.657
maize,MX06,20200321,41.51
maize,MX07,20200321,39.039
maize,MX08,20200321,18.504
maize,MX09,20200321,18.124
maize,MX10,20200321,23.766
maize,MX11,20200321,37.499
maize,MX12,20200321,29.542
maize,MX13,20200321,32.023
maize,MX14,20200321,31.323
maize,MX15,20200321,23.813
maize,MX16,20200321,35.06
maize,MX17,20200321,25.105
maize,MX18,20200321,43.554
maize,MX19,20200321,24.001
maize,MX20,20200321,36.277
maize,MX21,20200321,21.21
maize,MX22,20200321,34.962
maize,MX23,20200321,61.587
maize,MX24,20200321,29.095
maize,MX25,20200321,62.184
maize,MX26,20200321,58.939
maize,MX27,20200321,52.371
maize,MX28,20200321,35.6
maize,MX29,20200321,17.854
maize,MX30,20200321,35.937
maize,MX31,20200321,62.23
maize,MX32,20200321,25.256
maize,MX01,20200401,24.53
maize,MX02,20200401,50.533
maize,MX03,20200401,30.018
maize,MX04,20200401,40.632
maize,MX05,20200401,26.399
maize,MX06,20200401,38.713
maize,MX07,20200401,38.134
maize,MX08,20200401,19.45
maize,MX09,20200401,18.579
maize,MX10,20200401,24.101
maize,MX11,20200401,34.248
maize,MX12,20200401,28.818
maize,MX13,20200401,32.134
maize,MX14,20200401,29.353
maize,MX15,20200401,24.556
maize,MX16,20200401,33.065
maize,MX17,20200401,24.536
maize,MX18,20200401,40.491
maize,MX19,20200401,24.967
maize,MX20,20200401,35.262
maize,MX21,20200401,21.256
maize,MX22,20200401,33.03
maize,MX23,20200401,55.5
maize,MX24,20200401,28.38
maize,MX25,20200401,59.173
maize,MX26,20200401,56.784
maize,MX27,20200401,48.684
maize,MX28,20200401,37.248
maize,MX29,20200401,18.322
maize,MX30,20200401,34.56
maize,MX31,20200401,60.277
maize,MX32,20200401,24.605
maize,MX01,20200411,23.375
maize,MX02,20200411,49.076
maize,MX03,20200411,28.891
maize,MX04,20200411,39.113
maize,MX05,20200411,26.514
maize,MX06,20200411,36.59
maize,MX07,20200411,37.909
maize,MX08,20200411,20.276
maize,MX09,20200411,19.11
maize,MX10,20200411,24.087
maize,MX11,20200411,30.855
maize,MX12,20200411,28.257
maize,MX13,20200411,32.591
maize,MX14,20200411,27.553
maize,MX15,20200411,25.282
maize,MX16,20200411,30.779
maize,MX17,20200411,24.253
maize,MX18,20200411,37.946
maize,MX19,20200411,26.033
maize,MX20,20200411,35.044
maize,MX21,20200411,21.652
maize,MX22,20200411,31.014
maize,MX23,20200411,50.638
maize,MX24,20200411,28.263
maize,MX25,20200411,55.783
maize,MX26,20200411,53.221
maize,MX27,20200411,45.925
maize,MX28,20200411,38.335
maize,MX29,20200411,19.058
maize,MX30,20200411,34.215
maize,MX31,20200411,57.853
maize,MX32,20200411,23.844
maize,MX01,20200421,22.621
maize,MX02,20200421,46.738
maize,MX03,20200421,27.815
maize,MX04,20200421,39.439
maize,MX05,20200421,27.262
maize,MX06,20200421,34.864
maize,MX07,20200421,38.515
maize,MX08,20200421,20.982
maize,MX09,20200421,19.728
maize,MX10,20200421,23.775
maize,MX11,20200421,28.047
maize,MX12,20200421,27.965
maize,MX13,20200421,33.432
maize,MX14,20200421,26.076
maize,MX15,20200421,26.079
maize,MX16,20200421,28.661
maize,MX17,20200421,24.186
maize,MX18,20200421,35.779
maize,MX19,20200421,27.292
maize,MX20,20200421,35.705
maize,MX21,20200421,22.429
maize,MX22,20200421,29.444
maize,MX23,20200421,47.361
maize,MX24,20200421,28.904
maize,MX25,20200421,51.716
maize,MX26,20200421,48.547
maize,MX27,20200421,44.219
maize,MX28,20200421,39.205
maize,MX29,20200421,20.052
maize,MX30,20200421,34.961
maize,MX31,20200421,55.883
maize,MX32,20200421,23.169
maize,MX01,20200501,22.296
maize,MX02,20200501,43.725
maize,MX03,20200501,26.676
maize,MX04,20200501,41.505
maize,MX05,20200501,28.555
maize,MX06,20200501,33.437
maize,MX07,20200501,40.16
maize,MX08,20200501,21.854
maize,MX09,20200501,20.675
maize,MX10,20200501,23.209
maize,MX11,20200501,26.54
maize,MX12,20200501,27.921
maize,MX13,20200501,34.687
maize,MX14,20200501,25.083
maize,MX15,20200501,26.968
maize,MX16,20200501,27.204
maize,MX17,20200501,24.33
maize,MX18,20200501,34.007
maize,MX19,20200501,28.757
maize,MX20,20200501,37.475
maize,MX21,20200501,23.653
maize,MX22,20200501,28.752
maize,MX23,20200501,46.481
maize,MX24,20200501,30.439
maize,MX25,20200501,47.03
maize,MX26,20200501,43.62
maize,MX27,20200501,43.644
maize,MX28,20200501,40.095
maize,MX29,20200501,21.411
maize,MX30,20200501,37.06
maize,MX31,20200501,54.925
maize,MX32,20200501,22.614
maize,MX01,20200511,22.113
maize,MX02,20200511,40.793
maize,MX03,20200511,25.755
maize,MX04,20200511,44.858
maize,MX05,20200511,30.13
maize,MX06,20200511,32.368
maize,MX07,20200511,42.839
maize,MX08,20200511,23.341
maize,MX09,20200511,21.851
maize,MX10,20200511,22.441
maize,MX11,20200511,26.621
maize,MX12,20200511,28.174
maize,MX13,20200511,36.188
maize,MX14,20200511,24.534
maize,MX15,20200511,27.881
maize,MX16,20200511,26.735
maize,MX17,20200511,24.641
maize,MX18,20200511,32.476
maize,MX19,20200511,30.447
maize,MX20,20200511,40.135
maize,MX21,20200511,25.229
maize,MX22,20200511,29.03
maize,MX23,20200511,48.029
maize,MX24,20200511,32.511
maize,MX25,20200511,42.019
maize,MX26,20200511,39.057
maize,MX27,20200511,44.247
maize,MX28,20200511,41.175
maize,MX29,20200511,23.109
maize,MX30,20200511,40.43
maize,MX31,20200511,54.953
maize,MX32,20200511,22.121
maize,MX01,20200521,22.359
maize,MX02,20200521,38.522
maize,MX03,20200521,24.833
maize,MX04,20200521,48.761
maize,MX05,20200521,31.84
maize,MX06,20200521,31.871
maize,MX07,20200521,46.373
maize,MX08,20200521,26.043
maize,MX09,20200521,23.292
maize,MX10,20200521,21.888
maize,MX11,20200521,28.419
maize,MX12,20200521,29.246
maize,MX13,20200521,37.72
maize,MX14,20200521,24.75
maize,MX15,20200521,29.043
maize,MX16,20200521,27.755
maize,MX17,20200521,25.436
maize,MX18,20200521,31.577
maize,MX19,20200521,32.504
maize,MX20,20200521,43.409
maize,MX21,20200521,27.138
maize,MX22,20200521,30.205
maize,MX23,20200521,51.634
maize,MX24,20200521,34.751
maize,MX25,20200521,37.217
maize,MX26,20200521,35.103
maize,MX27,20200521,45.848
maize,MX28,20200521,42.45
maize,MX29,20200521,25.069
maize,MX30,20200521,44.529
maize,MX31,20200521,55.544
maize,MX32,20200521,22.126
maize,MX01,20200601,23.638
maize,MX02,20200601,37.016
maize,MX03,20200601,23.928
maize,MX04,20200601,52.765
maize,MX05,20200601,33.491
maize,MX06,20200601,32.625
maize,MX07,20200601,50.702
maize,MX08,20200601,30.774
maize,MX09,20200601,25.173
maize,MX10,20200601,22.005
maize,MX11,20200601,32.654
maize,MX12,20200601,32.261
maize,MX13,20200601,39.576
maize,MX14,20200601,26.588
maize,MX15,20200601,31.18
maize,MX16,20200601,31.246
maize,MX17,20200601,27.524
maize,MX18,20200601,31.581
maize,MX19,20200601,34.932
maize,MX20,20200601,47.041
maize,MX21,20200601,29.827
maize,MX22,20200601,32.647
maize,MX23,20200601,57.528
maize,MX24,20200601,36.883
maize,MX25,20200601,32.652
maize,MX26,20200601,31.515
maize,MX27,20200601,48.38
maize,MX28,20200601,43.793
maize,MX29,20200601,27.702
maize,MX30,20200601,48.999
maize,MX31,20200601,56.34
maize,MX32,20200601,23.164
maize,MX01,20200611,26.119
maize,MX02,20200611,36.21
maize,MX03,20200611,23.083
maize,MX04,20200611,55.956
maize,MX05,20200611,34.606
maize,MX06,20200611,35.083
maize,MX07,20200611,54.532
maize,MX08,20200611,36.537
maize,MX09,20200611,27.413
maize,MX10,20200611,23.238
maize,MX11,20200611,38.418
maize,MX12,20200611,37.198
maize,MX13,20200611,41.553
maize,MX14,20200611,30.319
maize,MX15,20200611,34.523
maize,MX16,20200611,36.738
maize,MX17,20200611,31.169
maize,MX18,20200611,33.013
maize,MX19,20200611,36.94
maize,MX20,20200611,50.276
maize,MX21,20200611,33.166
maize,MX22,20200611,35.936
maize,MX23,20200611,63.221
maize,MX24,20200611,38.263
maize,MX25,20200611,29.327
maize,MX26,20200611,28.87
maize,MX27,20200611,51.227
maize,MX28,20200611,44.401
maize,MX29,20200611,30.998
maize,MX30,20200611,52.617
maize,MX31,20200611,56.923
maize,MX32,20200611,25.516
maize,MX01,20200621,30.092
maize,MX02,20200621,35.467
maize,MX03,20200621,22.371
maize,MX04,20200621,58.633
maize,MX05,20200621,35.32
maize,MX06,20200621,39.528
maize,MX07,20200621,57.904
maize,MX08,20200621,43.058
maize,MX09,20200621,30.185
maize,MX10,20200621,25.876
maize,MX11,20200621,45.491
maize,MX12,20200621,43.94
maize,MX13,20200621,43.837
maize,MX14,20200621,36.158
maize,MX15,20200621,39.251
maize,MX16,20200621,44.141
maize,MX17,20200621,36.701
maize,MX18,20200621,36.253
maize,MX19,20200621,38.421
maize,MX20,20200621,53.317
maize,MX21,20200621,37.408
maize,MX22,20200621,40.171
maize,MX23,20200621,68.29
maize,MX24,20200621,39.12
maize,MX25,20200621,26.908
maize,MX26,20200621,27.096
maize,MX27,20200621,54.075
maize,MX28,20200621,44.154
maize,MX29,20200621,35.273
maize,MX30,20200621,55.423
maize,MX31,20200621,57.334
maize,MX32,20200621,29.465
maize,MX01,20200701,35.442
maize,MX02,20200701,34.529
maize,MX03,20200701,21.63
maize,MX04,20200701,61.006
maize,MX05,20200701,35.844
maize,MX06,20200701,45.688
maize,MX07,20200701,60.759
maize,MX08,20200701,49.469
maize,MX09,20200701,33.377
maize,MX10,20200701,29.953
maize,MX11,20200701,52.926
maize,MX12,20200701,51.364
maize,MX13,20200701,46.394
maize,MX14,20200701,43.652
maize,MX15,20200701,44.962
maize,MX16,20200701,52.383
maize,MX17,20200701,43.574
maize,MX18,20200701,41.211
maize,MX19,20200701,39.472
maize,MX20,20200701,55.91
maize,MX21,20200701,42.252
maize,MX22,20200701,44.767
maize,MX23,20200701,72.512
maize,MX24,20200701,39.704
maize,MX25,20200701,25.34
maize,MX26,20200701,26.389
maize,MX27,20200701,56.569
maize,MX28,20200701,43.109
maize,MX29,20200701,40.403
maize,MX30,20200701,57.363
maize,MX31,20200701,57.748
maize,MX32,20200701,34.881
maize,MX01,20200711,41.59
maize,MX02,20200711,33.433
maize,MX03,20200711,20.959
maize,MX04,20200711,62.992
maize,MX05,20200711,36.413
maize,MX06,20200711,52.686
maize,MX07,20200711,63.211
maize,MX08,20200711,54.862
maize,MX09,20200711,36.824
maize,MX10,20200711,35.288
maize,MX11,20200711,59.544
maize,MX12,20200711,58.39
maize,MX13,20200711,48.899
maize,MX14,20200711,51.895
maize,MX15,20200711,50.776
maize,MX16,20200711,60.217
maize,MX17,20200711,51.234
maize,MX18,20200711,47.385
maize,MX19,20200711,40.709
maize,MX20,20200711,57.977
maize,MX21,20200711,47.321
maize,MX22,20200711,49.041
maize,MX23,20200711,75.699
maize,MX24,20200711,40.453
maize,MX25,20200711,24.742
maize,MX26,20200711,26.762
maize,MX27,20200711,58.583
maize,MX28,20200711,42.142
maize,MX29,20200711,45.927
maize,MX30,20200711,58.603
maize,MX31,20200711,57.939
maize,MX32,20200711,41.162
maize,MX01,20200721,47.835
maize,MX02,20200721,32.262
maize,MX03,20200721,20.305
maize,MX04,20200721,65.042
maize,MX05,20200721,37.054
maize,MX06,20200721,59.097
maize,MX07,20200721,65.463
maize,MX08,20200721,58.644
maize,MX09,20200721,39.95
maize,MX10,20200721,41.065
maize,MX11,20200721,64.665
maize,MX12,20200721,64.495
maize,MX13,20200721,51.13
maize,MX14,20200721,59.799
maize,MX15,20200721,55.795
maize,MX16,20200721,66.666
maize,MX17,20200721,59.047
maize,MX18,20200721,53.775
maize,MX19,20200721,42.504
maize,MX20,20200721,59.576
maize,MX21,20200721,52.18
maize,MX22,20200721,52.328
maize,MX23,20200721,78.111
maize,MX24,20200721,41.748
maize,MX25,20200721,24.887
maize,MX26,20200721,27.946
maize,MX27,20200721,60.33
maize,MX28,20200721,41.963
maize,MX29,20200721,51.411
maize,MX30,20200721,59.476
maize,MX31,20200721,58.595
maize,MX32,20200721,47.574
maize,MX01,20200801,53.861
maize,MX02,20200801,31.165
maize,MX03,20200801,19.711
maize,MX04,20200801,67.467
maize,MX05,20200801,37.863
maize,MX06,20200801,64.65
maize,MX07,20200801,67.63
maize,MX08,20200801,60.557
maize,MX09,20200801,42.989
maize,MX10,20200801,46.902
maize,MX11,20200801,68.459
maize,MX12,20200801,69.926
maize,MX13,20200801,53.085
maize,MX14,20200801,67.147
maize,MX15,20200801,59.897
maize,MX16,20200801,71.797
maize,MX17,20200801,66.799
maize,MX18,20200801,60.159
maize,MX19,20200801,44.805
maize,MX20,20200801,60.889
maize,MX21,20200801,56.813
maize,MX22,20200801,54.584
maize,MX23,20200801,79.67
maize,MX24,20200801,43.958
maize,MX25,20200801,25.594
maize,MX26,20200801,29.551
maize,MX27,20200801,61.656
maize,MX28,20200801,43.009
maize,MX29,20200801,56.658
maize,MX30,20200801,60.561
maize,MX31,20200801,59.951
maize,MX32,20200801,53.861
maize,MX01,20200811,57.774
maize,MX02,20200811,30.275
maize,MX03,20200811,19.446
maize,MX04,20200811,69.855
maize,MX05,20200811,38.379
maize,MX06,20200811,68.343
maize,MX07,20200811,69.14
maize,MX08,20200811,60.148
maize,MX09,20200811,44.938
maize,MX10,20200811,51.146
maize,MX11,20200811,70.371
maize,MX12,20200811,73.579
maize,MX13,20200811,54.268
maize,MX14,20200811,72.052
maize,MX15,20200811,62.306
maize,MX16,20200811,74.76
maize,MX17,20200811,72.06
maize,MX18,20200811,64.891
maize,MX19,20200811,46.497
maize,MX20,20200811,61.921
maize,MX21,20200811,59.918
maize,MX22,20200811,55.418
maize,MX23,20200811,80.284
maize,MX24,20200811,46.312
maize,MX25,20200811,26.456
maize,MX26,20200811,30.785
maize,MX27,20200811,62.421
maize,MX28,20200811,44.523
maize,MX29,20200811,60.064
maize,MX30,20200811,61.842
maize,MX31,20200811,61.558
maize,MX32,20200811,58.266
maize,MX01,20200821,59.922
maize,MX02,20200821,29.602
maize,MX03,20200821,19.742
maize,MX04,20200821,72.451
maize,MX05,20200821,38.869
maize,MX06,20200821,71.003
maize,MX07,20200821,70.173
maize,MX08,20200821,57.951
maize,MX09,20200821,46.366
maize,MX10,20200821,54.56
maize,MX11,20200821,70.846
maize,MX12,20200821,76.121
maize,MX13,20200821,54.825
maize,MX14,20200821,74.993
maize,MX15,20200821,63.548
maize,MX16,20200821,76.111
maize,MX17,20200821,75.254
maize,MX18,20200821,68.341
maize,MX19,20200821,47.528
maize,MX20,20200821,62.978
maize,MX21,20200821,62.013
maize,MX22,20200821,55.429
maize,MX23,20200821,80.836
maize,MX24,20200821,48.726
maize,MX25,20200821,27.346
maize,MX26,20200821,31.639
maize,MX27,20200821,62.906
maize,MX28,20200821,46.29
maize,MX29,20200821,61.887
maize,MX30,20200821,63.391
maize,MX31,20200821,64.02
maize,MX32,20200821,61.128
maize,MX01,20200901,60.357
maize,MX02,20200901,29.131
maize,MX03,20200901,20.772
maize,MX04,20200901,75.085
maize,MX05,20200901,39.568
maize,MX06,20200901,72.903
maize,MX07,20200901,70.707
maize,MX08,20200901,53.998
maize,MX09,20200901,47.479
maize,MX10,20200901,57.557
maize,MX11,20200901,69.548
maize,MX12,20200901,77.765
maize,MX13,20200901,54.755
maize,MX14,20200901,76.163
maize,MX15,20200901,63.843
maize,MX16,20200901,75.881
maize,MX17,20200901,76.68
maize,MX18,20200901,70.788
maize,MX19,20200901,48.195
maize,MX20,20200901,64.029
maize,MX21,20200901,63.124
maize,MX22,20200901,54.926
maize,MX23,20200901,80.967
maize,MX24,20200901,51.22
maize,MX25,20200901,28.329
maize,MX26,20200901,31.986
maize,MX27,20200901,62.865
maize,MX28,20200901,48.38
maize,MX29,20200901,62.041
maize,MX30,20200901,65.017
maize,MX31,20200901,66.95
maize,MX32,20200901,62.604
maize,MX01,20200911,59.02
maize,MX02,20200911,28.971
maize,MX03,20200911,22.522
maize,MX04,20200911,77.01
maize,MX05,20200911,40.052
maize,MX06,20200911,73.835
maize,MX07,20200911,70.792
maize,MX08,20200911,49.372
maize,MX09,20200911,47.869
maize,MX10,20200911,58.923
maize,MX11,20200911,66.448
maize,MX12,20200911,78.111
maize,MX13,20200911,53.86
maize,MX14,20200911,75.366
maize,MX15,20200911,62.941
maize,MX16,20200911,74.137
maize,MX17,20200911,76.377
maize,MX18,20200911,71.771
maize,MX19,20200911,48.266
maize,MX20,20200911,64.794
maize,MX21,20200911,62.84
maize,MX22,20200911,53.705
maize,MX23,20200911,80.892
maize,MX24,20200911,52.843
maize,MX25,20200911,28.855
maize,MX26,20200911,31.403
maize,MX27,20200911,62.643
maize,MX28,20200911,49.985
maize,MX29,20200911,60.408
maize,MX30,20200911,66.21
maize,MX31,20200911,69.684
maize,MX32,20200911,62.168
maize,MX01,20200921,55.621
maize,MX02,20200921,29.195
maize,MX03,20200921,24.52
maize,MX04,20200921,78.101
maize,MX05,20200921,39.966
maize,MX06,20200921,74.089
maize,MX07,20200921,70.263
maize,MX08,20200921,44.162
maize,MX09,20200921,47.407
maize,MX10,20200921,58.089
maize,MX11,20200921,61.43
maize,MX12,20200921,77.196
maize,MX13,20200921,51.918
maize,MX14,20200921,72.554
maize,MX15,20200921,60.443
maize,MX16,20200921,70.812
maize,MX17,20200921,74.546
maize,MX18,20200921,71.552
maize,MX19,20200921,47.25
maize,MX20,20200921,64.894
maize,MX21,20200921,61.067
maize,MX22,20200921,51.214
maize,MX23,20200921,80.543
maize,MX24,20200921,53.226
maize,MX25,20200921,28.551
maize,MX26,20200921,29.88
maize,MX27,20200921,62.333
maize,MX28,20200921,50.469
maize,MX29,20200921,56.923
maize,MX30,20200921,66.796
maize,MX31,20200921,71.772
maize,MX32,20200921,59.619
maize,MX01,20201001,50.121
maize,MX02,20201001,29.606
maize,MX03,20201001,26.378
maize,MX04,20201001,78.413
maize,MX05,20201001,38.933
maize,MX06,20201001,73.458
maize,MX07,20201001,69.164
maize,MX08,20201001,38.771
maize,MX09,20201001,45.427
maize,MX10,20201001,54.481
maize,MX11,20201001,54.877
maize,MX12,20201001,74.654
maize,MX13,20201001,49.149
maize,MX14,20201001,67.603
maize,MX15,20201001,56.364
maize,MX16,20201001,65.967
maize,MX17,20201001,71.18
maize,MX18,20201001,69.943
maize,MX19,20201001,44.842
maize,MX20,20201001,63.952
maize,MX21,20201001,57.672
maize,MX22,20201001,47.435
maize,MX23,20201001,80.29
maize,MX24,20201001,52.164
maize,MX25,20201001,27.229
maize,MX26,20201001,27.801
maize,MX27,20201001,62.042
maize,MX28,20201001,49.314
maize,MX29,20201001,51.602
maize,MX30,20201001,66.655
maize,MX31,20201001,72.986
maize,MX32,20201001,54.9
maize,MX01,20201011,43.855
maize,MX02,20201011,30.077
maize,MX03,20201011,27.702
maize,MX04,20201011,78.116
maize,MX05,20201011,37.212
maize,MX06,20201011,71.939
maize,MX07,20201011,67.609
maize,MX08,20201011,33.699
maize,MX09,20201011,42.459
maize,MX10,20201011,48.922
maize,MX11,20201011,47.876
maize,MX12,20201011,70.269
maize,MX13,20201011,46.01
maize,MX14,20201011,61.196
maize,MX15,20201011,51.271
maize,MX16,20201011,60.091
maize,MX17,20201011,66.337
maize,MX18,20201011,67.216
maize,MX19,20201011,41.615
maize,MX20,20201011,62.185
maize,MX21,20201011,53.057
maize,MX22,20201011,43.146
maize,MX23,20201011,79.895
maize,MX24,20201011,50.243
maize,MX25,20201011,25.451
maize,MX26,20201011,25.745
maize,MX27,20201011,61.914
maize,MX28,20201011,46.956
maize,MX29,20201011,45.23
maize,MX30,20201011,66.039
maize,MX31,20201011,73.769
maize,MX32,20201011,49.007
maize,MX01,20201021,38.122
maize,MX02,20201021,30.764
maize,MX03,20201021,28.554
maize,MX04,20201021,77.207
maize,MX05,20201021,35.128
maize,MX06,20201021,69.383
maize,MX07,20201021,65.643
maize,MX08,20201021,29.366
maize,MX09,20201021,38.846
maize,MX10,20201021,42.9
maize,MX11,20201021,41.46
maize,MX12,20201021,64.543
maize,MX13,20201021,42.933
maize,MX14,20201021,54.376
maize,MX15,20201021,46.091
maize,MX16,20201021,53.892
maize,MX17,20201021,60.48
maize,MX18,20201021,63.692
maize,MX19,20201021,38.282
maize,MX20,20201021,59.906
maize,MX21,20201021,47.974
maize,MX22,20201021,39.038
maize,MX23,20201021,79.442
maize,MX24,20201021,47.964
maize,MX25,20201021,24.052
maize,MX26,20201021,24.144
maize,MX27,20201021,61.786
maize,MX28,20201021,43.979
maize,MX29,20201021,39.106
maize,MX30,20201021,65.088
maize,MX31,20201021,74.086
maize,MX32,20201021,43.088
maize,MX01,20201101,33.159
maize,MX02,20201101,31.715
maize,MX03,20201101,28.942
maize,MX04,20201101,75.829
maize,MX05,20201101,32.809
maize,MX06,20201101,65.5
maize,MX07,20201101,63.051
maize,MX08,20201101,25.706
maize,MX09,20201101,34.757
maize,MX10,20201101,36.942
maize,MX11,20201101,35.596
maize,MX12,20201101,57.681
maize,MX13,20201101,39.862
maize,MX14,20201101,47.418
maize,MX15,20201101,40.839
maize,MX16,20201101,47.405
maize,MX17,20201101,53.699
maize,MX18,20201101,59.356
maize,MX19,20201101,34.986
maize,MX20,20201101,57.15
maize,MX21,20201101,42.503
maize,MX22,20201101,35.054
maize,MX23,20201101,79.31
maize,MX24,20201101,45.291
maize,MX25,20201101,23.704
maize,MX26,20201101,23.123
maize,MX27,20201101,60.981
maize,MX28,20201101,40.469
maize,MX29,20201101,33.412
maize,MX30,20201101,63.548
maize,MX31,20201101,74.267
maize,MX32,20201101,37.351
maize,MX01,20201111,30.146
maize,MX02,20201111,32.683
maize,MX03,20201111,29.239
maize,MX04,20201111,74.432
maize,MX05,20201111,30.891
maize,MX06,20201111,61.451
maize,MX07,20201111,60.422
maize,MX08,20201111,23.413
maize,MX09,20201111,31.478
maize,MX10,20201111,32.719
maize,MX11,20201111,31.583
maize,MX12,20201111,51.876
maize,MX13,20201111,37.697
maize,MX14,20201111,42.254
maize,MX15,20201111,36.862
maize,MX16,20201111,42.333
maize,MX17,20201111,48.041
maize,MX18,20201111,55.7
maize,MX19,20201111,32.556
maize,MX20,20201111,54.649
maize,MX21,20201111,38.151
maize,MX22,20201111,32.404
maize,MX23,20201111,79.185
maize,MX24,20201111,42.981
maize,MX25,20201111,24.888
maize,MX26,20201111,22.877
maize,MX27,20201111,59.625
maize,MX28,20201111,37.529
maize,MX29,20201111,29.457
maize,MX30,20201111,61.723
maize,MX31,20201111,74.176
maize,MX32,20201111,33.308
maize,MX01,20201121,28.296
maize,MX02,20201121,33.525
maize,MX03,20201121,29.702
maize,MX04,20201121,73.185
maize,MX05,20201121,29.284
maize,MX06,20201121,57.501
maize,MX07,20201121,57.628
maize,MX08,20201121,21.902
maize,MX09,20201121,28.836
maize,MX10,20201121,29.612
maize,MX11,20201121,28.739
maize,MX12,20201121,46.98
maize,MX13,20201121,36.293
maize,MX14,20201121,38.289
maize,MX15,20201121,33.707
maize,MX16,20201121,38.245
maize,MX17,20201121,43.279
maize,MX18,20201121,52.782
maize,MX19,20201121,30.634
maize,MX20,20201121,52.366
maize,MX21,20201121,34.653
maize,MX22,20201121,30.648
maize,MX23,20201121,79.253
maize,MX24,20201121,40.832
maize,MX25,20201121,27.502
maize,MX26,20201121,23.263
maize,MX27,20201121,58.15
maize,MX28,20201121,34.907
maize,MX29,20201121,26.656
maize,MX30,20201121,59.544
maize,MX31,20201121,73.767
maize,MX32,20201121,30.229
maize,MX01,20201201,27.167
maize,MX02,20201201,34.166
maize,MX03,20201201,30.31
maize,MX04,20201201,72.179
maize,MX05,20201201,28.077
maize,MX06,20201201,53.948
maize,MX07,20201201,54.8
maize,MX08,20201201,20.863
maize,MX09,20201201,26.75
maize,MX10,20201201,27.34
maize,MX11,20201201,26.895
maize,MX12,20201201,43.218
maize,MX13,20201201,35.394
maize,MX14,20201201,35.352
maize,MX15,20201201,31.17
maize,MX16,20201201,35.154
maize,MX17,20201201,39.497
maize,MX18,20201201,50.9
maize,MX19,20201201,29.103
maize,MX20,20201201,50.12
maize,MX21,20201201,31.962
maize,MX22,20201201,29.617
maize,MX23,20201201,79.505
maize,MX24,20201201,38.771
maize,MX25,20201201,31.285
maize,MX26,20201201,24.336
maize,MX27,20201201,56.786
maize,MX28,20201201,32.593
maize,MX29,20201201,24.706
maize,MX30,20201201,56.821
maize,MX31,20201201,72.695
maize,MX32,20201201,27.834
maize,MX01,20201211,26.428
maize,MX02,20201211,34.758
maize,MX03,20201211,30.941
maize,MX04,20201211,71.508
maize,MX05,20201211,27.247
maize,MX06,20201211,50.835
maize,MX07,20201211,52.26
maize,MX08,20201211,20.029
maize,MX09,20201211,25.237
maize,MX10,20201211,25.492
maize,MX11,20201211,26.017
maize,MX12,20201211,40.477
maize,MX13,20201211,34.857
maize,MX14,20201211,33.138
maize,MX15,20201211,29.092
maize,MX16,20201211,32.954
maize,MX17,20201211,36.555
maize,MX18,20201211,49.927
maize,MX19,20201211,27.685
maize,MX20,20201211,48.039
maize,MX21,20201211,29.934
maize,MX22,20201211,29.164
maize,MX23,20201211,79.949
maize,MX24,20201211,36.737
maize,MX25,20201211,35.867
maize,MX26,20201211,26.231
maize,MX27,20201211,55.912
maize,MX28,20201211,30.469
maize,MX29,20201211,23.324
maize,MX30,20201211,53.705
maize,MX31,20201211,71.247
maize,MX32,20201211,25.817
maize,MX01,20201221,25.793
maize,MX02,20201221,35.671
maize,MX03,20201221,31.441
maize,MX04,20201221,70.973
maize,MX05,20201221,26.773
maize,MX06,20201221,48.111
maize,MX07,20201221,50.116
maize,MX08,20201221,19.328
maize,MX09,20201221,23.832
maize,MX10,20201221,23.993
maize,MX11,20201221,26.022
maize,MX12,20201221,38.544
maize,MX13,20201221,34.405
maize,MX14,20201221,31.443
maize,MX15,20201221,27.192
maize,MX16,20201221,31.565
maize,MX17,20201221,34.25
maize,MX18,20201221,49.346
maize,MX19,20201221,26.298
maize,MX20,20201221,46.117
maize,MX21,20201221,28.244
maize,MX22,20201221,29.078
maize,MX23,20201221,80.747
maize,MX24,20201221,34.744
maize,MX25,20201221,40.666
maize,MX26,20201221,28.958
maize,MX27,20201221,55.664
maize,MX28,20201221,28.536
maize,MX29,20201221,22.146
maize,MX30,20201221,50.451
maize,MX31,20201221,69.605
maize,MX32,20201221,24.138
maize,MX01,20210101,25.102
maize,MX02,20210101,37.318
maize,MX03,20210101,31.709
maize,MX04,20210101,70.255
maize,MX05,20210101,26.484
maize,MX06,20210101,45.408
maize,MX07,20210101,48.275
maize,MX08,20210101,18.674
maize,MX09,20210101,21.927
maize,MX10,20210101,22.565
maize,MX11,20210101,26.968
maize,MX12,20210101,37.06
maize,MX13,20210101,33.953
maize,MX14,20210101,29.958
maize,MX15,20210101,25.256
maize,MX16,20210101,30.875
maize,MX17,20210101,32.299
maize,MX18,20210101,48.551
maize,MX19,20210101,24.716
maize,MX20,20210101,44.317
maize,MX21,20210101,26.654
maize,MX22,20210101,29.337
maize,MX23,20210101,81.479
maize,MX24,20210101,32.672
maize,MX25,20210101,45.724
maize,MX26,20210101,32.876
maize,MX27,20210101,55.957
maize,MX28,20210101,26.707
maize,MX29,20210101,20.881
maize,MX30,20210101,47.382
maize,MX31,20210101,68.021
maize,MX32,20210101,22.584
maize,MX01,20210111,24.616
maize,MX02,20210111,39.509
maize,MX03,20210111,31.642
maize,MX04,20210111,69.553
maize,MX05,20210111,26.427
maize,MX06,20210111,43.154
maize,MX07,20210111,47.032
maize,MX08,20210111,18.115
maize,MX09,20210111,20.263
maize,MX10,20210111,21.465
maize,MX11,20210111,28.64
maize,MX12,20210111,35.971
maize,MX13,20210111,33.845
maize,MX14,20210111,28.951
maize,MX15,20210111,23.742
maize,MX16,20210111,30.962
maize,MX17,20210111,30.739
maize,MX18,20210111,47.396
maize,MX19,20210111,23.323
maize,MX20,20210111,43.058
maize,MX21,20210111,25.449
maize,MX22,20210111,30.101
maize,MX23,20210111,82.038
maize,MX24,20210111,31.113
maize,MX25,20210111,49.956
maize,MX26,20210111,37.044
maize,MX27,20210111,56.771
maize,MX28,20210111,25.526
maize,MX29,20210111,19.92
maize,MX30,20210111,45.438
maize,MX31,20210111,67.314
maize,MX32,20210111,21.492
maize,MX01,20210121,24.321
maize,MX02,20210121,42.092
maize,MX03,20210121,31.414
maize,MX04,20210121,68.93
maize,MX05,20210121,26.534
maize,MX06,20210121,41.089
maize,MX07,20210121,46.073
maize,MX08,20210121,17.611
maize,MX09,20210121,18.842
maize,MX10,20210121,20.701
maize,MX11,20210121,30.794
maize,MX12,20210121,34.965
maize,MX13,20210121,33.997
maize,MX14,20210121,28.297
maize,MX15,20210121,22.575
maize,MX16,20210121,31.649
maize,MX17,20210121,29.336
maize,MX18,20210121,45.792
maize,MX19,20210121,22.079
maize,MX20,20210121,42.078
maize,MX21,20210121,24.426
maize,MX22,20210121,31.281
maize,MX23,20210121,82.341
maize,MX24,20210121,29.918
maize,MX25,20210121,53.851
maize,MX26,20210121,41.533
maize,MX27,20210121,57.891
maize,MX28,20210121,24.788
maize,MX29,20210121,19.156
maize,MX30,20210121,44.389
maize,MX31,20210121,67.434
maize,MX32,20210121,20.741
maize,MX01,20210201,24.038
maize,MX02,20210201,44.554
maize,MX03,20210201,31.119
maize,MX04,20210201,67.778
maize,MX05,20210201,26.785
maize,MX06,20210201,38.88
maize,MX07,20210201,45.002
maize,MX08,20210201,17.218
maize,MX09,20210201,17.608
maize,MX10,20210201,20.346
maize,MX11,20210201,33.008
maize,MX12,20210201,33.736
maize,MX13,20210201,34.027
maize,MX14,20210201,27.795
maize,MX15,20210201,21.552
maize,MX16,20210201,32.613
maize,MX17,20210201,27.786
maize,MX18,20210201,43.555
maize,MX19,20210201,20.977
maize,MX20,20210201,40.989
maize,MX21,20210201,23.35
maize,MX22,20210201,32.573
maize,MX23,20210201,82.127
maize,MX24,20210201,28.877
maize,MX25,20210201,57.527
maize,MX26,20210201,46.446
maize,MX27,20210201,58.782
maize,MX28,20210201,24.328
maize,MX29,20210201,18.39
maize,MX30,20210201,43.709
maize,MX31,20210201,68.23
maize,MX32,20210201,20.21
maize,MX01,20210211,23.642
maize,MX02,20210211,46.335
maize,MX03,20210211,30.842
maize,MX04,20210211,66.272
maize,MX05,20210211,26.78
maize,MX06,20210211,36.867
maize,MX07,20210211,43.847
maize,MX08,20210211,17.112
maize,MX09,20210211,16.714
maize,MX10,20210211,20.425
maize,MX11,20210211,34.306
maize,MX12,20210211,32.39
maize,MX13,20210211,33.537
maize,MX14,20210211,27.327
maize,MX15,20210211,20.791
maize,MX16,20210211,33.2
maize,MX17,20210211,26.407
maize,MX18,20210211,41.19
maize,MX19,20210211,20.105
maize,MX20,20210211,39.729
maize,MX21,20210211,22.367
maize,MX22,20210211,33.196
maize,MX23,20210211,81.177
maize,MX24,20210211,28.002
maize,MX25,20210211,60.038
maize,MX26,20210211,50.443
maize,MX27,20210211,58.699
maize,MX28,20210211,24.131
maize,MX29,20210211,17.698
maize,MX30,20210211,42.923
maize,MX31,20210211,69.103
maize,MX32,20210211,19.884
maize,MX01,20210221,23.073
maize,MX02,20210221,47.564
maize,MX03,20210221,30.35
maize,MX04,20210221,64.25
maize,MX05,20210221,26.388
maize,MX06,20210221,34.817
maize,MX07,20210221,42.577
maize,MX08,20210221,17.184
maize,MX09,20210221,16.035
maize,MX10,20210221,20.745
maize,MX11,20210221,34.687
maize,MX12,20210221,30.919
maize,MX13,20210221,32.621
maize,MX14,20210221,26.711
maize,MX15,20210221,20.189
maize,MX16,20210221,33.234
maize,MX17,20210221,25.204
maize,MX18,20210221,38.576
maize,MX19,20210221,19.379
maize,MX20,20210221,38.071
maize,MX21,20210221,21.434
maize,MX22,20210221,33.082
maize,MX23,20210221,79.362
maize,MX24,20210221,27.066
maize,MX25,20210221,61.463
maize,MX26,20210221,53.569
maize,MX27,20210221,57.718
maize,MX28,20210221,24.122
maize,MX29,20210221,17.062
maize,MX30,20210221,41.624
maize,MX31,20210221,69.958
maize,MX32,20210221,19.646
maize,MX01,20210301,22.556
maize,MX02,20210301,48.189
maize,MX03,20210301,29.896
maize,MX04,20210301,62.235
maize,MX05,20210301,25.898
maize,MX06,20210301,33.356
maize,MX07,20210301,41.573
maize,MX08,20210301,17.363
maize,MX09,20210301,15.715
maize,MX10,20210301,21.137
maize,MX11,20210301,34.338
maize,MX12,20210301,29.785
maize,MX13,20210301,31.71
maize,MX14,20210301,26.131
maize,MX15,20210301,19.87
maize,MX16,20210301,32.859
maize,MX17,20210301,24.392
maize,MX18,20210301,36.501
maize,MX19,20210301,18.983
maize,MX20,20210301,36.592
maize,MX21,20210301,20.773
maize,MX22,20210301,32.476
maize,MX23,20210301,77.39
maize,MX24,20210301,26.251
maize,MX25,20210301,61.851
maize,MX26,20210301,55.346
maize,MX27,20210301,56.431
maize,MX28,20210301,24.33
maize,MX29,20210301,16.631
maize,MX30,20210301,40.257
maize,MX31,20210301,70.341
maize,MX32,20210301,19.522
maize,MX01,20210311,21.881
maize,MX02,20210311,48.543
maize,MX03,20210311,29.288
maize,MX04,20210311,59.352
maize,MX05,20210311,25.266
maize,MX06,20210311,31.906
maize,MX07,20210311,40.369
maize,MX08,20210311,17.725
maize,MX09,20210311,15.71
maize,MX10,20210311,21.724
maize,MX11,20210311,33.163
maize,MX12,20210311,28.555
maize,MX13,20210311,30.692
maize,MX14,20210311,25.381
maize,MX15,20210311,19.684
maize,MX16,20210311,31.978
maize,MX17,20210311,23.607
maize,MX18,20210311,34.188
maize,MX19,20210311,18.851
maize,MX20,20210311,34.777
maize,MX21,20210311,20.179
maize,MX22,20210311,31.143
maize,MX23,20210311,74.419
maize,MX24,20210311,25.319
maize,MX25,20210311,61.62
maize,MX26,20210311,56.741
maize,MX27,20210311,54.385
maize,MX28,20210311,25.11
maize,MX29,20210311,16.325
maize,MX30,20210311,38.286
maize,MX31,20210311,70.532
maize,MX32,20210311,19.505
maize,MX01,20210321,21.194
maize,MX02,20210321,48.536
maize,MX03,20210321,28.442
maize,MX04,20210321,55.992
maize,MX05,20210321,24.594
maize,MX06,20210321,30.859
maize,MX07,20210321,39.217
maize,MX08,20210321,18.212
maize,MX09,20210321,15.827
maize,MX10,20210321,22.344
maize,MX11,20210321,31.276
maize,MX12,20210321,27.488
maize,MX13,20210321,29.951
maize,MX14,20210321,24.608
maize,MX15,20210321,19.727
maize,MX16,20210321,30.656
maize,MX17,20210321,22.941
maize,MX18,20210321,32.278
maize,MX19,20210321,19.209
maize,MX20,20210321,33.115
maize,MX21,20210321,19.819
maize,MX22,20210321,29.342
maize,MX23,20210321,70.706
maize,MX24,20210321,24.583
maize,MX25,20210321,60.727
maize,MX26,20210321,57.124
maize,MX27,20210321,52.199
maize,MX28,20210321,26.543
maize,MX29,20210321,16.235
maize,MX30,20210321,36.175
maize,MX31,20210321,69.754
maize,MX32,20210321,19.634
maize,MX01,20210401,20.521
maize,MX02,20210401,48.03
maize,MX03,20210401,27.577
maize,MX04,20210401,52.355
maize,MX05,20210401,24.013
maize,MX06,20210401,30.114
maize,MX07,20210401,38.263
maize,MX08,20210401,18.824
maize,MX09,20210401,16.201
maize,MX10,20210401,22.898
maize,MX11,20210401,28.673
maize,MX12,20210401,26.62
maize,MX13,20210401,29.726
maize,MX14,20210401,23.789
maize,MX15,20210401,20.053
maize,MX16,20210401,28.831
maize,MX17,20210401,22.463
maize,MX18,20210401,30.783
maize,MX19,20210401,20.043
maize,MX20,20210401,32.057
maize,MX21,20210401,19.865
maize,MX22,20210401,27.184
maize,MX23,20210401,66.205
maize,MX24,20210401,24.237
maize,MX25,20210401,59.011
maize,MX26,20210401,56.022
maize,MX27,20210401,49.941
maize,MX28,20210401,29.033
maize,MX29,20210401,16.488
maize,MX30,20210401,34.474
maize,MX31,20210401,67.894
maize,MX32,20210401,19.841
maize,MX01,20210411,20.056
maize,MX02,20210411,47.243
maize,MX03,20210411,26.814
maize,MX04,20210411,49.809
maize,MX05,20210411,23.896
maize,MX06,20210411,29.594
maize,MX07,20210411,38.011
maize,MX08,20210411,19.367
maize,MX09,20210411,16.753
maize,MX10,20210411,23.061
maize,MX11,20210411,26.242
maize,MX12,20210411,26.19
maize,MX13,20210411,30.164
maize,MX14,20210411,23.02
maize,MX15,20210411,20.522
maize,MX16,20210411,27.051
maize,MX17,20210411,22.382
maize,MX18,20210411,29.748
maize,MX19,20210411,21.112
maize,MX20,20210411,31.975
maize,MX21,20210411,20.333
maize,MX22,20210411,25.637
maize,MX23,20210411,62.162
maize,MX24,20210411,24.487
maize,MX25,20210411,56.611
maize,MX26,20210411,53.595
maize,MX27,20210411,48.267
maize,MX28,20210411,31.93
maize,MX29,20210411,16.859
maize,MX30,20210411,33.71
maize,MX31,20210411,65.376
maize,MX32,20210411,19.834
maize,MX01,20210421,19.715
maize,MX02,20210421,46.188
maize,MX03,20210421,26.151
maize,MX04,20210421,48.589
maize,MX05,20210421,24.419
maize,MX06,20210421,29.026
maize,MX07,20210421,38.804
maize,MX08,20210421,19.779
maize,MX09,20210421,17.651
maize,MX10,20210421,22.849
maize,MX11,20210421,24.203
maize,MX12,20210421,26.454
maize,MX13,20210421,31.323
maize,MX14,20210421,22.339
maize,MX15,20210421,21.3
maize,MX16,20210421,25.477
maize,MX17,20210421,22.869
maize,MX18,20210421,28.816
maize,MX19,20210421,22.412
maize,MX20,20210421,32.981
maize,MX21,20210421,21.448
maize,MX22,20210421,24.974
maize,MX23,20210421,58.118
maize,MX24,20210421,25.19
maize,MX25,20210421,53.17
maize,MX26,20210421,50.168
maize,MX27,20210421,47.58
maize,MX28,20210421,34.939
maize,MX29,20210421,17.527
maize,MX30,20210421,33.878
maize,MX31,20210421,62.743
maize,MX32,20210421,19.652
maize,MX01,20210501,19.781
maize,MX02,20210501,44.919
maize,MX03,20210501,25.962
maize,MX04,20210501,48.984
maize,MX05,20210501,25.666
maize,MX06,20210501,28.696
maize,MX07,20210501,40.977
maize,MX08,20210501,20.191
maize,MX09,20210501,19.249
maize,MX10,20210501,22.307
maize,MX11,20210501,23.412
maize,MX12,20210501,27.789
maize,MX13,20210501,33.392
maize,MX14,20210501,22.134
maize,MX15,20210501,22.861
maize,MX16,20210501,24.763
maize,MX17,20210501,24.291
maize,MX18,20210501,28.165
maize,MX19,20210501,24.238
maize,MX20,20210501,35.254
maize,MX21,20210501,23.51
maize,MX22,20210501,25.822
maize,MX23,20210501,54.986
maize,MX24,20210501,26.688
maize,MX25,20210501,48.757
maize,MX26,20210501,46.352
maize,MX27,20210501,48.179
maize,MX28,20210501,37.942
maize,MX29,20210501,18.875
maize,MX30,20210501,35.082
maize,MX31,20210501,60.436
maize,MX32,20210501,19.518
maize,MX01,20210511,20.325
maize,MX02,20210511,43.49
maize,MX03,20210511,25.944
maize,MX04,20210511,50.78
maize,MX05,20210511,27.587
maize,MX06,20210511,28.822
maize,MX07,20210511,44.328
maize,MX08,20210511,20.951
maize,MX09,20210511,21.55
maize,MX10,20210511,21.743
maize,MX11,20210511,24.209
maize,MX12,20210511,30.439
maize,MX13,20210511,36.138
maize,MX14,20210511,22.646
maize,MX15,20210511,25.298
maize,MX16,20210511,25.264
maize,MX17,20210511,26.863
maize,MX18,20210511,28.001
maize,MX19,20210511,26.519
maize,MX20,20210511,38.705
maize,MX21,20210511,26.621
maize,MX22,20210511,28.306
maize,MX23,20210511,52.749
maize,MX24,20210511,28.88
maize,MX25,20210511,43.644
maize,MX26,20210511,42.548
maize,MX27,20210511,50.174
maize,MX28,20210511,40.719
maize,MX29,20210511,21.237
maize,MX30,20210511,37.35
maize,MX31,20210511,58.809
maize,MX32,20210511,19.683
maize,MX01,20210521,21.552
maize,MX02,20210521,42.07
maize,MX03,20210521,26.031
maize,MX04,20210521,53.548
maize,MX05,20210521,29.908
maize,MX06,20210521,29.942
maize,MX07,20210521,48.429
maize,MX08,20210521,22.607
maize,MX09,20210521,24.967
maize,MX10,20210521,21.456
maize,MX11,20210521,26.901
maize,MX12,20210521,34.536
maize,MX13,20210521,39.458
maize,MX14,20210521,24.276
maize,MX15,20210521,28.851
maize,MX16,20210521,27.402
maize,MX17,20210521,30.602
maize,MX18,20210521,28.846
maize,MX19,20210521,29.337
maize,MX20,20210521,43.13
maize,MX21,20210521,30.813
maize,MX22,20210521,32.403
maize,MX23,20210521,51.984
maize,MX24,20210521,31.678
maize,MX25,20210521,38.316
maize,MX26,20210521,38.915
maize,MX27,20210521,53.196
maize,MX28,20210521,43.119
maize,MX29,20210521,25.011
maize,MX30,20210521,40.865
maize,MX31,20210521,57.861
maize,MX32,20210521,20.463
maize,MX01,20210601,24.374
maize,MX02,20210601,40.615
maize,MX03,20210601,25.98
maize,MX04,20210601,56.663
maize,MX05,20210601,32.703
maize,MX06,20210601,32.982
maize,MX07,20210601,53.003
maize,MX08,20210601,26.344
maize,MX09,20210601,29.795
maize,MX10,20210601,22.299
maize,MX11,20210601,32.214
maize,MX12,20210601,40.41
maize,MX13,20210601,43.691
maize,MX14,20210601,28.076
maize,MX15,20210601,34.145
maize,MX16,20210601,32.014
maize,MX17,20210601,35.703
maize,MX18,20210601,31.718
maize,MX19,20210601,32.875
maize,MX20,20210601,48.42
maize,MX21,20210601,36.327
maize,MX22,20210601,38.204
maize,MX23,20210601,52.977
maize,MX24,20210601,35.301
maize,MX25,20210601,32.985
maize,MX26,20210601,35.39
maize,MX27,20210601,56.78
maize,MX28,20210601,45.063
maize,MX29,20210601,30.91
maize,MX30,20210601,45.728
maize,MX31,20210601,57.722
maize,MX32,20210601,22.757
maize,MX01,20210611,28.796
maize,MX02,20210611,39.118
maize,MX03,20210611,25.78
maize,MX04,20210611,59.294
maize,MX05,20210611,35.28
maize,MX06,20210611,37.707
maize,MX07,20210611,56.56
maize,MX08,20210611,31.916
maize,MX09,20210611,35.073
maize,MX10,20210611,24.969
maize,MX11,20210611,38.994
maize,MX12,20210611,46.378
maize,MX13,20210611,48.1
maize,MX14,20210611,33.67
maize,MX15,20210611,40.073
maize,MX16,20210611,38.232
maize,MX17,20210611,40.494
maize,MX18,20210611,36.471
maize,MX19,20210611,36.471
maize,MX20,20210611,52.841
maize,MX21,20210611,41.551
maize,MX22,20210611,44.162
maize,MX23,20210611,55.576
maize,MX24,20210611,39.034
maize,MX25,20210611,29.119
maize,MX26,20210611,33.094
maize,MX27,20210611,59.695
maize,MX28,20210611,46.225
maize,MX29,20210611,37.58
maize,MX30,20210611,50.384
maize,MX31,20210611,58.342
maize,MX32,20210611,26.788
maize,MX01,20210621,34.944
maize,MX02,20210621,37.291
maize,MX03,20210621,25.471
maize,MX04,20210621,61.747
maize,MX05,20210621,37.746
maize,MX06,20210621,43.977
maize,MX07,20210621,59.349
maize,MX08,20210621,39.409
maize,MX09,20210621,40.463
maize,MX10,20210621,29.882
maize,MX11,20210621,46.872
maize,MX12,20210621,52.262
maize,MX13,20210621,52.634
maize,MX14,20210621,40.913
maize,MX15,20210621,46.533
maize,MX16,20210621,45.781
maize,MX17,20210621,44.89
maize,MX18,20210621,42.731
maize,MX19,20210621,40.452
maize,MX20,20210621,56.374
maize,MX21,20210621,46.492
maize,MX22,20210621,50.104
maize,MX23,20210621,59.679
maize,MX24,20210621,43.048
maize,MX25,20210621,26.591
maize,MX26,20210621,32.277
maize,MX27,20210621,62.021
maize,MX28,20210621,47.058
maize,MX29,20210621,44.862
maize,MX30,20210621,54.787
maize,MX31,20210621,59.445
maize,MX32,20210621,32.647
maize,MX01,20210701,42.295
maize,MX02,20210701,35.208
maize,MX03,20210701,25.167
maize,MX04,20210701,63.886
maize,MX05,20210701,40.008
maize,MX06,20210701,50.96
maize,MX07,20210701,61.406
maize,MX08,20210701,47.939
maize,MX09,20210701,45.117
maize,MX10,20210701,36.805
maize,MX11,20210701,54.906
maize,MX12,20210701,57.6
maize,MX13,20210701,56.785
maize,MX14,20210701,49.196
maize,MX15,20210701,52.926
maize,MX16,20210701,53.857
maize,MX17,20210701,48.987
maize,MX18,20210701,49.507
maize,MX19,20210701,44.49
maize,MX20,20210701,58.62
maize,MX21,20210701,50.867
maize,MX22,20210701,55.366
maize,MX23,20210701,64.642
maize,MX24,20210701,46.962
maize,MX25,20210701,25.41
maize,MX26,20210701,33.09
maize,MX27,20210701,63.242
maize,MX28,20210701,47.879
maize,MX29,20210701,51.966
maize,MX30,20210701,58.33
maize,MX31,20210701,60.93
maize,MX32,20210701,39.952
maize,MX01,20210711,49.652
maize,MX02,20210711,33.044
maize,MX03,20210711,24.673
maize,MX04,20210711,65.963
maize,MX05,20210711,41.92
maize,MX06,20210711,57.5
maize,MX07,20210711,63.086
maize,MX08,20210711,56.24
maize,MX09,20210711,48.671
maize,MX10,20210711,44.702
maize,MX11,20210711,62.045
maize,MX12,20210711,62.299
maize,MX13,20210711,59.784
maize,MX14,20210711,57.459
maize,MX15,20210711,58.414
maize,MX16,20210711,61.458
maize,MX17,20210711,53.178
maize,MX18,20210711,55.606
maize,MX19,20210711,47.792
maize,MX20,20210711,59.637
maize,MX21,20210711,54.489
maize,MX22,20210711,59.133
maize,MX23,20210711,70.018
maize,MX24,20210711,50.233
maize,MX25,20210711,25.552
maize,MX26,20210711,35.154
maize,MX27,20210711,63.744
maize,MX28,20210711,48.669
maize,MX29,20210711,58.049
maize,MX30,20210711,60.894
maize,MX31,20210711,62.546
maize,MX32,20210711,47.579
maize,MX01,20210721,55.808
maize,MX02,20210721,31.124
maize,MX03,20210721,24.398
maize,MX04,20210721,68.18
maize,MX05,20210721,43.308
maize,MX06,20210721,62.825
maize,MX07,20210721,64.833
maize,MX08,20210721,63.394
maize,MX09,20210721,51.088
maize,MX10,20210721,52.086
maize,MX11,20210721,67.491
maize,MX12,20210721,66.548
maize,MX13,20210721,61.388
maize,MX14,20210721,64.74
maize,MX15,20210721,62.415
maize,MX16,20210721,67.754
maize,MX17,20210721,57.81
maize,MX18,20210721,60.36
maize,MX19,20210721,49.644
maize,MX20,20210721,59.946
maize,MX21,20210721,57.445
maize,MX22,20210721,61.173
maize,MX23,20210721,75.123
maize,MX24,20210721,52.489
maize,MX25,20210721,26.731
maize,MX26,20210721,37.635
maize,MX27,20210721,63.681
maize,MX28,20210721,49.072
maize,MX29,20210721,62.496
maize,MX30,20210721,62.537
maize,MX31,20210721,64.403
maize,MX32,20210721,54.434
maize,MX01,20210801,60.294
maize,MX02,20210801,29.614
maize,MX03,20210801,24.8
maize,MX04,20210801,70.594
maize,MX05,20210801,44.244
maize,MX06,20210801,67.164
maize,MX07,20210801,66.805
maize,MX08,20210801,69.44
maize,MX09,20210801,52.646
maize,MX10,20210801,58.422
maize,MX11,20210801,71.246
maize,MX12,20210801,70.925
maize,MX13,20210801,61.704
maize,MX14,20210801,70.754
maize,MX15,20210801,65.03
maize,MX16,20210801,72.634
maize,MX17,20210801,63.47
maize,MX18,20210801,64.007
maize,MX19,20210801,49.7
maize,MX20,20210801,60.112
maize,MX21,20210801,60.095
maize,MX22,20210801,61.642
maize,MX23,20210801,79.324
maize,MX24,20210801,53.851
maize,MX25,20210801,28.997
maize,MX26,20210801,40.176
maize,MX27,20210801,63.196
maize,MX28,20210801,48.932
maize,MX29,20210801,65.22
maize,MX30,20210801,63.422
maize,MX31,20210801,66.245
maize,MX32,20210801,60.191
maize,MX01,20210811,62.428
maize,MX02,20210811,28.514
maize,MX03,20210811,25.994
maize,MX04,20210811,72.972
maize,MX05,20210811,44.488
maize,MX06,20210811,69.99
maize,MX07,20210811,68.593
maize,MX08,20210811,72.974
maize,MX09,20210811,53.675
maize,MX10,20210811,62.394
maize,MX11,20210811,72.733
maize,MX12,20210811,74.455
maize,MX13,20210811,61.14
maize,MX14,20210811,74.233
maize,MX15,20210811,66.135
maize,MX16,20210811,75.199
maize,MX17,20210811,68.461
maize,MX18,20210811,66.218
maize,MX19,20210811,48.45
maize,MX20,20210811,60.677
maize,MX21,20210811,62.181
maize,MX22,20210811,61.155
maize,MX23,20210811,81.885
maize,MX24,20210811,54.72
maize,MX25,20210811,31.535
maize,MX26,20210811,41.887
maize,MX27,20210811,62.454
maize,MX28,20210811,48.532
maize,MX29,20210811,65.999
maize,MX30,20210811,63.788
maize,MX31,20210811,67.723
maize,MX32,20210811,63.722
maize,MX01,20210821,63.064
maize,MX02,20210821,27.69
maize,MX03,20210821,27.803
maize,MX04,20210821,75.401
maize,MX05,20210821,44.064
maize,MX06,20210821,71.931
maize,MX07,20210821,70.101
maize,MX08,20210821,74.208
maize,MX09,20210821,54.324
maize,MX10,20210821,64.686
maize,MX11,20210821,72.572
maize,MX12,20210821,77.136
maize,MX13,20210821,60.145
maize,MX14,20210821,75.866
maize,MX15,20210821,66.292
maize,MX16,20210821,76.123
maize,MX17,20210821,72.461
maize,MX18,20210821,67.625
maize,MX19,20210821,46.669
maize,MX20,20210821,61.737
maize,MX21,20210821,63.989
maize,MX22,20210821,60.359
maize,MX23,20210821,83.193
maize,MX24,20210821,55.821
maize,MX25,20210821,33.851
maize,MX26,20210821,42.688
maize,MX27,20210821,61.751
maize,MX28,20210821,48.342
maize,MX29,20210821,65.551
maize,MX30,20210821,64.231
maize,MX31,20210821,69.098
maize,MX32,20210821,65.723
maize,MX01,20210901,62.801
maize,MX02,20210901,27.098
maize,MX03,20210901,29.788
maize,MX04,20210901,77.904
maize,MX05,20210901,43.01
maize,MX06,20210901,73.441
maize,MX07,20210901,71.147
maize,MX08,20210901,72.427
maize,MX09,20210901,54.18
maize,MX10,20210901,65.429
maize,MX11,20210901,70.905
maize,MX12,20210901,78.801
maize,MX13,20210901,58.673
maize,MX14,20210901,76.063
maize,MX15,20210901,65.615
maize,MX16,20210901,75.603
maize,MX17,20210901,75.332
maize,MX18,20210901,68.543
maize,MX19,20210901,44.909
maize,MX20,20210901,63.333
maize,MX21,20210901,65.308
maize,MX22,20210901,59.358
maize,MX23,20210901,83.868
maize,MX24,20210901,57.471
maize,MX25,20210901,35.668
maize,MX26,20210901,42.432
maize,MX27,20210901,61.256
maize,MX28,20210901,48.477
maize,MX29,20210901,63.833
maize,MX30,20210901,64.961
maize,MX31,20210901,70.766
maize,MX32,20210901,66.537
maize,MX01,20210911,61.771
maize,MX02,20210911,26.908
maize,MX03,20210911,30.952
maize,MX04,20210911,79.523
maize,MX05,20210911,41.68
maize,MX06,20210911,74.205
maize,MX07,20210911,71.381
maize,MX08,20210911,67.8
maize,MX09,20210911,53.343
maize,MX10,20210911,64.39
maize,MX11,20210911,68.168
maize,MX12,20210911,78.916
maize,MX13,20210911,56.927
maize,MX14,20210911,75.027
maize,MX15,20210911,64.236
maize,MX16,20210911,73.881
maize,MX17,20210911,76.305
maize,MX18,20210911,68.833
maize,MX19,20210911,43.938
maize,MX20,20210911,64.646
maize,MX21,20210911,65.347
maize,MX22,20210911,57.944
maize,MX23,20210911,83.77
maize,MX24,20210911,58.984
maize,MX25,20210911,36.016
maize,MX26,20210911,41.113
maize,MX27,20210911,61.323
maize,MX28,20210911,48.909
maize,MX29,20210911,61.243
maize,MX30,20210911,65.809
maize,MX31,20210911,72.154
maize,MX32,20210911,65.999
maize,MX01,20210921,59.614
maize,MX02,20210921,27.057
maize,MX03,20210921,31.19
maize,MX04,20210921,80.315
maize,MX05,20210921,40.083
maize,MX06,20210921,74.506
maize,MX07,20210921,70.874
maize,MX08,20210921,60.811
maize,MX09,20210921,51.553
maize,MX10,20210921,61.591
maize,MX11,20210921,64.257
maize,MX12,20210921,77.557
maize,MX13,20210921,54.843
maize,MX14,20210921,72.845
maize,MX15,20210921,62.062
maize,MX16,20210921,71.046
maize,MX17,20210921,75.565
maize,MX18,20210921,68.527
maize,MX19,20210921,43.48
maize,MX20,20210921,65.488
maize,MX21,20210921,63.894
maize,MX22,20210921,55.608
maize,MX23,20210921,83.201
maize,MX24,20210921,60.016
maize,MX25,20210921,34.87
maize,MX26,20210921,38.741
maize,MX27,20210921,62.039
maize,MX28,20210921,49.437
maize,MX29,20210921,57.808
maize,MX30,20210921,66.63
maize,MX31,20210921,73.252
maize,MX32,20210921,64.114
maize,MX01,20211001,56.165
maize,MX02,20211001,27.525
maize,MX03,20211001,30.79
maize,MX04,20211001,80.155
maize,MX05,20211001,38.269
maize,MX06,20211001,74.274
maize,MX07,20211001,69.588
maize,MX08,20211001,52.49
maize,MX09,20211001,48.812
maize,MX10,20211001,57.315
maize,MX11,20211001,59.243
maize,MX12,20211001,74.551
maize,MX13,20211001,52.32
maize,MX14,20211001,69.462
maize,MX15,20211001,58.938
maize,MX16,20211001,67.135
maize,MX17,20211001,72.804
maize,MX18,20211001,67.518
maize,MX19,20211001,43.184
maize,MX20,20211001,65.385
maize,MX21,20211001,60.678
maize,MX22,20211001,52.23
maize,MX23,20211001,82.313
maize,MX24,20211001,59.995
maize,MX25,20211001,32.452
maize,MX26,20211001,35.51
maize,MX27,20211001,63.079
maize,MX28,20211001,49.644
maize,MX29,20211001,53.407
maize,MX30,20211001,67.007
maize,MX31,20211001,73.935
maize,MX32,20211001,60.852
maize,MX01,20211011,51.514
maize,MX02,20211011,28.226
maize,MX03,20211011,30.159
maize,MX04,20211011,79.155
maize,MX05,20211011,36.337
maize,MX06,20211011,73.551
maize,MX07,20211011,67.783
maize,MX08,20211011,44.012
maize,MX09,20211011,45.466
maize,MX10,20211011,51.989
maize,MX11,20211011,53.405
maize,MX12,20211011,70.45
maize,MX13,20211011,49.483
maize,MX14,20211011,64.863
maize,MX15,20211011,55.084
maize,MX16,20211011,62.427
maize,MX17,20211011,68.465
maize,MX18,20211011,65.679
maize,MX19,20211011,42.717
maize,MX20,20211011,64.324
maize,MX21,20211011,56.166
maize,MX22,20211011,48.04
maize,MX23,20211011,81.316
maize,MX24,20211011,58.774
maize,MX25,20211011,29.552
maize,MX26,20211011,31.892
maize,MX27,20211011,64.24
maize,MX28,20211011,49.141
maize,MX29,20211011,48.365
maize,MX30,20211011,66.948
maize,MX31,20211011,74.198
maize,MX32,20211011,56.356
maize,MX01,20211021,46.305
maize,MX02,20211021,29.355
maize,MX03,20211021,29.593
maize,MX04,20211021,77.353
maize,MX05,20211021,34.274
maize,MX06,20211021,72.051
maize,MX07,20211021,65.586
maize,MX08,20211021,36.455
maize,MX09,20211021,41.536
maize,MX10,20211021,46.153
maize,MX11,20211021,47.299
maize,MX12,20211021,65.766
maize,MX13,20211021,46.492
maize,MX14,20211021,59.351
maize,MX15,20211021,50.754
maize,MX16,20211021,57.325
maize,MX17,20211021,63.087
maize,MX18,20211021,63.15
maize,MX19,20211021,41.84
maize,MX20,20211021,62.509
maize,MX21,20211021,51.022
maize,MX22,20211021,43.429
maize,MX23,20211021,80.053
maize,MX24,20211021,56.474
maize,MX25,20211021,27.175
maize,MX26,20211021,28.686
maize,MX27,20211021,65.162
maize,MX28,20211021,47.892
maize,MX29,20211021,43.15
maize,MX30,20211021,66.469
maize,MX31,20211021,73.802
maize,MX32,20211021,51.123
maize,MX01,20211101,40.724
maize,MX02,20211101,31.115
maize,MX03,20211101,29.211
maize,MX04,20211101,74.897
maize,MX05,20211101,31.908
maize,MX06,20211101,69.399
maize,MX07,20211101,62.684
maize,MX08,20211101,30.008
maize,MX09,20211101,37.158
maize,MX10,20211101,39.846
maize,MX11,20211101,41.021
maize,MX12,20211101,60.333
maize,MX13,20211101,43.335
maize,MX14,20211101,52.899
maize,MX15,20211101,45.843
maize,MX16,20211101,51.65
maize,MX17,20211101,56.679
maize,MX18,20211101,59.749
maize,MX19,20211101,40.464
maize,MX20,20211101,59.95
maize,MX21,20211101,45.377
maize,MX22,20211101,38.495
maize,MX23,20211101,78.65
maize,MX24,20211101,53.147
maize,MX25,20211101,26.015
maize,MX26,20211101,26.208
maize,MX27,20211101,65.495
maize,MX28,20211101,45.849
maize,MX29,20211101,37.765
maize,MX30,20211101,65.304
maize,MX31,20211101,72.743
maize,MX32,20211101,45.191
maize,MX01,20211111,36.322
maize,MX02,20211111,32.889
maize,MX03,20211111,29.171
maize,MX04,20211111,72.614
maize,MX05,20211111,29.997
maize,MX06,20211111,66.079
maize,MX07,20211111,59.676
maize,MX08,20211111,25.934
maize,MX09,20211111,33.303
maize,MX10,20211111,34.865
maize,MX11,20211111,36.144
maize,MX12,20211111,55.282
maize,MX13,20211111,40.81
maize,MX14,20211111,47.375
maize,MX15,20211111,41.519
maize,MX16,20211111,46.702
maize,MX17,20211111,50.954
maize,MX18,20211111,56.479
maize,MX19,20211111,38.901
maize,MX20,20211111,57.523
maize,MX21,20211111,40.722
maize,MX22,20211111,34.527
maize,MX23,20211111,77.871
maize,MX24,20211111,49.898
maize,MX25,20211111,26.828
maize,MX26,20211111,25.176
maize,MX27,20211111,65.425
maize,MX28,20211111,43.823
maize,MX29,20211111,33.551
maize,MX30,20211111,63.794
maize,MX31,20211111,71.467
maize,MX32,20211111,40.226
maize,MX01,20211121,32.986
maize,MX02,20211121,34.627
maize,MX03,20211121,29.403
maize,MX04,20211121,70.49
maize,MX05,20211121,28.563
maize,MX06,20211121,62.28
maize,MX07,20211121,56.468
maize,MX08,20211121,23.314
maize,MX09,20211121,30.014
maize,MX10,20211121,30.975
maize,MX11,20211121,32.317
maize,MX12,20211121,50.412
maize,MX13,20211121,38.784
maize,MX14,20211121,42.742
maize,MX15,20211121,37.602
maize,MX16,20211121,42.273
maize,MX17,20211121,45.711
maize,MX18,20211121,53.512
maize,MX19,20211121,37.229
maize,MX20,20211121,55.139
maize,MX21,20211121,36.735
maize,MX22,20211121,31.449
maize,MX23,20211121,77.357
maize,MX24,20211121,46.824
maize,MX25,20211121,29.633
maize,MX26,20211121,25.444
maize,MX27,20211121,65.098
maize,MX28,20211121,41.986
maize,MX29,20211121,30.114
maize,MX30,20211121,61.767
maize,MX31,20211121,69.878
maize,MX32,20211121,36.09
maize,MX01,20211201,30.68
maize,MX02,20211201,36.258
maize,MX03,20211201,29.781
maize,MX04,20211201,68.769
maize,MX05,20211201,27.714
maize,MX06,20211201,58.399
maize,MX07,20211201,53.351
maize,MX08,20211201,21.671
maize,MX09,20211201,27.39
maize,MX10,20211201,28.16
maize,MX11,20211201,29.479
maize,MX12,20211201,46.161
maize,MX13,20211201,37.396
maize,MX14,20211201,39.093
maize,MX15,20211201,34.257
maize,MX16,20211201,38.47
maize,MX17,20211201,41.272
maize,MX18,20211201,51.198
maize,MX19,20211201,35.618
maize,MX20,20211201,53.049
maize,MX21,20211201,33.562
maize,MX22,20211201,29.34
maize,MX23,20211201,77.446
maize,MX24,20211201,44.134
maize,MX25,20211201,34.219
maize,MX26,20211201,27.085
maize,MX27,20211201,64.564
maize,MX28,20211201,40.43
maize,MX29,20211201,27.513
maize,MX30,20211201,59.395
maize,MX31,20211201,68.146
maize,MX32,20211201,32.861
maize,MX01,20211211,29.195
maize,MX02,20211211,37.847
maize,MX03,20211211,30.214
maize,MX04,20211211,67.414
maize,MX05,20211211,27.336
maize,MX06,20211211,54.774
maize,MX07,20211211,50.608
maize,MX08,20211211,20.613
maize,MX09,20211211,25.337
maize,MX10,20211211,26.138
maize,MX11,20211211,27.611
maize,MX12,20211211,42.748
maize,MX13,20211211,36.506
maize,MX14,20211211,36.389
maize,MX15,20211211,31.503
maize,MX16,20211211,35.431
maize,MX17,20211211,37.742
maize,MX18,20211211,49.57
maize,MX19,20211211,33.993
maize,MX20,20211211,51.034
maize,MX21,20211211,31.089
maize,MX22,20211211,28.131
maize,MX23,20211211,77.862
maize,MX24,20211211,41.693
maize,MX25,20211211,40.152
maize,MX26,20211211,30.22
maize,MX27,20211211,63.775
maize,MX28,20211211,38.962
maize,MX29,20211211,25.584
maize,MX30,20211211,56.526
maize,MX31,20211211,66.35
maize,MX32,20211211,30.457
maize,MX01,20211221,28.205
maize,MX02,20211221,39.404
maize,MX03,20211221,30.661
maize,MX04,20211221,66.491
maize,MX05,20211221,27.266
maize,MX06,20211221,51.516
maize,MX07,20211221,48.476
maize,MX08,20211221,19.824
maize,MX09,20211221,23.799
maize,MX10,20211221,24.646
maize,MX11,20211221,26.834
maize,MX12,20211221,40.169
maize,MX13,20211221,35.861
maize,MX14,20211221,34.462
maize,MX15,20211221,29.355
maize,MX16,20211221,33.34
maize,MX17,20211221,35.151
maize,MX18,20211221,48.495
maize,MX19,20211221,32.215
maize,MX20,20211221,49.168
maize,MX21,20211221,29.226
maize,MX22,20211221,27.654
maize,MX23,20211221,78.692
maize,MX24,20211221,39.415
maize,MX25,20211221,46.786
maize,MX26,20211221,34.864
maize,MX27,20211221,62.721
maize,MX28,20211221,37.385
maize,MX29,20211221,24.224
maize,MX30,20211221,53.401
maize,MX31,20211221,64.792
maize,MX32,20211221,28.71
maize,MX01,20220101,27.392
maize,MX02,20220101,41.079
maize,MX03,20220101,31.118
maize,MX04,20220101,65.916
maize,MX05,20220101,27.236
maize,MX06,20220101,48.358
maize,MX07,20220101,46.836
maize,MX08,20220101,19.132
maize,MX09,20220101,22.579
maize,MX10,20220101,23.344
maize,MX11,20220101,27.438
maize,MX12,20220101,38.15
maize,MX13,20220101,35.338
maize,MX14,20220101,33.015
maize,MX15,20220101,27.545
maize,MX16,20220101,32.277
maize,MX17,20220101,33.076
maize,MX18,20220101,47.578
maize,MX19,20220101,29.841
maize,MX20,20220101,47.155
maize,MX21,20220101,27.713
maize,MX22,20220101,27.954
maize,MX23,20220101,79.657
maize,MX24,20220101,37.016
maize,MX25,20220101,53.915
maize,MX26,20220101,41.447
maize,MX27,20220101,61.374
maize,MX28,20220101,35.27
maize,MX29,20220101,23.145
maize,MX30,20220101,49.875
maize,MX31,20220101,63.547
maize,MX32,20220101,27.265
maize,MX01,20220111,26.898
maize,MX02,20220111,42.427
maize,MX03,20220111,31.383
maize,MX04,20220111,65.639
maize,MX05,20220111,27.234
maize,MX06,20220111,45.782
maize,MX07,20220111,45.858
maize,MX08,20220111,18.559
maize,MX09,20220111,21.763
maize,MX10,20220111,22.418
maize,MX11,20220111,29.315
maize,MX12,20220111,36.866
maize,MX13,20220111,35.073
maize,MX14,20220111,32.16
maize,MX15,20220111,26.347
maize,MX16,20220111,32.359
maize,MX17,20220111,31.675
maize,MX18,20220111,46.639
maize,MX19,20220111,27.562
maize,MX20,20220111,45.445
maize,MX21,20220111,26.733
maize,MX22,20220111,28.876
maize,MX23,20220111,80.169
maize,MX24,20220111,35.002
maize,MX25,20220111,59.287
maize,MX26,20220111,47.933
maize,MX27,20220111,60.276
maize,MX28,20220111,33.146
maize,MX29,20220111,22.424
maize,MX30,20220111,46.967
maize,MX31,20220111,63.129
maize,MX32,20220111,26.224
maize,MX01,20220121,26.591
maize,MX02,20220121,43.784
maize,MX03,20220121,31.495
maize,MX04,20220121,65.233
maize,MX05,20220121,27.39
maize,MX06,20220121,43.542
maize,MX07,20220121,44.999
maize,MX08,20220121,18.01
maize,MX09,20220121,21.235
maize,MX10,20220121,21.787
maize,MX11,20220121,32.082
maize,MX12,20220121,35.856
maize,MX13,20220121,35.01
maize,MX14,20220121,31.615
maize,MX15,20220121,25.446
maize,MX16,20220121,33.167
maize,MX17,20220121,30.467
maize,MX18,20220121,45.444
maize,MX19,20220121,25.641
maize,MX20,20220121,43.846
maize,MX21,20220121,25.956
maize,MX22,20220121,30.218
maize,MX23,20220121,79.859
maize,MX24,20220121,33.23
maize,MX25,20220121,63.238
maize,MX26,20220121,53.863
maize,MX27,20220121,59.266
maize,MX28,20220121,31.172
maize,MX29,20220121,21.913
maize,MX30,20220121,44.4
maize,MX31,20220121,63.286
maize,MX32,20220121,25.372
maize,MX01,20220201,26.226
maize,MX02,20220201,45.014
maize,MX03,20220201,31.284
maize,MX04,20220201,64.441
maize,MX05,20220201,27.614
maize,MX06,20220201,41.195
maize,MX07,20220201,43.944
maize,MX08,20220201,17.464
maize,MX09,20220201,20.692
maize,MX10,20220201,21.392
maize,MX11,20220201,35.415
maize,MX12,20220201,34.684
maize,MX13,20220201,34.853
maize,MX14,20220201,31.136
maize,MX15,20220201,24.589
maize,MX16,20220201,34.402
maize,MX17,20220201,29.05
maize,MX18,20220201,43.701
maize,MX19,20220201,24.173
maize,MX20,20220201,42.023
maize,MX21,20220201,25.117
maize,MX22,20220201,31.731
maize,MX23,20220201,78.305
maize,MX24,20220201,31.587
maize,MX25,20220201,65.695
maize,MX26,20220201,58.788
maize,MX27,20220201,58.368
maize,MX28,20220201,29.453
maize,MX29,20220201,21.4
maize,MX30,20220201,41.926
maize,MX31,20220201,64.149
maize,MX32,20220201,24.549
maize,MX01,20220211,25.672
maize,MX02,20220211,46.051
maize,MX03,20220211,30.907
maize,MX04,20220211,63.178
maize,MX05,20220211,27.742
maize,MX06,20220211,39.058
maize,MX07,20220211,42.679
maize,MX08,20220211,17.079
maize,MX09,20220211,20.029
maize,MX10,20220211,21.223
maize,MX11,20220211,37.964
maize,MX12,20220211,33.379
maize,MX13,20220211,34.363
maize,MX14,20220211,30.597
maize,MX15,20220211,23.735
maize,MX16,20220211,35.366
maize,MX17,20220211,27.578
maize,MX18,20220211,41.678
maize,MX19,20220211,23.349
maize,MX20,20220211,40.187
maize,MX21,20220211,24.182
maize,MX22,20220211,32.759
maize,MX23,20220211,75.666
maize,MX24,20220211,30.24
maize,MX25,20220211,66.277
maize,MX26,20220211,61.583
maize,MX27,20220211,57.661
maize,MX28,20220211,28.234
maize,MX29,20220211,20.788
maize,MX30,20220211,39.721
maize,MX31,20220211,65.254
maize,MX32,20220211,23.823
maize,MX01,20220221,24.927
maize,MX02,20220221,46.974
maize,MX03,20220221,30.165
maize,MX04,20220221,61.295
maize,MX05,20220221,27.508
maize,MX06,20220221,37.033
maize,MX07,20220221,41.249
maize,MX08,20220221,16.863
maize,MX09,20220221,19.271
maize,MX10,20220221,21.216
maize,MX11,20220221,39.656
maize,MX12,20220221,31.91
maize,MX13,20220221,33.483
maize,MX14,20220221,29.92
maize,MX15,20220221,22.869
maize,MX16,20220221,35.958
maize,MX17,20220221,26.135
maize,MX18,20220221,39.336
maize,MX19,20220221,22.828
maize,MX20,20220221,38.248
maize,MX21,20220221,23.186
maize,MX22,20220221,33.281
maize,MX23,20220221,72.167
maize,MX24,20220221,29.024
maize,MX25,20220221,65.556
maize,MX26,20220221,62.769
maize,MX27,20220221,56.928
maize,MX28,20220221,27.382
maize,MX29,20220221,20.086
maize,MX30,20220221,37.546
maize,MX31,20220221,66.313
maize,MX32,20220221,23.072
maize,MX01,20220301,24.2
maize,MX02,20220301,47.634
maize,MX03,20220301,29.42
maize,MX04,20220301,59.494
maize,MX05,20220301,27.054
maize,MX06,20220301,35.55
maize,MX07,20220301,40.078
maize,MX08,20220301,16.82
maize,MX09,20220301,18.797
maize,MX10,20220301,21.326
maize,MX11,20220301,40.146
maize,MX12,20220301,30.731
maize,MX13,20220301,32.627
maize,MX14,20220301,29.225
maize,MX15,20220301,22.227
maize,MX16,20220301,35.969
maize,MX17,20220301,25.149
maize,MX18,20220301,37.388
maize,MX19,20220301,22.588
maize,MX20,20220301,36.729
maize,MX21,20220301,22.478
maize,MX22,20220301,33.183
maize,MX23,20220301,68.688
maize,MX24,20220301,28.216
maize,MX25,20220301,64.224
maize,MX26,20220301,62.563
maize,MX27,20220301,56.287
maize,MX28,20220301,27.088
maize,MX29,20220301,19.55
maize,MX30,20220301,35.921
maize,MX31,20220301,66.923
maize,MX32,20220301,22.514
maize,MX01,20220311,23.233
maize,MX02,20220311,48.181
maize,MX03,20220311,28.183
maize,MX04,20220311,57.271
maize,MX05,20220311,26.155
maize,MX06,20220311,33.977
maize,MX07,20220311,38.637
maize,MX08,20220311,16.882
maize,MX09,20220311,18.262
maize,MX10,20220311,21.533
maize,MX11,20220311,39.518
maize,MX12,20220311,29.339
maize,MX13,20220311,31.517
maize,MX14,20220311,28.165
maize,MX15,20220311,21.633
maize,MX16,20220311,35.306
maize,MX17,20220311,24.211
maize,MX18,20220311,35.047
maize,MX19,20220311,22.515
maize,MX20,20220311,34.938
maize,MX21,20220311,21.842
maize,MX22,20220311,32.336
maize,MX23,20220311,63.561
maize,MX24,20220311,27.381
maize,MX25,20220311,61.802
maize,MX26,20220311,60.745
maize,MX27,20220311,55.608
maize,MX28,20220311,27.345
maize,MX29,20220311,19.052
maize,MX30,20220311,34.133
maize,MX31,20220311,67.194
maize,MX32,20220311,21.931
maize,MX01,20220321,22.423
maize,MX02,20220321,48.153
maize,MX03,20220321,26.865
maize,MX04,20220321,55.619
maize,MX05,20220321,25.067
maize,MX06,20220321,32.721
maize,MX07,20220321,37.392
maize,MX08,20220321,17.055
maize,MX09,20220321,18.132
maize,MX10,20220321,21.871
maize,MX11,20220321,37.675
maize,MX12,20220321,28.171
maize,MX13,20220321,30.604
maize,MX14,20220321,27.044
maize,MX15,20220321,21.397
maize,MX16,20220321,34.018
maize,MX17,20220321,23.526
maize,MX18,20220321,33.004
maize,MX19,20220321,22.74
maize,MX20,20220321,33.366
maize,MX21,20220321,21.502
maize,MX22,20220321,30.859
maize,MX23,20220321,58.363
maize,MX24,20220321,26.89
maize,MX25,20220321,58.807
maize,MX26,20220321,57.148
maize,MX27,20220321,55.002
maize,MX28,20220321,28.501
maize,MX29,20220321,18.783
maize,MX30,20220321,32.739
maize,MX31,20220321,66.839
maize,MX32,20220321,21.562
maize,MX01,20220401,21.872
maize,MX02,20220401,47.402
maize,MX03,20220401,25.415
maize,MX04,20220401,54.447
maize,MX05,20220401,24.057
maize,MX06,20220401,31.766
maize,MX07,20220401,36.314
maize,MX08,20220401,17.39
maize,MX09,20220401,18.353
maize,MX10,20220401,22.376
maize,MX11,20220401,34.601
maize,MX12,20220401,27.237
maize,MX13,20220401,30.165
maize,MX14,20220401,25.85
maize,MX15,20220401,21.702
maize,MX16,20220401,32.054
maize,MX17,20220401,23.139
maize,MX18,20220401,31.223
maize,MX19,20220401,23.41
maize,MX20,20220401,32.114
maize,MX21,20220401,21.568
maize,MX22,20220401,29.027
maize,MX23,20220401,53.184
maize,MX24,20220401,27.01
maize,MX25,20220401,55.0
maize,MX26,20220401,51.197
maize,MX27,20220401,54.624
maize,MX28,20220401,31.013
maize,MX29,20220401,18.884
maize,MX30,20220401,31.963
maize,MX31,20220401,65.777
maize,MX32,20220401,21.441
maize,MX01,20220411,21.728
maize,MX02,20220411,46.062
maize,MX03,20220411,24.179
maize,MX04,20220411,53.907
maize,MX05,20220411,23.604
maize,MX06,20220411,31.103
maize,MX07,20220411,35.907
maize,MX08,20220411,17.781
maize,MX09,20220411,18.938
maize,MX10,20220411,22.817
maize,MX11,20220411,31.413
maize,MX12,20220411,26.803
maize,MX13,20220411,30.387
maize,MX14,20220411,24.879
maize,MX15,20220411,22.456
maize,MX16,20220411,30.067
maize,MX17,20220411,23.1
maize,MX18,20220411,29.942
maize,MX19,20220411,24.216
maize,MX20,20220411,31.534
maize,MX21,20220411,21.96
maize,MX22,20220411,27.56
maize,MX23,20220411,49.438
maize,MX24,20220411,27.685
maize,MX25,20220411,51.132
maize,MX26,20220411,44.565
maize,MX27,20220411,54.181
maize,MX28,20220411,34.097
maize,MX29,20220411,19.26
maize,MX30,20220411,31.933
maize,MX31,20220411,64.374
maize,MX32,20220411,21.499
maize,MX01,20220421,21.778
maize,MX02,20220421,44.236
maize,MX03,20220421,23.142
maize,MX04,20220421,53.929
maize,MX05,20220421,23.637
maize,MX06,20220421,30.556
maize,MX07,20220421,36.293
maize,MX08,20220421,18.288
maize,MX09,20220421,19.64
maize,MX10,20220421,23.079
maize,MX11,20220421,28.458
maize,MX12,20220421,26.853
maize,MX13,20220421,31.089
maize,MX14,20220421,24.052
maize,MX15,20220421,23.465
maize,MX16,20220421,28.279
maize,MX17,20220421,23.315
maize,MX18,20220421,28.897
maize,MX19,20220421,25.14
maize,MX20,20220421,31.683
maize,MX21,20220421,22.553
maize,MX22,20220421,26.574
maize,MX23,20220421,47.068
maize,MX24,20220421,28.715
maize,MX25,20220421,46.798
maize,MX26,20220421,37.829
maize,MX27,20220421,53.926
maize,MX28,20220421,37.353
maize,MX29,20220421,19.788
maize,MX30,20220421,32.652
maize,MX31,20220421,62.911
maize,MX32,20220421,21.575
maize,MX01,20220501,21.983
maize,MX02,20220501,42.155
maize,MX03,20220501,22.293
maize,MX04,20220501,54.535
maize,MX05,20220501,24.301
maize,MX06,20220501,30.263
maize,MX07,20220501,37.56
maize,MX08,20220501,19.108
maize,MX09,20220501,20.413
maize,MX10,20220501,23.064
maize,MX11,20220501,26.318
maize,MX12,20220501,27.543
maize,MX13,20220501,32.14
maize,MX14,20220501,23.534
maize,MX15,20220501,24.658
maize,MX16,20220501,27.151
maize,MX17,20220501,23.622
maize,MX18,20220501,28.097
maize,MX19,20220501,25.828
maize,MX20,20220501,32.409
maize,MX21,20220501,23.166
maize,MX22,20220501,26.198
maize,MX23,20220501,46.206
maize,MX24,20220501,29.819
maize,MX25,20220501,42.138
maize,MX26,20220501,32.051
maize,MX27,20220501,53.79
maize,MX28,20220501,39.962
maize,MX29,20220501,20.289
maize,MX30,20220501,33.848
maize,MX31,20220501,61.442
maize,MX32,20220501,21.658
maize,MX01,20220511,22.307
maize,MX02,20220511,40.246
maize,MX03,20220511,21.779
maize,MX04,20220511,55.477
maize,MX05,20220511,25.443
maize,MX06,20220511,30.528
maize,MX07,20220511,39.836
maize,MX08,20220511,20.683
maize,MX09,20220511,21.227
maize,MX10,20220511,22.875
maize,MX11,20220511,25.542
maize,MX12,20220511,29.34
maize,MX13,20220511,33.43
maize,MX14,20220511,23.596
maize,MX15,20220511,25.957
maize,MX16,20220511,27.289
maize,MX17,20220511,24.214
maize,MX18,20220511,27.773
maize,MX19,20220511,26.256
maize,MX20,20220511,33.962
maize,MX21,20220511,23.751
maize,MX22,20220511,26.568
maize,MX23,20220511,46.443
maize,MX24,20220511,30.699
maize,MX25,20220511,37.487
maize,MX26,20220511,27.759
maize,MX27,20220511,53.829
maize,MX28,20220511,41.267
maize,MX29,20220511,20.763
maize,MX30,20220511,35.611
maize,MX31,20220511,60.059
maize,MX32,20220511,21.832
maize,MX01,20220521,22.81
maize,MX02,20220521,38.542
maize,MX03,20220521,21.436
maize,MX04,20220521,56.917
maize,MX05,20220521,26.916
maize,MX06,20220521,31.938
maize,MX07,20220521,43.109
maize,MX08,20220521,23.654
maize,MX09,20220521,22.424
maize,MX10,20220521,22.797
maize,MX11,20220521,26.568
maize,MX12,20220521,32.783
maize,MX13,20220521,35.028
maize,MX14,20220521,24.681
maize,MX15,20220521,27.803
maize,MX16,20220521,29.366
maize,MX17,20220521,25.573
maize,MX18,20220521,28.367
maize,MX19,20220521,26.322
maize,MX20,20220521,36.647
maize,MX21,20220521,24.558
maize,MX22,20220521,27.79
maize,MX23,20220521,48.372
maize,MX24,20220521,31.334
maize,MX25,20220521,33.279
maize,MX26,20220521,25.087
maize,MX27,20220521,54.469
maize,MX28,20220521,41.024
maize,MX29,20220521,21.642
maize,MX30,20220521,38.258
maize,MX31,20220521,59.229
maize,MX32,20220521,22.347
maize,MX01,20220601,23.819
maize,MX02,20220601,36.825
maize,MX03,20220601,21.119
maize,MX04,20220601,59.18
maize,MX05,20220601,28.676
maize,MX06,20220601,35.604
maize,MX07,20220601,47.699
maize,MX08,20220601,29.097
maize,MX09,20220601,24.769
maize,MX10,20220601,23.386
maize,MX11,20220601,29.899
maize,MX12,20220601,38.823
maize,MX13,20220601,37.194
maize,MX14,20220601,27.657
maize,MX15,20220601,30.937
maize,MX16,20220601,34.356
maize,MX17,20220601,28.505
maize,MX18,20220601,30.768
maize,MX19,20220601,26.301
maize,MX20,20220601,41.04
maize,MX21,20220601,26.099
maize,MX22,20220601,29.93
maize,MX23,20220601,52.307
maize,MX24,20220601,32.255
maize,MX25,20220601,29.547
maize,MX26,20220601,23.845
maize,MX27,20220601,56.335
maize,MX28,20220601,39.549
maize,MX29,20220601,23.63
maize,MX30,20220601,42.513
maize,MX31,20220601,59.159
maize,MX32,20220601,23.707
maize,MX01,20220611,25.403
maize,MX02,20220611,35.448
maize,MX03,20220611,20.728
maize,MX04,20220611,61.507
maize,MX05,20220611,30.018
maize,MX06,20220611,41.274
maize,MX07,20220611,51.979
maize,MX08,20220611,35.946
maize,MX09,20220611,28.194
maize,MX10,20220611,24.793
maize,MX11,20220611,34.807
maize,MX12,20220611,45.82
maize,MX13,20220611,39.49
maize,MX14,20220611,32.259
maize,MX15,20220611,35.156
maize,MX16,20220611,41.184
maize,MX17,20220611,32.658
maize,MX18,20220611,34.994
maize,MX19,20220611,26.357
maize,MX20,20220611,45.882
maize,MX21,20220611,28.342
maize,MX22,20220611,32.626
maize,MX23,20220611,57.362
maize,MX24,20220611,33.522
maize,MX25,20220611,27.082
maize,MX26,20220611,24.13
maize,MX27,20220611,58.142
maize,MX28,20220611,37.639
maize,MX29,20220611,26.715
maize,MX30,20220611,47.409
maize,MX31,20220611,59.636
maize,MX32,20220611,25.97
maize,MX01,20220621,27.843
maize,MX02,20220621,34.065
maize,MX03,20220621,20.157
maize,MX04,20220621,63.537
maize,MX05,20220621,30.872
maize,MX06,20220621,48.635
maize,MX07,20220621,55.924
maize,MX08,20220621,43.84
maize,MX09,20220621,32.54
maize,MX10,20220621,27.258
maize,MX11,20220621,41.039
maize,MX12,20220621,53.017
maize,MX13,20220621,41.951
maize,MX14,20220621,38.404
maize,MX15,20220621,40.44
maize,MX16,20220621,49.245
maize,MX17,20220621,38.009
maize,MX18,20220621,40.847
maize,MX19,20220621,26.586
maize,MX20,20220621,50.391
maize,MX21,20220621,31.277
maize,MX22,20220621,35.914
maize,MX23,20220621,62.482
maize,MX24,20220621,35.071
maize,MX25,20220621,25.666
maize,MX26,20220621,25.786
maize,MX27,20220621,59.829
maize,MX28,20220621,35.657
maize,MX29,20220621,30.824
maize,MX30,20220621,52.224
maize,MX31,20220621,60.319
maize,MX32,20220621,29.272
maize,MX01,20220701,31.106
maize,MX02,20220701,32.583
maize,MX03,20220701,19.551
maize,MX04,20220701,65.047
maize,MX05,20220701,31.389
maize,MX06,20220701,56.113
maize,MX07,20220701,59.15
maize,MX08,20220701,51.495
maize,MX09,20220701,37.269
maize,MX10,20220701,30.806
maize,MX11,20220701,47.771
maize,MX12,20220701,59.342
maize,MX13,20220701,44.38
maize,MX14,20220701,45.445
maize,MX15,20220701,46.117
maize,MX16,20220701,57.22
maize,MX17,20220701,43.891
maize,MX18,20220701,47.595
maize,MX19,20220701,26.949
maize,MX20,20220701,53.703
maize,MX21,20220701,34.681
maize,MX22,20220701,39.472
maize,MX23,20220701,67.612
maize,MX24,20220701,36.392
maize,MX25,20220701,25.404
maize,MX26,20220701,28.775
maize,MX27,20220701,60.989
maize,MX28,20220701,33.653
maize,MX29,20220701,35.713
maize,MX30,20220701,56.054
maize,MX31,20220701,61.048
maize,MX32,20220701,33.537
maize,MX01,20220711,34.94
maize,MX02,20220711,31.353
maize,MX03,20220711,18.756
maize,MX04,20220711,66.014
maize,MX05,20220711,31.672
maize,MX06,20220711,62.151
maize,MX07,20220711,61.788
maize,MX08,20220711,57.822
maize,MX09,20220711,41.862
maize,MX10,20220711,35.157
maize,MX11,20220711,54.204
maize,MX12,20220711,64.592
maize,MX13,20220711,46.386
maize,MX14,20220711,52.587
maize,MX15,20220711,51.442
maize,MX16,20220711,64.09
maize,MX17,20220711,50.076
maize,MX18,20220711,53.955
maize,MX19,20220711,27.309
maize,MX20,20220711,55.769
maize,MX21,20220711,38.345
maize,MX22,20220711,43.022
maize,MX23,20220711,72.174
maize,MX24,20220711,37.117
maize,MX25,20220711,26.23
maize,MX26,20220711,32.907
maize,MX27,20220711,61.474
maize,MX28,20220711,31.778
maize,MX29,20220711,40.885
maize,MX30,20220711,58.478
maize,MX31,20220711,61.894
maize,MX32,20220711,38.317
maize,MX01,20220721,39.136
maize,MX02,20220721,30.493
maize,MX03,20220721,18.378
maize,MX04,20220721,66.917
maize,MX05,20220721,32.166
maize,MX06,20220721,66.184
maize,MX07,20220721,64.066
maize,MX08,20220721,62.714
maize,MX09,20220721,45.785
maize,MX10,20220721,40.351
maize,MX11,20220721,59.807
maize,MX12,20220721,69.123
maize,MX13,20220721,47.914
maize,MX14,20220721,59.186
maize,MX15,20220721,55.937
maize,MX16,20220721,69.411
maize,MX17,20220721,56.35
maize,MX18,20220721,59.143
maize,MX19,20220721,27.782
maize,MX20,20220721,56.93
maize,MX21,20220721,42.195
maize,MX22,20220721,46.526
maize,MX23,20220721,76.095
maize,MX24,20220721,37.556
maize,MX25,20220721,28.102
maize,MX26,20220721,37.969
maize,MX27,20220721,61.365
maize,MX28,20220721,30.216
maize,MX29,20220721,45.927
maize,MX30,20220721,59.781
maize,MX31,20220721,63.006
maize,MX32,20220721,43.378
maize,MX01,20220801,44.088
maize,MX02,20220801,29.873
maize,MX03,20220801,18.702
maize,MX04,20220801,68.222
maize,MX05,20220801,33.297
maize,MX06,20220801,68.692
maize,MX07,20220801,66.417
maize,MX08,20220801,66.599
maize,MX09,20220801,48.805
maize,MX10,20220801,46.921
maize,MX11,20220801,64.442
maize,MX12,20220801,73.428
maize,MX13,20220801,49.358
maize,MX14,20220801,65.188
maize,MX15,20220801,59.564
maize,MX16,20220801,73.148
maize,MX17,20220801,62.772
maize,MX18,20220801,63.312
maize,MX19,20220801,28.929
maize,MX20,20220801,57.872
maize,MX21,20220801,46.555
maize,MX22,20220801,50.125
maize,MX23,20220801,79.214
maize,MX24,20220801,38.388
maize,MX25,20220801,30.925
maize,MX26,20220801,44.079
maize,MX27,20220801,60.918
maize,MX28,20220801,29.506
maize,MX29,20220801,50.676
maize,MX30,20220801,60.409
maize,MX31,20220801,64.638
maize,MX32,20220801,49.059
maize,MX01,20220811,48.788
maize,MX02,20220811,29.631
maize,MX03,20220811,20.314
maize,MX04,20220811,69.89
maize,MX05,20220811,35.218
maize,MX06,20220811,69.952
maize,MX07,20220811,68.334
maize,MX08,20220811,68.921
maize,MX09,20220811,50.589
maize,MX10,20220811,53.105
maize,MX11,20220811,67.207
maize,MX12,20220811,76.625
maize,MX13,20220811,50.713
maize,MX14,20220811,69.294
maize,MX15,20220811,61.905
maize,MX16,20220811,74.829
maize,MX17,20220811,67.927
maize,MX18,20220811,65.961
maize,MX19,20220811,30.798
maize,MX20,20220811,58.994
maize,MX21,20220811,50.867
maize,MX22,20220811,53.193
maize,MX23,20220811,81.088
maize,MX24,20220811,39.878
maize,MX25,20220811,33.858
maize,MX26,20220811,49.14
maize,MX27,20220811,60.436
maize,MX28,20220811,30.041
maize,MX29,20220811,54.237
maize,MX30,20220811,60.78
maize,MX31,20220811,66.434
maize,MX32,20220811,54.039
maize,MX01,20220821,53.097
maize,MX02,20220821,29.747
maize,MX03,20220821,23.749
maize,MX04,20220821,71.716
maize,MX05,20220821,37.978
maize,MX06,20220821,70.78
maize,MX07,20220821,69.897
maize,MX08,20220821,69.875
maize,MX09,20220821,51.755
maize,MX10,20220821,58.567
maize,MX11,20220821,68.58
maize,MX12,20220821,78.773
maize,MX13,20220821,52.117
maize,MX14,20220821,71.933
maize,MX15,20220821,63.45
maize,MX16,20220821,75.151
maize,MX17,20220821,72.08
maize,MX18,20220821,67.663
maize,MX19,20220821,33.518
maize,MX20,20220821,60.418
maize,MX21,20220821,55.3
maize,MX22,20220821,55.823
maize,MX23,20220821,81.879
maize,MX24,20220821,42.256
maize,MX25,20220821,36.563
maize,MX26,20220821,52.605
maize,MX27,20220821,59.741
maize,MX28,20220821,31.911
maize,MX29,20220821,56.946
maize,MX30,20220821,61.191
maize,MX31,20220821,68.004
maize,MX32,20220821,58.332
maize,MX01,20220901,56.319
maize,MX02,20220901,30.375
maize,MX03,20220901,30.048
maize,MX04,20220901,73.499
maize,MX05,20220901,41.476
maize,MX06,20220901,71.638
maize,MX07,20220901,70.676
maize,MX08,20220901,68.599
maize,MX09,20220901,52.101
maize,MX10,20220901,62.514
maize,MX11,20220901,68.358
maize,MX12,20220901,79.683
maize,MX13,20220901,53.317
maize,MX14,20220901,73.13
maize,MX15,20220901,63.883
maize,MX16,20220901,74.203
maize,MX17,20220901,74.747
maize,MX18,20220901,68.713
maize,MX19,20220901,36.889
maize,MX20,20220901,62.11
maize,MX21,20220901,59.445
maize,MX22,20220901,57.293
maize,MX23,20220901,81.928
maize,MX24,20220901,45.547
maize,MX25,20220901,38.493
maize,MX26,20220901,53.562
maize,MX27,20220901,58.84
maize,MX28,20220901,35.094
maize,MX29,20220901,58.497
maize,MX30,20220901,61.841
maize,MX31,20220901,69.201
maize,MX32,20220901,61.61
maize,MX01,20220911,57.053
maize,MX02,20220911,31.286
maize,MX03,20220911,36.942
maize,MX04,20220911,74.904
maize,MX05,20220911,43.926
maize,MX06,20220911,72.388
maize,MX07,20220911,70.627
maize,MX08,20220911,64.995
maize,MX09,20220911,51.516
maize,MX10,20220911,63.569
maize,MX11,20220911,66.411
maize,MX12,20220911,79.2
maize,MX13,20220911,53.738
maize,MX14,20220911,72.578
maize,MX15,20220911,63.008
maize,MX16,20220911,72.083
maize,MX17,20220911,75.3
maize,MX18,20220911,69.029
maize,MX19,20220911,39.632
maize,MX20,20220911,63.657
maize,MX21,20220911,61.737
maize,MX22,20220911,56.884
maize,MX23,20220911,81.37
maize,MX24,20220911,48.717
maize,MX25,20220911,38.733
maize,MX26,20220911,51.481
maize,MX27,20220911,57.895
maize,MX28,20220911,38.517
maize,MX29,20220911,58.227
maize,MX30,20220911,62.744
maize,MX31,20220911,70.174
maize,MX32,20220911,62.624
maize,MX01,20220921,55.46
maize,MX02,20220921,32.003
maize,MX03,20220921,43.463
maize,MX04,20220921,75.781
maize,MX05,20220921,44.941
maize,MX06,20220921,73.0
maize,MX07,20220921,69.952
maize,MX08,20220921,59.122
maize,MX09,20220921,50.409
maize,MX10,20220921,62.012
maize,MX11,20220921,62.835
maize,MX12,20220921,77.668
maize,MX13,20220921,53.266
maize,MX14,20220921,70.377
maize,MX15,20220921,61.046
maize,MX16,20220921,68.684
maize,MX17,20220921,74.254
maize,MX18,20220921,68.634
maize,MX19,20220921,41.41
maize,MX20,20220921,64.756
maize,MX21,20220921,62.069
maize,MX22,20220921,54.791
maize,MX23,20220921,80.412
maize,MX24,20220921,51.533
maize,MX25,20220921,37.166
maize,MX26,20220921,46.925
maize,MX27,20220921,57.273
maize,MX28,20220921,41.758
maize,MX29,20220921,56.029
maize,MX30,20220921,63.782
maize,MX31,20220921,70.914
maize,MX32,20220921,61.404
maize,MX01,20221001,52.241
maize,MX02,20221001,32.12
maize,MX03,20221001,47.103
maize,MX04,20221001,76.143
maize,MX05,20221001,44.532
maize,MX06,20221001,73.468
maize,MX07,20221001,68.815
maize,MX08,20221001,51.823
maize,MX09,20221001,48.455
maize,MX10,20221001,58.225
maize,MX11,20221001,57.921
maize,MX12,20221001,75.161
maize,MX13,20221001,52.011
maize,MX14,20221001,66.661
maize,MX15,20221001,58.239
maize,MX16,20221001,64.144
maize,MX17,20221001,71.86
maize,MX18,20221001,67.387
maize,MX19,20221001,42.144
maize,MX20,20221001,65.172
maize,MX21,20221001,60.416
maize,MX22,20221001,51.441
maize,MX23,20221001,79.108
maize,MX24,20221001,53.47
maize,MX25,20221001,34.173
maize,MX26,20221001,41.215
maize,MX27,20221001,56.854
maize,MX28,20221001,44.132
maize,MX29,20221001,52.274
maize,MX30,20221001,64.735
maize,MX31,20221001,71.319
maize,MX32,20221001,58.166
maize,MX01,20221011,48.205
maize,MX02,20221011,31.672
maize,MX03,20221011,47.218
maize,MX04,20221011,75.828
maize,MX05,20221011,43.149
maize,MX06,20221011,73.559
maize,MX07,20221011,67.311
maize,MX08,20221011,44.172
maize,MX09,20221011,45.846
maize,MX10,20221011,52.854
maize,MX11,20221011,52.272
maize,MX12,20221011,71.679
maize,MX13,20221011,50.171
maize,MX14,20221011,61.93
maize,MX15,20221011,54.769
maize,MX16,20221011,58.949
maize,MX17,20221011,68.173
maize,MX18,20221011,65.274
maize,MX19,20221011,42.2
maize,MX20,20221011,64.758
maize,MX21,20221011,57.182
maize,MX22,20221011,47.461
maize,MX23,20221011,77.63
maize,MX24,20221011,54.321
maize,MX25,20221011,30.64
maize,MX26,20221011,35.663
maize,MX27,20221011,57.02
maize,MX28,20221011,45.542
maize,MX29,20221011,47.589
maize,MX30,20221011,65.367
maize,MX31,20221011,71.335
maize,MX32,20221011,53.609
maize,MX01,20221021,43.75
maize,MX02,20221021,31.19
maize,MX03,20221021,45.092
maize,MX04,20221021,75.218
maize,MX05,20221021,41.174
maize,MX06,20221021,72.874
maize,MX07,20221021,65.588
maize,MX08,20221021,37.058
maize,MX09,20221021,43.105
maize,MX10,20221021,46.61
maize,MX11,20221021,46.478
maize,MX12,20221021,67.392
maize,MX13,20221021,47.938
maize,MX14,20221021,56.616
maize,MX15,20221021,50.918
maize,MX16,20221021,53.565
maize,MX17,20221021,63.549
maize,MX18,20221021,62.387
maize,MX19,20221021,41.727
maize,MX20,20221021,63.651
maize,MX21,20221021,52.941
maize,MX22,20221021,43.374
maize,MX23,20221021,76.2
maize,MX24,20221021,54.074
maize,MX25,20221021,27.474
maize,MX26,20221021,30.972
maize,MX27,20221021,57.61
maize,MX28,20221021,46.214
maize,MX29,20221021,42.537
maize,MX30,20221021,65.528
maize,MX31,20221021,71.231
maize,MX32,20221021,48.27
maize,MX01,20221101,38.803
maize,MX02,20221101,31.132
maize,MX03,20221101,41.973
maize,MX04,20221101,74.388
maize,MX05,20221101,38.401
maize,MX06,20221101,70.641
maize,MX07,20221101,63.45
maize,MX08,20221101,30.758
maize,MX09,20221101,39.359
maize,MX10,20221101,39.76
maize,MX11,20221101,40.473
maize,MX12,20221101,61.857
maize,MX13,20221101,45.171
maize,MX14,20221101,50.559
maize,MX15,20221101,46.361
maize,MX16,20221101,47.756
maize,MX17,20221101,57.618
maize,MX18,20221101,58.688
maize,MX19,20221101,40.751
maize,MX20,20221101,61.654
maize,MX21,20221101,47.614
maize,MX22,20221101,39.011
maize,MX23,20221101,75.267
maize,MX24,20221101,52.588
maize,MX25,20221101,25.341
maize,MX26,20221101,27.425
maize,MX27,20221101,58.572
maize,MX28,20221101,46.267
maize,MX29,20221101,37.218
maize,MX30,20221101,64.948
maize,MX31,20221101,70.855
maize,MX32,20221101,42.138
maize,MX01,20221111,34.754
maize,MX02,20221111,31.67
maize,MX03,20221111,39.891
maize,MX04,20221111,73.735
maize,MX05,20221111,35.678
maize,MX06,20221111,67.264
maize,MX07,20221111,61.224
maize,MX08,20221111,26.72
maize,MX09,20221111,35.95
maize,MX10,20221111,34.444
maize,MX11,20221111,35.796
maize,MX12,20221111,56.459
maize,MX13,20221111,42.618
maize,MX14,20221111,45.436
maize,MX15,20221111,42.151
maize,MX16,20221111,42.966
maize,MX17,20221111,51.881
maize,MX18,20221111,55.289
maize,MX19,20221111,39.639
maize,MX20,20221111,59.308
maize,MX21,20221111,42.578
maize,MX22,20221111,35.438
maize,MX23,20221111,75.135
maize,MX24,20221111,50.633
maize,MX25,20221111,25.077
maize,MX26,20221111,25.773
maize,MX27,20221111,59.543
maize,MX28,20221111,45.954
maize,MX29,20221111,32.84
maize,MX30,20221111,63.727
maize,MX31,20221111,70.481
maize,MX32,20221111,37.072
maize,MX01,20221121,31.628
maize,MX02,20221121,32.85
maize,MX03,20221121,38.855
maize,MX04,20221121,73.306
maize,MX05,20221121,33.218
maize,MX06,20221121,63.262
maize,MX07,20221121,58.94
maize,MX08,20221121,24.094
maize,MX09,20221121,32.458
maize,MX10,20221121,30.48
maize,MX11,20221121,32.231
maize,MX12,20221121,51.4
maize,MX13,20221121,40.414
maize,MX14,20221121,41.197
maize,MX15,20221121,38.271
maize,MX16,20221121,39.047
maize,MX17,20221121,46.57
maize,MX18,20221121,52.32
maize,MX19,20221121,38.523
maize,MX20,20221121,56.915
maize,MX21,20221121,37.925
maize,MX22,20221121,32.771
maize,MX23,20221121,75.755
maize,MX24,20221121,48.656
maize,MX25,20221121,26.763
maize,MX26,20221121,25.587
maize,MX27,20221121,60.297
maize,MX28,20221121,45.507
maize,MX29,20221121,29.203
maize,MX30,20221121,62.111
maize,MX31,20221121,70.143
maize,MX32,20221121,32.969
maize,MX01,20221201,29.413
maize,MX02,20221201,34.555
maize,MX03,20221201,38.673
maize,MX04,20221201,73.079
maize,MX05,20221201,31.22
maize,MX06,20221201,59.175
maize,MX07,20221201,56.673
maize,MX08,20221201,22.363
maize,MX09,20221201,29.398
maize,MX10,20221201,27.683
maize,MX11,20221201,29.826
maize,MX12,20221201,47.161
maize,MX13,20221201,38.667
maize,MX14,20221201,37.981
maize,MX15,20221201,34.956
maize,MX16,20221201,36.111
maize,MX17,20221201,42.05
maize,MX18,20221201,50.007
maize,MX19,20221201,37.357
maize,MX20,20221201,54.705
maize,MX21,20221201,33.961
maize,MX22,20221201,30.979
maize,MX23,20221201,77.06
maize,MX24,20221201,46.84
maize,MX25,20221201,30.177
maize,MX26,20221201,26.69
maize,MX27,20221201,60.785
maize,MX28,20221201,44.926
maize,MX29,20221201,26.28
maize,MX30,20221201,60.199
maize,MX31,20221201,69.782
maize,MX32,20221201,29.89
maize,MX01,20221211,27.853
maize,MX02,20221211,36.721
maize,MX03,20221211,39.063
maize,MX04,20221211,72.711
maize,MX05,20221211,29.689
maize,MX06,20221211,55.315
maize,MX07,20221211,54.428
maize,MX08,20221211,21.139
maize,MX09,20221211,26.663
maize,MX10,20221211,25.815
maize,MX11,20221211,28.412
maize,MX12,20221211,43.854
maize,MX13,20221211,37.25
maize,MX14,20221211,35.6
maize,MX15,20221211,32.042
maize,MX16,20221211,34.035
maize,MX17,20221211,38.491
maize,MX18,20221211,48.375
maize,MX19,20221211,35.852
maize,MX20,20221211,52.532
maize,MX21,20221211,30.77
maize,MX22,20221211,29.758
maize,MX23,20221211,78.558
maize,MX24,20221211,44.951
maize,MX25,20221211,34.99
maize,MX26,20221211,29.134
maize,MX27,20221211,61.004
maize,MX28,20221211,43.803
maize,MX29,20221211,23.909
maize,MX30,20221211,57.778
maize,MX31,20221211,69.469
maize,MX32,20221211,27.682
maize,MX01,20221221,26.83
maize,MX02,20221221,39.3
maize,MX03,20221221,39.365
maize,MX04,20221221,72.043
maize,MX05,20221221,28.661
maize,MX06,20221221,51.914
maize,MX07,20221221,52.355
maize,MX08,20221221,20.239
maize,MX09,20221221,24.37
maize,MX10,20221221,24.565
maize,MX11,20221221,27.905
maize,MX12,20221221,41.375
maize,MX13,20221221,36.249
maize,MX14,20221221,33.907
maize,MX15,20221221,29.692
maize,MX16,20221221,32.732
maize,MX17,20221221,35.78
maize,MX18,20221221,47.339
maize,MX19,20221221,33.861
maize,MX20,20221221,50.464
maize,MX21,20221221,28.368
maize,MX22,20221221,29.214
maize,MX23,20221221,80.021
maize,MX24,20221221,42.841
maize,MX25,20221221,40.758
maize,MX26,20221221,32.811
maize,MX27,20221221,60.856
maize,MX28,20221221,41.905
maize,MX29,20221221,22.105
maize,MX30,20221221,54.92
maize,MX31,20221221,69.181
maize,MX32,20221221,26.174
maize,MX01,20230101,26.114
maize,MX02,20230101,42.397
maize,MX03,20230101,39.452
maize,MX04,20230101,70.759
maize,MX05,20230101,28.044
maize,MX06,20230101,48.55
maize,MX07,20230101,50.416
maize,MX08,20230101,19.472
maize,MX09,20230101,22.383
maize,MX10,20230101,23.564
maize,MX11,20230101,28.472
maize,MX12,20230101,39.288
maize,MX13,20230101,35.302
maize,MX14,20230101,32.541
maize,MX15,20230101,27.669
maize,MX16,20230101,32.118
maize,MX17,20230101,33.467
maize,MX18,20230101,46.533
maize,MX19,20230101,31.34
maize,MX20,20230101,48.213
maize,MX21,20230101,26.514
maize,MX22,20230101,29.293
maize,MX23,20230101,81.251
maize,MX24,20230101,40.34
maize,MX25,20230101,47.528
maize,MX26,20230101,38.004
maize,MX27,20230101,60.943
maize,MX28,20230101,39.118
maize,MX29,20230101,20.703
maize,MX30,20230101,51.52
maize,MX31,20230101,69.041
maize,MX32,20230101,24.981
maize,MX01,20230111,25.611
maize,MX02,20230111,45.18
maize,MX03,20230111,38.938
maize,MX04,20230111,68.835
maize,MX05,20230111,27.827
maize,MX06,20230111,45.762
maize,MX07,20230111,48.991
maize,MX08,20230111,18.87
maize,MX09,20230111,20.783
maize,MX10,20230111,22.736
maize,MX11,20230111,29.767
maize,MX12,20230111,37.752
maize,MX13,20230111,34.652
maize,MX14,20230111,31.523
maize,MX15,20230111,26.102
maize,MX16,20230111,32.16
maize,MX17,20230111,31.677
maize,MX18,20230111,45.721
maize,MX19,20230111,29.121
maize,MX20,20230111,45.998
maize,MX21,20230111,25.236
maize,MX22,20230111,29.798
maize,MX23,20230111,81.41
maize,MX24,20230111,37.903
maize,MX25,20230111,53.196
maize,MX26,20230111,42.965
maize,MX27,20230111,61.007
maize,MX28,20230111,36.187
maize,MX29,20230111,19.725
maize,MX30,20230111,48.222
maize,MX31,20230111,68.95
maize,MX32,20230111,24.027
maize,MX01,20230121,25.161
maize,MX02,20230121,47.522
maize,MX03,20230121,37.64
maize,MX04,20230121,66.219
maize,MX05,20230121,27.781
maize,MX06,20230121,43.306
maize,MX07,20230121,47.731
maize,MX08,20230121,18.262
maize,MX09,20230121,19.536
maize,MX10,20230121,21.962
maize,MX11,20230121,31.569
maize,MX12,20230121,36.478
maize,MX13,20230121,34.069
maize,MX14,20230121,30.715
maize,MX15,20230121,24.766
maize,MX16,20230121,32.681
maize,MX17,20230121,30.067
maize,MX18,20230121,44.698
maize,MX19,20230121,27.207
maize,MX20,20230121,43.71
maize,MX21,20230121,24.193
maize,MX22,20230121,30.564
maize,MX23,20230121,80.688
maize,MX24,20230121,35.489
maize,MX25,20230121,57.918
maize,MX26,20230121,47.459
maize,MX27,20230121,60.947
maize,MX28,20230121,33.425
maize,MX29,20230121,18.926
maize,MX30,20230121,44.937
maize,MX31,20230121,69.066
maize,MX32,20230121,23.177
maize,MX01,20230201,24.598
maize,MX02,20230201,49.584
maize,MX03,20230201,35.96
maize,MX04,20230201,62.634
maize,MX05,20230201,27.801
maize,MX06,20230201,40.922
maize,MX07,20230201,46.343
maize,MX08,20230201,17.617
maize,MX09,20230201,18.438
maize,MX10,20230201,21.323
maize,MX11,20230201,33.663
maize,MX12,20230201,35.178
maize,MX13,20230201,33.587
maize,MX14,20230201,29.952
maize,MX15,20230201,23.558
maize,MX16,20230201,33.446
maize,MX17,20230201,28.458
maize,MX18,20230201,43.226
maize,MX19,20230201,25.455
maize,MX20,20230201,41.156
maize,MX21,20230201,23.2
maize,MX22,20230201,31.462
maize,MX23,20230201,78.93
maize,MX24,20230201,33.037
maize,MX25,20230201,61.993
maize,MX26,20230201,51.636
maize,MX27,20230201,60.685
maize,MX28,20230201,30.915
maize,MX29,20230201,18.203
maize,MX30,20230201,41.475
maize,MX31,20230201,69.336
maize,MX32,20230201,22.325
maize,MX01,20230211,24.004
maize,MX02,20230211,51.045
maize,MX03,20230211,34.505
maize,MX04,20230211,58.822
maize,MX05,20230211,27.84
maize,MX06,20230211,39.017
maize,MX07,20230211,44.961
maize,MX08,20230211,17.136
maize,MX09,20230211,17.828
maize,MX10,20230211,21.036
maize,MX11,20230211,35.222
maize,MX12,20230211,33.951
maize,MX13,20230211,33.197
maize,MX14,20230211,29.276
maize,MX15,20230211,22.64
maize,MX16,20230211,34.033
maize,MX17,20230211,27.044
maize,MX18,20230211,41.564
maize,MX19,20230211,24.223
maize,MX20,20230211,38.898
maize,MX21,20230211,22.388
maize,MX22,20230211,32.051
maize,MX23,20230211,76.621
maize,MX24,20230211,31.107
maize,MX25,20230211,64.532
maize,MX26,20230211,54.79
maize,MX27,20230211,59.947
maize,MX28,20230211,29.521
maize,MX29,20230211,17.693
maize,MX30,20230211,38.599
maize,MX31,20230211,69.39
maize,MX32,20230211,21.631
maize,MX01,20230221,23.322
maize,MX02,20230221,52.203
maize,MX03,20230221,33.548
maize,MX04,20230221,54.657
maize,MX05,20230221,27.755
maize,MX06,20230221,37.29
maize,MX07,20230221,43.335
maize,MX08,20230221,16.935
maize,MX09,20230221,17.375
maize,MX10,20230221,21.095
maize,MX11,20230221,36.1
maize,MX12,20230221,32.694
maize,MX13,20230221,32.701
maize,MX14,20230221,28.614
maize,MX15,20230221,21.899
maize,MX16,20230221,34.307
maize,MX17,20230221,25.815
maize,MX18,20230221,39.692
maize,MX19,20230221,23.277
maize,MX20,20230221,36.946
maize,MX21,20230221,21.748
maize,MX22,20230221,32.218
maize,MX23,20230221,73.548
maize,MX24,20230221,29.447
maize,MX25,20230221,65.921
maize,MX26,20230221,57.418
maize,MX27,20230221,58.883
maize,MX28,20230221,29.06
maize,MX29,20230221,17.342
maize,MX30,20230221,36.239
maize,MX31,20230221,68.665
maize,MX32,20230221,21.071
maize,MX01,20230301,22.719
maize,MX02,20230301,52.906
maize,MX03,20230301,32.915
maize,MX04,20230301,51.393
maize,MX05,20230301,27.473
maize,MX06,20230301,35.958
maize,MX07,20230301,42.159
maize,MX08,20230301,17.031
maize,MX09,20230301,17.33
maize,MX10,20230301,21.325
maize,MX11,20230301,36.215
maize,MX12,20230301,31.697
maize,MX13,20230301,32.236
maize,MX14,20230301,28.051
maize,MX15,20230301,21.537
maize,MX16,20230301,34.215
maize,MX17,20230301,25.062
maize,MX18,20230301,38.121
maize,MX19,20230301,22.831
maize,MX20,20230301,35.744
maize,MX21,20230301,21.359
maize,MX22,20230301,32.035
maize,MX23,20230301,70.554
maize,MX24,20230301,28.369
maize,MX25,20230301,66.239
maize,MX26,20230301,58.989
maize,MX27,20230301,57.803
maize,MX28,20230301,29.39
maize,MX29,20230301,17.201
maize,MX30,20230301,34.872
maize,MX31,20230301,67.488
maize,MX32,20230301,20.706
maize,MX01,20230311,21.987
maize,MX02,20230311,53.293
maize,MX03,20230311,32.092
maize,MX04,20230311,47.69
maize,MX05,20230311,26.784
maize,MX06,20230311,34.454
maize,MX07,20230311,40.833
maize,MX08,20230311,17.392
maize,MX09,20230311,17.55
maize,MX10,20230311,21.755
maize,MX11,20230311,35.48
maize,MX12,20230311,30.557
maize,MX13,20230311,31.624
maize,MX14,20230311,27.298
maize,MX15,20230311,21.333
maize,MX16,20230311,33.634
maize,MX17,20230311,24.426
maize,MX18,20230311,36.107
maize,MX19,20230311,22.873
maize,MX20,20230311,34.859
maize,MX21,20230311,21.004
maize,MX22,20230311,31.265
maize,MX23,20230311,66.642
maize,MX24,20230311,27.549
maize,MX25,20230311,65.527
maize,MX26,20230311,59.91
maize,MX27,20230311,56.304
maize,MX28,20230311,30.741
maize,MX29,20230311,17.138
maize,MX30,20230311,34.012
maize,MX31,20230311,65.402
maize,MX32,20230311,20.371
maize,MX01,20230321,21.329
maize,MX02,20230321,52.831
maize,MX03,20230321,30.896
maize,MX04,20230321,44.698
maize,MX05,20230321,25.836
maize,MX06,20230321,33.258
maize,MX07,20230321,39.732
maize,MX08,20230321,17.956
maize,MX09,20230321,17.863
maize,MX10,20230321,22.201
maize,MX11,20230321,33.749
maize,MX12,20230321,29.621
maize,MX13,20230321,31.03
maize,MX14,20230321,26.43
maize,MX15,20230321,21.391
maize,MX16,20230321,32.461
maize,MX17,20230321,24.044
maize,MX18,20230321,34.181
maize,MX19,20230321,23.782
maize,MX20,20230321,34.629
maize,MX21,20230321,20.763
maize,MX22,20230321,29.913
maize,MX23,20230321,62.653
maize,MX24,20230321,27.452
maize,MX25,20230321,63.673
maize,MX26,20230321,59.356
maize,MX27,20230321,54.914
maize,MX28,20230321,33.008
maize,MX29,20230321,17.189
maize,MX30,20230321,34.077
maize,MX31,20230321,62.711
maize,MX32,20230321,20.156
maize,MX01,20230401,20.709
maize,MX02,20230401,51.03
maize,MX03,20230401,29.376
maize,MX04,20230401,42.086
maize,MX05,20230401,25.023
maize,MX06,20230401,32.238
maize,MX07,20230401,38.844
maize,MX08,20230401,18.648
maize,MX09,20230401,18.341
maize,MX10,20230401,22.619
maize,MX11,20230401,30.923
maize,MX12,20230401,28.873
maize,MX13,20230401,30.533
maize,MX14,20230401,25.303
maize,MX15,20230401,21.645
maize,MX16,20230401,30.589
maize,MX17,20230401,23.753
maize,MX18,20230401,32.192
maize,MX19,20230401,25.965
maize,MX20,20230401,35.122
maize,MX21,20230401,20.729
maize,MX22,20230401,27.987
maize,MX23,20230401,58.508
maize,MX24,20230401,28.355
maize,MX25,20230401,60.569
maize,MX26,20230401,56.766
maize,MX27,20230401,53.71
maize,MX28,20230401,36.448
maize,MX29,20230401,17.451
maize,MX30,20230401,35.203
maize,MX31,20230401,59.141
maize,MX32,20230401,20.003
maize,MX01,20230411,20.334
maize,MX02,20230411,48.413
maize,MX03,20230411,28.092
maize,MX04,20230411,40.39
maize,MX05,20230411,25.048
maize,MX06,20230411,31.697
maize,MX07,20230411,38.41
maize,MX08,20230411,19.266
maize,MX09,20230411,18.587
maize,MX10,20230411,22.921
maize,MX11,20230411,28.118
maize,MX12,20230411,28.575
maize,MX13,20230411,30.517
maize,MX14,20230411,24.325
maize,MX15,20230411,22.063
maize,MX16,20230411,28.745
maize,MX17,20230411,23.56
maize,MX18,20230411,30.747
maize,MX19,20230411,28.802
maize,MX20,20230411,36.261
maize,MX21,20230411,20.973
maize,MX22,20230411,26.394
maize,MX23,20230411,55.198
maize,MX24,20230411,30.008
maize,MX25,20230411,56.958
maize,MX26,20230411,52.692
maize,MX27,20230411,52.883
maize,MX28,20230411,40.18
maize,MX29,20230411,17.947
maize,MX30,20230411,37.018
maize,MX31,20230411,55.796
maize,MX32,20230411,19.939
maize,MX01,20230421,20.103
maize,MX02,20230421,45.448
maize,MX03,20230421,27.035
maize,MX04,20230421,39.438
maize,MX05,20230421,26.031
maize,MX06,20230421,31.221
maize,MX07,20230421,38.391
maize,MX08,20230421,19.88
maize,MX09,20230421,18.855
maize,MX10,20230421,22.874
maize,MX11,20230421,25.671
maize,MX12,20230421,28.553
maize,MX13,20230421,31.172
maize,MX14,20230421,23.403
maize,MX15,20230421,22.638
maize,MX16,20230421,27.102
maize,MX17,20230421,23.509
maize,MX18,20230421,29.496
maize,MX19,20230421,31.882
maize,MX20,20230421,38.034
maize,MX21,20230421,21.556
maize,MX22,20230421,25.392
maize,MX23,20230421,52.624
maize,MX24,20230421,32.061
maize,MX25,20230421,52.469
maize,MX26,20230421,47.562
maize,MX27,20230421,52.405
maize,MX28,20230421,43.734
maize,MX29,20230421,18.694
maize,MX30,20230421,39.305
maize,MX31,20230421,52.84
maize,MX32,20230421,19.861
maize,MX01,20230501,20.069
maize,MX02,20230501,42.341
maize,MX03,20230501,26.165
maize,MX04,20230501,39.22
maize,MX05,20230501,28.122
maize,MX06,20230501,30.702
maize,MX07,20230501,38.972
maize,MX08,20230501,20.702
maize,MX09,20230501,19.324
maize,MX10,20230501,22.655
maize,MX11,20230501,24.299
maize,MX12,20230501,29.019
maize,MX13,20230501,32.774
maize,MX14,20230501,22.648
maize,MX15,20230501,23.597
maize,MX16,20230501,26.095
maize,MX17,20230501,23.789
maize,MX18,20230501,28.497
maize,MX19,20230501,34.871
maize,MX20,20230501,40.387
maize,MX21,20230501,22.76
maize,MX22,20230501,25.506
maize,MX23,20230501,51.249
maize,MX24,20230501,34.301
maize,MX25,20230501,47.185
maize,MX26,20230501,42.342
maize,MX27,20230501,52.078
maize,MX28,20230501,46.679
maize,MX29,20230501,19.958
maize,MX30,20230501,41.72
maize,MX31,20230501,51.016
maize,MX32,20230501,19.788
maize,MX01,20230511,20.243
maize,MX02,20230511,39.802
maize,MX03,20230511,25.395
maize,MX04,20230511,39.61
maize,MX05,20230511,31.305
maize,MX06,20230511,30.238
maize,MX07,20230511,40.143
maize,MX08,20230511,22.154
maize,MX09,20230511,19.91
maize,MX10,20230511,22.426
maize,MX11,20230511,24.385
maize,MX12,20230511,30.026
maize,MX13,20230511,35.229
maize,MX14,20230511,22.208
maize,MX15,20230511,25.181
maize,MX16,20230511,26.025
maize,MX17,20230511,24.672
maize,MX18,20230511,27.731
maize,MX19,20230511,37.477
maize,MX20,20230511,43.153
maize,MX21,20230511,24.762
maize,MX22,20230511,26.751
maize,MX23,20230511,51.275
maize,MX24,20230511,36.48
maize,MX25,20230511,41.799
maize,MX26,20230511,37.692
maize,MX27,20230511,52.235
maize,MX28,20230511,48.648
maize,MX29,20230511,21.946
maize,MX30,20230511,44.218
maize,MX31,20230511,50.752
maize,MX32,20230511,19.844
maize,MX01,20230521,20.553
maize,MX02,20230521,38.056
maize,MX03,20230521,24.598
maize,MX04,20230521,40.648
maize,MX05,20230521,35.008
maize,MX06,20230521,30.186
maize,MX07,20230521,41.88
maize,MX08,20230521,24.714
maize,MX09,20230521,20.856
maize,MX10,20230521,22.428
maize,MX11,20230521,26.008
maize,MX12,20230521,31.6
maize,MX13,20230521,37.966
maize,MX14,20230521,22.222
maize,MX15,20230521,27.391
maize,MX16,20230521,27.037
maize,MX17,20230521,26.24
maize,MX18,20230521,27.397
maize,MX19,20230521,39.464
maize,MX20,20230521,46.236
maize,MX21,20230521,27.536
maize,MX22,20230521,28.858
maize,MX23,20230521,53.697
maize,MX24,20230521,38.296
maize,MX25,20230521,36.579
maize,MX26,20230521,34.045
maize,MX27,20230521,53.005
maize,MX28,20230521,49.423
maize,MX29,20230521,24.806
maize,MX30,20230521,46.658
maize,MX31,20230521,52.252
maize,MX32,20230521,20.136
maize,MX01,20230601,21.118
maize,MX02,20230601,36.719
maize,MX03,20230601,23.812
maize,MX04,20230601,42.027
maize,MX05,20230601,38.614
maize,MX06,20230601,31.215
maize,MX07,20230601,44.41
maize,MX08,20230601,29.205
maize,MX09,20230601,21.712
maize,MX10,20230601,23.037
maize,MX11,20230601,29.462
maize,MX12,20230601,33.771
maize,MX13,20230601,40.383
maize,MX14,20230601,23.001
maize,MX15,20230601,30.207
maize,MX16,20230601,29.495
maize,MX17,20230601,28.488
maize,MX18,20230601,27.906
maize,MX19,20230601,40.302
maize,MX20,20230601,49.491
maize,MX21,20230601,30.997
maize,MX22,20230601,31.645
maize,MX23,20230601,57.833
maize,MX24,20230601,39.231
maize,MX25,20230601,31.799
maize,MX26,20230601,30.849
maize,MX27,20230601,53.591
maize,MX28,20230601,48.396
maize,MX29,20230601,28.533
maize,MX30,20230601,48.957
maize,MX31,20230601,55.074
maize,MX32,20230601,20.864
maize,MX01,20230611,22.006
maize,MX02,20230611,35.882
maize,MX03,20230611,23.024
maize,MX04,20230611,43.377
maize,MX05,20230611,40.52
maize,MX06,20230611,33.903
maize,MX07,20230611,47.421
maize,MX08,20230611,34.791
maize,MX09,20230611,22.645
maize,MX10,20230611,24.608
maize,MX11,20230611,33.992
maize,MX12,20230611,36.321
maize,MX13,20230611,41.733
maize,MX14,20230611,25.094
maize,MX15,20230611,33.061
maize,MX16,20230611,33.189
maize,MX17,20230611,30.638
maize,MX18,20230611,29.718
maize,MX19,20230611,39.6
maize,MX20,20230611,51.946
maize,MX21,20230611,33.79
maize,MX22,20230611,34.259
maize,MX23,20230611,62.475
maize,MX24,20230611,38.956
maize,MX25,20230611,28.703
maize,MX26,20230611,28.674
maize,MX27,20230611,54.05
maize,MX28,20230611,45.635
maize,MX29,20230611,31.959
maize,MX30,20230611,50.728
maize,MX31,20230611,58.027
maize,MX32,20230611,22.295
maize,MX01,20230621,23.592
maize,MX02,20230621,35.111
maize,MX03,20230621,22.076
maize,MX04,20230621,45.12
maize,MX05,20230621,41.152
maize,MX06,20230621,38.905
maize,MX07,20230621,51.24
maize,MX08,20230621,41.295
maize,MX09,20230621,23.867
maize,MX10,20230621,27.476
maize,MX11,20230621,39.674
maize,MX12,20230621,40.088
maize,MX13,20230621,42.765
maize,MX14,20230621,29.052
maize,MX15,20230621,36.632
maize,MX16,20230621,38.489
maize,MX17,20230621,33.408
maize,MX18,20230621,33.308
maize,MX19,20230621,37.908
maize,MX20,20230621,53.91
maize,MX21,20230621,36.508
maize,MX22,20230621,37.125
maize,MX23,20230621,67.268
maize,MX24,20230621,37.983
maize,MX25,20230621,27.005
maize,MX26,20230621,27.308
maize,MX27,20230621,55.014
maize,MX28,20230621,41.896
maize,MX29,20230621,35.561
maize,MX30,20230621,52.444
maize,MX31,20230621,61.023
maize,MX32,20230621,24.88
maize,MX01,20230701,25.88
maize,MX02,20230701,34.092
maize,MX03,20230701,21.222
maize,MX04,20230701,47.841
maize,MX05,20230701,40.697
maize,MX06,20230701,45.777
maize,MX07,20230701,55.604
maize,MX08,20230701,47.658
maize,MX09,20230701,25.753
maize,MX10,20230701,31.304
maize,MX11,20230701,45.93
maize,MX12,20230701,45.357
maize,MX13,20230701,43.924
maize,MX14,20230701,34.929
maize,MX15,20230701,41.257
maize,MX16,20230701,45.127
maize,MX17,20230701,37.586
maize,MX18,20230701,38.603
maize,MX19,20230701,36.033
maize,MX20,20230701,55.747
maize,MX21,20230701,39.704
maize,MX22,20230701,40.278
maize,MX23,20230701,72.044
maize,MX24,20230701,36.874
maize,MX25,20230701,26.722
maize,MX26,20230701,27.025
maize,MX27,20230701,57.125
maize,MX28,20230701,38.185
maize,MX29,20230701,39.78
maize,MX30,20230701,54.555
maize,MX31,20230701,64.182
maize,MX32,20230701,28.714
maize,MX01,20230711,28.385
maize,MX02,20230711,32.978
maize,MX03,20230711,20.761
maize,MX04,20230711,50.903
maize,MX05,20230711,39.733
maize,MX06,20230711,53.088
maize,MX07,20230711,59.521
maize,MX08,20230711,52.475
maize,MX09,20230711,28.153
maize,MX10,20230711,35.192
maize,MX11,20230711,51.424
maize,MX12,20230711,51.07
maize,MX13,20230711,45.023
maize,MX14,20230711,41.392
maize,MX15,20230711,46.001
maize,MX16,20230711,51.713
maize,MX17,20230711,42.695
maize,MX18,20230711,44.244
maize,MX19,20230711,34.414
maize,MX20,20230711,57.3
maize,MX21,20230711,43.13
maize,MX22,20230711,43.124
maize,MX23,20230711,75.288
maize,MX24,20230711,36.015
maize,MX25,20230711,27.085
maize,MX26,20230711,27.581
maize,MX27,20230711,59.528
maize,MX28,20230711,35.28
maize,MX29,20230711,43.946
maize,MX30,20230711,56.504
maize,MX31,20230711,66.904
maize,MX32,20230711,32.986
maize,MX01,20230721,30.75
maize,MX02,20230721,31.654
maize,MX03,20230721,20.101
maize,MX04,20230721,54.854
maize,MX05,20230721,37.865
maize,MX06,20230721,59.716
maize,MX07,20230721,63.318
maize,MX08,20230721,55.91
maize,MX09,20230721,30.822
maize,MX10,20230721,37.961
maize,MX11,20230721,56.176
maize,MX12,20230721,57.776
maize,MX13,20230721,46.045
maize,MX14,20230721,48.735
maize,MX15,20230721,51.284
maize,MX16,20230721,58.165
maize,MX17,20230721,49.869
maize,MX18,20230721,50.69
maize,MX19,20230721,32.746
maize,MX20,20230721,58.424
maize,MX21,20230721,47.141
maize,MX22,20230721,45.723
maize,MX23,20230721,78.722
maize,MX24,20230721,35.062
maize,MX25,20230721,28.674
maize,MX26,20230721,28.903
maize,MX27,20230721,62.328
maize,MX28,20230721,32.769
maize,MX29,20230721,48.533
maize,MX30,20230721,58.559
maize,MX31,20230721,69.392
maize,MX32,20230721,37.177
maize,MX01,20230801,34.75
maize,MX02,20230801,30.735
maize,MX03,20230801,20.097
maize,MX04,20230801,61.265
maize,MX05,20230801,35.862
maize,MX06,20230801,65.051
maize,MX07,20230801,67.367
maize,MX08,20230801,58.779
maize,MX09,20230801,35.779
maize,MX10,20230801,39.493
maize,MX11,20230801,61.058
maize,MX12,20230801,66.171
maize,MX13,20230801,47.662
maize,MX14,20230801,57.484
maize,MX15,20230801,57.268
maize,MX16,20230801,64.981
maize,MX17,20230801,59.038
maize,MX18,20230801,58.096
maize,MX19,20230801,31.142
maize,MX20,20230801,59.886
maize,MX21,20230801,52.515
maize,MX22,20230801,48.611
maize,MX23,20230801,81.9
maize,MX24,20230801,34.533
maize,MX25,20230801,31.683
maize,MX26,20230801,32.139
maize,MX27,20230801,65.016
maize,MX28,20230801,30.94
maize,MX29,20230801,53.852
maize,MX30,20230801,60.545
maize,MX31,20230801,71.902
maize,MX32,20230801,42.706
maize,MX01,20230811,37.738
maize,MX02,20230811,30.207
maize,MX03,20230811,20.945
maize,MX04,20230811,66.464
maize,MX05,20230811,34.554
maize,MX06,20230811,67.701
maize,MX07,20230811,69.664
maize,MX08,20230811,59.495
maize,MX09,20230811,39.897
maize,MX10,20230811,39.993
maize,MX11,20230811,63.565
maize,MX12,20230811,72.009
maize,MX13,20230811,48.357
maize,MX14,20230811,63.299
maize,MX15,20230811,60.866
maize,MX16,20230811,68.987
maize,MX17,20230811,65.67
maize,MX18,20230811,63.018
maize,MX19,20230811,30.285
maize,MX20,20230811,60.78
maize,MX21,20230811,56.331
maize,MX22,20230811,50.216
maize,MX23,20230811,83.102
maize,MX24,20230811,34.308
maize,MX25,20230811,33.631
maize,MX26,20230811,34.889
maize,MX27,20230811,66.019
maize,MX28,20230811,30.091
maize,MX29,20230811,56.964
maize,MX30,20230811,61.614
maize,MX31,20230811,73.328
maize,MX32,20230811,46.754
maize,MX01,20230821,40.337
maize,MX02,20230821,30.099
maize,MX03,20230821,22.51
maize,MX04,20230821,71.508
maize,MX05,20230821,33.839
maize,MX06,20230821,69.331
maize,MX07,20230821,71.128
maize,MX08,20230821,58.914
maize,MX09,20230821,44.016
maize,MX10,20230821,40.067
maize,MX11,20230821,64.632
maize,MX12,20230821,76.561
maize,MX13,20230821,48.579
maize,MX14,20230821,67.484
maize,MX15,20230821,63.096
maize,MX16,20230821,71.518
maize,MX17,20230821,70.624
maize,MX18,20230821,66.593
maize,MX19,20230821,29.886
maize,MX20,20230821,61.586
maize,MX21,20230821,59.097
maize,MX22,20230821,50.882
maize,MX23,20230821,83.557
maize,MX24,20230821,34.468
maize,MX25,20230821,34.842
maize,MX26,20230821,37.402
maize,MX27,20230821,66.045
maize,MX28,20230821,29.897
maize,MX29,20230821,58.361
maize,MX30,20230821,62.169
maize,MX31,20230821,74.423
maize,MX32,20230821,50.193
maize,MX01,20230901,41.843
maize,MX02,20230901,30.115
maize,MX03,20230901,24.534
maize,MX04,20230901,76.453
maize,MX05,20230901,33.523
maize,MX06,20230901,70.279
maize,MX07,20230901,72.038
maize,MX08,20230901,56.343
maize,MX09,20230901,47.67
maize,MX10,20230901,40.051
maize,MX11,20230901,63.941
maize,MX12,20230901,79.569
maize,MX13,20230901,47.796
maize,MX14,20230901,69.802
maize,MX15,20230901,63.645
maize,MX16,20230901,72.504
maize,MX17,20230901,73.493
maize,MX18,20230901,68.872
maize,MX19,20230901,30.191
maize,MX20,20230901,62.126
maize,MX21,20230901,60.535
maize,MX22,20230901,50.236
maize,MX23,20230901,83.549
maize,MX24,20230901,34.748
maize,MX25,20230901,34.87
maize,MX26,20230901,38.813
maize,MX27,20230901,65.589
maize,MX28,20230901,30.204
maize,MX29,20230901,57.962
maize,MX30,20230901,62.226
maize,MX31,20230901,75.132
maize,MX32,20230901,52.571
maize,MX01,20230911,41.356
maize,MX02,20230911,30.123
maize,MX03,20230911,25.973
maize,MX04,20230911,79.93
maize,MX05,20230911,33.465
maize,MX06,20230911,70.614
maize,MX07,20230911,72.249
maize,MX08,20230911,52.286
maize,MX09,20230911,49.452
maize,MX10,20230911,40.131
maize,MX11,20230911,61.378
maize,MX12,20230911,80.05
maize,MX13,20230911,46.061
maize,MX14,20230911,69.685
maize,MX15,20230911,62.14
maize,MX16,20230911,71.528
maize,MX17,20230911,73.207
maize,MX18,20230911,69.525
maize,MX19,20230911,31.184
maize,MX20,20230911,62.143
maize,MX21,20230911,59.844
maize,MX22,20230911,48.383
maize,MX23,20230911,83.218
maize,MX24,20230911,35.082
maize,MX25,20230911,33.693
maize,MX26,20230911,37.985
maize,MX27,20230911,65.054
maize,MX28,20230911,30.827
maize,MX29,20230911,55.689
maize,MX30,20230911,62.136
maize,MX31,20230911,75.201
maize,MX32,20230911,52.858
maize,MX01,20230921,39.887
maize,MX02,20230921,30.318
maize,MX03,20230921,26.379
maize,MX04,20230921,81.846
maize,MX05,20230921,33.511
maize,MX06,20230921,70.691
maize,MX07,20230921,71.735
maize,MX08,20230921,47.218
maize,MX09,20230921,49.374
maize,MX10,20230921,40.277
maize,MX11,20230921,57.158
maize,MX12,20230921,78.682
maize,MX13,20230921,43.681
maize,MX14,20230921,67.679
maize,MX15,20230921,59.061
maize,MX16,20230921,68.779
maize,MX17,20230921,70.363
maize,MX18,20230921,69.095
maize,MX19,20230921,32.571
maize,MX20,20230921,61.407
maize,MX21,20230921,57.285
maize,MX22,20230921,45.675
maize,MX23,20230921,81.961
maize,MX24,20230921,35.37
maize,MX25,20230921,31.914
maize,MX26,20230921,35.356
maize,MX27,20230921,64.471
maize,MX28,20230921,31.493
maize,MX29,20230921,51.736
maize,MX30,20230921,61.784
maize,MX31,20230921,74.343
maize,MX32,20230921,51.624
maize,MX01,20231001,38.581
maize,MX02,20231001,30.711
maize,MX03,20231001,26.267
maize,MX04,20231001,82.156
maize,MX05,20231001,33.603
maize,MX06,20231001,70.977
maize,MX07,20231001,70.826
maize,MX08,20231001,41.809
maize,MX09,20231001,48.084
maize,MX10,20231001,40.483
maize,MX11,20231001,52.022
maize,MX12,20231001,76.218
maize,MX13,20231001,41.275
maize,MX14,20231001,64.602
maize,MX15,20231001,55.16
maize,MX16,20231001,64.895
maize,MX17,20231001,66.036
maize,MX18,20231001,68.021
maize,MX19,20231001,34.395
maize,MX20,20231001,60.308
maize,MX21,20231001,53.552
maize,MX22,20231001,42.846
maize,MX23,20231001,80.228
maize,MX24,20231001,35.98
maize,MX25,20231001,30.211
maize,MX26,20231001,32.069
maize,MX27,20231001,63.993
maize,MX28,20231001,32.361
maize,MX29,20231001,46.886
maize,MX30,20231001,61.629
maize,MX31,20231001,72.777
maize,MX32,20231001,49.815
maize,MX01,20231011,38.061
maize,MX02,20231011,31.417
maize,MX03,20231011,26.289
maize,MX04,20231011,81.044
maize,MX05,20231011,33.841
maize,MX06,20231011,71.438
maize,MX07,20231011,69.57
maize,MX08,20231011,36.744
maize,MX09,20231011,45.904
maize,MX10,20231011,40.63
maize,MX11,20231011,46.737
maize,MX12,20231011,73.103
maize,MX13,20231011,39.37
maize,MX14,20231011,61.005
maize,MX15,20231011,51.087
maize,MX16,20231011,60.58
maize,MX17,20231011,61.061
maize,MX18,20231011,66.583
maize,MX19,20231011,36.214
maize,MX20,20231011,59.07
maize,MX21,20231011,49.446
maize,MX22,20231011,40.151
maize,MX23,20231011,78.048
maize,MX24,20231011,37.072
maize,MX25,20231011,29.152
maize,MX26,20231011,29.013
maize,MX27,20231011,63.679
maize,MX28,20231011,33.434
maize,MX29,20231011,41.974
maize,MX30,20231011,61.744
maize,MX31,20231011,70.689
maize,MX32,20231011,47.988
maize,MX01,20231021,38.0
maize,MX02,20231021,32.547
maize,MX03,20231021,26.761
maize,MX04,20231021,78.899
maize,MX05,20231021,34.292
maize,MX06,20231021,71.803
maize,MX07,20231021,68.005
maize,MX08,20231021,32.451
maize,MX09,20231021,43.035
maize,MX10,20231021,40.246
maize,MX11,20231021,41.757
maize,MX12,20231021,69.489
maize,MX13,20231021,38.125
maize,MX14,20231021,56.988
maize,MX15,20231021,47.189
maize,MX16,20231021,56.215
maize,MX17,20231021,55.972
maize,MX18,20231021,64.674
maize,MX19,20231021,37.726
maize,MX20,20231021,57.847
maize,MX21,20231021,45.395
maize,MX22,20231021,37.813
maize,MX23,20231021,75.885
maize,MX24,20231021,38.627
maize,MX25,20231021,29.18
maize,MX26,20231021,26.842
maize,MX27,20231021,63.416
maize,MX28,20231021,34.692
maize,MX29,20231021,37.382
maize,MX30,20231021,62.124
maize,MX31,20231021,68.518
maize,MX32,20231021,46.045
maize,MX01,20231101,38.15
maize,MX02,20231101,34.23
maize,MX03,20231101,27.838
maize,MX04,20231101,75.998
maize,MX05,20231101,34.86
maize,MX06,20231101,70.994
maize,MX07,20231101,65.853
maize,MX08,20231101,28.693
maize,MX09,20231101,39.551
maize,MX10,20231101,39.158
maize,MX11,20231101,36.983
maize,MX12,20231101,64.928
maize,MX13,20231101,37.447
maize,MX14,20231101,52.071
maize,MX15,20231101,43.305
maize,MX16,20231101,51.311
maize,MX17,20231101,50.677
maize,MX18,20231101,61.964
maize,MX19,20231101,39.052
maize,MX20,20231101,56.409
maize,MX21,20231101,41.376
maize,MX22,20231101,35.63
maize,MX23,20231101,73.677
maize,MX24,20231101,40.78
maize,MX25,20231101,30.358
maize,MX26,20231101,25.465
maize,MX27,20231101,63.062
maize,MX28,20231101,36.266
maize,MX29,20231101,33.021
maize,MX30,20231101,62.74
maize,MX31,20231101,66.474
maize,MX32,20231101,43.556
maize,MX01,20231111,38.627
maize,MX02,20231111,35.828
maize,MX03,20231111,29.112
maize,MX04,20231111,73.708
maize,MX05,20231111,35.569
maize,MX06,20231111,68.881
maize,MX07,20231111,63.393
maize,MX08,20231111,26.04
maize,MX09,20231111,36.279
maize,MX10,20231111,37.827
maize,MX11,20231111,33.517
maize,MX12,20231111,60.239
maize,MX13,20231111,37.176
maize,MX14,20231111,47.659
maize,MX15,20231111,40.21
maize,MX16,20231111,46.854
maize,MX17,20231111,46.368
maize,MX18,20231111,59.275
maize,MX19,20231111,40.269
maize,MX20,20231111,54.97
maize,MX21,20231111,38.251
maize,MX22,20231111,33.994
maize,MX23,20231111,72.624
maize,MX24,20231111,42.857
maize,MX25,20231111,32.259
maize,MX26,20231111,25.095
maize,MX27,20231111,62.395
maize,MX28,20231111,37.987
maize,MX29,20231111,29.727
maize,MX30,20231111,63.136
maize,MX31,20231111,65.021
maize,MX32,20231111,41.19
maize,MX01,20231121,39.299
maize,MX02,20231121,37.378
maize,MX03,20231121,30.462
maize,MX04,20231121,72.22
maize,MX05,20231121,36.028
maize,MX06,20231121,66.027
maize,MX07,20231121,60.4
maize,MX08,20231121,24.044
maize,MX09,20231121,33.122
maize,MX10,20231121,36.12
maize,MX11,20231121,31.104
maize,MX12,20231121,55.607
maize,MX13,20231121,37.164
maize,MX14,20231121,43.884
maize,MX15,20231121,37.733
maize,MX16,20231121,42.882
maize,MX17,20231121,42.883
maize,MX18,20231121,56.838
maize,MX19,20231121,41.528
maize,MX20,20231121,53.454
maize,MX21,20231121,35.646
maize,MX22,20231121,32.715
maize,MX23,20231121,72.518
maize,MX24,20231121,44.684
maize,MX25,20231121,34.851
maize,MX26,20231121,25.674
maize,MX27,20231121,61.365
maize,MX28,20231121,39.716
maize,MX29,20231121,27.029
maize,MX30,20231121,62.945
maize,MX31,20231121,64.267
maize,MX32,20231121,38.921
maize,MX01,20231201,39.542
maize,MX02,20231201,38.691
maize,MX03,20231201,31.579
maize,MX04,20231201,71.582
maize,MX05,20231201,35.907
maize,MX06,20231201,63.101
maize,MX07,20231201,57.251
maize,MX08,20231201,22.522
maize,MX09,20231201,30.422
maize,MX10,20231201,33.904
maize,MX11,20231201,29.733
maize,MX12,20231201,51.446
maize,MX13,20231201,37.51
maize,MX14,20231201,41.065
maize,MX15,20231201,35.94
maize,MX16,20231201,39.812
maize,MX17,20231201,40.328
maize,MX18,20231201,54.95
maize,MX19,20231201,42.682
maize,MX20,20231201,51.884
maize,MX21,20231201,33.536
maize,MX22,20231201,31.91
maize,MX23,20231201,73.374
maize,MX24,20231201,45.92
maize,MX25,20231201,38.49
maize,MX26,20231201,27.392
maize,MX27,20231201,60.318
maize,MX28,20231201,41.309
maize,MX29,20231201,24.979
maize,MX30,20231201,62.032
maize,MX31,20231201,63.945
maize,MX32,20231201,36.68
maize,MX01,20231211,39.371
maize,MX02,20231211,39.967
maize,MX03,20231211,32.321
maize,MX04,20231211,71.577
maize,MX05,20231211,35.292
maize,MX06,20231211,60.359
maize,MX07,20231211,54.242
maize,MX08,20231211,21.403
maize,MX09,20231211,27.982
maize,MX10,20231211,31.543
maize,MX11,20231211,29.329
maize,MX12,20231211,47.919
maize,MX13,20231211,38.016
maize,MX14,20231211,39.329
maize,MX15,20231211,34.613
maize,MX16,20231211,37.747
maize,MX17,20231211,38.388
maize,MX18,20231211,53.67
maize,MX19,20231211,43.474
maize,MX20,20231211,50.446
maize,MX21,20231211,31.663
maize,MX22,20231211,31.678
maize,MX23,20231211,75.179
maize,MX24,20231211,46.446
maize,MX25,20231211,43.338
maize,MX26,20231211,30.374
maize,MX27,20231211,59.614
maize,MX28,20231211,42.523
maize,MX29,20231211,23.401
maize,MX30,20231211,60.672
maize,MX31,20231211,64.154
maize,MX32,20231211,34.652
maize,MX01,20231221,38.45
maize,MX02,20231221,41.639
maize,MX03,20231221,32.51
maize,MX04,20231221,71.804
maize,MX05,20231221,34.472
maize,MX06,20231221,57.658
maize,MX07,20231221,51.558
maize,MX08,20231221,20.57
maize,MX09,20231221,25.65
maize,MX10,20231221,29.19
maize,MX11,20231221,29.532
maize,MX12,20231221,44.965
maize,MX13,20231221,38.178
maize,MX14,20231221,38.252
maize,MX15,20231221,33.262
maize,MX16,20231221,36.46
maize,MX17,20231221,36.478
maize,MX18,20231221,52.616
maize,MX19,20231221,43.499
maize,MX20,20231221,49.194
maize,MX21,20231221,29.717
maize,MX22,20231221,31.84
maize,MX23,20231221,77.566
maize,MX24,20231221,45.978
maize,MX25,20231221,49.033
maize,MX26,20231221,34.588
maize,MX27,20231221,59.41
maize,MX28,20231221,42.864
maize,MX29,20231221,22.053
maize,MX30,20231221,59.029
maize,MX31,20231221,64.748
maize,MX32,20231221,32.631
