adm_id,awc,bulk_density,year,max_cum_gdd1,max_cum_gdd6,max_cum_gdd7,max_cum_gdd8,max_cum_gdd9,max_cum_gdd10,max_cum_gdd11,max_cum_gdd12,max_cum_prec1,max_cum_prec6,max_cum_prec7,max_cum_prec8,max_cum_prec9,max_cum_prec10,max_cum_prec11,max_cum_prec12,mean_cum_cwb1,mean_cum_cwb6,mean_cum_cwb7,mean_cum_cwb8,mean_cum_cwb9,mean_cum_cwb10,mean_cum_cwb11,mean_cum_cwb12,mean_prec1,mean_prec6,mean_prec7,mean_prec8,mean_prec9,mean_prec10,mean_prec11,mean_prec12,mean_rad1,mean_rad6,mean_rad7,mean_rad8,mean_rad9,mean_rad10,mean_rad11,mean_rad12,mean_tavg1,mean_tavg6,mean_tavg7,mean_tavg8,mean_tavg9,mean_tavg10,mean_tavg11,mean_tavg12,mean_tmax1,mean_tmax6,mean_tmax7,mean_tmax8,mean_tmax9,mean_tmax10,mean_tmax11,mean_tmax12,mean_tmin1,mean_tmin6,mean_tmin7,mean_tmin8,mean_tmin9,mean_tmin10,mean_tmin11,mean_tmin12,tmin<0p1,tmin<0p6,tmin<0p7,tmin<0p8,tmin<0p9,tmin<0p10,tmin<0p11,tmin<0p12,tmax>35p1,tmax>35p6,tmax>35p7,tmax>35p8,tmax>35p9,tmax>35p10,tmax>35p11,tmax>35p12,prec<1p1,prec<1p6,prec<1p7,prec<1p8,prec<1p9,prec<1p10,prec<1p11,prec<1p12,max_cum_fpar1,max_cum_fpar7,max_cum_fpar8,max_cum_fpar9,max_cum_fpar10,max_cum_fpar11,max_cum_fpar12,max_cum_ndvi1,max_cum_ndvi7,max_cum_ndvi8,max_cum_ndvi9,max_cum_ndvi10,max_cum_ndvi11,max_cum_ndvi12,mean_ssm1,mean_ssm6,mean_ssm7,mean_ssm8,mean_ssm9,mean_ssm10,mean_ssm11,mean_ssm12,yield
ZA-A1-0001,12.089,1.492,2004,0.0,6.006,58.096000000000004,92.58600000000001,194.995,386.654,636.95,862.3,0.0,0.0,22.063,96.157,123.353,161.434,173.234,201.999,0.0,-3.6093333333333333,-21.356387096774192,-32.63016129032258,-60.229400000000005,-142.3451935483871,-265.79766666666666,-409.8246,0.0,0.0,0.7117096774193548,2.390129032258064,0.9065333333333333,1.2284193548387097,0.39333333333333337,1.1506,0.0,11546919.0,10604112.14516129,12641931.887096774,16836935.033333335,20905927.419354837,26322381.366666667,26415527.6,0.0,12.002,11.339967741935483,10.339290322580647,13.413633333333333,16.182548387096773,18.343200000000003,19.014,0.0,22.483999999999998,17.768,16.330870967741937,19.444533333333332,22.636354838709675,25.359166666666667,25.737800000000004,0.0,5.205,6.2826129032258065,5.915741935483871,9.2362,11.575774193548387,13.385700000000002,14.349,0.0,0.0,0.0,0.0,0.0,0.0,0.0,0.0,0.0,0.0,0.0,0.0,0.0,0.0,0.0,0.0,0.0,3.0,25.0,21.0,21.0,23.0,25.0,17.0,0.0,206.945,411.517,601.674,757.773,877.487,978.847,0.0,2.548,5.069,7.477,8.971,10.589,11.744,0.0,3.6953333333333336,3.823967741935484,4.154612903225806,3.9929666666666668,3.8369354838709677,3.4879666666666664,3.37372,6.0
ZA-A1-0002,12.173,1.457,2004,1118.6680000000001,0.0,12.146,59.376000000000005,170.69,377.788,605.79,879.293,495.47,0.0,0.055999999999999994,34.978,88.186,142.641,267.112,353.798,-331.53183333333334,0.0,-8.31,-37.03067741935484,-97.0044,-185.02293548387098,-246.92296666666667,-304.1407096774194,5.903,0.0,0.013999999999999999,1.126516129032258,1.7735999999999998,1.7566129032258064,4.149033333333334,2.7963225806451617,23024599.645833332,0.0,13907170.5,15304555.161290323,17618944.95,23212841.741935484,22591554.133333333,25861427.741935484,19.973958333333332,0.0,13.0365,10.167516129032258,13.288,16.539709677419356,17.600066666666667,18.82267741935484,26.0925,0.0,22.2215,17.518354838709676,20.40716666666667,24.410225806451614,24.3471,26.151903225806453,15.300666666666666,0.0,6.4405,4.744645161290323,7.9576,10.493967741935483,12.198133333333335,13.021354838709676,0.0,0.0,0.0,1.0,0.0,0.0,0.0,0.0,0.0,0.0,0.0,0.0,0.0,0.0,0.0,0.0,8.0,0.0,4.0,22.0,18.0,19.0,10.0,13.0,652.85,0.0,94.679,187.275,289.485,400.945,517.553,9.143,0.355,1.746,3.183,4.331,6.022,7.709,4.7251666666666665,0.0,4.1415,4.420193548387097,4.489833333333333,4.151709677419355,4.409433333333334,4.365870967741936,4.0
ZA-A1-0003,11.357,1.479,2004,1752.654,0.0,39.846000000000004,111.628,326.112,684.831,1091.667,1565.8029999999999,200.19,0.0,0.122,7.314,25.642999999999997,46.702,111.622,139.652,-868.6451666666667,0.0,-26.88475,-104.51816129032258,-231.06696666666667,-394.25912903225804,-558.0043666666667,-743.3757096774194,5.044833333333333,0.0,0.007625,0.232,0.6109666666666667,0.6793225806451614,2.164,0.9041935483870968,25545611.666666668,0.0,14969763.75,17253627.80645161,20793709.533333335,24607398.322580647,26472948.466666665,30116698.19354839,25.570916666666665,0.0,12.24625,11.31258064516129,17.14946666666667,21.57158064516129,23.5612,25.294709677419355,33.16683333333334,0.0,22.512249999999998,19.91245161290323,25.425400000000003,29.808225806451613,31.358099999999997,33.374709677419354,19.540666666666667,0.0,5.094375,5.029129032258064,10.6174,14.787774193548387,17.092066666666668,18.051483870967743,0.0,0.0,0.0,1.0,0.0,0.0,0.0,0.0,4.0,0.0,0.0,0.0,0.0,0.0,3.0,10.0,4.0,0.0,16.0,28.0,26.0,25.0,21.0,23.0,704.648,27.41,133.229,275.34000000000003,421.023,533.722,626.373,7.5,0.5469999999999999,1.8319999999999999,3.36,4.478,5.695,6.84,2.6491666666666664,0.0,2.2498125,2.422483870967742,2.1965333333333334,1.7100967741935482,2.333766666666667,1.7539354838709678,10.065
ZA-A1-0004,10.879,1.535,2004,1472.734,0.0,2.4380000000000006,45.152,231.356,525.536,826.534,1208.556,370.327,0.0,0.0,11.399000000000001,22.519000000000002,53.613,175.756,254.372,-610.1346666666667,0.0,-3.098,-47.937612903225805,-177.05973333333336,-334.09754838709677,-424.3209,-541.4551612903226,4.831458333333333,0.0,0.0,0.36770967741935484,0.37066666666666664,1.0030322580645161,4.071433333333333,2.536,23915169.0,0.0,15364765.0,17828247.19354839,20785750.733333334,23939358.70967742,24875440.733333334,28123653.096774194,21.007416666666668,0.0,12.438,10.200032258064518,16.2068,19.456290322580646,20.03326666666667,22.323290322580647,27.96225,0.0,22.133,18.54722580645161,24.23936666666667,27.417580645161287,27.701733333333333,30.434387096774195,16.248833333333334,0.0,5.392,4.393354838709678,9.8553,12.774225806451613,14.313966666666666,15.560387096774194,0.0,0.0,0.0,2.0,0.0,0.0,0.0,0.0,0.0,0.0,0.0,0.0,0.0,0.0,0.0,0.0,5.0,0.0,1.0,27.0,28.0,21.0,10.0,20.0,416.17,0.0,54.434,107.38,162.527,229.002,311.289,5.9670000000000005,0.0,0.894,1.791,2.474,3.552,4.824,4.203041666666667,0.0,2.892,3.391161290322581,3.0473333333333334,2.7188709677419354,4.009266666666666,2.970548387096774,3.106
ZA-A1-0005,11.833,1.422,2004,1342.309,0.0,0.0,78.018,241.789,489.688,744.434,1048.906,574.819,0.0,0.0,21.303,72.526,115.461,283.88800000000003,404.08,-258.28255172413793,0.0,0.0,-34.93245161290322,-114.01103333333334,-201.57632258064515,-234.6569333333333,-247.4559677419355,5.887551724137931,0.0,0.0,0.6871935483870968,1.7074333333333334,1.385,5.614233333333334,3.8771612903225807,21613986.172413792,0.0,0.0,16436211.983870968,17059536.883333333,21679792.258064516,20634010.233333334,24547843.903225806,20.11734482758621,0.0,0.0,11.919064516129032,15.2826,17.886451612903226,18.491533333333333,19.821677419354838,26.361448275862067,0.0,0.0,19.837580645161292,22.644,25.71406451612903,25.267233333333333,27.376032258064516,15.780379310344829,0.0,0.0,6.152225806451613,9.689766666666666,11.795709677419355,13.4956,14.234903225806452,0.0,0.0,0.0,0.0,0.0,0.0,0.0,0.0,0.0,0.0,0.0,0.0,0.0,0.0,0.0,0.0,3.0,0.0,0.0,26.0,14.0,17.0,7.0,8.0,648.334,0.0,84.734,162.256,243.136,346.038,480.512,9.78,0.0,1.283,2.574,3.6310000000000002,5.344,7.356,5.663724137931034,0.0,0.0,4.950129032258065,5.0732,4.615225806451613,5.375066666666667,5.367645161290322,4.902
ZA-A1-0006,11.462,1.491,2004,1666.302,0.0,7.145000000000001,77.541,309.042,644.247,971.672,1377.609,311.392,0.0,0.0,4.416,9.315,62.784,165.035,219.941,-720.30992,0.0,-5.922,-64.98722580645162,-214.71843333333334,-380.3200967741936,-487.07786666666664,-615.7319354838709,3.6580399999999997,0.0,0.0,0.1424516129032258,0.1633,1.7248064516129034,3.4083666666666668,1.7711612903225806,24128301.36,0.0,16602249.0,18531121.70967742,21825825.366666667,23810472.822580647,24923912.9,28345701.967741936,21.547719999999998,0.0,13.572500000000002,11.475935483870968,17.7167,20.724,20.914166666666667,23.09474193548387,27.90908,0.0,22.924999999999997,19.808677419354837,25.535866666666667,28.05990322580645,27.987833333333334,30.55793548387097,17.00028,0.0,7.464,5.63958064516129,11.616666666666667,14.717548387096773,15.649399999999998,16.7471935483871,0.0,0.0,0.0,1.0,0.0,0.0,0.0,0.0,0.0,0.0,0.0,0.0,0.0,0.0,0.0,0.0,9.0,0.0,2.0,29.0,29.0,22.0,10.0,21.0,392.907,0.0,52.569,101.779,152.157,213.7,289.908,6.29,0.0,0.871,1.732,2.371,3.451,4.68,3.29648,0.0,2.0725,2.3433225806451614,2.085366666666667,2.3569677419354838,3.2971666666666666,2.477451612903226,2.697
ZA-A1-0007,10.142,1.543,2004,1498.526,0.0,2.5589999999999993,64.034,270.321,573.25,863.453,1235.284,407.853,0.0,0.0,6.82,15.491999999999999,78.252,197.527,269.965,-578.4848076923076,0.0,-3.228,-56.3693870967742,-196.79123333333334,-348.38825806451615,-420.8004,-527.8868064516129,5.303384615384616,0.0,0.0,0.22,0.2890666666666667,2.024516129032258,3.9758333333333336,2.3367096774193548,23217548.46153846,0.0,16931590.0,18438118.677419353,21641898.933333334,23437311.93548387,24439863.866666667,27382505.677419353,20.124692307692307,0.0,12.559,11.201806451612903,16.87623333333333,19.58683870967742,19.67343333333333,21.994548387096774,26.23130769230769,0.0,22.177,19.523451612903227,24.9531,27.038903225806454,26.675766666666668,29.36416129032258,15.68723076923077,0.0,6.004,5.267129032258064,10.452566666666666,13.51083870967742,14.3912,16.01390322580645,0.0,0.0,0.0,2.0,0.0,0.0,0.0,0.0,0.0,0.0,0.0,0.0,0.0,0.0,0.0,0.0,8.0,0.0,1.0,27.0,27.0,21.0,11.0,20.0,447.75600000000003,0.0,47.787,93.806,143.457,213.552,312.742,7.164,0.0,0.906,1.792,2.484,3.732,5.265,4.059115384615384,0.0,3.162,3.288838709677419,2.8117333333333336,3.047774193548387,3.8891,3.2032580645161293,3.712
ZA-A1-0008,11.381,1.507,2004,1313.57,0.0,0.0,49.264,217.94899999999998,479.42,730.444,1054.884,473.986,0.0,0.0,8.798,31.197,90.511,222.391,315.983,-431.3420357142857,0.0,0.0,-45.001586206896555,-163.94993333333332,-294.6645161290323,-348.9424333333333,-413.9533548387097,5.642964285714286,0.0,0.0,0.30337931034482757,0.7466333333333334,1.9133548387096775,4.396,3.019096774193548,23146419.464285713,0.0,0.0,18398527.0,20573436.8,22776919.548387095,22918161.533333335,26441551.35483871,19.238785714285715,0.0,0.0,10.855413793103448,15.5618,18.16625806451613,18.367466666666665,20.465806451612906,25.50332142857143,0.0,0.0,19.27648275862069,23.7453,25.974096774193548,25.361633333333334,28.004,15.071607142857143,0.0,0.0,4.728931034482759,9.383866666666668,12.04358064516129,13.3725,14.833451612903225,0.0,0.0,0.0,2.0,0.0,0.0,0.0,0.0,0.0,0.0,0.0,0.0,0.0,0.0,0.0,0.0,6.0,0.0,0.0,26.0,24.0,20.0,10.0,13.0,515.794,0.0,33.518,82.407,136.431,221.172,348.006,8.323,0.0,0.935,1.882,2.629,4.068,5.914,5.4165,0.0,0.0,4.095137931034483,3.6090333333333335,3.6834193548387097,4.9906,4.157709677419355,4.027
ZA-A1-0009,12.851,1.516,2004,2134.2799999999997,0.0,9.879,184.28,488.88,887.889,1293.3899999999999,1760.376,283.056,0.0,0.037,0.496,9.814,67.239,121.634,186.836,-733.1655555555556,0.0,-4.753,-68.08958064516129,-208.07766666666666,-363.2117741935484,-490.40976666666666,-634.1296129032258,3.5637037037037036,0.0,0.0185,0.014806451612903225,0.3106,1.8524193548387098,1.8131666666666668,2.103290322580645,23415146.444444444,0.0,17112172.5,18832858.387096774,21690674.733333334,23226449.580645163,23808343.333333332,25504440.548387095,23.848296296296297,0.0,14.939499999999999,15.624903225806452,20.153333333333332,22.87125806451613,23.5167,25.064064516129033,29.78751851851852,0.0,23.4605,23.716870967741933,27.8595,30.09248387096774,30.3583,32.073193548387096,19.434962962962963,0.0,8.9795,9.179903225806452,13.558233333333334,16.73441935483871,18.266366666666666,19.540612903225806,0.0,0.0,0.0,0.0,0.0,0.0,0.0,0.0,1.0,0.0,0.0,0.0,0.0,3.0,0.0,5.0,10.0,0.0,2.0,31.0,27.0,23.0,19.0,17.0,485.254,0.0,67.182,131.477,194.876,271.123,367.01300000000003,7.205,0.0,1.025,2.026,2.773,3.984,5.472,3.763888888888889,0.0,2.894,2.687193548387097,2.4635666666666665,2.8763548387096773,3.1827666666666667,2.974741935483871,2.879
ZA-A1-0002,12.173,1.457,2005,1186.5430000000001,0.0,0.0,82.44,182.12,371.247,650.6990000000001,955.0740000000001,667.549,0.0,2.501,30.502,142.536,208.78900000000002,313.984,498.755,-132.29952,0.0,-3.8866666666666667,-42.544774193548385,-83.7103,-105.6414193548387,-174.89373333333333,-175.79222580645163,6.751760000000001,0.0,0.8336666666666667,0.9032580645161291,3.734466666666667,2.137193548387097,3.5065,5.960354838709677,21725456.28,0.0,14569729.0,14736876.258064516,18303744.525,20978344.83870968,23490560.766666666,23487028.19354839,19.25876,0.0,7.3886666666666665,12.354032258064517,12.576266666666667,16.05916129032258,19.315066666666667,19.818548387096776,25.255,0.0,14.841333333333333,19.65351612903226,19.725266666666666,22.962,26.275266666666667,26.274967741935484,15.041680000000001,0.0,2.343,6.675741935483871,7.114766666666667,10.434709677419354,13.9778,14.879548387096774,0.0,0.0,0.0,1.0,0.0,0.0,0.0,0.0,0.0,0.0,0.0,0.0,0.0,0.0,0.0,0.0,4.0,0.0,2.0,26.0,20.0,17.0,9.0,8.0,770.889,0.0,97.37,200.254,321.076,457.161,605.774,10.746,0.0,1.439,2.9619999999999997,4.7829999999999995,6.265,8.426,4.95,0.0,4.629666666666667,4.422064516129033,4.5738666666666665,4.569,4.309866666666666,4.545709677419355,4.75
ZA-A1-0003,11.357,1.479,2005,1819.176,0.0,6.043000000000001,136.695,317.387,645.822,1121.91,1607.731,176.997,0.0,0.53,7.55,52.134,86.673,99.641,159.51,-866.3994166666666,0.0,-20.712400000000002,-96.41883870967742,-217.7099,-337.51187096774197,-525.7674333333333,-719.5366129032258,1.4572500000000002,0.0,0.035333333333333335,0.2264516129032258,1.4861333333333335,1.1141612903225806,0.4322666666666667,1.931258064516129,28713953.75,0.0,14631021.266666668,16861010.096774194,20990038.4,24594525.612903226,27296459.133333333,28405990.51612903,27.620416666666667,0.0,8.967933333333333,13.99725806451613,15.989966666666668,20.594677419354838,25.8696,25.671645161290325,35.048,0.0,17.637066666666666,22.761290322580646,24.064166666666665,28.29925806451613,33.6719,33.71274193548387,20.567833333333333,0.0,2.8609333333333336,6.901290322580645,9.375766666666667,13.736645161290323,18.4737,18.923709677419353,0.0,0.0,0.0,1.0,0.0,0.0,0.0,0.0,8.0,0.0,0.0,0.0,0.0,0.0,10.0,10.0,10.0,0.0,15.0,28.0,28.0,24.0,27.0,16.0,755.142,29.014,141.909,293.699,448.735,568.923,669.947,7.923,0.531,1.822,3.376,4.99,5.943,7.163,1.3993333333333335,0.0,2.1276,1.9431612903225806,1.8907666666666667,2.321322580645161,1.5509,1.9168709677419355,10.167
ZA-A1-0004,10.879,1.535,2005,1476.395,0.0,0.0,95.71,227.357,488.436,854.145,1192.445,440.16,0.0,0.0,15.821,40.102,95.899,146.151,301.297,-535.80452,0.0,0.0,-54.96770967741936,-159.3961666666667,-282.25722580645163,-419.2329,-498.6527741935484,5.55452,0.0,0.0,0.5103548387096775,0.8093666666666667,1.7999032258064518,1.6750666666666667,5.0047096774193545,24316925.8,0.0,0.0,16710828.709677419,21045627.933333334,23825988.51612903,26823878.466666665,26356389.258064516,21.358,0.0,0.0,12.896032258064515,14.203966666666668,18.42190322580645,22.190299999999997,20.91290322580645,28.18916,0.0,0.0,20.947129032258065,22.2018,26.052709677419355,30.361066666666666,28.38932258064516,16.31344,0.0,0.0,6.473516129032258,7.857566666666667,11.967806451612903,15.311466666666666,15.65558064516129,0.0,0.0,0.0,1.0,0.0,0.0,0.0,0.0,0.0,0.0,0.0,0.0,0.0,0.0,0.0,0.0,7.0,0.0,0.0,27.0,25.0,22.0,15.0,4.0,448.376,0.0,58.566,118.65700000000001,180.388,244.627,327.236,6.837,0.0,0.928,1.8900000000000001,2.899,3.672,5.0200000000000005,4.245439999999999,0.0,0.0,3.5335806451612903,3.243666666666667,3.359677419354839,3.0572333333333335,3.8178709677419356,4.027
ZA-A1-0005,11.833,1.422,2005,1356.378,0.0,0.0,118.385,235.492,459.377,759.847,1072.963,743.264,0.0,0.0,28.081,93.527,168.996,315.459,488.586,-90.8386551724138,0.0,0.0,-43.510999999999996,-81.4587,-152.7237741935484,-187.82346666666666,-173.41709677419357,8.782,0.0,0.0,0.9360333333333333,2.1815333333333333,2.434483870967742,4.882099999999999,5.584741935483871,20448617.79310345,0.0,0.0,15686546.4,18468671.516666666,20711157.43548387,23113411.2,23446372.51612903,19.772931034482756,0.0,0.0,13.875200000000001,13.4431,17.218225806451613,20.015666666666668,20.100516129032258,25.838689655172413,0.0,0.0,21.767966666666666,20.582633333333334,24.447967741935486,27.43753333333333,26.770032258064514,15.749758620689654,0.0,0.0,8.146033333333333,8.087366666666666,11.558032258064516,14.615233333333332,15.344129032258065,0.0,0.0,0.0,0.0,0.0,0.0,0.0,0.0,0.0,0.0,0.0,0.0,0.0,0.0,0.0,0.0,1.0,0.0,0.0,26.0,19.0,14.0,3.0,3.0,756.806,0.0,59.561,155.244,264.433,396.74,559.972,11.59,0.0,1.372,2.928,4.715,6.284,8.749,5.866758620689655,0.0,0.0,5.2206,5.2782333333333336,5.090774193548387,5.139966666666667,5.267903225806452,4.857
ZA-A1-0006,11.462,1.491,2005,1651.3,0.0,0.0,120.423,281.192,580.409,972.009,1335.493,336.94,0.0,0.0,12.18,18.305,63.983,97.49,230.313,-673.6844615384615,0.0,-2.673,-62.523548387096774,-191.15096666666668,-335.4022258064516,-500.3754666666666,-607.1628709677419,4.101038461538462,0.0,0.0,0.3929032258064516,0.20416666666666666,1.4734838709677418,1.1169,4.284612903225807,24749418.0,0.0,16729861.0,17589047.93548387,22101386.3,24720845.80645161,26679985.866666667,26700856.580645163,22.146423076923078,0.0,5.328,13.734806451612902,15.2525,19.65216129032258,23.053333333333335,21.725290322580648,28.450884615384613,0.0,12.034,21.620290322580647,23.021666666666665,26.87732258064516,30.528566666666666,28.626322580645162,17.258423076923076,0.0,2.637,7.726806451612903,8.915466666666667,13.521870967741936,16.629533333333335,16.52783870967742,0.0,0.0,0.0,0.0,0.0,0.0,0.0,0.0,0.0,0.0,0.0,0.0,0.0,0.0,0.0,0.0,8.0,0.0,1.0,29.0,27.0,25.0,18.0,10.0,392.658,0.0,55.73,108.58099999999999,160.595,214.41,284.651,6.475,0.0,0.9380000000000001,1.864,2.805,3.512,4.753,3.241769230769231,0.0,2.54,2.29358064516129,2.0364333333333335,2.374451612903226,2.0623,3.0380645161290323,3.213
ZA-A1-0007,10.142,1.543,2005,1414.11,0.0,0.0,110.957,254.71599999999998,520.358,848.588,1148.96,488.46799999999996,0.0,0.0,16.895999999999997,21.714,68.496,156.561,333.27,-465.6932692307692,0.0,0.0,-57.4183870967742,-176.34293333333332,-320.43916129032255,-441.49906666666664,-472.1732903225806,5.969153846153846,0.0,0.0,0.545032258064516,0.1606,1.5090967741935486,2.9354999999999998,5.700290322580646,23717075.0,0.0,0.0,17442253.741935484,21920505.933333334,24312889.0,26636055.533333335,25538453.64516129,20.198076923076922,0.0,0.0,13.503258064516128,14.689533333333333,18.56909677419355,20.941,19.68941935483871,26.385923076923078,0.0,0.0,21.559129032258063,22.688766666666666,26.09390322580645,28.60983333333333,26.315161290322582,15.725961538461538,0.0,0.0,7.5333225806451605,8.3406,12.418129032258063,14.884533333333334,14.950774193548387,0.0,0.0,0.0,0.0,0.0,0.0,0.0,0.0,0.0,0.0,0.0,0.0,0.0,0.0,0.0,0.0,3.0,0.0,0.0,29.0,27.0,24.0,12.0,4.0,523.369,0.0,51.355999999999995,103.377,161.13400000000001,238.708,357.369,8.304,0.0,0.9510000000000001,1.929,3.027,4.02,5.834,4.185923076923077,0.0,0.0,3.5119677419354836,3.1225333333333336,3.064096774193548,3.2417000000000002,3.9412903225806453,4.178
ZA-A1-0008,11.381,1.507,2005,1238.786,0.0,0.0,89.834,210.573,429.164,707.226,972.507,556.15,0.0,0.0,11.235999999999999,25.05,82.215,204.588,386.972,-316.0125862068966,0.0,0.0,-54.36989285714286,-154.0988,-278.6758709677419,-355.87093333333337,-345.1262903225806,5.833724137931035,0.0,0.0,0.40128571428571425,0.4604666666666667,1.844032258064516,4.0791,5.8833548387096775,22899324.413793102,0.0,0.0,17645132.85714286,21155294.5,23281051.35483871,25879191.333333332,24624266.64516129,19.18203448275862,0.0,0.0,13.169285714285715,13.860800000000001,17.051322580645163,19.268733333333333,18.55745161290323,25.447068965517243,0.0,0.0,21.64882142857143,21.920666666666666,24.645225806451613,27.056833333333334,25.167290322580648,15.002655172413792,0.0,0.0,7.040928571428572,7.675566666666667,11.201903225806452,13.581166666666666,14.114096774193548,0.0,0.0,0.0,0.0,0.0,0.0,0.0,0.0,0.0,0.0,0.0,0.0,0.0,0.0,0.0,0.0,1.0,0.0,0.0,26.0,26.0,18.0,9.0,4.0,607.525,0.0,37.483000000000004,95.5,165.551,267.808,416.736,9.600999999999999,0.0,1.0110000000000001,2.068,3.35,4.608,6.846,5.399655172413794,0.0,0.0,4.654964285714286,3.9810666666666665,4.073774193548387,4.5083,5.123064516129032,5.06
ZA-A1-0009,12.851,1.516,2005,2109.376,0.0,3.4830000000000005,224.882,489.37,861.998,1301.004,1719.388,288.675,0.0,0.012,8.456,11.675,37.292,88.576,205.355,-699.778111111111,0.0,-3.828,-57.14196774193549,-192.18166666666667,-356.99441935483867,-512.8998,-597.9903548387097,3.085925925925926,0.0,0.012,0.27238709677419354,0.10729999999999999,0.8263548387096774,1.7094666666666667,3.767064516129032,23640380.333333332,0.0,18044986.0,17577514.596774194,21754326.366666667,23826486.16129032,26094008.866666667,24564593.258064516,24.444000000000003,0.0,13.483,17.141903225806452,18.816266666666664,22.02025806451613,24.633533333333332,23.49625806451613,30.49674074074074,0.0,22.59,25.096741935483873,26.560266666666667,29.305225806451613,31.9089,29.90041935483871,19.94344444444444,0.0,7.657,10.738451612903226,12.4055,15.871935483870967,18.699866666666665,18.83606451612903,0.0,0.0,0.0,0.0,0.0,0.0,0.0,0.0,0.0,0.0,0.0,0.0,0.0,1.0,0.0,0.0,9.0,0.0,1.0,29.0,30.0,26.0,17.0,10.0,566.28,0.0,80.571,158.484,233.678,319.339,434.334,8.201,0.0,1.166,2.28,3.4139999999999997,4.412,6.207,3.2583333333333333,0.0,3.364,3.0503870967741933,2.5,2.7835483870967743,2.9086,3.6632258064516128,2.765
ZA-A1-0002,12.173,1.457,2006,1141.515,0.0,5.164,93.06800000000001,247.746,450.071,655.708,887.591,535.09,0.0,0.387,36.609,70.716,155.015,326.456,392.768,-277.7528,0.0,-6.3260000000000005,-44.38548387096775,-113.2748,-196.99087096774193,-203.6911,-243.76645161290324,5.69288,0.0,0.129,1.1684516129032259,1.1369,2.7193225806451613,5.7147,2.1390967741935483,21385201.4,0.0,14232454.666666666,15158283.677419355,18843296.833333332,22159489.51612903,21428258.983333334,26611371.93548387,20.156959999999998,0.0,11.721333333333334,12.576,15.083333333333334,16.403903225806452,16.792666666666666,17.480096774193548,26.23848,0.0,20.381333333333334,20.004709677419353,23.083733333333335,24.037258064516127,23.1751,24.676387096774192,15.58308,0.0,5.602,6.640032258064516,8.877466666666667,10.058129032258066,11.9226,12.057774193548386,0.0,0.0,0.0,0.0,0.0,0.0,0.0,0.0,0.0,0.0,0.0,0.0,0.0,0.0,0.0,0.0,6.0,0.0,3.0,25.0,21.0,13.0,9.0,12.0,716.17,0.0,96.34100000000001,194.002,299.824,423.638,561.597,10.051,0.0,1.396,2.875,4.043,5.91,7.841,4.80688,0.0,4.203666666666667,4.436709677419355,4.240666666666667,4.177129032258064,4.722666666666667,4.308193548387097,5.133
ZA-A1-0003,11.357,1.479,2006,1770.863,0.0,32.09,153.233,416.13100000000003,758.018,1144.771,1596.656,157.565,0.0,0.007,10.100000000000001,11.456000000000001,40.855000000000004,84.894,104.634,-899.9659166666667,0.0,-24.978,-105.34977419354838,-239.1421,-413.6104838709677,-592.0782999999999,-787.0057419354839,4.410916666666666,0.0,0.00046666666666666666,0.3255806451612903,0.0452,0.9483548387096774,1.4679666666666666,0.6367741935483872,25498908.833333332,0.0,15218170.066666666,17071916.35483871,22151928.0,24683445.258064516,27278543.7,30799804.70967742,24.51725,0.0,12.108866666666668,13.715193548387097,18.763266666666667,21.028612903225806,22.89176666666667,24.57693548387097,31.028666666666666,0.0,22.466,22.310741935483872,27.753033333333335,29.15625806451613,30.800966666666667,32.61835483870968,19.52275,0.0,4.330133333333333,6.634451612903226,10.926033333333333,13.813193548387098,15.948533333333334,17.364806451612903,0.0,0.0,0.0,0.0,0.0,0.0,0.0,0.0,0.0,0.0,0.0,0.0,0.0,1.0,5.0,2.0,4.0,0.0,15.0,28.0,29.0,21.0,25.0,26.0,767.64,33.274,160.157,318.04200000000003,471.726,589.888,686.077,7.936,0.582,2.01,3.608,4.79,6.058,7.2,2.939666666666667,0.0,2.038066666666667,2.1006774193548385,1.4909666666666666,1.4775806451612903,1.7318333333333333,1.4923548387096774,11.0
ZA-A1-0004,10.879,1.535,2006,1509.496,0.0,0.0,91.724,306.809,581.748,888.248,1235.368,415.366,0.0,0.0,35.711,48.69,114.981,202.821,254.171,-578.33672,0.0,0.0,-37.477709677419355,-148.47056666666668,-285.5532258064516,-402.91263333333336,-536.7489677419355,6.4478,0.0,0.0,1.151967741935484,0.43263333333333337,2.1384193548387094,2.928,1.6564516129032258,21770004.84,0.0,0.0,17178912.129032258,22315473.6,23856507.93548387,26107799.333333332,27956026.64516129,20.965120000000002,0.0,0.0,12.863193548387096,17.169500000000003,18.869,20.216666666666665,21.19741935483871,26.92196,0.0,0.0,21.264612903225807,25.74416666666667,26.842129032258065,28.2294,29.222225806451615,16.75328,0.0,0.0,6.278451612903226,9.878166666666665,12.329677419354837,13.853533333333333,14.896096774193548,0.0,0.0,0.0,0.0,0.0,0.0,0.0,0.0,0.0,0.0,0.0,0.0,0.0,0.0,0.0,0.0,4.0,0.0,0.0,24.0,29.0,14.0,15.0,17.0,489.462,0.0,67.959,134.489,202.703,279.519,369.683,7.292,0.0,1.0230000000000001,2.05,2.87,4.122,5.487,5.0685199999999995,0.0,0.0,3.8381935483870966,3.0002666666666666,3.4660967741935482,3.6345,3.296774193548387,4.058
ZA-A1-0005,11.833,1.422,2006,1344.533,0.0,0.0,130.815,334.202,562.322,800.967,1055.627,688.865,0.0,0.0,34.834,64.827,174.996,358.64,453.705,-145.97379310344826,0.0,0.0,-28.082,-114.7294,-184.59677419354838,-147.80406666666667,-175.6143870967742,8.10896551724138,0.0,0.0,1.1611333333333334,0.9997666666666666,3.5538387096774193,6.121466666666667,3.0666129032258063,20123350.413793102,0.0,0.0,15696356.283333333,19557592.15,19887341.419354837,21794861.733333334,23348446.35483871,19.962275862068964,0.0,0.0,14.344866666666666,16.779566666666668,17.29474193548387,17.954833333333333,18.21483870967742,25.726241379310345,0.0,0.0,22.09123333333333,24.954166666666666,24.68851612903226,24.746266666666667,25.483548387096775,15.86096551724138,0.0,0.0,8.686266666666667,10.368599999999999,11.62441935483871,13.099666666666668,12.998451612903226,0.0,0.0,0.0,0.0,0.0,0.0,0.0,0.0,0.0,0.0,0.0,0.0,0.0,0.0,0.0,0.0,3.0,0.0,0.0,23.0,21.0,7.0,8.0,12.0,753.981,0.0,63.486999999999995,161.982,271.81600000000003,407.146,565.9110000000001,11.535,0.0,1.42,2.968,4.319,6.479,8.815,5.8117241379310345,0.0,0.0,5.204466666666667,4.829433333333333,4.958838709677419,5.612366666666667,5.213129032258064,5.469
ZA-A1-0006,11.462,1.491,2006,1723.951,0.0,2.4320000000000004,136.762,394.85699999999997,726.751,1073.869,1436.154,296.345,0.0,0.0,11.344,14.924,35.044,98.072,149.861,-743.1774230769231,0.0,-3.251,-61.25132258064516,-202.6972,-381.35496774193547,-562.6187666666667,-700.6305483870967,5.634,0.0,0.0,0.36593548387096775,0.11933333333333333,0.6490322580645161,2.1009333333333333,1.6706129032258066,21898719.884615384,0.0,16939558.0,17812940.0,22906265.8,25047672.19354839,26020341.066666666,27773086.451612905,21.069115384615387,0.0,12.432,14.296774193548387,18.603166666666667,20.706258064516128,21.570600000000002,21.686612903225804,26.284307692307696,0.0,21.583,22.36016129032258,26.661833333333334,28.01790322580645,28.9142,28.88964516129032,17.516461538461538,0.0,5.697,7.902387096774193,11.530666666666667,14.55483870967742,15.5174,16.016516129032258,0.0,0.0,0.0,0.0,0.0,0.0,0.0,0.0,0.0,0.0,0.0,0.0,0.0,0.0,0.0,0.0,5.0,0.0,1.0,27.0,29.0,23.0,17.0,16.0,415.84,0.0,64.14099999999999,123.89699999999999,180.505,235.801,305.95,6.655,0.0,1.0030000000000001,1.982,2.7199999999999998,3.692,4.899,4.205846153846154,0.0,2.055,2.374096774193548,1.6414666666666666,1.7509354838709676,2.221433333333333,2.446322580645161,3.286
ZA-A1-0007,10.142,1.543,2006,1523.837,0.0,0.0,126.03,377.197,676.799,965.695,1269.285,460.854,0.0,0.0,24.997,30.099999999999998,59.928,186.031,274.02299999999997,-531.537,0.0,0.0,-45.417741935483875,-178.8573,-347.74090322580645,-458.7663333333333,-539.755,7.185807692307692,0.0,0.0,0.8063548387096774,0.1701,0.9621935483870968,4.203433333333333,2.838451612903226,20223397.0,0.0,0.0,17297168.35483871,22585450.333333332,24296402.451612905,25327150.933333334,26159981.741935484,19.79046153846154,0.0,0.0,14.065483870967741,18.372233333333334,19.66458064516129,19.629866666666665,19.793225806451613,25.039846153846156,0.0,0.0,22.177225806451613,26.568766666666665,27.358387096774194,26.881566666666668,26.87093548387097,16.127692307692307,0.0,0.0,7.760032258064516,11.296766666666667,13.207870967741936,14.041466666666667,14.460806451612902,0.0,0.0,0.0,0.0,0.0,0.0,0.0,0.0,0.0,0.0,0.0,0.0,0.0,0.0,0.0,0.0,6.0,0.0,0.0,25.0,29.0,21.0,16.0,16.0,523.05,0.0,57.903999999999996,115.269,174.85,251.651,364.93899999999996,8.406,0.0,1.026,2.051,2.858,4.182,5.934,5.032538461538461,0.0,0.0,3.5698064516129033,2.8213,2.942709677419355,3.8736666666666664,3.790516129032258,4.9
ZA-A1-0008,11.381,1.507,2006,1349.847,0.0,0.0,105.64699999999999,318.46299999999997,564.608,815.449,1087.024,519.945,0.0,0.0,28.748,38.387,94.756,241.603,305.407,-419.9914827586207,0.0,0.0,-32.45607142857143,-149.42233333333334,-285.60822580645157,-340.3322,-414.0238387096774,7.397862068965518,0.0,0.0,1.0267142857142857,0.3213,1.8183548387096775,4.894900000000001,2.058193548387097,19950103.51724138,0.0,0.0,16900569.85714286,22151269.433333334,23459143.677419353,24859836.1,24901466.51612903,19.062862068965515,0.0,0.0,13.773107142857143,17.093866666666667,17.940161290322582,18.361366666666665,18.760483870967743,24.722620689655173,0.0,0.0,21.86675,25.620566666666665,25.84390322580645,25.658633333333334,26.036129032258064,15.344793103448277,0.0,0.0,7.897714285714286,10.309333333333333,11.742387096774193,13.048266666666667,13.308612903225807,0.0,0.0,0.0,0.0,0.0,0.0,0.0,0.0,0.0,0.0,0.0,0.0,0.0,0.0,0.0,0.0,5.0,0.0,0.0,23.0,24.0,18.0,11.0,13.0,563.319,0.0,40.269999999999996,99.755,166.517,261.38,392.09900000000005,9.202,0.0,1.057,2.1180000000000003,3.004,4.631,6.569,6.195862068965518,0.0,0.0,4.695607142857143,3.4995333333333334,3.9268709677419356,4.905,4.966451612903226,4.904
ZA-A1-0009,12.851,1.516,2006,2197.493,0.0,5.721,268.192,625.563,1045.837,1455.705,1843.336,323.338,0.0,0.0,4.121,6.939,13.321,101.27,187.534,-668.7103333333333,0.0,-3.085,-62.75622580645161,-210.42136666666664,-399.39367741935484,-556.3686333333334,-629.6476129032259,5.0297777777777775,0.0,0.0,0.13293548387096776,0.09393333333333334,0.20587096774193547,2.931633333333333,2.7827096774193545,20419310.777777776,0.0,17592116.0,17744093.51612903,22646512.866666667,24591141.70967742,23728039.8,22592036.774193548,23.116925925925926,0.0,15.721,18.466806451612904,21.912366666666667,23.557225806451612,23.662266666666667,22.50422580645161,28.53077777777778,0.0,24.19,25.96622580645161,29.63116666666667,30.880870967741934,30.4269,29.09,19.307666666666666,0.0,8.998,12.346774193548388,15.174666666666667,16.89116129032258,18.3657,17.59051612903226,0.0,0.0,0.0,0.0,0.0,0.0,0.0,0.0,0.0,0.0,0.0,0.0,2.0,4.0,3.0,0.0,9.0,0.0,1.0,31.0,30.0,31.0,16.0,14.0,514.214,0.0,72.89,142.992,206.196,276.686,378.415,7.665,0.0,1.0790000000000002,2.095,2.822,3.948,5.603,4.751740740740741,0.0,2.546,2.5420645161290323,1.9610666666666667,1.8890967741935483,3.0870333333333333,3.847225806451613,3.5
ZA-A1-0001,12.089,1.492,2007,0.0,2.503,72.217,138.78,264.403,445.678,680.158,912.044,0.0,0.002,87.899,200.44,222.465,260.401,287.381,304.315,0.0,-1.9320000000000002,3.0694193548387103,76.13193548387098,62.18046666666667,-13.629741935483867,-112.096,-237.98736,0.0,0.001,2.835387096774194,3.6303548387096773,0.7341666666666666,1.223741935483871,0.8993333333333333,0.6773600000000001,0.0,11134687.0,8915883.334677419,11682397.129032258,16285717.55,20458808.35483871,25734805.166666668,26685229.96,0.0,11.2515,12.170451612903225,11.979225806451613,14.187433333333333,15.84758064516129,17.816,19.27544,0.0,18.25,17.507935483870966,16.89725806451613,19.688466666666667,22.02574193548387,24.112066666666667,25.761080000000003,0.0,6.232,7.833612903225807,7.8134516129032265,9.761099999999999,11.247870967741935,13.196166666666667,14.69408,0.0,0.0,0.0,0.0,0.0,0.0,0.0,0.0,0.0,0.0,0.0,0.0,0.0,0.0,0.0,0.0,0.0,2.0,21.0,16.0,24.0,21.0,24.0,19.0,0.0,217.46500000000003,442.09000000000003,652.157,823.716,954.219,1069.045,0.0,2.715,5.465,8.004,9.622,11.39,12.639,0.0,3.8125,4.1282903225806455,4.533129032258064,4.0947000000000005,3.9435806451612905,3.733966666666667,3.44832,10.0
ZA-A1-0002,12.173,1.457,2007,1070.79,0.0,8.363000000000001,54.875,170.221,354.489,565.906,818.085,644.52,0.0,1.046,122.38300000000001,201.768,334.851,452.071,583.606,-76.4896,0.0,-6.2909999999999995,37.72287096774194,0.1043333333333384,21.324451612903232,4.037666666666673,-33.95370967741935,2.43656,0.0,0.3486666666666667,3.9140967741935486,2.646166666666667,4.293,3.9073333333333333,4.243064516129032,25755058.6,0.0,14234763.333333334,13756876.08064516,18484741.4,19259702.01612903,23344212.933333334,23349622.774193548,20.1082,0.0,12.787666666666667,10.543677419354838,13.6827,15.801935483870968,17.0466,18.134806451612903,27.03956,0.0,21.858,16.642064516129032,20.90236666666667,22.051290322580645,23.650666666666666,24.713161290322578,14.69712,0.0,6.213333333333334,5.714903225806451,8.2032,10.856193548387095,11.922633333333332,13.269612903225807,0.0,0.0,0.0,0.0,0.0,0.0,0.0,0.0,0.0,0.0,0.0,0.0,0.0,0.0,0.0,0.0,12.0,0.0,2.0,17.0,20.0,9.0,11.0,8.0,823.9,0.0,107.101,222.174,357.622,508.447,663.065,11.27,0.0,1.5110000000000001,3.22,4.736,6.892,9.031,4.38164,0.0,4.417,5.030193548387097,4.781733333333333,5.174548387096774,4.796566666666666,4.700612903225807,5.0
ZA-A1-0003,11.357,1.479,2007,1730.863,0.0,35.525000000000006,111.616,316.868,662.225,1062.536,1536.78,185.096,0.0,1.3519999999999999,53.137,54.393,78.367,117.58,181.699,-827.7596666666667,0.0,-21.715533333333333,-68.19764516129032,-172.33773333333332,-331.59809677419355,-495.3975,-702.8620967741934,0.2830833333333333,0.0,0.09013333333333333,1.670483870967742,0.04186666666666667,0.7733548387096775,1.3071,2.0683548387096775,29521383.166666668,0.0,14272337.0,15783059.532258065,22358098.733333334,24770046.70967742,27044935.466666665,28774659.48387097,26.17358333333333,0.0,11.533600000000002,11.805677419354838,16.841733333333334,21.140548387096775,23.343700000000002,25.298193548387097,33.869166666666665,0.0,20.8308,19.433129032258066,25.71963333333333,29.46167741935484,31.1814,33.23935483870968,19.05125,0.0,4.1962,6.048,9.268266666666667,13.977129032258064,16.267966666666666,18.33732258064516,0.0,0.0,2.0,0.0,0.0,0.0,0.0,0.0,5.0,0.0,0.0,0.0,0.0,1.0,4.0,12.0,11.0,0.0,15.0,24.0,30.0,23.0,22.0,20.0,800.825,31.68,152.30700000000002,311.534,474.88100000000003,603.682,712.973,8.552,0.636,2.092,3.799,5.069,6.474,7.806,1.9662499999999998,0.0,2.7022,2.9118387096774194,2.3263000000000003,2.420645161290323,2.3739,2.0940967741935483,11.326
ZA-A1-0004,10.879,1.535,2007,1418.733,0.0,0.0,35.552,186.216,456.58,750.883,1111.149,361.46,0.0,0.0,58.219,64.608,123.609,200.317,335.198,-520.37468,0.0,0.0,-11.661838709677417,-106.27916666666667,-233.46303225806452,-315.8765666666667,-440.53532258064513,1.05048,0.0,0.0,1.8780322580645161,0.21296666666666667,1.903258064516129,2.5569333333333333,4.351,28148667.6,0.0,0.0,16235947.209677419,22427688.066666666,23038182.64516129,25455809.466666665,26105216.870967742,22.30336,0.0,0.0,10.061645161290322,15.000966666666667,18.721419354838712,19.8101,21.62148387096774,29.92396,0.0,0.0,17.561258064516128,23.418400000000002,26.354290322580646,27.309833333333334,29.067903225806454,15.97772,0.0,0.0,4.598193548387097,7.768866666666667,12.448806451612903,13.555066666666667,15.786677419354838,0.0,0.0,0.0,1.0,0.0,0.0,0.0,0.0,0.0,0.0,0.0,0.0,0.0,0.0,0.0,0.0,16.0,0.0,0.0,23.0,29.0,17.0,19.0,11.0,535.871,0.0,67.436,142.264,224.445,311.211,410.254,7.862,0.0,1.03,2.187,3.162,4.576,6.07,3.9076,0.0,0.0,4.522903225806452,3.8870333333333336,4.180774193548387,4.413966666666667,4.309806451612903,3.008
ZA-A1-0005,11.833,1.422,2007,1277.469,0.0,0.0,55.607,204.516,436.308,678.438,979.447,683.567,0.0,0.0,64.53999999999999,121.78699999999999,233.564,367.463,599.232,-59.03520689655172,0.0,0.0,-11.899833333333333,-60.6089,-72.97477419354838,-92.02703333333334,-74.17912903225806,2.9081034482758623,0.0,0.0,2.151333333333333,1.9082333333333332,3.605709677419355,4.4633,7.4764193548387095,25467951.103448275,0.0,0.0,15282014.133333333,19441137.583333332,19504468.56451613,22246649.483333334,23296119.741935484,20.276620689655175,0.0,0.0,11.306266666666666,14.948133333333335,17.47716129032258,18.071,19.709967741935483,27.224,0.0,0.0,18.3965,22.651966666666667,24.12858064516129,24.798799999999996,26.713387096774195,15.17296551724138,0.0,0.0,6.250133333333333,9.061266666666667,12.321903225806452,12.971066666666667,14.671645161290321,0.0,0.0,0.0,0.0,0.0,0.0,0.0,0.0,0.0,0.0,0.0,0.0,0.0,0.0,0.0,0.0,13.0,0.0,0.0,22.0,24.0,8.0,10.0,8.0,824.335,0.0,66.037,172.385,300.929,453.854,627.454,12.195,0.0,1.4449999999999998,3.1,4.671,6.987,9.502,5.475965517241379,0.0,0.0,5.3602333333333325,5.3252,5.7058064516129035,5.6933,5.817,5.0
ZA-A1-0006,11.462,1.491,2007,1572.513,0.0,2.0679999999999996,62.743,240.185,542.197,857.608,1242.632,300.637,0.0,0.0,36.162,38.369,81.678,158.655,272.852,-611.5798846153847,0.0,-3.683,-36.09964516129032,-148.13590000000002,-295.5003870967742,-396.2045,-528.936870967742,1.0686538461538462,0.0,0.0,1.166516129032258,0.07356666666666666,1.3970645161290323,2.5659,3.683774193548387,27788054.53846154,0.0,16894468.0,17044179.903225806,23051823.266666666,23959441.225806452,24565200.5,25555701.70967742,22.687730769230768,0.0,12.068,11.085225806451612,15.8931,19.74232258064516,20.513699999999996,22.420129032258064,29.451269230769228,0.0,19.436,18.4678064516129,23.862133333333336,26.97367741935484,27.398933333333332,29.120354838709677,16.84757692307692,0.0,5.301,5.638032258064516,8.963766666666666,13.814032258064517,14.892466666666667,17.140193548387096,0.0,0.0,0.0,0.0,0.0,0.0,0.0,0.0,0.0,0.0,0.0,0.0,0.0,0.0,0.0,0.0,17.0,0.0,1.0,26.0,29.0,18.0,18.0,13.0,458.626,0.0,62.504999999999995,124.678,188.498,259.898,347.134,7.191,0.0,1.009,2.059,2.88,4.1530000000000005,5.551,3.1058461538461537,0.0,2.976,3.297451612903226,2.784966666666667,2.8443548387096773,3.4665666666666666,3.393741935483871,1.858
ZA-A1-0007,10.142,1.543,2007,1385.386,0.0,0.0,47.733,216.585,505.836,773.107,1106.446,406.17,0.0,0.0,36.464999999999996,43.232,96.267,222.825,369.89300000000003,-449.993,0.0,0.0,-31.60758064516129,-140.35643333333334,-279.21651612903224,-335.7542666666667,-404.0126451612903,1.3952692307692307,0.0,0.0,1.1762903225806451,0.22556666666666664,1.7108064516129031,4.2186,4.744129032258065,27455581.769230768,0.0,0.0,17570921.032258064,22705859.666666668,23464360.70967742,23432936.966666665,25013665.967741936,20.72846153846154,0.0,0.0,10.642612903225807,15.613566666666665,19.33067741935484,18.909033333333333,20.752870967741934,27.79542307692308,0.0,0.0,18.433548387096774,23.69066666666667,26.706451612903226,25.751766666666665,27.327870967741934,14.917923076923076,0.0,0.0,5.049225806451613,8.386033333333334,12.998516129032259,13.541366666666667,15.45883870967742,0.0,0.0,0.0,0.0,0.0,0.0,0.0,0.0,0.0,0.0,0.0,0.0,0.0,0.0,0.0,0.0,18.0,0.0,0.0,26.0,29.0,20.0,16.0,11.0,567.115,0.0,57.718,117.429,185.677,279.813,407.57,8.834,0.0,1.037,2.122,3.0140000000000002,4.697,6.5969999999999995,4.096923076923077,0.0,0.0,4.228064516129032,3.7936666666666667,3.815,4.348166666666667,4.336645161290323,2.9
ZA-A1-0008,11.381,1.507,2007,1216.472,0.0,0.0,32.476,174.687,422.534,652.598,947.09,474.967,0.0,0.0,23.896,36.668,104.11,252.417,421.56,-327.4676551724138,0.0,0.0,-39.63160714285714,-131.07113333333334,-238.0605483870968,-270.48086666666666,-299.0452903225807,1.8416206896551723,0.0,0.0,0.8534285714285714,0.42573333333333335,2.175548387096774,4.943566666666667,5.456225806451613,26887189.344827585,0.0,0.0,17712525.964285713,22213165.966666665,22840709.774193548,22512390.4,24898233.51612903,19.289034482758623,0.0,0.0,10.446785714285713,14.692466666666666,17.99506451612903,17.668799999999997,19.49974193548387,26.565586206896555,0.0,0.0,18.526142857142855,23.00476666666667,25.546193548387098,24.486266666666666,26.39151612903226,13.792758620689655,0.0,0.0,4.762107142857142,7.7761000000000005,11.982516129032257,12.426466666666666,14.312870967741937,0.0,0.0,0.0,1.0,0.0,0.0,0.0,0.0,0.0,0.0,0.0,0.0,0.0,0.0,0.0,0.0,17.0,0.0,0.0,23.0,28.0,17.0,14.0,9.0,603.251,0.0,42.672,107.686,182.641,282.812,423.033,9.552,0.0,1.0950000000000002,2.23,3.218,4.909,7.065,5.145931034482759,0.0,0.0,5.238464285714286,4.873333333333333,4.996483870967742,5.569733333333334,5.619451612903226,3.273
ZA-A1-0009,12.851,1.516,2007,2051.631,0.0,5.680999999999999,163.32999999999998,438.341,851.47,1225.646,1678.485,273.527,0.0,0.002,12.049,15.683,28.951,136.878,235.918,-643.8568888888889,0.0,-3.232,-57.65393548387097,-184.84996666666666,-352.5748064516129,-466.94106666666664,-564.2553870967743,1.392925925925926,0.0,0.002,0.3886129032258065,0.12113333333333333,0.428,3.5975666666666664,3.1948387096774193,25847525.592592593,0.0,15974744.0,17927698.677419353,22437026.666666668,23945852.64516129,22461549.666666668,24595286.677419353,23.82022222222222,0.0,15.681,15.06274193548387,19.167033333333332,23.32674193548387,22.472533333333335,24.607709677419354,30.485222222222223,0.0,23.161,22.65135483870968,26.9371,30.611516129032257,29.084999999999997,31.381709677419355,18.42548148148148,0.0,7.399,8.993290322580645,12.117066666666666,16.756387096774194,17.1433,19.322903225806453,0.0,0.0,0.0,0.0,0.0,0.0,0.0,0.0,0.0,0.0,0.0,0.0,0.0,1.0,1.0,1.0,18.0,0.0,1.0,27.0,29.0,26.0,14.0,13.0,579.992,0.0,80.245,155.733,228.937,320.936,443.796,8.363,0.0,1.153,2.246,3.0620000000000003,4.501,6.398,3.9642962962962964,0.0,3.38,3.4860645161290322,3.0072666666666668,3.063741935483871,4.591066666666666,4.043483870967742,2.4
ZA-A1-0001,12.089,1.492,2008,0.0,0.33800000000000097,47.788000000000004,108.5,235.26500000000001,424.868,625.831,845.39,0.0,9.715,69.43599999999999,100.53,113.569,159.327,284.378,329.884,0.0,0.32633333333333364,-5.664903225806451,-8.519064516129031,-70.97686666666667,-158.75106451612905,-239.72223333333335,-270.59668,0.0,3.2383333333333333,1.9264838709677419,1.0030322580645161,0.4346333333333333,1.4760645161290322,4.1683666666666666,1.82024,0.0,9694037.5,10350674.290322581,12538141.209677419,18169110.933333334,21289041.903225806,23041787.016666666,24207525.16,0.0,9.918666666666667,11.287806451612903,11.885935483870968,14.2255,15.995451612903228,16.698766666666668,18.78236,0.0,17.329666666666665,17.31341935483871,17.721516129032256,20.846666666666668,22.235612903225807,22.638633333333335,24.386080000000003,0.0,4.9703333333333335,6.417483870967742,7.328064516129031,9.297833333333333,11.342645161290323,12.512033333333333,14.84024,0.0,0.0,0.0,0.0,0.0,0.0,0.0,0.0,0.0,0.0,0.0,0.0,0.0,0.0,0.0,0.0,0.0,2.0,19.0,18.0,25.0,21.0,18.0,18.0,0.0,203.522,417.404,614.115,768.285,890.202,1019.996,0.0,2.5780000000000003,5.24,7.628,9.098,10.745000000000001,12.162,0.0,3.9136666666666664,3.979064516129032,4.001193548387097,3.74,3.7317741935483872,3.878,3.9074400000000002,10.0
ZA-A1-0002,12.173,1.457,2008,1096.962,0.0,1.1940000000000008,83.467,249.466,408.61,607.16,875.287,549.4590000000001,0.0,0.317,20.14,49.346000000000004,174.196,308.604,439.855,-233.31799999999998,0.0,-8.31375,-58.734967741935485,-156.12703333333332,-194.03616129032258,-227.7464,-222.30100000000002,4.566833333333333,0.0,0.07925,0.6394516129032258,0.9735333333333334,4.02741935483871,4.480266666666667,4.2339032258064515,22027041.375,0.0,14736412.5,15628612.322580645,17999338.666666668,19880207.919354837,24115011.866666667,24254671.451612905,19.236458333333335,0.0,8.982750000000001,12.128354838709678,15.518766666666666,14.964677419354837,16.618333333333332,18.64925806451613,25.168208333333336,0.0,16.88,20.168870967741935,23.429866666666666,21.711548387096773,24.003933333333332,25.068516129032258,14.817541666666665,0.0,3.94925,5.957290322580644,9.448466666666667,9.965451612903227,11.227466666666666,13.56516129032258,0.0,0.0,0.0,0.0,0.0,0.0,0.0,0.0,0.0,0.0,0.0,0.0,0.0,0.0,0.0,0.0,7.0,0.0,4.0,27.0,21.0,7.0,12.0,10.0,724.384,0.0,94.514,186.578,288.7,412.322,556.609,9.89,0.342,1.709,3.0940000000000003,4.283,6.089,8.168000000000001,4.899708333333334,0.0,4.1225000000000005,4.098870967741935,4.0004333333333335,4.708483870967742,4.6655,4.830193548387096,5.0
ZA-A1-0003,11.357,1.479,2008,1662.441,0.0,25.952,126.128,407.317,711.038,1063.53,1485.013,251.929,0.0,1.528,4.29,26.983,92.983,153.545,243.375,-752.1253333333334,0.0,-25.1205,-107.50554838709678,-255.4854,-374.630129032258,-521.4769333333332,-649.747,0.7128333333333333,0.0,0.0955,0.08909677419354839,0.7564333333333334,2.129032258064516,2.018733333333333,2.8977419354838707,28228935.166666668,0.0,14708993.75,17796393.548387095,21855857.133333333,23515707.548387095,27835324.933333334,27255187.032258064,24.785666666666668,0.0,10.714125,12.974193548387097,19.372966666666667,19.797451612903227,21.74973333333333,23.59622580645161,32.18141666666667,0.0,19.9255,22.177806451612906,28.572400000000002,27.682387096774193,29.826200000000004,31.01941935483871,18.752166666666668,0.0,3.8762499999999998,5.888290322580645,11.238566666666665,13.61358064516129,14.881966666666667,17.676935483870967,0.0,0.0,0.0,0.0,0.0,0.0,0.0,0.0,2.0,0.0,0.0,0.0,0.0,0.0,2.0,2.0,11.0,0.0,15.0,30.0,28.0,17.0,20.0,18.0,796.056,30.589,145.243,297.36400000000003,456.867,588.222,702.777,8.451,0.5469999999999999,1.849,3.436,4.703,6.199,7.572,2.2559166666666663,0.0,2.008625,1.8138709677419353,1.5384,2.5464193548387093,2.1995333333333336,2.7474516129032254,12.0
ZA-A1-0004,10.879,1.535,2008,1317.17,0.0,0.0,57.474000000000004,300.96500000000003,492.764,762.4,1068.762,470.126,0.0,0.0,2.708,42.8,202.282,298.882,385.951,-422.5933333333333,0.0,-2.941,-59.43645161290323,-200.01963333333333,-197.0535806451613,-271.0228333333333,-327.38132258064513,3.5072916666666667,0.0,0.0,0.08735483870967743,1.3364,5.14458064516129,3.2199999999999998,2.8086774193548387,23185410.25,0.0,16941876.0,17926242.19354839,21247885.866666667,21626340.80645161,25492543.2,25381768.16129032,20.350333333333335,0.0,9.014,11.316129032258065,18.116366666666668,16.18706451612903,18.987866666666665,19.88264516129032,26.7855,0.0,20.322,20.080096774193546,26.426266666666667,23.075612903225807,26.6805,26.66816129032258,15.842083333333335,0.0,0.944,4.541838709677419,10.968,11.345580645161291,13.207833333333333,14.807064516129033,0.0,0.0,0.0,0.0,0.0,0.0,0.0,0.0,0.0,0.0,0.0,0.0,0.0,0.0,0.0,0.0,7.0,0.0,1.0,30.0,27.0,9.0,15.0,15.0,520.412,0.0,52.391999999999996,104.435,171.012,262.197,375.622,7.4190000000000005,0.0,0.87,1.779,2.68,4.166,5.938,4.509708333333333,0.0,2.885,2.73758064516129,2.3748,4.969064516129032,4.3173,4.497064516129032,4.316
ZA-A1-0005,11.833,1.422,2008,1287.858,0.0,0.0,98.601,321.939,500.243,736.119,1012.083,607.66,0.0,0.0,18.866,60.259,207.561,335.042,458.648,-170.30396551724135,0.0,0.0,-43.35503225806451,-150.99266666666665,-142.54506451612903,-148.7630333333333,-161.7948387096774,5.138344827586207,0.0,0.0,0.6085806451612903,1.3797666666666666,4.751677419354839,4.249366666666666,3.987290322580645,21436455.344827585,0.0,0.0,16413916.112903226,18696193.833333332,17588862.741935484,21865543.383333333,24003970.387096774,19.50948275862069,0.0,0.0,12.925774193548387,17.444599999999998,15.751741935483873,17.86253333333333,18.902064516129034,25.531172413793104,0.0,0.0,21.45225806451613,25.520933333333335,21.828290322580646,24.8197,25.51651612903226,15.267172413793103,0.0,0.0,6.5927096774193545,11.230866666666666,11.453903225806451,12.9472,14.040645161290323,0.0,0.0,0.0,0.0,0.0,0.0,0.0,0.0,0.0,0.0,0.0,0.0,0.0,0.0,0.0,0.0,6.0,0.0,0.0,25.0,21.0,8.0,9.0,10.0,769.7,0.0,84.043,167.885,269.574,407.925,576.263,11.363,0.0,1.28,2.624,4.007,6.202,8.713000000000001,5.850344827586206,0.0,0.0,4.565645161290322,4.309833333333333,5.973903225806452,5.617566666666666,5.726258064516129,5.78
ZA-A1-0006,11.462,1.491,2008,1490.413,0.0,0.4640000000000004,86.113,367.66,600.817,904.066,1231.646,393.034,0.0,0.0,0.296,42.32000000000001,133.679,197.543,281.314,-568.63428,0.0,-4.4295,-68.08964516129032,-217.3107,-276.15122580645163,-391.6307,-472.56590322580644,4.4688,0.0,0.0,0.009548387096774193,1.4008000000000003,2.947064516129032,2.1288,2.7022903225806454,21273928.44,0.0,17341793.0,18703426.580645163,21715896.566666666,23027313.29032258,25683655.666666668,25717878.70967742,20.35068,0.0,8.713000000000001,12.526967741935485,19.384900000000002,17.5211935483871,20.1083,20.56709677419355,25.95676,0.0,18.6595,20.91416129032258,27.2272,24.21725806451613,27.2614,26.890709677419355,16.4208,0.0,1.4545,6.036193548387097,12.6387,12.719774193548387,14.577599999999999,15.896096774193548,0.0,0.0,0.0,0.0,0.0,0.0,0.0,0.0,0.0,0.0,0.0,0.0,0.0,0.0,0.0,0.0,7.0,0.0,2.0,31.0,27.0,13.0,16.0,19.0,481.148,0.0,52.646,104.847,168.452,248.876,347.946,7.568,0.0,0.894,1.807,2.692,4.067,5.682,3.675,0.0,2.037,1.8295806451612904,1.7422666666666666,3.8209354838709677,3.2736,3.499258064516129,3.549
ZA-A1-0007,10.142,1.543,2008,1338.599,0.0,0.4169999999999998,77.92999999999999,342.76,543.993,814.375,1101.157,470.83,0.0,0.0,0.845,30.256999999999998,160.85,256.894,346.357,-417.71215384615385,0.0,-3.043,-62.05241935483871,-206.1723,-244.11012903225804,-294.7982333333333,-347.632,4.787423076923077,0.0,0.0,0.02725806451612903,0.9803999999999999,4.212677419354838,3.2014666666666667,2.885903225806452,20273303.269230768,0.0,17527396.0,18141249.70967742,21533250.166666668,20914861.548387095,23755804.266666666,24500235.70967742,19.132384615384616,0.0,10.417,12.24174193548387,18.82766666666667,16.491387096774194,19.012733333333333,19.251032258064516,24.63146153846154,0.0,21.522,20.87890322580645,26.736366666666665,23.17258064516129,26.08556666666667,25.66541935483871,15.170346153846152,0.0,1.8,5.750935483870967,12.302266666666666,11.661387096774193,13.6095,14.388709677419355,0.0,0.0,0.0,0.0,0.0,0.0,0.0,0.0,0.0,0.0,0.0,0.0,0.0,0.0,0.0,0.0,9.0,0.0,1.0,31.0,26.0,10.0,14.0,15.0,577.6469999999999,0.0,44.298,93.32499999999999,163.67,269.401,409.02,9.146,0.0,0.874,1.827,2.885,4.64,6.704,4.94976923076923,0.0,3.236,3.021645161290323,2.6389333333333336,4.903225806451613,4.5147,4.607129032258064,5.0
ZA-A1-0008,11.381,1.507,2008,1181.996,0.0,0.0,67.644,295.366,464.707,703.1370000000001,950.988,509.97,0.0,0.0,2.582,32.098,175.006,299.644,378.959,-320.7932142857143,0.0,0.0,-53.406724137931036,-188.0351,-204.94638709677417,-224.29543333333334,-263.57045161290324,4.678964285714286,0.0,0.0,0.08903448275862068,0.9838666666666666,4.609935483870968,4.1546,2.5585483870967742,20461027.67857143,0.0,0.0,18019023.0,21234598.033333335,19784411.096774194,23291820.733333334,23813558.870967742,18.250285714285713,0.0,0.0,11.904103448275862,17.590733333333333,15.462612903225807,17.947666666666667,17.995193548387096,24.119535714285714,0.0,0.0,20.44124137931035,25.9445,21.994225806451613,24.964833333333335,24.59367741935484,14.261642857142858,0.0,0.0,5.696931034482759,11.2536,10.88516129032258,12.923666666666666,13.20916129032258,0.0,0.0,0.0,0.0,0.0,0.0,0.0,0.0,0.0,0.0,0.0,0.0,0.0,0.0,0.0,0.0,7.0,0.0,0.0,29.0,25.0,8.0,12.0,15.0,610.04,0.0,33.369,84.378,153.733,266.038,421.862,9.78,0.0,0.928,1.908,2.907,4.774,7.133,6.075642857142857,0.0,0.0,3.4535862068965515,2.982666666666667,5.973064516129032,5.8326,5.753129032258065,5.504
ZA-A1-0009,12.851,1.516,2008,1892.144,0.0,5.66,195.337,536.999,853.3,1216.5,1572.506,507.737,0.0,0.0,1.4280000000000002,35.251,101.166,247.49699999999999,349.612,-391.90011111111113,0.0,-5.258,-65.33935483870968,-205.54583333333332,-279.9851290322581,-346.8197,-366.87787096774196,5.856481481481482,0.0,0.0,0.046064516129032264,1.1274333333333333,2.1262903225806453,4.8777,3.2940322580645165,19602267.462962963,0.0,18139200.0,18494893.06451613,21291299.633333333,20992414.35483871,22417965.7,22215691.032258064,21.838444444444445,0.0,12.83,16.118612903225806,21.388733333333334,20.20325806451613,22.10666666666667,21.48406451612903,27.35414814814815,0.0,22.6855,24.49825806451613,28.964466666666667,26.77925806451613,28.912300000000002,27.63267741935484,18.119074074074074,0.0,5.371,9.469645161290321,14.916733333333333,15.06090322580645,16.925166666666666,17.28609677419355,0.0,0.0,0.0,0.0,0.0,0.0,0.0,0.0,0.0,0.0,0.0,0.0,0.0,0.0,0.0,0.0,9.0,0.0,2.0,31.0,26.0,14.0,15.0,12.0,654.35,0.0,66.335,133.727,222.60500000000002,348.161,497.33,9.549,0.0,1.017,2.015,3.116,5.024,7.254,4.996703703703703,0.0,2.609,2.382548387096774,2.1176666666666666,4.182548387096774,4.465,4.655677419354839,4.0
ZA-A1-0001,12.089,1.492,2009,0.0,0.0,51.895,120.601,189.583,352.726,558.989,806.012,0.0,0.126,42.736000000000004,88.341,137.103,174.278,279.387,291.234,0.0,-1.8645,-2.8737741935483876,-38.84303225806452,-68.08803333333334,-126.97506451612902,-189.74346666666668,-290.99692,0.0,0.063,1.374516129032258,1.4711290322580644,1.6254,1.1991935483870966,3.503633333333333,0.47387999999999997,0.0,9569029.5,10202838.0,12990744.5,17179908.316666666,21852712.0,24369127.3,28019285.92,0.0,9.282499999999999,11.306,12.054451612903225,12.1536,15.262677419354839,16.875433333333334,19.88092,0.0,14.343,17.172483870967742,18.17167741935484,18.337833333333332,21.493000000000002,22.745833333333334,26.39584,0.0,6.1095,6.892451612903225,7.56316129032258,7.529966666666667,10.849129032258064,12.751533333333333,15.28644,0.0,0.0,0.0,0.0,0.0,0.0,0.0,0.0,0.0,0.0,0.0,0.0,0.0,0.0,0.0,0.0,0.0,2.0,21.0,20.0,20.0,23.0,20.0,22.0,0.0,185.91,383.647,565.424,720.274,852.78,976.473,0.0,2.3819999999999997,4.801,7.0889999999999995,9.089,10.413,11.714,0.0,3.9290000000000003,4.043225806451613,3.845516129032258,3.9462333333333333,3.8313548387096774,4.004700000000001,3.4820800000000003,10.0
ZA-A1-0002,12.173,1.457,2009,1114.512,0.0,10.409,85.792,195.156,377.668,598.1659999999999,879.939,456.55400000000003,0.0,0.019999999999999997,31.503,55.377,109.218,237.367,367.51800000000003,-346.96056000000004,0.0,-7.928333333333334,-48.30964516129032,-147.17633333333333,-242.49719354838712,-302.02369999999996,-306.9608709677419,3.56144,0.0,0.006666666666666665,1.0155806451612903,0.7958,1.7368064516129034,4.271633333333333,4.19841935483871,24056858.36,0.0,14859966.333333334,15282156.387096774,20300003.1,21682882.48387097,22289991.633333333,24501609.19354839,19.38292,0.0,13.469666666666667,12.118419354838709,13.145166666666666,15.887483870967742,17.349933333333336,19.089451612903225,26.02616,0.0,22.430666666666667,19.92774193548387,21.524566666666665,23.305258064516128,24.224866666666667,25.90096774193548,14.648679999999999,0.0,6.216666666666666,6.415870967741935,6.4106000000000005,10.255032258064515,12.244433333333332,14.07658064516129,0.0,0.0,0.0,0.0,0.0,0.0,0.0,0.0,0.0,0.0,0.0,0.0,0.0,0.0,0.0,0.0,8.0,0.0,3.0,25.0,27.0,13.0,9.0,9.0,721.352,0.0,103.52,205.58499999999998,310.15,427.21799999999996,567.781,9.92,0.0,1.451,2.903,4.458,5.771,7.845,4.31508,0.0,4.131666666666667,4.110193548387096,3.9758,4.2424193548387095,4.390933333333334,4.534451612903227,5.3
ZA-A1-0003,11.357,1.479,2009,1817.9,0.0,36.239000000000004,164.52700000000002,332.031,705.837,1121.904,1627.715,129.688,0.0,0.0,3.87,4.143,17.308,69.271,95.29599999999999,-980.677,0.0,-24.5244,-110.3923870967742,-253.24746666666667,-437.46687096774195,-625.8985333333334,-818.0713870967742,2.8659999999999997,0.0,0.0,0.12483870967741936,0.0091,0.42467741935483866,1.7321,0.839516129032258,27514682.666666668,0.0,15157456.066666666,17292692.0,23097341.8,26164777.677419353,27605722.0,28672062.70967742,25.84875,0.0,12.379933333333334,14.096225806451613,15.507566666666666,22.05825806451613,23.8689,26.316483870967744,33.83533333333333,0.0,21.9274,22.983935483870965,24.632866666666665,30.552032258064518,32.192933333333336,34.35477419354839,19.016000000000002,0.0,6.005733333333334,7.579225806451612,8.173399999999999,14.581,16.695733333333333,19.29206451612903,0.0,0.0,0.0,0.0,0.0,0.0,0.0,0.0,4.0,0.0,0.0,0.0,0.0,1.0,6.0,14.0,6.0,0.0,15.0,31.0,30.0,26.0,19.0,23.0,785.639,32.472,158.904,320.729,482.729,608.694,706.976,8.193999999999999,0.591,2.069,3.725,5.305,6.282,7.486,1.9475,0.0,2.3457333333333334,2.0676451612903226,1.6827666666666665,1.6281612903225806,1.8541666666666667,1.7144193548387097,11.5
ZA-A1-0004,10.879,1.535,2009,1552.555,0.0,0.0,83.039,239.23,547.042,862.883,1250.202,277.96,0.0,0.0,4.042,7.658,35.044,127.723,185.793,-719.2910400000001,0.0,0.0,-54.77367741935483,-193.86503333333334,-361.18925806451614,-487.74306666666666,-595.3390322580645,3.68668,0.0,0.0,0.13038709677419355,0.12053333333333334,0.8834193548387097,3.0893,1.873225806451613,25502087.2,0.0,0.0,17712975.29032258,22926377.8,25137084.580645163,24981942.5,27531601.870967742,22.094119999999997,0.0,0.0,12.624451612903226,15.080766666666667,19.92941935483871,20.528033333333333,22.49416129032258,29.29836,0.0,0.0,21.267451612903226,23.950266666666668,28.25725806451613,28.398033333333334,30.16567741935484,16.7016,0.0,0.0,6.438516129032258,7.764033333333333,12.872774193548386,14.401933333333334,16.406354838709678,0.0,0.0,0.0,0.0,0.0,0.0,0.0,0.0,0.0,0.0,0.0,0.0,0.0,0.0,0.0,0.0,11.0,0.0,0.0,30.0,29.0,20.0,12.0,19.0,494.433,0.0,59.567,120.071,182.218,257.954,359.761,7.509,0.0,0.964,1.935,2.9459999999999997,3.935,5.531,3.8094400000000004,0.0,0.0,3.2791612903225804,2.741833333333333,3.117290322580645,4.001666666666667,3.7880645161290323,4.65
ZA-A1-0005,11.833,1.422,2009,1359.687,0.0,0.0,113.10300000000001,264.42,489.362,754.905,1066.118,579.217,0.0,0.0,12.5,53.644,114.18900000000001,250.93800000000002,389.16,-275.7818275862069,0.0,0.0,-41.13556666666667,-144.19953333333333,-227.06806451612903,-271.57300000000004,-256.5641935483871,6.5536896551724135,0.0,0.0,0.4166666666666667,1.3714666666666666,1.9530645161290323,4.5583,4.458774193548387,21176253.586206898,0.0,0.0,16022944.15,19372121.033333335,20576238.51612903,21318699.65,23935132.19354839,20.12306896551724,0.0,0.0,13.686200000000001,14.723466666666667,17.256193548387095,18.851433333333333,20.039129032258064,26.56006896551724,0.0,0.0,21.87523333333333,23.134966666666667,24.836580645161288,25.897666666666666,26.97367741935484,15.807275862068966,0.0,0.0,8.001333333333333,8.185433333333332,11.690129032258065,13.914066666666667,15.189806451612904,0.0,0.0,0.0,0.0,0.0,0.0,0.0,0.0,0.0,0.0,0.0,0.0,0.0,0.0,0.0,0.0,4.0,0.0,0.0,26.0,22.0,8.0,3.0,7.0,738.958,0.0,64.741,157.836,257.252,384.181,547.532,11.202,0.0,1.411,2.8209999999999997,4.475,6.041,8.491,5.441034482758621,0.0,0.0,4.7177,4.686800000000001,4.975096774193549,5.4006,5.342838709677419,6.2
ZA-A1-0006,11.462,1.491,2009,1742.674,0.0,2.433,128.611,325.091,672.34,1017.012,1422.96,249.21,0.0,0.0,1.31,1.4929999999999999,31.133000000000003,93.239,140.956,-794.8091923076923,0.0,-3.781,-63.63974193548387,-218.5265,-400.57029032258066,-539.6561666666666,-675.6813870967742,4.163615384615385,0.0,0.0,0.04225806451612903,0.0060999999999999995,0.9561290322580646,2.0702000000000003,1.539258064516129,24622358.269230768,0.0,17181962.0,18446435.225806452,23582965.8,25261157.548387095,24683675.466666665,27420060.387096774,22.296692307692304,0.0,12.433,14.070258064516128,16.486433333333334,21.20158064516129,21.489066666666666,23.095096774193546,28.49346153846154,0.0,21.812,22.408806451612904,25.186133333333334,28.786806451612907,28.804033333333333,30.13032258064516,17.574461538461538,0.0,5.915,7.879548387096774,9.486766666666666,14.729129032258065,15.672366666666667,17.424709677419358,0.0,0.0,0.0,0.0,0.0,0.0,0.0,0.0,0.0,0.0,0.0,0.0,0.0,0.0,0.0,0.0,9.0,0.0,1.0,31.0,30.0,22.0,13.0,19.0,436.476,0.0,55.925,111.249,168.071,234.075,316.46999999999997,6.961,0.0,0.946,1.883,2.866,3.785,5.132,3.133230769230769,0.0,2.781,2.502838709677419,1.9091666666666667,2.3122903225806453,3.0373666666666663,2.661709677419355,3.607
ZA-A1-0007,10.142,1.543,2009,1533.638,0.0,0.0,110.707,305.034,615.6850000000001,907.947,1254.53,395.55199999999996,0.0,0.0,0.992,2.196,51.726,161.029,243.23499999999999,-571.1183846153846,0.0,0.0,-56.512032258064515,-206.71599999999998,-372.0604193548387,-446.6329333333333,-522.6392903225807,5.8583461538461545,0.0,0.0,0.032,0.04013333333333333,1.5977419354838711,3.6434333333333333,2.651806451612903,23813204.615384616,0.0,0.0,18006406.16129032,23026760.233333334,24975308.64516129,22835160.533333335,26521888.51612903,20.734923076923074,0.0,0.0,13.571193548387097,16.4407,20.020999999999997,19.74206666666667,21.180096774193547,26.796423076923077,0.0,0.0,22.01435483870968,25.202066666666667,27.70125806451613,26.61863333333333,28.03712903225806,16.231,0.0,0.0,7.447645161290323,9.236766666666666,13.636645161290323,14.591966666666668,15.900709677419355,0.0,0.0,0.0,0.0,0.0,0.0,0.0,0.0,0.0,0.0,0.0,0.0,0.0,0.0,0.0,0.0,7.0,0.0,0.0,31.0,30.0,20.0,9.0,12.0,562.442,0.0,51.929,107.36,173.143,270.142,399.454,8.939,0.0,0.978,1.986,3.183,4.514,6.422,4.216615384615385,0.0,0.0,3.490645161290322,3.0437333333333334,3.2708387096774194,4.143933333333333,4.0555161290322586,5.2
ZA-A1-0008,11.381,1.507,2009,1334.087,0.0,0.0,87.261,249.905,506.68600000000004,757.931,1054.034,465.607,0.0,0.0,1.988,10.018,57.845,187.816,294.564,-445.07027586206897,0.0,0.0,-49.48717857142857,-182.69893333333331,-328.69,-382.4517333333333,-411.4636129032258,5.898034482758621,0.0,0.0,0.071,0.26766666666666666,1.5428064516129032,4.332366666666667,3.443483870967742,22497271.96551724,0.0,0.0,17820652.73214286,22018250.033333335,23986472.06451613,21710894.166666668,25734903.903225806,19.657,0.0,0.0,13.034678571428572,15.351066666666666,18.283258064516126,18.374833333333335,19.551709677419353,25.817586206896554,0.0,0.0,21.40507142857143,24.132233333333332,26.16190322580645,25.242966666666668,26.546387096774193,15.357275862068965,0.0,0.0,7.159464285714286,8.607666666666667,12.20658064516129,13.528466666666667,14.505548387096775,0.0,0.0,0.0,0.0,0.0,0.0,0.0,0.0,0.0,0.0,0.0,0.0,0.0,0.0,0.0,0.0,7.0,0.0,0.0,28.0,27.0,18.0,7.0,12.0,592.517,0.0,39.077,97.70599999999999,163.823,260.95799999999997,404.226,9.435,0.0,1.041,2.097,3.289,4.556,6.674,5.493689655172414,0.0,0.0,3.9629285714285714,3.7681,4.156193548387097,5.3604666666666665,5.304483870967742,6.0
ZA-A1-0009,12.851,1.516,2009,2139.822,0.0,6.018000000000001,233.816,536.869,953.384,1341.096,1765.966,344.192,0.0,0.0,1.489,3.338,16.439,130.298,241.978,-613.4857407407407,0.0,-3.623,-61.496870967741934,-208.59256666666667,-390.0637741935484,-490.82146666666665,-577.6014193548388,3.7857037037037036,0.0,0.0,0.04803225806451613,0.06163333333333333,0.4226129032258064,3.7952999999999997,3.6025806451612907,22684687.37037037,0.0,17952180.0,18403924.322580647,22670594.266666666,24711553.29032258,21922796.366666667,23815873.258064516,23.84651851851852,0.0,16.018,17.34832258064516,20.101766666666666,23.43596774193548,22.923733333333335,23.705483870967743,29.713814814814814,0.0,25.406,25.46638709677419,28.647966666666665,30.877032258064517,29.383,30.147580645161288,19.681962962962963,0.0,8.807,11.04625806451613,13.125266666666667,16.91,17.9894,18.913999999999998,0.0,0.0,0.0,0.0,0.0,0.0,0.0,0.0,0.0,0.0,0.0,0.0,0.0,2.0,3.0,0.0,8.0,0.0,1.0,31.0,30.0,27.0,14.0,14.0,597.973,0.0,78.35300000000001,153.446,225.78900000000002,319.218,445.67900000000003,8.651,0.0,1.107,2.1750000000000003,3.237,4.397,6.357,4.400222222222222,0.0,2.996,2.7880322580645163,2.269833333333333,2.406516129032258,3.9577666666666667,3.9011935483870968,5.198
ZA-A1-0001,12.089,1.492,2010,0.0,4.746,82.393,162.139,267.527,447.527,663.468,875.5840000000001,0.0,0.0,45.962,70.42099999999999,109.157,168.808,210.206,227.857,0.0,-2.928,-7.670451612903225,-37.173645161290324,-90.57563333333334,-153.71361290322582,-235.02436666666665,-357.94428,0.0,0.0,1.4826451612903226,0.789,1.2912,1.9242258064516131,1.3799333333333335,0.70604,0.0,11419426.0,10097622.435483871,12920172.91935484,16916182.583333332,21061544.887096774,23912307.466666665,27313814.44,0.0,12.373000000000001,12.234290322580645,12.520709677419354,13.447466666666665,15.806451612903226,17.198033333333335,18.48464,0.0,20.8615,18.3871935483871,18.938967741935485,19.418766666666667,21.74416129032258,23.3826,24.95924,0.0,6.5045,7.477677419354839,7.695354838709678,9.228933333333334,11.409967741935484,12.742933333333333,14.076479999999998,0.0,0.0,0.0,0.0,0.0,0.0,0.0,0.0,0.0,0.0,0.0,0.0,0.0,0.0,0.0,0.0,0.0,2.0,23.0,24.0,19.0,24.0,20.0,22.0,0.0,197.726,406.606,592.563,744.332,868.939,978.838,0.0,2.556,5.084,7.3629999999999995,8.776,10.506,11.673,0.0,3.888,3.9223548387096776,3.784548387096774,3.8563666666666667,3.8650322580645162,3.719066666666667,3.39216,7.0
ZA-A1-0002,12.173,1.457,2010,1086.271,0.0,7.132,90.09400000000001,216.43800000000002,381.882,585.752,835.397,507.529,0.0,4.239,39.794,73.827,186.153,283.965,368.27,-298.65564,0.0,-3.974,-25.306548387096775,-123.8741,-159.61970967741937,-192.5973,-247.36774193548385,5.570360000000001,0.0,1.413,1.1469354838709678,1.1344333333333334,3.6234193548387092,3.2603999999999997,2.719516129032258,21847222.4,0.0,11045135.666666666,14933010.516129032,18331382.2,19372140.741935484,23647207.633333333,24617152.096774194,20.03496,0.0,12.377333333333333,12.120612903225808,13.822933333333333,15.336903225806452,16.767466666666667,18.05306451612903,26.34224,0.0,18.947999999999997,19.7381935483871,21.652866666666668,21.738419354838708,23.5743,24.999967741935485,15.4196,0.0,7.312666666666668,6.499387096774194,7.549533333333333,10.429225806451612,11.461566666666666,12.957290322580645,0.0,0.0,0.0,0.0,0.0,0.0,0.0,0.0,0.0,0.0,0.0,0.0,0.0,0.0,0.0,0.0,6.0,0.0,2.0,26.0,20.0,11.0,16.0,9.0,725.543,0.0,96.956,195.27800000000002,306.93600000000004,435.716,573.441,10.158,0.0,1.3969999999999998,2.836,4.141,6.027,8.031,4.5986,0.0,4.269333333333333,4.362483870967742,4.125266666666667,4.700258064516129,4.532733333333334,4.435,4.531
ZA-A1-0003,11.357,1.479,2010,1764.781,0.0,8.108999999999998,140.313,381.36400000000003,722.4590000000001,1086.312,1595.337,225.758,0.0,9.030999999999999,13.770999999999999,23.516,104.378,154.742,176.863,-838.8095,0.0,-20.584799999999998,-85.97051612903226,-236.04146666666665,-353.56958064516124,-487.81176666666664,-705.8643870967742,4.074583333333334,0.0,0.6020666666666666,0.15290322580645163,0.32483333333333336,2.6084516129032256,1.6788,0.7135806451612904,23317291.416666668,0.0,14334150.133333333,17502352.032258064,22276453.066666666,24043517.903225806,26948695.5,29966981.677419353,24.120333333333335,0.0,9.0924,13.98425806451613,18.035033333333335,21.003064516129033,22.12843333333333,26.42016129032258,31.013,0.0,17.811466666666668,22.459,26.99256666666667,28.928,30.1399,34.98909677419355,19.37275,0.0,3.167266666666667,7.654612903225806,10.701533333333334,14.530806451612902,15.518400000000002,18.63067741935484,0.0,0.0,1.0,0.0,0.0,0.0,0.0,0.0,1.0,0.0,0.0,0.0,0.0,0.0,3.0,16.0,5.0,0.0,14.0,30.0,28.0,18.0,23.0,24.0,787.335,30.781,148.248,304.613,467.581,595.972,699.345,8.224,0.5740000000000001,1.973,3.573,4.806,6.196,7.406,2.78525,0.0,2.4861999999999997,2.321096774193548,1.6783000000000001,2.5400645161290325,2.2213,1.6465806451612903,11.5
ZA-A1-0004,10.879,1.535,2010,1397.326,0.0,0.0,59.69799999999999,262.26800000000003,507.943,770.189,1142.609,504.161,0.0,0.0,23.086,40.463,153.605,231.736,314.882,-468.46272,0.0,0.0,-27.117967741935484,-156.82340000000002,-231.4581935483871,-300.7548666666667,-423.5382258064516,7.57116,0.0,0.0,0.7447096774193548,0.5792333333333333,3.649741935483871,2.6043666666666665,2.6821290322580644,21747250.52,0.0,0.0,17542783.16129032,21424830.5,22489372.16129032,24784768.266666666,27134907.387096774,20.188679999999998,0.0,0.0,11.29216129032258,16.752333333333333,17.924999999999997,18.741533333333333,22.013548387096773,26.23948,0.0,0.0,19.50374193548387,25.023666666666667,25.24874193548387,26.309900000000003,30.185612903225806,16.2256,0.0,0.0,5.4554193548387095,9.862866666666667,12.259580645161291,12.919033333333335,15.66016129032258,0.0,0.0,0.0,0.0,0.0,0.0,0.0,0.0,0.0,0.0,0.0,0.0,0.0,0.0,0.0,0.0,3.0,0.0,0.0,28.0,27.0,14.0,15.0,11.0,525.428,0.0,55.638999999999996,116.925,191.964,280.618,382.999,8.074,0.0,0.9390000000000001,1.976,2.904,4.348,5.938,4.86768,0.0,0.0,4.082,3.2531666666666665,4.511645161290322,4.2642,3.832258064516129,4.6
ZA-A1-0005,11.833,1.422,2010,1241.389,0.0,0.0,70.288,236.873,441.545,659.089,958.096,714.41,0.0,0.0,49.508,89.57000000000001,221.813,346.251,481.998,-94.19689655172414,0.0,0.0,-4.611733333333333,-89.01870000000001,-110.27935483870968,-112.46036666666666,-111.04219354838709,8.014206896551725,0.0,0.0,1.6502666666666668,1.3354000000000001,4.2659032258064515,4.1479333333333335,4.378935483870968,19278552.344827585,0.0,0.0,15960372.116666667,17756905.616666667,18215510.903225806,21411923.733333334,22951607.774193548,19.768724137931034,0.0,0.0,12.113066666666667,15.500766666666665,16.60232258064516,17.2351,19.645387096774197,25.34296551724138,0.0,0.0,20.070333333333334,23.32203333333333,23.03041935483871,23.878600000000002,26.580419354838707,15.938896551724138,0.0,0.0,6.698766666666667,9.477033333333333,11.93167741935484,12.410033333333333,14.687838709677418,0.0,0.0,0.0,0.0,0.0,0.0,0.0,0.0,0.0,0.0,0.0,0.0,0.0,0.0,0.0,0.0,3.0,0.0,0.0,24.0,19.0,10.0,6.0,5.0,777.73,0.0,62.17,160.478,278.972,419.865,583.148,11.877,0.0,1.388,3.007,4.506,6.714,9.171,5.867620689655173,0.0,0.0,5.3455,5.011433333333333,5.591129032258064,5.5469,5.5081612903225805,5.913
ZA-A1-0006,11.462,1.491,2010,1586.927,0.0,2.130000000000001,94.079,342.466,638.864,924.966,1313.732,479.498,0.0,5.336,26.486,33.881,114.30199999999999,201.37199999999999,274.157,-545.9252692307692,0.0,2.469,-29.16764516129032,-172.7405333333333,-289.42951612903227,-386.82256666666666,-499.0176129032258,7.89773076923077,0.0,5.336,0.6822580645161291,0.2465,2.5942258064516133,2.9023333333333334,2.3479032258064514,20974031.576923076,0.0,13873096.0,18272641.774193548,22133481.866666667,23206415.19354839,24503027.133333333,27486064.64516129,20.5075,0.0,12.13,12.563870967741936,18.279566666666664,19.561225806451613,19.536733333333334,22.54083870967742,25.8525,0.0,18.623,20.411290322580644,26.0763,26.688709677419357,26.548833333333334,29.929193548387097,17.027615384615384,0.0,6.918,6.821258064516129,11.729966666666666,13.942387096774194,13.9391,16.50441935483871,0.0,0.0,0.0,0.0,0.0,0.0,0.0,0.0,0.0,0.0,0.0,0.0,0.0,0.0,0.0,0.0,5.0,0.0,0.0,30.0,27.0,14.0,17.0,15.0,465.377,0.0,52.132999999999996,108.551,173.059,246.043,333.225,7.601,0.0,0.932,1.955,2.8360000000000003,4.119,5.546,3.817230769230769,0.0,3.561,3.1160967741935486,2.376733333333333,3.343,3.1986666666666665,2.8836129032258064,3.701
ZA-A1-0007,10.142,1.543,2010,1411.299,0.0,0.0,69.41,306.106,573.487,821.8820000000001,1157.821,574.805,0.0,0.0,27.804000000000002,43.202,130.166,258.088,371.913,-361.2176153846154,0.0,0.0,-24.447709677419354,-160.56719999999999,-264.94622580645165,-310.07846666666666,-360.6616451612903,7.803538461538461,0.0,0.0,0.8969032258064517,0.5132666666666666,2.805290322580645,4.2640666666666664,3.671774193548387,21243397.53846154,0.0,0.0,18083801.98387097,21586516.3,22504949.80645161,23454723.8,26105122.64516129,19.749153846153845,0.0,0.0,11.792387096774194,17.889866666666666,18.625193548387095,18.279833333333332,20.836741935483868,25.37826923076923,0.0,0.0,20.0,25.807133333333333,25.827903225806452,25.08536666666667,27.782129032258062,15.957807692307693,0.0,0.0,5.988645161290322,11.108966666666667,13.10458064516129,13.076366666666667,15.315709677419354,0.0,0.0,0.0,0.0,0.0,0.0,0.0,0.0,0.0,0.0,0.0,0.0,0.0,0.0,0.0,0.0,3.0,0.0,0.0,28.0,25.0,15.0,10.0,10.0,596.096,0.0,49.192,105.818,181.615,286.738,422.931,9.628,0.0,0.972,2.069,3.089,4.864,7.043,4.795076923076923,0.0,0.0,4.000258064516129,3.446833333333333,4.039677419354839,4.310133333333334,4.131516129032258,5.8
ZA-A1-0008,11.381,1.507,2010,1225.625,0.0,0.0,45.788,242.602,461.327,669.931,967.488,649.305,0.0,0.0,3.6359999999999997,16.612,130.885,272.368,412.025,-230.62117241379312,0.0,0.0,-47.234750000000005,-166.22616666666667,-244.75819354838708,-250.25300000000001,-264.3771290322581,8.182068965517242,0.0,0.0,0.12985714285714284,0.4325333333333334,3.686225806451613,4.7161,4.505064516129033,21054805.20689655,0.0,0.0,18588854.714285713,21060358.2,21391647.870967742,22275749.333333332,25317388.903225806,18.901275862068964,0.0,0.0,11.347035714285713,16.560466666666667,17.05564516129032,16.910266666666665,19.598612903225806,24.731034482758623,0.0,0.0,19.97732142857143,24.6669,24.135645161290324,23.651733333333333,26.500290322580646,15.143206896551725,0.0,0.0,5.476535714285715,10.1853,11.99593548387097,12.062233333333333,14.617193548387096,0.0,0.0,0.0,0.0,0.0,0.0,0.0,0.0,0.0,0.0,0.0,0.0,0.0,0.0,0.0,0.0,4.0,0.0,0.0,27.0,25.0,14.0,8.0,10.0,630.774,0.0,36.760000000000005,96.207,175.347,288.349,439.801,10.198,0.0,1.004,2.118,3.222,5.134,7.478,6.051689655172414,0.0,0.0,4.992428571428571,4.203,5.26358064516129,5.624633333333334,5.369516129032259,5.905
ZA-A1-0009,12.851,1.516,2010,2037.497,0.0,4.726000000000001,177.366,499.665,878.487,1235.879,1663.752,345.56,0.0,0.03,4.054,19.295,62.404,168.291,266.364,-561.129037037037,0.0,-3.399,-56.224612903225804,-192.265,-321.5391935483871,-416.22726666666665,-462.13235483870966,2.933185185185185,0.0,0.03,0.12980645161290322,0.5080333333333333,1.3906129032258066,3.5295666666666667,3.1636451612903227,22217107.666666668,0.0,17282592.0,18545755.16129032,20762277.633333333,22502082.225806452,22355267.783333335,24880942.06451613,23.842407407407407,0.0,14.726,15.569032258064516,20.743299999999998,22.22006451612903,21.91306666666667,23.80235483870968,29.876740740740743,0.0,22.958,23.5408064516129,28.4283,29.167870967741933,28.805533333333337,30.559838709677418,19.492814814814817,0.0,7.444,9.484548387096774,14.318299999999999,16.54825806451613,16.7552,18.59251612903226,0.0,0.0,0.0,0.0,0.0,0.0,0.0,0.0,0.0,0.0,0.0,0.0,0.0,1.0,0.0,1.0,13.0,0.0,1.0,30.0,27.0,25.0,12.0,17.0,618.068,0.0,76.291,151.773,233.24699999999999,337.051,469.08799999999997,9.119,0.0,1.131,2.269,3.248,4.874,6.926,3.8798518518518517,0.0,3.283,3.26958064516129,2.7867333333333333,3.266483870967742,4.001,4.016935483870968,5.0
ZA-A1-0001,12.089,1.492,2011,0.0,3.2279999999999998,63.934999999999995,147.90699999999998,260.293,420.332,631.369,848.446,0.0,2.409,38.580999999999996,64.772,86.354,141.406,174.244,222.216,0.0,-0.622,-8.271161290322581,-45.96493548387097,-111.72566666666667,-182.8231935483871,-266.9872,-370.65772,0.0,1.2045,1.1668387096774193,0.8448709677419355,0.7194,1.7758709677419355,1.0946,1.9188800000000001,0.0,9609630.0,10086170.677419355,13872866.661290323,16963478.25,18718153.548387095,24050657.8,23672553.36,0.0,11.614,11.561838709677419,12.62325806451613,13.7462,15.162548387096773,17.034566666666667,18.68308,0.0,16.801499999999997,17.932193548387097,19.410677419354837,20.2161,20.660354838709676,23.146900000000002,24.24804,0.0,8.1445,6.719129032258064,7.692225806451613,9.018566666666667,11.023967741935484,12.754633333333334,15.03616,0.0,0.0,0.0,0.0,0.0,0.0,0.0,0.0,0.0,0.0,0.0,0.0,0.0,0.0,0.0,0.0,0.0,1.0,24.0,27.0,23.0,17.0,21.0,14.0,0.0,195.444,404.296,583.345,721.006,840.473,958.209,0.0,2.4059999999999997,4.8919999999999995,6.995,8.331,10.019,11.262,0.0,3.8034999999999997,3.8250967741935487,3.698258064516129,3.6752666666666665,3.8112903225806454,3.6633333333333336,3.72376,6.667
ZA-A1-0002,12.173,1.457,2011,1133.58,0.0,5.300000000000001,105.107,268.722,437.89300000000003,655.817,899.55,667.87,0.0,1.784,12.897,38.588,142.303,310.84,475.366,-178.5866,0.0,-2.559,-54.30564516129032,-164.38253333333333,-246.91151612903224,-230.88603333333333,-231.15648387096772,7.7001599999999994,0.0,0.5946666666666667,0.3584838709677419,0.8563666666666666,3.345645161290322,5.617900000000001,5.307290322580646,19788475.98,0.0,11528418.666666666,16075935.967741935,19655954.9,20341075.64516129,22060361.166666668,23170108.06451613,19.3612,0.0,11.412333333333335,12.621193548387097,15.453833333333334,15.429354838709678,17.264133333333334,17.862354838709674,24.885360000000002,0.0,17.782333333333334,21.024709677419352,23.666633333333333,22.337709677419358,24.12796666666667,24.195774193548385,15.39088,0.0,6.358999999999999,6.270838709677419,8.913166666666665,10.058064516129033,11.909266666666667,13.518096774193548,0.0,0.0,0.0,0.0,0.0,0.0,0.0,0.0,0.0,0.0,0.0,0.0,0.0,0.0,0.0,0.0,5.0,0.0,2.0,29.0,23.0,14.0,10.0,5.0,732.64,0.0,99.737,192.227,289.7,411.79,560.268,10.178,0.0,1.387,2.7350000000000003,3.867,5.688,7.821,5.13404,0.0,4.215333333333334,4.058612903225806,3.9013,4.290838709677419,4.700166666666666,4.711516129032257,3.5
ZA-A1-0003,11.357,1.479,2011,1803.24,0.0,43.122,162.734,439.12600000000003,788.481,1191.69,1649.0810000000001,226.755,0.0,0.013999999999999999,0.022,7.749,14.793,60.059,140.004,-846.0205,0.0,-23.546466666666667,-105.8953870967742,-255.30596666666668,-443.27312903225805,-634.1993666666666,-815.0313870967742,7.22925,0.0,0.0009333333333333332,0.00025806451612903227,0.25756666666666667,0.2272258064516129,1.5088666666666666,2.5788709677419352,23195864.5,0.0,14483850.2,18021731.0,21616028.866666667,25647428.19354839,27343750.366666667,27844508.16129032,22.84658333333333,0.0,12.641266666666667,13.576741935483872,19.21306666666667,21.269516129032258,23.4403,24.754548387096772,29.125416666666666,0.0,22.5168,23.034354838709675,28.2378,29.72932258064516,31.9633,32.63083870967742,18.681416666666667,0.0,5.409400000000001,6.368096774193549,11.601866666666666,13.855322580645161,16.134533333333334,18.39532258064516,0.0,0.0,1.0,0.0,0.0,0.0,0.0,0.0,0.0,0.0,0.0,0.0,0.0,0.0,4.0,7.0,4.0,0.0,15.0,31.0,27.0,29.0,21.0,19.0,784.144,34.467,160.74099999999999,312.723,461.88,580.919,689.47,8.211,0.588,1.9609999999999999,3.5140000000000002,4.661,5.963,7.28,3.3394166666666667,0.0,2.1955999999999998,1.9018709677419354,1.7239333333333335,1.5801290322580646,1.9455666666666667,2.0872258064516127,11.5
ZA-A1-0004,10.879,1.535,2011,1471.881,0.0,0.0,71.863,299.6,584.099,896.834,1221.534,487.945,0.0,0.0,0.5,1.785,51.306,126.294,320.81600000000003,-521.55672,0.0,0.0,-55.76741935483871,-199.71216666666666,-359.7028064516129,-484.0337333333333,-545.7481935483871,6.68516,0.0,0.0,0.016129032258064516,0.04283333333333333,1.597451612903226,2.4996,6.274903225806451,21896326.0,0.0,0.0,18507563.967741936,22625960.8,25121328.0,24922600.0,25749465.451612905,20.01388,0.0,0.0,11.785225806451612,17.59123333333333,19.177387096774194,20.424500000000002,20.4741935483871,25.85004,0.0,0.0,20.937354838709677,26.400633333333335,27.41941935483871,28.1923,27.823225806451614,16.2364,0.0,0.0,5.127161290322581,9.993266666666667,12.184032258064516,14.1685,15.275,0.0,0.0,0.0,1.0,0.0,0.0,0.0,0.0,0.0,0.0,0.0,0.0,0.0,0.0,0.0,0.0,5.0,0.0,0.0,31.0,30.0,24.0,11.0,9.0,503.846,0.0,63.122,125.387,188.289,260.229,359.461,7.83,0.0,0.993,2.013,2.791,3.996,5.6290000000000004,5.029599999999999,0.0,0.0,3.3221935483870966,2.6235666666666666,3.442354838709677,4.0295000000000005,4.5809999999999995,4.353
ZA-A1-0005,11.833,1.422,2011,1347.56,0.0,0.0,95.506,310.886,537.166,799.251,1072.511,732.073,0.0,0.0,10.444,26.608,132.874,296.341,526.595,-91.30644827586208,0.0,0.0,-44.24293333333333,-151.37766666666667,-240.88593548387095,-238.37896666666668,-190.36374193548386,7.08544827586207,0.0,0.0,0.34813333333333335,0.5388000000000001,3.427935483870968,5.4489,7.427548387096774,20097653.120689657,0.0,0.0,16894076.85,20294438.333333332,20697310.98387097,21412983.233333334,21436989.451612905,19.484448275862068,0.0,0.0,12.803466666666667,17.179333333333332,17.289709677419356,18.73616666666667,18.81483870967742,24.96972413793103,0.0,0.0,21.62046666666667,25.76883333333333,24.743709677419353,25.700166666666668,25.17806451612903,15.780344827586207,0.0,0.0,6.4608333333333325,10.4186,11.762548387096775,13.342466666666667,14.613870967741935,0.0,0.0,0.0,0.0,0.0,0.0,0.0,0.0,0.0,0.0,0.0,0.0,0.0,0.0,0.0,0.0,4.0,0.0,0.0,26.0,23.0,12.0,9.0,3.0,716.157,0.0,57.39,138.988,228.838,352.597,516.379,10.968,0.0,1.298,2.601,3.708,5.702,8.184,6.311137931034483,0.0,0.0,4.7062333333333335,4.284366666666667,4.9666774193548395,5.517966666666666,5.885548387096774,5.5
ZA-A1-0006,11.462,1.491,2011,1678.67,0.0,1.8940000000000001,108.444,370.87600000000003,711.141,1051.194,1408.768,370.723,0.0,0.075,0.11699999999999999,2.0620000000000003,30.588,93.745,219.337,-672.3663461538462,0.0,-2.472,-61.40041935483871,-214.38876666666667,-396.08290322580643,-557.616,-657.7864516129033,5.822538461538461,0.0,0.075,0.0013548387096774192,0.06483333333333334,0.9201935483870968,2.1052333333333335,4.051354838709678,21626625.03846154,0.0,13095576.0,18970814.419354837,23153697.066666666,25900066.129032258,25046949.466666665,26364062.129032258,20.380846153846157,0.0,11.894,13.143064516129032,18.747733333333333,20.976290322580645,21.3351,21.53464516129032,25.808576923076924,0.0,18.548,21.854451612903226,27.108533333333334,28.800806451612903,28.677799999999998,28.42216129032258,16.872423076923077,0.0,7.611,6.7142580645161285,11.534233333333333,14.051645161290322,15.370166666666668,16.328612903225807,0.0,0.0,0.0,0.0,0.0,0.0,0.0,0.0,0.0,0.0,0.0,0.0,0.0,0.0,0.0,0.0,2.0,0.0,1.0,31.0,29.0,22.0,15.0,12.0,467.98,0.0,62.718,126.286,187.889,251.691,338.08799999999997,7.474,0.0,1.006,2.041,2.819,3.911,5.404,3.787846153846154,0.0,2.91,2.5742580645161293,2.0282,2.381870967741935,2.840133333333333,3.367096774193548,3.649
ZA-A1-0007,10.142,1.543,2011,1484.297,0.0,0.0,90.378,330.922,637.653,929.602,1237.864,556.102,0.0,0.0,0.185,1.492,67.49,158.988,370.387,-430.7808076923077,0.0,0.0,-58.909129032258065,-207.68603333333334,-369.06706451612905,-467.97586666666666,-484.96606451612905,7.142884615384616,0.0,0.0,0.005967741935483871,0.04356666666666666,2.128967741935484,3.0499333333333336,6.819322580645161,21127058.576923076,0.0,0.0,18973699.032258064,23055244.333333332,25533162.451612905,24070028.766666666,24746274.419354837,19.478192307692307,0.0,0.0,12.555387096774194,18.01813333333333,19.894548387096773,19.73163333333333,19.943935483870966,24.96357692307692,0.0,0.0,21.562548387096772,26.610966666666666,27.90893548387097,26.95103333333333,26.434161290322578,15.817038461538461,0.0,0.0,6.157838709677419,10.733699999999999,13.335032258064517,14.203100000000001,15.145193548387097,0.0,0.0,0.0,0.0,0.0,0.0,0.0,0.0,0.0,0.0,0.0,0.0,0.0,0.0,0.0,0.0,3.0,0.0,0.0,31.0,30.0,18.0,10.0,11.0,565.517,0.0,60.211,124.655,196.96699999999998,285.699,404.919,9.224,0.0,1.0430000000000001,2.17,3.102,4.609,6.607,4.8785,0.0,0.0,3.6879032258064517,3.2154000000000003,3.5703548387096773,4.007,4.506225806451614,4.899
ZA-A1-0008,11.381,1.507,2011,1308.831,0.0,0.0,69.43299999999999,278.572,530.965,781.364,1053.846,609.98,0.0,0.0,1.388,3.864,99.826,225.951,427.303,-283.14758620689656,0.0,0.0,-52.39928571428572,-186.28936666666667,-314.8627741935484,-356.9915,-339.20625806451613,6.299206896551724,0.0,0.0,0.049571428571428565,0.08253333333333333,3.095548387096774,4.204166666666667,6.495225806451613,21221354.655172415,0.0,0.0,18717059.14285714,22436567.733333334,23992713.870967742,22582661.866666667,23884479.225806452,18.79258620689655,0.0,0.0,11.932500000000001,16.9713,18.141709677419357,18.346633333333333,18.78974193548387,24.552655172413793,0.0,0.0,21.031464285714286,25.770566666666664,26.171161290322583,25.319533333333332,25.323677419354837,15.045655172413793,0.0,0.0,5.541892857142857,10.016966666666667,11.998612903225807,13.067566666666666,14.363290322580646,0.0,0.0,0.0,0.0,0.0,0.0,0.0,0.0,0.0,0.0,0.0,0.0,0.0,0.0,0.0,0.0,7.0,0.0,0.0,28.0,30.0,14.0,12.0,6.0,613.085,0.0,40.522999999999996,102.676,176.294,280.151,425.83,9.873,0.0,1.058,2.1710000000000003,3.124,4.862,7.1530000000000005,6.083344827586207,0.0,0.0,4.405107142857143,3.6355999999999997,4.5845161290322585,5.3401000000000005,5.752258064516129,5.0
ZA-A1-0009,12.851,1.516,2011,2048.625,0.0,3.3520000000000003,183.247,502.695,923.412,1308.373,1712.9660000000001,443.24,0.0,0.02,0.591,2.29,27.468,123.633,261.332,-531.7931111111111,0.0,-2.453,-59.916612903225804,-200.92146666666667,-378.972064516129,-502.16266666666667,-535.4878064516129,6.737333333333334,0.0,0.02,0.018419354838709677,0.05663333333333333,0.8121935483870968,3.2055000000000002,4.441903225806452,20241364.814814813,0.0,14835780.0,18843960.29032258,22711015.533333335,24867020.903225806,22299623.4,23839773.677419353,22.431814814814814,0.0,13.352,15.803064516129032,20.648266666666665,23.571516129032258,22.832033333333335,23.051387096774192,27.93777777777778,0.0,20.41,24.122548387096774,28.884166666666665,31.166129032258063,29.712466666666668,29.637387096774194,18.955259259259257,0.0,8.593,9.617903225806451,13.638399999999999,17.187645161290323,17.38613333333333,18.326516129032257,0.0,0.0,0.0,0.0,0.0,0.0,0.0,0.0,0.0,0.0,0.0,0.0,0.0,1.0,1.0,0.0,0.0,0.0,1.0,31.0,30.0,26.0,14.0,13.0,624.91,0.0,86.471,170.711,252.20100000000002,347.90700000000004,474.449,9.163,0.0,1.2349999999999999,2.441,3.34,4.8389999999999995,6.876,4.688740740740741,0.0,3.513,3.2006451612903226,2.6539333333333333,2.73541935483871,3.7934,4.163193548387096,5.0
ZA-A1-0001,12.089,1.492,2012,0.0,1.5950000000000006,44.543000000000006,107.924,212.49099999999999,392.452,585.156,797.153,0.0,3.879,50.811,99.587,113.189,138.601,173.375,191.359,0.0,-0.9683333333333334,-3.0050322580645172,-15.241967741935486,-61.71513333333334,-162.6460322580645,-276.61216666666667,-391.54328000000004,0.0,1.293,1.5139354838709678,1.5734193548387099,0.4534,0.819741935483871,1.1591333333333333,0.7193600000000001,0.0,8390944.333333334,10190923.241935484,13016117.129032258,17617226.2,20788750.919354837,24156483.466666665,27239650.72,0.0,10.082333333333333,11.230354838709678,11.831354838709677,13.485566666666667,15.805193548387097,16.423466666666666,18.47988,0.0,14.462666666666665,17.481645161290324,18.136387096774193,19.900266666666667,22.149483870967742,22.728566666666666,24.98096,0.0,6.563,6.797806451612903,7.082935483870967,8.972433333333333,11.135903225806452,11.8557,13.99692,0.0,0.0,0.0,0.0,0.0,0.0,0.0,0.0,0.0,0.0,0.0,0.0,0.0,0.0,0.0,0.0,0.0,1.0,23.0,24.0,27.0,25.0,22.0,18.0,0.0,223.372,453.118,660.683,818.331,936.764,1050.162,0.0,2.737,5.483,7.969,9.449,11.069,12.278,0.0,4.131333333333333,4.116193548387097,4.073258064516129,3.8419666666666665,3.641935483870968,3.554933333333333,3.4355200000000004,10.0
ZA-A1-0002,12.173,1.457,2012,1084.25,0.0,0.0,52.622,185.38,372.745,558.119,818.247,506.179,0.0,2.6149999999999998,29.189,41.278,107.67699999999999,205.429,412.365,-299.57875,0.0,-2.3977500000000003,-35.45054838709678,-131.80249999999998,-211.402,-315.3715,-300.71877419354837,3.9089166666666664,0.0,0.6537499999999999,0.8572258064516128,0.4029666666666667,2.1419032258064514,3.2584,6.675354838709677,24361823.75,0.0,13004872.0,14812281.983870968,19754650.833333332,22363070.419354837,22765128.833333332,23910524.93548387,21.083458333333333,0.0,5.315,10.504193548387097,14.412566666666667,15.957967741935484,16.168533333333333,18.391225806451615,27.384666666666664,0.0,13.00375,18.50748387096774,22.333199999999998,23.721387096774194,23.43326666666667,25.01696774193548,16.413291666666666,0.0,1.091,5.043161290322581,8.425466666666667,10.11190322580645,10.765666666666668,13.382967741935484,0.0,0.0,1.0,0.0,0.0,0.0,0.0,0.0,0.0,0.0,0.0,0.0,0.0,0.0,0.0,0.0,10.0,0.0,2.0,22.0,26.0,17.0,11.0,8.0,783.434,0.0,107.544,222.527,348.298,474.953,615.489,10.547,0.38,1.896,3.57,4.947,6.713,8.808,4.6935,0.0,5.20025,4.871741935483871,4.4007000000000005,4.385870967741935,4.4028,4.892612903225806,5.073
ZA-A1-0003,11.357,1.479,2012,1673.496,0.0,8.460999999999999,102.363,337.253,660.848,1020.071,1453.984,99.515,0.0,3.6889999999999996,5.295,7.879,10.709999999999999,30.91,95.669,-962.9477499999999,0.0,-21.02975,-98.10167741935484,-244.8781,-426.1740645161291,-645.6112666666667,-830.2231290322582,0.3205,0.0,0.23056249999999998,0.051806451612903225,0.08613333333333333,0.09132258064516129,0.6733333333333333,2.089,30481762.0,0.0,14292564.625,17476654.48387097,22321150.933333334,26254994.64516129,29208379.6,28293878.64516129,28.292666666666666,0.0,9.39675,12.747838709677419,17.829666666666665,20.438548387096777,21.9741,23.9971935483871,36.5795,0.0,19.0525625,21.962677419354836,27.14623333333333,29.091967741935484,30.7984,32.4381935483871,20.402083333333334,0.0,2.9883125,6.1650967741935485,10.0875,12.89525806451613,14.086,17.06067741935484,0.0,0.0,0.0,0.0,0.0,0.0,0.0,0.0,11.0,0.0,0.0,0.0,0.0,0.0,5.0,6.0,11.0,0.0,15.0,30.0,29.0,30.0,26.0,16.0,806.058,30.078,146.929,306.554,471.856,607.02,718.386,8.425,0.5740000000000001,1.974,3.652,4.915,6.346,7.687,1.6186666666666667,0.0,2.9125,2.6828064516129033,2.3040666666666665,1.9670645161290323,1.7507666666666668,2.23,11.545
ZA-A1-0004,10.879,1.535,2012,1412.051,0.0,0.0,51.199000000000005,231.65800000000002,479.678,784.788,1112.921,296.998,0.0,0.0,8.831,12.377,62.018,99.335,235.486,-677.4050416666666,0.0,-2.343,-49.1818064516129,-182.3502333333333,-318.8588387096774,-488.64923333333337,-600.6519999999999,2.563,0.0,0.0,0.2848709677419355,0.1182,1.6013225806451612,1.2439,4.391967741935484,28026914.333333332,0.0,16586153.0,17803186.419354837,22583222.8,25334725.93548387,27454857.766666666,25985905.548387095,22.46375,0.0,6.691,10.45490322580645,16.0153,18.000645161290322,20.170333333333335,20.584935483870968,30.014208333333332,0.0,16.268,19.54009677419355,24.703,26.286451612903225,28.412166666666668,28.009645161290322,16.62033333333333,0.0,0.82,4.26874193548387,8.925333333333333,11.261322580645162,13.3218,15.057451612903225,0.0,0.0,0.0,0.0,0.0,0.0,0.0,0.0,0.0,0.0,0.0,0.0,0.0,0.0,0.0,0.0,12.0,0.0,1.0,29.0,29.0,24.0,22.0,13.0,497.955,0.0,60.495000000000005,128.127,201.012,273.639,362.395,6.973,0.0,1.004,2.112,2.984,4.159,5.609999999999999,3.903208333333333,0.0,4.522,4.351774193548387,3.7024,3.7375483870967745,3.445133333333333,4.223483870967742,4.296
ZA-A1-0005,11.833,1.422,2012,1337.862,0.0,0.0,61.098,245.004,474.773,726.805,1027.773,531.067,0.0,0.0,38.775999999999996,66.42099999999999,141.223,254.467,412.83,-280.9564137931034,0.0,0.0,-20.57709677419355,-110.92926666666668,-181.8708064516129,-263.85043333333334,-275.044064516129,4.077137931034483,0.0,0.0,1.2508387096774192,0.9215,2.4129677419354842,3.7748,5.108483870967742,24668607.172413792,0.0,0.0,15501282.129032258,19672148.133333333,22095727.06451613,22458883.766666666,23375309.43548387,20.692724137931034,0.0,0.0,11.034451612903226,16.1302,17.38216129032258,18.40106666666667,19.70864516129032,27.108758620689656,0.0,0.0,19.172548387096775,24.203966666666666,25.245322580645162,26.087033333333334,26.453290322580646,16.14751724137931,0.0,0.0,5.794483870967742,10.073433333333332,11.347064516129032,12.863566666666665,14.746322580645161,0.0,0.0,0.0,0.0,0.0,0.0,0.0,0.0,0.0,0.0,0.0,0.0,0.0,0.0,0.0,0.0,3.0,0.0,0.0,25.0,24.0,15.0,6.0,9.0,783.729,0.0,96.546,202.372,319.041,443.506,592.97,11.321,0.0,1.411,3.082,4.481,6.397,8.694,5.564931034482759,0.0,0.0,5.606451612903226,5.113333333333333,5.156935483870968,5.151333333333333,5.556967741935484,5.5
ZA-A1-0006,11.462,1.491,2012,1554.247,0.0,0.0,74.131,290.74,573.936,897.413,1240.481,243.732,0.0,0.0,0.329,3.0,27.114,68.82300000000001,178.759,-760.0908400000001,0.0,-4.061,-62.627096774193554,-209.2073,-372.1607419354839,-555.1925333333334,-667.6677741935484,2.59892,0.0,0.0,0.010612903225806452,0.08903333333333333,0.7778709677419355,1.3903,3.5463225806451613,27595279.84,0.0,17012833.0,18634544.29032258,23029392.6,25780181.870967742,27433032.466666665,25415079.741935484,22.550639999999998,0.0,7.41,11.89532258064516,17.2203,19.135354838709677,20.782566666666664,21.066709677419354,29.3772,0.0,16.663,20.60458064516129,25.671833333333332,27.106032258064516,28.5705,27.844354838709677,17.12396,0.0,1.479,5.589709677419355,10.130266666666667,12.493870967741936,14.3552,15.908612903225805,0.0,0.0,0.0,0.0,0.0,0.0,0.0,0.0,0.0,0.0,0.0,0.0,0.0,0.0,0.0,0.0,10.0,0.0,2.0,31.0,29.0,24.0,22.0,14.0,447.712,0.0,61.567,126.562,192.275,256.163,332.593,7.083,0.0,1.014,2.095,2.915,4.03,5.386,2.93572,0.0,3.213,3.0518709677419356,2.618733333333333,2.534774193548387,2.5447333333333333,3.1546451612903224,3.453
ZA-A1-0007,10.142,1.543,2012,1456.652,0.0,0.0,64.169,276.53,549.9,858.721,1174.106,421.824,0.0,0.0,22.619999999999997,26.014999999999997,94.17699999999999,143.398,336.621,-541.4647307692308,0.0,-2.659,-44.68470967741935,-176.80630000000002,-317.43245161290326,-458.5969333333333,-523.7280322580644,3.277038461538462,0.0,0.0,0.7296774193548387,0.11316666666666667,2.1987741935483873,1.6407,6.233,26211507.384615384,0.0,17100732.0,18240608.741935484,22796259.2,25687647.677419353,26287920.4,24196238.258064516,20.867153846153847,0.0,8.132,11.292741935483871,17.0787,18.818387096774195,20.294033333333335,20.173709677419353,27.516461538461538,0.0,16.982,20.20083870967742,25.451133333333335,26.84903225806452,27.791266666666665,26.81558064516129,15.845038461538461,0.0,3.062,5.0932258064516125,10.156633333333334,12.29958064516129,14.272666666666668,15.190193548387096,0.0,0.0,0.0,0.0,0.0,0.0,0.0,0.0,0.0,0.0,0.0,0.0,0.0,0.0,0.0,0.0,10.0,0.0,1.0,30.0,29.0,22.0,19.0,16.0,581.849,0.0,55.418,118.74799999999999,195.179,287.111,411.654,8.914,0.0,1.018,2.163,3.144,4.6290000000000004,6.551,4.062730769230769,0.0,4.14,4.105258064516129,3.6189666666666667,3.730483870967742,3.6376,4.145677419354838,5.115
ZA-A1-0008,11.381,1.507,2012,1242.319,0.0,0.0,38.552,211.838,431.524,693.919,978.306,491.166,0.0,0.0,37.646,49.222,156.696,219.08,393.514,-380.8433214285714,0.0,0.0,-24.19175862068965,-134.6997,-239.31851612903225,-323.37870000000004,-386.37470967741933,3.4875714285714285,0.0,0.0,1.2981379310344827,0.3858666666666667,3.4669032258064516,2.079466666666667,5.626903225806451,25523444.214285713,0.0,0.0,17666369.689655174,22231218.433333334,24761934.70967742,25079304.533333335,23429596.48387097,19.429035714285714,0.0,0.0,10.18748275862069,15.7762,17.086645161290324,18.7465,19.17377419354839,26.084785714285715,0.0,0.0,18.93503448275862,24.3868,25.123193548387096,26.268766666666668,26.064225806451613,14.760214285714286,0.0,0.0,4.303241379310345,9.122000000000002,10.865967741935485,13.061033333333334,14.266774193548386,0.0,0.0,0.0,0.0,0.0,0.0,0.0,0.0,0.0,0.0,0.0,0.0,0.0,0.0,0.0,0.0,11.0,0.0,0.0,25.0,27.0,19.0,15.0,12.0,599.203,0.0,37.647000000000006,98.513,173.33,271.057,408.965,9.346,0.0,1.0150000000000001,2.138,3.103,4.655,6.716,5.359214285714286,0.0,0.0,5.276,4.557033333333333,4.849806451612903,4.701833333333334,5.219483870967742,5.65
ZA-A1-0009,12.851,1.516,2012,1999.541,0.0,2.7799999999999994,160.575,474.18,839.8,1237.784,1633.435,360.445,0.0,0.025,12.519,15.232,89.618,140.93,268.169,-592.4292222222222,0.0,-4.712,-54.60477419354839,-189.25476666666665,-331.42667741935486,-448.9861,-535.8333548387096,3.4176296296296296,0.0,0.0125,0.40303225806451615,0.09043333333333334,2.399548387096774,1.7104,4.1044838709677425,24338339.074074075,0.0,16796103.5,18238750.225806452,22598167.066666666,24693957.35483871,23950917.966666665,21835542.612903226,23.55948148148148,0.0,11.39,15.09016129032258,20.453500000000002,21.794193548387096,23.266133333333336,22.76293548387097,30.107333333333333,0.0,19.658,23.41290322580645,28.705666666666666,29.53525806451613,30.368033333333337,29.13116129032258,18.893222222222224,0.0,5.823,8.908064516129032,13.3996,15.648096774193549,17.7801,18.300806451612903,0.0,0.0,0.0,0.0,0.0,0.0,0.0,0.0,0.0,0.0,0.0,0.0,0.0,3.0,5.0,0.0,12.0,0.0,2.0,29.0,30.0,19.0,19.0,11.0,602.905,0.0,79.52199999999999,159.38,242.537,339.292,458.681,8.636,0.0,1.165,2.3259999999999996,3.226,4.717,6.539,4.033111111111111,0.0,3.2169999999999996,3.293064516129032,2.6309666666666667,3.0498064516129033,3.2975,4.030387096774194,5.453
ZA-A1-0001,12.089,1.492,2013,0.0,6.433000000000002,47.543000000000006,79.596,180.153,319.981,544.052,814.2,0.0,0.511,66.13,142.981,173.937,282.84,302.283,323.467,0.0,-2.555,6.301741935483871,30.475709677419353,-16.52986666666667,-49.05629032258065,-119.93576666666667,-242.70852,0.0,0.2555,2.116741935483871,2.479064516129032,1.0318666666666667,3.5130000000000003,0.6480999999999999,0.84736,0.0,8726626.0,9417912.91935484,13095770.338709677,17229086.983333334,18672930.29032258,27006706.0,24425299.84,0.0,13.2165,10.923,10.693806451612902,13.261566666666665,14.510580645161289,17.469033333333336,20.80592,0.0,17.964,16.306870967741936,16.054709677419357,19.404966666666667,19.63006451612903,24.327733333333335,27.30496,0.0,8.8665,6.607032258064517,6.571774193548387,8.605833333333333,10.728709677419355,12.593366666666666,16.23076,0.0,0.0,0.0,0.0,0.0,0.0,0.0,0.0,0.0,0.0,0.0,0.0,0.0,0.0,0.0,0.0,0.0,2.0,18.0,18.0,21.0,15.0,25.0,14.0,0.0,218.935,443.927,647.7189999999999,814.0749999999999,950.26,1070.846,0.0,2.713,5.36,7.793,9.817,11.175,12.449,0.0,3.8765,4.197387096774194,4.338516129032258,3.9994333333333336,4.303774193548387,3.754033333333333,3.5816399999999997,10.0
ZA-A1-0002,12.173,1.457,2013,1023.693,0.0,0.0,82.418,178.72,305.505,507.748,789.163,597.205,0.0,1.2610000000000001,47.8,118.40299999999999,270.639,352.928,527.663,-133.2416,0.0,-4.256333333333333,-19.38009677419355,-79.42776666666667,-113.62651612903227,-106.88686666666668,-103.92790322580646,2.78168,0.0,0.4203333333333334,1.501258064516129,2.3534333333333333,4.910838709677419,2.7429666666666668,5.6366129032258065,24286726.84,0.0,14697153.333333334,14821065.435483871,18452938.016666666,18576853.725806452,23759451.9,22149331.19354839,19.3812,0.0,7.492333333333334,11.526032258064516,12.936200000000001,14.08983870967742,16.7373,19.077903225806452,26.10056,0.0,16.924000000000003,18.81525806451613,20.110266666666668,20.43051612903226,23.611633333333334,25.04825806451613,14.36144,0.0,1.491666666666667,5.789193548387097,7.303299999999999,9.524774193548387,11.3858,14.653096774193548,0.0,0.0,1.0,0.0,0.0,0.0,0.0,0.0,0.0,0.0,0.0,0.0,0.0,0.0,0.0,0.0,7.0,0.0,2.0,25.0,22.0,10.0,15.0,7.0,788.2909999999999,0.0,101.118,208.834,332.289,468.354,619.349,10.995000000000001,0.0,1.479,3.104,5.057,6.553,8.735,4.73608,0.0,4.665,4.709129032258065,4.621733333333334,4.85683870967742,4.733133333333333,5.030903225806451,5.0
ZA-A1-0003,11.357,1.479,2013,1714.773,0.0,8.221999999999998,145.259,331.132,660.68,1102.337,1524.457,153.382,0.0,0.007,4.434,9.756,42.226,52.782000000000004,146.655,-890.7415833333333,0.0,-22.777066666666666,-103.42390322580646,-246.51036666666667,-413.8437096774194,-613.7790333333334,-767.1977096774194,0.5605833333333333,0.0,0.00046666666666666666,0.1428064516129032,0.1774,1.0474193548387096,0.3518666666666667,3.028161290322581,30325420.333333332,0.0,15070033.333333334,16819373.70967742,21993615.866666667,25792712.741935484,28033198.4,26286596.177419353,25.859666666666666,0.0,9.603133333333334,13.623258064516127,16.195766666666668,20.63058064516129,24.7219,23.616774193548387,33.782583333333335,0.0,19.528000000000002,22.141451612903225,24.750433333333334,29.297451612903227,33.17823333333333,31.439806451612903,19.030083333333334,0.0,2.7368666666666663,6.733870967741935,8.968166666666667,12.900967741935483,16.7067,17.472677419354838,0.0,0.0,0.0,0.0,0.0,0.0,0.0,0.0,4.0,0.0,0.0,0.0,0.0,0.0,7.0,4.0,11.0,0.0,15.0,31.0,28.0,26.0,28.0,16.0,802.195,31.217,145.5,298.654,460.738,592.256,707.232,8.309,0.584,1.92,3.493,5.09,6.102,7.517,1.796,0.0,2.5558666666666667,2.258258064516129,1.9812333333333332,1.909741935483871,1.5460666666666667,2.735290322580645,11.5
ZA-A1-0004,10.879,1.535,2013,1469.943,0.0,0.0,120.376,248.199,520.623,841.907,1157.459,403.68,0.0,0.0,6.77,72.261,150.935,197.097,348.379,-531.13048,0.0,0.0,-54.08,-140.1146,-258.7752258064516,-376.192,-437.6863548387097,2.21204,0.0,0.0,0.21838709677419355,2.1830333333333334,2.5378709677419358,1.5387333333333333,4.880064516129033,26885258.4,0.0,0.0,17381546.51612903,20688075.4,24002002.774193548,26085508.733333334,25295903.370967742,22.499360000000003,0.0,0.0,12.595709677419354,14.233166666666667,18.787870967741934,20.709466666666668,20.17909677419355,29.686,0.0,0.0,20.845483870967744,22.04893333333333,26.796870967741935,28.940766666666665,27.304387096774196,16.61944,0.0,0.0,5.850774193548387,7.6418,12.07409677419355,13.814966666666667,14.878258064516128,0.0,0.0,0.0,3.0,0.0,0.0,0.0,0.0,0.0,0.0,0.0,0.0,0.0,0.0,0.0,0.0,15.0,0.0,0.0,28.0,23.0,17.0,19.0,13.0,503.838,0.0,49.756,102.93299999999999,167.437,246.003,351.975,7.6690000000000005,0.0,0.881,1.832,2.98,3.935,5.587,3.92192,0.0,0.0,3.5187741935483867,3.9837333333333333,3.802935483870968,3.7468333333333335,4.460870967741935,3.55
ZA-A1-0005,11.833,1.422,2013,1278.549,0.0,0.0,131.332,261.343,462.924,692.952,990.138,846.081,0.0,0.0,44.85,195.607,343.508,491.746,688.465,74.27713793103447,0.0,0.0,-16.003733333333333,-10.789833333333332,-29.105161290322588,7.304866666666659,48.053999999999995,5.4350344827586206,0.0,0.0,1.495,5.025233333333333,4.771,4.9412666666666665,6.345774193548387,21579650.362068966,0.0,0.0,16218277.533333333,17224016.483333334,18705737.741935484,21532696.3,23160597.741935484,19.945206896551728,0.0,0.0,13.641433333333334,14.263766666666667,16.502612903225806,17.6676,19.586645161290324,26.074172413793107,0.0,0.0,21.662300000000002,20.950833333333332,23.182870967741934,24.269533333333335,25.90406451612903,15.45651724137931,0.0,0.0,7.3761,9.1726,11.691451612903226,12.807933333333333,15.134548387096775,0.0,0.0,0.0,0.0,0.0,0.0,0.0,0.0,0.0,0.0,0.0,0.0,0.0,0.0,0.0,0.0,6.0,0.0,0.0,26.0,17.0,8.0,7.0,7.0,799.7570000000001,0.0,57.669,153.54500000000002,275.305,421.3,594.5310000000001,11.924,0.0,1.314,2.879,4.934,6.607,9.129,5.728655172413793,0.0,0.0,5.063266666666666,5.663566666666667,5.642161290322581,5.745966666666666,5.92141935483871,6.043
ZA-A1-0006,11.462,1.491,2013,1699.881,0.0,2.337999999999999,151.829,336.978,661.67,1029.395,1358.84,316.463,0.0,0.001,2.139,33.152,87.047,139.031,268.153,-682.6021538461538,0.0,-3.764,-69.09170967741935,-197.97820000000002,-349.01399999999995,-500.3523333333333,-572.9512580645162,1.8580769230769232,0.0,0.001,0.06896774193548387,1.0337666666666665,1.7385483870967744,1.7328,4.165225806451613,26591557.192307692,0.0,15513519.0,18064927.51612903,21870005.8,24848257.06451613,26359705.066666666,24687879.0,23.116961538461542,0.0,12.338,13.985999999999999,16.143066666666666,20.473935483870967,22.2575,20.62725806451613,29.65257692307692,0.0,20.668,21.8138064516129,24.090033333333334,28.457580645161293,29.848633333333336,27.227290322580647,17.590346153846152,0.0,5.55,7.6658064516129025,9.2527,13.664935483870968,15.696966666666667,15.573645161290322,0.0,0.0,0.0,1.0,0.0,0.0,0.0,0.0,0.0,0.0,0.0,0.0,0.0,0.0,1.0,0.0,19.0,0.0,1.0,31.0,23.0,17.0,21.0,10.0,402.517,0.0,51.891999999999996,103.064,156.006,212.494,287.513,6.563,0.0,0.899,1.808,2.766,3.529,4.882,2.871076923076923,0.0,2.546,2.234225806451613,2.382433333333333,2.4388709677419356,2.4830666666666668,3.4631935483870966,2.05
ZA-A1-0007,10.142,1.543,2013,1409.464,0.0,0.0,131.055,281.666,534.265,823.163,1122.432,550.589,0.0,0.0,2.351,96.86800000000001,252.394,306.172,456.897,-351.6066538461538,0.0,0.0,-60.22696774193549,-124.25359999999999,-196.96232258064518,-243.84416666666667,-307.1261935483871,3.603538461538462,0.0,0.0,0.07583870967741936,3.1505666666666667,5.016967741935484,1.7926,4.862096774193549,25101963.076923076,0.0,0.0,18163588.129032258,20652189.55,22655680.548387095,25984588.933333334,24814987.48387097,21.03969230769231,0.0,0.0,13.371967741935483,14.982966666666666,18.14835483870968,19.629933333333334,19.65383870967742,27.490615384615385,0.0,0.0,21.46741935483871,22.57656666666667,25.41841935483871,26.951700000000002,26.254096774193545,15.84526923076923,0.0,0.0,6.591516129032258,8.723600000000001,12.341967741935484,13.585866666666668,14.816451612903226,0.0,0.0,0.0,2.0,0.0,0.0,0.0,0.0,0.0,0.0,0.0,0.0,0.0,0.0,0.0,0.0,13.0,0.0,0.0,30.0,23.0,13.0,20.0,8.0,613.422,0.0,49.423,104.03200000000001,180.541,286.813,432.79,9.376,0.0,0.921,1.96,3.428,4.678,6.929,4.228653846153846,0.0,0.0,3.3339677419354836,4.095833333333333,4.114903225806452,4.070666666666667,4.417419354838709,5.0
ZA-A1-0008,11.381,1.507,2013,1257.984,0.0,0.0,117.589,243.799,453.997,697.0500000000001,973.839,626.68,0.0,0.0,2.17,117.663,257.887,334.679,496.141,-231.37734482758623,0.0,0.0,-54.67975,-86.45353333333333,-138.25816129032256,-173.58466666666666,-218.19545161290324,4.501344827586206,0.0,0.0,0.0775,3.8497666666666666,4.523354838709677,2.5597333333333334,5.208451612903225,24085182.655172415,0.0,0.0,18153441.85714286,19567036.85,21108468.451612905,24928208.366666667,24602358.774193548,19.79810344827586,0.0,0.0,13.431892857142858,14.1121,16.78058064516129,18.101766666666666,18.928677419354837,26.519068965517242,0.0,0.0,21.582857142857144,21.425866666666664,23.90838709677419,25.579733333333333,25.798774193548386,14.87296551724138,0.0,0.0,6.756607142857143,8.536900000000001,11.461806451612903,12.4375,14.234451612903227,0.0,0.0,0.0,1.0,0.0,0.0,0.0,0.0,0.0,0.0,0.0,0.0,0.0,0.0,0.0,0.0,13.0,0.0,0.0,28.0,20.0,13.0,14.0,7.0,644.845,0.0,34.891000000000005,90.843,168.404,281.419,443.094,9.943,0.0,0.957,2.011,3.501,4.814,7.23,5.447068965517241,0.0,0.0,3.8614285714285717,5.1332,5.237258064516129,5.326899999999999,5.562548387096774,6.0
ZA-A1-0009,12.851,1.516,2013,2014.525,0.0,4.568,225.001,503.59,859.146,1244.802,1646.558,444.895,0.0,0.0,0.312,63.61,139.782,185.603,289.03000000000003,-534.0239259259259,0.0,-3.372,-68.59854838709677,-156.7269,-277.76612903225805,-387.52143333333333,-480.6876129032258,5.772777777777778,0.0,0.0,0.010064516129032258,2.109933333333333,2.4571612903225803,1.5273666666666665,3.3363548387096778,22820811.444444444,0.0,16583966.0,18930981.612903226,20689492.166666668,22169817.677419353,24769599.966666665,24031423.612903226,23.62840740740741,0.0,14.568,17.040967741935482,19.2863,21.469548387096776,22.8552,22.959870967741935,29.87840740740741,0.0,22.136,25.234483870967743,26.56256666666667,28.512387096774194,30.221733333333336,29.604096774193547,18.933185185185184,0.0,8.55,10.141129032258064,13.231300000000001,15.70025806451613,16.800633333333334,18.145129032258065,0.0,0.0,0.0,0.0,0.0,0.0,0.0,0.0,3.0,0.0,0.0,0.0,0.0,1.0,3.0,0.0,15.0,0.0,1.0,31.0,23.0,19.0,21.0,10.0,624.976,0.0,73.79599999999999,150.216,241.60399999999998,354.196,482.736,9.046,0.0,1.072,2.222,3.712,5.005,6.934,4.1460740740740745,0.0,2.57,2.229,3.3445666666666667,3.2880322580645163,3.2477666666666662,3.788451612903226,5.133
ZA-A1-0001,12.089,1.492,2014,0.0,0.7360000000000007,73.944,132.81900000000002,207.007,386.885,620.533,865.547,0.0,0.012,32.433,135.232,170.643,229.42000000000002,334.817,347.575,0.0,-1.7959999999999998,-13.750516129032258,-11.590612903225805,-25.27653333333333,-97.15325806451614,-143.21983333333336,-233.78508000000002,0.0,0.006,1.0458387096774193,3.3160967741935488,1.1803666666666668,1.8960322580645161,3.5132333333333334,0.51032,0.0,10328361.0,9688750.177419355,12621858.14516129,17458633.8,20803058.774193548,24813387.7,27390222.48,0.0,10.364,12.297161290322581,11.562032258064516,12.342266666666665,15.802516129032258,17.78826666666667,19.80056,0.0,16.6355,17.787967741935486,17.167161290322582,18.241933333333336,21.846838709677417,23.905266666666666,26.06344,0.0,5.8825,8.004774193548387,7.235129032258064,7.898666666666667,11.300064516129034,13.334366666666666,15.484960000000001,0.0,0.0,0.0,0.0,0.0,0.0,0.0,0.0,0.0,0.0,0.0,0.0,0.0,0.0,0.0,0.0,0.0,2.0,19.0,17.0,22.0,22.0,21.0,22.0,0.0,207.647,424.786,625.486,790.964,929.725,1061.327,0.0,2.622,5.264,7.7010000000000005,9.251,11.126,12.503,0.0,3.8545,4.007032258064516,4.265806451612904,4.106933333333333,4.0400322580645165,4.1339999999999995,3.6694,9.0
ZA-A1-0002,12.173,1.457,2014,1069.178,0.0,0.0,64.236,181.205,343.933,563.461,800.516,482.024,0.0,0.026000000000000002,22.883,37.535000000000004,122.96600000000001,218.27100000000002,391.28000000000003,-330.37788,0.0,-4.955666666666667,-51.74148387096774,-154.4817,-264.6821290322581,-311.37183333333337,-317.5397741935484,3.62976,0.0,0.008666666666666668,0.7373225806451613,0.4884,2.7558387096774193,3.176833333333333,5.580935483870968,24894079.72,0.0,14925541.0,16004694.161290323,20686821.933333334,21248364.096774194,24481175.666666668,22746671.0,20.746480000000002,0.0,8.155,11.329290322580645,13.725533333333335,15.227612903225806,17.317600000000002,17.646935483870966,27.543960000000002,0.0,17.498666666666665,19.255612903225806,22.223033333333333,22.673161290322582,24.3951,23.750870967741935,15.8424,0.0,1.8373333333333333,5.215548387096773,6.973433333333333,9.372516129032258,11.723166666666666,13.318806451612902,0.0,0.0,0.0,0.0,0.0,0.0,0.0,0.0,0.0,0.0,0.0,0.0,0.0,0.0,0.0,0.0,5.0,0.0,3.0,25.0,25.0,17.0,13.0,7.0,726.645,0.0,99.95400000000001,191.913,285.707,402.282,550.47,10.127,0.0,1.418,2.773,3.849,5.599,7.788,4.6846000000000005,0.0,4.246666666666667,4.125806451612903,3.8869666666666665,4.089548387096774,4.472466666666667,4.909354838709677,5.5
ZA-A1-0003,11.357,1.479,2014,1663.73,0.0,20.491,102.314,291.847,620.555,1042.072,1473.4379999999999,138.954,0.0,0.013000000000000001,1.101,3.316,17.778,35.516999999999996,126.98,-899.5766666666667,0.0,-25.7002,-102.06354838709677,-241.57096666666666,-421.0024516129032,-622.7773666666667,-784.5104838709677,0.9978333333333333,0.0,0.0008666666666666667,0.03509677419354838,0.07383333333333335,0.46651612903225803,0.5913,2.95041935483871,28662228.166666668,0.0,15180804.466666667,17677600.93548387,22277606.0,26457348.774193548,28740597.733333334,27423268.258064516,25.857666666666663,0.0,10.597133333333334,11.953483870967741,16.163433333333334,20.60348387096774,24.05056666666667,23.915032258064517,33.43533333333333,0.0,19.49726666666667,20.340258064516128,25.139200000000002,29.131870967741936,32.29076666666666,31.439709677419355,19.154333333333334,0.0,3.9253333333333336,5.444193548387097,8.272933333333333,12.67583870967742,16.0681,17.807354838709678,0.0,0.0,0.0,0.0,0.0,0.0,0.0,0.0,4.0,0.0,0.0,0.0,0.0,1.0,6.0,3.0,9.0,0.0,15.0,31.0,30.0,27.0,27.0,18.0,806.893,36.147,165.302,319.327,476.10699999999997,607.842,719.064,8.049,0.607,1.995,3.5220000000000002,4.668,6.016,7.288,1.91875,0.0,2.1606,1.921774193548387,1.5843,1.6066451612903225,1.5994,2.442290322580645,11.5
ZA-A1-0004,10.879,1.535,2014,1436.5439999999999,0.0,0.0,53.991,237.356,491.925,804.6899999999999,1111.823,331.847,0.0,0.0,8.076,11.272,63.260000000000005,130.934,300.309,-604.8987999999999,0.0,0.0,-48.21258064516129,-185.34483333333336,-344.1824838709677,-476.13463333333334,-515.6176129032258,1.26152,0.0,0.0,0.26051612903225807,0.10653333333333334,1.677032258064516,2.2558000000000002,5.463709677419355,27767102.24,0.0,0.0,18175207.83870968,21832663.766666666,25135338.51612903,26203491.133333333,24788095.096774194,22.98884,0.0,0.0,10.95916129032258,15.983833333333333,18.21190322580645,20.4255,19.90751612903226,30.3116,0.0,0.0,19.194,24.438066666666668,26.544354838709676,28.372033333333334,26.749000000000002,16.967280000000002,0.0,0.0,4.781935483870968,8.3426,11.05832258064516,13.668533333333333,15.040225806451613,0.0,0.0,0.0,0.0,0.0,0.0,0.0,0.0,0.0,0.0,0.0,0.0,0.0,0.0,0.0,0.0,12.0,0.0,0.0,26.0,30.0,22.0,15.0,12.0,472.675,0.0,56.357,108.58,163.337,232.007,330.991,7.248,0.0,0.9339999999999999,1.843,2.56,3.707,5.294,3.84012,0.0,0.0,3.305516129032258,2.594533333333333,3.063548387096774,3.7080333333333333,4.606096774193548,5.15
ZA-A1-0005,11.833,1.422,2014,1288.47,0.0,0.0,88.64399999999999,261.401,454.642,710.7669999999999,966.407,570.083,0.0,0.0,24.789,51.004,144.765,267.6,486.817,-216.09868965517242,0.0,0.0,-34.315000000000005,-138.04006666666666,-233.9181935483871,-261.06013333333334,-210.55951612903226,2.871241379310345,0.0,0.0,0.8263,0.8738333333333334,3.024548387096774,4.0945,7.071516129032259,24957717.24137931,0.0,0.0,16620944.833333334,19397798.533333335,20518254.98387097,22052314.183333334,20762227.741935484,21.105620689655172,0.0,0.0,12.7666,15.649833333333333,16.226,18.5375,18.246451612903225,27.795724137931035,0.0,0.0,20.65823333333333,24.123033333333336,23.84138709677419,25.8394,24.354193548387098,16.185965517241378,0.0,0.0,7.0027333333333335,8.923366666666668,10.329193548387096,13.178833333333333,14.382709677419355,0.0,0.0,0.0,0.0,0.0,0.0,0.0,0.0,0.0,0.0,0.0,0.0,0.0,0.0,0.0,0.0,10.0,0.0,0.0,24.0,22.0,15.0,8.0,2.0,719.982,0.0,64.71600000000001,155.465,248.035,363.193,519.754,10.97,0.0,1.435,2.8569999999999998,3.9819999999999998,5.868,8.298,5.461517241379311,0.0,0.0,4.912833333333333,4.491366666666666,4.816870967741936,5.324766666666666,5.958290322580645,6.2
ZA-A1-0006,11.462,1.491,2014,1670.104,0.0,0.08999999999999986,75.695,306.6,614.174,981.88,1317.99,248.91,0.0,0.0,3.564,5.140000000000001,40.703,76.883,216.088,-750.7730769230768,0.0,-2.961,-58.86025806451613,-209.57396666666668,-383.22077419354844,-554.8451666666666,-644.200741935484,1.2623846153846154,0.0,0.0,0.11496774193548387,0.052533333333333335,1.1471935483870968,1.206,4.490483870967743,27317772.730769232,0.0,16881866.0,18724538.967741936,22093008.566666666,26022227.48387097,27060054.466666665,24596986.580645163,23.542846153846156,0.0,10.09,12.148225806451611,17.6011,19.92174193548387,22.256866666666667,20.84225806451613,30.485038461538462,0.0,18.187,20.254032258064516,25.7138,27.941354838709678,29.9375,27.198032258064515,17.793153846153846,0.0,4.584,6.002354838709677,10.239633333333332,12.777774193548387,15.458,16.126322580645162,0.0,0.0,0.0,0.0,0.0,0.0,0.0,0.0,0.0,0.0,0.0,0.0,0.0,0.0,0.0,0.0,14.0,0.0,1.0,29.0,30.0,26.0,20.0,13.0,396.13,0.0,54.721000000000004,106.47800000000001,157.321,210.50900000000001,282.997,6.378,0.0,0.921,1.814,2.488,3.414,4.696,2.9131923076923076,0.0,2.32,2.2270645161290323,1.7220333333333333,2.072838709677419,2.4742666666666664,3.6753870967741933,4.3
ZA-A1-0007,10.142,1.543,2014,1456.217,0.0,0.0,67.227,291.277,549.702,856.016,1146.616,403.374,0.0,0.0,6.6930000000000005,12.931000000000001,100.73,183.004,373.291,-509.32,0.0,0.0,-52.22629032258064,-197.0461,-341.6308064516129,-444.7767,-441.10603225806454,1.1570384615384615,0.0,0.0,0.21590322580645163,0.20793333333333336,2.832225806451613,2.7424666666666666,6.138290322580645,26958169.03846154,0.0,0.0,18615768.419354837,21496936.033333335,24272237.451612905,25759810.8,23255932.19354839,21.90773076923077,0.0,0.0,11.86890322580645,17.374166666666667,18.336290322580645,20.210466666666665,19.374193548387098,28.593999999999998,0.0,0.0,20.147870967741934,25.5408,26.257451612903225,27.764033333333334,25.541612903225804,16.472807692307693,0.0,0.0,5.690645161290322,10.1981,11.710096774193548,13.916833333333333,15.021870967741936,0.0,0.0,0.0,0.0,0.0,0.0,0.0,0.0,0.0,0.0,0.0,0.0,0.0,0.0,0.0,0.0,16.0,0.0,0.0,29.0,29.0,21.0,15.0,9.0,546.735,0.0,51.415,102.853,162.902,248.60399999999998,378.196,8.514,0.0,0.955,1.912,2.742,4.178,6.178,3.9986923076923073,0.0,0.0,3.4784838709677417,2.9084999999999996,3.3146774193548385,3.7667333333333333,4.696935483870967,5.495
ZA-A1-0008,11.381,1.507,2014,1267.736,0.0,0.0,62.835,257.839,458.37,707.23,964.56,503.24,0.0,0.0,9.186,19.502,154.707,258.056,446.262,-348.85713793103446,0.0,0.0,-44.66860714285714,-177.23463333333333,-292.2113870967742,-325.5330666666667,-287.81706451612905,1.9647586206896552,0.0,0.0,0.32807142857142857,0.3438666666666667,4.361451612903227,3.4449666666666667,6.071161290322581,25839845.44827586,0.0,0.0,18160896.85714286,20966545.466666665,23002941.225806452,24365049.566666666,22161938.548387095,20.45434482758621,0.0,0.0,11.955892857142857,16.389666666666667,16.46874193548387,18.295333333333335,18.300967741935484,27.351275862068967,0.0,0.0,19.916071428571428,24.696266666666666,24.585709677419356,25.6644,24.430967741935483,15.319482758620689,0.0,0.0,6.113821428571429,9.541633333333333,10.285645161290324,12.782866666666667,14.221483870967742,0.0,0.0,0.0,0.0,0.0,0.0,0.0,0.0,0.0,0.0,0.0,0.0,0.0,0.0,0.0,0.0,16.0,0.0,0.0,26.0,26.0,17.0,13.0,8.0,588.14,0.0,37.127,91.731,156.52100000000002,254.387,400.976,9.386,0.0,1.008,2.026,2.918,4.579,6.848,5.196068965517242,0.0,0.0,4.191642857142857,3.4445666666666668,4.5327419354838705,5.158833333333333,5.917645161290323,5.4
ZA-A1-0009,12.851,1.516,2014,2068.217,0.0,2.6389999999999993,193.992,534.484,889.152,1306.52,1693.959,332.582,0.0,0.0,2.857,10.229,57.432,107.614,257.386,-615.0612222222221,0.0,-3.17,-60.69516129032258,-208.17643333333334,-365.07451612903225,-501.5386,-581.7531290322581,2.785037037037037,0.0,0.0,0.09216129032258065,0.24573333333333333,1.522677419354839,1.6727333333333334,4.831354838709677,24911127.259259257,0.0,17312304.0,18207372.129032258,21335762.466666665,23542160.387096774,24489066.033333335,21307107.80645161,23.86140740740741,0.0,12.639,16.172677419354837,21.349733333333333,21.44090322580645,23.912266666666667,22.498032258064516,30.32648148148148,0.0,19.438,24.126516129032257,29.124033333333333,28.9881935483871,31.558066666666665,28.550322580645158,19.155888888888885,0.0,7.894,9.891967741935485,14.344833333333334,15.189967741935485,17.692600000000002,18.269000000000002,0.0,0.0,0.0,0.0,0.0,0.0,0.0,0.0,0.0,0.0,0.0,0.0,0.0,1.0,5.0,0.0,12.0,0.0,1.0,31.0,28.0,20.0,18.0,13.0,600.702,0.0,80.851,156.754,233.149,328.637,454.382,8.606,0.0,1.149,2.245,3.104,4.551,6.442,4.004962962962963,0.0,2.853,2.657967741935484,2.193366666666667,2.818193548387097,3.0622666666666665,4.151032258064515,6.1
ZA-A1-0001,12.089,1.492,2015,0.0,4.552,60.551,168.039,294.866,508.978,740.361,978.056,0.0,0.033,39.965,70.422,105.086,133.102,186.096,205.004,0.0,-2.0745,-6.659419354838709,-42.469032258064516,-99.0369,-173.10093548387096,-260.96926666666667,-376.93095999999997,0.0,0.0165,1.2881290322580645,0.9824838709677418,1.1554666666666666,0.9037419354838709,1.7664666666666666,0.7563200000000001,0.0,10812982.0,10110441.58064516,12841437.129032258,16656552.116666667,21880262.70967742,24362673.166666668,27062878.6,0.0,12.276,11.338516129032259,13.394935483870968,14.227566666666666,16.90683870967742,17.712766666666667,19.5078,0.0,18.915999999999997,17.18948387096774,19.10132258064516,20.5857,23.135193548387097,23.721633333333333,25.7822,0.0,6.5525,6.876774193548387,9.010548387096774,9.590966666666667,11.834548387096774,12.899333333333335,14.62876,0.0,0.0,0.0,0.0,0.0,0.0,0.0,0.0,0.0,0.0,0.0,0.0,0.0,1.0,0.0,0.0,0.0,2.0,23.0,23.0,19.0,25.0,22.0,21.0,0.0,210.231,428.05,622.836,778.048,904.959,1025.718,0.0,2.62,5.2090000000000005,7.565,9.067,10.81,12.047,0.0,3.874,4.021,3.9803870967741934,4.021966666666667,3.8398064516129033,3.871,3.4862,9.0
ZA-A1-0002,12.173,1.457,2015,1106.714,0.0,5.875,94.943,268.489,420.73,605.907,853.905,496.416,0.0,0.067,24.16,59.557,134.902,249.34799999999998,417.859,-250.36032,0.0,-6.037999999999999,-45.22254838709677,-144.1471,-204.89206451612904,-238.62916666666666,-241.11345161290322,3.14228,0.0,0.022333333333333334,0.7771935483870968,1.1799,2.430483870967742,3.8148666666666666,5.4358387096774194,25151535.84,0.0,14520535.333333334,14596598.370967742,19146167.333333332,20716674.93548387,22818043.366666667,22428960.419354837,20.11236,0.0,11.958333333333334,12.482387096774193,15.766233333333332,14.853290322580644,16.17256666666667,17.99993548387097,26.85632,0.0,21.235333333333333,19.364612903225808,24.192400000000003,21.732193548387094,22.4147,24.19161290322581,14.4518,0.0,5.025666666666667,7.298774193548387,9.000266666666667,9.36774193548387,11.079833333333333,13.307870967741936,0.0,0.0,0.0,0.0,0.0,0.0,0.0,0.0,0.0,0.0,0.0,0.0,0.0,0.0,0.0,0.0,10.0,0.0,3.0,22.0,23.0,16.0,14.0,9.0,747.423,0.0,100.019,196.313,298.655,422.539,573.235,10.436,0.0,1.415,2.822,3.9979999999999998,5.882,8.064,4.7258,0.0,4.054333333333333,4.222225806451613,4.1554,4.539354838709677,4.694233333333333,4.861677419354838,6.0
ZA-A1-0003,11.357,1.479,2015,1756.049,0.0,24.489,131.207,379.405,734.143,1067.513,1544.886,180.567,0.0,0.006,33.868,38.921,47.202000000000005,120.662,176.264,-843.6988333333334,0.0,-24.130133333333333,-78.39483870967742,-203.57753333333332,-380.4871935483871,-521.8486333333334,-703.993129032258,0.3585833333333333,0.0,0.0004,1.0923225806451613,0.16843333333333332,0.26712903225806456,2.4486666666666665,1.7936129032258066,29697825.333333332,0.0,14830594.533333333,16581718.870967742,21922353.966666665,26375312.51612903,26852693.166666668,28279074.80645161,27.59691666666667,0.0,10.561466666666666,13.222935483870968,18.273266666666665,21.44316129032258,21.112333333333332,25.399129032258067,35.836083333333335,0.0,19.503066666666665,21.050806451612903,27.461266666666667,29.840096774193547,28.97393333333333,33.569483870967744,19.09,0.0,4.083066666666666,7.19858064516129,10.075533333333334,12.944129032258065,13.862266666666667,17.392483870967745,0.0,0.0,0.0,0.0,0.0,0.0,0.0,0.0,9.0,0.0,0.0,0.0,0.0,0.0,0.0,9.0,10.0,0.0,15.0,25.0,28.0,29.0,20.0,19.0,839.972,32.777,161.062,325.356,489.105,623.628,743.892,8.401,0.558,1.991,3.583,4.753,6.18,7.619,1.7500833333333334,0.0,2.1811999999999996,2.5443870967741935,1.8819333333333332,1.5680967741935483,2.5419,2.121,10.0
ZA-A1-0004,10.879,1.535,2015,1470.675,0.0,0.0,70.82600000000001,293.888,565.588,808.8729999999999,1158.594,356.353,0.0,0.0,20.368,33.097,54.469,191.564,305.889,-569.20036,0.0,0.0,-42.888838709677415,-167.4875,-319.88467741935483,-400.10676666666666,-479.395064516129,2.01856,0.0,0.0,0.657032258064516,0.42429999999999995,0.6894193548387096,4.569833333333333,3.6879032258064517,28327631.76,0.0,0.0,17084743.93548387,22307589.866666667,25848789.741935484,24766162.466666665,26274272.48387097,22.483240000000002,0.0,0.0,11.769709677419355,17.4354,18.76451612903226,18.1095,21.28132258064516,30.19868,0.0,0.0,19.656548387096777,25.948533333333334,27.057483870967744,25.195333333333334,28.560935483870967,15.66504,0.0,0.0,5.6497419354838705,9.538266666666667,10.938935483870969,12.217,15.17690322580645,0.0,0.0,0.0,0.0,0.0,0.0,0.0,0.0,0.0,0.0,0.0,0.0,0.0,0.0,0.0,0.0,13.0,0.0,0.0,23.0,28.0,26.0,14.0,10.0,486.968,0.0,54.613,104.95,159.111,229.774,335.933,7.451,0.0,0.883,1.766,2.475,3.721,5.379,3.87216,0.0,0.0,3.769096774193548,2.8238333333333334,3.260774193548387,4.512266666666666,4.300516129032258,3.149
ZA-A1-0005,11.833,1.422,2015,1330.134,0.0,0.0,107.641,329.936,507.901,726.668,1017.764,595.219,0.0,0.0,19.685,45.466,130.558,262.148,466.478,-211.15593103448276,0.0,0.0,-38.0105,-145.85916666666665,-216.10283870967743,-227.26873333333333,-212.7339677419355,4.439344827586206,0.0,0.0,0.6561666666666667,0.8593666666666666,2.7449032258064516,4.386333333333334,6.591290322580646,24499428.103448275,0.0,0.0,16113609.1,20425725.333333332,20018406.725806452,20925104.566666666,22647490.19354839,20.771379310344827,0.0,0.0,13.475266666666666,17.40983333333333,15.73967741935484,17.292233333333336,19.390193548387096,27.589862068965516,0.0,0.0,21.0359,26.1685,22.62016129032258,23.7611,25.900387096774196,15.604793103448275,0.0,0.0,7.848566666666667,10.327166666666667,10.559774193548387,12.6746,14.696096774193549,0.0,0.0,0.0,0.0,0.0,0.0,0.0,0.0,0.0,0.0,0.0,0.0,0.0,0.0,0.0,0.0,5.0,0.0,0.0,23.0,24.0,11.0,4.0,4.0,713.22,0.0,59.445,144.213,234.74599999999998,352.307,511.624,10.9,0.0,1.327,2.624,3.789,5.83,8.229,5.478103448275863,0.0,0.0,4.7698,4.4047,5.1699032258064515,5.547533333333333,5.6565161290322585,5.6
ZA-A1-0006,11.462,1.491,2015,1691.724,0.0,1.3100000000000005,108.243,363.795,685.759,979.182,1351.952,281.123,0.0,0.0,16.939,20.123,31.998,118.322,240.684,-701.3111538461538,0.0,-2.769,-53.50590322580645,-191.1378,-375.41032258064513,-511.86650000000003,-608.6989677419356,1.555346153846154,0.0,0.0,0.5464193548387096,0.10613333333333333,0.38306451612903225,2.8774666666666664,3.9471612903225806,27683227.384615384,0.0,16461719.0,17463859.51612903,22966006.133333333,26381070.06451613,24736906.766666666,25792942.06451613,23.068153846153848,0.0,11.31,13.119935483870968,18.5184,20.38593548387097,19.78076666666667,22.024838709677418,30.257115384615382,0.0,19.676,20.741516129032256,26.691433333333336,28.33309677419355,26.8632,28.74306451612903,16.480923076923077,0.0,4.862,7.162935483870967,10.925733333333334,12.556193548387098,13.707633333333332,16.38222580645161,0.0,0.0,0.0,0.0,0.0,0.0,0.0,0.0,0.0,0.0,0.0,0.0,0.0,0.0,0.0,0.0,15.0,0.0,1.0,27.0,29.0,27.0,16.0,10.0,434.947,0.0,56.908,109.767,163.195,223.522,308.678,6.881,0.0,0.912,1.818,2.509,3.603,5.0600000000000005,3.0866153846153845,0.0,2.582,2.8870967741935485,2.1403000000000003,2.1029354838709677,3.378033333333333,3.4765161290322584,2.249
ZA-A1-0007,10.142,1.543,2015,1444.921,0.0,0.0,88.685,324.785,594.802,837.773,1151.58,436.189,0.0,0.0,15.676,28.675,74.21,224.148,377.833,-467.19080769230766,0.0,0.0,-50.35187096774193,-181.87293333333335,-332.30319354838707,-393.2741666666667,-410.8479677419355,2.2444615384615387,0.0,0.0,0.5056774193548387,0.43329999999999996,1.4688709677419354,4.997933333333333,4.957580645161291,26894030.384615384,0.0,0.0,17738369.06451613,22696297.866666667,25064000.51612903,23169982.666666668,25190548.48387097,21.282346153846156,0.0,0.0,12.529612903225807,17.87,18.710225806451614,18.099033333333335,20.122806451612902,28.17465384615385,0.0,0.0,20.544096774193548,26.304066666666664,26.73622580645161,24.9321,26.63909677419355,15.280115384615385,0.0,0.0,6.445967741935483,10.601233333333333,11.325806451612904,12.703133333333334,14.81632258064516,0.0,0.0,0.0,0.0,0.0,0.0,0.0,0.0,0.0,0.0,0.0,0.0,0.0,0.0,0.0,0.0,13.0,0.0,0.0,27.0,26.0,24.0,10.0,11.0,561.27,0.0,55.575,110.116,170.427,253.58499999999998,383.694,8.894,0.0,0.957,1.935,2.7439999999999998,4.317,6.415,4.204,0.0,0.0,3.789258064516129,3.3252,3.528967741935484,4.3064,4.584870967741936,4.4
ZA-A1-0008,11.381,1.507,2015,1249.452,0.0,0.0,69.143,272.329,480.808,686.404,962.659,501.689,0.0,0.0,10.702,25.366,81.53,247.79399999999998,412.104,-350.0671034482759,0.0,0.0,-44.878750000000004,-169.1011333333333,-291.04822580645157,-317.2433333333333,-310.9473870967742,3.089137931034483,0.0,0.0,0.38221428571428573,0.4888,1.811741935483871,5.542133333333334,5.300322580645162,25695370.931034483,0.0,0.0,17832942.10714286,22217793.6,24073324.19354839,22055447.266666666,24426574.032258064,19.889413793103447,0.0,0.0,12.15157142857143,16.772866666666665,16.725129032258067,16.8532,18.911451612903225,26.674724137931033,0.0,0.0,20.18625,25.57903333333333,24.888032258064516,23.47533333333333,25.422032258064515,14.597068965517241,0.0,0.0,6.172892857142857,9.658633333333334,10.101903225806451,12.019366666666667,14.000741935483871,0.0,0.0,0.0,0.0,0.0,0.0,0.0,0.0,0.0,0.0,0.0,0.0,0.0,0.0,0.0,0.0,12.0,0.0,0.0,24.0,26.0,18.0,7.0,7.0,585.242,0.0,38.661,94.445,157.279,247.227,389.72,9.3,0.0,1.006,2.011,2.86,4.452,6.638,5.411241379310344,0.0,0.0,4.531607142857143,3.7661333333333333,4.829967741935484,5.5369,5.839741935483871,5.351
ZA-A1-0009,12.851,1.516,2015,2043.437,0.0,4.276999999999999,208.881,530.996,898.784,1261.41,1662.604,347.165,0.0,0.0,2.299,5.236,27.238,117.85300000000001,319.802,-571.8820000000001,0.0,-3.102,-65.87432258064516,-210.79863333333333,-380.93251612903225,-504.0921666666666,-547.0543548387097,1.0134444444444444,0.0,0.0,0.07416129032258065,0.09790000000000001,0.7097419354838709,3.0205,6.514483870967743,25616288.888888888,0.0,17269336.0,18708845.677419353,22513408.9,25053409.548387095,22257444.9,22439256.032258064,24.104925925925926,0.0,14.277,16.600129032258067,20.737166666666667,21.864129032258067,22.087533333333333,22.94174193548387,30.69425925925926,0.0,22.801,24.662064516129032,28.85826666666667,29.490387096774192,28.928933333333337,29.29987096774194,18.523703703703703,0.0,7.532,9.978838709677419,13.6476,14.982709677419354,16.613466666666667,18.065451612903225,0.0,0.0,0.0,0.0,0.0,0.0,0.0,0.0,0.0,0.0,0.0,0.0,0.0,2.0,0.0,1.0,20.0,0.0,1.0,30.0,29.0,24.0,15.0,10.0,591.454,0.0,82.887,162.652,239.915,325.943,443.302,8.453,0.0,1.143,2.245,3.104,4.418,6.305,3.8254074074074076,0.0,3.286,3.0983225806451613,2.6881333333333335,2.9518709677419355,3.6795666666666667,4.30825806451613,5.5
ZA-A1-0001,12.089,1.492,2016,0.0,4.163,46.234,146.80100000000002,281.718,513.588,736.108,994.984,0.0,1.9340000000000002,79.07,121.199,176.571,196.742,234.055,251.466,0.0,-1.222,2.976645161290322,5.331806451612901,-18.242000000000004,-84.21454838709678,-190.8679666666667,-322.63632,0.0,0.6446666666666667,2.488258064516129,1.3590000000000002,1.8457333333333332,0.6506774193548387,1.2437666666666665,0.6964400000000001,0.0,8892149.333333334,8566908.241935484,11402242.943548387,15395480.533333333,21891487.29032258,25329083.233333334,26813414.8,0.0,11.387666666666666,10.911870967741937,13.184612903225807,14.497233333333332,17.47967741935484,17.417333333333332,20.35504,0.0,16.18,15.126806451612902,18.36632258064516,20.168333333333333,23.92383870967742,23.931033333333335,26.96696,0.0,7.236,7.011193548387097,8.710225806451612,9.604566666666667,12.017354838709677,12.0183,14.91008,0.0,0.0,0.0,0.0,0.0,0.0,0.0,0.0,0.0,0.0,0.0,0.0,0.0,0.0,0.0,0.0,0.0,2.0,19.0,21.0,19.0,26.0,25.0,20.0,0.0,209.301,435.315,647.665,820.764,955.4200000000001,1081.963,0.0,2.667,5.398,8.037,9.683,11.497,12.78,0.0,3.9793333333333334,4.182064516129032,4.108806451612903,4.0913,3.8056451612903226,3.651533333333333,3.34844,10.0
ZA-A1-0002,12.173,1.457,2016,1248.806,0.0,1.2590000000000003,106.987,240.807,481.839,663.945,989.04,395.782,0.0,2.082,30.584,85.681,136.309,221.099,293.654,-431.24120833333336,0.0,-6.176,-52.54996774193548,-98.39873333333334,-179.6464193548387,-261.1253666666667,-343.051935483871,4.255333333333334,0.0,0.5205,0.9194193548387096,1.8365666666666667,1.6331612903225807,2.826333333333333,2.3404838709677422,23339718.5,0.0,14091777.25,14359744.870967742,16866682.916666668,22285340.93548387,23803848.233333334,25834330.580645163,20.823583333333335,0.0,8.649000000000001,13.079967741935484,14.252366666666667,17.775225806451616,16.0101,20.48693548387097,27.391875,0.0,15.564,20.448387096774194,21.087866666666667,25.630774193548387,23.37503333333333,27.988096774193547,15.405041666666667,0.0,3.19925,6.984483870967742,8.245,10.853774193548386,10.055066666666667,14.168677419354838,0.0,0.0,0.0,1.0,0.0,0.0,0.0,0.0,1.0,0.0,0.0,0.0,0.0,0.0,0.0,1.0,6.0,0.0,3.0,25.0,17.0,20.0,12.0,12.0,681.668,0.0,100.185,206.917,321.374,434.806,548.734,9.458,0.378,1.8719999999999999,3.525,4.826,6.51,8.147,4.494916666666667,0.0,4.79925,4.486451612903227,4.618166666666666,4.27483870967742,4.3891,4.261354838709678,4.6
ZA-A1-0003,11.357,1.479,2016,2059.152,0.0,17.671999999999997,184.93,440.33,878.497,1268.49,1822.555,83.939,0.0,17.399,22.359,40.825,47.627,60.199,69.643,-1038.5642500000001,0.0,-12.65475,-85.57809677419354,-210.48903333333334,-390.4615806451613,-614.4892333333333,-861.2618387096774,1.1913333333333334,0.0,1.0874375,0.16,0.6155333333333334,0.21941935483870967,0.41906666666666664,0.30464516129032254,29190053.333333332,0.0,13389352.25,16692963.548387097,20606971.433333334,25947644.19354839,29412451.733333334,29141698.258064516,29.716416666666664,0.0,9.8011875,15.255322580645162,18.513333333333332,24.13441935483871,22.99976666666667,27.873064516129034,37.987833333333334,0.0,17.14975,24.36035483870968,26.4553,33.02474193548387,31.481066666666667,36.150903225806445,20.705583333333333,0.0,4.0025625,7.396,10.7524,14.658548387096776,14.0061,18.779129032258066,0.0,0.0,0.0,1.0,0.0,0.0,0.0,0.0,11.0,0.0,0.0,0.0,1.0,8.0,7.0,23.0,9.0,0.0,13.0,29.0,27.0,28.0,26.0,28.0,809.2379999999999,36.873,168.914,328.224,483.923,606.484,716.955,7.984,0.612,2.043,3.657,4.804,6.068,7.257,1.39875,0.0,2.61075,2.0378387096774193,2.0659666666666667,1.4549677419354838,1.3577666666666666,1.2077096774193548,9.3
ZA-A1-0004,10.879,1.535,2016,1792.729,0.0,0.0,138.84,350.259,710.666,1028.878,1482.541,239.117,0.0,0.017,1.752,31.249,48.792,83.135,115.94,-872.7455,0.0,-2.743,-61.01277419354839,-172.87953333333334,-340.38461290322584,-531.8224333333334,-724.9464516129033,5.132375,0.0,0.017,0.055967741935483865,0.9832333333333333,0.5659032258064516,1.1447666666666665,1.0582258064516128,24192986.541666668,0.0,15985326.0,17784803.129032258,20376901.966666665,25113950.451612905,28343875.066666666,28339325.096774194,22.9245,0.0,4.875,14.190322580645162,17.0104,21.626032258064516,20.607066666666665,24.634290322580647,29.813125,0.0,11.728,23.17516129032258,24.399066666666666,29.684870967741936,29.240566666666666,32.96787096774194,17.050375,0.0,0.727,5.8068709677419355,9.743699999999999,13.107451612903226,12.1898,16.484548387096776,0.0,0.0,0.0,2.0,0.0,0.0,0.0,0.0,4.0,0.0,0.0,0.0,0.0,0.0,0.0,8.0,6.0,0.0,1.0,31.0,24.0,25.0,24.0,22.0,358.378,0.0,52.718,106.43,162.845,217.945,276.672,5.475,0.0,0.916,1.869,2.603,3.542,4.564,3.978666666666667,0.0,3.93,3.0853548387096774,3.4516666666666667,2.657,2.810566666666667,2.8835806451612904,2.85
ZA-A1-0005,11.833,1.422,2016,1568.44,0.0,0.0,158.837,350.945,643.651,898.764,1260.297,497.706,0.0,0.0,11.302999999999999,58.57,115.903,188.738,317.086,-388.8877586206897,0.0,0.0,-46.31677419354838,-116.28056666666666,-211.8301935483871,-311.53266666666667,-360.1541612903226,6.2282758620689656,0.0,0.0,0.3646129032258064,1.5755666666666666,1.8494516129032257,2.4278333333333335,4.1402580645161295,22030111.03448276,0.0,0.0,16315051.822580645,16907568.5,22199738.580645163,24081599.033333335,24136845.612903226,20.62562068965517,0.0,0.0,15.04358064516129,16.379033333333332,19.442129032258066,18.503766666666667,21.66235483870968,26.928551724137932,0.0,0.0,23.37490322580645,23.291,27.385967741935485,26.678366666666665,29.18635483870968,15.82651724137931,0.0,0.0,8.059645161290323,10.4436,12.345225806451612,12.016633333333335,15.737645161290324,0.0,0.0,0.0,0.0,0.0,0.0,0.0,0.0,1.0,0.0,0.0,0.0,0.0,0.0,0.0,2.0,4.0,0.0,0.0,28.0,16.0,19.0,10.0,10.0,638.537,0.0,88.038,176.644,266.855,360.047,476.635,9.679,0.0,1.3719999999999999,2.841,3.9859999999999998,5.4399999999999995,7.309,5.448137931034483,0.0,0.0,4.925870967741935,4.942566666666666,4.64958064516129,4.673066666666667,5.030193548387097,5.5
ZA-A1-0006,11.462,1.491,2016,2000.861,0.0,0.0,182.588,424.64300000000003,830.0120000000001,1182.085,1658.223,231.564,0.0,0.0,1.986,55.684000000000005,64.93,112.88600000000001,141.961,-901.54956,0.0,-4.6495,-70.96774193548387,-168.9586666666667,-351.7306451612903,-553.9526000000001,-739.7731612903226,3.58412,0.0,0.0,0.06406451612903226,1.7899333333333334,0.2982580645161291,1.5985333333333334,0.9379032258064516,23764606.76,0.0,17116651.0,18440618.774193548,20986350.65,25778630.64516129,28436306.266666666,27767921.93548387,23.70552,0.0,7.315,15.775322580645161,18.068499999999997,23.07641935483871,21.735766666666667,25.359290322580645,30.003600000000002,0.0,15.0335,24.196354838709677,24.986300000000004,30.56706451612903,29.805233333333334,32.91112903225807,18.25076,0.0,2.501,8.012612903225806,11.362066666666667,15.212064516129033,13.8226,17.888,0.0,0.0,0.0,1.0,0.0,0.0,0.0,0.0,4.0,0.0,0.0,0.0,0.0,0.0,2.0,5.0,11.0,0.0,2.0,31.0,25.0,28.0,23.0,19.0,352.153,0.0,51.510000000000005,105.865,164.405,218.72,274.93399999999997,5.818,0.0,0.885,1.86,2.617,3.562,4.549,2.9404000000000003,0.0,2.583,1.9049354838709676,2.8272666666666666,1.7178387096774193,2.1614,2.241258064516129,2.3
ZA-A1-0007,10.142,1.543,2016,1801.064,0.0,0.0,168.322,400.771,761.403,1087.409,1499.939,349.001,0.0,0.0,1.3960000000000001,39.775,62.751,133.431,219.412,-727.0841153846153,0.0,-3.388,-65.25012903225806,-171.31306666666666,-336.9643548387097,-507.5366,-628.9697741935483,4.984192307692307,0.0,0.0,0.045032258064516134,1.2792999999999999,0.7411612903225806,2.356,2.77358064516129,24263271.192307692,0.0,17313926.0,18564067.29032258,20544420.216666665,24861187.677419353,27541529.066666666,27395087.225806452,21.58173076923077,0.0,6.21,15.31341935483871,17.7282,21.633290322580645,20.866866666666667,23.307419354838707,28.075115384615383,0.0,13.52,23.876451612903224,24.833199999999998,29.37625806451613,28.78193333333333,30.67858064516129,16.197807692307695,0.0,1.629,7.030032258064516,10.764366666666666,13.650806451612903,13.114766666666666,16.494129032258066,0.0,0.0,0.0,1.0,0.0,0.0,0.0,0.0,2.0,0.0,0.0,0.0,0.0,0.0,0.0,0.0,6.0,0.0,1.0,31.0,22.0,26.0,23.0,16.0,468.829,0.0,51.048,108.479,173.385,242.005,332.291,7.566,0.0,0.961,2.0629999999999997,2.9339999999999997,4.074,5.548,3.945846153846154,0.0,3.713,3.2574516129032256,3.608566666666667,2.984677419354839,3.1233333333333335,3.4240967741935484,4.2
ZA-A1-0008,11.381,1.507,2016,1573.18,0.0,0.0,145.01399999999998,343.03499999999997,648.732,935.808,1294.653,392.918,0.0,0.0,2.943,34.555,78.49,134.803,253.87699999999998,-582.5908571428571,0.0,0.0,-56.12965517241379,-154.3218,-295.2895483870968,-440.10076666666663,-528.0829032258065,4.96575,0.0,0.0,0.10148275862068966,1.0537333333333332,1.417258064516129,1.8770999999999998,3.8410967741935482,23891329.0,0.0,0.0,18299815.24137931,19731629.783333335,23843405.48387097,26538732.733333334,26130451.032258064,19.94739285714286,0.0,0.0,14.996655172413794,16.5255,19.861193548387096,19.569200000000002,21.575645161290325,26.49167857142857,0.0,0.0,23.764275862068963,24.1508,27.878967741935487,27.573033333333335,28.98867741935484,14.739285714285714,0.0,0.0,7.188172413793104,9.883733333333334,12.406354838709676,12.206666666666667,15.370225806451613,0.0,0.0,0.0,0.0,0.0,0.0,0.0,0.0,1.0,0.0,0.0,0.0,0.0,0.0,0.0,0.0,8.0,0.0,0.0,29.0,22.0,22.0,17.0,14.0,509.498,0.0,35.22,90.782,153.786,229.816,342.983,8.305,0.0,0.997,2.075,2.958,4.207,5.986,5.342071428571429,0.0,0.0,4.0888965517241385,4.4639999999999995,3.9812903225806453,4.164433333333333,4.847516129032258,4.5
ZA-A1-0009,12.851,1.516,2016,2375.793,0.0,12.029000000000002,271.662,592.003,1035.141,1463.491,1972.101,190.692,0.0,0.0,1.206,33.021,54.817,98.886,142.875,-842.1836296296295,0.0,-6.9365000000000006,-71.08670967741936,-180.16316666666668,-351.09235483870964,-534.4644999999999,-684.2824516129033,1.771,0.0,0.0,0.03890322580645161,1.0605,0.7030967741935483,1.4689666666666665,1.419,24253651.0,0.0,17713048.0,18870374.419354837,20323841.65,24887881.419354837,26349452.8,26117618.29032258,24.951555555555554,0.0,16.0145,18.37525806451613,20.678033333333335,24.29477419354839,24.278333333333332,26.406774193548387,31.48303703703704,0.0,24.153,26.577193548387097,27.8626,31.933354838709676,31.8748,33.498290322580644,19.308666666666667,0.0,9.246,10.528064516129032,13.825266666666666,16.782451612903223,17.0295,19.923516129032258,0.0,0.0,0.0,0.0,0.0,0.0,0.0,0.0,3.0,0.0,0.0,0.0,1.0,6.0,8.0,9.0,16.0,0.0,2.0,31.0,27.0,25.0,23.0,18.0,545.346,0.0,75.594,153.711,235.865,325.969,432.456,7.717,0.0,1.113,2.299,3.219,4.501,6.09,3.3544074074074075,0.0,2.8165,2.4323548387096774,3.1039000000000003,2.526516129032258,2.8183,3.2581612903225805,5.6
ZA-A1-0001,12.089,1.492,2017,0.0,1.5739999999999998,71.419,178.773,289.0,484.48699999999997,725.448,990.114,0.0,2.059,68.566,103.712,158.235,173.172,188.434,198.893,0.0,-1.471,-3.564387096774194,-0.9924193548387115,-27.234333333333332,-116.3854193548387,-249.10653333333332,-399.56059999999997,0.0,1.0295,2.145387096774194,1.133741935483871,1.8174333333333335,0.4818387096774193,0.5087333333333334,0.41836,0.0,11369131.5,9403737.016129032,13720803.838709677,16315618.591666667,22169618.967741936,25672296.8,29422284.68,0.0,9.895,11.770290322580646,13.461677419354839,13.674233333333332,16.306032258064516,18.032033333333334,20.586640000000003,0.0,16.318,17.064967741935483,20.058612903225807,19.01033333333333,22.870451612903228,24.512800000000002,28.11576,0.0,3.6189999999999998,7.148774193548387,8.159387096774193,9.115733333333333,10.835645161290321,12.928633333333332,14.736839999999999,0.0,0.0,0.0,0.0,0.0,0.0,0.0,0.0,0.0,0.0,0.0,0.0,0.0,0.0,0.0,0.0,0.0,1.0,18.0,20.0,19.0,25.0,26.0,23.0,0.0,207.636,434.121,645.346,806.473,923.249,1032.121,0.0,2.54,5.224,7.761,9.684000000000001,10.909,12.029,0.0,3.7965,3.987806451612903,4.0038709677419355,3.9994,3.5415806451612903,3.3848,3.1576800000000005,10.0
ZA-A1-0002,12.173,1.457,2017,1150.945,0.0,2.2590000000000003,95.67399999999999,215.022,379.129,598.779,922.098,454.785,0.0,3.7880000000000003,28.239,97.16499999999999,138.814,241.39,307.932,-363.38807999999995,0.0,-1.51,-36.97216129032258,-97.61966666666667,-167.36325806451615,-223.66253333333333,-328.8923548387097,5.8741200000000005,0.0,1.2626666666666668,0.788741935483871,2.2975333333333334,1.3435161290322581,3.4192000000000005,2.1465161290322583,21415509.5,0.0,10132164.333333334,15332026.35483871,17526821.4,21773391.741935484,23197364.516666666,26463359.29032258,19.15388,0.0,10.712666666666665,12.651677419354838,13.854466666666667,15.208741935483872,17.321666666666665,20.42964516129032,25.29204,0.0,15.149666666666667,20.57948387096774,20.965633333333336,22.54141935483871,24.234333333333332,28.030935483870966,14.21164,0.0,6.950666666666667,6.008,7.906366666666667,9.260193548387097,11.908533333333333,13.923935483870968,0.0,0.0,0.0,1.0,0.0,0.0,0.0,0.0,0.0,0.0,0.0,0.0,0.0,0.0,0.0,0.0,7.0,0.0,0.0,26.0,12.0,17.0,12.0,14.0,718.462,0.0,103.91900000000001,212.768,321.956,436.03200000000004,563.8480000000001,9.966,0.0,1.492,3.115,4.7620000000000005,6.119,7.904,4.67784,0.0,4.875333333333334,4.53483870967742,4.419333333333333,4.24583870967742,4.490933333333333,4.112129032258064,7.0
ZA-A1-0003,11.357,1.479,2017,1925.032,0.0,18.071999999999996,156.28300000000002,398.004,759.534,1224.317,1763.042,184.957,0.0,10.123000000000001,14.535,20.378,28.763,53.581,80.717,-950.1658333333334,0.0,-19.350866666666665,-89.87912903225806,-233.68176666666665,-414.67664516129037,-628.0296666666667,-865.5844193548387,8.686666666666666,0.0,0.6748666666666667,0.1423225806451613,0.19476666666666667,0.2704838709677419,0.8272666666666667,0.8753548387096773,20754240.916666668,0.0,13773807.066666666,17634465.0,21969781.5,26531119.29032258,28053477.333333332,29089263.48387097,23.499166666666667,0.0,10.167266666666666,14.361451612903226,18.057366666666667,21.662258064516127,25.492766666666668,27.378225806451614,29.4175,0.0,17.769533333333335,23.465290322580646,26.547533333333334,30.687322580645162,33.88196666666667,35.48083870967742,19.174666666666667,0.0,4.0869333333333335,6.164806451612903,9.525966666666667,12.04341935483871,16.738,19.00693548387097,0.0,0.0,0.0,0.0,0.0,0.0,0.0,0.0,1.0,0.0,0.0,0.0,0.0,6.0,8.0,17.0,1.0,0.0,12.0,30.0,28.0,29.0,21.0,23.0,819.671,37.068,168.093,324.831,478.171,607.4,724.228,8.126,0.607,1.9689999999999999,3.479,4.958,5.977,7.261,3.360333333333333,0.0,2.2999333333333336,2.105516129032258,1.7184,1.477967741935484,1.6388666666666665,1.4675806451612903,13.2
ZA-A1-0004,10.879,1.535,2017,1546.381,0.0,0.0,77.158,283.872,569.419,887.305,1272.302,403.845,0.0,0.0,3.229,17.869,75.56400000000001,216.138,288.96,-563.6266,0.0,0.0,-51.214677419354835,-180.24163333333334,-321.62680645161294,-399.3113333333333,-507.2997741935484,4.595400000000001,0.0,0.0,0.10416129032258065,0.48800000000000004,1.8611290322580645,4.6857999999999995,2.3490967741935487,24205830.28,0.0,0.0,18286917.258064516,21630191.033333335,25908925.322580647,25173355.233333334,26560524.903225806,20.96316,0.0,0.0,11.905967741935482,16.864866666666668,19.211193548387097,20.5962,22.41925806451613,27.358240000000002,0.0,0.0,20.6368064516129,24.786733333333334,27.551322580645163,28.29256666666667,29.948677419354837,15.64716,0.0,0.0,4.29958064516129,8.938099999999999,11.056645161290321,14.212,16.003290322580643,0.0,0.0,0.0,1.0,0.0,0.0,0.0,0.0,0.0,0.0,0.0,0.0,0.0,0.0,0.0,0.0,9.0,0.0,0.0,31.0,25.0,25.0,9.0,10.0,530.796,0.0,58.535000000000004,119.12700000000001,184.189,266.164,374.953,7.962,0.0,0.9470000000000001,1.97,3.06,4.139,5.79,4.56996,0.0,0.0,3.714258064516129,2.9510666666666667,3.147806451612903,4.143466666666667,3.6921612903225802,6.348
ZA-A1-0005,11.833,1.422,2017,1367.1970000000001,0.0,0.0,106.518,292.238,504.344,755.636,1084.748,559.459,0.0,0.0,20.43,83.592,159.944,315.753,422.306,-223.00362068965518,0.0,0.0,-40.182300000000005,-114.53580000000001,-161.2045483870968,-166.50006666666667,-204.8441935483871,4.729413793103448,0.0,0.0,0.6809999999999999,2.1054,2.462967741935484,5.1936333333333335,3.437193548387097,22432368.879310343,0.0,0.0,17154523.433333334,17648070.2,20725535.774193548,20036499.783333335,23937559.29032258,19.739620689655172,0.0,0.0,13.447533333333332,16.076933333333333,16.766838709677423,18.3764,20.616516129032256,25.98758620689655,0.0,0.0,21.895833333333332,23.262566666666665,24.137645161290326,24.95,27.63522580645161,14.753344827586206,0.0,0.0,6.294666666666667,9.8683,10.989129032258065,13.619366666666668,14.987612903225806,0.0,0.0,0.0,0.0,0.0,0.0,0.0,0.0,0.0,0.0,0.0,0.0,0.0,0.0,0.0,0.0,11.0,0.0,0.0,26.0,16.0,10.0,3.0,7.0,736.239,0.0,59.867,152.622,254.847,378.999,536.154,11.263,0.0,1.345,2.9130000000000003,4.69,6.279,8.616999999999999,5.639310344827586,0.0,0.0,5.050433333333333,4.932266666666666,5.14558064516129,5.490399999999999,5.146903225806452,7.0
ZA-A1-0006,11.462,1.491,2017,1830.365,0.0,2.5169999999999995,131.251,396.41499999999996,748.7189999999999,1121.975,1533.4759999999999,364.901,0.0,0.016,0.489,3.6470000000000002,54.257,126.282,212.05,-702.7751923076922,0.0,-4.817,-67.48987096774194,-224.21676666666664,-396.24277419354837,-537.4334333333334,-685.9854838709678,5.8788846153846155,0.0,0.016,0.015258064516129032,0.10526666666666666,1.6325806451612903,2.4008333333333334,2.766709677419355,23338192.5,0.0,16817866.0,18882043.19354839,22407122.933333334,26492046.64516129,25882070.333333332,26101298.129032258,21.41880769230769,0.0,12.517,13.968064516129031,18.8388,21.364645161290323,22.441866666666666,23.27422580645161,27.153269230769233,0.0,19.579,22.319709677419354,26.375833333333333,29.14374193548387,29.735766666666667,30.23516129032258,16.611038461538463,0.0,6.998,6.369451612903226,11.195566666666668,13.320548387096775,16.042266666666666,17.327903225806452,0.0,0.0,0.0,0.0,0.0,0.0,0.0,0.0,0.0,0.0,0.0,0.0,0.0,0.0,0.0,1.0,10.0,0.0,1.0,31.0,29.0,26.0,9.0,12.0,436.542,0.0,57.215,112.997,167.683,228.86700000000002,309.214,6.9399999999999995,0.0,0.9390000000000001,1.887,2.834,3.663,4.965,3.968192307692308,0.0,3.177,2.6503225806451614,1.782,2.1258064516129034,2.880933333333333,2.821064516129032,4.998
ZA-A1-0007,10.142,1.543,2017,1586.711,0.0,0.0,113.79,357.601,672.081,974.4639999999999,1318.927,469.007,0.0,0.0,1.08,14.917,79.14,218.084,320.596,-511.2325769230769,0.0,0.0,-60.718548387096774,-202.97716666666665,-350.8807741935484,-422.55573333333336,-493.64606451612906,5.708115384615384,0.0,0.0,0.03483870967741936,0.4612333333333333,2.0717096774193546,4.631466666666666,3.3068387096774194,23880890.865384616,0.0,0.0,19014767.580645163,21717982.266666666,25629491.677419353,24592744.6,24453569.64516129,20.299384615384614,0.0,0.0,13.503677419354839,18.057666666666666,20.144516129032258,20.079433333333334,21.111709677419352,26.372461538461536,0.0,0.0,22.246032258064513,25.599833333333333,27.848225806451612,27.212666666666667,27.764387096774193,15.104576923076923,0.0,0.0,5.546483870967742,10.446733333333333,12.262322580645161,14.257766666666667,15.630354838709676,0.0,0.0,0.0,0.0,0.0,0.0,0.0,0.0,0.0,0.0,0.0,0.0,0.0,0.0,0.0,0.0,11.0,0.0,0.0,31.0,27.0,21.0,9.0,8.0,602.146,0.0,54.82899999999999,112.907,180.508,278.51599999999996,417.937,9.266,0.0,0.987,2.05,3.263,4.538,6.66,4.764307692307693,0.0,0.0,3.439161290322581,2.9323333333333332,3.047032258064516,3.7768,3.8653870967741937,6.5
ZA-A1-0008,11.381,1.507,2017,1391.945,0.0,0.0,93.55499999999999,303.065,563.121,818.425,1118.458,452.724,0.0,0.0,1.7040000000000002,28.272000000000002,85.754,242.88,338.853,-429.70727586206897,0.0,0.0,-53.54625,-174.17916666666667,-295.65622580645163,-338.49719999999996,-382.9174516129032,3.9265862068965514,0.0,0.0,0.06085714285714287,0.8856,1.854258064516129,5.237533333333333,3.0959032258064516,23574920.655172415,0.0,0.0,19072337.5,20924002.6,24342767.93548387,22906227.666666668,23821882.51612903,19.43058620689655,0.0,0.0,13.162,16.874000000000002,18.37906451612903,18.510133333333332,19.678483870967742,25.730586206896554,0.0,0.0,22.303857142857144,24.690266666666666,26.325193548387098,25.384566666666668,26.322451612903226,14.180724137931033,0.0,0.0,5.158464285714286,9.667666666666666,11.282774193548388,13.379033333333332,14.523225806451611,0.0,0.0,0.0,0.0,0.0,0.0,0.0,0.0,0.0,0.0,0.0,0.0,0.0,0.0,0.0,0.0,11.0,0.0,0.0,27.0,26.0,21.0,7.0,10.0,611.419,0.0,34.699,86.29,149.479,251.55,407.783,9.653,0.0,0.96,1.962,3.184,4.545,6.92,5.630931034482758,0.0,0.0,4.118107142857143,3.7358666666666664,4.166161290322581,5.215033333333333,5.124,6.8
ZA-A1-0009,12.851,1.516,2017,2186.822,0.0,4.894,224.904,570.858,992.711,1401.302,1832.175,336.94100000000003,0.0,0.055,0.41500000000000004,8.019,36.126,106.232,222.043,-639.7991851851853,0.0,-3.729,-65.89670967741935,-213.19590000000002,-374.0907419354839,-511.4787,-620.826,4.255481481481481,0.0,0.055,0.01161290322580645,0.2534666666666667,0.9066774193548387,2.3368666666666664,3.7358387096774197,22684936.37037037,0.0,16221879.0,19304056.0,21300071.433333334,24114609.677419353,23295562.166666668,22532593.0,23.135074074074076,0.0,14.894,17.09709677419355,21.531799999999997,23.608161290322577,23.6197,23.899129032258067,29.174814814814816,0.0,22.048,25.420709677419357,28.897533333333335,31.046709677419354,30.5471,30.35109677419355,18.26540740740741,0.0,8.795,9.31516129032258,14.040566666666667,16.319774193548387,17.787366666666667,18.775903225806452,0.0,0.0,0.0,0.0,0.0,0.0,0.0,0.0,0.0,0.0,0.0,0.0,0.0,7.0,2.0,3.0,11.0,0.0,1.0,31.0,27.0,26.0,12.0,8.0,584.673,0.0,71.905,139.953,211.05700000000002,307.448,435.246,8.486,0.0,1.064,2.08,3.18,4.339,6.274,4.448074074074074,0.0,3.431,2.6067096774193548,2.1808,2.341774193548387,3.116966666666667,3.6298064516129034,7.5
ZA-A1-0002,12.173,1.457,2018,1044.7160000000001,0.0,8.325000000000001,69.436,221.23600000000002,364.75600000000003,553.827,785.398,476.589,0.0,1.045,46.807,73.474,210.196,301.172,400.378,-318.38892,0.0,-4.733333333333333,-31.605838709677418,-107.14823333333334,-114.60670967741936,-179.44966666666667,-232.96848387096776,3.04844,0.0,0.34833333333333333,1.4761935483870967,0.8889,4.410387096774194,3.0325333333333333,3.2001935483870967,26515686.44,0.0,13472658.666666666,14760933.58064516,18796867.033333335,21290401.322580647,24362960.533333335,24229251.48387097,20.37272,0.0,12.775,11.226161290322581,15.011333333333335,14.459774193548387,16.163533333333334,17.470032258064517,27.65212,0.0,20.107,18.307580645161288,22.820766666666668,21.434354838709677,23.407899999999998,24.201645161290323,14.355879999999999,0.0,6.7379999999999995,5.440419354838709,8.120633333333334,8.481548387096774,10.185466666666667,12.222774193548387,0.0,0.0,0.0,0.0,0.0,0.0,0.0,0.0,0.0,0.0,0.0,0.0,0.0,0.0,0.0,0.0,12.0,0.0,3.0,22.0,25.0,15.0,18.0,12.0,715.319,0.0,98.16499999999999,197.402,305.086,424.791,558.047,9.85,0.0,1.4049999999999998,2.879,4.1,5.908,7.821,4.13952,0.0,4.056,4.194580645161291,3.9849666666666668,4.604032258064516,4.315966666666667,4.380548387096774,6.2
ZA-A1-0004,10.879,1.535,2018,1486.538,0.0,0.0,75.179,305.772,531.48,825.247,1166.797,261.755,0.0,0.0,2.246,13.615,71.94,127.329,226.721,-714.98552,0.0,0.0,-56.44722580645161,-192.95316666666668,-303.93629032258065,-460.88193333333334,-566.4500967741936,1.40136,0.0,0.0,0.07245161290322581,0.3789666666666667,1.881451612903226,1.8463,3.2061935483870965,28563837.6,0.0,0.0,17791304.70967742,22006695.8,24286955.48387097,27683773.533333335,26806551.322580647,22.78964,0.0,0.0,11.98241935483871,17.686433333333333,17.28090322580645,19.764666666666667,21.01774193548387,30.647599999999997,0.0,0.0,20.282290322580643,26.1917,25.21732258064516,28.120966666666668,28.80616129032258,15.44236,0.0,0.0,4.527354838709678,9.080166666666665,9.891548387096773,12.059766666666667,14.458903225806452,0.0,0.0,0.0,0.0,0.0,0.0,0.0,0.0,0.0,0.0,0.0,0.0,0.0,0.0,0.0,0.0,15.0,0.0,0.0,31.0,26.0,19.0,17.0,15.0,432.723,0.0,60.766,117.88499999999999,175.656,237.276,316.034,6.754,0.0,0.957,1.918,2.6799999999999997,3.754,5.144,3.0825600000000004,0.0,0.0,3.0110645161290326,2.6946999999999997,3.750709677419355,3.3111666666666664,3.8918064516129034,5.4
ZA-A1-0005,11.833,1.422,2018,1260.152,0.0,0.0,98.815,308.884,499.75100000000003,726.079,977.082,579.583,0.0,0.0,24.832,54.012,161.354,291.725,462.685,-234.0248620689655,0.0,0.0,-36.239333333333335,-130.0823,-161.2857741935484,-224.94373333333334,-207.53206451612903,4.030965517241379,0.0,0.0,0.8277333333333333,0.9726666666666667,3.4626451612903226,4.3457,5.514838709677419,25049511.724137932,0.0,0.0,15814863.966666667,18536669.05,20854665.83870968,23577697.933333334,21611249.419354837,19.761034482758618,0.0,0.0,12.951333333333334,17.0023,16.113806451612906,17.456799999999998,18.096870967741935,26.90796551724138,0.0,0.0,20.510766666666665,24.9471,23.677451612903226,25.116533333333333,24.863000000000003,14.325758620689655,0.0,0.0,6.919266666666667,9.985066666666667,10.168774193548385,11.364266666666667,13.403548387096773,0.0,0.0,0.0,0.0,0.0,0.0,0.0,0.0,0.0,0.0,0.0,0.0,0.0,0.0,0.0,0.0,9.0,0.0,0.0,23.0,21.0,15.0,12.0,3.0,704.849,0.0,66.462,159.83700000000002,257.829,370.659,514.817,10.957,0.0,1.438,2.866,4.095,5.965,8.344,5.077310344827586,0.0,0.0,4.7328,4.4566333333333334,5.15841935483871,5.104233333333334,5.423645161290323,6.7
ZA-A1-0006,11.462,1.491,2018,1716.819,0.0,2.4730000000000008,113.267,385.929,652.562,977.4159999999999,1352.009,195.996,0.0,0.0,1.051,7.646,58.748000000000005,101.029,176.18099999999998,-830.4466538461539,0.0,-3.426,-64.6108064516129,-214.50383333333332,-346.57158064516125,-524.0738333333334,-645.232935483871,0.7621153846153846,0.0,0.0,0.03390322580645161,0.21983333333333333,1.6484516129032258,1.4093666666666667,2.424258064516129,28377059.230769232,0.0,14374426.0,18012728.580645163,22603233.866666667,24470291.774193548,27937162.8,26868778.16129032,24.03115384615385,0.0,12.473,13.370483870967742,19.088733333333334,18.601064516129032,20.828466666666667,22.08364516129032,31.19388461538461,0.0,19.113,21.444709677419358,27.248299999999997,26.25303225806452,28.889533333333336,29.432741935483868,17.05376923076923,0.0,5.78,6.123161290322581,11.060066666666668,11.509677419354839,13.236733333333332,15.589064516129032,0.0,0.0,0.0,0.0,0.0,0.0,0.0,0.0,2.0,0.0,0.0,0.0,0.0,0.0,0.0,0.0,18.0,0.0,1.0,31.0,27.0,21.0,20.0,19.0,414.71799999999996,0.0,64.843,125.991,187.98,251.663,321.754,6.473,0.0,0.986,1.996,2.817,3.916,5.164,2.1535384615384614,0.0,2.441,2.27258064516129,1.9673333333333332,2.891096774193548,2.2845333333333335,2.9600645161290324,4.7
ZA-A1-0007,10.142,1.543,2018,1473.974,0.0,0.0,97.198,343.496,575.093,855.367,1168.734,363.797,0.0,0.0,0.799,12.975999999999999,113.519,193.151,327.451,-569.4115,0.0,0.0,-58.823677419354844,-198.58903333333333,-289.00061290322583,-407.11373333333336,-447.64232258064516,1.397923076923077,0.0,0.0,0.025774193548387097,0.4059,3.2433225806451613,2.6544000000000003,4.33225806451613,28320887.384615384,0.0,0.0,18208586.70967742,21904963.033333335,23433062.93548387,26822259.166666668,25247795.903225806,21.740000000000002,0.0,0.0,12.861483870967742,18.209933333333332,17.470870967741934,19.342466666666667,20.108612903225804,29.150115384615386,0.0,0.0,20.814,26.281266666666667,24.97616129032258,27.313466666666667,27.014709677419354,14.738538461538461,0.0,0.0,5.649451612903226,10.141,10.635612903225807,12.088666666666667,14.555225806451613,0.0,0.0,0.0,0.0,0.0,0.0,0.0,0.0,0.0,0.0,0.0,0.0,0.0,0.0,0.0,0.0,17.0,0.0,0.0,31.0,27.0,20.0,18.0,12.0,548.709,0.0,61.988,124.181,194.749,279.678,394.965,8.533,0.0,1.03,2.113,3.074,4.493,6.439,3.4985,0.0,0.0,3.436193548387097,3.0917666666666666,3.7379032258064515,3.5245333333333333,3.984451612903226,5.8
ZA-A1-0008,11.381,1.507,2018,1260.6299999999999,0.0,0.0,73.386,285.689,486.499,717.999,986.693,447.458,0.0,0.0,2.55,24.89,124.263,222.173,390.857,-421.52299999999997,0.0,0.0,-52.102964285714286,-175.34046666666666,-246.3321612903226,-337.96313333333336,-341.5469677419355,1.951758620689655,0.0,0.0,0.09107142857142857,0.7446666666666667,3.2055806451612905,3.2636666666666665,5.441419354838709,27095472.96551724,0.0,0.0,18171145.14285714,21138860.233333334,22886313.241935484,25566002.666666668,24390139.774193548,19.446103448275863,0.0,0.0,12.290535714285713,17.076766666666668,16.420903225806452,17.716666666666665,18.667548387096772,26.851586206896553,0.0,0.0,20.383285714285712,25.381733333333333,23.935612903225806,25.60346666666667,25.411193548387097,13.15651724137931,0.0,0.0,5.324035714285714,9.407066666666667,10.023645161290323,11.108166666666667,13.513838709677419,0.0,0.0,0.0,0.0,0.0,0.0,0.0,0.0,0.0,0.0,0.0,0.0,0.0,0.0,0.0,0.0,16.0,0.0,0.0,28.0,25.0,18.0,15.0,10.0,576.573,0.0,39.587999999999994,98.824,166.587,256.582,392.596,9.254,0.0,1.037,2.099,3.042,4.564,6.793,4.889275862068965,0.0,0.0,3.897464285714286,3.6597999999999997,4.922580645161291,4.8838,5.347354838709678,6.0
ZA-A1-0009,12.851,1.516,2018,2099.0,0.0,5.2170000000000005,213.307,544.978,904.785,1282.985,1703.427,215.881,0.0,0.128,1.5030000000000001,7.031000000000001,65.319,124.123,198.946,-736.7443703703705,0.0,-3.363,-61.36348387096774,-202.54413333333335,-326.98887096774195,-479.15843333333333,-583.2782580645161,0.6272222222222221,0.0,0.128,0.04435483870967742,0.1842666666666667,1.8802580645161289,1.9601333333333335,2.4136451612903227,26973122.48148148,0.0,15659349.0,18281844.387096774,21546950.833333332,23199667.741935484,25464827.4,24061647.0,24.65085185185185,0.0,15.217,16.712580645161292,21.0557,21.60667741935484,22.60666666666667,23.562645161290323,31.922407407407405,0.0,21.0,24.156903225806452,29.025,29.035129032258066,30.1569,30.558,18.099888888888888,0.0,10.513,9.69909677419355,13.3217,14.958451612903225,15.946766666666667,17.851193548387098,0.0,0.0,0.0,0.0,0.0,0.0,0.0,0.0,4.0,0.0,0.0,0.0,0.0,2.0,2.0,0.0,22.0,0.0,1.0,31.0,28.0,20.0,22.0,19.0,553.37,0.0,83.949,163.024,242.282,330.737,438.466,7.939,0.0,1.164,2.286,3.209,4.551,6.298,2.994333333333333,0.0,3.118,2.8769354838709678,2.4708666666666668,3.281354838709677,3.1022000000000003,3.76058064516129,7.5
ZA-A1-0001,12.089,1.492,2019,0.0,7.679,128.883,180.16,281.717,537.607,764.924,1025.527,0.0,2.042,36.11600000000001,83.605,144.53900000000002,162.296,196.00300000000001,209.181,0.0,-0.334,-8.016129032258066,-41.47206451612903,-52.5862,-149.91725806451615,-290.98963333333336,-411.71828,0.0,1.021,1.099161290322581,1.5319032258064516,2.0311333333333335,0.5728064516129032,1.1235666666666666,0.5271199999999999,0.0,6618939.75,10453791.435483871,12665627.951612903,17328513.0,22869474.06451613,26627466.766666666,26905570.84,0.0,13.839500000000001,13.800064516129034,11.374290322580645,13.185966666666667,18.254516129032258,17.577233333333332,20.424120000000002,0.0,17.349,20.33348387096774,16.969838709677422,19.0111,25.391129032258064,24.267666666666667,27.0216,0.0,9.1115,8.220870967741936,6.6446129032258066,8.308200000000001,12.278709677419354,11.9864,15.084159999999999,0.0,0.0,0.0,0.0,0.0,0.0,0.0,0.0,0.0,0.0,0.0,0.0,0.0,2.0,0.0,0.0,0.0,1.0,24.0,19.0,21.0,25.0,23.0,23.0,0.0,204.658,427.50699999999995,640.2669999999999,802.332,912.228,1022.819,0.0,2.477,4.395,6.854,8.600999999999999,10.056,11.176,0.0,3.7664999999999997,3.666451612903226,3.7999677419354843,3.9278666666666666,3.4056451612903227,3.403966666666667,3.4144,9.0
ZA-A1-0002,12.173,1.457,2019,1134.415,0.0,3.7119999999999997,48.101,160.26,355.139,575.714,886.735,362.459,0.0,0.511,45.909,94.194,135.331,197.894,292.314,-455.29144,0.0,-4.9286666666666665,-24.273612903225807,-71.84909999999999,-172.9607419354839,-293.64206666666666,-374.0100322580645,2.8057999999999996,0.0,0.17033333333333334,1.464451612903226,1.6095,1.327,2.0854333333333335,3.0458064516129033,25748510.72,0.0,14180551.666666666,14716615.870967742,19367738.75,23118668.774193548,26152056.433333334,25533423.06451613,19.9072,0.0,11.014333333333333,10.464290322580647,13.434466666666667,16.18558064516129,17.33376666666667,20.032935483870965,27.245639999999998,0.0,19.33566666666667,17.325806451612905,21.3392,23.97793548387097,25.517333333333333,27.461258064516127,14.073319999999999,0.0,4.442333333333333,5.025,6.902666666666666,8.890161290322581,10.2873,14.026677419354838,0.0,0.0,0.0,0.0,0.0,0.0,0.0,0.0,0.0,0.0,0.0,0.0,0.0,0.0,0.0,0.0,10.0,0.0,3.0,20.0,23.0,20.0,17.0,15.0,688.657,0.0,107.7,216.79399999999998,327.742,432.092,546.732,9.381,0.0,1.116,2.696,4.293,5.816,7.516,4.27092,0.0,4.273666666666666,4.473354838709677,4.431933333333333,4.151548387096774,4.0414,4.244548387096774,6.0
ZA-A1-0003,11.357,1.479,2019,1876.149,0.0,33.759,125.815,326.159,699.167,1133.324,1665.333,54.411,0.0,0.013,4.638,12.514,23.497,29.665,43.775999999999996,-1050.1760833333333,0.0,-22.504266666666663,-98.51929032258064,-228.8021,-404.964,-626.3838666666667,-881.145193548387,0.88625,0.0,0.0008666666666666666,0.14919354838709678,0.26253333333333334,0.3542903225806452,0.2056,0.4551935483870968,29537584.333333332,0.0,14938993.666666666,17299248.741935484,21921160.566666666,26148838.322580647,29149346.6,30109230.19354839,27.567999999999998,0.0,12.177266666666666,12.485709677419356,16.461133333333333,22.03251612903226,24.4719,27.16158064516129,35.74583333333333,0.0,21.220533333333332,21.18983870967742,25.909499999999998,30.318032258064516,32.95706666666667,35.42496774193548,19.071916666666667,0.0,4.784666666666666,4.798774193548387,7.275566666666666,13.161225806451613,15.193533333333333,18.197548387096774,0.0,0.0,0.0,1.0,0.0,0.0,0.0,0.0,8.0,0.0,0.0,0.0,0.0,5.0,13.0,17.0,8.0,0.0,15.0,30.0,28.0,29.0,27.0,26.0,825.5550000000001,38.948,173.394,330.113,488.7,624.307,738.119,8.072,0.617,1.667,3.204,4.766,6.162,7.383,1.4778333333333336,0.0,2.3616666666666664,2.2159677419354837,1.8302,1.6009032258064517,1.2887666666666666,1.2420645161290322,11.6
ZA-A1-0004,10.879,1.535,2019,1624.733,0.0,0.0,95.894,283.657,543.007,871.059,1283.885,190.961,0.0,0.0,26.208,38.551,68.936,90.45100000000001,154.426,-815.4017200000001,0.0,0.0,-40.15877419354839,-167.71296666666666,-314.8341612903226,-491.4867666666667,-678.6832258064517,1.4614000000000003,0.0,0.0,0.8454193548387097,0.4114333333333333,0.9801612903225806,0.7171666666666667,2.063709677419355,28049414.48,0.0,0.0,17228879.032258064,22558043.733333334,25522971.451612905,28358321.533333335,27999273.80645161,23.63392,0.0,0.0,12.584999999999999,16.022100000000002,18.366129032258065,20.935066666666668,23.316967741935485,31.636799999999997,0.0,0.0,20.52532258064516,25.1617,26.446677419354838,29.238,31.57496774193548,16.11744,0.0,0.0,5.301612903225807,7.1470666666666665,10.201387096774193,12.821,15.625064516129033,0.0,0.0,0.0,1.0,1.0,0.0,0.0,0.0,0.0,0.0,0.0,0.0,0.0,0.0,0.0,4.0,17.0,0.0,0.0,27.0,26.0,28.0,25.0,17.0,406.68,0.0,61.196,120.292,180.897,241.463,309.489,6.369,0.0,0.737,1.733,2.758,3.787,4.927,3.23268,0.0,0.0,3.7619032258064515,3.0218333333333334,3.318935483870968,3.020866666666667,2.6623548387096774,4.3
ZA-A1-0005,11.833,1.422,2019,1357.88,0.0,0.0,104.686,295.69100000000003,486.48,734.208,1063.816,476.35,0.0,0.0,46.983999999999995,93.093,164.603,232.195,373.743,-344.87124137931033,0.0,0.0,-21.579933333333333,-92.10013333333333,-165.43296774193547,-245.23036666666667,-306.5946451612903,3.538172413793103,0.0,0.0,1.5661333333333332,1.5369666666666668,2.306774193548387,2.2530666666666668,4.566064516129033,22882233.155172415,0.0,0.0,14928616.233333332,20044292.633333333,22110807.35483871,24563147.766666666,23448578.80645161,20.14013793103448,0.0,0.0,13.162066666666668,16.2837,16.088451612903228,18.25613333333333,20.632516129032258,27.00548275862069,0.0,0.0,20.2585,24.69633333333333,23.826064516129033,26.163833333333333,28.05625806451613,14.88493103448276,0.0,0.0,7.347466666666667,9.216966666666668,9.298935483870968,11.7474,15.11025806451613,0.0,0.0,0.0,0.0,0.0,0.0,0.0,0.0,0.0,0.0,0.0,0.0,0.0,0.0,0.0,0.0,11.0,0.0,0.0,20.0,21.0,20.0,15.0,3.0,720.419,0.0,69.12299999999999,177.258,291.61,406.665,543.195,10.89,0.0,1.121,2.75,4.533,6.328,8.422,5.1098275862068965,0.0,0.0,5.124266666666667,4.9199,5.017870967741936,5.1226666666666665,4.729451612903226,6.0
ZA-A1-0006,11.462,1.491,2019,1906.836,0.0,5.569000000000001,153.78,396.956,714.239,1083.476,1531.632,179.714,0.0,0.0,7.2989999999999995,14.843,37.571,56.105,129.464,-904.4804615384614,0.0,-4.668,-69.05603225806452,-224.96566666666666,-396.7646129032258,-590.4370666666667,-795.174806451613,1.9326923076923077,0.0,0.0,0.23545161290322578,0.25146666666666667,0.7331612903225806,0.6178,2.36641935483871,27234073.192307692,0.0,16835014.0,18209574.129032258,23188742.733333334,25853724.35483871,28148690.5,27457855.677419353,24.430923076923076,0.0,15.569,14.631741935483872,17.9525,20.234935483870967,22.3079,24.45664516129032,31.704230769230772,0.0,24.446,22.486806451612903,26.920266666666667,27.888967741935485,29.938733333333335,32.04593548387097,17.558884615384617,0.0,5.672,7.365225806451613,9.127066666666668,12.359935483870968,14.678133333333333,17.10967741935484,0.0,0.0,0.0,1.0,0.0,0.0,0.0,0.0,1.0,0.0,0.0,0.0,0.0,0.0,0.0,6.0,14.0,0.0,1.0,29.0,28.0,29.0,25.0,17.0,358.021,0.0,58.893,114.624,168.847,221.832,277.754,5.86,0.0,0.717,1.675,2.616,3.57,4.556,2.572576923076923,0.0,2.656,2.5363548387096775,1.9999,2.307516129032258,1.9277666666666666,2.0215806451612903,3.25
ZA-A1-0007,10.142,1.543,2019,1656.016,0.0,0.0,152.404,392.628,660.963,972.403,1356.388,326.44,0.0,0.0,5.483,14.54,62.731,105.875,233.93,-685.2737692307692,0.0,0.0,-67.10922580645162,-220.13593333333333,-366.62651612903227,-513.9546666666666,-659.7967419354839,3.558076923076923,0.0,0.0,0.17687096774193548,0.3019,1.554548387096774,1.4381333333333333,4.130806451612903,26338781.076923076,0.0,0.0,17862738.870967742,23050521.8,25482644.83870968,27084416.166666668,26679689.80645161,21.524153846153848,0.0,0.0,14.820290322580645,17.91776666666667,18.655967741935484,20.381333333333334,22.386612903225807,28.48442307692308,0.0,0.0,22.650709677419357,26.6783,26.623032258064516,28.1602,29.896870967741936,15.58173076923077,0.0,0.0,7.529580645161291,9.2831,10.448322580645161,13.1471,15.690645161290323,0.0,0.0,0.0,0.0,0.0,0.0,0.0,0.0,0.0,0.0,0.0,0.0,0.0,0.0,0.0,0.0,14.0,0.0,0.0,29.0,26.0,25.0,23.0,16.0,501.00800000000004,0.0,57.137,115.178,178.019,251.75300000000001,349.043,7.836,0.0,0.756,1.787,2.918,4.197,5.672,3.9478461538461542,0.0,0.0,3.4664193548387097,2.9514,3.398806451612903,3.392333333333333,3.159967741935484,5.4
ZA-A1-0008,11.381,1.507,2019,1427.581,0.0,0.0,122.819,341.46000000000004,547.662,804.444,1142.378,397.276,0.0,0.0,10.963000000000001,27.951,92.447,147.363,273.475,-558.8398275862069,0.0,0.0,-54.16435714285715,-185.96300000000002,-303.42758064516124,-411.40233333333333,-529.7710967741936,4.269,0.0,0.0,0.3915357142857143,0.5662666666666667,2.080516129032258,1.8305333333333331,4.0681290322580645,25104683.931034483,0.0,0.0,17383973.73214286,22619539.8,24507976.032258064,26232233.266666666,26122767.19354839,19.83458620689655,0.0,0.0,14.208642857142857,17.196900000000003,16.61648387096774,18.5594,20.901096774193547,26.838482758620692,0.0,0.0,22.103357142857142,25.8992,24.825806451612905,26.492433333333334,28.503096774193548,14.448689655172414,0.0,0.0,7.191392857142858,9.0711,8.980516129032258,11.8094,14.635419354838708,0.0,0.0,0.0,0.0,0.0,0.0,0.0,0.0,0.0,0.0,0.0,0.0,0.0,0.0,0.0,0.0,11.0,0.0,0.0,25.0,25.0,22.0,20.0,12.0,548.215,0.0,38.509,97.41,162.867,247.065,370.56399999999996,8.762,0.0,0.772,1.847,3.0380000000000003,4.455,6.242,5.1594482758620686,0.0,0.0,4.208,3.6753,4.619419354838709,4.7805,4.0326774193548385,5.5
ZA-A1-0009,12.851,1.516,2019,2245.905,0.0,7.073,276.329,637.269,995.845,1383.7549999999999,1856.913,255.117,0.0,0.012,3.904,9.36,25.059,71.989,163.098,-748.5561111111111,0.0,-3.681,-68.88164516129032,-222.01209999999998,-395.943129032258,-544.3063333333333,-687.3899032258064,3.408111111111111,0.0,0.012,0.12554838709677418,0.18186666666666668,0.5064193548387097,1.5643333333333334,2.9389999999999996,24295956.296296295,0.0,17013088.0,18051670.322580647,22927290.666666668,24566102.93548387,25320363.533333335,25264029.29032258,24.40711111111111,0.0,17.073,18.68567741935484,22.031333333333336,21.566967741935485,22.930333333333333,25.263161290322582,31.05574074074074,0.0,24.676,26.40703225806452,30.3832,29.164806451612904,30.094966666666668,32.506193548387095,19.06859259259259,0.0,9.745,11.377258064516129,13.625066666666667,14.125129032258066,16.584799999999998,19.06667741935484,0.0,0.0,0.0,0.0,0.0,0.0,0.0,0.0,0.0,0.0,0.0,0.0,2.0,1.0,2.0,7.0,9.0,0.0,1.0,30.0,28.0,25.0,21.0,14.0,523.4,0.0,80.914,157.961,228.406,298.326,390.402,7.558,0.0,0.849,1.942,2.982,4.08,5.513,3.712962962962963,0.0,2.809,2.6027419354838712,2.1025,2.592806451612903,3.1508,3.0506129032258067,6.5
ZA-A1-0001,12.089,1.492,2020,0.0,7.677,101.852,194.08,388.658,590.613,842.336,1082.637,0.0,3.297,44.666,57.172,99.974,132.107,158.047,170.144,0.0,-0.9956666666666666,-10.870322580645162,-52.08122580645161,-129.3807,-211.87974193548388,-317.69239999999996,-464.62788,0.0,1.099,1.334483870967742,0.40341935483870967,1.4267333333333334,1.0365483870967742,0.8646666666666667,0.48388,0.0,9442272.0,10196896.096774194,13606960.306451613,17236750.2,22254012.80645161,25317811.9,28322078.56,0.0,12.559,12.962290322580646,12.967516129032258,16.48593333333333,16.51467741935484,18.390766666666664,19.61204,0.0,17.296,18.340193548387095,19.59258064516129,23.428,23.03132258064516,24.7822,26.60984,0.0,8.042333333333334,8.237225806451612,7.3868709677419355,10.537433333333333,11.056193548387098,13.192633333333333,14.1592,0.0,0.0,0.0,0.0,0.0,0.0,0.0,0.0,0.0,0.0,0.0,0.0,2.0,0.0,0.0,0.0,0.0,1.0,20.0,27.0,24.0,25.0,25.0,22.0,0.0,213.063,425.627,596.912,726.298,835.951,944.6370000000001,0.0,2.535,4.946,6.8469999999999995,8.08,9.625,10.697,0.0,3.76,3.849612903225806,3.660064516129032,3.5965,3.611258064516129,3.503533333333333,3.2061599999999997,9.0
ZA-A1-0002,12.173,1.457,2020,1241.497,0.0,16.859,102.056,263.213,480.037,732.85,998.514,390.927,0.0,0.323,13.599,46.862,74.214,143.484,258.884,-479.4826666666666,0.0,-9.47175,-61.26703225806452,-154.78313333333332,-264.20351612903227,-378.6021,-463.69990322580645,5.501791666666667,0.0,0.08075,0.428258064516129,1.1087666666666667,0.8823225806451613,2.3089999999999997,3.7225806451612904,21331621.291666668,0.0,14599422.0,15627332.774193548,19473444.116666667,23856264.70967742,24162816.133333333,24174189.419354837,20.124291666666668,0.0,14.21475,12.666677419354837,15.333233333333334,16.99432258064516,18.4271,18.5698064516129,26.02125,0.0,22.76075,20.819774193548387,23.6833,25.365000000000002,25.925866666666664,25.611903225806454,15.480958333333334,0.0,7.272500000000001,5.731645161290322,7.736400000000001,9.711774193548386,12.327566666666666,12.785548387096773,0.0,0.0,0.0,0.0,0.0,0.0,0.0,0.0,0.0,0.0,0.0,0.0,0.0,0.0,0.0,0.0,3.0,0.0,4.0,27.0,22.0,25.0,16.0,10.0,657.637,0.0,109.517,210.619,305.57,398.109,507.276,8.919,0.378,1.825,3.218,4.254,5.668,7.373,4.6475,0.0,4.0065,4.005806451612903,4.0210333333333335,3.9523225806451614,4.104533333333333,4.355032258064516,6.5
ZA-A1-0003,11.357,1.479,2020,1948.769,0.0,40.513,184.64999999999998,448.324,831.893,1305.811,1756.915,109.128,0.0,0.131,0.439,1.096,2.645,10.405,70.418,-1002.6940833333333,0.0,-29.241625,-116.4156129032258,-257.97726666666665,-454.5590322580645,-684.1429666666667,-880.6320322580646,3.2258333333333336,0.0,0.0081875,0.009935483870967743,0.0219,0.04996774193548387,0.25866666666666666,1.9359032258064515,26250269.833333332,0.0,15142173.4375,17898881.580645163,22293964.466666665,26737339.29032258,28998066.266666666,26703555.322580647,25.98783333333333,0.0,12.1881875,14.627645161290323,18.789133333333332,22.373193548387096,25.797266666666665,24.55174193548387,33.393,0.0,21.20675,24.342548387096777,27.798033333333333,31.004548387096772,34.328700000000005,32.24296774193549,19.273416666666666,0.0,4.7264375,5.7940000000000005,9.5465,12.878516129032258,16.08706666666667,17.221677419354837,0.0,0.0,0.0,0.0,0.0,0.0,0.0,0.0,6.0,0.0,0.0,0.0,0.0,5.0,10.0,7.0,5.0,0.0,16.0,31.0,30.0,31.0,28.0,20.0,826.874,38.509,176.576,335.69,491.275,621.281,734.556,8.334,0.621,2.043,3.583,4.755,6.142,7.493,2.2059166666666665,0.0,1.9376875,1.6562580645161291,1.3728,1.209483870967742,1.1994,2.004032258064516,11.9
ZA-A1-0004,10.879,1.535,2020,1620.132,0.0,0.548,130.26,323.362,649.796,1015.767,1341.757,273.248,0.0,0.0,1.6380000000000001,5.559,9.776,73.309,208.294,-712.4476249999999,0.0,-3.175,-63.67170967741935,-196.57573333333332,-375.1642258064516,-550.8715,-648.0133548387097,2.7064166666666662,0.0,0.0,0.05283870967741936,0.13069999999999998,0.1360322580645161,2.117766666666667,4.3543548387096775,25562422.666666668,0.0,16764898.0,18013487.129032258,22491473.4,26393824.0,27444193.666666668,23578168.70967742,21.598958333333332,0.0,10.548,14.18425806451613,16.436733333333333,20.530129032258063,22.199033333333333,20.515806451612903,28.480958333333334,0.0,20.352,22.809322580645162,25.253633333333333,28.860870967741935,30.6648,27.312032258064516,16.025291666666664,0.0,3.547,6.1821935483870964,7.411166666666667,11.537935483870967,14.0931,14.76283870967742,0.0,0.0,0.0,0.0,0.0,0.0,0.0,0.0,0.0,0.0,0.0,0.0,0.0,0.0,0.0,0.0,7.0,0.0,1.0,31.0,29.0,30.0,19.0,13.0,466.3,0.0,67.752,130.786,189.864,249.112,331.019,6.656000000000001,0.0,1.025,2.028,2.76,3.79,5.2010000000000005,4.081041666666667,0.0,2.735,2.3495806451612906,2.2348333333333334,1.910516129032258,3.016633333333333,4.142193548387096,5.55
ZA-A1-0005,11.833,1.422,2020,1479.244,0.0,0.0,154.394,338.211,604.101,893.436,1178.887,526.757,0.0,0.0,16.544,46.745,93.717,231.573,377.668,-309.4398620689655,0.0,0.0,-45.574064516129035,-136.94856666666666,-249.93329032258063,-299.36080000000004,-320.3291612903226,5.141,0.0,0.0,0.5336774193548387,1.0067,1.5152258064516129,4.5952,4.712741935483871,23044359.0,0.0,0.0,15896790.241935484,19845149.866666667,22578055.225806452,22896718.466666665,21688035.19354839,20.357137931034483,0.0,0.0,14.980451612903225,16.123866666666668,18.57709677419355,19.6445,19.20809677419355,26.83334482758621,0.0,0.0,22.984193548387097,24.5275,26.903645161290324,27.346466666666668,25.861903225806454,15.462137931034482,0.0,0.0,8.409516129032259,8.671233333333333,11.345903225806452,13.8375,14.023322580645162,0.0,0.0,0.0,0.0,0.0,0.0,0.0,0.0,0.0,0.0,0.0,0.0,0.0,0.0,0.0,0.0,6.0,0.0,0.0,24.0,24.0,21.0,8.0,8.0,724.935,0.0,102.553,198.238,288.789,390.683,531.967,10.661,0.0,1.446,2.871,3.9499999999999997,5.622,7.862,5.541517241379311,0.0,0.0,4.525645161290322,4.5709,4.46683870967742,5.161933333333334,5.4193870967741935,6.5
ZA-A1-0006,11.462,1.491,2020,1863.9850000000001,0.0,5.849,192.00900000000001,431.916,820.796,1215.792,1567.317,344.374,0.0,0.0,0.377,3.981,7.176,102.324,254.552,-698.0703599999999,0.0,-5.8004999999999995,-75.7374193548387,-219.97313333333335,-414.0402258064516,-577.1360000000001,-641.4883870967742,3.59288,0.0,0.0,0.012161290322580644,0.12013333333333334,0.10306451612903225,3.1715999999999998,4.910580645161291,25268233.24,0.0,17101749.0,18452888.387096774,23179175.533333335,26441305.870967742,27413448.933333334,23303814.56451613,21.86672,0.0,12.9245,16.005161290322583,17.9969,22.544516129032257,23.166533333333334,21.33951612903226,28.23716,0.0,23.165,24.247064516129033,26.41,30.503548387096775,31.009,27.53083870967742,16.76416,0.0,4.6685,8.300612903225806,9.2219,13.818129032258065,15.703033333333334,16.01922580645161,0.0,0.0,0.0,0.0,0.0,0.0,0.0,0.0,0.0,0.0,0.0,0.0,0.0,0.0,0.0,0.0,8.0,0.0,2.0,31.0,29.0,31.0,18.0,12.0,454.382,0.0,65.673,124.916,180.938,241.125,324.206,7.167,0.0,1.006,1.982,2.692,3.76,5.207,3.3056799999999997,0.0,1.8955,1.7015806451612905,1.5218,1.3779677419354839,2.4273666666666665,3.391709677419355,4.75
ZA-A1-0007,10.142,1.543,2020,1667.419,0.0,3.436,183.296,400.984,747.3389999999999,1085.434,1393.259,446.536,0.0,0.0,0.293,7.914,21.306,161.24,334.804,-544.6772692307693,0.0,-3.985,-68.43906451612902,-205.88726666666665,-383.162064516129,-503.35856666666666,-502.2510967741935,4.297384615384615,0.0,0.0,0.009451612903225807,0.25403333333333333,0.432,4.664466666666667,5.598838709677419,24199637.423076924,0.0,17367682.0,18315357.225806452,22754969.166666668,25752106.774193548,26946902.666666668,22701525.419354837,20.544615384615383,0.0,13.436,15.801935483870968,17.256266666666665,21.17274193548387,21.269833333333334,19.92983870967742,26.844961538461536,0.0,23.391,23.73732258064516,25.632033333333332,29.13441935483871,28.742166666666666,25.938612903225806,15.462384615384615,0.0,5.291,8.143516129032259,8.505566666666667,12.893548387096773,14.453833333333334,14.700354838709679,0.0,0.0,0.0,0.0,0.0,0.0,0.0,0.0,0.0,0.0,0.0,0.0,0.0,0.0,0.0,0.0,6.0,0.0,1.0,31.0,29.0,27.0,15.0,12.0,528.81,0.0,58.351,114.717,171.715,247.159,361.699,8.383000000000001,0.0,0.99,1.976,2.713,4.051,5.9190000000000005,4.000115384615385,0.0,2.948,2.476709677419355,2.4558000000000004,2.2018064516129034,3.4603333333333333,4.368677419354839,5.5
ZA-A1-0008,11.381,1.507,2020,1481.299,0.0,0.0,154.558,338.805,639.063,945.327,1219.555,473.515,0.0,0.0,1.881,17.482,43.729,170.612,336.867,-458.1545357142857,0.0,0.0,-59.27062068965517,-184.42749999999998,-339.54609677419353,-441.76733333333334,-444.3418387096774,4.880285714285714,0.0,0.0,0.06486206896551724,0.5200333333333333,0.8466774193548388,4.229433333333334,5.3630645161290325,23294055.85714286,0.0,0.0,18202854.379310343,22108223.4,24619207.16129032,25828302.066666666,22111382.01612903,19.348000000000003,0.0,0.0,15.329586206896552,16.1174,19.685741935483872,20.2088,18.84606451612903,25.753607142857142,0.0,0.0,23.56306896551724,24.826266666666665,27.881516129032256,27.855433333333334,25.20138709677419,14.522214285714286,0.0,0.0,7.946241379310345,7.7349,11.994064516129031,13.7183,13.746580645161291,0.0,0.0,0.0,0.0,0.0,0.0,0.0,0.0,0.0,0.0,0.0,0.0,0.0,0.0,0.0,0.0,8.0,0.0,0.0,29.0,27.0,26.0,14.0,9.0,531.82,0.0,38.171,93.033,148.718,224.678,347.659,8.769,0.0,1.009,2.003,2.769,4.116,6.094,5.289035714285714,0.0,0.0,2.5241724137931034,3.2167000000000003,3.012709677419355,4.7665999999999995,5.578741935483871,5.45
ZA-A1-0009,12.851,1.516,2020,2295.075,0.0,14.471999999999998,293.31,606.066,1054.911,1492.958,1921.717,352.74,0.0,0.0,0.9390000000000001,4.266,19.829,100.593,225.053,-675.4142962962964,0.0,-5.472,-70.30967741935484,-212.89876666666666,-390.91161290322583,-540.9691666666666,-594.9772258064517,4.729148148148148,0.0,0.0,0.030290322580645162,0.1109,0.5020322580645161,2.692133333333333,4.014838709677419,22320392.555555556,0.0,17803510.0,18436700.096774194,22267411.1,24268194.580645163,24815775.533333335,22969133.83870968,23.82807407407407,0.0,17.235999999999997,18.994774193548388,20.4252,24.478870967741937,24.601566666666667,23.830935483870967,29.856296296296296,0.0,26.488,26.753645161290326,28.406866666666666,32.04406451612903,31.78373333333333,30.390548387096775,19.12477777777778,0.0,8.348500000000001,11.392096774193549,12.2597,16.835774193548385,18.0829,18.264870967741935,0.0,0.0,0.0,0.0,0.0,0.0,0.0,0.0,0.0,0.0,0.0,0.0,0.0,6.0,5.0,5.0,9.0,0.0,2.0,31.0,29.0,26.0,16.0,18.0,565.053,0.0,77.584,151.57,221.756,307.231,425.38800000000003,8.196,0.0,1.103,2.157,2.935,4.237,6.079,3.7762962962962963,0.0,1.9064999999999999,1.4706451612903226,1.4024333333333334,1.6860645161290322,3.078133333333333,3.795032258064516,7.0
ZA-A1-0001,12.089,1.492,2021,0.0,6.045999999999999,87.179,149.146,260.047,438.104,662.226,896.111,0.0,0.514,52.863,108.772,141.195,187.001,234.123,260.68,0.0,-1.6829999999999998,2.540290322580646,-21.338064516129034,-50.674366666666664,-109.12529032258064,-211.80066666666667,-319.92864000000003,0.0,0.257,1.6886774193548386,1.803516129032258,1.0807666666666667,1.4776129032258063,1.5707333333333333,1.06228,0.0,8345497.5,11055832.258064516,12511551.532258065,16819119.233333334,21779368.79032258,23767416.666666668,25189437.08,0.0,13.023,12.487645161290324,11.514548387096776,13.678733333333334,15.743774193548388,17.47073333333333,19.3554,0.0,18.621499999999997,19.296967741935486,16.90390322580645,19.658966666666668,21.86067741935484,23.673066666666667,25.584319999999998,0.0,8.6425,6.869806451612903,6.922290322580645,8.762300000000002,10.656129032258063,12.599866666666665,14.54208,0.0,0.0,0.0,0.0,0.0,0.0,0.0,0.0,0.0,0.0,0.0,0.0,0.0,0.0,0.0,0.0,0.0,2.0,24.0,16.0,21.0,22.0,20.0,16.0,0.0,222.28199999999998,458.36,679.368,854.421,979.499,1100.272,0.0,2.692,5.421,8.029,10.054,11.311,12.578,0.0,3.9415,4.005516129032258,4.099322580645161,4.0035,3.9052258064516128,3.777833333333333,3.59064,9.0
ZA-A1-0002,12.173,1.457,2021,1149.049,0.0,2.783999999999999,59.122,193.972,396.35,615.382,897.532,598.779,0.0,0.065,18.862,46.878,132.504,279.669,470.893,-183.26136,0.0,-5.410333333333334,-53.20793548387096,-137.35083333333333,-219.0494193548387,-251.53423333333333,-222.64612903225805,5.1154399999999995,0.0,0.021666666666666667,0.6063548387096774,0.9338666666666667,2.7621290322580645,4.9055,6.168516129032258,22028000.92,0.0,14573708.333333334,15733323.774193548,19443661.066666666,21383354.64516129,21434693.2,22446285.580645163,20.06068,0.0,10.927999999999999,10.866935483870968,14.427833333333332,16.420612903225805,17.301066666666667,19.101612903225806,25.91988,0.0,20.136,18.62232258064516,22.240599999999997,23.817,23.906566666666667,25.433129032258066,15.25168,0.0,4.242,4.241161290322581,7.604699999999999,10.104967741935484,11.955066666666665,14.255193548387096,0.0,0.0,0.0,2.0,0.0,0.0,0.0,0.0,0.0,0.0,0.0,0.0,0.0,0.0,0.0,0.0,5.0,0.0,3.0,23.0,22.0,18.0,8.0,4.0,792.186,0.0,106.747,211.889,323.298,449.216,603.209,10.512,0.0,1.379,2.803,4.428,5.872,8.024,4.9306399999999995,0.0,3.9363333333333337,4.022387096774193,4.125233333333333,4.2657741935483875,4.6597,4.879354838709677,6.5
ZA-A1-0003,11.357,1.479,2021,1738.578,0.0,13.165000000000001,85.051,328.95,724.078,1107.89,1582.79,299.07,0.0,0.0,0.19999999999999998,8.077,22.502,115.93900000000001,195.48,-738.5783333333334,0.0,-22.825466666666667,-102.62887096774193,-231.7687,-413.1591612903226,-562.7318666666666,-709.1628709677419,8.6325,0.0,0.0,0.006451612903225806,0.26256666666666667,0.4653225806451613,3.1145666666666667,2.5658387096774193,19070580.916666668,0.0,15513223.2,17949174.548387095,22093710.9,24749401.096774194,27168553.333333332,27977125.93548387,22.982333333333333,0.0,10.744200000000001,11.688612903225806,18.129966666666668,22.746064516129035,22.793733333333332,25.31935483870968,28.41616666666667,0.0,21.497933333333332,20.836032258064517,26.914466666666666,31.19645161290323,30.91193333333333,33.171032258064514,18.729833333333332,0.0,2.1468,3.706967741935484,9.4435,13.868935483870969,15.1279,17.498032258064516,0.0,0.0,1.0,2.0,0.0,0.0,0.0,0.0,0.0,0.0,0.0,0.0,0.0,10.0,0.0,8.0,3.0,0.0,15.0,31.0,28.0,29.0,20.0,20.0,854.232,35.9,167.432,326.14799999999997,483.63599999999997,616.004,743.797,9.563,0.624,2.098,3.822,5.582,6.804,8.438,3.4079166666666665,0.0,2.0667999999999997,1.8243548387096775,1.7391666666666665,1.409709677419355,2.1745666666666663,2.193741935483871,11.85
ZA-A1-0004,10.879,1.535,2021,1463.233,0.0,0.0,50.041000000000004,237.991,551.652,847.842,1200.752,575.421,0.0,0.0,3.2560000000000002,14.351,72.843,246.354,389.843,-351.10856,0.0,0.0,-58.18316129032258,-178.37536666666668,-309.59632258064516,-358.28246666666666,-400.134,7.42312,0.0,0.0,0.10503225806451613,0.36983333333333335,1.8868387096774195,5.7837,4.628677419354839,21110560.66,0.0,0.0,18323609.35483871,21883332.433333334,23516684.741935484,24391737.933333334,25741080.80645161,20.49924,0.0,0.0,10.897806451612903,16.265,20.11809677419355,19.873,21.384193548387096,26.15948,0.0,0.0,19.780193548387096,24.55506666666667,28.06716129032258,27.1735,28.463290322580644,15.95836,0.0,0.0,2.9305483870967746,8.099833333333333,12.317677419354839,13.388366666666666,15.50358064516129,0.0,0.0,0.0,5.0,0.0,0.0,0.0,0.0,0.0,0.0,0.0,0.0,0.0,0.0,0.0,0.0,8.0,0.0,0.0,30.0,27.0,21.0,11.0,9.0,534.674,0.0,58.419000000000004,113.89,172.006,246.852,361.536,8.033,0.0,0.9390000000000001,1.888,2.915,3.863,5.604,4.98856,0.0,0.0,2.939516129032258,2.9939000000000004,3.5240967741935485,4.471933333333334,4.439290322580645,4.95
ZA-A1-0005,11.833,1.422,2021,1392.571,0.0,0.0,91.172,261.5,510.64799999999997,778.091,1101.388,710.926,0.0,0.0,14.681,50.88,163.357,297.59,498.241,-119.0251379310345,0.0,0.0,-49.52243333333333,-135.09706666666665,-183.0092258064516,-189.39026666666666,-171.30880645161292,7.33396551724138,0.0,0.0,0.4893666666666666,1.2066333333333332,3.628290322580645,4.474433333333334,6.472612903225807,19359320.75862069,0.0,0.0,16310208.416666666,18408612.2,20001625.79032258,21012679.383333333,22814294.29032258,20.040793103448276,0.0,0.0,12.778666666666668,15.6463,18.014967741935482,18.914766666666665,20.42893548387097,25.586068965517242,0.0,0.0,20.7871,23.162866666666666,25.276096774193547,25.577066666666667,27.074064516129035,15.76844827586207,0.0,0.0,6.175966666666667,9.389366666666666,12.14383870967742,13.537533333333332,15.481129032258064,0.0,0.0,0.0,0.0,0.0,0.0,0.0,0.0,0.0,0.0,0.0,0.0,0.0,0.0,0.0,0.0,6.0,0.0,0.0,26.0,20.0,12.0,8.0,2.0,768.52,0.0,63.71000000000001,157.36700000000002,257.831,384.646,553.925,11.56,0.0,1.357,2.785,4.461,6.082,8.628,5.840896551724137,0.0,0.0,4.6597333333333335,4.8187999999999995,5.213322580645161,5.5793,5.607129032258064,6.2
ZA-A1-0006,11.462,1.491,2021,1691.219,0.0,2.1590000000000007,85.763,321.261,680.785,1017.076,1393.981,358.887,0.0,0.0,0.685,6.524,52.354,139.709,220.305,-623.723423076923,0.0,-3.001,-67.75683870967742,-206.21883333333332,-357.7076451612903,-483.2732666666667,-594.4220322580645,5.3300769230769225,0.0,0.0,0.02209677419354839,0.19463333333333332,1.4783870967741934,2.9118333333333335,2.5998709677419356,21552963.192307692,0.0,17245632.0,18860708.774193548,22371131.233333334,24012874.419354837,24978797.233333334,25584165.70967742,21.432230769230767,0.0,12.159,12.371612903225806,17.849933333333336,21.597548387096776,21.2097,22.15822580645161,26.925653846153846,0.0,22.074,21.012225806451614,25.745,29.16309677419355,28.396633333333334,28.857225806451613,17.06069230769231,0.0,4.085,4.590677419354839,10.042333333333334,14.213290322580644,14.714633333333333,16.52616129032258,0.0,0.0,0.0,2.0,0.0,0.0,0.0,0.0,0.0,0.0,0.0,0.0,0.0,0.0,0.0,0.0,9.0,0.0,1.0,31.0,29.0,22.0,14.0,12.0,488.964,0.0,58.778999999999996,116.987,176.145,242.762,335.493,7.583,0.0,0.944,1.927,2.941,3.867,5.354,3.8015769230769227,0.0,2.079,1.9973870967741933,1.9730333333333334,2.264290322580645,3.1050666666666666,3.1103870967741933,4.4
ZA-A1-0007,10.142,1.543,2021,1514.768,0.0,0.0,82.871,298.151,605.728,901.305,1232.056,464.695,0.0,0.0,1.6869999999999998,12.528,94.551,231.433,347.979,-449.04338461538464,0.0,0.0,-62.209580645161296,-192.84160000000003,-297.5793548387097,-370.4772333333333,-406.2899354838709,4.489076923076923,0.0,0.0,0.054419354838709674,0.3613666666666667,2.6459032258064514,4.562733333333333,3.7595483870967743,22828855.653846152,0.0,0.0,18451253.83870968,21916483.6,22929062.0,23744724.166666668,24581722.225806452,20.873538461538462,0.0,0.0,12.442290322580645,17.176,19.92183870967742,19.852566666666668,20.669387096774194,26.86103846153846,0.0,0.0,20.725161290322582,24.93,27.10483870967742,26.5265,26.903580645161288,15.902961538461538,0.0,0.0,4.746967741935484,9.3297,13.098032258064515,13.983333333333333,15.410548387096773,0.0,0.0,0.0,1.0,0.0,0.0,0.0,0.0,0.0,0.0,0.0,0.0,0.0,0.0,0.0,0.0,7.0,0.0,0.0,31.0,26.0,21.0,11.0,11.0,582.701,0.0,57.056,116.42999999999999,181.811,269.827,400.039,8.355,0.0,0.975,2.025,3.23,4.382,6.493,4.666769230769231,0.0,0.0,3.114096774193549,3.1354666666666664,3.6473548387096772,4.321066666666667,4.356290322580644,6.4
ZA-A1-0008,11.381,1.507,2021,1366.429,0.0,0.0,72.009,254.387,513.2570000000001,779.174,1082.552,505.876,0.0,0.0,4.2,19.445,102.982,234.834,359.705,-363.8491379310345,0.0,0.0,-55.79742857142857,-169.73216666666667,-250.93441935483872,-314.1122666666667,-336.1813870967742,5.040379310344827,0.0,0.0,0.15,0.5081666666666667,2.6947419354838713,4.395066666666667,4.028096774193548,21804796.862068966,0.0,0.0,17882712.92857143,21021156.216666665,22189970.29032258,22591257.866666667,23646318.64516129,19.788862068965514,0.0,0.0,12.272071428571428,16.0416,18.323967741935483,18.8639,19.786387096774195,25.75255172413793,0.0,0.0,20.273535714285714,24.052866666666667,25.715129032258066,25.563966666666666,26.023806451612902,15.084793103448275,0.0,0.0,5.127428571428572,8.771633333333334,11.912548387096773,13.261066666666666,14.817064516129033,0.0,0.0,0.0,1.0,0.0,0.0,0.0,0.0,0.0,0.0,0.0,0.0,0.0,0.0,0.0,0.0,8.0,0.0,0.0,27.0,26.0,21.0,9.0,9.0,623.598,0.0,36.34,91.16,157.344,258.485,416.022,9.698,0.0,0.974,2.008,3.298,4.526,6.91,5.776827586206896,0.0,0.0,3.571142857142857,3.978833333333333,4.955258064516129,5.4311,5.5726129032258065,6.7
ZA-A1-0009,12.851,1.516,2021,2083.638,0.0,4.91,209.212,510.928,890.918,1290.122,1707.2549999999999,387.236,0.0,0.018,3.306,12.629,60.55,135.052,248.351,-571.658962962963,0.0,-3.2,-65.19335483870968,-192.13533333333334,-311.56670967741934,-440.5471666666666,-517.0079032258064,5.143888888888888,0.0,0.018,0.10606451612903225,0.3107666666666667,1.5458387096774193,2.4834,3.6548064516129033,21901462.37037037,0.0,17437102.0,17895134.903225806,21143278.166666668,22507380.35483871,23104896.333333332,21240697.322580647,23.94011111111111,0.0,14.91,16.590387096774194,20.0572,22.25774193548387,23.3068,23.455903225806452,29.867037037037036,0.0,22.764,24.21622580645161,27.285,29.058354838709676,30.082,29.369774193548388,19.185851851851854,0.0,8.15,9.444161290322581,13.210433333333333,15.86325806451613,17.360200000000003,18.77938709677419,0.0,0.0,0.0,0.0,0.0,0.0,0.0,0.0,0.0,0.0,0.0,0.0,0.0,3.0,2.0,0.0,10.0,0.0,1.0,30.0,26.0,23.0,14.0,12.0,618.925,0.0,73.794,148.72,235.174,343.634,471.83799999999997,8.961,0.0,1.118,2.2190000000000003,3.5660000000000003,4.828,6.877000000000001,4.220666666666666,0.0,2.079,2.119870967741935,2.365666666666667,3.3338387096774196,3.3921333333333332,3.948322580645161,6.8
ZA-A1-0001,12.089,1.492,2022,0.0,5.120000000000001,48.260000000000005,105.888,214.458,398.361,617.333,820.148,0.0,16.047,70.874,141.965,156.185,211.458,261.442,314.629,0.0,12.224499999999999,16.489483870967742,11.936548387096774,-20.908666666666665,-97.29806451612905,-191.5866,-253.63344,0.0,8.0235,1.7686129032258064,2.2932580645161287,0.47400000000000003,1.7830000000000001,1.6661333333333335,2.12748,0.0,6670551.5,10144892.274193548,13190226.193548387,16713204.333333334,22052438.48387097,24215438.6,22995390.72,0.0,12.56,10.795483870967743,11.599677419354839,13.619,15.932354838709678,17.299066666666665,18.1126,0.0,15.497499999999999,16.861,17.30309677419355,19.747733333333333,22.25796774193548,23.1252,23.3406,0.0,9.413499999999999,6.109064516129032,6.76858064516129,8.559733333333332,10.621354838709678,12.604533333333334,14.1944,0.0,0.0,0.0,0.0,0.0,0.0,0.0,0.0,0.0,0.0,0.0,0.0,0.0,0.0,0.0,0.0,0.0,0.0,22.0,19.0,25.0,18.0,22.0,14.0,0.0,217.05,447.621,667.932,844.8009999999999,977.683,1113.343,0.0,2.672,5.468,8.102,9.689,11.496,12.847,0.0,4.8785,4.254451612903226,4.2507419354838705,3.9374666666666664,3.8816774193548387,3.765066666666667,4.03268,9.5
ZA-A1-0002,12.173,1.457,2022,1035.883,0.0,2.5440000000000005,60.632999999999996,195.065,356.385,542.067,782.442,636.91,0.0,0.028999999999999998,43.976,109.725,204.049,318.73900000000003,516.351,-116.07196,0.0,-5.634,-35.762903225806454,-88.6786,-127.38212903225806,-173.2125,-161.62929032258063,4.82236,0.0,0.009666666666666665,1.4176451612903227,2.1916333333333333,3.0427096774193547,3.823,6.3745806451612905,23951498.88,0.0,14646714.0,15018677.693548387,17863638.05,22084761.64516129,22829660.3,22231360.80645161,20.137639999999998,0.0,10.779000000000002,10.975838709677419,14.2388,15.136064516129032,16.1894,17.754032258064516,26.29168,0.0,20.29133333333333,18.364709677419356,21.46036666666667,22.317129032258066,22.9801,24.169032258064515,15.204680000000002,0.0,3.4133333333333336,4.680225806451612,8.012666666666666,9.08858064516129,10.785066666666667,13.04174193548387,0.0,0.0,0.0,1.0,0.0,0.0,0.0,0.0,0.0,0.0,0.0,0.0,0.0,0.0,0.0,0.0,6.0,0.0,3.0,22.0,21.0,15.0,12.0,2.0,779.464,0.0,100.969,204.713,320.548,449.069,598.957,10.783,0.0,1.3969999999999998,2.9339999999999997,4.223,6.092,8.36,5.08216,0.0,4.232,4.364516129032259,4.439133333333333,4.62,4.795733333333334,4.962032258064516,6.8
ZA-A1-0003,11.357,1.479,2022,1561.618,0.0,6.023,99.375,363.548,659.06,1016.758,1392.763,311.613,0.0,0.04,29.914,35.356,84.224,125.611,266.309,-704.8165,0.0,-22.099133333333334,-83.57451612903226,-209.83183333333332,-381.6020645161291,-535.5684333333334,-640.4212258064516,3.7753333333333337,0.0,0.0026666666666666666,0.9636774193548386,0.1814,1.5763870967741935,1.3795666666666666,4.538645161290323,28477265.166666668,0.0,15198721.733333332,17011221.18548387,22221287.933333334,25415951.548387095,28511582.666666668,26670363.0,24.071250000000003,0.0,8.652800000000001,12.751548387096774,18.805766666666667,19.532645161290322,21.923266666666667,22.129193548387097,32.099916666666665,0.0,18.024533333333334,21.271709677419356,27.695933333333336,27.721516129032256,30.7212,30.288258064516132,17.012833333333333,0.0,1.3800666666666668,5.271,10.204,11.700096774193549,13.093866666666665,15.346516129032258,0.0,0.0,3.0,1.0,0.0,0.0,0.0,0.0,0.0,0.0,0.0,0.0,0.0,1.0,2.0,1.0,3.0,0.0,15.0,28.0,29.0,23.0,24.0,9.0,875.182,34.834,166.235,330.843,499.437,645.8240000000001,773.915,9.521,0.597,2.054,3.79,5.09,6.7780000000000005,8.541,2.5930833333333334,0.0,2.2397333333333336,2.376225806451613,1.8079666666666665,2.104741935483871,2.1138666666666666,2.8087096774193547,12.0
ZA-A1-0004,10.879,1.535,2022,1315.987,0.0,0.0,67.719,277.329,496.367,782.298,1058.888,571.375,0.0,0.0,31.644000000000002,56.915,141.972,223.682,445.629,-353.28148,0.0,0.0,-39.92774193548387,-145.29316666666668,-253.13783870967742,-368.4926666666667,-369.32858064516125,5.02984,0.0,0.0,1.0207741935483872,0.8423666666666667,2.7437741935483873,2.7236666666666665,7.159580645161291,25547512.6,0.0,0.0,16902536.0,21539254.233333334,24181802.80645161,26596947.8,24470860.419354837,20.28396,0.0,0.0,11.725354838709677,16.987000000000002,17.06574193548387,19.531033333333333,18.92225806451613,26.7614,0.0,0.0,19.651870967741935,25.319599999999998,24.924935483870968,27.832333333333334,26.047193548387096,15.07508,0.0,0.0,4.686322580645162,9.049533333333333,10.048387096774194,11.9601,13.776032258064516,0.0,0.0,0.0,1.0,0.0,0.0,0.0,0.0,0.0,0.0,0.0,0.0,0.0,0.0,0.0,0.0,8.0,0.0,0.0,24.0,23.0,21.0,19.0,3.0,503.517,0.0,56.528999999999996,111.307,172.776,247.748,352.02,7.87,0.0,0.932,1.895,2.701,3.942,5.66,4.94464,0.0,0.0,3.8570645161290322,3.3425333333333334,4.099677419354839,4.033399999999999,4.906870967741935,4.6
ZA-A1-0005,11.833,1.422,2022,1253.739,0.0,0.0,93.66,264.858,452.173,690.462,963.567,712.721,0.0,0.0,43.883,121.324,206.53900000000002,307.759,534.85,-65.89920689655172,0.0,0.0,-28.609733333333335,-66.61113333333334,-106.58103225806451,-163.08773333333332,-142.71029032258062,6.13348275862069,0.0,0.0,1.4627666666666668,2.581366666666667,2.7488709677419356,3.374,7.325516129032258,23211619.24137931,0.0,0.0,14999613.683333334,17949864.508333333,20023741.80645161,21792470.266666666,21435290.596774194,20.00593103448276,0.0,0.0,12.538566666666666,15.6485,16.034193548387098,17.942966666666667,18.809838709677418,26.197275862068967,0.0,0.0,19.940166666666666,22.923333333333336,23.020709677419354,25.19783333333333,25.288774193548388,15.351379310344827,0.0,0.0,6.3707666666666665,9.3329,10.279677419354838,12.4107,14.250451612903227,0.0,0.0,0.0,1.0,0.0,0.0,0.0,0.0,0.0,0.0,0.0,0.0,0.0,0.0,0.0,0.0,7.0,0.0,0.0,22.0,19.0,12.0,9.0,0.0,775.792,0.0,64.368,165.905,282.863,412.55899999999997,571.327,11.886,0.0,1.426,3.044,4.487,6.526,9.045,6.0296551724137935,0.0,0.0,5.0495,5.276133333333333,5.364354838709677,5.3369,5.710774193548387,6.2
ZA-A1-0006,11.462,1.491,2022,1583.472,0.0,1.0,122.856,384.841,649.326,992.227,1302.417,416.078,0.0,0.0,10.531,20.466,77.204,125.767,315.093,-590.3994615384615,0.0,-2.987,-61.88022580645161,-205.61283333333333,-357.18951612903226,-515.6323666666666,-570.2294516129033,3.8840384615384616,0.0,0.0,0.33970967741935487,0.33116666666666666,1.830258064516129,1.6187666666666667,6.107290322580645,25594708.03846154,0.0,17021956.0,17760552.16129032,22505514.8,25453246.387096774,27103366.4,24888284.096774194,20.80980769230769,0.0,11.0,13.765774193548387,18.732833333333335,18.531774193548387,21.43003333333333,20.006129032258062,26.84853846153846,0.0,20.557,21.620741935483874,26.57336666666667,26.227129032258063,29.567700000000002,26.792548387096772,15.89023076923077,0.0,3.626,6.823258064516129,11.145166666666666,11.586677419354839,13.607033333333334,14.866741935483871,0.0,0.0,0.0,1.0,0.0,0.0,0.0,0.0,0.0,0.0,0.0,0.0,0.0,0.0,0.0,0.0,9.0,0.0,1.0,27.0,26.0,21.0,20.0,5.0,448.223,0.0,55.867000000000004,110.245,167.893,231.076,314.075,7.23,0.0,0.93,1.877,2.637,3.744,5.239,3.6992307692307693,0.0,2.721,2.7161935483870967,2.1631333333333336,2.790451612903226,2.7475,3.859,4.55
ZA-A1-0007,10.142,1.543,2022,1399.039,0.0,0.0,109.068,346.95300000000003,580.7620000000001,877.008,1150.874,530.922,0.0,0.0,5.653,16.655,92.485,181.442,421.625,-385.56392307692306,0.0,0.0,-59.136967741935486,-193.7994,-305.1575161290323,-427.14186666666666,-408.6282258064516,4.203730769230769,0.0,0.0,0.18235483870967742,0.36673333333333336,2.4461290322580647,2.965233333333333,7.747838709677419,25004026.923076924,0.0,0.0,17857860.096774194,22123223.466666665,23698022.0,25440670.6,23771113.774193548,19.544807692307693,0.0,0.0,13.375677419354838,17.9295,17.54222580645161,19.874866666666666,18.834387096774194,25.57473076923077,0.0,0.0,21.10332258064516,25.791066666666666,24.884645161290322,27.246199999999998,25.17806451612903,14.683923076923076,0.0,0.0,6.37058064516129,10.203100000000001,10.943354838709679,13.395999999999999,13.920612903225805,0.0,0.0,0.0,1.0,0.0,0.0,0.0,0.0,0.0,0.0,0.0,0.0,0.0,0.0,0.0,0.0,8.0,0.0,0.0,30.0,26.0,20.0,14.0,5.0,566.245,0.0,54.345,108.786,174.792,264.779,390.98,9.173,0.0,0.963,1.944,2.848,4.441,6.585,4.900384615384615,0.0,0.0,3.653161290322581,3.319733333333333,3.8673225806451614,3.9032,4.88958064516129,6.4
ZA-A1-0008,11.381,1.507,2022,1229.587,0.0,0.0,89.803,283.249,476.188,731.232,980.178,617.882,0.0,0.0,7.7509999999999994,35.862,115.735,224.21,485.521,-223.54468965517242,0.0,0.0,-49.117571428571424,-157.03036666666668,-239.63338709677421,-324.54569999999995,-281.72432258064515,4.564172413793103,0.0,0.0,0.27682142857142855,0.9370333333333334,2.5765483870967745,3.6158333333333332,8.429387096774192,23378100.137931034,0.0,0.0,17332097.42857143,21279668.1,22090512.419354837,24260426.966666665,22285124.35483871,18.600310344827587,0.0,0.0,12.880678571428572,16.4482,16.22383870967742,18.501466666666666,18.030516129032257,24.528310344827588,0.0,0.0,20.560285714285715,24.646366666666665,23.450096774193547,25.746266666666667,24.243612903225806,14.129413793103447,0.0,0.0,6.079892857142857,9.121833333333335,10.101451612903226,12.635366666666666,13.527903225806451,0.0,0.0,0.0,1.0,0.0,0.0,0.0,0.0,0.0,0.0,0.0,0.0,0.0,0.0,0.0,0.0,10.0,0.0,0.0,25.0,24.0,17.0,11.0,2.0,594.037,0.0,36.751000000000005,91.186,157.89600000000002,257.238,402.359,9.689,0.0,0.988,1.983,2.918,4.629,6.982,5.913413793103448,0.0,0.0,4.426642857142857,4.1212333333333335,5.00058064516129,5.137566666666667,5.993193548387096,6.5
ZA-A1-0009,12.851,1.516,2022,2001.381,0.0,3.394,220.601,533.7280000000001,873.571,1276.941,1657.771,348.623,0.0,0.019,4.509,8.321,42.007,115.878,278.433,-567.5546296296296,0.0,-3.15,-62.81606451612903,-201.18813333333335,-341.70412903225804,-485.66246666666666,-515.4203870967742,2.5996296296296295,0.0,0.019,0.14483870967741935,0.1270666666666667,1.0866451612903225,2.4623666666666666,5.243709677419355,23828328.777777776,0.0,17493008.0,17881379.51612903,21719517.366666667,21913141.967741936,24162399.933333334,22026575.322580647,22.726296296296297,0.0,13.394,17.006677419354837,20.437566666666665,20.962677419354836,23.445666666666668,22.28483870967742,28.72248148148148,0.0,21.887,24.533096774193545,28.11113333333333,28.051032258064517,30.497333333333334,28.53793548387097,17.997888888888887,0.0,6.568,9.974677419354839,12.939466666666668,14.573483870967742,17.48456666666667,17.651225806451613,0.0,0.0,0.0,0.0,0.0,0.0,0.0,0.0,0.0,0.0,0.0,0.0,0.0,2.0,4.0,0.0,10.0,0.0,1.0,30.0,30.0,21.0,17.0,7.0,613.16,0.0,80.775,158.715,234.669,324.85,454.132,9.062,0.0,1.1589999999999998,2.293,3.186,4.578,6.712,4.142296296296296,0.0,3.215,3.0846774193548385,2.6015333333333337,3.113903225806452,3.3822666666666668,4.44341935483871,6.6
