adm_id,awc,bulk_density,year,max_cum_gdd1,max_cum_gdd2,max_cum_gdd3,max_cum_gdd4,max_cum_gdd5,max_cum_gdd6,max_cum_gdd7,max_cum_gdd8,max_cum_gdd9,max_cum_prec1,max_cum_prec2,max_cum_prec3,max_cum_prec4,max_cum_prec5,max_cum_prec6,max_cum_prec7,max_cum_prec8,max_cum_prec9,mean_cum_cwb1,mean_cum_cwb2,mean_cum_cwb3,mean_cum_cwb4,mean_cum_cwb5,mean_cum_cwb6,mean_cum_cwb7,mean_cum_cwb8,mean_cum_cwb9,mean_prec1,mean_prec2,mean_prec3,mean_prec4,mean_prec5,mean_prec6,mean_prec7,mean_prec8,mean_prec9,mean_rad1,mean_rad2,mean_rad3,mean_rad4,mean_rad5,mean_rad6,mean_rad7,mean_rad8,mean_rad9,mean_tavg1,mean_tavg2,mean_tavg3,mean_tavg4,mean_tavg5,mean_tavg6,mean_tavg7,mean_tavg8,mean_tavg9,mean_tmax1,mean_tmax2,mean_tmax3,mean_tmax4,mean_tmax5,mean_tmax6,mean_tmax7,mean_tmax8,mean_tmax9,mean_tmin1,mean_tmin2,mean_tmin3,mean_tmin4,mean_tmin5,mean_tmin6,mean_tmin7,mean_tmin8,mean_tmin9,tmin<0p1,tmin<0p2,tmin<0p3,tmin<0p4,tmin<0p5,tmin<0p6,tmin<0p7,tmin<0p8,tmin<0p9,tmax>35p1,tmax>35p2,tmax>35p3,tmax>35p4,tmax>35p5,tmax>35p6,tmax>35p7,tmax>35p8,tmax>35p9,prec<1p1,prec<1p2,prec<1p3,prec<1p4,prec<1p5,prec<1p6,prec<1p7,prec<1p8,prec<1p9,max_cum_fpar2,max_cum_fpar3,max_cum_fpar4,max_cum_fpar5,max_cum_fpar6,max_cum_fpar7,max_cum_fpar8,max_cum_fpar9,max_cum_ndvi2,max_cum_ndvi3,max_cum_ndvi4,max_cum_ndvi5,max_cum_ndvi6,max_cum_ndvi7,max_cum_ndvi8,max_cum_ndvi9,mean_ssm1,mean_ssm2,mean_ssm3,mean_ssm4,mean_ssm5,mean_ssm6,mean_ssm7,mean_ssm8,mean_ssm9,yield
MX01,13.644,1.583,2014,0.0,86.303,315.75100000000003,620.339,943.549,1260.945,1544.655,1725.365,0.0,0.0,0.11,7.965,11.652,97.70400000000001,225.644,344.238,408.553,0.0,0.0,-31.387923076923077,-145.90174193548387,-323.3432666666667,-482.9208387096774,-551.9857666666667,-539.3639677419354,-599.5486842105263,0.0,0.0,0.008461538461538461,0.2533870967741935,0.1229,2.7758709677419358,4.264666666666667,3.825612903225806,3.385,0.0,0.0,22594532.0,25182299.29032258,26989540.266666666,25403429.419354837,24124182.366666667,24753661.80645161,24695417.684210528,0.0,0.0,16.638692307692306,17.401548387096774,20.152933333333333,20.426129032258064,20.579866666666664,19.151935483870968,19.511052631578945,0.0,0.0,24.960076923076922,25.576096774193548,28.0827,27.629258064516126,27.1203,25.569612903225806,26.27347368421053,0.0,0.0,8.30146153846154,9.368451612903227,11.709266666666668,13.564741935483871,15.006400000000001,14.110483870967743,14.070736842105262,0.0,0.0,0.0,0.0,0.0,0.0,0.0,0.0,0.0,0.0,0.0,0.0,0.0,0.0,0.0,0.0,0.0,0.0,0.0,0.0,13.0,29.0,29.0,21.0,15.0,15.0,9.0,0.0,28.258,109.11,180.206,251.995,355.187,503.8,613.365,0.0,0.61,1.789,2.602,3.729,5.334,7.461,8.562000000000001,0.0,0.0,4.107384615384616,3.8201612903225803,3.369866666666667,3.7013548387096775,4.433833333333334,4.9636774193548385,4.453947368421052,0.0,4.083
MX03,11.358,1.473,2014,0.0,0.0,272.672,600.561,1024.759,1515.411,2101.591,2613.93,0.0,0.0,0.0,0.083,0.094,0.381,2.037,39.125,78.356,0.0,0.0,0.0,-72.11140740740741,-240.28126666666668,-440.28477419354834,-662.0504333333333,-844.9303225806451,-1024.579153846154,0.0,0.0,0.0,0.003074074074074074,0.00036666666666666667,0.009258064516129033,0.055200000000000006,1.1963870967741936,1.5088846153846154,0.0,0.0,0.0,23701538.444444444,27036196.066666666,28809214.129032258,28381183.933333334,25762411.48387097,23732534.46153846,0.0,0.0,0.0,20.098962962962965,20.929633333333335,23.683806451612902,26.35506666666667,28.909032258064514,29.705346153846158,0.0,0.0,0.0,28.001074074074072,29.191633333333336,32.131419354838705,34.223499999999994,35.43545161290323,36.04842307692308,0.0,0.0,0.0,14.052222222222222,14.265266666666667,17.015548387096775,20.829133333333335,24.45222580645161,25.404807692307692,0.0,0.0,0.0,0.0,0.0,0.0,0.0,0.0,0.0,0.0,0.0,0.0,0.0,1.0,6.0,9.0,17.0,21.0,0.0,0.0,0.0,27.0,30.0,31.0,30.0,24.0,12.0,0.0,0.0,57.699,131.757,197.923,263.384,336.868,423.835,0.0,0.0,1.0310000000000001,1.713,2.541,3.319,4.323,5.191,0.0,0.0,0.0,2.2656296296296294,1.8425666666666667,1.553193548387097,1.5047333333333335,2.9464838709677417,2.9719615384615383,0.0,6.832
MX04,14.258,1.413,2014,0.0,34.021,582.88,1151.807,1697.722,2233.656,2820.267,3387.563,3555.416,0.0,0.47000000000000003,11.604000000000001,39.352000000000004,154.463,275.388,328.185,410.164,481.866,0.0,-6.656499999999999,-96.21241935483872,-289.51146666666665,-400.6509032258065,-400.0855,-541.5823548387096,-660.569806451613,-678.1542999999999,0.0,0.23500000000000001,0.35916129032258065,0.9249333333333333,3.7132580645161286,4.030833333333333,1.7031290322580646,2.644483870967742,7.1701999999999995,0.0,17667153.0,20999078.580645163,23091209.6,21004819.225806452,19959436.85,22939765.80645161,22378610.16129032,18697877.85,0.0,27.0105,27.705129032258064,28.964233333333333,27.61016129032258,27.864466666666665,28.92293548387097,28.299870967741935,26.7853,0.0,33.2975,35.394,36.296033333333334,33.59106451612904,33.302366666666664,35.49770967741936,34.91577419354839,32.2568,0.0,21.947,21.479935483870968,22.8247,23.37493548387097,24.21783333333333,24.020548387096774,23.709258064516128,23.378300000000003,0.0,0.0,0.0,0.0,0.0,0.0,0.0,0.0,0.0,0.0,0.0,22.0,23.0,7.0,7.0,20.0,14.0,0.0,0.0,2.0,29.0,25.0,16.0,14.0,17.0,11.0,3.0,0.0,187.808,346.855,512.449,700.508,899.228,1116.164,1193.798,0.0,2.596,4.289,7.024,10.091,13.051,16.214,17.049,0.0,5.518000000000001,5.136967741935484,4.4562,5.623806451612903,5.795933333333333,4.962677419354838,5.4065161290322585,6.292199999999999,2.745
MX05,12.134,1.45,2014,0.0,124.911,351.407,705.173,1117.576,1596.183,2084.981,2335.576,0.0,0.0,4.266,28.058,36.457,77.726,153.987,202.945,238.737,0.0,0.0,-38.44858823529412,-135.88125806451615,-302.8263666666666,-489.208935483871,-651.6579,-776.1265161290323,-890.8831875,0.0,0.0,0.2509411764705882,0.767483870967742,0.27996666666666664,1.331258064516129,2.5420333333333334,1.5792903225806452,2.237,0.0,0.0,19908340.88235294,21905290.903225806,25685886.933333334,25944481.903225806,25109803.5,24957970.258064516,23731185.625,0.0,0.0,17.34770588235294,17.306322580645162,21.792199999999998,23.303322580645162,25.953566666666667,25.76767741935484,25.662187499999998,0.0,0.0,25.503999999999998,24.611354838709676,29.136733333333332,30.424354838709675,32.34883333333333,31.607838709677416,31.5125,0.0,0.0,9.849529411764706,10.465774193548388,14.377966666666667,16.226064516129032,20.003833333333333,20.242548387096775,20.30975,0.0,0.0,0.0,0.0,0.0,0.0,0.0,0.0,0.0,0.0,0.0,0.0,0.0,0.0,0.0,2.0,0.0,0.0,0.0,0.0,16.0,25.0,28.0,21.0,21.0,19.0,3.0,0.0,31.451,124.712,210.829,299.154,404.916,521.807,600.149,0.0,0.586,1.786,2.691,3.907,5.379,6.967,7.723,0.0,0.0,3.0808235294117647,3.140677419354839,2.3310000000000004,2.725774193548387,3.1001333333333334,3.1390645161290327,3.11975,0.0,1.88
MX06,13.658,1.435,2014,0.0,156.827,574.403,1015.842,1484.264,1919.018,2366.263,2574.098,0.0,0.0,0.316,1.627,15.107,128.981,562.301,798.582,936.609,0.0,0.0,-30.07575,-140.4067419354839,-309.07783333333333,-433.76367741935485,-300.74983333333336,-36.10048387096773,16.253733333333344,0.0,0.0,0.026333333333333334,0.04229032258064516,0.44933333333333336,3.673354838709677,14.443999999999999,7.621967741935484,9.2018,0.0,0.0,22176551.666666668,24961597.225806452,25571137.866666667,22192475.677419353,19019057.766666666,21729462.741935484,21792675.466666665,0.0,0.0,23.068916666666667,23.470193548387098,24.71463333333333,25.110387096774193,24.4918,24.427258064516128,23.855666666666664,0.0,0.0,31.256416666666667,31.670774193548386,32.30416666666667,31.315483870967743,30.109133333333332,30.20174193548387,29.596466666666668,0.0,0.0,17.531833333333335,17.401709677419355,18.8229,20.428516129032257,21.002466666666667,20.738225806451613,20.3904,0.0,0.0,0.0,0.0,0.0,0.0,0.0,0.0,0.0,0.0,0.0,0.0,0.0,0.0,0.0,0.0,0.0,0.0,0.0,0.0,12.0,31.0,25.0,12.0,0.0,0.0,1.0,0.0,42.493,155.917,253.06,361.01099999999997,526.428,730.343,867.991,0.0,0.989,2.696,3.833,5.52,8.266,11.313,12.809000000000001,0.0,0.0,5.335833333333333,4.913741935483871,4.6191,5.1494193548387095,6.613666666666666,7.124774193548387,7.347666666666667,0.0,3.436
MX07,13.185,1.464,2014,0.0,220.472,706.533,1194.059,1659.921,2095.772,2562.308,2637.16,0.0,0.0,4.261,18.884999999999998,50.564,276.827,587.161,676.282,688.853,0.0,0.0,-37.489000000000004,-142.31235483870967,-297.8693,-324.5178064516129,-129.59060000000002,-111.61754838709678,-161.5078,0.0,0.0,0.2840666666666667,0.471741935483871,1.0559666666666667,7.298806451612903,10.344466666666667,2.8748709677419355,2.5141999999999998,0.0,0.0,21056519.2,23148052.83870968,23935921.2,19824325.93548387,19616862.633333333,22615453.677419353,23221147.2,0.0,0.0,24.69813333333333,25.679387096774196,26.250866666666663,25.027806451612904,24.528366666666667,25.049548387096774,24.9704,0.0,0.0,31.7548,32.729290322580646,32.93343333333333,30.372645161290322,29.1861,30.045774193548386,30.385399999999997,0.0,0.0,19.109466666666666,19.92916129032258,20.938433333333332,21.478612903225805,21.4165,21.160709677419355,20.7786,0.0,0.0,0.0,0.0,0.0,0.0,0.0,0.0,0.0,0.0,0.0,0.0,1.0,0.0,0.0,0.0,0.0,0.0,0.0,0.0,13.0,27.0,19.0,0.0,0.0,9.0,0.0,0.0,42.716,168.594,289.034,417.526,577.752,757.455,818.9639999999999,0.0,0.979,2.868,4.256,6.504,9.317,12.094999999999999,12.794,0.0,0.0,5.825733333333333,5.305870967741935,4.852166666666666,5.965387096774193,6.9315,6.440612903225806,6.0152,0.0,2.142
MX08,12.3,1.457,2014,0.0,50.525999999999996,132.277,297.399,569.807,993.6089999999999,1351.487,1471.703,0.0,0.0,0.732,12.225,14.139,17.323999999999998,37.561,112.781,220.333,0.0,0.0,-39.04210526315789,-137.68470967741936,-303.96853333333337,-503.4890322580645,-705.9047666666667,-845.402935483871,-854.3177692307692,0.0,0.0,0.038526315789473686,0.37074193548387097,0.0638,0.10274193548387096,0.6745666666666666,2.4264516129032256,8.273230769230768,0.0,0.0,19783547.57894737,22520133.032258064,26668764.633333333,29097038.0,27312749.733333334,24283780.774193548,20593701.076923076,0.0,0.0,12.647368421052633,12.306193548387098,15.504066666666667,18.78735483870968,24.126733333333334,21.544451612903227,19.247384615384615,0.0,0.0,21.283052631578947,19.84409677419355,23.314433333333334,26.703064516129032,31.503766666666667,28.10658064516129,24.609153846153845,0.0,0.0,4.463052631578948,5.187838709677419,7.6688,10.093322580645161,15.851166666666668,15.633580645161292,15.241923076923078,0.0,0.0,0.0,1.0,0.0,0.0,0.0,0.0,0.0,0.0,0.0,0.0,0.0,0.0,0.0,0.0,0.0,0.0,0.0,0.0,19.0,28.0,29.0,30.0,20.0,9.0,0.0,0.0,32.64,83.28200000000001,136.624,196.87800000000001,291.571,441.146,566.826,0.0,0.65,1.552,2.255,3.205,4.519,6.425,7.602,0.0,0.0,2.8552631578947367,2.9182580645161287,2.331166666666667,1.9837096774193548,2.1925666666666666,3.0815806451612904,4.400230769230769,0.0,3.439
MX09,14.612,1.478,2014,0.0,6.308,229.501,474.618,710.934,922.997,1122.357,1326.019,1352.121,0.0,0.055,16.039,44.598,157.29,469.109,669.788,884.6370000000001,916.944,0.0,-4.641,-74.90290322580644,-210.01903333333334,-312.9534516129032,-227.15053333333336,-52.53703225806452,-4.6579677419354875,58.38074999999999,0.0,0.055,0.5156129032258064,0.9519666666666667,3.635225806451613,10.393966666666667,6.473516129032258,6.930612903225806,8.07675,0.0,23737344.0,24122498.322580647,24090925.533333335,22680322.612903226,20897875.4,22385470.548387095,22357733.93548387,17915321.25,0.0,16.308,17.199774193548386,18.170566666666666,17.62309677419355,17.068766666666665,16.430967741935483,16.569741935483872,16.5255,0.0,24.95,24.966032258064516,25.560833333333335,24.319870967741938,22.357033333333334,22.144645161290324,22.251161290322578,20.80375,0.0,7.751,9.464806451612903,10.837133333333332,11.647870967741936,12.823233333333333,12.048806451612903,12.119225806451613,13.51525,0.0,0.0,0.0,0.0,0.0,0.0,0.0,0.0,0.0,0.0,0.0,0.0,0.0,0.0,0.0,0.0,0.0,0.0,0.0,1.0,25.0,19.0,13.0,5.0,1.0,6.0,0.0,0.0,58.761,119.298,191.534,307.75,465.955,627.902,678.824,0.0,1.174,2.146,3.552,5.2219999999999995,7.518,9.415,0.0,0.0,6.788,6.463451612903225,6.059366666666667,6.264709677419355,7.1615,8.231548387096774,8.285451612903225,8.343250000000001,1.957
MX10,14.562,1.551,2014,0.0,78.014,256.39799999999997,509.673,822.432,1195.4,1505.241,1658.315,0.0,0.0,0.07200000000000001,5.819,7.182,17.441,88.681,214.462,292.921,0.0,0.0,-33.45814285714285,-142.38187096774192,-324.31356666666665,-512.5768387096774,-673.0432666666667,-707.589870967742,-736.686125,0.0,0.0,0.0051428571428571435,0.18538709677419354,0.04543333333333333,0.3309354838709678,2.3746666666666667,4.057451612903226,4.9036875,0.0,0.0,21897712.285714287,24396540.903225806,27287854.6,26476187.16129032,25192994.066666666,23646743.16129032,22665692.125,0.0,0.0,15.572428571428572,15.747290322580644,18.4425,20.089000000000002,22.432266666666667,19.994870967741935,19.567125,0.0,0.0,24.355999999999998,24.484161290322582,26.858666666666668,27.89835483870968,29.25336666666667,26.208838709677416,25.747125,0.0,0.0,7.1997857142857145,7.964483870967742,10.406866666666668,12.51958064516129,15.771833333333332,14.717225806451612,14.8069375,0.0,0.0,0.0,0.0,0.0,0.0,0.0,0.0,0.0,0.0,0.0,0.0,0.0,0.0,0.0,0.0,0.0,0.0,0.0,0.0,14.0,29.0,30.0,29.0,21.0,10.0,1.0,0.0,19.379,80.107,142.764,206.16,283.52,401.827,505.095,0.0,0.521,1.584,2.395,3.4560000000000004,4.627000000000001,6.335,7.41,0.0,0.0,3.3097857142857143,3.181193548387097,2.7763666666666666,2.6684516129032256,3.2010666666666667,3.9443225806451614,4.1651875,0.0,3.567
MX11,14.064,1.574,2014,0.0,84.572,370.928,700.774,1019.937,1328.543,1605.973,1839.47,0.0,0.0,0.22499999999999998,6.468,26.400000000000002,132.671,313.91,448.18,561.325,0.0,0.0,-24.5092,-127.31554838709678,-293.6576333333333,-417.53170967741937,-444.1215,-371.0313870967742,-401.8191923076923,0.0,0.0,0.0225,0.20138709677419356,0.6644000000000001,3.4280967741935484,6.041300000000001,4.331290322580646,4.351730769230769,0.0,0.0,22305121.4,24741782.451612905,26039023.4,23513090.451612905,22353315.966666665,23338048.83870968,23411008.46153846,0.0,0.0,18.4572,19.237290322580645,20.994866666666667,20.29558064516129,20.286866666666665,18.949354838709677,18.980653846153846,0.0,0.0,26.9167,27.892322580645164,29.457666666666668,27.896225806451614,27.0978,25.61858064516129,25.69073076923077,0.0,0.0,10.3171,10.787903225806453,12.730933333333333,13.89667741935484,15.099066666666666,14.28358064516129,14.093461538461538,0.0,0.0,0.0,0.0,0.0,0.0,0.0,0.0,0.0,0.0,0.0,0.0,0.0,0.0,0.0,0.0,0.0,0.0,0.0,0.0,10.0,29.0,23.0,17.0,11.0,6.0,4.0,0.0,39.491,159.339,255.867,339.919,466.619,654.091,864.76,0.0,0.409,2.0,3.01,4.332,6.446,9.158,11.25,0.0,0.0,5.6845,5.200096774193549,4.557,4.771516129032258,5.4653,6.295741935483871,6.468038461538462,0.0,4.792
MX12,13.381,1.455,2014,0.0,139.846,654.455,1187.759,1691.956,2137.131,2608.35,2954.76,0.0,0.0,0.20599999999999996,3.406,16.286,141.367,391.416,516.192,666.636,0.0,0.0,-24.60311111111111,-129.4310322580645,-302.4950666666667,-433.2123548387097,-375.20633333333336,-287.04054838709675,-307.26004166666667,0.0,0.0,0.022888888888888886,0.1032258064516129,0.42933333333333334,4.034870967741935,8.334966666666666,4.025032258064517,6.2684999999999995,0.0,0.0,22772276.666666668,24142966.129032258,25671074.866666667,22278786.774193548,20464358.8,23474169.19354839,22225312.25,0.0,0.0,25.538444444444444,26.600290322580648,27.776799999999998,26.26441935483871,24.839166666666664,25.200612903225807,24.43375,0.0,0.0,33.272999999999996,34.163870967741936,35.28556666666667,32.64709677419355,29.91946666666667,30.474129032258062,29.346500000000002,0.0,0.0,18.59488888888889,19.528645161290324,20.690266666666666,21.00125806451613,20.9176,20.878258064516128,20.598916666666668,0.0,0.0,0.0,0.0,0.0,0.0,0.0,0.0,0.0,0.0,0.0,0.0,6.0,19.0,0.0,0.0,0.0,0.0,0.0,0.0,9.0,31.0,27.0,9.0,0.0,6.0,0.0,0.0,32.12,121.878,204.865,308.18,469.472,664.066,878.361,0.0,0.354,1.693,2.678,4.302,7.029,9.915,12.197,0.0,0.0,5.370444444444445,4.96641935483871,4.503866666666666,5.209677419354839,6.8737,7.241032258064516,7.112333333333333,0.0,1.858
MX13,14.796,1.464,2014,0.0,24.961,220.612,454.215,660.401,874.873,1071.432,1271.897,1298.29,0.0,2.397,34.116,69.356,159.648,361.55,485.057,589.034,619.479,0.0,-8.99625,-74.97770967741936,-203.61433333333335,-283.7985161290323,-308.54929999999996,-210.37770967741935,-252.31825806451613,-262.42975,0.0,0.59925,1.0231935483870969,1.1746666666666667,2.912645161290323,6.730066666666667,3.9840967741935485,3.3540967741935486,7.61125,0.0,21834150.0,23454747.16129032,25254630.2,23474825.741935484,20835569.933333334,22927204.967741936,23047659.35483871,17616047.75,0.0,16.24025,16.31132258064516,17.786766666666665,16.65116129032258,17.149066666666666,16.340612903225807,16.466612903225805,16.59825,0.0,24.42575,24.67841935483871,25.9393,23.774903225806455,22.951266666666665,22.274677419354838,22.698,21.94525,0.0,9.42775,9.233,10.596599999999999,11.114612903225806,12.946366666666668,12.00183870967742,11.838709677419354,12.78275,0.0,0.0,0.0,0.0,0.0,0.0,0.0,0.0,0.0,0.0,0.0,0.0,0.0,0.0,0.0,0.0,0.0,0.0,0.0,3.0,23.0,20.0,13.0,9.0,8.0,8.0,0.0,0.0,94.789,186.488,290.64300000000003,430.541,603.2379999999999,779.045,834.218,0.361,1.773,2.826,4.474,6.664,9.175,11.649000000000001,0.0,0.0,4.7145,4.5897741935483864,4.317966666666666,4.672193548387097,5.079400000000001,5.5683870967741935,5.242999999999999,5.385,3.153
MX14,14.163,1.49,2014,0.0,99.927,383.534,723.754,1076.409,1407.304,1713.348,1915.834,0.0,0.0,0.068,3.282,9.76,84.711,290.11899999999997,462.408,578.577,0.0,0.0,-28.593666666666664,-136.52525806451615,-310.1374333333333,-457.6238064516129,-475.5075,-387.66306451612905,-381.2187619047619,0.0,0.0,0.005666666666666667,0.1036774193548387,0.21593333333333334,2.417774193548387,6.846933333333333,5.557709677419354,5.531857142857143,0.0,0.0,22510850.333333332,25241869.741935484,26597908.466666665,23573987.967741936,21689123.0,23137065.35483871,22981877.14285714,0.0,0.0,18.32725,19.148612903225807,21.340666666666667,21.375967741935483,21.029833333333332,19.872387096774194,19.642190476190475,0.0,0.0,26.626083333333337,27.54532258064516,29.49573333333333,28.689096774193548,27.57763333333333,26.342064516129035,25.997666666666667,0.0,0.0,10.650166666666665,11.253096774193548,13.271766666666668,15.086322580645161,16.2167,15.403064516129032,15.235428571428573,0.0,0.0,0.0,0.0,0.0,0.0,0.0,0.0,0.0,0.0,0.0,0.0,0.0,0.0,0.0,0.0,0.0,0.0,0.0,0.0,12.0,31.0,28.0,16.0,5.0,2.0,0.0,0.0,33.652,128.484,210.234,295.0,426.05,614.7570000000001,830.362,0.0,0.754,2.143,3.072,4.365,6.4879999999999995,9.26,11.453,0.0,0.0,4.699666666666666,4.245258064516129,3.6961333333333335,4.043516129032258,4.9989,5.675774193548388,5.710142857142857,0.0,7.296
MX15,15.248,1.372,2014,0.0,20.345,183.857,371.762,545.395,709.713,855.8199999999999,998.635,0.0,0.0,0.56,20.454,77.132,241.158,531.309,758.096,991.42,0.0,0.0,-10.26475,-84.04935483870969,-202.30943333333335,-260.8194193548387,-150.76546666666667,42.83500000000001,128.22661290322583,0.0,0.0,0.14,0.641741935483871,1.8892666666666666,5.291161290322581,9.6717,7.315709677419355,7.526580645161291,0.0,0.0,23125129.0,24632026.64516129,25112736.8,22694432.903225806,20453426.3,22175691.48387097,21881428.64516129,0.0,0.0,15.08625,15.27458064516129,16.2635,15.601064516129032,15.477266666666667,14.713129032258063,14.606935483870968,0.0,0.0,22.97275,23.143032258064515,23.737466666666666,22.10474193548387,20.833733333333335,20.44022580645161,20.269483870967743,0.0,0.0,7.7245,7.7990645161290315,9.156466666666667,9.974387096774194,11.161200000000001,10.433,10.209451612903226,0.0,0.0,0.0,0.0,0.0,0.0,0.0,0.0,0.0,0.0,0.0,0.0,0.0,0.0,0.0,0.0,0.0,0.0,0.0,0.0,4.0,25.0,16.0,9.0,1.0,1.0,1.0,0.0,0.0,68.646,137.528,224.278,359.24899999999997,538.722,731.125,0.0,0.303,1.492,2.401,3.9699999999999998,6.281,8.928,11.639,0.0,0.0,5.7692499999999995,5.427516129032258,5.041066666666667,5.3104516129032255,6.1569666666666665,6.972354838709678,7.142548387096775,0.0,2.218
MX16,14.622,1.507,2014,0.0,93.166,381.36,714.463,1034.713,1330.629,1606.426,1819.766,0.0,0.0,0.427,5.711,24.301000000000002,149.837,380.373,595.021,769.442,0.0,0.0,-25.87409090909091,-127.7783870967742,-287.1844333333333,-397.05458064516125,-364.2556333333333,-224.26690322580646,-168.74652000000003,0.0,0.0,0.038818181818181814,0.1704516129032258,0.6196666666666667,4.049548387096774,7.684533333333333,6.924129032258064,6.976839999999999,0.0,0.0,22365642.363636363,24844679.032258064,25559175.8,22332643.29032258,20738446.033333335,22162184.19354839,21669534.16,0.0,0.0,18.469636363636365,19.29658064516129,21.10343333333333,20.330645161290324,19.863866666666663,18.89667741935484,18.5336,0.0,0.0,26.802818181818182,27.656,29.135366666666666,27.335935483870966,26.031366666666667,25.190838709677422,24.609479999999998,0.0,0.0,10.94509090909091,11.380548387096775,13.354966666666666,14.56090322580645,15.3709,14.634387096774194,14.31836,0.0,0.0,0.0,0.0,0.0,0.0,0.0,0.0,0.0,0.0,0.0,0.0,0.0,0.0,0.0,0.0,0.0,0.0,0.0,0.0,11.0,30.0,22.0,13.0,5.0,0.0,0.0,0.0,35.457,141.054,233.6,327.449,471.03700000000003,667.655,883.866,0.0,0.815,2.367,3.435,4.989,7.4239999999999995,10.381,12.615,0.0,0.0,5.241454545454546,4.721967741935484,4.113033333333333,4.501516129032258,5.4663,6.221903225806451,6.6,0.0,4.485
MX17,13.863,1.454,2014,0.0,56.821,521.2479999999999,996.601,1428.538,1812.099,2218.836,2622.667,0.0,0.0,0.29,3.936,33.347,207.157,514.008,634.213,838.654,0.0,0.0,-12.3865,-105.78935483870967,-269.6151,-372.3235483870968,-242.10649999999998,-141.36935483870968,-174.05832258064515,0.0,0.0,0.0725,0.11761290322580646,0.9803666666666666,5.606774193548387,10.228366666666666,3.87758064516129,6.594870967741936,0.0,0.0,22846171.0,24205334.70967742,25008788.933333334,22282391.096774194,20849148.7,23681218.64516129,23203413.870967742,0.0,0.0,24.20525,24.981516129032258,25.8451,23.933451612903227,22.78536666666667,23.120548387096772,23.026806451612902,0.0,0.0,31.29475,31.909870967741934,33.1066,30.34864516129032,27.990166666666667,28.882774193548386,28.43783870967742,0.0,0.0,17.082,17.333451612903225,18.418833333333335,18.47383870967742,18.457366666666665,17.97816129032258,18.01577419354839,0.0,0.0,0.0,0.0,0.0,0.0,0.0,0.0,0.0,0.0,0.0,0.0,2.0,0.0,0.0,0.0,0.0,0.0,0.0,0.0,4.0,31.0,20.0,10.0,1.0,7.0,2.0,0.0,0.0,77.718,149.219,232.06900000000002,360.797,530.496,734.505,0.0,0.313,1.519,2.424,3.814,6.162,8.7,11.594,0.0,0.0,6.0585,5.571290322580645,5.033966666666667,5.663548387096774,7.646733333333333,8.401354838709677,8.023193548387097,0.0,3.29
MX18,13.732,1.443,2014,0.0,129.139,475.235,862.775,1315.767,1753.006,2189.216,2521.702,0.0,0.0,0.013000000000000001,6.8020000000000005,10.041,69.883,355.397,565.332,831.232,0.0,0.0,-27.352249999999998,-120.47170967741935,-280.2149,-433.07451612903225,-414.60026666666664,-271.6297096774194,-167.70876,0.0,0.0,0.0010833333333333335,0.219,0.10796666666666668,1.9303870967741934,9.517133333333334,6.772096774193549,10.636,0.0,0.0,21961847.666666668,24450063.16129032,26887495.666666668,24900379.70967742,19549812.566666666,21991268.06451613,21218921.6,0.0,0.0,20.761583333333334,21.164387096774195,22.918,24.61264516129032,24.574633333333335,24.071290322580648,23.29944,0.0,0.0,29.276333333333337,29.489032258064515,31.498533333333334,32.17638709677419,30.1884,30.00048387096774,28.77552,0.0,0.0,13.988666666666667,14.45790322580645,15.724166666666667,18.51974193548387,20.633366666666667,20.28009677419355,20.10192,0.0,0.0,0.0,0.0,0.0,0.0,0.0,0.0,0.0,0.0,0.0,0.0,0.0,0.0,0.0,0.0,0.0,0.0,0.0,0.0,12.0,28.0,29.0,21.0,0.0,2.0,0.0,0.0,47.421,171.943,272.065,367.06100000000004,497.64300000000003,676.679,879.514,0.0,1.0470000000000002,2.892,4.073,5.565,7.735,10.475,12.677,0.0,0.0,3.829916666666667,3.6836774193548387,3.2098,3.4131612903225808,4.8877,5.301387096774193,5.6288800000000005,0.0,4.695
MX19,12.117,1.486,2014,0.0,116.539,330.408,663.252,1028.952,1465.884,1918.936,2259.955,0.0,0.0,7.420999999999999,60.068,82.672,158.422,243.673,305.828,353.246,0.0,0.0,-31.34786666666667,-84.09322580645163,-209.96503333333334,-330.7286774193548,-448.68986666666666,-530.775193548387,-650.926347826087,0.0,0.0,0.4947333333333333,1.6982903225806452,0.7534666666666666,2.443548387096774,2.8417000000000003,2.005,2.0616521739130436,0.0,0.0,18783741.333333332,19865946.580645163,23705284.7,23207508.612903226,23436655.8,24311091.80645161,23992152.260869566,0.0,0.0,17.769266666666667,16.899,21.094800000000003,21.796774193548387,24.5644,24.61458064516129,24.82691304347826,0.0,0.0,25.960533333333334,24.130225806451612,28.58673333333333,28.856,31.09173333333333,31.34867741935484,31.671565217391304,0.0,0.0,11.132533333333333,10.989225806451612,14.714733333333333,16.12732258064516,19.568499999999997,19.38432258064516,19.670478260869565,0.0,0.0,0.0,0.0,0.0,0.0,0.0,0.0,0.0,0.0,0.0,0.0,0.0,0.0,0.0,1.0,0.0,0.0,0.0,0.0,12.0,21.0,22.0,18.0,16.0,18.0,9.0,0.0,37.949,155.308,268.182,375.06,486.342,605.54,730.2570000000001,0.0,0.865,2.661,3.943,5.575,7.267,8.959,10.199,0.0,0.0,4.1914,4.24858064516129,3.7884666666666664,3.9740322580645158,3.8215999999999997,4.018774193548387,3.7436086956521737,0.0,1.4809999999999999
MX20,13.078,1.416,2014,0.0,183.43,610.299,1068.65,1510.29,1942.875,2393.843,2569.792,0.0,0.0,8.318999999999999,46.518,92.71,278.377,511.367,688.055,743.191,0.0,0.0,-32.126714285714286,-108.53661290322582,-233.38383333333334,-277.07290322580644,-175.35026666666667,-78.62396774193547,-118.27591666666666,0.0,0.0,0.5942142857142857,1.232225806451613,1.5397333333333334,5.989258064516129,7.766333333333334,5.699612903225806,4.594666666666667,0.0,0.0,20775180.35714286,21559939.48387097,23668333.266666666,20472198.870967742,20011137.666666668,22071952.741935484,22955191.666666668,0.0,0.0,23.10214285714286,23.769967741935485,25.278366666666667,24.246451612903225,24.419500000000003,24.547354838709676,24.66241666666667,0.0,0.0,29.553785714285713,30.195032258064515,31.888033333333333,29.580032258064517,29.246133333333333,29.483774193548385,29.858833333333333,0.0,0.0,17.38807142857143,18.22616129032258,19.622400000000003,20.231806451612904,20.968433333333333,20.76306451612903,20.714916666666667,0.0,0.0,0.0,0.0,0.0,0.0,0.0,0.0,0.0,0.0,0.0,0.0,0.0,2.0,0.0,0.0,0.0,0.0,0.0,0.0,13.0,20.0,19.0,8.0,0.0,4.0,1.0,0.0,38.215,145.17700000000002,246.36,370.583,537.818,716.991,833.365,0.0,0.9139999999999999,2.674,3.918,5.97,8.672,11.385,12.044,0.0,0.0,6.534928571428572,6.321612903225806,5.893066666666667,6.369483870967742,7.3960333333333335,7.364612903225806,7.0609166666666665,0.0,1.334
MX21,14.354,1.463,2014,0.0,75.201,350.171,640.249,902.236,1151.85,1396.201,1606.588,0.0,0.0,2.71,24.708,67.505,274.434,522.446,637.908,710.561,0.0,0.0,-22.151555555555557,-112.19335483870968,-250.62653333333336,-298.19503225806454,-189.2994,-101.62890322580645,-170.09080000000003,0.0,0.0,0.3011111111111111,0.7096129032258065,1.4265666666666665,6.675129032258065,8.267066666666667,3.7245806451612906,2.90612,0.0,0.0,22756241.555555556,24116154.129032258,25026873.533333335,22490713.258064516,21060910.2,23599997.903225806,23543026.4,0.0,0.0,18.355666666666664,18.87,19.669266666666665,18.451193548387096,18.32046666666667,17.882290322580644,18.41548,0.0,0.0,25.840666666666667,26.279193548387095,27.240333333333336,24.860806451612905,23.807633333333335,24.062096774193545,24.803960000000004,0.0,0.0,10.796444444444443,11.186870967741935,12.264333333333333,13.033096774193549,13.740566666666666,12.668161290322582,13.019200000000001,0.0,0.0,0.0,0.0,0.0,0.0,0.0,0.0,0.0,0.0,0.0,0.0,0.0,0.0,0.0,0.0,0.0,0.0,0.0,0.0,9.0,25.0,19.0,8.0,7.0,12.0,5.0,0.0,23.198,89.352,153.45600000000002,231.40800000000002,353.652,515.004,690.911,0.0,0.293,1.4289999999999998,2.285,3.666,5.728,8.096,9.943999999999999,0.0,0.0,5.160888888888889,4.879967741935483,4.495666666666667,5.151129032258065,6.328266666666667,6.675096774193548,6.271559999999999,0.0,1.785
MX22,14.798,1.473,2014,0.0,53.836999999999996,299.824,579.806,824.622,1080.681,1310.566,1549.628,0.0,0.0,1.8319999999999999,14.818,49.231,137.388,362.83299999999997,484.396,582.49,0.0,0.0,-16.788714285714285,-112.31429032258065,-274.4662333333333,-366.49922580645165,-411.6553,-295.61035483870967,-342.0034838709677,0.0,0.0,0.2617142857142857,0.4189032258064516,1.1470999999999998,2.843774193548387,7.514833333333333,3.9213870967741937,3.164322580645161,0.0,0.0,22637102.57142857,24468909.48387097,26001789.133333333,23503001.580645163,21360884.666666668,23133762.80645161,23449368.51612903,0.0,0.0,17.691,17.93506451612903,19.332733333333334,17.897290322580645,18.5353,17.41564516129032,17.71167741935484,0.0,0.0,26.16371428571429,26.515806451612903,27.629066666666667,25.443193548387097,25.134433333333334,23.71090322580645,24.31509677419355,0.0,0.0,9.718,10.12616129032258,11.626766666666667,12.02141935483871,13.750566666666666,13.08258064516129,12.878354838709678,0.0,0.0,0.0,0.0,0.0,0.0,0.0,0.0,0.0,0.0,0.0,0.0,0.0,0.0,0.0,0.0,0.0,0.0,0.0,0.0,6.0,28.0,23.0,16.0,14.0,13.0,14.0,0.0,0.0,91.001,172.675,263.868,396.59000000000003,571.842,756.267,0.0,0.33,1.651,2.579,4.11,6.308,8.917,11.41,0.0,0.0,6.057142857142857,5.757935483870968,5.331833333333334,5.575354838709678,6.0956,6.889903225806451,6.827935483870967,0.0,4.021
MX24,12.983,1.469,2014,0.0,125.065,404.301,768.923,1143.912,1541.397,1934.232,2274.5,0.0,0.0,5.802,45.243,66.198,139.544,321.523,449.379,512.683,0.0,0.0,-28.962357142857144,-103.75570967741936,-236.34716666666665,-353.4172580645161,-407.652,-341.9931290322581,-421.7055,0.0,0.0,0.4144285714285714,1.2722903225806452,0.6984999999999999,2.366,6.065966666666666,4.124387096774194,2.434769230769231,0.0,0.0,19571809.42857143,21216617.64516129,24223048.566666666,22881752.612903226,22068657.233333334,23192158.16129032,24108333.769230768,0.0,0.0,18.933214285714286,19.007612903225805,22.154066666666665,22.096419354838712,23.2495,22.672096774193548,23.08723076923077,0.0,0.0,26.042714285714286,26.167032258064516,29.5154,28.552612903225807,28.815966666666668,27.920290322580644,28.760269230769232,0.0,0.0,12.718785714285714,13.059483870967743,15.680266666666666,16.864677419354837,19.229133333333333,18.69503225806452,18.67642307692308,0.0,0.0,0.0,0.0,0.0,0.0,0.0,0.0,0.0,0.0,0.0,0.0,0.0,1.0,0.0,0.0,0.0,0.0,0.0,0.0,12.0,20.0,21.0,15.0,6.0,15.0,10.0,0.0,37.332,147.365,250.009,351.06399999999996,471.518,614.407,765.654,0.0,0.883,2.6390000000000002,3.917,5.534,7.402,9.494,11.125,0.0,0.0,4.723571428571428,4.654806451612903,4.1437333333333335,4.404,4.8503,5.1211935483870965,4.736307692307692,0.0,1.3569999999999998
MX25,14.331,1.562,2014,0.0,141.81900000000002,518.502,943.08,1480.58,2081.363,2658.302,3056.609,0.0,0.0,0.056,8.95,9.074,9.883,66.297,269.617,427.673,0.0,0.0,-28.293666666666667,-122.05732258064516,-287.37576666666666,-478.2814193548387,-660.2919999999999,-644.1997419354839,-616.1965909090909,0.0,0.0,0.004666666666666667,0.2869032258064516,0.0041333333333333335,0.026096774193548385,1.8804666666666667,6.558709677419355,7.184363636363636,0.0,0.0,20447172.166666668,23249497.64516129,26726107.2,27250705.48387097,23916266.066666666,20145976.70967742,19297434.318181816,0.0,0.0,21.818250000000003,22.151064516129033,24.1526,27.338709677419356,30.0261,28.610935483870968,28.104863636363635,0.0,0.0,30.9415,30.278612903225806,32.40376666666667,34.79109677419355,35.59983333333333,33.44841935483871,32.61659090909091,0.0,0.0,14.315666666666667,15.169290322580645,16.751766666666665,20.067258064516132,24.9083,24.687129032258067,24.64968181818182,0.0,0.0,0.0,0.0,0.0,0.0,0.0,0.0,0.0,0.0,0.0,0.0,0.0,2.0,15.0,23.0,4.0,0.0,0.0,0.0,12.0,30.0,30.0,31.0,18.0,7.0,1.0,0.0,61.227,237.345,385.615,495.626,581.496,676.912,789.731,0.0,1.145,3.396,4.889,6.39,7.614,9.222,10.644,0.0,0.0,3.048583333333333,3.0413548387096774,2.379633333333333,2.073322580645161,2.9701999999999997,4.781290322580645,4.935818181818181,0.0,9.208
MX26,13.998,1.527,2014,0.0,110.72800000000001,435.559,823.875,1337.461,1966.6100000000001,2551.36,2943.79,0.0,0.0,0.030000000000000002,7.313,7.576,7.829999999999999,15.188999999999998,163.794,268.771,0.0,0.0,-24.021,-112.04283870967741,-278.86539999999997,-480.3251290322581,-696.0759999999999,-775.9446774193549,-815.8453333333333,0.0,0.0,0.0027272727272727275,0.23493548387096772,0.008766666666666667,0.008193548387096775,0.2453,4.793709677419354,4.998904761904762,0.0,0.0,19816468.0,22566856.51612903,26387252.333333332,28774852.580645163,27275304.066666666,21195120.032258064,20730785.04761905,0.0,0.0,20.066181818181818,20.47841935483871,22.94386666666667,26.567290322580646,30.971633333333333,28.862903225806452,28.687142857142856,0.0,0.0,28.583727272727273,28.472032258064516,31.069733333333332,34.72854838709677,37.43733333333333,34.12732258064516,33.76861904761905,0.0,0.0,12.46709090909091,13.340548387096774,15.043933333333333,18.25758064516129,24.6839,24.62132258064516,24.871952380952383,0.0,0.0,0.0,0.0,0.0,0.0,0.0,0.0,0.0,0.0,0.0,0.0,0.0,2.0,14.0,30.0,10.0,4.0,0.0,0.0,11.0,29.0,30.0,31.0,27.0,7.0,2.0,0.0,62.073,236.069,355.307,428.69,495.676,593.014,727.889,0.0,1.152,3.2809999999999997,4.287,5.338,6.337,7.879,9.317,0.0,0.0,2.0681818181818183,2.1229354838709673,1.4599666666666666,1.2129032258064516,1.5847,3.8062903225806455,3.983476190476191,0.0,4.475
MX27,13.379,1.407,2014,21.916,424.998,953.003,1518.332,2047.84,2567.062,2867.454,0.0,0.0,2.736,31.101,63.841,130.154,372.126,613.608,673.209,0.0,0.0,-1.5035,-38.35432142857143,-148.08438709677418,-297.3174,-315.74177419354834,-118.01629999999999,-164.9135294117647,0.0,0.0,1.368,1.0130357142857143,1.0561290322580645,2.2104333333333335,7.805548387096774,8.0494,3.5059411764705883,0.0,0.0,10780541.0,17750975.82142857,20966782.80645161,23125592.0,19325958.177419353,19093172.466666665,21909689.88235294,0.0,0.0,20.958,24.395785714285715,27.03241935483871,28.844299999999997,27.080903225806452,27.307399999999998,27.670117647058824,0.0,0.0,24.89,29.35967857142857,32.989838709677414,34.95143333333333,31.82864516129032,31.948566666666668,32.72147058823529,0.0,0.0,18.804000000000002,20.56464285714286,22.094774193548385,23.611333333333334,23.766129032258064,24.290366666666667,24.03964705882353,0.0,0.0,0.0,0.0,0.0,0.0,0.0,0.0,0.0,0.0,0.0,0.0,0.0,5.0,16.0,3.0,0.0,0.0,0.0,0.0,1.0,20.0,26.0,22.0,12.0,5.0,9.0,0.0,0.0,166.293,333.488,497.335,669.209,846.532,965.265,0.0,0.0,2.926,5.686,7.658,10.511,13.494,14.965,0.0,0.0,7.927,7.613678571428571,6.802548387096774,5.7502,6.146741935483871,6.998166666666666,6.4448823529411765,0.0,0.0,1.5200000000000002
MX28,14.207,1.556,2014,0.0,143.88,454.216,885.468,1357.033,1892.363,2449.419,2961.22,0.0,0.0,14.158999999999999,61.244,73.995,148.79,283.213,378.789,423.476,0.0,0.0,-24.216153846153848,-68.48,-190.6887,-315.52338709677423,-409.7346,-419.82664516129034,-552.2469259259259,0.0,0.0,1.0891538461538461,1.5188709677419354,0.4250333333333333,2.412741935483871,4.480766666666667,3.083096774193548,1.655074074074074,0.0,0.0,16625985.153846154,17511503.467741936,21813125.966666665,22106703.032258064,22208700.3,23781610.29032258,23868335.333333332,0.0,0.0,21.067692307692308,20.01022580645161,24.375066666666665,25.21177419354839,27.844333333333335,27.969548387096776,28.955592592592595,0.0,0.0,27.181307692307694,26.07325806451613,30.74093333333333,30.894193548387097,32.91283333333333,33.1478064516129,34.70540740740741,0.0,0.0,16.34776923076923,15.434032258064516,19.425133333333335,20.803903225806454,24.188499999999998,23.971516129032256,24.472037037037037,0.0,0.0,0.0,0.0,0.0,0.0,0.0,0.0,0.0,0.0,0.0,0.0,0.0,4.0,0.0,4.0,3.0,13.0,0.0,0.0,10.0,19.0,27.0,16.0,8.0,17.0,13.0,0.0,38.65,162.686,303.538,448.233,583.356,706.19,828.9110000000001,0.0,0.9450000000000001,3.067,4.74,6.941,9.041,11.094,12.524000000000001,0.0,0.0,4.7453076923076924,4.818516129032258,4.1382666666666665,4.398967741935484,4.4947,4.733064516129032,4.217148148148148,0.0,3.513
MX29,14.565,1.42,2014,0.0,39.619,196.019,371.568,529.47,689.0020000000001,824.022,943.718,0.0,0.0,4.536,44.183,91.15,287.715,508.87,662.89,760.7669999999999,0.0,0.0,-16.535,-88.0705806451613,-198.4994,-222.69429032258066,-150.26673333333335,-29.285096774193548,-55.61411538461538,0.0,0.0,0.567,1.2789354838709677,1.5655666666666666,6.340806451612903,7.371833333333333,4.968387096774194,3.7645,0.0,0.0,22293470.75,23902001.29032258,24715680.066666666,22674951.612903226,20835191.833333332,23026201.612903226,23472813.384615384,0.0,0.0,14.952375,15.04516129032258,15.851633333333334,15.093612903225806,15.317733333333333,14.355483870967742,14.60369230769231,0.0,0.0,22.836,22.931483870967742,23.589433333333332,21.865387096774192,21.119433333333333,20.669548387096775,21.088538461538462,0.0,0.0,7.777375,7.743451612903225,8.750133333333334,9.468741935483871,10.665533333333334,9.22474193548387,9.492653846153846,0.0,0.0,0.0,0.0,0.0,0.0,0.0,0.0,0.0,0.0,0.0,0.0,0.0,0.0,0.0,0.0,0.0,0.0,0.0,0.0,6.0,19.0,17.0,9.0,7.0,12.0,9.0,0.0,19.862,77.80799999999999,135.654,206.122,320.521,482.132,658.359,0.0,0.274,1.331,2.123,3.43,5.397,7.788,9.613,0.0,0.0,5.140875,4.930354838709678,4.625233333333333,5.110806451612904,5.844399999999999,6.343838709677419,6.173923076923076,0.0,1.933
MX30,13.799,1.425,2014,0.0,254.745,677.32,1160.6100000000001,1635.944,2124.119,2616.753,2714.955,0.0,0.0,16.874000000000002,65.57,121.393,299.656,557.197,796.318,821.322,0.0,0.0,-31.404333333333334,-100.37409677419356,-203.903,-232.79835483870968,-135.14213333333333,25.92006451612903,8.682,0.0,0.0,0.8035238095238096,1.5708387096774192,1.8607666666666667,5.7504193548387095,8.5847,7.713580645161291,4.167333333333333,0.0,0.0,17440505.95238095,18758278.580645163,22374400.266666666,20084096.70967742,19747758.5,20929298.177419353,23589611.0,0.0,0.0,22.130714285714287,23.631451612903227,26.109666666666666,25.333354838709678,26.272499999999997,25.89141935483871,26.367,0.0,0.0,27.859999999999996,29.523451612903227,32.65056666666667,30.54,30.950566666666663,30.319967741935482,31.101,0.0,0.0,17.601476190476188,19.169677419354837,20.94333333333333,21.614548387096775,23.005533333333332,22.498032258064516,22.5055,0.0,0.0,0.0,0.0,0.0,0.0,0.0,0.0,0.0,0.0,0.0,0.0,2.0,8.0,0.0,0.0,0.0,0.0,0.0,0.0,17.0,17.0,20.0,9.0,0.0,4.0,0.0,0.0,80.763,192.761,301.676,427.523,590.622,773.093,834.361,0.0,1.565,3.559,5.1,7.305,10.098,13.066,13.762,0.0,0.0,7.039857142857143,6.818677419354838,6.256066666666666,6.603096774193548,7.3363,7.545419354838709,7.084499999999999,0.0,2.289
MX31,14.116,1.364,2014,0.0,0.0,416.336,912.165,1429.683,1940.53,2484.266,3025.802,3093.711,0.0,0.0,24.839000000000002,44.133,129.53300000000002,237.999,294.52,367.993,383.807,0.0,0.0,-48.569074074074074,-185.75466666666668,-309.12235483870967,-323.5274,-433.15516129032255,-531.5230322580645,-563.60875,0.0,0.0,0.9199629629629631,0.6431333333333333,2.7548387096774194,3.615533333333333,1.8232580645161292,2.370096774193548,3.9534999999999996,0.0,0.0,19766612.85185185,22521688.766666666,20909330.29032258,20547775.9,22970273.225806452,21930011.967741936,18816519.75,0.0,0.0,25.419851851851853,26.52763333333333,26.694129032258065,27.028233333333333,27.539870967741937,27.468903225806454,26.977249999999998,0.0,0.0,31.598074074074074,32.988033333333334,32.163612903225804,32.01943333333333,33.3261935483871,33.075,32.046749999999996,0.0,0.0,20.609851851851854,21.50636666666667,22.811774193548384,23.663166666666665,23.368612903225806,23.512096774193548,23.8185,0.0,0.0,0.0,0.0,0.0,0.0,0.0,0.0,0.0,0.0,0.0,0.0,2.0,0.0,0.0,0.0,0.0,0.0,0.0,0.0,21.0,25.0,16.0,10.0,16.0,9.0,0.0,0.0,123.564,288.115,458.995,657.91,870.3140000000001,1088.548,1163.125,0.0,2.713,4.511,7.135,10.275,13.415,16.668,0.0,0.0,0.0,4.996444444444444,4.523833333333333,4.813225806451613,5.247833333333333,4.597161290322581,4.858451612903226,5.431,1.095
MX32,13.261,1.5,2014,0.0,81.839,289.382,568.808,883.952,1195.676,1477.638,1640.819,0.0,0.0,0.062,6.58,9.76,53.539,200.201,323.409,391.995,0.0,0.0,-30.941230769230767,-139.7973870967742,-315.3345,-483.99332258064516,-568.0850666666666,-545.3525161290322,-590.3995555555556,0.0,0.0,0.0047692307692307695,0.21025806451612902,0.10600000000000001,1.4122258064516129,4.888733333333334,3.9744516129032257,3.8103333333333333,0.0,0.0,22490372.46153846,24969438.0,26981948.466666665,25154382.83870968,23594303.566666666,24548652.903225806,23839144.0,0.0,0.0,16.29530769230769,16.694935483870967,19.314200000000003,20.165935483870967,20.390800000000002,19.095548387096773,19.06561111111111,0.0,0.0,24.131230769230772,24.673967741935485,27.101,27.409903225806453,26.896400000000003,25.338870967741936,25.42238888888889,0.0,0.0,8.667692307692308,9.22841935483871,11.425099999999999,13.368935483870969,14.882866666666667,14.046193548387098,14.059888888888889,0.0,0.0,0.0,0.0,0.0,0.0,0.0,0.0,0.0,0.0,0.0,0.0,0.0,0.0,0.0,0.0,0.0,0.0,0.0,0.0,13.0,29.0,29.0,20.0,8.0,10.0,3.0,0.0,24.163,96.316,164.748,235.792,340.774,491.052,601.425,0.0,0.606,1.778,2.5949999999999998,3.724,5.289,7.445,8.545,0.0,0.0,3.909692307692308,3.638774193548387,3.2014666666666667,3.2961290322580648,3.9893,4.481064516129033,4.228555555555555,0.0,2.686
MX01,13.644,1.583,2017,0.0,71.138,306.896,598.895,996.615,1371.976,1656.611,1857.214,0.0,0.0,0.5900000000000001,16.989,19.201,31.274,91.084,285.481,335.831,0.0,0.0,-34.658692307692306,-130.0799677419355,-304.03606666666667,-502.421,-679.5817000000001,-684.468064516129,-710.4827894736842,0.0,0.0,0.04538461538461539,0.529,0.07373333333333335,0.38945161290322583,1.9936666666666665,6.270870967741935,2.65,0.0,0.0,23411700.46153846,24152724.06451613,27770238.733333334,28277031.93548387,26007536.866666667,24245747.64516129,24577682.36842105,0.0,0.0,15.472153846153846,17.605096774193548,19.7333,22.82967741935484,22.51203333333333,19.181774193548385,20.55805263157895,0.0,0.0,23.502000000000002,25.524129032258067,27.79893333333333,30.61035483870968,29.517699999999998,25.235548387096774,27.077105263157897,0.0,0.0,7.731230769230769,9.819903225806453,11.1566,14.009322580645161,15.6199,14.541419354838709,15.030947368421053,0.0,0.0,0.0,0.0,0.0,0.0,0.0,0.0,0.0,0.0,0.0,0.0,0.0,0.0,0.0,0.0,0.0,0.0,0.0,0.0,13.0,25.0,30.0,28.0,21.0,10.0,12.0,0.0,24.743,95.202,158.848,221.48499999999999,297.257,413.638,517.747,0.0,0.53,1.5590000000000002,2.2880000000000003,3.2800000000000002,4.382,6.1530000000000005,7.273,0.0,0.0,3.8472307692307695,3.7962258064516132,3.1734,2.9821935483870967,3.3219333333333334,5.081451612903226,4.573105263157895,0.0,2.986
MX03,11.358,1.473,2017,0.0,0.0,269.385,596.5840000000001,918.156,1297.363,1836.397,2323.189,0.0,0.0,0.0,0.005,0.117,0.196,0.593,9.118,23.677999999999997,0.0,0.0,0.0,-71.26096296296296,-235.59816666666666,-420.60822580645157,-606.5294666666666,-811.3199354838711,-998.1502307692307,0.0,0.0,0.0,0.00018518518518518518,0.0037333333333333333,0.0025483870967741937,0.013233333333333335,0.275,0.5599999999999999,0.0,0.0,0.0,24749088.666666668,27625156.666666668,28836872.70967742,28309454.933333334,26626956.19354839,25306157.0,0.0,0.0,0.0,19.97722222222222,20.906633333333332,20.373290322580644,22.640233333333335,27.388193548387097,28.72276923076923,0.0,0.0,0.0,27.910370370370373,28.92393333333333,27.073741935483874,29.4376,34.21529032258064,35.53638461538462,0.0,0.0,0.0,14.056814814814814,14.769966666666667,15.113741935483871,17.942333333333334,22.613290322580646,24.080384615384617,0.0,0.0,0.0,0.0,0.0,0.0,0.0,0.0,0.0,0.0,0.0,0.0,0.0,0.0,0.0,0.0,7.0,18.0,0.0,0.0,0.0,27.0,30.0,31.0,30.0,29.0,22.0,0.0,0.0,55.839,133.708,207.043,278.165,340.249,401.155,0.0,0.0,0.883,1.491,2.27,3.033,3.75,4.274,0.0,0.0,0.0,2.6165925925925926,2.1463666666666668,1.968193548387097,1.7277,1.829741935483871,2.200269230769231,0.0,7.387
MX06,13.658,1.435,2017,0.0,140.129,570.602,980.63,1443.751,1891.498,2328.528,2544.0,0.0,0.0,10.269,16.302,16.964,23.267,321.501,617.621,831.182,0.0,0.0,-19.532833333333333,-122.93467741935484,-292.0294666666667,-470.79964516129036,-524.3273666666666,-302.40729032258065,-157.73026666666667,0.0,0.0,0.85575,0.19461290322580646,0.02206666666666667,0.20332258064516132,9.941133333333333,9.55225806451613,14.237400000000001,0.0,0.0,22084981.75,23286995.548387095,26854340.6,27115765.612903226,20124988.633333333,20851023.35483871,20701678.533333335,0.0,0.0,21.67741666666667,23.886225806451613,23.6676,24.939387096774194,24.924899999999997,24.09774193548387,24.3648,0.0,0.0,29.643583333333336,31.78374193548387,31.9875,32.366129032258065,30.484033333333336,29.70716129032258,29.5638,0.0,0.0,16.270500000000002,18.105677419354837,17.5007,19.229612903225807,21.0914,20.745548387096772,21.005933333333335,0.0,0.0,0.0,0.0,0.0,0.0,0.0,0.0,0.0,0.0,0.0,0.0,0.0,0.0,0.0,0.0,0.0,0.0,0.0,0.0,11.0,31.0,30.0,29.0,7.0,1.0,0.0,0.0,36.107,136.588,227.003,315.273,424.735,589.258,722.251,0.0,0.853,2.438,3.527,4.981,6.727,9.520999999999999,11.067,0.0,0.0,4.9845,4.691516129032259,4.299766666666667,4.244387096774194,5.387733333333333,6.2669999999999995,6.619933333333334,0.0,3.417
MX07,13.185,1.464,2017,0.0,212.0,661.999,1144.437,1638.627,2066.373,2512.312,2585.648,0.0,0.0,2.411,14.664,37.358,193.796,542.693,705.7860000000001,737.184,0.0,0.0,-35.87146666666667,-145.33483870967743,-299.24083333333334,-389.229935483871,-236.5944333333333,-119.4532580645161,-95.92379999999999,0.0,0.0,0.16073333333333334,0.39525806451612905,0.7564666666666666,5.046387096774193,11.6299,5.261064516129032,6.2796,0.0,0.0,21236529.466666665,22453524.580645163,24337844.6,21101369.29032258,18178242.566666666,21269710.06451613,21233718.8,0.0,0.0,24.133333333333333,24.51609677419355,26.081266666666668,25.94161290322581,24.2582,24.385129032258064,24.6672,0.0,0.0,31.2778,31.441000000000003,32.84046666666667,31.644129032258064,28.769566666666666,29.096419354838712,29.3976,0.0,0.0,18.305333333333333,19.07035483870968,20.439033333333334,21.618451612903225,21.345433333333336,20.923290322580645,20.9184,0.0,0.0,0.0,0.0,0.0,0.0,0.0,0.0,0.0,0.0,0.0,0.0,0.0,1.0,0.0,0.0,0.0,0.0,0.0,0.0,15.0,27.0,23.0,3.0,0.0,0.0,0.0,0.0,40.467,156.023,264.983,388.85,551.302,740.73,807.981,0.0,0.915,2.617,3.904,5.98,8.884,11.84,12.61,0.0,0.0,4.547066666666667,4.459935483870968,4.286266666666666,4.881774193548387,6.282033333333334,6.100193548387097,6.207800000000001,0.0,3.166
MX08,12.3,1.457,2017,0.0,27.185000000000002,160.087,365.378,657.808,1081.25,1411.485,1545.666,0.0,0.0,8.89,15.099,21.032,30.463,46.582,215.2,281.666,0.0,0.0,-28.48884210526316,-129.1326129032258,-295.21486666666664,-494.492935483871,-685.3552666666667,-797.5537096774194,-758.9366153846154,0.0,0.0,0.4678947368421053,0.20029032258064514,0.19776666666666667,0.30422580645161296,0.5373,5.439290322580645,5.1127692307692305,0.0,0.0,19410320.315789472,23702869.225806452,27797665.933333334,29458409.35483871,27708655.733333334,23098724.903225806,22535256.0,0.0,0.0,10.141052631578948,14.286483870967741,16.837833333333332,19.43322580645161,24.114733333333334,20.65274193548387,20.321615384615384,0.0,0.0,17.62521052631579,22.29948387096774,24.802666666666667,27.258935483870967,31.0168,26.529774193548388,25.56823076923077,0.0,0.0,3.5748421052631576,6.193838709677419,8.506666666666666,10.726677419354838,15.769333333333332,15.744677419354838,15.889384615384616,0.0,0.0,0.0,0.0,0.0,0.0,0.0,0.0,0.0,0.0,0.0,0.0,0.0,0.0,0.0,0.0,0.0,0.0,0.0,0.0,15.0,30.0,27.0,29.0,26.0,7.0,0.0,0.0,34.129000000000005,86.688,141.505,202.722,298.221,453.203,584.207,0.0,0.664,1.559,2.245,3.1870000000000003,4.501,6.508,7.75,0.0,0.0,3.3181052631578947,2.88741935483871,2.3016333333333336,2.083741935483871,2.2298666666666667,3.741548387096774,4.347615384615384,0.0,9.456
MX09,14.612,1.478,2017,0.0,7.635000000000002,190.483,418.26099999999997,699.088,956.255,1151.302,1370.084,1395.64,0.0,0.0,29.677,56.067,123.987,308.921,676.947,974.895,1032.43,0.0,-4.596,-55.7846129032258,-188.67316666666665,-302.97632258064516,-351.6119,-157.51483870967743,3.6834838709677444,142.82775,0.0,0.0,0.9573225806451613,0.8796666666666667,2.190967741935484,6.164466666666667,11.871806451612903,9.611225806451612,14.383750000000001,0.0,24523752.0,23462199.80645161,25791299.466666665,24202977.06451613,23430778.666666668,21665523.612903226,21515345.35483871,15679961.5,0.0,17.635,15.898322580645162,17.5926,19.058935483870968,18.572233333333333,16.29183870967742,17.057483870967744,16.389,0.0,25.62,23.53116129032258,24.961133333333333,26.11583870967742,24.9202,21.712451612903227,22.162258064516127,20.17875,0.0,7.965,8.815354838709677,9.935066666666668,12.529193548387095,12.911566666666666,12.345225806451612,12.84725806451613,13.48925,0.0,0.0,0.0,0.0,0.0,0.0,0.0,0.0,0.0,0.0,0.0,0.0,0.0,0.0,0.0,0.0,0.0,0.0,0.0,1.0,22.0,24.0,12.0,4.0,0.0,0.0,0.0,0.0,52.771,109.68299999999999,181.43,288.511,432.783,593.381,646.881,0.0,1.135,2.017,3.402,4.789,6.523,8.196,0.0,0.0,6.194,6.20058064516129,5.815066666666667,5.856774193548387,6.341466666666666,7.45858064516129,8.143225806451612,8.37025,2.48
MX10,14.562,1.551,2017,0.0,34.543,216.695,478.981,828.448,1239.515,1547.36,1711.3990000000001,0.0,0.0,12.32,43.355,47.449,53.519,64.798,225.805,318.749,0.0,0.0,-21.358285714285717,-97.38741935483871,-268.1854333333333,-471.1490322580645,-667.2882333333333,-768.4559999999999,-742.4491875,0.0,0.0,0.88,1.0011290322580644,0.13646666666666668,0.1958064516129032,0.37596666666666667,5.193774193548387,5.809,0.0,0.0,22070069.214285713,24436547.16129032,27806983.466666665,28614622.903225806,27460520.933333334,23347535.612903226,23471047.5,0.0,0.0,12.306071428571428,15.875870967741935,18.742866666666664,21.273129032258066,23.702233333333332,19.93048387096774,20.2524375,0.0,0.0,21.22107142857143,24.578967741935482,27.455233333333336,29.881096774193548,30.643833333333337,25.873483870967743,25.962875,0.0,0.0,5.298,7.963451612903225,10.1423,12.631483870967743,15.902766666666666,15.158387096774195,15.38375,0.0,0.0,0.0,0.0,0.0,0.0,0.0,0.0,0.0,0.0,0.0,0.0,0.0,0.0,0.0,0.0,0.0,0.0,0.0,0.0,12.0,26.0,29.0,29.0,27.0,3.0,2.0,0.0,21.501,88.527,158.216,225.37199999999999,296.537,407.515,517.646,0.0,0.541,1.6460000000000001,2.4650000000000003,3.535,4.644,6.292,7.49,0.0,0.0,3.678857142857143,3.739516129032258,2.8740666666666663,2.5720967741935485,2.6191666666666666,4.1172258064516125,4.479,0.0,3.669
MX11,14.064,1.574,2017,0.0,73.718,333.727,654.403,1063.897,1415.814,1690.806,1947.646,0.0,0.0,0.238,22.951,27.362000000000002,49.49,178.405,386.299,494.072,0.0,0.0,-24.8728,-110.68622580645162,-271.1084666666667,-447.97564516129034,-573.0182333333333,-512.6667096774194,-497.3473076923077,0.0,0.0,0.023799999999999998,0.7326774193548388,0.14703333333333332,0.7138064516129032,4.297166666666667,6.706258064516129,4.1451153846153845,0.0,0.0,23280183.2,24061421.16129032,27060822.266666666,26891301.35483871,24630848.866666667,22690442.387096774,23551781.346153848,0.0,0.0,17.3718,18.387387096774194,20.689200000000003,23.20948387096774,21.730566666666668,18.870709677419352,19.87846153846154,0.0,0.0,26.178199999999997,26.846354838709676,29.116633333333333,31.36506451612903,29.0888,25.229612903225807,26.080115384615382,0.0,0.0,9.1662,10.785290322580645,12.263166666666667,15.024354838709677,15.310599999999999,14.46674193548387,14.71623076923077,0.0,0.0,0.0,0.0,0.0,0.0,0.0,0.0,0.0,0.0,0.0,0.0,0.0,0.0,0.0,0.0,0.0,0.0,0.0,0.0,10.0,24.0,30.0,23.0,18.0,6.0,10.0,0.0,42.614,168.889,267.164,347.121,458.163,631.157,838.496,0.0,0.413,2.04,3.03,4.244,5.9399999999999995,8.576,10.714,0.0,0.0,5.5444,5.285774193548387,4.4816,4.103032258064516,4.500933333333333,6.173677419354839,6.669576923076923,0.0,5.299
MX12,13.381,1.455,2017,0.0,132.472,631.942,1139.3029999999999,1682.982,2139.493,2574.013,2916.706,0.0,0.0,0.009000000000000001,5.715,11.7,93.088,339.892,578.743,792.052,0.0,0.0,-24.670666666666666,-126.59877419354838,-299.7873333333334,-457.30980645161287,-443.9712333333334,-293.5617741935484,-211.054,0.0,0.0,0.001,0.18406451612903227,0.19949999999999998,2.62541935483871,8.2268,7.704870967741935,8.887875,0.0,0.0,23503716.0,24245082.451612905,26714789.0,24340668.48387097,21282396.133333333,21860846.0,21651467.291666668,0.0,0.0,24.71911111111111,26.11193548387097,26.912033333333333,27.538032258064515,25.217033333333333,24.016774193548386,24.278875,0.0,0.0,32.43977777777778,33.632,34.5311,34.16316129032258,30.465433333333333,28.887870967741936,28.62216666666667,0.0,0.0,17.680111111111113,19.182741935483868,19.9359,21.590935483870968,20.981966666666665,20.371225806451616,20.483208333333334,0.0,0.0,0.0,0.0,0.0,0.0,0.0,0.0,0.0,0.0,0.0,0.0,1.0,7.0,9.0,0.0,0.0,0.0,0.0,0.0,9.0,31.0,29.0,14.0,0.0,0.0,0.0,0.0,31.574,121.01,204.59,302.01800000000003,455.42900000000003,653.8240000000001,875.5830000000001,0.0,0.341,1.6800000000000002,2.656,4.011,6.548,9.57,11.9,0.0,0.0,5.007444444444444,4.7184838709677415,4.2953,4.765677419354838,6.756366666666667,7.742870967741935,8.363708333333333,0.0,2.31
MX13,14.796,1.464,2017,0.0,23.877000000000002,180.523,395.598,679.742,925.028,1121.014,1347.356,1371.3899999999999,0.0,0.028999999999999998,54.172,80.413,143.18,258.984,404.136,517.071,542.533,0.0,-11.253,-51.41332258064516,-171.7458,-291.623,-384.51893333333334,-342.18761290322584,-365.34225806451616,-363.135,0.0,0.0072499999999999995,1.7465483870967742,0.8747,2.024741935483871,3.860133333333333,4.6823225806451605,3.6430645161290323,6.365500000000001,0.0,24239165.0,22948207.16129032,26398432.066666666,24788997.70967742,24237768.333333332,22068914.35483871,21853488.967741936,14848156.25,0.0,15.96925,15.053096774193548,17.16916666666667,19.165935483870967,18.176199999999998,16.322129032258065,17.301354838709678,16.008499999999998,0.0,25.11325,23.10045161290323,25.646366666666665,26.528645161290324,24.937099999999997,21.97090322580645,23.008451612903226,19.9625,0.0,7.7475000000000005,8.864870967741934,10.008033333333334,12.819,12.798233333333334,12.415903225806453,12.842612903225806,13.0815,0.0,0.0,0.0,0.0,0.0,0.0,0.0,0.0,0.0,0.0,0.0,0.0,0.0,0.0,0.0,0.0,0.0,0.0,0.0,4.0,19.0,24.0,15.0,15.0,7.0,9.0,0.0,0.0,96.809,192.136,301.441,435.231,598.149,773.719,830.978,0.355,1.815,2.871,4.604,6.516,8.995,11.683,0.0,0.0,4.34175,4.5523870967741935,4.032766666666666,4.186129032258065,4.392433333333333,5.127709677419355,5.127838709677419,5.687749999999999,2.801
MX14,14.163,1.49,2017,0.0,88.308,377.63100000000003,710.46,1127.1390000000001,1509.919,1816.018,2042.69,0.0,0.0,1.792,15.795,16.624,28.819000000000003,126.315,365.016,470.56600000000003,0.0,0.0,-27.712833333333332,-120.41067741935483,-289.34396666666663,-480.37225806451613,-623.1898666666667,-566.2800967741936,-525.3681428571429,0.0,0.0,0.14933333333333335,0.45170967741935486,0.027633333333333333,0.39338709677419353,3.2498666666666667,7.700032258064516,5.026190476190476,0.0,0.0,22960731.333333332,23931384.129032258,27660603.333333332,27904887.80645161,24368629.533333335,22207723.19354839,23130302.76190476,0.0,0.0,17.358999999999998,19.333,21.094299999999997,23.441258064516127,22.759333333333334,19.874161290322583,20.793904761904763,0.0,0.0,25.766416666666668,27.467129032258065,29.538833333333333,31.62235483870968,29.96356666666667,25.88845161290323,26.737809523809524,0.0,0.0,9.827666666666667,11.732483870967743,12.627066666666668,15.124935483870967,16.540866666666666,15.727903225806452,16.241666666666667,0.0,0.0,0.0,0.0,0.0,0.0,0.0,0.0,0.0,0.0,0.0,0.0,0.0,0.0,0.0,0.0,0.0,0.0,0.0,0.0,12.0,25.0,30.0,28.0,11.0,1.0,1.0,0.0,28.735,111.728,185.477,253.34199999999998,341.839,494.913,708.139,0.0,0.646,1.9,2.749,3.858,5.213,7.667,9.91,0.0,0.0,4.304666666666667,4.057032258064516,3.4132000000000002,3.2441935483870967,3.9534000000000002,5.498516129032258,5.535285714285714,0.0,8.056279788256717
MX15,15.248,1.372,2017,0.0,18.762,146.633,317.252,537.856,731.121,872.972,1034.681,0.0,0.0,0.015,39.221000000000004,71.039,181.246,402.14,723.626,985.332,0.0,0.0,-10.924,-61.02258064516129,-179.17479999999998,-267.0846129032258,-264.9958,-65.39648387096774,64.38606451612903,0.0,0.0,0.00375,1.264709677419355,1.0606,3.5550645161290326,7.363133333333334,10.370516129032257,8.442129032258064,0.0,0.0,24469908.0,23641308.258064516,26462860.266666666,24723338.80645161,23090330.733333334,21090512.0,20966242.0,0.0,0.0,14.6905,14.124870967741934,15.6873,17.11625806451613,16.442166666666665,14.57583870967742,15.21641935483871,0.0,0.0,23.0585,21.727903225806454,23.2623,24.086580645161288,22.662433333333336,20.032,20.29667741935484,0.0,0.0,6.741,7.368806451612903,8.419033333333333,10.70674193548387,11.016333333333334,10.619129032258064,10.916419354838709,0.0,0.0,0.0,0.0,0.0,0.0,0.0,0.0,0.0,0.0,0.0,0.0,0.0,0.0,0.0,0.0,0.0,0.0,0.0,0.0,4.0,18.0,21.0,8.0,3.0,0.0,0.0,0.0,0.0,66.353,134.189,219.734,345.542,516.172,711.683,0.0,0.296,1.48,2.3689999999999998,3.847,5.951,8.628,11.431,0.0,0.0,5.454,5.429774193548387,4.948333333333333,4.993096774193549,5.5372,6.531000000000001,7.159516129032258,0.0,2.391
MX16,14.622,1.507,2017,0.0,81.467,355.407,677.819,1065.709,1397.918,1671.871,1908.237,0.0,0.0,0.5349999999999999,25.863,28.811,68.439,225.976,495.64300000000003,670.814,0.0,0.0,-25.94909090909091,-109.00232258064517,-262.23133333333334,-427.9278387096775,-494.5201666666666,-385.2997741935484,-289.12324,0.0,0.0,0.04863636363636363,0.8170322580645161,0.09826666666666667,1.2783225806451612,5.251233333333333,8.698935483870969,7.0068399999999995,0.0,0.0,23182936.727272727,23585212.258064516,26887976.2,26159452.967741936,23023072.333333332,21116140.096774194,21933717.48,0.0,0.0,17.406090909090906,18.836774193548386,20.74706666666667,22.51258064516129,21.07363333333333,18.837193548387095,19.454639999999998,0.0,0.0,26.020727272727274,26.835,28.8897,30.281225806451612,27.6487,24.711322580645163,24.93644,0.0,0.0,9.660363636363636,11.585580645161292,12.6358,15.004935483870968,15.593366666666666,14.872032258064516,15.08292,0.0,0.0,0.0,0.0,0.0,0.0,0.0,0.0,0.0,0.0,0.0,0.0,0.0,0.0,0.0,0.0,0.0,0.0,0.0,0.0,11.0,24.0,30.0,20.0,6.0,1.0,0.0,0.0,35.737,143.501,236.429,320.25,441.934,626.999,844.969,0.0,0.79,2.367,3.402,4.738,6.759,9.646,11.954,0.0,0.0,4.912909090909091,4.652967741935483,3.8687666666666667,3.7155483870967743,4.6403,6.031741935483871,6.721760000000001,0.0,4.554
MX17,13.863,1.454,2017,0.0,51.471999999999994,480.66499999999996,930.112,1407.791,1791.689,2157.934,2532.876,0.0,0.0,0.0,13.850999999999999,36.848,219.474,646.722,978.454,1408.937,0.0,0.0,-12.67275,-98.89609677419355,-254.96043333333333,-361.92145161290324,-177.27983333333336,94.06412903225804,279.9338387096774,0.0,0.0,0.0,0.4468064516129032,0.7665666666666666,5.8911612903225805,14.2416,10.701032258064515,13.886548387096774,0.0,0.0,24112882.0,23920632.06451613,25764350.066666666,23663308.387096774,21952670.766666666,22614596.451612905,21578324.35483871,0.0,0.0,22.868,23.844935483870966,24.981566666666666,25.409,22.7966,21.81435483870968,22.09490322580645,0.0,0.0,30.4435,31.070935483870965,32.0701,31.98232258064516,28.293366666666667,27.18306451612903,26.660709677419355,0.0,0.0,15.10475,16.719548387096776,17.7459,19.448225806451614,18.261066666666668,17.616032258064514,17.930290322580642,0.0,0.0,0.0,0.0,0.0,0.0,0.0,0.0,0.0,0.0,0.0,0.0,0.0,1.0,0.0,0.0,0.0,0.0,0.0,0.0,4.0,26.0,23.0,8.0,1.0,1.0,1.0,0.0,0.0,72.825,143.186,227.784,362.475,541.833,754.978,0.0,0.294,1.509,2.392,4.092,6.487,9.207,12.206,0.0,0.0,5.35075,5.198161290322581,4.751833333333334,5.162709677419355,7.2059,8.483225806451614,8.736967741935484,0.0,4.697
MX18,13.732,1.443,2017,0.0,113.96600000000001,486.469,850.977,1269.216,1705.191,2136.675,2492.879,0.0,0.0,12.866000000000001,17.888,19.642,21.405,107.65,363.536,599.301,0.0,0.0,-15.147416666666667,-110.38451612903226,-271.7957333333333,-444.1057419354839,-595.6249,-517.6706774193548,-409.46732,0.0,0.0,1.0721666666666667,0.162,0.05846666666666667,0.05687096774193548,2.8748333333333336,8.254387096774193,9.4306,0.0,0.0,21779790.166666668,24036079.322580647,27357782.666666668,27854818.70967742,22447407.5,21481944.0,19219866.6,0.0,0.0,19.49716666666667,22.016225806451615,22.150266666666667,23.491580645161292,24.532500000000002,23.91883870967742,24.24816,0.0,0.0,27.65608333333333,30.8581935483871,31.072866666666666,31.534387096774193,31.237399999999997,29.46741935483871,29.00788,0.0,0.0,13.282666666666666,14.811709677419355,14.923399999999999,16.93506451612903,19.714566666666666,20.450645161290325,21.06908,0.0,0.0,0.0,0.0,0.0,0.0,0.0,0.0,0.0,0.0,0.0,0.0,0.0,0.0,0.0,0.0,0.0,0.0,0.0,0.0,11.0,30.0,29.0,31.0,15.0,1.0,0.0,0.0,40.521,148.977,240.916,324.403,416.321,555.299,745.711,0.0,0.9339999999999999,2.605,3.695,5.083,6.512,8.865,11.076,0.0,0.0,3.888916666666667,3.3248387096774197,2.9623,2.8691612903225807,3.4866,4.968741935483871,5.32596,0.0,5.783
MX20,13.078,1.416,2017,0.0,176.938,585.574,1025.238,1512.701,1946.381,2377.75,2550.471,0.0,0.0,12.451,53.228,93.15,214.836,591.856,820.954,903.016,0.0,0.0,-21.058785714285712,-99.53454838709678,-218.56866666666667,-323.1691612903226,-168.0204,6.576419354838709,47.2955,0.0,0.0,0.8893571428571428,1.3153870967741936,1.3307333333333333,3.9253548387096777,12.567333333333332,7.3902580645161295,6.8385,0.0,0.0,20605349.14285714,21758195.16129032,23774401.2,21543885.774193548,19799142.8,21467319.48387097,20811689.083333332,0.0,0.0,22.63842857142857,23.181806451612903,24.655466666666666,25.724612903225804,24.456,23.915129032258065,24.393416666666667,0.0,0.0,29.167714285714286,29.31058064516129,31.039566666666666,31.238967741935486,29.1019,28.758645161290325,28.82558333333333,0.0,0.0,17.041999999999998,18.16883870967742,19.351266666666668,21.232806451612902,20.8803,20.504451612903228,20.914666666666665,0.0,0.0,0.0,0.0,0.0,0.0,0.0,0.0,0.0,0.0,0.0,0.0,0.0,0.0,0.0,0.0,0.0,0.0,0.0,0.0,12.0,21.0,21.0,14.0,0.0,1.0,0.0,0.0,39.158,148.15800000000002,250.763,372.693,538.189,725.53,852.969,0.0,0.9510000000000001,2.656,3.797,5.755,8.464,11.296,11.996,0.0,0.0,6.165642857142857,5.98958064516129,5.6892,5.853096774193548,7.068133333333334,7.365322580645161,7.490416666666667,0.0,1.397
MX21,14.354,1.463,2017,0.0,67.504,304.858,576.232,883.3629999999999,1141.164,1377.282,1586.783,0.0,0.0,0.379,40.325,85.546,257.991,508.376,721.513,890.755,0.0,0.0,-23.308555555555554,-97.83564516129032,-221.29403333333332,-293.88629032258063,-206.31703333333334,-78.52335483870968,-34.744040000000005,0.0,0.0,0.04211111111111111,1.2885806451612902,1.5073666666666667,5.562741935483871,8.346166666666667,6.875387096774194,6.769679999999999,0.0,0.0,23564641.555555556,23779729.741935484,25901974.466666665,23561799.387096774,22221197.666666668,23051688.548387095,23586148.08,0.0,0.0,17.500444444444444,17.65658064516129,19.0458,19.907451612903223,18.593366666666668,17.616709677419358,18.380039999999997,0.0,0.0,25.406666666666666,25.41651612903226,26.4742,26.633548387096774,24.3205,23.51383870967742,24.28276,0.0,0.0,9.533555555555555,10.469387096774193,11.868966666666667,13.967870967741936,13.688899999999999,13.016870967741935,13.26264,0.0,0.0,0.0,0.0,0.0,0.0,0.0,0.0,0.0,0.0,0.0,0.0,0.0,0.0,0.0,0.0,0.0,0.0,0.0,0.0,9.0,19.0,20.0,6.0,2.0,8.0,5.0,0.0,21.551,84.056,147.121,228.286,355.08,523.566,712.62,0.0,0.272,1.3820000000000001,2.225,3.628,5.7780000000000005,8.384,10.32,0.0,0.0,4.677444444444444,4.65358064516129,4.310266666666666,4.681064516129032,5.8571333333333335,6.416193548387096,6.62352,0.0,2.139
MX22,14.798,1.473,2017,0.0,48.084999999999994,251.182,510.572,856.938,1149.114,1385.621,1659.554,0.0,0.0,0.0,43.165,65.121,103.117,234.8,352.893,429.937,0.0,0.0,-19.96742857142857,-83.30229032258065,-228.33036666666666,-378.0401935483871,-502.10706666666664,-473.0475806451613,-543.6918387096774,0.0,0.0,0.0,1.3924193548387096,0.7318666666666667,1.2256774193548388,4.389433333333333,3.809451612903226,2.485290322580645,0.0,0.0,24454140.57142857,23728471.741935484,26679225.333333332,26308316.451612905,24437682.933333334,22531072.16129032,22525779.83870968,0.0,0.0,16.869285714285713,16.551516129032258,18.646333333333335,21.17309677419355,19.7392,17.62925806451613,18.836548387096773,0.0,0.0,26.09857142857143,25.055870967741935,27.264433333333333,29.221806451612903,26.94926666666667,23.77690322580645,25.044677419354837,0.0,0.0,7.700571428571428,9.635,11.012833333333333,13.804193548387097,13.789433333333333,13.40725806451613,13.840516129032258,0.0,0.0,0.0,0.0,0.0,0.0,0.0,0.0,0.0,0.0,0.0,0.0,0.0,0.0,0.0,0.0,0.0,0.0,0.0,0.0,7.0,22.0,24.0,20.0,20.0,13.0,16.0,0.0,0.0,101.54,187.481,271.776,384.956,542.522,724.124,0.0,0.346,1.7469999999999999,2.6639999999999997,3.958,5.666,8.113,10.042,0.0,0.0,5.757428571428571,5.766838709677419,5.102866666666667,4.852,5.2235,6.536225806451613,6.81741935483871,0.0,6.893
MX23,13.957,1.382,2017,0.0,64.788,546.125,1061.247,1621.199,2142.564,2682.035,3019.238,0.0,0.0,1.1,24.001,77.037,139.858,338.69,446.76,527.031,0.0,0.0,-11.6585,-81.32967741935484,-211.9485,-325.8637741935484,-340.6757,-312.5200322580645,-355.48321052631576,0.0,0.0,0.275,0.738741935483871,1.7678666666666667,2.0264838709677417,6.6277333333333335,3.4861290322580643,4.22478947368421,0.0,0.0,20155972.5,20040428.612903226,22071563.066666666,22076171.548387095,18192861.533333335,22074691.93548387,20961484.684210528,0.0,0.0,26.197,25.527,27.17073333333333,28.062967741935484,27.378833333333333,27.402290322580644,27.74752631578947,0.0,0.0,32.1805,31.48167741935484,32.825066666666665,33.42077419354839,31.6581,32.03512903225807,31.958526315789474,0.0,0.0,21.2425,20.75583870967742,23.132533333333335,24.158258064516126,24.7412,24.09616129032258,24.505631578947366,0.0,0.0,0.0,0.0,0.0,0.0,0.0,0.0,0.0,0.0,0.0,0.0,0.0,0.0,2.0,1.0,0.0,0.0,0.0,0.0,4.0,25.0,20.0,17.0,4.0,6.0,6.0,0.0,0.0,205.356,402.949,615.145,839.494,1075.538,1237.67,0.0,0.763,3.157,4.874,6.971,10.143,13.407,15.001,0.0,0.0,4.487,4.588193548387097,4.870566666666666,5.226322580645161,6.356333333333334,6.076677419354839,6.013736842105263,0.0,1.014
MX24,12.983,1.469,2017,0.0,128.503,440.244,811.977,1260.452,1705.733,2099.046,2462.721,0.0,0.0,2.219,52.799,75.389,143.09199999999998,211.034,349.455,420.409,0.0,0.0,-31.756857142857143,-90.21725806451613,-230.90973333333335,-379.7057419354839,-494.02003333333334,-522.6858387096775,-576.5432307692307,0.0,0.0,0.1585,1.6316129032258064,0.753,2.183967741935484,2.2647333333333335,4.465193548387097,2.729,0.0,0.0,21062223.07142857,20833879.225806452,24657188.066666666,23784151.16129032,24823955.333333332,22362300.19354839,23809501.923076924,0.0,0.0,19.178785714285713,20.05616129032258,22.391099999999998,24.46693548387097,24.842699999999997,22.687516129032257,23.987499999999997,0.0,0.0,26.877714285714287,26.953741935483873,29.80666666666667,31.344451612903224,31.232266666666664,28.092451612903226,29.446,0.0,0.0,12.238071428571429,14.24458064516129,15.9901,18.48325806451613,19.520633333333333,18.869935483870968,19.372230769230768,0.0,0.0,0.0,0.0,0.0,0.0,0.0,0.0,0.0,0.0,0.0,0.0,0.0,2.0,0.0,1.0,0.0,0.0,0.0,0.0,14.0,22.0,24.0,15.0,17.0,8.0,14.0,0.0,33.059,129.316,222.746,319.758,427.608,556.207,704.707,0.0,0.7290000000000001,2.295,3.369,4.776,6.46,8.475,10.088000000000001,0.0,0.0,4.0775,4.304612903225807,3.7297999999999996,3.7385161290322584,3.815166666666667,4.84141935483871,4.566423076923077,0.0,1.006
MX25,14.331,1.562,2017,0.0,108.121,480.118,882.442,1339.895,1865.801,2462.2309999999998,2884.4809999999998,0.0,0.0,31.880000000000003,32.782000000000004,33.367000000000004,33.635,38.437,130.11,237.049,0.0,0.0,2.667583333333336,-93.1156129032258,-255.97220000000002,-435.6497741935484,-620.0777666666667,-758.3620967741934,-781.9507272727274,0.0,0.0,2.6566666666666667,0.029096774193548388,0.0195,0.00864516129032258,0.16006666666666666,2.957193548387097,4.860863636363636,0.0,0.0,21054826.916666668,24162026.258064516,26791206.0,28212364.0,25833649.4,22807499.16129032,20512285.045454547,0.0,0.0,19.01008333333333,21.99990322580645,23.4108,24.756548387096775,27.530199999999997,29.239677419354837,29.193181818181817,0.0,0.0,27.03,30.65658064516129,31.243133333333333,31.727193548387095,32.9722,34.243483870967744,33.67663636363636,0.0,0.0,12.726666666666667,14.786516129032258,16.524533333333334,18.58841935483871,22.778333333333332,25.29125806451613,25.742590909090907,0.0,0.0,0.0,0.0,0.0,0.0,0.0,0.0,0.0,0.0,0.0,0.0,0.0,0.0,0.0,0.0,8.0,2.0,0.0,0.0,10.0,31.0,30.0,31.0,28.0,17.0,3.0,0.0,64.887,253.06400000000002,411.749,530.329,616.928,692.658,783.08,0.0,1.226,3.585,5.151,6.744,8.026,9.254,10.472999999999999,0.0,0.0,3.9707500000000002,3.189741935483871,2.554733333333333,2.332322580645161,2.2860666666666662,3.7380322580645164,4.524090909090909,0.0,9.544
MX28,14.207,1.556,2017,0.0,171.536,574.972,1038.16,1576.742,2151.335,2713.709,3235.187,0.0,0.0,2.916,69.335,90.913,152.048,211.87199999999999,313.612,372.531,0.0,0.0,-30.841615384615384,-72.92206451612903,-211.15533333333332,-373.87174193548384,-498.68969999999996,-581.1535483870967,-698.6078148148148,0.0,0.0,0.2243076923076923,2.1425483870967743,0.7192666666666666,1.9720967741935482,1.9941333333333333,3.2819354838709676,2.182185185185185,0.0,0.0,19623967.692307692,18604406.387096774,22631531.066666666,22333046.19354839,24466012.333333332,22913087.0,23597263.62962963,0.0,0.0,23.195076923076922,23.014064516129032,25.4396,27.373612903225805,29.1531,28.14109677419355,29.313999999999997,0.0,0.0,30.777615384615384,28.734451612903225,31.817566666666668,33.195354838709676,35.0644,33.42606451612904,34.75685185185185,0.0,0.0,16.78553846153846,18.515032258064515,20.293433333333333,22.825806451612905,24.4544,24.198612903225808,24.994481481481483,0.0,0.0,0.0,0.0,0.0,0.0,0.0,0.0,0.0,0.0,0.0,1.0,0.0,5.0,5.0,16.0,5.0,15.0,0.0,0.0,13.0,22.0,24.0,20.0,17.0,9.0,13.0,0.0,36.8,164.164,305.249,432.688,543.946,652.6610000000001,768.3770000000001,0.0,0.87,3.012,4.619,6.695,8.506,10.483,11.957,0.0,0.0,4.084769230769231,4.744032258064516,4.064433333333334,4.022225806451613,3.996,4.406612903225806,4.058333333333334,0.0,2.623
MX29,14.565,1.42,2017,0.0,33.963,152.16,314.727,520.977,698.614,841.625,985.768,0.0,0.0,0.361,58.762,100.777,249.52100000000002,409.531,594.511,714.49,0.0,0.0,-19.893875,-70.36083870967742,-176.40720000000002,-247.16912903225807,-234.29146666666665,-147.7954193548387,-139.1408846153846,0.0,0.0,0.045125,1.8839032258064516,1.4005,4.798193548387097,5.333666666666667,5.967096774193548,4.614576923076923,0.0,0.0,24172458.75,23433226.70967742,25947944.266666666,23832988.64516129,22983540.766666666,22626180.06451613,23725922.384615384,0.0,0.0,14.245375,13.812806451612904,15.4189,16.653225806451612,15.921233333333333,14.61325806451613,15.54396153846154,0.0,0.0,22.81475,21.769774193548386,23.350133333333336,23.705451612903225,22.286333333333335,20.808354838709676,21.995384615384616,0.0,0.0,6.18375,6.968935483870968,8.175766666666666,10.40641935483871,10.508700000000001,9.951612903225806,10.20773076923077,0.0,0.0,0.0,0.0,0.0,0.0,0.0,0.0,0.0,0.0,0.0,0.0,0.0,0.0,0.0,0.0,0.0,0.0,0.0,0.0,8.0,15.0,18.0,5.0,7.0,5.0,9.0,0.0,18.469,71.403,123.665,191.159,305.884,477.146,668.79,0.0,0.254,1.2610000000000001,2.011,3.249,5.158,7.766,9.716000000000001,0.0,0.0,4.66075,4.745548387096774,4.416566666666667,4.65941935483871,5.212533333333334,5.746,6.055846153846153,0.0,2.629
MX30,13.799,1.425,2017,0.0,285.027,713.313,1196.552,1743.0819999999999,2251.088,2736.374,2839.845,0.0,0.0,9.248000000000001,93.491,132.025,240.84799999999998,504.646,820.308,849.166,0.0,0.0,-36.977809523809526,-85.93829032258064,-182.54966666666667,-298.0555483870968,-242.01413333333332,-42.57606451612902,9.754833333333343,0.0,0.0,0.44038095238095243,2.717516129032258,1.2844666666666666,3.5104193548387093,8.793266666666666,10.182645161290322,4.809666666666666,0.0,0.0,18927707.523809522,19261789.677419353,22127600.766666666,21296191.70967742,21079898.633333333,20605811.06451613,22875035.666666668,0.0,0.0,23.572714285714284,23.81567741935484,26.107966666666666,27.63,26.933533333333333,25.65438709677419,27.245166666666666,0.0,0.0,29.861761904761902,29.438193548387094,32.3605,33.3948064516129,32.0066,30.165387096774193,31.89016666666667,0.0,0.0,18.45509523809524,19.46516129032258,21.238633333333333,23.243806451612905,23.119566666666667,22.381193548387095,23.346333333333334,0.0,0.0,0.0,0.0,0.0,0.0,0.0,0.0,0.0,0.0,0.0,0.0,1.0,6.0,8.0,2.0,0.0,0.0,0.0,0.0,19.0,19.0,21.0,18.0,2.0,3.0,1.0,0.0,90.27,213.398,329.974,457.235,617.858,802.867,866.625,0.0,1.642,3.755,5.256,7.37,10.126,13.177,13.892,0.0,0.0,6.645476190476191,6.617129032258065,6.0981000000000005,6.023322580645162,6.8359,7.430161290322581,7.155833333333334,0.0,1.668
MX02,14.024,1.493,2019,0.0,65.06899999999999,350.352,775.192,1213.224,1835.828,2583.623,2861.272,0.0,0.0,11.331000000000001,18.974,21.535,22.776,22.917,28.956,33.214,0.0,0.0,-22.887421052631577,-114.94554838709676,-288.8212666666667,-490.85677419354835,-719.1014333333334,-962.830064516129,-1120.3541818181818,0.0,0.0,0.5963684210526317,0.24654838709677418,0.08536666666666666,0.04003225806451613,0.004699999999999999,0.19480645161290322,0.3870909090909091,0.0,0.0,16617884.894736841,21022572.032258064,26181588.4,28215493.48387097,29490962.4,27482849.548387095,25754780.90909091,0.0,0.0,13.424684210526316,19.20267741935484,24.161333333333335,24.130064516129032,30.753466666666668,34.12241935483871,35.240818181818184,0.0,0.0,19.69257894736842,26.147290322580645,31.942600000000002,31.339354838709678,38.66373333333333,41.36632258064516,42.10727272727273,0.0,0.0,7.197631578947369,11.92,16.012733333333333,16.931451612903224,22.783633333333334,26.693064516129034,28.202181818181817,0.0,0.0,0.0,0.0,0.0,0.0,0.0,0.0,0.0,0.0,0.0,0.0,0.0,8.0,4.0,27.0,31.0,11.0,0.0,0.0,17.0,29.0,29.0,31.0,30.0,28.0,9.0,0.0,99.489,249.889,387.616,503.436,610.2139999999999,714.254,781.092,0.0,1.331,3.098,4.269,5.58,6.8790000000000004,8.142,8.457,0.0,0.0,3.5074210526315794,2.587806451612903,1.5334666666666665,1.3619032258064516,0.9288666666666666,0.7026451612903226,0.8868181818181818,0.0,9.886
MX03,11.358,1.473,2019,0.0,0.0,242.644,565.697,865.958,1251.331,1775.811,2249.164,0.0,0.0,0.0,3.9490000000000003,3.951,3.991,4.047000000000001,10.378,27.039,0.0,0.0,0.0,-63.60096296296297,-226.2936,-410.5747419354839,-596.7732666666667,-813.5239354838709,-1004.6121153846154,0.0,0.0,0.0,0.14625925925925928,6.666666666666667e-05,0.0012903225806451613,0.0018666666666666666,0.2042258064516129,0.6408076923076924,0.0,0.0,0.0,23091650.259259257,27332953.666666668,29148364.967741936,28770441.2,26924022.70967742,25083547.0,0.0,0.0,0.0,18.986814814814814,20.768433333333334,19.68583870967742,22.84576666666667,26.918709677419354,28.20588461538462,0.0,0.0,0.0,26.950518518518518,28.484466666666666,26.00974193548387,29.845266666666664,34.22632258064517,34.71523076923077,0.0,0.0,0.0,12.66362962962963,14.387933333333333,14.048741935483871,17.514,21.97,23.796115384615383,0.0,0.0,0.0,0.0,0.0,0.0,0.0,0.0,0.0,0.0,0.0,0.0,0.0,0.0,0.0,1.0,7.0,10.0,0.0,0.0,0.0,26.0,30.0,31.0,30.0,29.0,23.0,0.0,0.0,56.54,134.358,206.23,274.571,334.295,396.568,0.0,0.0,0.834,1.421,2.154,2.871,3.561,4.078,0.0,0.0,0.0,2.6250370370370373,1.8950333333333333,1.7140645161290324,1.5060666666666667,1.3951935483870967,1.8871538461538462,0.0,6.871
MX07,13.185,1.464,2019,0.0,222.624,677.585,1164.406,1680.736,2149.804,2623.416,2700.416,0.0,0.0,1.713,11.274000000000001,23.172,146.951,332.509,422.913,449.447,0.0,0.0,-38.93813333333333,-150.7056129032258,-309.04200000000003,-433.62603225806447,-389.5160333333333,-411.80661290322575,-445.4118,0.0,0.0,0.11420000000000001,0.3084193548387097,0.3966,3.9928709677419354,6.185266666666666,2.916258064516129,5.3068,0.0,0.0,22098548.4,22870622.129032258,24832665.4,22826307.83870968,21516199.066666666,22758866.129032258,21432958.4,0.0,0.0,24.841600000000003,24.676161290322582,26.22736666666667,26.655806451612904,25.6356,25.277806451612904,25.4,0.0,0.0,31.976466666666667,31.479064516129032,32.958933333333334,32.53409677419355,30.685466666666667,30.51967741935484,30.533800000000003,0.0,0.0,18.898866666666667,19.255903225806453,20.372533333333333,21.953806451612902,21.806466666666665,21.127193548387098,21.4262,0.0,0.0,0.0,0.0,0.0,0.0,0.0,0.0,0.0,0.0,0.0,0.0,0.0,0.0,0.0,0.0,0.0,0.0,0.0,0.0,15.0,30.0,27.0,4.0,0.0,10.0,0.0,0.0,41.334,157.989,266.28700000000003,388.841,553.474,743.375,809.353,0.0,0.925,2.6630000000000003,3.899,5.779,8.595,11.453,12.213,0.0,0.0,4.4322,4.325903225806452,4.0572,4.669161290322581,5.767566666666667,5.15241935483871,5.005,0.0,2.738
MX08,12.3,1.457,2019,0.0,15.821,102.614,265.687,529.949,914.326,1298.066,1458.0720000000001,0.0,0.0,8.157,22.803,25.241,27.884999999999998,50.705,129.757,164.361,0.0,0.0,-29.872263157894736,-124.05490322580644,-277.92316666666665,-471.2026774193548,-670.2725333333333,-827.2979677419355,-891.7004615384615,0.0,0.0,0.4293157894736842,0.4724516129032258,0.08126666666666667,0.08529032258064516,0.7606666666666667,2.5500645161290323,2.6618461538461538,0.0,0.0,18915437.52631579,22105255.16129032,27091327.666666668,29748467.032258064,28471701.066666666,25176669.419354837,24800985.846153848,0.0,0.0,9.01457894736842,12.537774193548387,15.4197,18.52458064516129,22.812566666666665,22.378709677419355,22.308153846153843,0.0,0.0,16.10421052631579,20.238000000000003,23.049233333333333,26.141774193548386,29.895633333333333,28.765354838709676,28.769923076923078,0.0,0.0,2.865736842105263,5.427741935483871,7.739633333333333,10.457548387096773,14.689466666666668,15.945354838709678,16.407307692307693,0.0,0.0,3.0,0.0,0.0,0.0,0.0,0.0,0.0,0.0,0.0,0.0,0.0,0.0,0.0,0.0,0.0,0.0,0.0,0.0,16.0,27.0,30.0,30.0,27.0,17.0,3.0,0.0,32.575,83.425,138.45999999999998,200.04899999999998,293.887,444.07099999999997,569.914,0.0,0.656,1.56,2.25,3.193,4.459,6.3420000000000005,7.465,0.0,0.0,3.312736842105263,3.026258064516129,2.3307,1.9111612903225808,2.0894333333333335,2.8294193548387097,3.160461538461538,0.0,8.076634676053276
MX10,14.562,1.551,2019,0.0,70.745,286.439,533.001,871.555,1248.608,1591.565,1796.157,0.0,0.0,1.4260000000000002,4.21,4.522,5.7940000000000005,39.685,123.831,136.688,0.0,0.0,-36.79235714285714,-153.49374193548388,-332.07196666666664,-545.1576774193549,-720.8472,-845.6556774193549,-932.87875,0.0,0.0,0.10185714285714287,0.08980645161290322,0.0104,0.04103225806451613,1.1297,2.7143870967741934,0.8035625,0.0,0.0,22115129.42857143,24464697.032258064,28185487.733333334,29524027.48387097,26603100.333333332,24832262.580645163,25296667.125,0.0,0.0,15.053214285714287,16.957870967741933,18.218733333333333,20.921096774193547,22.568433333333335,21.063129032258065,22.787,0.0,0.0,24.171071428571427,26.05377419354839,26.96626666666667,29.86258064516129,29.5738,27.589032258064517,29.264125,0.0,0.0,7.2365,8.401,9.957600000000001,12.15283870967742,15.5925,15.245806451612903,16.0918125,0.0,0.0,0.0,0.0,0.0,0.0,0.0,0.0,0.0,0.0,0.0,0.0,0.0,0.0,0.0,0.0,0.0,0.0,0.0,0.0,13.0,30.0,30.0,31.0,22.0,12.0,11.0,0.0,21.144,88.905,159.92,228.028,300.248,393.716,474.444,0.0,0.533,1.663,2.5100000000000002,3.572,4.729,6.219,7.022,0.0,0.0,3.3147857142857142,3.0723870967741935,2.7129,2.3490967741935487,3.0752333333333337,3.6893225806451615,3.3985625,0.0,4.706
MX12,13.381,1.455,2019,0.0,140.374,644.959,1150.682,1690.042,2152.353,2599.8849999999998,2946.3849999999998,0.0,0.0,0.37,2.8859999999999997,4.513,37.572,241.18,458.239,628.891,0.0,0.0,-24.251333333333335,-129.37709677419355,-305.44186666666667,-491.2924838709677,-488.88713333333334,-446.29567741935483,-383.710625,0.0,0.0,0.04111111111111111,0.08116129032258064,0.054233333333333335,1.0664193548387095,6.786933333333334,7.001903225806451,7.110499999999999,0.0,0.0,22655179.111111112,24550159.548387095,26921182.666666668,26184970.19354839,22192127.7,22928084.51612903,22211007.083333332,0.0,0.0,25.59711111111111,26.276935483870968,26.857433333333333,27.398709677419355,25.41036666666667,24.43651612903226,24.4375,0.0,0.0,33.068444444444445,33.9471935483871,34.483399999999996,34.29996774193548,30.4522,29.21358064516129,29.12125,0.0,0.0,18.717444444444443,19.136290322580646,19.681533333333334,20.84851612903226,21.170399999999997,20.404129032258066,20.511166666666668,0.0,0.0,0.0,0.0,0.0,0.0,0.0,0.0,0.0,0.0,0.0,0.0,5.0,8.0,10.0,0.0,0.0,0.0,0.0,0.0,9.0,31.0,30.0,22.0,2.0,1.0,0.0,0.0,31.19,119.025,199.358,290.448,435.775,627.567,842.974,0.0,0.35,1.674,2.619,3.927,6.4190000000000005,9.305,11.629,0.0,0.0,5.5391111111111115,5.033935483870968,4.373433333333334,4.340096774193548,6.712833333333333,7.361774193548388,7.900125,0.0,1.855
MX13,14.796,1.464,2019,0.0,26.5,226.03300000000002,470.958,781.5360000000001,1022.722,1228.8120000000001,1462.999,1491.717,0.0,1.722,16.582,33.909,61.073,190.452,304.015,387.499,392.708,0.0,-9.247,-82.67574193548387,-225.9206333333333,-376.5128064516129,-461.4162,-470.7969677419355,-512.709064516129,-548.5285,0.0,0.4305,0.47935483870967743,0.5775666666666666,0.876258064516129,4.312633333333333,3.6633225806451613,2.693032258064516,1.30225,0.0,23188262.0,23772989.774193548,26798015.6,27070583.35483871,23185190.2,22956732.612903226,24022391.80645161,23522905.5,0.0,16.625,16.436548387096774,18.164166666666667,20.018645161290323,18.039533333333335,16.648064516129033,17.55441935483871,17.179499999999997,0.0,25.667749999999998,25.10132258064516,26.747633333333333,28.06216129032258,24.3802,22.709806451612902,23.81661290322581,23.459,0.0,8.3885,9.215870967741935,10.262599999999999,12.714483870967742,13.035766666666666,12.17158064516129,12.42425806451613,11.4015,0.0,0.0,0.0,0.0,0.0,0.0,0.0,0.0,0.0,0.0,0.0,0.0,0.0,0.0,0.0,0.0,0.0,0.0,0.0,3.0,26.0,25.0,25.0,10.0,7.0,10.0,2.0,0.0,95.627,186.066,285.067,416.777,584.239,756.92,811.098,0.364,1.755,2.781,4.278,6.304,8.782,11.19,0.0,0.0,4.38675,4.126967741935483,3.6425666666666667,3.5290322580645164,4.654833333333333,4.958193548387097,4.871483870967742,4.55425,3.274
MX14,14.163,1.49,2019,0.0,107.34,429.783,764.35,1167.233,1541.585,1857.076,2078.681,0.0,0.0,1.3519999999999999,2.222,2.826,8.685,92.682,326.082,427.905,0.0,0.0,-30.095083333333335,-139.6908064516129,-317.74923333333334,-515.5722258064516,-643.2320333333333,-654.1747419354839,-586.8738571428572,0.0,0.0,0.11266666666666665,0.028064516129032258,0.020133333333333333,0.189,2.7999,7.529032258064516,4.848714285714285,0.0,0.0,22272393.333333332,25444300.580645163,27677300.8,28097947.032258064,24326955.466666665,22878485.870967742,23218546.285714287,0.0,0.0,18.945,20.401387096774194,21.152233333333335,22.996225806451616,22.4784,20.177129032258065,20.55261904761905,0.0,0.0,27.12425,28.836645161290324,29.514433333333333,31.105129032258066,29.376633333333334,26.506870967741936,26.716190476190473,0.0,0.0,11.262500000000001,12.033548387096776,12.828133333333334,14.665903225806451,16.686066666666665,15.703967741935482,15.866761904761905,0.0,0.0,0.0,0.0,0.0,0.0,0.0,0.0,0.0,0.0,0.0,0.0,0.0,0.0,0.0,0.0,0.0,0.0,0.0,0.0,12.0,31.0,30.0,29.0,9.0,1.0,1.0,0.0,31.836,124.037,203.18099999999998,273.124,367.452,522.659,735.406,0.0,0.72,2.066,2.971,4.0889999999999995,5.636,8.148,10.419,0.0,0.0,4.674833333333333,4.176322580645161,3.5790333333333333,3.246806451612903,4.2398,5.40341935483871,5.737333333333333,0.0,7.799
MX18,13.732,1.443,2019,0.0,121.878,483.188,848.106,1264.876,1724.378,2164.027,2519.718,0.0,0.0,3.6550000000000002,5.361,5.631,7.444,46.456,300.183,534.142,0.0,0.0,-21.934916666666666,-120.81983870967741,-282.7742666666666,-460.5983225806452,-621.1404666666666,-637.1141290322581,-509.47752,0.0,0.0,0.3045833333333334,0.05503225806451613,0.009000000000000001,0.058483870967741935,1.3004,8.18474193548387,9.35836,0.0,0.0,19842535.833333332,24625444.677419353,27148683.2,28208704.06451613,25271753.6,21332649.51612903,19957374.24,0.0,0.0,20.1565,21.655161290322578,22.163933333333333,23.444193548387098,25.31673333333333,24.182225806451612,24.22764,0.0,0.0,27.845333333333333,30.54032258064516,30.95263333333333,31.896935483870966,32.615500000000004,29.99383870967742,29.367399999999996,0.0,0.0,14.212833333333334,14.281709677419355,14.959633333333333,16.461290322580645,19.956266666666668,20.546709677419354,20.9312,0.0,0.0,0.0,0.0,0.0,0.0,0.0,0.0,0.0,0.0,0.0,0.0,0.0,0.0,0.0,0.0,0.0,0.0,0.0,0.0,11.0,31.0,30.0,31.0,22.0,2.0,0.0,0.0,43.876,160.78199999999998,258.40799999999996,345.45599999999996,435.03999999999996,562.535,750.719,0.0,0.992,2.716,3.846,5.2379999999999995,6.746,9.044,11.289,0.0,0.0,3.802,3.4311612903225805,3.1358666666666664,2.8890322580645162,3.2191666666666667,4.720612903225806,5.2926,0.0,6.314
MX19,12.117,1.486,2019,0.0,122.44,360.975,701.777,1143.74,1609.941,2076.029,2456.916,0.0,0.0,4.057,44.03,52.592999999999996,115.455,203.969,251.324,262.075,0.0,0.0,-30.37366666666667,-106.28748387096773,-227.9059,-365.3271612903226,-499.4445333333333,-611.2174516129032,-761.2411304347826,0.0,0.0,0.2704666666666667,1.2894516129032259,0.28543333333333337,2.027806451612903,2.9504666666666663,1.5275806451612903,0.46743478260869564,0.0,0.0,17972101.533333335,18708494.16129032,25274241.666666668,23608139.419354837,24581812.533333335,24999171.548387095,25629504.347826086,0.0,0.0,18.162666666666667,17.69467741935484,21.36006666666667,24.256870967741936,25.540033333333334,25.035096774193548,26.560304347826083,0.0,0.0,25.375466666666668,24.312483870967743,29.0058,30.821483870967743,32.24626666666667,31.511548387096774,33.36721739130435,0.0,0.0,11.734866666666667,12.294225806451612,14.3453,18.93722580645161,20.139966666666666,19.75732258064516,20.720608695652174,0.0,0.0,0.0,0.0,0.0,0.0,0.0,0.0,0.0,0.0,0.0,0.0,0.0,0.0,0.0,2.0,0.0,0.0,0.0,0.0,14.0,21.0,27.0,16.0,16.0,19.0,21.0,0.0,28.351,115.464,206.93099999999998,305.319,416.194,533.078,650.911,0.0,0.714,2.182,3.303,4.743,6.446,8.198,9.358,0.0,0.0,3.9364,4.011096774193549,3.5887000000000002,3.8293870967741936,3.8882,3.7407419354838707,3.1656956521739135,0.0,0.908
MX21,14.354,1.463,2019,0.0,75.738,347.609,639.161,963.893,1224.71,1463.96,1668.814,0.0,0.0,3.076,19.095,49.01,119.396,341.402,529.978,672.931,0.0,0.0,-22.964444444444446,-114.11654838709677,-261.9800333333333,-387.83067741935486,-360.30603333333335,-316.246064516129,-270.95144,0.0,0.0,0.3417777777777778,0.5167419354838709,0.9971666666666666,2.270516129032258,7.4002,6.083096774193548,5.71812,0.0,0.0,23069986.222222224,24388116.51612903,26335122.866666667,26097327.35483871,22809387.2,24108436.967741936,23742481.68,0.0,0.0,18.415333333333333,18.770032258064514,19.7184,20.47522580645161,18.6939,17.717741935483872,18.19416,0.0,0.0,26.229,26.588290322580644,27.163766666666668,27.499161290322583,24.3266,23.566161290322583,24.02556,0.0,0.0,10.341777777777777,10.946387096774194,12.0964,13.586870967741936,13.847000000000001,12.815935483870968,13.226959999999998,0.0,0.0,0.0,0.0,0.0,0.0,0.0,0.0,0.0,0.0,0.0,0.0,0.0,0.0,0.0,0.0,0.0,0.0,0.0,0.0,8.0,27.0,23.0,16.0,5.0,5.0,2.0,0.0,22.94,89.965,154.68200000000002,226.575,333.983,491.39,680.061,0.0,0.288,1.43,2.262,3.443,5.3149999999999995,7.707,9.7,0.0,0.0,4.768555555555555,4.497451612903226,4.048166666666667,4.048516129032258,5.512933333333334,6.090193548387097,6.33912,0.0,2.159
MX25,14.331,1.562,2019,0.0,95.82600000000001,433.281,818.127,1273.492,1810.484,2416.743,2854.019,0.0,0.0,0.033,3.481,3.534,3.6529999999999996,4.965,73.893,137.826,0.0,0.0,-27.639666666666667,-123.32051612903224,-284.8648,-468.78225806451616,-653.2980666666666,-818.2678709677419,-897.0133636363636,0.0,0.0,0.0027500000000000003,0.1112258064516129,0.0017666666666666668,0.0038387096774193546,0.04373333333333333,2.223483870967742,2.9060454545454544,0.0,0.0,20936299.833333332,23031915.80645161,27107407.333333332,28527020.451612905,26573024.466666665,22539408.225806452,20114191.545454547,0.0,0.0,17.985500000000002,20.885645161290324,22.8282,24.6891935483871,27.899733333333334,29.55674193548387,29.876181818181816,0.0,0.0,26.08066666666667,29.558290322580646,30.942066666666665,32.219741935483874,33.827533333333335,34.6181935483871,34.265,0.0,0.0,11.715833333333334,13.708064516129031,15.558,17.802451612903226,22.729833333333332,25.458193548387094,26.24354545454545,0.0,0.0,0.0,0.0,0.0,0.0,0.0,0.0,0.0,0.0,0.0,0.0,0.0,0.0,0.0,9.0,11.0,9.0,0.0,0.0,12.0,30.0,30.0,31.0,30.0,20.0,16.0,0.0,62.839,253.258,425.054,555.917,646.165,722.119,817.055,0.0,1.2109999999999999,3.657,5.3,7.0,8.297,9.498,10.677,0.0,0.0,3.47325,3.1958387096774192,2.5960666666666667,2.171967741935484,2.0789,3.3030967741935484,3.670681818181818,0.0,10.354
MX32,13.261,1.5,2019,0.0,91.09,348.54,622.368,975.794,1333.2,1634.838,1818.3410000000001,0.0,0.0,1.22,3.352,3.927,8.558,61.336,227.415,292.756,0.0,0.0,-34.29053846153846,-147.43287096774193,-326.4351,-532.6555483870968,-692.1113666666666,-754.9044193548388,-755.1371111111112,0.0,0.0,0.09384615384615384,0.06877419354838708,0.01916666666666667,0.14938709677419357,1.7592666666666665,5.357387096774194,3.6300555555555554,0.0,0.0,22118979.230769232,25106807.741935484,27980287.866666667,28713479.48387097,25794350.066666666,24657305.032258064,24797647.666666668,0.0,0.0,17.006923076923076,18.30483870967742,19.127599999999997,21.40083870967742,21.91353333333333,19.73025806451613,20.19461111111111,0.0,0.0,24.72023076923077,26.297516129032257,27.137633333333333,29.229032258064517,28.616733333333332,26.068709677419356,26.496444444444442,0.0,0.0,9.668692307692307,10.119677419354838,11.043633333333334,13.077709677419355,15.385833333333332,14.555290322580644,14.686277777777779,0.0,0.0,0.0,0.0,0.0,0.0,0.0,0.0,0.0,0.0,0.0,0.0,0.0,0.0,0.0,0.0,0.0,0.0,0.0,0.0,13.0,31.0,30.0,29.0,17.0,6.0,5.0,0.0,22.576,91.549,157.854,221.571,297.873,407.702,505.351,0.0,0.5640000000000001,1.6800000000000002,2.482,3.498,4.7540000000000004,6.49,7.5360000000000005,0.0,0.0,3.680076923076923,3.340774193548387,2.8920000000000003,2.576096774193548,3.3501,4.389709677419354,4.3950555555555555,0.0,2.146
MX01,13.644,1.583,2022,0.0,102.197,345.2,663.559,1066.393,1407.206,1728.69,1913.431,0.0,0.0,0.152,0.189,10.514,18.415,56.422,200.107,310.415,0.0,0.0,-33.065769230769234,-152.75125806451612,-340.72683333333333,-530.2850967741936,-710.9316,-785.957,-813.4323684210526,0.0,0.0,0.011692307692307693,0.0011935483870967743,0.3441666666666666,0.25487096774193546,1.2669,4.635,5.805684210526316,0.0,0.0,22878109.846153848,26336532.967741936,27739524.466666665,28472680.774193548,25647063.666666668,25063050.903225806,23876386.0,0.0,0.0,17.861307692307694,17.838806451612903,20.611966666666667,22.994645161290325,21.360433333333333,20.370451612903228,19.72321052631579,0.0,0.0,25.913538461538458,26.360548387096774,28.692366666666665,30.72490322580645,28.445666666666668,27.075161290322583,26.007210526315788,0.0,0.0,9.239,9.115354838709678,12.052466666666668,14.436451612903227,15.2046,14.979548387096774,14.61315789473684,0.0,0.0,0.0,0.0,0.0,0.0,0.0,0.0,0.0,0.0,0.0,0.0,0.0,0.0,0.0,0.0,0.0,0.0,0.0,0.0,13.0,31.0,27.0,28.0,21.0,14.0,9.0,0.0,24.927,94.783,160.161,227.261,304.326,409.508,502.384,0.0,0.535,1.54,2.302,3.338,4.454,6.064,7.0440000000000005,0.0,0.0,3.746,3.1072258064516127,2.880133333333333,2.823677419354839,3.4347,4.566516129032259,4.928789473684211,0.0,2.4944465372804148
MX02,14.024,1.493,2022,0.0,119.828,424.422,836.853,1368.892,2037.54,2793.105,3061.398,0.0,0.0,0.8109999999999999,1.927,2.0,2.093,5.052,9.098,17.306,0.0,0.0,-42.45347368421053,-160.5794193548387,-343.27099999999996,-563.6594193548386,-807.8631,-1059.6305161290322,-1216.7393636363636,0.0,0.0,0.04268421052631579,0.036,0.0024333333333333334,0.003,0.09863333333333334,0.13051612903225807,0.7461818181818182,0.0,0.0,18594731.63157895,22638599.80645161,27289218.266666666,29828265.93548387,29266891.466666665,27087140.51612903,24493642.90909091,0.0,0.0,16.306736842105266,19.825612903225807,23.747700000000002,27.162548387096773,32.288266666666665,34.373064516129034,34.39027272727273,0.0,0.0,23.999736842105264,27.69193548387097,31.94953333333333,35.41396774193549,40.0801,41.19809677419355,40.06754545454545,0.0,0.0,9.183947368421054,11.938225806451612,15.204833333333333,18.925967741935484,24.3715,27.501322580645162,28.505272727272725,0.0,0.0,0.0,0.0,0.0,0.0,0.0,0.0,0.0,0.0,0.0,0.0,0.0,7.0,18.0,30.0,31.0,11.0,0.0,0.0,19.0,31.0,30.0,31.0,30.0,30.0,7.0,0.0,93.025,236.993,374.693,495.63599999999997,601.974,696.403,755.907,0.0,1.199,2.877,4.021,5.325,6.532,7.742,8.039,0.0,0.0,1.3701052631578947,1.2212258064516128,1.0711000000000002,0.8047741935483871,0.6932666666666667,0.8440967741935484,1.9396363636363636,0.0,11.17360029398625
MX03,11.358,1.473,2022,0.0,0.0,242.25400000000002,541.525,865.795,1292.388,1814.226,2281.882,0.0,0.0,0.0,0.028999999999999998,0.16999999999999998,0.19799999999999998,6.074,10.693,26.012999999999998,0.0,0.0,0.0,-74.79388888888889,-233.7363,-421.48845161290325,-614.9604333333334,-826.2600967741935,-1012.9351923076922,0.0,0.0,0.0,0.001074074074074074,0.0047,0.000903225806451613,0.19586666666666666,0.149,0.5892307692307692,0.0,0.0,0.0,25268581.111111112,27448897.933333334,29166064.903225806,27877142.066666666,27174644.0,24952127.0,0.0,0.0,0.0,18.97237037037037,19.9757,20.460322580645162,24.219766666666665,26.83348387096774,27.98676923076923,0.0,0.0,0.0,27.361592592592594,27.640533333333334,27.98764516129032,31.232966666666666,33.69625806451613,34.25269230769231,0.0,0.0,0.0,12.073,13.697466666666665,14.686548387096774,19.137766666666668,21.931548387096775,23.67626923076923,0.0,0.0,0.0,0.0,0.0,0.0,0.0,0.0,0.0,0.0,0.0,0.0,0.0,0.0,0.0,5.0,6.0,6.0,0.0,0.0,0.0,27.0,30.0,31.0,28.0,30.0,20.0,0.0,0.0,55.048,127.78399999999999,193.292,255.296,311.981,374.746,0.0,0.0,0.806,1.3780000000000001,2.0869999999999997,2.778,3.459,3.988,0.0,0.0,0.0,1.8477037037037036,1.7603666666666666,1.605225806451613,1.7735333333333334,1.7784516129032257,2.3495,0.0,8.355411687898089
MX04,14.258,1.413,2022,0.0,31.318,556.784,1114.797,1711.377,2234.522,2801.163,3335.48,3504.586,0.0,0.167,16.78,53.981,145.44,260.555,317.975,440.623,499.772,0.0,-7.4205000000000005,-93.2618064516129,-271.9684,-437.5455483870968,-463.8804333333334,-570.982870967742,-645.1491935483871,-656.4503,0.0,0.0835,0.5359032258064516,1.2400333333333333,2.950290322580645,3.8371666666666666,1.852258064516129,3.9563870967741934,5.9149,0.0,19063845.0,20303185.580645163,22962553.3,22477060.032258064,21392001.4,22657494.258064516,21312333.322580647,19432729.3,0.0,25.659,26.95051612903226,28.600433333333335,29.24451612903226,27.438166666666667,28.27874193548387,27.236032258064515,26.9106,0.0,31.8425,33.70916129032258,35.6635,35.91287096774194,32.82373333333333,33.94680645161291,32.776806451612906,32.397000000000006,0.0,20.534,21.35125806451613,22.99386666666667,24.137451612903224,23.718700000000002,24.247032258064518,23.780032258064516,23.532400000000003,0.0,0.0,0.0,0.0,0.0,0.0,0.0,0.0,0.0,0.0,0.0,11.0,22.0,24.0,2.0,4.0,1.0,0.0,0.0,2.0,28.0,22.0,20.0,16.0,17.0,7.0,2.0,0.0,172.38400000000001,334.66700000000003,501.596,685.8199999999999,883.798,1093.626,1167.125,0.0,2.497,4.294,6.939,9.877,12.874,15.938,16.786,0.0,5.0065,5.069612903225806,4.829933333333333,4.948290322580645,6.2453666666666665,5.6924838709677426,6.236967741935484,6.6472,2.561804428429205
MX05,12.134,1.45,2022,0.0,89.85600000000001,337.691,730.364,1249.6009999999999,1755.066,2290.682,2548.404,0.0,0.0,1.11,1.8820000000000001,22.357,38.133,53.683,82.015,125.254,0.0,0.0,-39.59835294117647,-159.7717741935484,-345.49563333333333,-535.1214516129032,-757.0042666666667,-960.6146774193548,-1106.685625,0.0,0.0,0.06529411764705884,0.024903225806451615,0.6825,0.5089032258064516,0.5183333333333333,0.9139354838709678,2.7024375,0.0,0.0,20381690.94117647,24235433.548387095,25069577.866666667,27134760.774193548,27221374.933333334,26384647.29032258,24462600.75,0.0,0.0,15.220705882352942,17.970258064516127,23.0891,26.749580645161288,26.848833333333335,27.277935483870966,26.107625,0.0,0.0,22.96364705882353,25.969645161290323,30.174533333333333,33.69751612903226,33.17896666666667,33.135290322580644,31.669625,0.0,0.0,7.819235294117647,9.840709677419355,15.839699999999999,19.222935483870966,20.312566666666665,21.191709677419354,20.7031875,0.0,0.0,0.0,0.0,0.0,0.0,0.0,0.0,0.0,0.0,0.0,0.0,0.0,0.0,8.0,6.0,2.0,0.0,0.0,0.0,17.0,31.0,26.0,28.0,27.0,21.0,7.0,0.0,27.508,105.78399999999999,177.082,253.742,343.308,438.53499999999997,507.05,0.0,0.5,1.429,2.146,3.2030000000000003,4.4190000000000005,5.679,6.329,0.0,0.0,1.8936470588235295,1.2348387096774194,1.5672666666666666,1.9861290322580645,1.9385666666666665,2.213225806451613,2.4123125,0.0,1.774372034882588
MX06,13.658,1.435,2022,0.0,165.247,563.868,985.698,1447.681,1876.058,2311.522,2514.268,0.0,0.0,2.092,2.319,3.7600000000000002,9.498000000000001,319.382,664.02,823.207,0.0,0.0,-30.1755,-139.93816129032257,-313.5545666666667,-493.9051935483871,-534.3722333333333,-288.3111935483871,-144.8514,0.0,0.0,0.17433333333333334,0.00732258064516129,0.04803333333333334,0.18509677419354836,10.329466666666667,11.117354838709677,10.612466666666668,0.0,0.0,21736060.333333332,25408203.096774194,26982750.933333334,26938125.16129032,19722607.566666666,19959415.096774194,19422525.733333334,0.0,0.0,23.770583333333335,22.85874193548387,24.061,24.902677419354838,24.27923333333333,24.047225806451614,23.516399999999997,0.0,0.0,31.779583333333335,31.608451612903224,32.22093333333333,32.54516129032258,29.888433333333335,29.329548387096775,28.85846666666667,0.0,0.0,17.868583333333333,16.460806451612903,18.0596,19.338064516129034,20.722266666666666,20.725709677419353,20.495,0.0,0.0,0.0,0.0,0.0,0.0,0.0,0.0,0.0,0.0,0.0,0.0,0.0,0.0,1.0,0.0,0.0,0.0,0.0,0.0,11.0,31.0,30.0,30.0,4.0,1.0,0.0,0.0,37.033,139.281,232.706,325.435,450.948,635.396,774.04,0.0,0.902,2.495,3.616,5.11,7.003,10.031,11.576,0.0,0.0,4.8027500000000005,4.496645161290323,4.246733333333333,4.171838709677419,5.351266666666667,6.0726129032258065,6.350466666666667,0.0,4.111521515812163
MX07,13.185,1.464,2022,0.0,199.63,651.836,1142.602,1643.742,2063.33,2513.1730000000002,2587.025,0.0,0.0,3.687,14.762,54.903,202.508,516.023,671.542,678.706,0.0,0.0,-36.2734,-145.16609677419356,-296.3181666666667,-403.96651612903224,-258.3952,-168.87016129032259,-169.14100000000002,0.0,0.0,0.2458,0.35725806451612907,1.3380333333333332,4.761451612903225,10.4505,5.016741935483871,1.4327999999999999,0.0,0.0,21163576.133333333,22544772.19354839,23751008.4,22237980.870967742,19574758.166666668,21534139.64516129,23559701.2,0.0,0.0,23.308666666666667,24.587290322580646,26.358866666666664,26.1658064516129,23.986266666666666,24.511064516129032,24.770400000000002,0.0,0.0,30.227066666666666,31.618483870967744,33.01626666666667,32.07538709677419,28.63,29.278193548387097,29.787599999999998,0.0,0.0,18.16146666666667,19.102129032258063,20.7984,21.43306451612903,20.828333333333333,20.845290322580645,20.6434,0.0,0.0,0.0,0.0,0.0,0.0,0.0,0.0,0.0,0.0,0.0,0.0,0.0,1.0,0.0,0.0,0.0,0.0,0.0,0.0,15.0,29.0,19.0,16.0,3.0,6.0,2.0,0.0,41.249,157.356,265.87,386.375,541.977,726.981,793.398,0.0,0.973,2.7199999999999998,3.9859999999999998,5.973,8.705,11.594999999999999,12.299999999999999,0.0,0.0,4.7714,4.527322580645161,4.423033333333334,4.784645161290323,6.417199999999999,6.17825806451613,5.8671999999999995,0.0,1.9771894540975097
MX08,12.3,1.457,2022,0.0,8.276000000000002,71.808,292.509,642.623,1019.997,1376.202,1516.116,0.0,0.0,0.629,1.911,6.6240000000000006,7.641000000000001,61.573,166.536,209.174,0.0,0.0,-36.13768421052632,-148.67690322580646,-318.8203666666667,-525.3594838709678,-718.7069666666666,-812.1388387096774,-851.645076923077,0.0,0.0,0.033105263157894735,0.04135483870967742,0.1571,0.03280645161290322,1.7977333333333334,3.385903225806451,3.2798461538461536,0.0,0.0,20726488.842105262,24797949.80645161,27945378.066666666,29668499.80645161,26270075.6,24878083.225806452,24856310.769230768,0.0,0.0,8.988894736842104,11.418451612903224,17.3567,21.294,22.579133333333335,21.490483870967743,20.762615384615383,0.0,0.0,17.268473684210527,19.695709677419355,25.432333333333336,29.13625806451613,29.128966666666667,27.758580645161288,26.908846153846152,0.0,0.0,1.704736842105263,3.5608709677419355,8.745000000000001,12.153483870967742,15.691733333333334,15.868451612903227,15.327153846153847,0.0,0.0,6.0,2.0,0.0,0.0,0.0,0.0,0.0,0.0,0.0,0.0,0.0,0.0,0.0,0.0,0.0,0.0,0.0,0.0,19.0,31.0,29.0,31.0,18.0,12.0,2.0,0.0,33.942,84.699,138.15800000000002,201.603,310.486,482.517,618.037,0.0,0.63,1.4709999999999999,2.136,3.06,4.438,6.469,7.682,0.0,0.0,2.189736842105263,1.643967741935484,1.2473666666666667,1.1091290322580647,2.479766666666667,3.2886129032258067,3.4904615384615383,0.0,8.143366518864758
MX09,14.612,1.478,2022,0.0,4.275,215.765,465.848,755.523,972.023,1183.654,1386.53,1414.595,0.0,0.0,7.205,27.407,47.669000000000004,262.68,553.962,811.586,835.754,0.0,-4.644,-79.58051612903226,-227.1292,-369.9273548387097,-419.0078666666667,-302.1819032258064,-149.70887096774194,-78.38825000000001,0.0,0.0,0.23241935483870968,0.6734000000000001,0.6536129032258065,7.167033333333333,9.396193548387096,8.310451612903227,6.042,0.0,25624994.0,25602433.096774194,25348701.133333333,27211505.16129032,23437285.4,23328044.83870968,21868800.580645163,20212482.5,0.0,14.275,16.82225806451613,18.3361,19.344354838709677,17.216666666666665,16.826806451612903,16.544387096774194,17.01625,0.0,23.17,24.93635483870968,25.498466666666666,26.64851612903226,23.15056666666667,22.415129032258065,21.69316129032258,21.37925,0.0,5.946,8.577483870967741,10.781666666666666,11.721967741935485,12.148866666666667,12.446645161290324,12.249967741935485,12.9655,0.0,0.0,0.0,0.0,0.0,0.0,0.0,0.0,0.0,0.0,0.0,0.0,0.0,0.0,0.0,0.0,0.0,0.0,0.0,1.0,29.0,25.0,25.0,6.0,0.0,1.0,0.0,0.0,55.191,112.122,176.186,261.689,386.605,537.754,589.855,0.0,1.076,2.0060000000000002,3.2279999999999998,4.367,6.041,7.016,0.0,0.0,6.092,5.836612903225807,5.4873,5.155903225806451,5.656766666666667,6.355677419354839,7.061064516129032,7.6035,1.8955312658258372
MX10,14.562,1.551,2022,0.0,77.207,249.583,535.5649999999999,924.301,1286.425,1626.702,1782.828,0.0,0.0,0.109,0.109,18.585,22.226,90.899,214.73,280.341,0.0,0.0,-36.58557142857143,-158.28161290322583,-343.43756666666667,-534.440129032258,-713.6348999999999,-791.0306774193549,-804.59525,0.0,0.0,0.007785714285714286,0.0,0.6158666666666667,0.11745161290322581,2.2891,3.994548387096774,4.1006875,0.0,0.0,22352196.85714286,26316810.387096774,27856814.533333335,28786148.258064516,25576741.4,24092246.51612903,24014996.375,0.0,0.0,15.514785714285713,15.560516129032257,19.532733333333333,22.539870967741937,22.070800000000002,20.97667741935484,19.757875,0.0,0.0,24.327499999999997,25.42290322580645,28.575666666666667,31.06332258064516,29.0644,27.36125806451613,25.8335,0.0,0.0,7.149214285714286,6.7293548387096775,10.7111,13.574967741935485,15.716333333333333,15.510290322580646,14.670562499999999,0.0,0.0,0.0,0.0,0.0,0.0,0.0,0.0,0.0,0.0,0.0,0.0,0.0,0.0,0.0,0.0,0.0,0.0,0.0,0.0,14.0,31.0,27.0,30.0,16.0,12.0,3.0,0.0,21.216,85.946,154.21800000000002,222.954,298.391,404.705,504.731,0.0,0.526,1.553,2.3520000000000003,3.4080000000000004,4.597,6.1370000000000005,7.207,0.0,0.0,2.971571428571429,2.491516129032258,2.2441999999999998,2.006774193548387,3.1606,3.7903548387096775,4.3099375,0.0,2.8896294270698415
MX11,14.064,1.574,2022,0.0,87.731,368.156,713.033,1126.289,1449.7549999999999,1748.886,1984.703,0.0,0.0,0.525,1.371,10.571,17.348,89.383,277.594,410.007,0.0,0.0,-23.991500000000002,-129.31629032258064,-306.14756666666665,-488.208935483871,-633.4259,-658.7664193548387,-629.117576923077,0.0,0.0,0.052500000000000005,0.02729032258064516,0.30666666666666664,0.21861290322580645,2.4011666666666667,6.071322580645162,5.092807692307693,0.0,0.0,22861096.2,26054246.580645163,27194174.2,28112812.83870968,24127029.733333334,23517126.06451613,23167935.615384616,0.0,0.0,18.7731,19.04596774193548,21.4959,23.33083870967742,20.7822,19.64938709677419,19.069884615384616,0.0,0.0,27.4861,27.980806451612903,29.9665,31.45483870967742,27.939433333333334,26.565451612903225,25.349884615384614,0.0,0.0,10.5143,10.178709677419356,13.044133333333333,14.740806451612903,15.024933333333333,14.686838709677419,14.236153846153845,0.0,0.0,0.0,0.0,0.0,0.0,0.0,0.0,0.0,0.0,0.0,0.0,0.0,0.0,0.0,0.0,0.0,0.0,0.0,0.0,10.0,31.0,27.0,29.0,10.0,4.0,7.0,0.0,39.656,156.995,251.46699999999998,329.895,435.64,597.422,797.651,0.0,0.407,1.955,2.973,4.16,5.76,8.100999999999999,10.039,0.0,0.0,5.522,4.8514838709677415,4.1658333333333335,3.773290322580645,4.618366666666666,5.752096774193548,6.5916538461538465,0.0,5.616469068934186
MX12,13.381,1.455,2022,0.0,139.312,632.466,1151.328,1693.7740000000001,2133.56,2575.942,2903.729,0.0,0.0,0.265,1.412,11.791,29.133,232.90200000000002,481.44100000000003,643.952,0.0,0.0,-24.331,-129.9676129032258,-305.9017666666667,-485.47832258064517,-537.829,-451.7628387096774,-367.059375,0.0,0.0,0.029444444444444447,0.037,0.34596666666666664,0.5594193548387096,6.7923,8.017387096774193,6.7712916666666665,0.0,0.0,22910078.444444444,25231419.612903226,26626564.533333335,26631553.741935484,21935449.833333332,22549554.451612905,22091256.833333332,0.0,0.0,25.479111111111113,25.908193548387096,27.295399999999997,27.49825806451613,24.659533333333336,24.270387096774197,23.657791666666668,0.0,0.0,33.21677777777778,33.739387096774195,34.81643333333333,34.45541935483871,29.9992,29.026129032258062,28.058000000000003,0.0,0.0,18.60088888888889,18.59935483870968,20.262333333333334,20.79245161290323,20.573033333333335,20.48764516129032,20.059416666666667,0.0,0.0,0.0,0.0,0.0,0.0,0.0,0.0,0.0,0.0,0.0,0.0,0.0,13.0,11.0,0.0,0.0,0.0,0.0,0.0,9.0,31.0,26.0,23.0,0.0,1.0,1.0,0.0,31.91,120.151,201.044,290.71,428.37,621.427,850.253,0.0,0.349,1.653,2.625,4.001,6.328,9.299,11.641,0.0,0.0,5.515444444444444,4.968032258064516,4.436933333333333,4.288290322580646,6.636333333333334,7.67441935483871,8.282708333333334,0.0,2.4408357439321517
MX13,14.796,1.464,2022,0.0,13.017,201.36,449.561,738.983,947.932,1169.285,1383.313,1409.299,0.0,1.137,6.965,25.637,45.151,129.563,201.561,309.169,324.403,0.0,-8.566,-88.47570967741935,-241.62106666666665,-389.7378387096774,-505.8303666666667,-563.4987096774194,-617.5426774193548,-624.22275,0.0,0.28425,0.188,0.6224000000000001,0.6294838709677419,2.8137333333333334,2.322516129032258,3.471225806451613,3.8084999999999996,0.0,22156813.5,25335502.387096774,26030765.666666668,28216633.419354837,23936818.266666666,24147346.93548387,23094744.451612905,18813001.75,0.0,13.254249999999999,16.059,18.273366666666668,19.336193548387097,16.964966666666665,17.14041935483871,16.904129032258066,16.4965,0.0,20.9165,24.88783870967742,26.218666666666664,27.351225806451612,23.40556666666667,23.347290322580644,22.731161290322582,21.045749999999998,0.0,7.692,8.090225806451613,11.178266666666667,11.880999999999998,11.946466666666668,12.413096774193548,12.277,12.63275,0.0,0.0,0.0,0.0,0.0,0.0,0.0,0.0,0.0,0.0,0.0,0.0,0.0,0.0,0.0,0.0,0.0,0.0,0.0,4.0,31.0,23.0,25.0,10.0,10.0,9.0,1.0,0.0,94.748,186.389,286.98699999999997,405.622,544.302,696.49,749.807,0.358,1.737,2.769,4.233,6.069,8.033,10.168,0.0,0.0,4.2997499999999995,3.9323225806451614,3.672366666666667,3.4216129032258067,4.216266666666667,4.666774193548387,4.907903225806452,5.0432500000000005,3.4991945039496897
MX14,14.163,1.49,2022,0.0,114.867,407.621,760.729,1180.775,1518.335,1834.799,2033.978,0.0,0.0,0.467,0.658,5.552,13.847,147.762,401.018,551.854,0.0,0.0,-29.062083333333334,-139.65945161290324,-319.41290000000004,-507.207935483871,-616.5612333333333,-570.8878387096775,-484.4094761904762,0.0,0.0,0.03891666666666667,0.006161290322580645,0.16313333333333332,0.2675806451612903,4.463833333333333,8.169548387096775,7.182666666666666,0.0,0.0,22582800.5,26152894.0,27762651.066666666,27931834.322580647,23186156.733333334,22543138.903225806,21505384.95238095,0.0,0.0,19.57225,19.443677419354838,21.770266666666664,23.54987096774194,21.252,20.208516129032255,19.484714285714286,0.0,0.0,27.92975,28.238064516129032,30.28823333333333,31.73835483870968,28.0688,26.56283870967742,25.32957142857143,0.0,0.0,11.372166666666667,10.903161290322581,13.389033333333334,15.393967741935485,16.147333333333332,15.82567741935484,15.468142857142858,0.0,0.0,0.0,0.0,0.0,0.0,0.0,0.0,0.0,0.0,0.0,0.0,0.0,0.0,0.0,0.0,0.0,0.0,0.0,0.0,12.0,31.0,29.0,28.0,4.0,2.0,0.0,0.0,29.92,114.354,189.135,260.946,359.266,516.484,722.899,0.0,0.651,1.8519999999999999,2.706,3.835,5.366,7.825,9.99,0.0,0.0,4.285666666666667,3.774290322580645,3.3609,3.162677419354839,4.457233333333334,5.523322580645162,6.081095238095238,0.0,7.239267643185523
MX15,15.248,1.372,2022,0.0,16.085,171.593,367.776,597.035,757.494,914.437,1059.75,0.0,0.0,0.311,8.506,51.007999999999996,84.31,266.252,516.457,780.081,0.0,0.0,-9.754,-87.72093548387097,-226.76503333333332,-346.349935483871,-391.45790000000005,-294.96216129032257,-163.7636129032258,0.0,0.0,0.07775,0.2643548387096774,1.4167333333333332,1.074258064516129,6.064733333333334,8.071129032258064,8.504000000000001,0.0,0.0,23032934.5,25905724.580645163,26122801.466666665,27463218.64516129,22690162.266666666,22295986.903225806,21340633.93548387,0.0,0.0,14.02125,15.016387096774192,16.53943333333333,17.395451612903226,15.348633333333334,15.062677419354838,14.687516129032257,0.0,0.0,21.964750000000002,23.27348387096774,23.956466666666664,24.655516129032257,21.224800000000002,20.56709677419355,19.910064516129033,0.0,0.0,6.76025,7.078,9.247066666666665,10.032774193548388,10.4519,10.72341935483871,10.38567741935484,0.0,0.0,0.0,0.0,0.0,0.0,0.0,0.0,0.0,0.0,0.0,0.0,0.0,0.0,0.0,0.0,0.0,0.0,0.0,0.0,4.0,28.0,18.0,22.0,3.0,0.0,0.0,0.0,0.0,65.257,132.88,211.298,317.831,471.327,656.246,0.0,0.288,1.405,2.292,3.57,5.279,7.616,10.236,0.0,0.0,5.437,5.086193548387096,4.7455333333333325,4.436129032258065,5.238366666666667,6.016129032258065,6.807064516129032,0.0,2.40311663092678
MX16,14.622,1.507,2022,0.0,101.04599999999999,386.596,729.694,1121.238,1418.457,1692.292,1903.943,0.0,0.0,2.8649999999999998,4.859,12.055,29.665999999999997,200.625,488.063,670.404,0.0,0.0,-24.521727272727276,-126.02116129032258,-295.88553333333334,-467.97151612903224,-542.3021,-433.5141612903226,-313.83832,0.0,0.0,0.26045454545454544,0.06432258064516129,0.23986666666666664,0.5680967741935484,5.698633333333333,9.272193548387097,7.29364,0.0,0.0,22290230.363636363,25855161.93548387,27101691.6,27436788.258064516,22274100.533333335,21468772.032258064,21131471.68,0.0,0.0,19.186,19.211290322580645,21.4366,22.630451612903226,19.907300000000003,18.833387096774196,18.46604,0.0,0.0,27.53354545454545,27.896225806451614,29.5872,30.471129032258066,26.282266666666665,24.71216129032258,24.061239999999998,0.0,0.0,11.438,10.888225806451613,13.3861,14.78458064516129,15.137033333333333,14.826709677419354,14.459359999999998,0.0,0.0,0.0,0.0,0.0,0.0,0.0,0.0,0.0,0.0,0.0,0.0,0.0,0.0,0.0,0.0,0.0,0.0,0.0,0.0,10.0,30.0,28.0,25.0,4.0,1.0,0.0,0.0,35.958,141.251,231.651,315.457,440.242,630.963,854.091,0.0,0.804,2.308,3.3360000000000003,4.655,6.695,9.662,11.968,0.0,0.0,5.089181818181818,4.436967741935484,3.8016666666666667,3.520741935483871,4.888000000000001,5.9595161290322585,6.83836,0.0,4.596400200237511
MX17,13.863,1.454,2022,0.0,50.313,487.461,954.697,1451.479,1844.159,2239.873,2608.814,0.0,0.0,0.011,3.6300000000000003,44.037,84.345,278.044,521.579,871.452,0.0,0.0,-12.9155,-106.10993548387097,-270.2099333333333,-412.53780645161294,-444.8718666666667,-388.1621935483871,-264.17493548387097,0.0,0.0,0.00275,0.11674193548387098,1.3469,1.300258064516129,6.4566333333333334,7.855967741935483,11.286225806451613,0.0,0.0,23742573.5,25186921.80645161,25478226.533333335,26220267.677419353,22806126.4,23916571.35483871,22352674.70967742,0.0,0.0,22.57825,24.101548387096773,25.57453333333333,26.025225806451616,23.089333333333332,22.764967741935486,21.90132258064516,0.0,0.0,30.3945,31.499322580645163,32.55773333333333,32.70225806451613,28.9395,28.240709677419353,26.760806451612904,0.0,0.0,15.04675,16.148870967741935,18.251033333333332,18.80325806451613,18.129933333333334,18.020129032258065,17.56525806451613,0.0,0.0,0.0,0.0,0.0,0.0,0.0,0.0,0.0,0.0,0.0,0.0,0.0,0.0,1.0,0.0,0.0,0.0,0.0,0.0,4.0,29.0,20.0,20.0,2.0,2.0,2.0,0.0,0.0,72.886,142.44,215.849,315.021,465.338,668.117,0.0,0.299,1.4609999999999999,2.359,3.588,5.346,7.796,10.686,0.0,0.0,5.9350000000000005,5.424161290322581,4.9444333333333335,4.631161290322581,6.569366666666666,8.147741935483872,8.682967741935485,0.0,4.700013319632693
MX18,13.732,1.443,2022,0.0,135.382,458.10699999999997,828.545,1257.895,1685.0339999999999,2117.823,2453.802,0.0,0.0,0.117,0.14,2.441,4.653,194.007,480.574,695.758,0.0,0.0,-28.078833333333332,-129.72696774193548,-288.72726666666665,-464.2708709677419,-564.8489333333333,-422.7799677419355,-286.81512,0.0,0.0,0.00975,0.0007419354838709677,0.0767,0.07135483870967743,6.3118,9.24409677419355,8.60736,0.0,0.0,22487917.833333332,25694651.29032258,27511354.066666666,28061337.870967742,21300645.166666668,20070500.0,19710559.12,0.0,0.0,21.281833333333335,20.41048387096774,22.347933333333334,23.85,24.23796666666667,23.960935483870966,23.43916,0.0,0.0,29.8565,29.638258064516126,30.9861,32.00751612903226,30.61916666666667,29.388032258064516,28.47356,0.0,0.0,14.011333333333333,13.05441935483871,15.1931,17.262645161290326,20.0242,20.608322580645158,20.389760000000003,0.0,0.0,0.0,0.0,0.0,0.0,0.0,0.0,0.0,0.0,0.0,0.0,0.0,0.0,1.0,0.0,0.0,0.0,0.0,0.0,12.0,31.0,30.0,31.0,10.0,1.0,0.0,0.0,39.336,144.77499999999998,234.837,319.074,425.683,586.376,783.312,0.0,0.896,2.468,3.526,4.905,6.5649999999999995,9.294,11.465,0.0,0.0,3.4598333333333335,3.1799677419354837,2.993466666666667,2.809516129032258,4.0465333333333335,5.130677419354838,5.499639999999999,0.0,4.607377308024349
MX19,12.117,1.486,2022,0.0,84.706,343.919,722.186,1198.452,1649.676,2142.749,2499.049,0.0,0.0,1.9269999999999998,3.317,48.978,82.053,108.761,138.057,181.562,0.0,0.0,-33.83733333333333,-141.00864516129033,-311.45903333333337,-457.06719354838714,-638.1360333333333,-817.7886129032258,-969.4461739130435,0.0,0.0,0.12846666666666665,0.04483870967741936,1.5220333333333333,1.0669354838709677,0.8902666666666667,0.9450322580645161,1.8915217391304349,0.0,0.0,19638059.6,23341596.258064516,24151159.2,26046044.774193548,25909461.866666667,25393277.80645161,23894541.304347824,0.0,0.0,15.647066666666666,18.361709677419352,22.608900000000002,25.363419354838708,25.0408,25.90558064516129,25.491304347826084,0.0,0.0,23.428533333333334,26.721741935483873,29.8885,32.553483870967746,31.980233333333334,32.87809677419355,32.054478260869566,0.0,0.0,8.900466666666667,10.814645161290324,16.383066666666668,19.10690322580645,19.3095,20.16690322580645,20.252434782608695,0.0,0.0,0.0,0.0,0.0,0.0,0.0,0.0,0.0,0.0,0.0,0.0,0.0,0.0,2.0,2.0,1.0,0.0,0.0,0.0,15.0,31.0,20.0,28.0,22.0,22.0,13.0,0.0,22.828,90.67099999999999,163.437,241.843,321.087,403.127,496.372,0.0,0.618,1.7839999999999998,2.735,4.048,5.337,6.624,7.644,0.0,0.0,3.6250666666666667,3.049516129032258,3.1242666666666667,3.3248709677419352,3.1757666666666666,3.171774193548387,3.501,0.0,1.3759007668298902
MX20,13.078,1.416,2022,0.0,163.998,559.122,1018.692,1514.969,1933.404,2380.897,2550.97,0.0,0.0,9.144,24.86,45.579,142.764,444.743,655.062,707.959,0.0,0.0,-29.769714285714286,-119.01064516129033,-265.44736666666665,-404.4724838709678,-319.97549999999995,-186.94303225806453,-166.51391666666666,0.0,0.0,0.6531428571428571,0.5069677419354839,0.6906333333333333,3.1350000000000002,10.065966666666666,6.784483870967742,4.408083333333333,0.0,0.0,20584074.5,22587119.83870968,24387817.933333334,23903439.451612905,20409942.066666666,22051377.322580647,22083373.333333332,0.0,0.0,21.714142857142857,22.74593548387097,25.319000000000003,26.008935483870967,23.94783333333333,24.435258064516127,24.172749999999997,0.0,0.0,28.128357142857144,29.331290322580646,31.738699999999998,31.99258064516129,28.756066666666666,29.31067741935484,28.979333333333333,0.0,0.0,16.443714285714286,17.138387096774192,19.607966666666666,20.709225806451613,20.264,20.728548387096776,20.294833333333333,0.0,0.0,0.0,0.0,0.0,0.0,0.0,0.0,0.0,0.0,0.0,0.0,0.0,0.0,0.0,0.0,0.0,0.0,0.0,0.0,10.0,26.0,24.0,19.0,4.0,4.0,1.0,0.0,38.248,143.281,238.612,341.63,478.943,645.345,762.211,0.0,0.954,2.688,3.905,5.625,8.105,10.559,11.223,0.0,0.0,6.4750000000000005,6.11583870967742,5.675533333333333,5.517354838709678,7.009733333333333,7.325677419354839,7.4004166666666675,0.0,1.0635641586175046
MX21,14.354,1.463,2022,0.0,63.13000000000001,317.522,605.465,921.773,1181.033,1453.096,1652.251,0.0,0.0,0.358,12.794,63.32,108.277,205.585,307.822,443.746,0.0,0.0,-23.847333333333335,-117.76438709677419,-258.05546666666663,-376.0765806451613,-452.41836666666666,-503.8403870967742,-520.33896,0.0,0.0,0.03977777777777777,0.40116129032258063,1.6842000000000001,1.450225806451613,3.2436,3.2979677419354836,5.43696,0.0,0.0,24106461.777777776,25130705.48387097,25250180.533333335,26293348.451612905,23357954.033333335,24168410.903225806,23252072.6,0.0,0.0,17.014444444444443,18.2061935483871,19.5981,20.20348387096774,18.642,18.776225806451613,17.9662,0.0,0.0,25.58288888888889,26.002193548387098,26.831799999999998,27.445967741935487,24.955366666666666,25.214806451612905,23.944360000000003,0.0,0.0,9.01,10.25141935483871,12.412333333333333,12.972,13.172733333333333,13.247806451612904,12.76664,0.0,0.0,0.0,0.0,0.0,0.0,0.0,0.0,0.0,0.0,0.0,0.0,0.0,0.0,0.0,0.0,0.0,0.0,0.0,0.0,9.0,29.0,15.0,19.0,6.0,7.0,5.0,0.0,23.186,89.008,155.089,226.564,312.282,427.503,580.225,0.0,0.282,1.376,2.25,3.487,5.019,6.886,8.536,0.0,0.0,4.795,4.484774193548387,4.3228333333333335,4.018064516129033,5.028666666666667,5.661870967741936,6.1596,0.0,1.4757332783363248
MX22,14.798,1.473,2022,0.0,47.967999999999996,285.081,584.735,935.885,1197.45,1470.419,1725.112,0.0,0.0,0.258,1.491,14.593,33.453,76.981,143.698,268.673,0.0,0.0,-18.772142857142857,-119.05061290322581,-296.65153333333336,-468.8922580645161,-620.2269333333334,-722.7727096774194,-782.7459677419355,0.0,0.0,0.03685714285714286,0.0397741935483871,0.43673333333333336,0.6083870967741936,1.4509333333333332,2.1521612903225806,4.031451612903226,0.0,0.0,23347488.0,25921010.258064516,26753573.866666667,28318657.225806452,24142834.8,24091721.548387095,23268600.258064516,0.0,0.0,16.85257142857143,17.648806451612906,19.988466666666667,21.32741935483871,18.718833333333336,18.805451612903223,18.21590322580645,0.0,0.0,25.77285714285714,26.618935483870967,28.3928,29.423870967741934,25.771633333333334,25.766903225806452,24.350483870967743,0.0,0.0,9.303857142857142,8.956032258064516,12.083566666666666,13.382709677419355,13.178766666666666,13.553225806451612,13.250451612903227,0.0,0.0,0.0,0.0,0.0,0.0,0.0,0.0,0.0,0.0,0.0,0.0,0.0,0.0,0.0,0.0,0.0,0.0,0.0,0.0,7.0,31.0,24.0,28.0,18.0,16.0,13.0,0.0,0.0,96.378,179.539,260.095,358.565,487.585,646.726,0.0,0.344,1.6480000000000001,2.563,3.776,5.251,7.106,9.308,0.0,0.0,5.724571428571429,5.211193548387096,4.4875,4.081064516129032,4.996033333333333,5.911225806451613,6.456645161290322,0.0,3.387971124159155
MX23,13.957,1.382,2022,0.0,59.6,553.735,1066.722,1615.818,2116.739,2642.13,2952.637,0.0,0.0,4.056,26.383,78.108,219.859,396.968,490.341,593.275,0.0,0.0,-7.62575,-77.6503870967742,-216.74423333333334,-324.041064516129,-247.8478,-279.51329032258064,-289.3901578947369,0.0,0.0,1.014,0.7202258064516129,1.7241666666666666,4.5726129032258065,5.903633333333333,3.0120322580645165,5.417578947368421,0.0,0.0,18171459.0,19452794.16129032,21627208.833333332,20546526.048387095,20579313.133333333,21282063.35483871,19317776.05263158,0.0,0.0,24.9,25.93983870967742,27.099566666666664,27.712774193548388,26.697366666666667,26.948096774193548,26.34247368421053,0.0,0.0,30.122,31.403322580645163,32.7707,32.74164516129032,30.92953333333333,31.221709677419355,30.323105263157895,0.0,0.0,20.8525,21.69641935483871,22.932266666666667,23.978225806451615,23.747933333333332,24.019645161290324,23.623473684210527,0.0,0.0,0.0,0.0,0.0,0.0,0.0,0.0,0.0,0.0,0.0,0.0,0.0,0.0,2.0,0.0,0.0,0.0,0.0,0.0,2.0,23.0,19.0,16.0,9.0,7.0,2.0,0.0,0.0,190.612,340.302,481.323,653.474,869.355,1029.657,0.0,0.669,3.045,4.852,7.402,9.576,12.561,14.143,0.0,0.0,5.6754999999999995,5.526935483870968,5.5056,5.630935483870967,6.4088666666666665,5.848064516129032,6.282894736842105,0.0,0.9665499077697056
MX24,12.983,1.469,2022,0.0,115.947,418.634,826.097,1320.981,1735.512,2176.292,2545.513,0.0,0.0,6.2250000000000005,11.575000000000001,47.887,71.22200000000001,152.782,216.363,283.742,0.0,0.0,-30.054,-129.16248387096775,-301.9291,-450.41848387096775,-595.9244666666667,-696.451870967742,-786.5900769230769,0.0,0.0,0.4446428571428572,0.17258064516129032,1.2104,0.752741935483871,2.7186666666666666,2.051,2.5915000000000004,0.0,0.0,19415905.5,23623163.741935484,25113747.066666666,26498889.419354837,24910994.733333334,24890999.80645161,24219519.03846154,0.0,0.0,18.281928571428573,19.76409677419355,23.5821,25.964000000000002,23.8177,24.218709677419355,24.20080769230769,0.0,0.0,25.350714285714286,27.782129032258062,31.14176666666667,33.12845161290323,29.9534,30.18867741935484,29.851423076923076,0.0,0.0,12.019428571428572,12.416258064516128,16.959,19.505548387096773,18.9071,19.491225806451613,19.556884615384615,0.0,0.0,0.0,0.0,0.0,0.0,0.0,0.0,0.0,0.0,0.0,0.0,0.0,0.0,4.0,1.0,0.0,0.0,0.0,0.0,12.0,30.0,24.0,24.0,13.0,11.0,12.0,0.0,29.024,111.511,194.921,286.773,387.621,498.686,619.208,0.0,0.721,2.059,3.052,4.525,6.133,7.758,9.138,0.0,0.0,4.132857142857143,3.528161290322581,3.3623666666666665,3.3599032258064514,3.957533333333333,4.128161290322581,4.337769230769231,0.0,1.0101050193648613
MX25,14.331,1.562,2022,0.0,107.612,397.152,777.671,1236.891,1769.682,2362.859,2756.612,0.0,0.0,0.204,0.238,0.433,0.5,17.119,84.176,227.852,0.0,0.0,-26.9405,-128.19290322580645,-286.5222333333333,-468.26599999999996,-649.8895,-786.9639032258065,-810.939909090909,0.0,0.0,0.016999999999999998,0.0010967741935483872,0.006500000000000001,0.002161290322580645,0.5539666666666666,2.1631290322580647,6.5307272727272725,0.0,0.0,20615339.5,24910056.83870968,26983584.0,28323760.580645163,25034445.4,22317386.451612905,19471430.227272727,0.0,0.0,18.967666666666666,19.34,22.683966666666667,24.813548387096777,27.759700000000002,29.13474193548387,27.89786363636364,0.0,0.0,27.3385,28.49187096774194,30.520433333333337,31.961548387096773,33.10863333333334,33.898419354838715,32.025,0.0,0.0,12.076916666666667,11.67132258064516,15.799866666666667,18.589225806451612,23.388266666666667,25.360387096774193,24.654181818181822,0.0,0.0,0.0,0.0,0.0,0.0,0.0,0.0,0.0,0.0,0.0,0.0,0.0,0.0,1.0,3.0,5.0,0.0,0.0,0.0,12.0,31.0,30.0,31.0,24.0,19.0,3.0,0.0,65.556,250.389,403.319,516.223,598.518,678.254,779.6,0.0,1.23,3.477,4.924,6.386,7.612,8.937,10.295,0.0,0.0,2.951166666666667,2.528709677419355,2.1729,1.848774193548387,2.4378666666666664,3.8659032258064516,4.978681818181818,0.0,11.694756523920669
MX26,13.998,1.527,2022,0.0,64.583,316.322,683.73,1156.249,1718.609,2311.195,2681.351,0.0,0.0,0.275,0.538,0.613,0.627,17.81,104.845,215.022,0.0,0.0,-23.378,-119.50419354838711,-286.5754,-484.9603225806452,-690.2051666666666,-827.390935483871,-871.6051904761904,0.0,0.0,0.025,0.008483870967741936,0.0025,0.0004516129032258065,0.5727666666666666,2.8075806451612904,5.24652380952381,0.0,0.0,21042206.181818184,24353431.16129032,27621562.333333332,29365841.870967742,26930716.533333335,22855202.387096774,20325539.904761903,0.0,0.0,15.871181818181817,18.12061290322581,22.246933333333335,25.242548387096775,28.745333333333335,29.11567741935484,27.626476190476193,0.0,0.0,24.276818181818182,27.089225806451612,30.531499999999998,33.25812903225806,34.70726666666667,34.26690322580645,32.08304761904762,0.0,0.0,8.813818181818181,10.272225806451614,14.4955,17.598709677419354,23.376966666666664,24.80167741935484,24.08204761904762,0.0,0.0,0.0,0.0,0.0,0.0,0.0,0.0,0.0,0.0,0.0,0.0,0.0,0.0,7.0,13.0,10.0,1.0,0.0,0.0,11.0,31.0,30.0,31.0,23.0,16.0,7.0,0.0,62.769,243.225,376.81600000000003,461.713,535.474,635.125,780.949,0.0,1.156,3.34,4.488,5.57,6.648,8.124,9.786,0.0,0.0,2.206090909090909,1.6889032258064516,1.2103666666666666,0.8231612903225807,1.2176333333333331,3.0199354838709676,4.2299999999999995,0.0,10.542731852909402
MX27,13.379,1.407,2022,20.836000000000002,394.198,881.7529999999999,1428.793,2034.629,2539.979,2844.376,0.0,0.0,0.088,130.20999999999998,192.77599999999998,300.225,427.037,646.866,687.362,0.0,0.0,-5.2044999999999995,39.0825,-21.077483870967736,-113.57443333333332,-218.24535483870966,-152.8751,-148.87117647058824,0.0,0.0,0.044,4.647214285714285,2.0182580645161288,3.5816333333333334,4.090709677419355,7.327633333333334,2.3821176470588235,0.0,0.0,18463534.0,15896568.125,20190070.903225806,23483056.333333332,23307192.64516129,20606149.733333334,22516086.70588235,0.0,0.0,20.418,23.33435714285714,25.72758064516129,28.234666666666666,29.54309677419355,26.845000000000002,27.90570588235294,0.0,0.0,25.7775,27.81085714285714,30.869387096774194,33.84523333333333,35.209774193548384,31.513166666666667,32.62011764705883,0.0,0.0,16.116,19.973535714285713,21.495483870967742,23.386666666666667,24.76345161290323,23.654133333333334,24.291823529411765,0.0,0.0,0.0,0.0,0.0,0.0,0.0,0.0,0.0,0.0,0.0,0.0,0.0,4.0,9.0,18.0,0.0,0.0,0.0,0.0,2.0,15.0,24.0,23.0,21.0,7.0,8.0,0.0,0.0,172.957,339.854,502.585,664.673,838.979,961.442,0.0,0.0,2.918,5.693,7.693,10.34,13.305,14.792,0.0,0.0,6.3185,6.476285714285715,5.879290322580646,5.3839,4.985387096774193,6.2527333333333335,5.853588235294118,0.0,0.0,1.3170807674142064
MX28,14.207,1.556,2022,0.0,113.956,468.994,958.1560000000001,1540.023,2101.5570000000002,2711.829,3239.2690000000002,0.0,0.0,4.289,8.24,53.269,71.985,132.013,174.7,231.994,0.0,0.0,-28.680615384615386,-121.14632258064516,-292.0028333333333,-440.972064516129,-613.0956,-769.2559677419355,-910.0443703703704,0.0,0.0,0.3299230769230769,0.12745161290322582,1.5009666666666668,0.603741935483871,2.0009333333333332,1.377,2.1220000000000003,0.0,0.0,16551101.692307692,21479525.129032258,22749959.5,24761479.225806452,24978936.8,25142331.93548387,23605041.48148148,0.0,0.0,18.76584615384615,21.45283870967742,26.305400000000002,28.769903225806452,28.7178,29.6861935483871,29.534814814814812,0.0,0.0,24.945,28.485129032258065,32.601366666666664,34.800419354838716,34.5493,35.50716129032258,35.12448148148148,0.0,0.0,13.940538461538463,15.234677419354838,21.565099999999997,24.091032258064516,24.127266666666667,25.045354838709677,25.23051851851852,0.0,0.0,0.0,0.0,0.0,0.0,0.0,0.0,0.0,0.0,0.0,0.0,1.0,5.0,13.0,10.0,22.0,17.0,0.0,0.0,12.0,30.0,24.0,24.0,13.0,17.0,12.0,0.0,27.382,110.316,212.779,335.03200000000004,447.877,543.524,634.982,0.0,0.747,2.169,3.428,5.394,7.151,8.728,9.908,0.0,0.0,4.351153846153846,3.8873870967741935,3.790833333333333,4.053322580645162,4.011333333333334,3.7878709677419353,4.161,0.0,4.005651383557213
MX29,14.565,1.42,2022,0.0,28.108999999999998,167.12199999999999,340.801,541.888,698.374,861.801,982.81,0.0,0.0,0.16599999999999998,17.688,76.155,123.68299999999999,211.656,305.673,419.008,0.0,0.0,-20.127875,-101.26022580645161,-218.07513333333333,-323.0950322580645,-404.5039666666667,-447.28793548387097,-461.2222307692308,0.0,0.0,0.020749999999999998,0.5652258064516128,1.9488999999999999,1.5331612903225806,2.9324333333333334,3.032806451612903,4.359038461538462,0.0,0.0,24234559.75,25233989.16129032,25205030.333333332,26764925.870967742,23967324.666666668,24097358.032258064,23394097.230769232,0.0,0.0,13.513625,14.484290322580645,15.789299999999999,16.486677419354837,15.216199999999999,15.27183870967742,14.654192307692309,0.0,0.0,21.980625,22.678580645161293,23.271066666666666,24.139225806451613,21.7898,21.884032258064515,20.942692307692308,0.0,0.0,5.958875,6.660838709677419,8.804533333333334,9.318741935483873,9.7201,9.850451612903225,9.401576923076924,0.0,0.0,0.0,0.0,0.0,0.0,0.0,0.0,0.0,0.0,0.0,0.0,0.0,0.0,0.0,0.0,0.0,0.0,0.0,0.0,8.0,25.0,12.0,18.0,13.0,6.0,7.0,0.0,20.086,77.471,135.403,198.097,279.266,401.791,563.65,0.0,0.259,1.263,2.073,3.19,4.523,6.417,8.004,0.0,0.0,4.62425,4.447451612903226,4.377533333333333,4.0651935483870965,4.6155,5.062354838709677,5.505461538461538,0.0,2.332192656483787
MX30,13.799,1.425,2022,0.0,224.369,629.947,1130.503,1693.042,2177.303,2687.265,2785.136,0.0,0.0,17.33,32.938,62.777,113.766,394.694,620.921,645.27,0.0,0.0,-25.914047619047622,-113.81512903225807,-254.72773333333333,-388.64948387096774,-377.4130666666667,-262.48106451612904,-216.7825,0.0,0.0,0.8252380952380951,0.5034838709677419,0.9946333333333333,1.6448064516129033,9.364266666666667,7.297645161290323,4.058166666666667,0.0,0.0,16161214.404761905,20515678.80645161,23089990.266666666,24039593.451612905,21129424.9,22133549.06451613,22913647.0,0.0,0.0,20.684238095238097,23.08316129032258,26.685200000000002,28.14641935483871,26.142033333333334,26.450387096774193,26.311833333333336,0.0,0.0,25.980428571428575,29.316451612903226,32.98996666666667,34.161,31.061066666666665,31.150129032258064,30.78833333333333,0.0,0.0,16.70795238095238,18.13132258064516,21.5945,23.163354838709676,22.378866666666667,22.819741935483872,22.204333333333334,0.0,0.0,0.0,0.0,0.0,0.0,0.0,0.0,0.0,0.0,0.0,0.0,1.0,7.0,10.0,0.0,0.0,0.0,0.0,0.0,14.0,26.0,26.0,20.0,5.0,4.0,2.0,0.0,77.267,180.06,276.608,384.325,526.471,700.784,761.193,0.0,1.529,3.313,4.6,6.404,8.934,11.725999999999999,12.411,0.0,0.0,6.826714285714285,6.406741935483871,5.9671666666666665,5.776096774193548,6.9589,7.238967741935484,7.366333333333333,0.0,1.802568210770663
MX31,14.116,1.364,2022,0.0,0.0,421.72700000000003,929.937,1477.627,1988.4470000000001,2532.02,3054.94,3120.619,0.0,0.0,14.101,42.706,116.056,215.85,309.663,443.17900000000003,456.933,0.0,0.0,-62.968888888888884,-217.70553333333334,-369.15329032258063,-409.9012,-485.6251935483871,-531.1280967741936,-527.0844999999999,0.0,0.0,0.5222592592592593,0.9535,2.366129032258064,3.3264666666666667,3.0262258064516128,4.306967741935484,3.4385,0.0,0.0,19985318.37037037,22498609.966666665,22071676.16129032,21887888.133333333,22130996.677419353,21259070.967741936,18978699.5,0.0,0.0,25.619518518518518,26.940333333333335,27.66741935483871,27.027333333333335,27.534612903225806,26.868387096774192,26.41975,0.0,0.0,31.83862962962963,33.4589,33.669709677419355,32.139133333333334,32.942903225806454,32.24693548387096,30.88675,0.0,0.0,20.875037037037036,22.162166666666668,23.11132258064516,23.454366666666665,23.734258064516126,23.533677419354838,23.66825,0.0,0.0,0.0,0.0,0.0,0.0,0.0,0.0,0.0,0.0,0.0,0.0,4.0,5.0,0.0,1.0,0.0,0.0,0.0,0.0,24.0,22.0,20.0,16.0,17.0,7.0,0.0,0.0,134.03300000000002,327.095,507.825,686.939,872.887,1071.963,1141.164,0.0,2.708,4.614,7.282,10.351,13.389,16.657,0.0,0.0,0.0,5.243925925925926,4.828666666666667,4.809967741935484,5.579566666666667,5.107774193548387,5.533548387096774,5.794,1.6432073280245798
MX32,13.261,1.5,2022,0.0,96.78200000000001,318.894,618.042,1000.73,1317.631,1620.386,1781.534,0.0,0.0,0.032,0.044,10.826,20.637999999999998,105.169,282.794,395.986,0.0,0.0,-32.50376923076923,-148.73190322580646,-332.2629666666666,-520.128,-666.1291,-700.2971612903226,-682.2397777777778,0.0,0.0,0.0024615384615384616,0.0003870967741935484,0.3594,0.31651612903225806,2.8177000000000003,5.729838709677419,6.288444444444445,0.0,0.0,22680930.769230768,26261985.548387095,27873610.0,28540168.774193548,24947187.466666665,24354032.903225806,22978222.388888888,0.0,0.0,17.444769230769232,17.16490322580645,19.971600000000002,22.344774193548385,20.563366666666663,19.766290322580645,18.95266666666667,0.0,0.0,25.129846153846152,25.53548387096774,28.08986666666667,30.126322580645162,27.2149,26.15509677419355,24.78972222222222,0.0,0.0,9.371384615384615,9.074548387096774,11.735133333333332,14.011258064516129,14.842366666666667,14.708580645161291,14.30788888888889,0.0,0.0,0.0,0.0,0.0,0.0,0.0,0.0,0.0,0.0,0.0,0.0,0.0,0.0,0.0,0.0,0.0,0.0,0.0,0.0,13.0,31.0,28.0,29.0,12.0,3.0,3.0,0.0,23.072,89.07900000000001,153.594,219.431,298.38,413.612,516.71,0.0,0.537,1.542,2.293,3.315,4.4830000000000005,6.192,7.258,0.0,0.0,3.464769230769231,2.921258064516129,2.6843333333333335,2.4853870967741933,3.3530333333333333,4.327806451612903,4.757611111111111,0.0,2.8719075533763974
